image_id,source,path,1_maturity_evaluation,2_foliar_disease,3_trunk_disease,4_crown_disease,5_petiole,label_basis
010_jpg.rf.0bceb2935b70017af4f5c8f966af09ab,coconut-veirf-v5/train,Dataset/coconut-veirf-v5/train/images/010_jpg.rf.0bceb2935b70017af4f5c8f966af09ab.jpg,,,,,,maturity=correctness(dry/green/tender)
010_jpg.rf.438e09acddb8e73d2bbce4e8dbe080a3,coconut-veirf-v5/train,Dataset/coconut-veirf-v5/train/images/010_jpg.rf.438e09acddb8e73d2bbce4e8dbe080a3.jpg,,,,,,maturity=correctness(dry/green/tender)
010_jpg.rf.bc166106b70d5c7392f13edb897b33fe,coconut-veirf-v5/train,Dataset/coconut-veirf-v5/train/images/010_jpg.rf.bc166106b70d5c7392f13edb897b33fe.jpg,,,,,,maturity=correctness(dry/green/tender)
015_jpg.rf.0696ae9f97d9a7e8f642fd504e1dfccc,coconut-veirf-v5/train,Dataset/coconut-veirf-v5/train/images/015_jpg.rf.0696ae9f97d9a7e8f642fd504e1dfccc.jpg,,,,,,maturity=correctness(dry/green/tender)
015_jpg.rf.cfbcf01b383875e14bf9c7bb8921fe08,coconut-veirf-v5/train,Dataset/coconut-veirf-v5/train/images/015_jpg.rf.cfbcf01b383875e14bf9c7bb8921fe08.jpg,,,,,,maturity=correctness(dry/green/tender)
015_jpg.rf.f0fe9af2487360f5ade10db38a21e87a,coconut-veirf-v5/train,Dataset/coconut-veirf-v5/train/images/015_jpg.rf.f0fe9af2487360f5ade10db38a21e87a.jpg,,,,,,maturity=correctness(dry/green/tender)
016_jpg.rf.1c75e3c14cf0b3190250b33769414d95,coconut-veirf-v5/train,Dataset/coconut-veirf-v5/train/images/016_jpg.rf.1c75e3c14cf0b3190250b33769414d95.jpg,,,,,,maturity=correctness(dry/green/tender)
016_jpg.rf.c307f930336c424f57b36d40e9eb758a,coconut-veirf-v5/train,Dataset/coconut-veirf-v5/train/images/016_jpg.rf.c307f930336c424f57b36d40e9eb758a.jpg,,,,,,maturity=correctness(dry/green/tender)
016_jpg.rf.e7e5eb3b47416c3c4ee2fb3aafe53aca,coconut-veirf-v5/train,Dataset/coconut-veirf-v5/train/images/016_jpg.rf.e7e5eb3b47416c3c4ee2fb3aafe53aca.jpg,,,,,,maturity=correctness(dry/green/tender)
017_jpg.rf.56ee43ce0abdf695f5f4be4def2c97a1,coconut-veirf-v5/train,Dataset/coconut-veirf-v5/train/images/017_jpg.rf.56ee43ce0abdf695f5f4be4def2c97a1.jpg,,,,,,maturity=correctness(dry/green/tender)
017_jpg.rf.744a099317cd7c34727ec5f74e028f51,coconut-veirf-v5/train,Dataset/coconut-veirf-v5/train/images/017_jpg.rf.744a099317cd7c34727ec5f74e028f51.jpg,,,,,,maturity=correctness(dry/green/tender)
017_jpg.rf.d9a59ee6444d4cfbd3301079faa0dcc7,coconut-veirf-v5/train,Dataset/coconut-veirf-v5/train/images/017_jpg.rf.d9a59ee6444d4cfbd3301079faa0dcc7.jpg,,,,,,maturity=correctness(dry/green/tender)
01_jpg.rf.9a2fdd1fbadf3f0f94e9a35bf7f28f01,coconut-veirf-v5/train,Dataset/coconut-veirf-v5/train/images/01_jpg.rf.9a2fdd1fbadf3f0f94e9a35bf7f28f01.jpg,,,,,,maturity=correctness(dry/green/tender)
01_jpg.rf.ece606812fdb5842eb935687c6322fd3,coconut-veirf-v5/train,Dataset/coconut-veirf-v5/train/images/01_jpg.rf.ece606812fdb5842eb935687c6322fd3.jpg,,,,,,maturity=correctness(dry/green/tender)
01_jpg.rf.fc88eede4194a104bda7f5c428b7c9b7,coconut-veirf-v5/train,Dataset/coconut-veirf-v5/train/images/01_jpg.rf.fc88eede4194a104bda7f5c428b7c9b7.jpg,,,,,,maturity=correctness(dry/green/tender)
020_jpg.rf.934aab5db8374bbe99ef6fbc9604ff3d,coconut-veirf-v5/train,Dataset/coconut-veirf-v5/train/images/020_jpg.rf.934aab5db8374bbe99ef6fbc9604ff3d.jpg,,,,,,maturity=correctness(dry/green/tender)
020_jpg.rf.d679d9ac81c79060983caa8ad7e149c2,coconut-veirf-v5/train,Dataset/coconut-veirf-v5/train/images/020_jpg.rf.d679d9ac81c79060983caa8ad7e149c2.jpg,,,,,,maturity=correctness(dry/green/tender)
020_jpg.rf.f5f0998289c04ba709de12e047444934,coconut-veirf-v5/train,Dataset/coconut-veirf-v5/train/images/020_jpg.rf.f5f0998289c04ba709de12e047444934.jpg,,,,,,maturity=correctness(dry/green/tender)
021_jpg.rf.24120bf2c217fad7ac3bcd9faaa6df6e,coconut-veirf-v5/train,Dataset/coconut-veirf-v5/train/images/021_jpg.rf.24120bf2c217fad7ac3bcd9faaa6df6e.jpg,,,,,,maturity=correctness(dry/green/tender)
021_jpg.rf.baa2292357e865726965f74cdaf06646,coconut-veirf-v5/train,Dataset/coconut-veirf-v5/train/images/021_jpg.rf.baa2292357e865726965f74cdaf06646.jpg,,,,,,maturity=correctness(dry/green/tender)
021_jpg.rf.da84d22087580791cf012fb2bf44cee3,coconut-veirf-v5/train,Dataset/coconut-veirf-v5/train/images/021_jpg.rf.da84d22087580791cf012fb2bf44cee3.jpg,,,,,,maturity=correctness(dry/green/tender)
024_jpg.rf.3810930e4b3ba803033286768a43f116,coconut-veirf-v5/train,Dataset/coconut-veirf-v5/train/images/024_jpg.rf.3810930e4b3ba803033286768a43f116.jpg,,,,,,maturity=correctness(dry/green/tender)
024_jpg.rf.986e5416dcbe8f00c94be8fa6665f743,coconut-veirf-v5/train,Dataset/coconut-veirf-v5/train/images/024_jpg.rf.986e5416dcbe8f00c94be8fa6665f743.jpg,,,,,,maturity=correctness(dry/green/tender)
024_jpg.rf.bbb801416c7019f99906c3abac6ceef4,coconut-veirf-v5/train,Dataset/coconut-veirf-v5/train/images/024_jpg.rf.bbb801416c7019f99906c3abac6ceef4.jpg,,,,,,maturity=correctness(dry/green/tender)
025_jpg.rf.78b5ee68f7bd9dbc2da3c7294ad61e09,coconut-veirf-v5/train,Dataset/coconut-veirf-v5/train/images/025_jpg.rf.78b5ee68f7bd9dbc2da3c7294ad61e09.jpg,,,,,,maturity=correctness(dry/green/tender)
025_jpg.rf.b5c41140981f89faa1897dab5da34de1,coconut-veirf-v5/train,Dataset/coconut-veirf-v5/train/images/025_jpg.rf.b5c41140981f89faa1897dab5da34de1.jpg,,,,,,maturity=correctness(dry/green/tender)
025_jpg.rf.b99075fcfa02fb6351e9b101110571ab,coconut-veirf-v5/train,Dataset/coconut-veirf-v5/train/images/025_jpg.rf.b99075fcfa02fb6351e9b101110571ab.jpg,,,,,,maturity=correctness(dry/green/tender)
028_jpg.rf.39a688f8e971db9974b4cf1fac321bbe,coconut-veirf-v5/train,Dataset/coconut-veirf-v5/train/images/028_jpg.rf.39a688f8e971db9974b4cf1fac321bbe.jpg,,,,,,maturity=correctness(dry/green/tender)
028_jpg.rf.81287a6187ed2da94ead99de11882007,coconut-veirf-v5/train,Dataset/coconut-veirf-v5/train/images/028_jpg.rf.81287a6187ed2da94ead99de11882007.jpg,,,,,,maturity=correctness(dry/green/tender)
028_jpg.rf.963050a8c09b0548ba61cc53d5b7d3fd,coconut-veirf-v5/train,Dataset/coconut-veirf-v5/train/images/028_jpg.rf.963050a8c09b0548ba61cc53d5b7d3fd.jpg,,,,,,maturity=correctness(dry/green/tender)
02_jpg.rf.1a1d0ce506e8a23fe8f78a880e1ba3e5,coconut-veirf-v5/train,Dataset/coconut-veirf-v5/train/images/02_jpg.rf.1a1d0ce506e8a23fe8f78a880e1ba3e5.jpg,,,,,,maturity=correctness(dry/green/tender)
02_jpg.rf.51b096275a95594ba96ae00aed305efc,coconut-veirf-v5/train,Dataset/coconut-veirf-v5/train/images/02_jpg.rf.51b096275a95594ba96ae00aed305efc.jpg,,,,,,maturity=correctness(dry/green/tender)
02_jpg.rf.8eeeccd907183fe6760b5da041c6b9eb,coconut-veirf-v5/train,Dataset/coconut-veirf-v5/train/images/02_jpg.rf.8eeeccd907183fe6760b5da041c6b9eb.jpg,,,,,,maturity=correctness(dry/green/tender)
032_jpg.rf.08e6c4d8094a14f7de1eaf05221bedb6,coconut-veirf-v5/train,Dataset/coconut-veirf-v5/train/images/032_jpg.rf.08e6c4d8094a14f7de1eaf05221bedb6.jpg,,,,,,maturity=correctness(dry/green/tender)
032_jpg.rf.17d881d4910f520eef369c159d9b24d6,coconut-veirf-v5/train,Dataset/coconut-veirf-v5/train/images/032_jpg.rf.17d881d4910f520eef369c159d9b24d6.jpg,,,,,,maturity=correctness(dry/green/tender)
032_jpg.rf.195451b49cc0e25dbdfb1313f41cbbc5,coconut-veirf-v5/train,Dataset/coconut-veirf-v5/train/images/032_jpg.rf.195451b49cc0e25dbdfb1313f41cbbc5.jpg,,,,,,maturity=correctness(dry/green/tender)
036_jpg.rf.3d9aea88a3641fc29768759cdde273b6,coconut-veirf-v5/train,Dataset/coconut-veirf-v5/train/images/036_jpg.rf.3d9aea88a3641fc29768759cdde273b6.jpg,,,,,,maturity=correctness(dry/green/tender)
036_jpg.rf.addccd40c1011b4098a5fe7d2a6f2f09,coconut-veirf-v5/train,Dataset/coconut-veirf-v5/train/images/036_jpg.rf.addccd40c1011b4098a5fe7d2a6f2f09.jpg,,,,,,maturity=correctness(dry/green/tender)
036_jpg.rf.b9eb4de1a97ed732ef49ac14cde556c0,coconut-veirf-v5/train,Dataset/coconut-veirf-v5/train/images/036_jpg.rf.b9eb4de1a97ed732ef49ac14cde556c0.jpg,,,,,,maturity=correctness(dry/green/tender)
037_jpg.rf.a977f2a6befee00d208e5f50912fa5e0,coconut-veirf-v5/train,Dataset/coconut-veirf-v5/train/images/037_jpg.rf.a977f2a6befee00d208e5f50912fa5e0.jpg,,,,,,maturity=correctness(dry/green/tender)
037_jpg.rf.b4560d431e830369954ac7096dcc35c7,coconut-veirf-v5/train,Dataset/coconut-veirf-v5/train/images/037_jpg.rf.b4560d431e830369954ac7096dcc35c7.jpg,,,,,,maturity=correctness(dry/green/tender)
037_jpg.rf.c04a7d706c0e4af0ed71c71ad654bc9b,coconut-veirf-v5/train,Dataset/coconut-veirf-v5/train/images/037_jpg.rf.c04a7d706c0e4af0ed71c71ad654bc9b.jpg,,,,,,maturity=correctness(dry/green/tender)
038_jpg.rf.22420cdd82d6095377a8d49061d5c2fb,coconut-veirf-v5/train,Dataset/coconut-veirf-v5/train/images/038_jpg.rf.22420cdd82d6095377a8d49061d5c2fb.jpg,,,,,,maturity=correctness(dry/green/tender)
038_jpg.rf.7ae76cea4fb75e467a5d77be974185da,coconut-veirf-v5/train,Dataset/coconut-veirf-v5/train/images/038_jpg.rf.7ae76cea4fb75e467a5d77be974185da.jpg,,,,,,maturity=correctness(dry/green/tender)
038_jpg.rf.9a2970f3b5c64ecba3f0085562bf2176,coconut-veirf-v5/train,Dataset/coconut-veirf-v5/train/images/038_jpg.rf.9a2970f3b5c64ecba3f0085562bf2176.jpg,,,,,,maturity=correctness(dry/green/tender)
040_jpg.rf.2f8c9048987fc3d8cd06655c40d85a42,coconut-veirf-v5/train,Dataset/coconut-veirf-v5/train/images/040_jpg.rf.2f8c9048987fc3d8cd06655c40d85a42.jpg,,,,,,maturity=correctness(dry/green/tender)
040_jpg.rf.4205c16498532d3986370e02b397f7ce,coconut-veirf-v5/train,Dataset/coconut-veirf-v5/train/images/040_jpg.rf.4205c16498532d3986370e02b397f7ce.jpg,,,,,,maturity=correctness(dry/green/tender)
040_jpg.rf.e6ad0cba25d881211fcc6dee82fd8020,coconut-veirf-v5/train,Dataset/coconut-veirf-v5/train/images/040_jpg.rf.e6ad0cba25d881211fcc6dee82fd8020.jpg,,,,,,maturity=correctness(dry/green/tender)
042_jpg.rf.13dba456d91a32c1f2ca946cc4800402,coconut-veirf-v5/train,Dataset/coconut-veirf-v5/train/images/042_jpg.rf.13dba456d91a32c1f2ca946cc4800402.jpg,,,,,,maturity=correctness(dry/green/tender)
042_jpg.rf.7be3067652086ef8107c12d557d88f01,coconut-veirf-v5/train,Dataset/coconut-veirf-v5/train/images/042_jpg.rf.7be3067652086ef8107c12d557d88f01.jpg,,,,,,maturity=correctness(dry/green/tender)
042_jpg.rf.b90fe9fc9b407529fa2906ee8e21ccce,coconut-veirf-v5/train,Dataset/coconut-veirf-v5/train/images/042_jpg.rf.b90fe9fc9b407529fa2906ee8e21ccce.jpg,,,,,,maturity=correctness(dry/green/tender)
043_jpg.rf.0b44b045bdbb720a01b3cc7521706cf2,coconut-veirf-v5/train,Dataset/coconut-veirf-v5/train/images/043_jpg.rf.0b44b045bdbb720a01b3cc7521706cf2.jpg,,,,,,maturity=correctness(dry/green/tender)
043_jpg.rf.29c37d9480db579d5e80f5a4c61fae10,coconut-veirf-v5/train,Dataset/coconut-veirf-v5/train/images/043_jpg.rf.29c37d9480db579d5e80f5a4c61fae10.jpg,,,,,,maturity=correctness(dry/green/tender)
043_jpg.rf.3b879b2ec8537d93f103284ae2ca3a2b,coconut-veirf-v5/train,Dataset/coconut-veirf-v5/train/images/043_jpg.rf.3b879b2ec8537d93f103284ae2ca3a2b.jpg,,,,,,maturity=correctness(dry/green/tender)
044_jpg.rf.1374fd2fda0cd9e90106598dbab2c6bc,coconut-veirf-v5/train,Dataset/coconut-veirf-v5/train/images/044_jpg.rf.1374fd2fda0cd9e90106598dbab2c6bc.jpg,,,,,,maturity=correctness(dry/green/tender)
044_jpg.rf.4364c01270f0e063fe0b9c4a071e9788,coconut-veirf-v5/train,Dataset/coconut-veirf-v5/train/images/044_jpg.rf.4364c01270f0e063fe0b9c4a071e9788.jpg,,,,,,maturity=correctness(dry/green/tender)
044_jpg.rf.7e2652e821ba3b126e629a746afa70c6,coconut-veirf-v5/train,Dataset/coconut-veirf-v5/train/images/044_jpg.rf.7e2652e821ba3b126e629a746afa70c6.jpg,,,,,,maturity=correctness(dry/green/tender)
046_jpeg.rf.18fc9e843c6d9d7ff00f26f088357550,coconut-veirf-v5/train,Dataset/coconut-veirf-v5/train/images/046_jpeg.rf.18fc9e843c6d9d7ff00f26f088357550.jpg,,,,,,maturity=correctness(dry/green/tender)
046_jpeg.rf.3e69f3b73c97628d9b885dc6ba482467,coconut-veirf-v5/train,Dataset/coconut-veirf-v5/train/images/046_jpeg.rf.3e69f3b73c97628d9b885dc6ba482467.jpg,,,,,,maturity=correctness(dry/green/tender)
046_jpeg.rf.b90a8166c7b1013287150fa4180698f4,coconut-veirf-v5/train,Dataset/coconut-veirf-v5/train/images/046_jpeg.rf.b90a8166c7b1013287150fa4180698f4.jpg,,,,,,maturity=correctness(dry/green/tender)
049_jpeg.rf.1b21d2bcad75110f76a7d8ea4c143ee9,coconut-veirf-v5/train,Dataset/coconut-veirf-v5/train/images/049_jpeg.rf.1b21d2bcad75110f76a7d8ea4c143ee9.jpg,,,,,,maturity=correctness(dry/green/tender)
049_jpeg.rf.5371ec437347af51f1234fc00f0ccc2f,coconut-veirf-v5/train,Dataset/coconut-veirf-v5/train/images/049_jpeg.rf.5371ec437347af51f1234fc00f0ccc2f.jpg,,,,,,maturity=correctness(dry/green/tender)
049_jpeg.rf.f36ed434b28d85ea187db191fef0f389,coconut-veirf-v5/train,Dataset/coconut-veirf-v5/train/images/049_jpeg.rf.f36ed434b28d85ea187db191fef0f389.jpg,,,,,,maturity=correctness(dry/green/tender)
04_jpg.rf.1ac4fcee4634cad16b6d444f2ec38d3c,coconut-veirf-v5/train,Dataset/coconut-veirf-v5/train/images/04_jpg.rf.1ac4fcee4634cad16b6d444f2ec38d3c.jpg,,,,,,maturity=correctness(dry/green/tender)
04_jpg.rf.7c237959701cf3e84050663258debb2c,coconut-veirf-v5/train,Dataset/coconut-veirf-v5/train/images/04_jpg.rf.7c237959701cf3e84050663258debb2c.jpg,,,,,,maturity=correctness(dry/green/tender)
04_jpg.rf.992d68ec12b365da4a32226a234dd2e7,coconut-veirf-v5/train,Dataset/coconut-veirf-v5/train/images/04_jpg.rf.992d68ec12b365da4a32226a234dd2e7.jpg,,,,,,maturity=correctness(dry/green/tender)
052_jpg.rf.0caaf596899b3f445159fcea15f9f7ec,coconut-veirf-v5/train,Dataset/coconut-veirf-v5/train/images/052_jpg.rf.0caaf596899b3f445159fcea15f9f7ec.jpg,,,,,,maturity=correctness(dry/green/tender)
052_jpg.rf.20c014a16b187062d1dece3f07b65293,coconut-veirf-v5/train,Dataset/coconut-veirf-v5/train/images/052_jpg.rf.20c014a16b187062d1dece3f07b65293.jpg,,,,,,maturity=correctness(dry/green/tender)
052_jpg.rf.d465a003604b928fd45ca6e00b4c36d4,coconut-veirf-v5/train,Dataset/coconut-veirf-v5/train/images/052_jpg.rf.d465a003604b928fd45ca6e00b4c36d4.jpg,,,,,,maturity=correctness(dry/green/tender)
053_jpg.rf.0a5abe5fbf66f06c41dcb869cb43248b,coconut-veirf-v5/train,Dataset/coconut-veirf-v5/train/images/053_jpg.rf.0a5abe5fbf66f06c41dcb869cb43248b.jpg,,,,,,maturity=correctness(dry/green/tender)
053_jpg.rf.16a87b38237cbf12321887f8e63c85c4,coconut-veirf-v5/train,Dataset/coconut-veirf-v5/train/images/053_jpg.rf.16a87b38237cbf12321887f8e63c85c4.jpg,,,,,,maturity=correctness(dry/green/tender)
053_jpg.rf.83811c2315128bad87d28f5f8a46b6ce,coconut-veirf-v5/train,Dataset/coconut-veirf-v5/train/images/053_jpg.rf.83811c2315128bad87d28f5f8a46b6ce.jpg,,,,,,maturity=correctness(dry/green/tender)
054_jpg.rf.6985931b12ca60bf2189a937b2c50156,coconut-veirf-v5/train,Dataset/coconut-veirf-v5/train/images/054_jpg.rf.6985931b12ca60bf2189a937b2c50156.jpg,,,,,,maturity=correctness(dry/green/tender)
054_jpg.rf.6b7ae3ea381fcc5de3ed3f4a0d74b365,coconut-veirf-v5/train,Dataset/coconut-veirf-v5/train/images/054_jpg.rf.6b7ae3ea381fcc5de3ed3f4a0d74b365.jpg,,,,,,maturity=correctness(dry/green/tender)
054_jpg.rf.aec3073824f8f99b3518db16e6223ba0,coconut-veirf-v5/train,Dataset/coconut-veirf-v5/train/images/054_jpg.rf.aec3073824f8f99b3518db16e6223ba0.jpg,,,,,,maturity=correctness(dry/green/tender)
057_jpg.rf.44bb885372d871dd557018b3a86e9093,coconut-veirf-v5/train,Dataset/coconut-veirf-v5/train/images/057_jpg.rf.44bb885372d871dd557018b3a86e9093.jpg,,,,,,maturity=correctness(dry/green/tender)
057_jpg.rf.7c2838abc46a6556989b2664b62f2eff,coconut-veirf-v5/train,Dataset/coconut-veirf-v5/train/images/057_jpg.rf.7c2838abc46a6556989b2664b62f2eff.jpg,,,,,,maturity=correctness(dry/green/tender)
057_jpg.rf.d84497872036225588007593a488ebb3,coconut-veirf-v5/train,Dataset/coconut-veirf-v5/train/images/057_jpg.rf.d84497872036225588007593a488ebb3.jpg,,,,,,maturity=correctness(dry/green/tender)
058_jpg.rf.4468c7749beadcde397c966f11caafa5,coconut-veirf-v5/train,Dataset/coconut-veirf-v5/train/images/058_jpg.rf.4468c7749beadcde397c966f11caafa5.jpg,,,,,,maturity=correctness(dry/green/tender)
058_jpg.rf.baa7f434506f55a353853f01817f9517,coconut-veirf-v5/train,Dataset/coconut-veirf-v5/train/images/058_jpg.rf.baa7f434506f55a353853f01817f9517.jpg,,,,,,maturity=correctness(dry/green/tender)
058_jpg.rf.e53e230ffc69dddd9a1950f8960991f0,coconut-veirf-v5/train,Dataset/coconut-veirf-v5/train/images/058_jpg.rf.e53e230ffc69dddd9a1950f8960991f0.jpg,,,,,,maturity=correctness(dry/green/tender)
059_jpg.rf.1366af527e37219789b57ade7b18f5ca,coconut-veirf-v5/train,Dataset/coconut-veirf-v5/train/images/059_jpg.rf.1366af527e37219789b57ade7b18f5ca.jpg,,,,,,maturity=correctness(dry/green/tender)
059_jpg.rf.21972af4bf364619536f460d795fd1d6,coconut-veirf-v5/train,Dataset/coconut-veirf-v5/train/images/059_jpg.rf.21972af4bf364619536f460d795fd1d6.jpg,,,,,,maturity=correctness(dry/green/tender)
059_jpg.rf.8b00e073b8624e12be8deb66dcb133c5,coconut-veirf-v5/train,Dataset/coconut-veirf-v5/train/images/059_jpg.rf.8b00e073b8624e12be8deb66dcb133c5.jpg,,,,,,maturity=correctness(dry/green/tender)
05_jpg.rf.205ee0c8cb4e19eeda2b6709b9af9d33,coconut-veirf-v5/train,Dataset/coconut-veirf-v5/train/images/05_jpg.rf.205ee0c8cb4e19eeda2b6709b9af9d33.jpg,,,,,,maturity=correctness(dry/green/tender)
05_jpg.rf.5a152404a6cf132f67407de3d139fa7d,coconut-veirf-v5/train,Dataset/coconut-veirf-v5/train/images/05_jpg.rf.5a152404a6cf132f67407de3d139fa7d.jpg,,,,,,maturity=correctness(dry/green/tender)
05_jpg.rf.f7f25e167da5c8ba5e1a372fb3f53d33,coconut-veirf-v5/train,Dataset/coconut-veirf-v5/train/images/05_jpg.rf.f7f25e167da5c8ba5e1a372fb3f53d33.jpg,,,,,,maturity=correctness(dry/green/tender)
060_jpg.rf.6f9604db77a3721e34fa7b8806c51211,coconut-veirf-v5/train,Dataset/coconut-veirf-v5/train/images/060_jpg.rf.6f9604db77a3721e34fa7b8806c51211.jpg,,,,,,maturity=correctness(dry/green/tender)
060_jpg.rf.9a5367eee35f0210f72ea81c45dd2b04,coconut-veirf-v5/train,Dataset/coconut-veirf-v5/train/images/060_jpg.rf.9a5367eee35f0210f72ea81c45dd2b04.jpg,,,,,,maturity=correctness(dry/green/tender)
060_jpg.rf.d8830cc9a1eb158cf405e880bb7b60c0,coconut-veirf-v5/train,Dataset/coconut-veirf-v5/train/images/060_jpg.rf.d8830cc9a1eb158cf405e880bb7b60c0.jpg,,,,,,maturity=correctness(dry/green/tender)
061_jpg.rf.0047fc7c272411ab8cb5459dfc84bcd8,coconut-veirf-v5/train,Dataset/coconut-veirf-v5/train/images/061_jpg.rf.0047fc7c272411ab8cb5459dfc84bcd8.jpg,,,,,,maturity=correctness(dry/green/tender)
061_jpg.rf.02055709ae2d983524f343102687a167,coconut-veirf-v5/train,Dataset/coconut-veirf-v5/train/images/061_jpg.rf.02055709ae2d983524f343102687a167.jpg,,,,,,maturity=correctness(dry/green/tender)
061_jpg.rf.4a33f2aceb36f117d16ccc4381cbc5eb,coconut-veirf-v5/train,Dataset/coconut-veirf-v5/train/images/061_jpg.rf.4a33f2aceb36f117d16ccc4381cbc5eb.jpg,,,,,,maturity=correctness(dry/green/tender)
062_jpg.rf.ac95db25f27ea09ca0c30238c43e8095,coconut-veirf-v5/train,Dataset/coconut-veirf-v5/train/images/062_jpg.rf.ac95db25f27ea09ca0c30238c43e8095.jpg,,,,,,maturity=correctness(dry/green/tender)
062_jpg.rf.b374fed271bb813e90e6b8de6c893264,coconut-veirf-v5/train,Dataset/coconut-veirf-v5/train/images/062_jpg.rf.b374fed271bb813e90e6b8de6c893264.jpg,,,,,,maturity=correctness(dry/green/tender)
062_jpg.rf.d594e46bdf5f5165441daae6c15e3e7b,coconut-veirf-v5/train,Dataset/coconut-veirf-v5/train/images/062_jpg.rf.d594e46bdf5f5165441daae6c15e3e7b.jpg,,,,,,maturity=correctness(dry/green/tender)
065_jpg.rf.74d068653c1483b865ce3ca36bf93714,coconut-veirf-v5/train,Dataset/coconut-veirf-v5/train/images/065_jpg.rf.74d068653c1483b865ce3ca36bf93714.jpg,,,,,,maturity=correctness(dry/green/tender)
065_jpg.rf.a18b513c2174bf6a0fe5185b6bc46341,coconut-veirf-v5/train,Dataset/coconut-veirf-v5/train/images/065_jpg.rf.a18b513c2174bf6a0fe5185b6bc46341.jpg,,,,,,maturity=correctness(dry/green/tender)
065_jpg.rf.b06d7ffbfac972059d61b1be4b9219b5,coconut-veirf-v5/train,Dataset/coconut-veirf-v5/train/images/065_jpg.rf.b06d7ffbfac972059d61b1be4b9219b5.jpg,,,,,,maturity=correctness(dry/green/tender)
067_jpg.rf.09b5ff924209d25731f8ddb5c3691c97,coconut-veirf-v5/train,Dataset/coconut-veirf-v5/train/images/067_jpg.rf.09b5ff924209d25731f8ddb5c3691c97.jpg,,,,,,maturity=correctness(dry/green/tender)
067_jpg.rf.cba162f5906e14a849f29c6c2d61279b,coconut-veirf-v5/train,Dataset/coconut-veirf-v5/train/images/067_jpg.rf.cba162f5906e14a849f29c6c2d61279b.jpg,,,,,,maturity=correctness(dry/green/tender)
067_jpg.rf.ecc70ae5d38791842e7d02b614112463,coconut-veirf-v5/train,Dataset/coconut-veirf-v5/train/images/067_jpg.rf.ecc70ae5d38791842e7d02b614112463.jpg,,,,,,maturity=correctness(dry/green/tender)
069_jpg.rf.03ec90b6a9afe9a0ac54b6853b211c29,coconut-veirf-v5/train,Dataset/coconut-veirf-v5/train/images/069_jpg.rf.03ec90b6a9afe9a0ac54b6853b211c29.jpg,,,,,,maturity=correctness(dry/green/tender)
069_jpg.rf.b4722b28f23b1029a6622a6a8ae3c0b6,coconut-veirf-v5/train,Dataset/coconut-veirf-v5/train/images/069_jpg.rf.b4722b28f23b1029a6622a6a8ae3c0b6.jpg,,,,,,maturity=correctness(dry/green/tender)
069_jpg.rf.d2f46165d58271ad3bea945085cac871,coconut-veirf-v5/train,Dataset/coconut-veirf-v5/train/images/069_jpg.rf.d2f46165d58271ad3bea945085cac871.jpg,,,,,,maturity=correctness(dry/green/tender)
072_jpg.rf.129748a6b0ce5509f141f1b91a41371a,coconut-veirf-v5/train,Dataset/coconut-veirf-v5/train/images/072_jpg.rf.129748a6b0ce5509f141f1b91a41371a.jpg,,,,,,maturity=correctness(dry/green/tender)
072_jpg.rf.1857b0cbecbd7389289ca716a22794fb,coconut-veirf-v5/train,Dataset/coconut-veirf-v5/train/images/072_jpg.rf.1857b0cbecbd7389289ca716a22794fb.jpg,,,,,,maturity=correctness(dry/green/tender)
072_jpg.rf.4f242e52f68c6a904a48387072357f46,coconut-veirf-v5/train,Dataset/coconut-veirf-v5/train/images/072_jpg.rf.4f242e52f68c6a904a48387072357f46.jpg,,,,,,maturity=correctness(dry/green/tender)
073_jpg.rf.44364eb14fc387e9f682cc248d1c0b34,coconut-veirf-v5/train,Dataset/coconut-veirf-v5/train/images/073_jpg.rf.44364eb14fc387e9f682cc248d1c0b34.jpg,,,,,,maturity=correctness(dry/green/tender)
073_jpg.rf.890cb6901fbec700491e8098e7f3648f,coconut-veirf-v5/train,Dataset/coconut-veirf-v5/train/images/073_jpg.rf.890cb6901fbec700491e8098e7f3648f.jpg,,,,,,maturity=correctness(dry/green/tender)
073_jpg.rf.a4b65d0d4da654e85e4c7d61bd507290,coconut-veirf-v5/train,Dataset/coconut-veirf-v5/train/images/073_jpg.rf.a4b65d0d4da654e85e4c7d61bd507290.jpg,,,,,,maturity=correctness(dry/green/tender)
075_jpg.rf.8a986ed998fd3cda347c48dff38726ea,coconut-veirf-v5/train,Dataset/coconut-veirf-v5/train/images/075_jpg.rf.8a986ed998fd3cda347c48dff38726ea.jpg,,,,,,maturity=correctness(dry/green/tender)
075_jpg.rf.b666e4fc7ee8c4ce505b0bab6fe7e710,coconut-veirf-v5/train,Dataset/coconut-veirf-v5/train/images/075_jpg.rf.b666e4fc7ee8c4ce505b0bab6fe7e710.jpg,,,,,,maturity=correctness(dry/green/tender)
075_jpg.rf.f4920136713ded9552210396ce2de76d,coconut-veirf-v5/train,Dataset/coconut-veirf-v5/train/images/075_jpg.rf.f4920136713ded9552210396ce2de76d.jpg,,,,,,maturity=correctness(dry/green/tender)
077_jpg.rf.15ee587cb6101e3f601bfa8c292159cf,coconut-veirf-v5/train,Dataset/coconut-veirf-v5/train/images/077_jpg.rf.15ee587cb6101e3f601bfa8c292159cf.jpg,,,,,,maturity=correctness(dry/green/tender)
077_jpg.rf.ae8921a050c5740ed2e80220bf0b7d17,coconut-veirf-v5/train,Dataset/coconut-veirf-v5/train/images/077_jpg.rf.ae8921a050c5740ed2e80220bf0b7d17.jpg,,,,,,maturity=correctness(dry/green/tender)
077_jpg.rf.e0397e777f032ab8a01a34b870c0c025,coconut-veirf-v5/train,Dataset/coconut-veirf-v5/train/images/077_jpg.rf.e0397e777f032ab8a01a34b870c0c025.jpg,,,,,,maturity=correctness(dry/green/tender)
078_jpg.rf.09cbab20676d70179f508ea037e2fed5,coconut-veirf-v5/train,Dataset/coconut-veirf-v5/train/images/078_jpg.rf.09cbab20676d70179f508ea037e2fed5.jpg,,,,,,maturity=correctness(dry/green/tender)
078_jpg.rf.5c2430889e2c4a6d7c9e719eb99a1011,coconut-veirf-v5/train,Dataset/coconut-veirf-v5/train/images/078_jpg.rf.5c2430889e2c4a6d7c9e719eb99a1011.jpg,,,,,,maturity=correctness(dry/green/tender)
078_jpg.rf.be4cccd19ea5014f9892258fee442daa,coconut-veirf-v5/train,Dataset/coconut-veirf-v5/train/images/078_jpg.rf.be4cccd19ea5014f9892258fee442daa.jpg,,,,,,maturity=correctness(dry/green/tender)
079_jpg.rf.6a7ffdb94a0e43392ebdbb985c2338e8,coconut-veirf-v5/train,Dataset/coconut-veirf-v5/train/images/079_jpg.rf.6a7ffdb94a0e43392ebdbb985c2338e8.jpg,,,,,,maturity=correctness(dry/green/tender)
079_jpg.rf.d6900c7fead2ced7c7066ef68e6560f4,coconut-veirf-v5/train,Dataset/coconut-veirf-v5/train/images/079_jpg.rf.d6900c7fead2ced7c7066ef68e6560f4.jpg,,,,,,maturity=correctness(dry/green/tender)
079_jpg.rf.f1e20bc316c0456c6c51b937d4af2011,coconut-veirf-v5/train,Dataset/coconut-veirf-v5/train/images/079_jpg.rf.f1e20bc316c0456c6c51b937d4af2011.jpg,,,,,,maturity=correctness(dry/green/tender)
07_jpg.rf.0f23d3d4c678de04e163a34aee36da16,coconut-veirf-v5/train,Dataset/coconut-veirf-v5/train/images/07_jpg.rf.0f23d3d4c678de04e163a34aee36da16.jpg,,,,,,maturity=correctness(dry/green/tender)
07_jpg.rf.859a49ad609c7023ae5346eb526eb56c,coconut-veirf-v5/train,Dataset/coconut-veirf-v5/train/images/07_jpg.rf.859a49ad609c7023ae5346eb526eb56c.jpg,,,,,,maturity=correctness(dry/green/tender)
07_jpg.rf.93701b47a0e08fda75130161af969c7d,coconut-veirf-v5/train,Dataset/coconut-veirf-v5/train/images/07_jpg.rf.93701b47a0e08fda75130161af969c7d.jpg,,,,,,maturity=correctness(dry/green/tender)
080_jpg.rf.08f1b3f457a0dcd2ba624648e37c9462,coconut-veirf-v5/train,Dataset/coconut-veirf-v5/train/images/080_jpg.rf.08f1b3f457a0dcd2ba624648e37c9462.jpg,,,,,,maturity=correctness(dry/green/tender)
080_jpg.rf.6a2b1a8079f10dd08744eaabb7470f3e,coconut-veirf-v5/train,Dataset/coconut-veirf-v5/train/images/080_jpg.rf.6a2b1a8079f10dd08744eaabb7470f3e.jpg,,,,,,maturity=correctness(dry/green/tender)
080_jpg.rf.cad406ef56d7e32b0f8828e04ada9470,coconut-veirf-v5/train,Dataset/coconut-veirf-v5/train/images/080_jpg.rf.cad406ef56d7e32b0f8828e04ada9470.jpg,,,,,,maturity=correctness(dry/green/tender)
081_jpg.rf.449d3c0358eaf9bec929a92fbd41a970,coconut-veirf-v5/train,Dataset/coconut-veirf-v5/train/images/081_jpg.rf.449d3c0358eaf9bec929a92fbd41a970.jpg,,,,,,maturity=correctness(dry/green/tender)
081_jpg.rf.8450f3f488d6449d6e478ad256af1e61,coconut-veirf-v5/train,Dataset/coconut-veirf-v5/train/images/081_jpg.rf.8450f3f488d6449d6e478ad256af1e61.jpg,,,,,,maturity=correctness(dry/green/tender)
081_jpg.rf.b85896cc303c63f446e561f970749ab8,coconut-veirf-v5/train,Dataset/coconut-veirf-v5/train/images/081_jpg.rf.b85896cc303c63f446e561f970749ab8.jpg,,,,,,maturity=correctness(dry/green/tender)
082_jpg.rf.662233f61856735daecb3045eeda229a,coconut-veirf-v5/train,Dataset/coconut-veirf-v5/train/images/082_jpg.rf.662233f61856735daecb3045eeda229a.jpg,,,,,,maturity=correctness(dry/green/tender)
082_jpg.rf.98e8f213a93183d8395aec3d6e6505dd,coconut-veirf-v5/train,Dataset/coconut-veirf-v5/train/images/082_jpg.rf.98e8f213a93183d8395aec3d6e6505dd.jpg,,,,,,maturity=correctness(dry/green/tender)
082_jpg.rf.a5c4f5b8f70dac85208dea145a0aa902,coconut-veirf-v5/train,Dataset/coconut-veirf-v5/train/images/082_jpg.rf.a5c4f5b8f70dac85208dea145a0aa902.jpg,,,,,,maturity=correctness(dry/green/tender)
085_jpg.rf.16c59ed8d283b919dcf3f6cb531a79ad,coconut-veirf-v5/train,Dataset/coconut-veirf-v5/train/images/085_jpg.rf.16c59ed8d283b919dcf3f6cb531a79ad.jpg,,,,,,maturity=correctness(dry/green/tender)
085_jpg.rf.7ac87ed2792fc578848eb1e3a6ac086f,coconut-veirf-v5/train,Dataset/coconut-veirf-v5/train/images/085_jpg.rf.7ac87ed2792fc578848eb1e3a6ac086f.jpg,,,,,,maturity=correctness(dry/green/tender)
085_jpg.rf.bcb283a5b4dc198245ceb72d8b8eef29,coconut-veirf-v5/train,Dataset/coconut-veirf-v5/train/images/085_jpg.rf.bcb283a5b4dc198245ceb72d8b8eef29.jpg,,,,,,maturity=correctness(dry/green/tender)
087_jpg.rf.0e4f02fe34ff0f349b683e99ea53b1b9,coconut-veirf-v5/train,Dataset/coconut-veirf-v5/train/images/087_jpg.rf.0e4f02fe34ff0f349b683e99ea53b1b9.jpg,,,,,,maturity=correctness(dry/green/tender)
087_jpg.rf.c0682e3deab1112ced1e6861d880eb32,coconut-veirf-v5/train,Dataset/coconut-veirf-v5/train/images/087_jpg.rf.c0682e3deab1112ced1e6861d880eb32.jpg,,,,,,maturity=correctness(dry/green/tender)
087_jpg.rf.ee39d0e2229c4ecc9bd2b9c6455383a0,coconut-veirf-v5/train,Dataset/coconut-veirf-v5/train/images/087_jpg.rf.ee39d0e2229c4ecc9bd2b9c6455383a0.jpg,,,,,,maturity=correctness(dry/green/tender)
088_jpg.rf.2959e01e7fc0b7160cbe76b5b2198e30,coconut-veirf-v5/train,Dataset/coconut-veirf-v5/train/images/088_jpg.rf.2959e01e7fc0b7160cbe76b5b2198e30.jpg,,,,,,maturity=correctness(dry/green/tender)
088_jpg.rf.31690d5b65ee8f5076358345607566fe,coconut-veirf-v5/train,Dataset/coconut-veirf-v5/train/images/088_jpg.rf.31690d5b65ee8f5076358345607566fe.jpg,,,,,,maturity=correctness(dry/green/tender)
088_jpg.rf.efb0d31ad7c58c988208c3d07df9333c,coconut-veirf-v5/train,Dataset/coconut-veirf-v5/train/images/088_jpg.rf.efb0d31ad7c58c988208c3d07df9333c.jpg,,,,,,maturity=correctness(dry/green/tender)
08_jpg.rf.0286ef27b25b2857d4ffab88bb5ffaad,coconut-veirf-v5/train,Dataset/coconut-veirf-v5/train/images/08_jpg.rf.0286ef27b25b2857d4ffab88bb5ffaad.jpg,,,,,,maturity=correctness(dry/green/tender)
08_jpg.rf.92b6c67243232bb3e35617db12a18f5e,coconut-veirf-v5/train,Dataset/coconut-veirf-v5/train/images/08_jpg.rf.92b6c67243232bb3e35617db12a18f5e.jpg,,,,,,maturity=correctness(dry/green/tender)
08_jpg.rf.a2ea044a34cd56db3f530ba49c0eb810,coconut-veirf-v5/train,Dataset/coconut-veirf-v5/train/images/08_jpg.rf.a2ea044a34cd56db3f530ba49c0eb810.jpg,,,,,,maturity=correctness(dry/green/tender)
090_jpg.rf.746355ed00064913ca06f842f30c30ca,coconut-veirf-v5/train,Dataset/coconut-veirf-v5/train/images/090_jpg.rf.746355ed00064913ca06f842f30c30ca.jpg,,,,,,maturity=correctness(dry/green/tender)
090_jpg.rf.8511ec746657d19f858fe11ba3357367,coconut-veirf-v5/train,Dataset/coconut-veirf-v5/train/images/090_jpg.rf.8511ec746657d19f858fe11ba3357367.jpg,,,,,,maturity=correctness(dry/green/tender)
090_jpg.rf.d5d39b39d9bbf9bf5642883260b853bc,coconut-veirf-v5/train,Dataset/coconut-veirf-v5/train/images/090_jpg.rf.d5d39b39d9bbf9bf5642883260b853bc.jpg,,,,,,maturity=correctness(dry/green/tender)
091_jpg.rf.0c3d7c8ac2302fe012da72e4f2f08df0,coconut-veirf-v5/train,Dataset/coconut-veirf-v5/train/images/091_jpg.rf.0c3d7c8ac2302fe012da72e4f2f08df0.jpg,,,,,,maturity=correctness(dry/green/tender)
091_jpg.rf.35796d6fb0b48de809ea4796e9d9d9b8,coconut-veirf-v5/train,Dataset/coconut-veirf-v5/train/images/091_jpg.rf.35796d6fb0b48de809ea4796e9d9d9b8.jpg,,,,,,maturity=correctness(dry/green/tender)
091_jpg.rf.b063ab3500215e2125484c95ca4dfc1d,coconut-veirf-v5/train,Dataset/coconut-veirf-v5/train/images/091_jpg.rf.b063ab3500215e2125484c95ca4dfc1d.jpg,,,,,,maturity=correctness(dry/green/tender)
092_jpg.rf.3e536be545670c1b9ca189ab347165fc,coconut-veirf-v5/train,Dataset/coconut-veirf-v5/train/images/092_jpg.rf.3e536be545670c1b9ca189ab347165fc.jpg,,,,,,maturity=correctness(dry/green/tender)
092_jpg.rf.61de8048dbf0cd09c0ac3a3ee04a154f,coconut-veirf-v5/train,Dataset/coconut-veirf-v5/train/images/092_jpg.rf.61de8048dbf0cd09c0ac3a3ee04a154f.jpg,,,,,,maturity=correctness(dry/green/tender)
092_jpg.rf.dd71d718da0b265285bf8d4a90ae6b04,coconut-veirf-v5/train,Dataset/coconut-veirf-v5/train/images/092_jpg.rf.dd71d718da0b265285bf8d4a90ae6b04.jpg,,,,,,maturity=correctness(dry/green/tender)
093_jpg.rf.0344206d0b6e7aade8ede091765f857d,coconut-veirf-v5/train,Dataset/coconut-veirf-v5/train/images/093_jpg.rf.0344206d0b6e7aade8ede091765f857d.jpg,,,,,,maturity=correctness(dry/green/tender)
093_jpg.rf.60384f00ce3c04dc427fb62397bbf626,coconut-veirf-v5/train,Dataset/coconut-veirf-v5/train/images/093_jpg.rf.60384f00ce3c04dc427fb62397bbf626.jpg,,,,,,maturity=correctness(dry/green/tender)
093_jpg.rf.cb69b67c0ac05b7d51cbf1a31e346f1c,coconut-veirf-v5/train,Dataset/coconut-veirf-v5/train/images/093_jpg.rf.cb69b67c0ac05b7d51cbf1a31e346f1c.jpg,,,,,,maturity=correctness(dry/green/tender)
095_jpg.rf.ac8021e6b25b5ff6ad5d36bf1e3989ea,coconut-veirf-v5/train,Dataset/coconut-veirf-v5/train/images/095_jpg.rf.ac8021e6b25b5ff6ad5d36bf1e3989ea.jpg,,,,,,maturity=correctness(dry/green/tender)
095_jpg.rf.af6d1ea6cee18196652bc58ab2446325,coconut-veirf-v5/train,Dataset/coconut-veirf-v5/train/images/095_jpg.rf.af6d1ea6cee18196652bc58ab2446325.jpg,,,,,,maturity=correctness(dry/green/tender)
095_jpg.rf.c875f6bf70317f7ebc5537e4a2d317e8,coconut-veirf-v5/train,Dataset/coconut-veirf-v5/train/images/095_jpg.rf.c875f6bf70317f7ebc5537e4a2d317e8.jpg,,,,,,maturity=correctness(dry/green/tender)
096_jpg.rf.41d05085dd67f932e39af8c0ddbb5c8d,coconut-veirf-v5/train,Dataset/coconut-veirf-v5/train/images/096_jpg.rf.41d05085dd67f932e39af8c0ddbb5c8d.jpg,,,,,,maturity=correctness(dry/green/tender)
096_jpg.rf.bc8e5ea485126ee2042a4f121156603c,coconut-veirf-v5/train,Dataset/coconut-veirf-v5/train/images/096_jpg.rf.bc8e5ea485126ee2042a4f121156603c.jpg,,,,,,maturity=correctness(dry/green/tender)
096_jpg.rf.d040196a3495925290349ca67b41d4a1,coconut-veirf-v5/train,Dataset/coconut-veirf-v5/train/images/096_jpg.rf.d040196a3495925290349ca67b41d4a1.jpg,,,,,,maturity=correctness(dry/green/tender)
097_jpg.rf.0d76c631d3f141e6f5af5471fa6dd741,coconut-veirf-v5/train,Dataset/coconut-veirf-v5/train/images/097_jpg.rf.0d76c631d3f141e6f5af5471fa6dd741.jpg,,,,,,maturity=correctness(dry/green/tender)
097_jpg.rf.4f06cbddfce84d59d2c91328f3147f7f,coconut-veirf-v5/train,Dataset/coconut-veirf-v5/train/images/097_jpg.rf.4f06cbddfce84d59d2c91328f3147f7f.jpg,,,,,,maturity=correctness(dry/green/tender)
097_jpg.rf.db220ab08bd12b39391297abdb02deeb,coconut-veirf-v5/train,Dataset/coconut-veirf-v5/train/images/097_jpg.rf.db220ab08bd12b39391297abdb02deeb.jpg,,,,,,maturity=correctness(dry/green/tender)
09_jpg.rf.334c8d0b95bdea8afc482c6b8301da8b,coconut-veirf-v5/train,Dataset/coconut-veirf-v5/train/images/09_jpg.rf.334c8d0b95bdea8afc482c6b8301da8b.jpg,,,,,,maturity=correctness(dry/green/tender)
09_jpg.rf.5d5f5c8e5056e037f4161575f18fe794,coconut-veirf-v5/train,Dataset/coconut-veirf-v5/train/images/09_jpg.rf.5d5f5c8e5056e037f4161575f18fe794.jpg,,,,,,maturity=correctness(dry/green/tender)
09_jpg.rf.6396888c62ea7de5666ecdc505b906c4,coconut-veirf-v5/train,Dataset/coconut-veirf-v5/train/images/09_jpg.rf.6396888c62ea7de5666ecdc505b906c4.jpg,,,,,,maturity=correctness(dry/green/tender)
100_jpg.rf.13f4df25eb834d4749dc88e32b10007c,coconut-veirf-v5/train,Dataset/coconut-veirf-v5/train/images/100_jpg.rf.13f4df25eb834d4749dc88e32b10007c.jpg,,,,,,maturity=correctness(dry/green/tender)
100_jpg.rf.9fc8f5bd005d066e8347ce3069bb49e1,coconut-veirf-v5/train,Dataset/coconut-veirf-v5/train/images/100_jpg.rf.9fc8f5bd005d066e8347ce3069bb49e1.jpg,,,,,,maturity=correctness(dry/green/tender)
100_jpg.rf.fa2f41ff4877cdb69ad841c4c5474cb6,coconut-veirf-v5/train,Dataset/coconut-veirf-v5/train/images/100_jpg.rf.fa2f41ff4877cdb69ad841c4c5474cb6.jpg,,,,,,maturity=correctness(dry/green/tender)
101_jpg.rf.384207a2c5706a096d0210403e8fc624,coconut-veirf-v5/train,Dataset/coconut-veirf-v5/train/images/101_jpg.rf.384207a2c5706a096d0210403e8fc624.jpg,,,,,,maturity=correctness(dry/green/tender)
101_jpg.rf.5d597a8360ccd8ae27a1dfa8e59fe827,coconut-veirf-v5/train,Dataset/coconut-veirf-v5/train/images/101_jpg.rf.5d597a8360ccd8ae27a1dfa8e59fe827.jpg,,,,,,maturity=correctness(dry/green/tender)
101_jpg.rf.8d7161a63bf0b34f65ba1d65b4f71146,coconut-veirf-v5/train,Dataset/coconut-veirf-v5/train/images/101_jpg.rf.8d7161a63bf0b34f65ba1d65b4f71146.jpg,,,,,,maturity=correctness(dry/green/tender)
102_jpg.rf.28a733fba27d71952c071cf9cf389167,coconut-veirf-v5/train,Dataset/coconut-veirf-v5/train/images/102_jpg.rf.28a733fba27d71952c071cf9cf389167.jpg,,,,,,maturity=correctness(dry/green/tender)
102_jpg.rf.4b4b9553e76010020981ff475fb4890d,coconut-veirf-v5/train,Dataset/coconut-veirf-v5/train/images/102_jpg.rf.4b4b9553e76010020981ff475fb4890d.jpg,,,,,,maturity=correctness(dry/green/tender)
102_jpg.rf.5e438296c9dbcd36c20a8d35e3f2e7f1,coconut-veirf-v5/train,Dataset/coconut-veirf-v5/train/images/102_jpg.rf.5e438296c9dbcd36c20a8d35e3f2e7f1.jpg,,,,,,maturity=correctness(dry/green/tender)
103_jpg.rf.38f6ee3b1beb1749808525423527e1e0,coconut-veirf-v5/train,Dataset/coconut-veirf-v5/train/images/103_jpg.rf.38f6ee3b1beb1749808525423527e1e0.jpg,,,,,,maturity=correctness(dry/green/tender)
103_jpg.rf.a1d2ff13ff14ea4a0343b95628970e17,coconut-veirf-v5/train,Dataset/coconut-veirf-v5/train/images/103_jpg.rf.a1d2ff13ff14ea4a0343b95628970e17.jpg,,,,,,maturity=correctness(dry/green/tender)
103_jpg.rf.a86a1bf5d0614be8014f6c55ddcbf190,coconut-veirf-v5/train,Dataset/coconut-veirf-v5/train/images/103_jpg.rf.a86a1bf5d0614be8014f6c55ddcbf190.jpg,,,,,,maturity=correctness(dry/green/tender)
106_jpg.rf.1cd863804f43b1802c50bc5e879775de,coconut-veirf-v5/train,Dataset/coconut-veirf-v5/train/images/106_jpg.rf.1cd863804f43b1802c50bc5e879775de.jpg,,,,,,maturity=correctness(dry/green/tender)
106_jpg.rf.e86ec5511f5323c692a23f3fb9961ff5,coconut-veirf-v5/train,Dataset/coconut-veirf-v5/train/images/106_jpg.rf.e86ec5511f5323c692a23f3fb9961ff5.jpg,,,,,,maturity=correctness(dry/green/tender)
106_jpg.rf.f546c84c22ab34ef7bbf7557b464603b,coconut-veirf-v5/train,Dataset/coconut-veirf-v5/train/images/106_jpg.rf.f546c84c22ab34ef7bbf7557b464603b.jpg,,,,,,maturity=correctness(dry/green/tender)
107_jpg.rf.5f9841f56e824f142c0f3f483285b93c,coconut-veirf-v5/train,Dataset/coconut-veirf-v5/train/images/107_jpg.rf.5f9841f56e824f142c0f3f483285b93c.jpg,,,,,,maturity=correctness(dry/green/tender)
107_jpg.rf.75a33237915a78efb9e30d425d145a52,coconut-veirf-v5/train,Dataset/coconut-veirf-v5/train/images/107_jpg.rf.75a33237915a78efb9e30d425d145a52.jpg,,,,,,maturity=correctness(dry/green/tender)
107_jpg.rf.b458e3f96264a1c410446cd4175d5455,coconut-veirf-v5/train,Dataset/coconut-veirf-v5/train/images/107_jpg.rf.b458e3f96264a1c410446cd4175d5455.jpg,,,,,,maturity=correctness(dry/green/tender)
108_jpg.rf.239c9a57dd8d0b1c98e6467500b8a6c9,coconut-veirf-v5/train,Dataset/coconut-veirf-v5/train/images/108_jpg.rf.239c9a57dd8d0b1c98e6467500b8a6c9.jpg,,,,,,maturity=correctness(dry/green/tender)
108_jpg.rf.6239bba02c9cf277a0e6e6efcf466cc7,coconut-veirf-v5/train,Dataset/coconut-veirf-v5/train/images/108_jpg.rf.6239bba02c9cf277a0e6e6efcf466cc7.jpg,,,,,,maturity=correctness(dry/green/tender)
108_jpg.rf.62719b2003155a94d2eebc8650fde44d,coconut-veirf-v5/train,Dataset/coconut-veirf-v5/train/images/108_jpg.rf.62719b2003155a94d2eebc8650fde44d.jpg,,,,,,maturity=correctness(dry/green/tender)
109_jpg.rf.4b12dda522493d7013b2f3877327a802,coconut-veirf-v5/train,Dataset/coconut-veirf-v5/train/images/109_jpg.rf.4b12dda522493d7013b2f3877327a802.jpg,,,,,,maturity=correctness(dry/green/tender)
109_jpg.rf.5146aecd9c19f348f6838ca6699f0caa,coconut-veirf-v5/train,Dataset/coconut-veirf-v5/train/images/109_jpg.rf.5146aecd9c19f348f6838ca6699f0caa.jpg,,,,,,maturity=correctness(dry/green/tender)
109_jpg.rf.675f885a27e04026805c270cc1621913,coconut-veirf-v5/train,Dataset/coconut-veirf-v5/train/images/109_jpg.rf.675f885a27e04026805c270cc1621913.jpg,,,,,,maturity=correctness(dry/green/tender)
10_jpg.rf.1cea6172c6d6f9b44feafcc202fa4e7b,coconut-veirf-v5/train,Dataset/coconut-veirf-v5/train/images/10_jpg.rf.1cea6172c6d6f9b44feafcc202fa4e7b.jpg,,,,,,maturity=correctness(dry/green/tender)
10_jpg.rf.8f68def0e2078b6d9cbfd7b87f3771b8,coconut-veirf-v5/train,Dataset/coconut-veirf-v5/train/images/10_jpg.rf.8f68def0e2078b6d9cbfd7b87f3771b8.jpg,,,,,,maturity=correctness(dry/green/tender)
10_jpg.rf.fc5fa083406ea64c23e7796084faa615,coconut-veirf-v5/train,Dataset/coconut-veirf-v5/train/images/10_jpg.rf.fc5fa083406ea64c23e7796084faa615.jpg,,,,,,maturity=correctness(dry/green/tender)
111_jpg.rf.153d0f62cd94c6c3bf44b4d7bc967278,coconut-veirf-v5/train,Dataset/coconut-veirf-v5/train/images/111_jpg.rf.153d0f62cd94c6c3bf44b4d7bc967278.jpg,,,,,,maturity=correctness(dry/green/tender)
111_jpg.rf.27deb6849d714eacd5ad9d647db92616,coconut-veirf-v5/train,Dataset/coconut-veirf-v5/train/images/111_jpg.rf.27deb6849d714eacd5ad9d647db92616.jpg,,,,,,maturity=correctness(dry/green/tender)
111_jpg.rf.d2831fc8f5ca939697b41ba8f613cc83,coconut-veirf-v5/train,Dataset/coconut-veirf-v5/train/images/111_jpg.rf.d2831fc8f5ca939697b41ba8f613cc83.jpg,,,,,,maturity=correctness(dry/green/tender)
112_jpg.rf.2edcc5ae0e27caf40667f68e6dfc308b,coconut-veirf-v5/train,Dataset/coconut-veirf-v5/train/images/112_jpg.rf.2edcc5ae0e27caf40667f68e6dfc308b.jpg,,,,,,maturity=correctness(dry/green/tender)
112_jpg.rf.3ca353267f1048a9a553525588f414e5,coconut-veirf-v5/train,Dataset/coconut-veirf-v5/train/images/112_jpg.rf.3ca353267f1048a9a553525588f414e5.jpg,,,,,,maturity=correctness(dry/green/tender)
112_jpg.rf.a56c80658b5caf64987e6ed591b5fe04,coconut-veirf-v5/train,Dataset/coconut-veirf-v5/train/images/112_jpg.rf.a56c80658b5caf64987e6ed591b5fe04.jpg,,,,,,maturity=correctness(dry/green/tender)
113_jpg.rf.cf197cf519c1270cc96b390771a9ce9e,coconut-veirf-v5/train,Dataset/coconut-veirf-v5/train/images/113_jpg.rf.cf197cf519c1270cc96b390771a9ce9e.jpg,,,,,,maturity=correctness(dry/green/tender)
113_jpg.rf.dc8cc84a2623b5717a7cba84ed26542f,coconut-veirf-v5/train,Dataset/coconut-veirf-v5/train/images/113_jpg.rf.dc8cc84a2623b5717a7cba84ed26542f.jpg,,,,,,maturity=correctness(dry/green/tender)
113_jpg.rf.f93e6648742628073c28a87379b73e05,coconut-veirf-v5/train,Dataset/coconut-veirf-v5/train/images/113_jpg.rf.f93e6648742628073c28a87379b73e05.jpg,,,,,,maturity=correctness(dry/green/tender)
114_jpg.rf.2db07d6494514ec3243f5299570e1702,coconut-veirf-v5/train,Dataset/coconut-veirf-v5/train/images/114_jpg.rf.2db07d6494514ec3243f5299570e1702.jpg,,,,,,maturity=correctness(dry/green/tender)
114_jpg.rf.4cddae52ef4901d47d39ef2908f40f87,coconut-veirf-v5/train,Dataset/coconut-veirf-v5/train/images/114_jpg.rf.4cddae52ef4901d47d39ef2908f40f87.jpg,,,,,,maturity=correctness(dry/green/tender)
114_jpg.rf.7a68f7ad349bcf68bbf0b4574de0361e,coconut-veirf-v5/train,Dataset/coconut-veirf-v5/train/images/114_jpg.rf.7a68f7ad349bcf68bbf0b4574de0361e.jpg,,,,,,maturity=correctness(dry/green/tender)
116_jpg.rf.c33346e88a81bcddd17633ccf46eb2ee,coconut-veirf-v5/train,Dataset/coconut-veirf-v5/train/images/116_jpg.rf.c33346e88a81bcddd17633ccf46eb2ee.jpg,,,,,,maturity=correctness(dry/green/tender)
116_jpg.rf.c9e2718cf534ab75e2fa0ea134ad5705,coconut-veirf-v5/train,Dataset/coconut-veirf-v5/train/images/116_jpg.rf.c9e2718cf534ab75e2fa0ea134ad5705.jpg,,,,,,maturity=correctness(dry/green/tender)
116_jpg.rf.f8d65639eb04f374fc655659592424d3,coconut-veirf-v5/train,Dataset/coconut-veirf-v5/train/images/116_jpg.rf.f8d65639eb04f374fc655659592424d3.jpg,,,,,,maturity=correctness(dry/green/tender)
117_jpg.rf.9eb7795b405e7487ca9a0c46ab9a9225,coconut-veirf-v5/train,Dataset/coconut-veirf-v5/train/images/117_jpg.rf.9eb7795b405e7487ca9a0c46ab9a9225.jpg,,,,,,maturity=correctness(dry/green/tender)
117_jpg.rf.a506abbff38b61158b8555b0b8565043,coconut-veirf-v5/train,Dataset/coconut-veirf-v5/train/images/117_jpg.rf.a506abbff38b61158b8555b0b8565043.jpg,,,,,,maturity=correctness(dry/green/tender)
117_jpg.rf.e50d3b042681ab6333d723e32390e56e,coconut-veirf-v5/train,Dataset/coconut-veirf-v5/train/images/117_jpg.rf.e50d3b042681ab6333d723e32390e56e.jpg,,,,,,maturity=correctness(dry/green/tender)
118_jpg.rf.34d9f8535a24a1f3935ab091308cbbbf,coconut-veirf-v5/train,Dataset/coconut-veirf-v5/train/images/118_jpg.rf.34d9f8535a24a1f3935ab091308cbbbf.jpg,,,,,,maturity=correctness(dry/green/tender)
118_jpg.rf.498a83b56e80eb6c4e3bb819fbd3cc4f,coconut-veirf-v5/train,Dataset/coconut-veirf-v5/train/images/118_jpg.rf.498a83b56e80eb6c4e3bb819fbd3cc4f.jpg,,,,,,maturity=correctness(dry/green/tender)
118_jpg.rf.ec1595ef566acff5416f1f78dbb18d16,coconut-veirf-v5/train,Dataset/coconut-veirf-v5/train/images/118_jpg.rf.ec1595ef566acff5416f1f78dbb18d16.jpg,,,,,,maturity=correctness(dry/green/tender)
119_jpg.rf.28eda55e0379167a4ea5b1facc5eb9d8,coconut-veirf-v5/train,Dataset/coconut-veirf-v5/train/images/119_jpg.rf.28eda55e0379167a4ea5b1facc5eb9d8.jpg,,,,,,maturity=correctness(dry/green/tender)
119_jpg.rf.36671f52248b97c83db4bf0c16bbd096,coconut-veirf-v5/train,Dataset/coconut-veirf-v5/train/images/119_jpg.rf.36671f52248b97c83db4bf0c16bbd096.jpg,,,,,,maturity=correctness(dry/green/tender)
119_jpg.rf.480f46ff0894822030e9bf1566024d8a,coconut-veirf-v5/train,Dataset/coconut-veirf-v5/train/images/119_jpg.rf.480f46ff0894822030e9bf1566024d8a.jpg,,,,,,maturity=correctness(dry/green/tender)
120_jpg.rf.1d27b2b5175a76ab05e1552bf68f8262,coconut-veirf-v5/train,Dataset/coconut-veirf-v5/train/images/120_jpg.rf.1d27b2b5175a76ab05e1552bf68f8262.jpg,,,,,,maturity=correctness(dry/green/tender)
120_jpg.rf.d35ac0fb7244b35f4dc44253f82a7f52,coconut-veirf-v5/train,Dataset/coconut-veirf-v5/train/images/120_jpg.rf.d35ac0fb7244b35f4dc44253f82a7f52.jpg,,,,,,maturity=correctness(dry/green/tender)
120_jpg.rf.f0c566bc6fb331842ec8a5d8ffe60f0b,coconut-veirf-v5/train,Dataset/coconut-veirf-v5/train/images/120_jpg.rf.f0c566bc6fb331842ec8a5d8ffe60f0b.jpg,,,,,,maturity=correctness(dry/green/tender)
121_jpg.rf.0091becc9cdd05d1228538c899ed30f7,coconut-veirf-v5/train,Dataset/coconut-veirf-v5/train/images/121_jpg.rf.0091becc9cdd05d1228538c899ed30f7.jpg,,,,,,maturity=correctness(dry/green/tender)
121_jpg.rf.b423debf68f33f934202d3be56c11bb1,coconut-veirf-v5/train,Dataset/coconut-veirf-v5/train/images/121_jpg.rf.b423debf68f33f934202d3be56c11bb1.jpg,,,,,,maturity=correctness(dry/green/tender)
121_jpg.rf.f7f72d8a977f755da7b08ac7b34237e3,coconut-veirf-v5/train,Dataset/coconut-veirf-v5/train/images/121_jpg.rf.f7f72d8a977f755da7b08ac7b34237e3.jpg,,,,,,maturity=correctness(dry/green/tender)
123_jpg.rf.00be6c2eab691d485813756608b68577,coconut-veirf-v5/train,Dataset/coconut-veirf-v5/train/images/123_jpg.rf.00be6c2eab691d485813756608b68577.jpg,,,,,,maturity=correctness(dry/green/tender)
123_jpg.rf.064235e2f97c43f59cee3119134d4078,coconut-veirf-v5/train,Dataset/coconut-veirf-v5/train/images/123_jpg.rf.064235e2f97c43f59cee3119134d4078.jpg,,,,,,maturity=correctness(dry/green/tender)
123_jpg.rf.394b89b9794561038e06de7b0a2992d1,coconut-veirf-v5/train,Dataset/coconut-veirf-v5/train/images/123_jpg.rf.394b89b9794561038e06de7b0a2992d1.jpg,,,,,,maturity=correctness(dry/green/tender)
124_jpg.rf.5b66f71c933fa9745f8ff165f5ae443a,coconut-veirf-v5/train,Dataset/coconut-veirf-v5/train/images/124_jpg.rf.5b66f71c933fa9745f8ff165f5ae443a.jpg,,,,,,maturity=correctness(dry/green/tender)
124_jpg.rf.696787780cded77d7de08d8a1ab09e90,coconut-veirf-v5/train,Dataset/coconut-veirf-v5/train/images/124_jpg.rf.696787780cded77d7de08d8a1ab09e90.jpg,,,,,,maturity=correctness(dry/green/tender)
124_jpg.rf.e9bb1348c9793e71426616f6c2f58c98,coconut-veirf-v5/train,Dataset/coconut-veirf-v5/train/images/124_jpg.rf.e9bb1348c9793e71426616f6c2f58c98.jpg,,,,,,maturity=correctness(dry/green/tender)
127_jpg.rf.a8d036d481dcbaf390fef36a5eedcb27,coconut-veirf-v5/train,Dataset/coconut-veirf-v5/train/images/127_jpg.rf.a8d036d481dcbaf390fef36a5eedcb27.jpg,,,,,,maturity=correctness(dry/green/tender)
127_jpg.rf.e4385f4c0223e75b744100728ebfa636,coconut-veirf-v5/train,Dataset/coconut-veirf-v5/train/images/127_jpg.rf.e4385f4c0223e75b744100728ebfa636.jpg,,,,,,maturity=correctness(dry/green/tender)
127_jpg.rf.ec2e3ddb5dde93b8118194fb63dac69d,coconut-veirf-v5/train,Dataset/coconut-veirf-v5/train/images/127_jpg.rf.ec2e3ddb5dde93b8118194fb63dac69d.jpg,,,,,,maturity=correctness(dry/green/tender)
128_jpg.rf.1c552598822a0005dbc387194e92b3ec,coconut-veirf-v5/train,Dataset/coconut-veirf-v5/train/images/128_jpg.rf.1c552598822a0005dbc387194e92b3ec.jpg,,,,,,maturity=correctness(dry/green/tender)
128_jpg.rf.74d641d9ba2ebde4c4f7feb013c92326,coconut-veirf-v5/train,Dataset/coconut-veirf-v5/train/images/128_jpg.rf.74d641d9ba2ebde4c4f7feb013c92326.jpg,,,,,,maturity=correctness(dry/green/tender)
128_jpg.rf.f39a81da7044dd220b5fbcb1ae6ad432,coconut-veirf-v5/train,Dataset/coconut-veirf-v5/train/images/128_jpg.rf.f39a81da7044dd220b5fbcb1ae6ad432.jpg,,,,,,maturity=correctness(dry/green/tender)
129_jpg.rf.04b73da7b45231e898cfa2ce979c9fc1,coconut-veirf-v5/train,Dataset/coconut-veirf-v5/train/images/129_jpg.rf.04b73da7b45231e898cfa2ce979c9fc1.jpg,,,,,,maturity=correctness(dry/green/tender)
129_jpg.rf.87286141fd0af7db9a2dd014577bb2f7,coconut-veirf-v5/train,Dataset/coconut-veirf-v5/train/images/129_jpg.rf.87286141fd0af7db9a2dd014577bb2f7.jpg,,,,,,maturity=correctness(dry/green/tender)
129_jpg.rf.dc3933c84f31b8d10b9fb3e95417765f,coconut-veirf-v5/train,Dataset/coconut-veirf-v5/train/images/129_jpg.rf.dc3933c84f31b8d10b9fb3e95417765f.jpg,,,,,,maturity=correctness(dry/green/tender)
130_jpg.rf.19c2cdfeb449ec0b7d64e98b701f4f45,coconut-veirf-v5/train,Dataset/coconut-veirf-v5/train/images/130_jpg.rf.19c2cdfeb449ec0b7d64e98b701f4f45.jpg,,,,,,maturity=correctness(dry/green/tender)
130_jpg.rf.2d71931ad3eb88177e60dd5f24689887,coconut-veirf-v5/train,Dataset/coconut-veirf-v5/train/images/130_jpg.rf.2d71931ad3eb88177e60dd5f24689887.jpg,,,,,,maturity=correctness(dry/green/tender)
130_jpg.rf.914c2a1d31467a690eec7d6a76559d81,coconut-veirf-v5/train,Dataset/coconut-veirf-v5/train/images/130_jpg.rf.914c2a1d31467a690eec7d6a76559d81.jpg,,,,,,maturity=correctness(dry/green/tender)
133_jpg.rf.1d7f40b973fb11bbcea779393360f902,coconut-veirf-v5/train,Dataset/coconut-veirf-v5/train/images/133_jpg.rf.1d7f40b973fb11bbcea779393360f902.jpg,,,,,,maturity=correctness(dry/green/tender)
133_jpg.rf.9cd770393d1f37453a3c1bc8c58dc5b9,coconut-veirf-v5/train,Dataset/coconut-veirf-v5/train/images/133_jpg.rf.9cd770393d1f37453a3c1bc8c58dc5b9.jpg,,,,,,maturity=correctness(dry/green/tender)
133_jpg.rf.f54e19ab08201f9b000998807cccf5c2,coconut-veirf-v5/train,Dataset/coconut-veirf-v5/train/images/133_jpg.rf.f54e19ab08201f9b000998807cccf5c2.jpg,,,,,,maturity=correctness(dry/green/tender)
134_jpg.rf.18fcb44bcd1ff79328086053cecf90d3,coconut-veirf-v5/train,Dataset/coconut-veirf-v5/train/images/134_jpg.rf.18fcb44bcd1ff79328086053cecf90d3.jpg,,,,,,maturity=correctness(dry/green/tender)
134_jpg.rf.3e6bfc42de948801acffd19d4765f592,coconut-veirf-v5/train,Dataset/coconut-veirf-v5/train/images/134_jpg.rf.3e6bfc42de948801acffd19d4765f592.jpg,,,,,,maturity=correctness(dry/green/tender)
134_jpg.rf.b7acb7016fd62db743338debd25783cb,coconut-veirf-v5/train,Dataset/coconut-veirf-v5/train/images/134_jpg.rf.b7acb7016fd62db743338debd25783cb.jpg,,,,,,maturity=correctness(dry/green/tender)
135_jpg.rf.b210e4eec9664f6abdceb849b997b708,coconut-veirf-v5/train,Dataset/coconut-veirf-v5/train/images/135_jpg.rf.b210e4eec9664f6abdceb849b997b708.jpg,,,,,,maturity=correctness(dry/green/tender)
135_jpg.rf.babfbce21898f0161cfdbc2b3a93870c,coconut-veirf-v5/train,Dataset/coconut-veirf-v5/train/images/135_jpg.rf.babfbce21898f0161cfdbc2b3a93870c.jpg,,,,,,maturity=correctness(dry/green/tender)
135_jpg.rf.e8d18c9492a9fdbf1a29e3732179e3c5,coconut-veirf-v5/train,Dataset/coconut-veirf-v5/train/images/135_jpg.rf.e8d18c9492a9fdbf1a29e3732179e3c5.jpg,,,,,,maturity=correctness(dry/green/tender)
136_jpg.rf.bb5c24f4f8f52a05fb1687b157ee825d,coconut-veirf-v5/train,Dataset/coconut-veirf-v5/train/images/136_jpg.rf.bb5c24f4f8f52a05fb1687b157ee825d.jpg,,,,,,maturity=correctness(dry/green/tender)
136_jpg.rf.c13fb1f3888e126731736517a682df02,coconut-veirf-v5/train,Dataset/coconut-veirf-v5/train/images/136_jpg.rf.c13fb1f3888e126731736517a682df02.jpg,,,,,,maturity=correctness(dry/green/tender)
136_jpg.rf.d3200b60c4f2d2a6550def4b720edf0f,coconut-veirf-v5/train,Dataset/coconut-veirf-v5/train/images/136_jpg.rf.d3200b60c4f2d2a6550def4b720edf0f.jpg,,,,,,maturity=correctness(dry/green/tender)
137_jpg.rf.22606766ade1fd1cb454abbc0f047574,coconut-veirf-v5/train,Dataset/coconut-veirf-v5/train/images/137_jpg.rf.22606766ade1fd1cb454abbc0f047574.jpg,,,,,,maturity=correctness(dry/green/tender)
137_jpg.rf.39371017caad22b4b48c6d3d49f2fe65,coconut-veirf-v5/train,Dataset/coconut-veirf-v5/train/images/137_jpg.rf.39371017caad22b4b48c6d3d49f2fe65.jpg,,,,,,maturity=correctness(dry/green/tender)
137_jpg.rf.aee0e542da7460e36fde50cb9bc9322a,coconut-veirf-v5/train,Dataset/coconut-veirf-v5/train/images/137_jpg.rf.aee0e542da7460e36fde50cb9bc9322a.jpg,,,,,,maturity=correctness(dry/green/tender)
138_jpg.rf.797241e1640346d4266bff9680c89b78,coconut-veirf-v5/train,Dataset/coconut-veirf-v5/train/images/138_jpg.rf.797241e1640346d4266bff9680c89b78.jpg,,,,,,maturity=correctness(dry/green/tender)
138_jpg.rf.8296aaf02f59221ed65f21e5f974ab47,coconut-veirf-v5/train,Dataset/coconut-veirf-v5/train/images/138_jpg.rf.8296aaf02f59221ed65f21e5f974ab47.jpg,,,,,,maturity=correctness(dry/green/tender)
138_jpg.rf.b4d7fb2ed3d0ff2805eb404ad1c1d192,coconut-veirf-v5/train,Dataset/coconut-veirf-v5/train/images/138_jpg.rf.b4d7fb2ed3d0ff2805eb404ad1c1d192.jpg,,,,,,maturity=correctness(dry/green/tender)
139_jpg.rf.3ff07a0d0ad4762184d6357b6826d37f,coconut-veirf-v5/train,Dataset/coconut-veirf-v5/train/images/139_jpg.rf.3ff07a0d0ad4762184d6357b6826d37f.jpg,,,,,,maturity=correctness(dry/green/tender)
139_jpg.rf.95495f100bcfcebb1d3e68cceb7ad3b6,coconut-veirf-v5/train,Dataset/coconut-veirf-v5/train/images/139_jpg.rf.95495f100bcfcebb1d3e68cceb7ad3b6.jpg,,,,,,maturity=correctness(dry/green/tender)
139_jpg.rf.e8e83c7b999304726f88add33899003e,coconut-veirf-v5/train,Dataset/coconut-veirf-v5/train/images/139_jpg.rf.e8e83c7b999304726f88add33899003e.jpg,,,,,,maturity=correctness(dry/green/tender)
140_jpg.rf.166a37b1e678bca4d4c5363072edadad,coconut-veirf-v5/train,Dataset/coconut-veirf-v5/train/images/140_jpg.rf.166a37b1e678bca4d4c5363072edadad.jpg,,,,,,maturity=correctness(dry/green/tender)
140_jpg.rf.27f0273e271fc58dc8725c033578da4b,coconut-veirf-v5/train,Dataset/coconut-veirf-v5/train/images/140_jpg.rf.27f0273e271fc58dc8725c033578da4b.jpg,,,,,,maturity=correctness(dry/green/tender)
140_jpg.rf.5d4efd23f1ec74696c0c0d7f1148d10c,coconut-veirf-v5/train,Dataset/coconut-veirf-v5/train/images/140_jpg.rf.5d4efd23f1ec74696c0c0d7f1148d10c.jpg,,,,,,maturity=correctness(dry/green/tender)
141_jpg.rf.8918aa1b6eeba6f0908b7e7472f6f5d0,coconut-veirf-v5/train,Dataset/coconut-veirf-v5/train/images/141_jpg.rf.8918aa1b6eeba6f0908b7e7472f6f5d0.jpg,,,,,,maturity=correctness(dry/green/tender)
141_jpg.rf.d5992fbe4ce8d0f82ba24b71845fca49,coconut-veirf-v5/train,Dataset/coconut-veirf-v5/train/images/141_jpg.rf.d5992fbe4ce8d0f82ba24b71845fca49.jpg,,,,,,maturity=correctness(dry/green/tender)
141_jpg.rf.f38daf6349adab246fcbf59c05ca3a26,coconut-veirf-v5/train,Dataset/coconut-veirf-v5/train/images/141_jpg.rf.f38daf6349adab246fcbf59c05ca3a26.jpg,,,,,,maturity=correctness(dry/green/tender)
142_jpg.rf.889d10dc95901a9b0a66a7965ce231b8,coconut-veirf-v5/train,Dataset/coconut-veirf-v5/train/images/142_jpg.rf.889d10dc95901a9b0a66a7965ce231b8.jpg,,,,,,maturity=correctness(dry/green/tender)
142_jpg.rf.abc1b99e4bf3497347cb0d928fbca994,coconut-veirf-v5/train,Dataset/coconut-veirf-v5/train/images/142_jpg.rf.abc1b99e4bf3497347cb0d928fbca994.jpg,,,,,,maturity=correctness(dry/green/tender)
142_jpg.rf.b26a0e47e2f3811e8596670f9aa50e25,coconut-veirf-v5/train,Dataset/coconut-veirf-v5/train/images/142_jpg.rf.b26a0e47e2f3811e8596670f9aa50e25.jpg,,,,,,maturity=correctness(dry/green/tender)
143_jpg.rf.44644fa084629f9291a639aa7b4ccd7f,coconut-veirf-v5/train,Dataset/coconut-veirf-v5/train/images/143_jpg.rf.44644fa084629f9291a639aa7b4ccd7f.jpg,,,,,,maturity=correctness(dry/green/tender)
143_jpg.rf.be29482c71b97b6265580f387e3d4dd1,coconut-veirf-v5/train,Dataset/coconut-veirf-v5/train/images/143_jpg.rf.be29482c71b97b6265580f387e3d4dd1.jpg,,,,,,maturity=correctness(dry/green/tender)
143_jpg.rf.e50c4b609f1350fc83d04bd9a5c19340,coconut-veirf-v5/train,Dataset/coconut-veirf-v5/train/images/143_jpg.rf.e50c4b609f1350fc83d04bd9a5c19340.jpg,,,,,,maturity=correctness(dry/green/tender)
144_jpg.rf.27d75d899d8505fbd42399dc06c15c1d,coconut-veirf-v5/train,Dataset/coconut-veirf-v5/train/images/144_jpg.rf.27d75d899d8505fbd42399dc06c15c1d.jpg,,,,,,maturity=correctness(dry/green/tender)
144_jpg.rf.4c0f2ee978761b30a933bf23755e3e15,coconut-veirf-v5/train,Dataset/coconut-veirf-v5/train/images/144_jpg.rf.4c0f2ee978761b30a933bf23755e3e15.jpg,,,,,,maturity=correctness(dry/green/tender)
144_jpg.rf.e2cdb966ae35c22b2674637117b3993a,coconut-veirf-v5/train,Dataset/coconut-veirf-v5/train/images/144_jpg.rf.e2cdb966ae35c22b2674637117b3993a.jpg,,,,,,maturity=correctness(dry/green/tender)
15_jpg.rf.4656ed0079f870384bca58fd5a64aaba,coconut-veirf-v5/train,Dataset/coconut-veirf-v5/train/images/15_jpg.rf.4656ed0079f870384bca58fd5a64aaba.jpg,,,,,,maturity=correctness(dry/green/tender)
15_jpg.rf.b319533cdd9740aefb3c78aaf32d28ed,coconut-veirf-v5/train,Dataset/coconut-veirf-v5/train/images/15_jpg.rf.b319533cdd9740aefb3c78aaf32d28ed.jpg,,,,,,maturity=correctness(dry/green/tender)
15_jpg.rf.b8ea5847961ae4d9ee33dcdfefcf8172,coconut-veirf-v5/train,Dataset/coconut-veirf-v5/train/images/15_jpg.rf.b8ea5847961ae4d9ee33dcdfefcf8172.jpg,,,,,,maturity=correctness(dry/green/tender)
16_jpg.rf.6641b71b4e5b94608b314d68a5fc9564,coconut-veirf-v5/train,Dataset/coconut-veirf-v5/train/images/16_jpg.rf.6641b71b4e5b94608b314d68a5fc9564.jpg,,,,,,maturity=correctness(dry/green/tender)
16_jpg.rf.c7c7dbbec279631f0772f22defa3260f,coconut-veirf-v5/train,Dataset/coconut-veirf-v5/train/images/16_jpg.rf.c7c7dbbec279631f0772f22defa3260f.jpg,,,,,,maturity=correctness(dry/green/tender)
16_jpg.rf.fa153898c7034640fd4c036949577242,coconut-veirf-v5/train,Dataset/coconut-veirf-v5/train/images/16_jpg.rf.fa153898c7034640fd4c036949577242.jpg,,,,,,maturity=correctness(dry/green/tender)
18_jpg.rf.4d6b21418497e3d22be5a99f433cd03d,coconut-veirf-v5/train,Dataset/coconut-veirf-v5/train/images/18_jpg.rf.4d6b21418497e3d22be5a99f433cd03d.jpg,,,,,,maturity=correctness(dry/green/tender)
18_jpg.rf.d694ad2ee9809891303e80c211dc9759,coconut-veirf-v5/train,Dataset/coconut-veirf-v5/train/images/18_jpg.rf.d694ad2ee9809891303e80c211dc9759.jpg,,,,,,maturity=correctness(dry/green/tender)
18_jpg.rf.e98940b6e4969aa3a2a9b52ea9742e69,coconut-veirf-v5/train,Dataset/coconut-veirf-v5/train/images/18_jpg.rf.e98940b6e4969aa3a2a9b52ea9742e69.jpg,,,,,,maturity=correctness(dry/green/tender)
1_jpg.rf.0108574a03358c611c7b9b19ff45778e,coconut-veirf-v5/train,Dataset/coconut-veirf-v5/train/images/1_jpg.rf.0108574a03358c611c7b9b19ff45778e.jpg,,,,,,maturity=correctness(dry/green/tender)
1_jpg.rf.3b2883f5cd3dd7cd330ec85702da529e,coconut-veirf-v5/train,Dataset/coconut-veirf-v5/train/images/1_jpg.rf.3b2883f5cd3dd7cd330ec85702da529e.jpg,,,,,,maturity=correctness(dry/green/tender)
1_jpg.rf.7ac84c960c85d66b6279de6157159a66,coconut-veirf-v5/train,Dataset/coconut-veirf-v5/train/images/1_jpg.rf.7ac84c960c85d66b6279de6157159a66.jpg,,,,,,maturity=correctness(dry/green/tender)
20_jpg.rf.b5a1be0073f6328d9aa4298fa3723a96,coconut-veirf-v5/train,Dataset/coconut-veirf-v5/train/images/20_jpg.rf.b5a1be0073f6328d9aa4298fa3723a96.jpg,,,,,,maturity=correctness(dry/green/tender)
20_jpg.rf.c6858a04f436693bb48b49a28fdc9aa2,coconut-veirf-v5/train,Dataset/coconut-veirf-v5/train/images/20_jpg.rf.c6858a04f436693bb48b49a28fdc9aa2.jpg,,,,,,maturity=correctness(dry/green/tender)
20_jpg.rf.e3fda47c90f8340daaa1c605f75a3fc5,coconut-veirf-v5/train,Dataset/coconut-veirf-v5/train/images/20_jpg.rf.e3fda47c90f8340daaa1c605f75a3fc5.jpg,,,,,,maturity=correctness(dry/green/tender)
21_jpg.rf.0f33742641945158c254ad9d3360921e,coconut-veirf-v5/train,Dataset/coconut-veirf-v5/train/images/21_jpg.rf.0f33742641945158c254ad9d3360921e.jpg,,,,,,maturity=correctness(dry/green/tender)
21_jpg.rf.283e9ab4083cf4ea4937bf789ab25558,coconut-veirf-v5/train,Dataset/coconut-veirf-v5/train/images/21_jpg.rf.283e9ab4083cf4ea4937bf789ab25558.jpg,,,,,,maturity=correctness(dry/green/tender)
21_jpg.rf.cb204e0eaa064bf8f4da06065dd85402,coconut-veirf-v5/train,Dataset/coconut-veirf-v5/train/images/21_jpg.rf.cb204e0eaa064bf8f4da06065dd85402.jpg,,,,,,maturity=correctness(dry/green/tender)
24_jpg.rf.0340ba3a2a934d0e535c14b410732cad,coconut-veirf-v5/train,Dataset/coconut-veirf-v5/train/images/24_jpg.rf.0340ba3a2a934d0e535c14b410732cad.jpg,,,,,,maturity=correctness(dry/green/tender)
24_jpg.rf.8b86611fed63007de24bdab17f3a2313,coconut-veirf-v5/train,Dataset/coconut-veirf-v5/train/images/24_jpg.rf.8b86611fed63007de24bdab17f3a2313.jpg,,,,,,maturity=correctness(dry/green/tender)
24_jpg.rf.97b52b7385d8fb1983f5a2d5067dae2b,coconut-veirf-v5/train,Dataset/coconut-veirf-v5/train/images/24_jpg.rf.97b52b7385d8fb1983f5a2d5067dae2b.jpg,,,,,,maturity=correctness(dry/green/tender)
25_jpg.rf.580ba267f053263ea47237131ca8a1ca,coconut-veirf-v5/train,Dataset/coconut-veirf-v5/train/images/25_jpg.rf.580ba267f053263ea47237131ca8a1ca.jpg,,,,,,maturity=correctness(dry/green/tender)
25_jpg.rf.b35180f7e45b455473c2427cc9c9b8b0,coconut-veirf-v5/train,Dataset/coconut-veirf-v5/train/images/25_jpg.rf.b35180f7e45b455473c2427cc9c9b8b0.jpg,,,,,,maturity=correctness(dry/green/tender)
25_jpg.rf.bffc34a84b02d2f6dd305ec7d13f9b06,coconut-veirf-v5/train,Dataset/coconut-veirf-v5/train/images/25_jpg.rf.bffc34a84b02d2f6dd305ec7d13f9b06.jpg,,,,,,maturity=correctness(dry/green/tender)
28_jpg.rf.37a4b4ef52e28dc31f59871a6a88578b,coconut-veirf-v5/train,Dataset/coconut-veirf-v5/train/images/28_jpg.rf.37a4b4ef52e28dc31f59871a6a88578b.jpg,,,,,,maturity=correctness(dry/green/tender)
28_jpg.rf.4c52e304a29fe9091a0cbd68fda441db,coconut-veirf-v5/train,Dataset/coconut-veirf-v5/train/images/28_jpg.rf.4c52e304a29fe9091a0cbd68fda441db.jpg,,,,,,maturity=correctness(dry/green/tender)
28_jpg.rf.fab4d9e34bfdc7d501f7d131f12212bf,coconut-veirf-v5/train,Dataset/coconut-veirf-v5/train/images/28_jpg.rf.fab4d9e34bfdc7d501f7d131f12212bf.jpg,,,,,,maturity=correctness(dry/green/tender)
29_jpg.rf.70789c526dc6c93271886f85201ade25,coconut-veirf-v5/train,Dataset/coconut-veirf-v5/train/images/29_jpg.rf.70789c526dc6c93271886f85201ade25.jpg,,,,,,maturity=correctness(dry/green/tender)
29_jpg.rf.74352f0caf19bd4a8da6c4d53b118458,coconut-veirf-v5/train,Dataset/coconut-veirf-v5/train/images/29_jpg.rf.74352f0caf19bd4a8da6c4d53b118458.jpg,,,,,,maturity=correctness(dry/green/tender)
29_jpg.rf.bc6e73b8e0b959d5a37188285226c6db,coconut-veirf-v5/train,Dataset/coconut-veirf-v5/train/images/29_jpg.rf.bc6e73b8e0b959d5a37188285226c6db.jpg,,,,,,maturity=correctness(dry/green/tender)
2_jpg.rf.18d4b3928d0413b944dc9938d98021b6,coconut-veirf-v5/train,Dataset/coconut-veirf-v5/train/images/2_jpg.rf.18d4b3928d0413b944dc9938d98021b6.jpg,,,,,,maturity=correctness(dry/green/tender)
2_jpg.rf.390ae3b23f8aca476dd54353d96d708d,coconut-veirf-v5/train,Dataset/coconut-veirf-v5/train/images/2_jpg.rf.390ae3b23f8aca476dd54353d96d708d.jpg,,,,,,maturity=correctness(dry/green/tender)
2_jpg.rf.c6f8333ef0d28f933aabf81dd09bb11f,coconut-veirf-v5/train,Dataset/coconut-veirf-v5/train/images/2_jpg.rf.c6f8333ef0d28f933aabf81dd09bb11f.jpg,,,,,,maturity=correctness(dry/green/tender)
30_jpg.rf.0c83429c01e64eec21f2e05ad1bb3951,coconut-veirf-v5/train,Dataset/coconut-veirf-v5/train/images/30_jpg.rf.0c83429c01e64eec21f2e05ad1bb3951.jpg,,,,,,maturity=correctness(dry/green/tender)
30_jpg.rf.2033ec38f2e7e425ea94fa2bae1d4d00,coconut-veirf-v5/train,Dataset/coconut-veirf-v5/train/images/30_jpg.rf.2033ec38f2e7e425ea94fa2bae1d4d00.jpg,,,,,,maturity=correctness(dry/green/tender)
30_jpg.rf.983f208e5881b873b89d8a4e286a2b30,coconut-veirf-v5/train,Dataset/coconut-veirf-v5/train/images/30_jpg.rf.983f208e5881b873b89d8a4e286a2b30.jpg,,,,,,maturity=correctness(dry/green/tender)
31_jpg.rf.135c137f63a919f7979c0cdcc2acb279,coconut-veirf-v5/train,Dataset/coconut-veirf-v5/train/images/31_jpg.rf.135c137f63a919f7979c0cdcc2acb279.jpg,,,,,,maturity=correctness(dry/green/tender)
31_jpg.rf.696a081640be232609f3084486417059,coconut-veirf-v5/train,Dataset/coconut-veirf-v5/train/images/31_jpg.rf.696a081640be232609f3084486417059.jpg,,,,,,maturity=correctness(dry/green/tender)
31_jpg.rf.db31cad22a303ba68ad48e798fad24c8,coconut-veirf-v5/train,Dataset/coconut-veirf-v5/train/images/31_jpg.rf.db31cad22a303ba68ad48e798fad24c8.jpg,,,,,,maturity=correctness(dry/green/tender)
32_jpg.rf.573b5ca0cd5e94ce91c13cc50612070c,coconut-veirf-v5/train,Dataset/coconut-veirf-v5/train/images/32_jpg.rf.573b5ca0cd5e94ce91c13cc50612070c.jpg,,,,,,maturity=correctness(dry/green/tender)
32_jpg.rf.9728413de19cf88af36836008a01bc07,coconut-veirf-v5/train,Dataset/coconut-veirf-v5/train/images/32_jpg.rf.9728413de19cf88af36836008a01bc07.jpg,,,,,,maturity=correctness(dry/green/tender)
32_jpg.rf.ddd050b5125f3db4bb49b3bee6636def,coconut-veirf-v5/train,Dataset/coconut-veirf-v5/train/images/32_jpg.rf.ddd050b5125f3db4bb49b3bee6636def.jpg,,,,,,maturity=correctness(dry/green/tender)
34_jpg.rf.0766526d70039b1035d8bf90d9d31e82,coconut-veirf-v5/train,Dataset/coconut-veirf-v5/train/images/34_jpg.rf.0766526d70039b1035d8bf90d9d31e82.jpg,,,,,,maturity=correctness(dry/green/tender)
34_jpg.rf.5721c0c707ab37d2612bb209ea52d00e,coconut-veirf-v5/train,Dataset/coconut-veirf-v5/train/images/34_jpg.rf.5721c0c707ab37d2612bb209ea52d00e.jpg,,,,,,maturity=correctness(dry/green/tender)
34_jpg.rf.f4c8e85955fd4bfac38b4fb64df94994,coconut-veirf-v5/train,Dataset/coconut-veirf-v5/train/images/34_jpg.rf.f4c8e85955fd4bfac38b4fb64df94994.jpg,,,,,,maturity=correctness(dry/green/tender)
36_jpg.rf.7837e37c3ba45540cbfb71b462bf8486,coconut-veirf-v5/train,Dataset/coconut-veirf-v5/train/images/36_jpg.rf.7837e37c3ba45540cbfb71b462bf8486.jpg,,,,,,maturity=correctness(dry/green/tender)
36_jpg.rf.8a0d468fdc442c0608ef320df67ab17c,coconut-veirf-v5/train,Dataset/coconut-veirf-v5/train/images/36_jpg.rf.8a0d468fdc442c0608ef320df67ab17c.jpg,,,,,,maturity=correctness(dry/green/tender)
36_jpg.rf.952962e5ac3fce069afda8e2c14fc12b,coconut-veirf-v5/train,Dataset/coconut-veirf-v5/train/images/36_jpg.rf.952962e5ac3fce069afda8e2c14fc12b.jpg,,,,,,maturity=correctness(dry/green/tender)
38_jpg.rf.104c164537be4e2633e0e79ccdc6455d,coconut-veirf-v5/train,Dataset/coconut-veirf-v5/train/images/38_jpg.rf.104c164537be4e2633e0e79ccdc6455d.jpg,,,,,,maturity=correctness(dry/green/tender)
38_jpg.rf.7b64e0cb02622738a12633e7693bcf2c,coconut-veirf-v5/train,Dataset/coconut-veirf-v5/train/images/38_jpg.rf.7b64e0cb02622738a12633e7693bcf2c.jpg,,,,,,maturity=correctness(dry/green/tender)
38_jpg.rf.e000d49d1a179ea85801d4741a9407e9,coconut-veirf-v5/train,Dataset/coconut-veirf-v5/train/images/38_jpg.rf.e000d49d1a179ea85801d4741a9407e9.jpg,,,,,,maturity=correctness(dry/green/tender)
39_jpg.rf.01e3b40bbe1bd4bf8ecdb39b97e43da9,coconut-veirf-v5/train,Dataset/coconut-veirf-v5/train/images/39_jpg.rf.01e3b40bbe1bd4bf8ecdb39b97e43da9.jpg,,,,,,maturity=correctness(dry/green/tender)
39_jpg.rf.1d8f5b8c30b5a56801c0f2f9b64a3779,coconut-veirf-v5/train,Dataset/coconut-veirf-v5/train/images/39_jpg.rf.1d8f5b8c30b5a56801c0f2f9b64a3779.jpg,,,,,,maturity=correctness(dry/green/tender)
39_jpg.rf.9b18809ee4440f4b252c76395cdaae50,coconut-veirf-v5/train,Dataset/coconut-veirf-v5/train/images/39_jpg.rf.9b18809ee4440f4b252c76395cdaae50.jpg,,,,,,maturity=correctness(dry/green/tender)
3_jpg.rf.6937fa6e31479a856f78019a8ce1b908,coconut-veirf-v5/train,Dataset/coconut-veirf-v5/train/images/3_jpg.rf.6937fa6e31479a856f78019a8ce1b908.jpg,,,,,,maturity=correctness(dry/green/tender)
3_jpg.rf.b31c79c6786396c03f93ed84579849a4,coconut-veirf-v5/train,Dataset/coconut-veirf-v5/train/images/3_jpg.rf.b31c79c6786396c03f93ed84579849a4.jpg,,,,,,maturity=correctness(dry/green/tender)
3_jpg.rf.f227a447530ab9f95be5f4ead8b25683,coconut-veirf-v5/train,Dataset/coconut-veirf-v5/train/images/3_jpg.rf.f227a447530ab9f95be5f4ead8b25683.jpg,,,,,,maturity=correctness(dry/green/tender)
40_jpg.rf.76a4805d480e15118c23b8d12afd4406,coconut-veirf-v5/train,Dataset/coconut-veirf-v5/train/images/40_jpg.rf.76a4805d480e15118c23b8d12afd4406.jpg,,,,,,maturity=correctness(dry/green/tender)
40_jpg.rf.94a2cc0644850fe6adb6d8b0e8c75e44,coconut-veirf-v5/train,Dataset/coconut-veirf-v5/train/images/40_jpg.rf.94a2cc0644850fe6adb6d8b0e8c75e44.jpg,,,,,,maturity=correctness(dry/green/tender)
40_jpg.rf.97aa8584e21a63a6fb76dfed1160fceb,coconut-veirf-v5/train,Dataset/coconut-veirf-v5/train/images/40_jpg.rf.97aa8584e21a63a6fb76dfed1160fceb.jpg,,,,,,maturity=correctness(dry/green/tender)
42_jpg.rf.0662d18340bf533a3ffdc83369597cdd,coconut-veirf-v5/train,Dataset/coconut-veirf-v5/train/images/42_jpg.rf.0662d18340bf533a3ffdc83369597cdd.jpg,,,,,,maturity=correctness(dry/green/tender)
42_jpg.rf.5bfeb30ed6c1876a0568efb7663d76a3,coconut-veirf-v5/train,Dataset/coconut-veirf-v5/train/images/42_jpg.rf.5bfeb30ed6c1876a0568efb7663d76a3.jpg,,,,,,maturity=correctness(dry/green/tender)
42_jpg.rf.ba0aaa1d4e468da7a7182a093ae00f71,coconut-veirf-v5/train,Dataset/coconut-veirf-v5/train/images/42_jpg.rf.ba0aaa1d4e468da7a7182a093ae00f71.jpg,,,,,,maturity=correctness(dry/green/tender)
43_jpg.rf.12caf20ef00b3c78b80ce420c33c7c0d,coconut-veirf-v5/train,Dataset/coconut-veirf-v5/train/images/43_jpg.rf.12caf20ef00b3c78b80ce420c33c7c0d.jpg,,,,,,maturity=correctness(dry/green/tender)
43_jpg.rf.4a5989e67be834e3ca4268b9f1b87e59,coconut-veirf-v5/train,Dataset/coconut-veirf-v5/train/images/43_jpg.rf.4a5989e67be834e3ca4268b9f1b87e59.jpg,,,,,,maturity=correctness(dry/green/tender)
43_jpg.rf.fa037c3c00169e1d82a721520e802772,coconut-veirf-v5/train,Dataset/coconut-veirf-v5/train/images/43_jpg.rf.fa037c3c00169e1d82a721520e802772.jpg,,,,,,maturity=correctness(dry/green/tender)
46_jpeg.rf.2750d55988fa9becfcd23883bf3763e9,coconut-veirf-v5/train,Dataset/coconut-veirf-v5/train/images/46_jpeg.rf.2750d55988fa9becfcd23883bf3763e9.jpg,,,,,,maturity=correctness(dry/green/tender)
46_jpeg.rf.64bc7c255b693d62b7b2a03ef123ba92,coconut-veirf-v5/train,Dataset/coconut-veirf-v5/train/images/46_jpeg.rf.64bc7c255b693d62b7b2a03ef123ba92.jpg,,,,,,maturity=correctness(dry/green/tender)
46_jpeg.rf.89b89d4f3641e4a6f16e07e8169acef8,coconut-veirf-v5/train,Dataset/coconut-veirf-v5/train/images/46_jpeg.rf.89b89d4f3641e4a6f16e07e8169acef8.jpg,,,,,,maturity=correctness(dry/green/tender)
47_jpg.rf.876ae0012f9fcdcf1b35cc5e6b89c905,coconut-veirf-v5/train,Dataset/coconut-veirf-v5/train/images/47_jpg.rf.876ae0012f9fcdcf1b35cc5e6b89c905.jpg,,,,,,maturity=correctness(dry/green/tender)
47_jpg.rf.8c282e7e950574dd99473cd103682d5a,coconut-veirf-v5/train,Dataset/coconut-veirf-v5/train/images/47_jpg.rf.8c282e7e950574dd99473cd103682d5a.jpg,,,,,,maturity=correctness(dry/green/tender)
47_jpg.rf.a4367f8a36e730e3980e3e5c27bc3702,coconut-veirf-v5/train,Dataset/coconut-veirf-v5/train/images/47_jpg.rf.a4367f8a36e730e3980e3e5c27bc3702.jpg,,,,,,maturity=correctness(dry/green/tender)
48_jpg.rf.162507dce48b48a4c6ad4644449cd8da,coconut-veirf-v5/train,Dataset/coconut-veirf-v5/train/images/48_jpg.rf.162507dce48b48a4c6ad4644449cd8da.jpg,,,,,,maturity=correctness(dry/green/tender)
48_jpg.rf.9198c4ace81b0b05437fd612a9298e89,coconut-veirf-v5/train,Dataset/coconut-veirf-v5/train/images/48_jpg.rf.9198c4ace81b0b05437fd612a9298e89.jpg,,,,,,maturity=correctness(dry/green/tender)
48_jpg.rf.c4475542948b60a5144502e9309d968e,coconut-veirf-v5/train,Dataset/coconut-veirf-v5/train/images/48_jpg.rf.c4475542948b60a5144502e9309d968e.jpg,,,,,,maturity=correctness(dry/green/tender)
4_jpg.rf.90cc60a388bbe16cf73c3f6ce4800654,coconut-veirf-v5/train,Dataset/coconut-veirf-v5/train/images/4_jpg.rf.90cc60a388bbe16cf73c3f6ce4800654.jpg,,,,,,maturity=correctness(dry/green/tender)
4_jpg.rf.bec8f107e36b746594eb6dfc4b5ba2a6,coconut-veirf-v5/train,Dataset/coconut-veirf-v5/train/images/4_jpg.rf.bec8f107e36b746594eb6dfc4b5ba2a6.jpg,,,,,,maturity=correctness(dry/green/tender)
4_jpg.rf.c2399647e4031d11797fc7348ea3effa,coconut-veirf-v5/train,Dataset/coconut-veirf-v5/train/images/4_jpg.rf.c2399647e4031d11797fc7348ea3effa.jpg,,,,,,maturity=correctness(dry/green/tender)
501_jpg.rf.9a5f9ac368cdeadb06940afa7f53ba83,coconut-veirf-v5/train,Dataset/coconut-veirf-v5/train/images/501_jpg.rf.9a5f9ac368cdeadb06940afa7f53ba83.jpg,,,,,,maturity=correctness(dry/green/tender)
501_jpg.rf.9d21625812e42028723b5b879eec2b1c,coconut-veirf-v5/train,Dataset/coconut-veirf-v5/train/images/501_jpg.rf.9d21625812e42028723b5b879eec2b1c.jpg,,,,,,maturity=correctness(dry/green/tender)
501_jpg.rf.fa616f31b4a9cd2d82c525c239ce4e7e,coconut-veirf-v5/train,Dataset/coconut-veirf-v5/train/images/501_jpg.rf.fa616f31b4a9cd2d82c525c239ce4e7e.jpg,,,,,,maturity=correctness(dry/green/tender)
502_jpg.rf.49cec2105f0387a9efa78757e53f053f,coconut-veirf-v5/train,Dataset/coconut-veirf-v5/train/images/502_jpg.rf.49cec2105f0387a9efa78757e53f053f.jpg,,,,,,maturity=correctness(dry/green/tender)
502_jpg.rf.91a7f9e5bc0130421224837b50e6ce8b,coconut-veirf-v5/train,Dataset/coconut-veirf-v5/train/images/502_jpg.rf.91a7f9e5bc0130421224837b50e6ce8b.jpg,,,,,,maturity=correctness(dry/green/tender)
502_jpg.rf.d66bafc527c3d14aaf5061f814d613a7,coconut-veirf-v5/train,Dataset/coconut-veirf-v5/train/images/502_jpg.rf.d66bafc527c3d14aaf5061f814d613a7.jpg,,,,,,maturity=correctness(dry/green/tender)
504_jpg.rf.7abac987b59f963f19ed4665f23874a3,coconut-veirf-v5/train,Dataset/coconut-veirf-v5/train/images/504_jpg.rf.7abac987b59f963f19ed4665f23874a3.jpg,,,,,,maturity=correctness(dry/green/tender)
504_jpg.rf.f03986235faddf3d76bde2ae69c27133,coconut-veirf-v5/train,Dataset/coconut-veirf-v5/train/images/504_jpg.rf.f03986235faddf3d76bde2ae69c27133.jpg,,,,,,maturity=correctness(dry/green/tender)
504_jpg.rf.fb37aea635d16bca141136d01f7b8e79,coconut-veirf-v5/train,Dataset/coconut-veirf-v5/train/images/504_jpg.rf.fb37aea635d16bca141136d01f7b8e79.jpg,,,,,,maturity=correctness(dry/green/tender)
506_jpg.rf.19e0fcaaadff345f7cb9f44b17e18479,coconut-veirf-v5/train,Dataset/coconut-veirf-v5/train/images/506_jpg.rf.19e0fcaaadff345f7cb9f44b17e18479.jpg,,,,,,maturity=correctness(dry/green/tender)
506_jpg.rf.848ac0850b367a3dafdb882c54a05000,coconut-veirf-v5/train,Dataset/coconut-veirf-v5/train/images/506_jpg.rf.848ac0850b367a3dafdb882c54a05000.jpg,,,,,,maturity=correctness(dry/green/tender)
506_jpg.rf.8daa08b56c01da69d0bf25b7e3e0d4e5,coconut-veirf-v5/train,Dataset/coconut-veirf-v5/train/images/506_jpg.rf.8daa08b56c01da69d0bf25b7e3e0d4e5.jpg,,,,,,maturity=correctness(dry/green/tender)
507_jpg.rf.1e65a32574ecf50fd4c7b706ec4e186a,coconut-veirf-v5/train,Dataset/coconut-veirf-v5/train/images/507_jpg.rf.1e65a32574ecf50fd4c7b706ec4e186a.jpg,,,,,,maturity=correctness(dry/green/tender)
507_jpg.rf.3b6eb6cb653f2eb94ade12c00b4de2fb,coconut-veirf-v5/train,Dataset/coconut-veirf-v5/train/images/507_jpg.rf.3b6eb6cb653f2eb94ade12c00b4de2fb.jpg,,,,,,maturity=correctness(dry/green/tender)
507_jpg.rf.6737b02ca9cded911ad8a7deaffb2a7b,coconut-veirf-v5/train,Dataset/coconut-veirf-v5/train/images/507_jpg.rf.6737b02ca9cded911ad8a7deaffb2a7b.jpg,,,,,,maturity=correctness(dry/green/tender)
508_jpg.rf.2d2aaeb4dc70ff23e2629495dbc607bc,coconut-veirf-v5/train,Dataset/coconut-veirf-v5/train/images/508_jpg.rf.2d2aaeb4dc70ff23e2629495dbc607bc.jpg,,,,,,maturity=correctness(dry/green/tender)
508_jpg.rf.69bac82f7418734ac625a651eb5b9f0b,coconut-veirf-v5/train,Dataset/coconut-veirf-v5/train/images/508_jpg.rf.69bac82f7418734ac625a651eb5b9f0b.jpg,,,,,,maturity=correctness(dry/green/tender)
508_jpg.rf.7e37e592b4edee860014e12f17287229,coconut-veirf-v5/train,Dataset/coconut-veirf-v5/train/images/508_jpg.rf.7e37e592b4edee860014e12f17287229.jpg,,,,,,maturity=correctness(dry/green/tender)
509_jpg.rf.125178ec68e7dd7954ccb5e9915e29b3,coconut-veirf-v5/train,Dataset/coconut-veirf-v5/train/images/509_jpg.rf.125178ec68e7dd7954ccb5e9915e29b3.jpg,,,,,,maturity=correctness(dry/green/tender)
509_jpg.rf.421f962f7ad66cfb5cc48ea81ff03470,coconut-veirf-v5/train,Dataset/coconut-veirf-v5/train/images/509_jpg.rf.421f962f7ad66cfb5cc48ea81ff03470.jpg,,,,,,maturity=correctness(dry/green/tender)
509_jpg.rf.a0201056580915aa09b43d836a1e51b4,coconut-veirf-v5/train,Dataset/coconut-veirf-v5/train/images/509_jpg.rf.a0201056580915aa09b43d836a1e51b4.jpg,,,,,,maturity=correctness(dry/green/tender)
513_jpg.rf.13d24c65554ce8cfc7ab569626cf1412,coconut-veirf-v5/train,Dataset/coconut-veirf-v5/train/images/513_jpg.rf.13d24c65554ce8cfc7ab569626cf1412.jpg,,,,,,maturity=correctness(dry/green/tender)
513_jpg.rf.642fda394340043b78d7bb3f76c9eb34,coconut-veirf-v5/train,Dataset/coconut-veirf-v5/train/images/513_jpg.rf.642fda394340043b78d7bb3f76c9eb34.jpg,,,,,,maturity=correctness(dry/green/tender)
513_jpg.rf.67ac9206bb9d5aa02588410c4e23296d,coconut-veirf-v5/train,Dataset/coconut-veirf-v5/train/images/513_jpg.rf.67ac9206bb9d5aa02588410c4e23296d.jpg,,,,,,maturity=correctness(dry/green/tender)
514_jpg.rf.2ba42d818c28242adfb4264b5f6b6438,coconut-veirf-v5/train,Dataset/coconut-veirf-v5/train/images/514_jpg.rf.2ba42d818c28242adfb4264b5f6b6438.jpg,,,,,,maturity=correctness(dry/green/tender)
514_jpg.rf.ba74feb9ee2bb0cb37be63302d110ab9,coconut-veirf-v5/train,Dataset/coconut-veirf-v5/train/images/514_jpg.rf.ba74feb9ee2bb0cb37be63302d110ab9.jpg,,,,,,maturity=correctness(dry/green/tender)
514_jpg.rf.cde5daf6474f0c7e3697a5232a941f3d,coconut-veirf-v5/train,Dataset/coconut-veirf-v5/train/images/514_jpg.rf.cde5daf6474f0c7e3697a5232a941f3d.jpg,,,,,,maturity=correctness(dry/green/tender)
516_jpg.rf.1a416d307a1d68c5962520fc6bfccc46,coconut-veirf-v5/train,Dataset/coconut-veirf-v5/train/images/516_jpg.rf.1a416d307a1d68c5962520fc6bfccc46.jpg,,,,,,maturity=correctness(dry/green/tender)
516_jpg.rf.72753618b4028203ccdb805df7af802b,coconut-veirf-v5/train,Dataset/coconut-veirf-v5/train/images/516_jpg.rf.72753618b4028203ccdb805df7af802b.jpg,,,,,,maturity=correctness(dry/green/tender)
516_jpg.rf.dd94a0c54810f7559e1b54bc49435e17,coconut-veirf-v5/train,Dataset/coconut-veirf-v5/train/images/516_jpg.rf.dd94a0c54810f7559e1b54bc49435e17.jpg,,,,,,maturity=correctness(dry/green/tender)
518_jpg.rf.4329c5f3c504e873318684dab0f1811f,coconut-veirf-v5/train,Dataset/coconut-veirf-v5/train/images/518_jpg.rf.4329c5f3c504e873318684dab0f1811f.jpg,,,,,,maturity=correctness(dry/green/tender)
518_jpg.rf.463edceaf8aefe2aa0a5f8342fa0534a,coconut-veirf-v5/train,Dataset/coconut-veirf-v5/train/images/518_jpg.rf.463edceaf8aefe2aa0a5f8342fa0534a.jpg,,,,,,maturity=correctness(dry/green/tender)
518_jpg.rf.8c5a667ecb4ab16539063a81fa440c90,coconut-veirf-v5/train,Dataset/coconut-veirf-v5/train/images/518_jpg.rf.8c5a667ecb4ab16539063a81fa440c90.jpg,,,,,,maturity=correctness(dry/green/tender)
520_jpg.rf.7e6b38414bffbebfac03d0b9c62f87d9,coconut-veirf-v5/train,Dataset/coconut-veirf-v5/train/images/520_jpg.rf.7e6b38414bffbebfac03d0b9c62f87d9.jpg,,,,,,maturity=correctness(dry/green/tender)
520_jpg.rf.8837fe0cbc43622cc32d832acbd0dc9d,coconut-veirf-v5/train,Dataset/coconut-veirf-v5/train/images/520_jpg.rf.8837fe0cbc43622cc32d832acbd0dc9d.jpg,,,,,,maturity=correctness(dry/green/tender)
520_jpg.rf.c9df51e619e75109bffc22e782df7501,coconut-veirf-v5/train,Dataset/coconut-veirf-v5/train/images/520_jpg.rf.c9df51e619e75109bffc22e782df7501.jpg,,,,,,maturity=correctness(dry/green/tender)
523_jpg.rf.1880becd8b27f0a9f10b2fc52852d344,coconut-veirf-v5/train,Dataset/coconut-veirf-v5/train/images/523_jpg.rf.1880becd8b27f0a9f10b2fc52852d344.jpg,,,,,,maturity=correctness(dry/green/tender)
523_jpg.rf.2b5f817c145ccd254e72f6685a1ae693,coconut-veirf-v5/train,Dataset/coconut-veirf-v5/train/images/523_jpg.rf.2b5f817c145ccd254e72f6685a1ae693.jpg,,,,,,maturity=correctness(dry/green/tender)
523_jpg.rf.817915143b47ff62f61f80f47d5f676a,coconut-veirf-v5/train,Dataset/coconut-veirf-v5/train/images/523_jpg.rf.817915143b47ff62f61f80f47d5f676a.jpg,,,,,,maturity=correctness(dry/green/tender)
525_jpg.rf.403c5a83df159f1ec7e02a8578f0e302,coconut-veirf-v5/train,Dataset/coconut-veirf-v5/train/images/525_jpg.rf.403c5a83df159f1ec7e02a8578f0e302.jpg,,,,,,maturity=correctness(dry/green/tender)
525_jpg.rf.8532c2f4648da67b19c560f737a6b5a8,coconut-veirf-v5/train,Dataset/coconut-veirf-v5/train/images/525_jpg.rf.8532c2f4648da67b19c560f737a6b5a8.jpg,,,,,,maturity=correctness(dry/green/tender)
525_jpg.rf.b63bf8ea1d4b05552a9d8c1b2add0c2f,coconut-veirf-v5/train,Dataset/coconut-veirf-v5/train/images/525_jpg.rf.b63bf8ea1d4b05552a9d8c1b2add0c2f.jpg,,,,,,maturity=correctness(dry/green/tender)
527_jpg.rf.37261b6d3a935e058983b6629152994a,coconut-veirf-v5/train,Dataset/coconut-veirf-v5/train/images/527_jpg.rf.37261b6d3a935e058983b6629152994a.jpg,,,,,,maturity=correctness(dry/green/tender)
527_jpg.rf.70f0c17f9e460089b2fa17a2a97b3a98,coconut-veirf-v5/train,Dataset/coconut-veirf-v5/train/images/527_jpg.rf.70f0c17f9e460089b2fa17a2a97b3a98.jpg,,,,,,maturity=correctness(dry/green/tender)
527_jpg.rf.e41a2ad931c9e7c65e0325caae8d1e79,coconut-veirf-v5/train,Dataset/coconut-veirf-v5/train/images/527_jpg.rf.e41a2ad931c9e7c65e0325caae8d1e79.jpg,,,,,,maturity=correctness(dry/green/tender)
531_jpg.rf.3361befe8070c6e7264e0d53a883882a,coconut-veirf-v5/train,Dataset/coconut-veirf-v5/train/images/531_jpg.rf.3361befe8070c6e7264e0d53a883882a.jpg,,,,,,maturity=correctness(dry/green/tender)
531_jpg.rf.b982c21d8a4493b267d29463815cdf32,coconut-veirf-v5/train,Dataset/coconut-veirf-v5/train/images/531_jpg.rf.b982c21d8a4493b267d29463815cdf32.jpg,,,,,,maturity=correctness(dry/green/tender)
531_jpg.rf.d94e02e36bcc39260ddf3a64910c39fc,coconut-veirf-v5/train,Dataset/coconut-veirf-v5/train/images/531_jpg.rf.d94e02e36bcc39260ddf3a64910c39fc.jpg,,,,,,maturity=correctness(dry/green/tender)
536_jpg.rf.2b30660021b1bf5575670cf96ce2b134,coconut-veirf-v5/train,Dataset/coconut-veirf-v5/train/images/536_jpg.rf.2b30660021b1bf5575670cf96ce2b134.jpg,,,,,,maturity=correctness(dry/green/tender)
536_jpg.rf.b6c4622b5c347da5034168168250c6db,coconut-veirf-v5/train,Dataset/coconut-veirf-v5/train/images/536_jpg.rf.b6c4622b5c347da5034168168250c6db.jpg,,,,,,maturity=correctness(dry/green/tender)
536_jpg.rf.daf8b0e6be9984425605349b09b12e3b,coconut-veirf-v5/train,Dataset/coconut-veirf-v5/train/images/536_jpg.rf.daf8b0e6be9984425605349b09b12e3b.jpg,,,,,,maturity=correctness(dry/green/tender)
539_jpg.rf.878008acc47baaf78c19b5205290a4f8,coconut-veirf-v5/train,Dataset/coconut-veirf-v5/train/images/539_jpg.rf.878008acc47baaf78c19b5205290a4f8.jpg,,,,,,maturity=correctness(dry/green/tender)
539_jpg.rf.a9f8d5d5f4795dd18d6a26b54409b2a1,coconut-veirf-v5/train,Dataset/coconut-veirf-v5/train/images/539_jpg.rf.a9f8d5d5f4795dd18d6a26b54409b2a1.jpg,,,,,,maturity=correctness(dry/green/tender)
539_jpg.rf.e28bdc652238a5f95f070581717482b2,coconut-veirf-v5/train,Dataset/coconut-veirf-v5/train/images/539_jpg.rf.e28bdc652238a5f95f070581717482b2.jpg,,,,,,maturity=correctness(dry/green/tender)
53_jpg.rf.03b5f16024d3d42300c2c78baa12c48f,coconut-veirf-v5/train,Dataset/coconut-veirf-v5/train/images/53_jpg.rf.03b5f16024d3d42300c2c78baa12c48f.jpg,,,,,,maturity=correctness(dry/green/tender)
53_jpg.rf.dbdc74b629286a563a40a8a4af17ec39,coconut-veirf-v5/train,Dataset/coconut-veirf-v5/train/images/53_jpg.rf.dbdc74b629286a563a40a8a4af17ec39.jpg,,,,,,maturity=correctness(dry/green/tender)
53_jpg.rf.e5298499c271a314b33d851c0bf911ce,coconut-veirf-v5/train,Dataset/coconut-veirf-v5/train/images/53_jpg.rf.e5298499c271a314b33d851c0bf911ce.jpg,,,,,,maturity=correctness(dry/green/tender)
540_jpg.rf.93d96a1fde5e691b07018ab34385029c,coconut-veirf-v5/train,Dataset/coconut-veirf-v5/train/images/540_jpg.rf.93d96a1fde5e691b07018ab34385029c.jpg,,,,,,maturity=correctness(dry/green/tender)
540_jpg.rf.b1a316e088d3b5fb13c21ec380087012,coconut-veirf-v5/train,Dataset/coconut-veirf-v5/train/images/540_jpg.rf.b1a316e088d3b5fb13c21ec380087012.jpg,,,,,,maturity=correctness(dry/green/tender)
540_jpg.rf.d770c07eeee5b9d2fb82938bd426750c,coconut-veirf-v5/train,Dataset/coconut-veirf-v5/train/images/540_jpg.rf.d770c07eeee5b9d2fb82938bd426750c.jpg,,,,,,maturity=correctness(dry/green/tender)
541_jpg.rf.38298aa5326e97cf5ea0fd58efa545f9,coconut-veirf-v5/train,Dataset/coconut-veirf-v5/train/images/541_jpg.rf.38298aa5326e97cf5ea0fd58efa545f9.jpg,,,,,,maturity=correctness(dry/green/tender)
541_jpg.rf.89e6749fa7ed55922e04b4d42c24c678,coconut-veirf-v5/train,Dataset/coconut-veirf-v5/train/images/541_jpg.rf.89e6749fa7ed55922e04b4d42c24c678.jpg,,,,,,maturity=correctness(dry/green/tender)
541_jpg.rf.8fcb1b46e99504546017c2d4b2a5a02c,coconut-veirf-v5/train,Dataset/coconut-veirf-v5/train/images/541_jpg.rf.8fcb1b46e99504546017c2d4b2a5a02c.jpg,,,,,,maturity=correctness(dry/green/tender)
542_jpg.rf.00c57ec342d09a86b90a160bc5069dea,coconut-veirf-v5/train,Dataset/coconut-veirf-v5/train/images/542_jpg.rf.00c57ec342d09a86b90a160bc5069dea.jpg,,,,,,maturity=correctness(dry/green/tender)
542_jpg.rf.5244bcdc243009a81bd4795689ced37d,coconut-veirf-v5/train,Dataset/coconut-veirf-v5/train/images/542_jpg.rf.5244bcdc243009a81bd4795689ced37d.jpg,,,,,,maturity=correctness(dry/green/tender)
542_jpg.rf.c18d969b65116b6c933bb462085b28cb,coconut-veirf-v5/train,Dataset/coconut-veirf-v5/train/images/542_jpg.rf.c18d969b65116b6c933bb462085b28cb.jpg,,,,,,maturity=correctness(dry/green/tender)
543_jpg.rf.63bd4fcb715cc4096c87c2d0f6ca9841,coconut-veirf-v5/train,Dataset/coconut-veirf-v5/train/images/543_jpg.rf.63bd4fcb715cc4096c87c2d0f6ca9841.jpg,,,,,,maturity=correctness(dry/green/tender)
543_jpg.rf.baabbb1549c39b76243fcbfceb6d98d9,coconut-veirf-v5/train,Dataset/coconut-veirf-v5/train/images/543_jpg.rf.baabbb1549c39b76243fcbfceb6d98d9.jpg,,,,,,maturity=correctness(dry/green/tender)
543_jpg.rf.fbd27bc0f3f35ac44ad06b8312d6b972,coconut-veirf-v5/train,Dataset/coconut-veirf-v5/train/images/543_jpg.rf.fbd27bc0f3f35ac44ad06b8312d6b972.jpg,,,,,,maturity=correctness(dry/green/tender)
544_jpg.rf.02669eb649287ed8e9d3a97bb86d91c6,coconut-veirf-v5/train,Dataset/coconut-veirf-v5/train/images/544_jpg.rf.02669eb649287ed8e9d3a97bb86d91c6.jpg,,,,,,maturity=correctness(dry/green/tender)
544_jpg.rf.749eab67e22772f0008e4a48d5b7fb9b,coconut-veirf-v5/train,Dataset/coconut-veirf-v5/train/images/544_jpg.rf.749eab67e22772f0008e4a48d5b7fb9b.jpg,,,,,,maturity=correctness(dry/green/tender)
544_jpg.rf.7c11bf9f121da77e03deb57a79d318c3,coconut-veirf-v5/train,Dataset/coconut-veirf-v5/train/images/544_jpg.rf.7c11bf9f121da77e03deb57a79d318c3.jpg,,,,,,maturity=correctness(dry/green/tender)
54_jpg.rf.0a35edb71587caf593e6ef256d3fa0e4,coconut-veirf-v5/train,Dataset/coconut-veirf-v5/train/images/54_jpg.rf.0a35edb71587caf593e6ef256d3fa0e4.jpg,,,,,,maturity=correctness(dry/green/tender)
54_jpg.rf.2465508ed468ec39719c83c7989dacc0,coconut-veirf-v5/train,Dataset/coconut-veirf-v5/train/images/54_jpg.rf.2465508ed468ec39719c83c7989dacc0.jpg,,,,,,maturity=correctness(dry/green/tender)
54_jpg.rf.e5ad4efb0d9b3dde6082da86cff17df1,coconut-veirf-v5/train,Dataset/coconut-veirf-v5/train/images/54_jpg.rf.e5ad4efb0d9b3dde6082da86cff17df1.jpg,,,,,,maturity=correctness(dry/green/tender)
55_jpeg.rf.1b2dd7bacf946b5ba085df8a1d4e7869,coconut-veirf-v5/train,Dataset/coconut-veirf-v5/train/images/55_jpeg.rf.1b2dd7bacf946b5ba085df8a1d4e7869.jpg,,,,,,maturity=correctness(dry/green/tender)
55_jpeg.rf.618cc26f1f2def545f56759838958473,coconut-veirf-v5/train,Dataset/coconut-veirf-v5/train/images/55_jpeg.rf.618cc26f1f2def545f56759838958473.jpg,,,,,,maturity=correctness(dry/green/tender)
55_jpeg.rf.be602dc4edfb08528ff573962392ccca,coconut-veirf-v5/train,Dataset/coconut-veirf-v5/train/images/55_jpeg.rf.be602dc4edfb08528ff573962392ccca.jpg,,,,,,maturity=correctness(dry/green/tender)
56_jpg.rf.587e69ffcef686e2631f3dcdb569fee8,coconut-veirf-v5/train,Dataset/coconut-veirf-v5/train/images/56_jpg.rf.587e69ffcef686e2631f3dcdb569fee8.jpg,,,,,,maturity=correctness(dry/green/tender)
56_jpg.rf.ce1409e428763b5415873e3dcfc1a726,coconut-veirf-v5/train,Dataset/coconut-veirf-v5/train/images/56_jpg.rf.ce1409e428763b5415873e3dcfc1a726.jpg,,,,,,maturity=correctness(dry/green/tender)
56_jpg.rf.ec3a06eb922ab197f7dab49bde465202,coconut-veirf-v5/train,Dataset/coconut-veirf-v5/train/images/56_jpg.rf.ec3a06eb922ab197f7dab49bde465202.jpg,,,,,,maturity=correctness(dry/green/tender)
58_jpg.rf.04ec6de6b183c7dacc6f7bde7cb42774,coconut-veirf-v5/train,Dataset/coconut-veirf-v5/train/images/58_jpg.rf.04ec6de6b183c7dacc6f7bde7cb42774.jpg,,,,,,maturity=correctness(dry/green/tender)
58_jpg.rf.7680f50bbb1f24b301756017a01aa382,coconut-veirf-v5/train,Dataset/coconut-veirf-v5/train/images/58_jpg.rf.7680f50bbb1f24b301756017a01aa382.jpg,,,,,,maturity=correctness(dry/green/tender)
58_jpg.rf.96c5842b03800fb507cb3fc9e9a4814c,coconut-veirf-v5/train,Dataset/coconut-veirf-v5/train/images/58_jpg.rf.96c5842b03800fb507cb3fc9e9a4814c.jpg,,,,,,maturity=correctness(dry/green/tender)
59_jpg.rf.249dd57533fc4712d9d736a92007b613,coconut-veirf-v5/train,Dataset/coconut-veirf-v5/train/images/59_jpg.rf.249dd57533fc4712d9d736a92007b613.jpg,,,,,,maturity=correctness(dry/green/tender)
59_jpg.rf.2877b849b5b8f8c4f4073f011a0f4067,coconut-veirf-v5/train,Dataset/coconut-veirf-v5/train/images/59_jpg.rf.2877b849b5b8f8c4f4073f011a0f4067.jpg,,,,,,maturity=correctness(dry/green/tender)
59_jpg.rf.a6c3d79c0de623b2e2d86ebb99aa966a,coconut-veirf-v5/train,Dataset/coconut-veirf-v5/train/images/59_jpg.rf.a6c3d79c0de623b2e2d86ebb99aa966a.jpg,,,,,,maturity=correctness(dry/green/tender)
601_jpg.rf.3e4c772567ccc26f3eb77b04cf1a8c5f,coconut-veirf-v5/train,Dataset/coconut-veirf-v5/train/images/601_jpg.rf.3e4c772567ccc26f3eb77b04cf1a8c5f.jpg,,,,,,maturity=correctness(dry/green/tender)
601_jpg.rf.5efbaf83401e82fa00d2fbefe92b29c4,coconut-veirf-v5/train,Dataset/coconut-veirf-v5/train/images/601_jpg.rf.5efbaf83401e82fa00d2fbefe92b29c4.jpg,,,,,,maturity=correctness(dry/green/tender)
601_jpg.rf.b871a6a047410195b66ab19f36a155d9,coconut-veirf-v5/train,Dataset/coconut-veirf-v5/train/images/601_jpg.rf.b871a6a047410195b66ab19f36a155d9.jpg,,,,,,maturity=correctness(dry/green/tender)
602_jpg.rf.2eca14d89b5f3bbbd47779e70f94d9a3,coconut-veirf-v5/train,Dataset/coconut-veirf-v5/train/images/602_jpg.rf.2eca14d89b5f3bbbd47779e70f94d9a3.jpg,,,,,,maturity=correctness(dry/green/tender)
602_jpg.rf.a5dbc24cea7819cecd74fd15666f5299,coconut-veirf-v5/train,Dataset/coconut-veirf-v5/train/images/602_jpg.rf.a5dbc24cea7819cecd74fd15666f5299.jpg,,,,,,maturity=correctness(dry/green/tender)
602_jpg.rf.f9221b428432c72aa8d31415f143c1b6,coconut-veirf-v5/train,Dataset/coconut-veirf-v5/train/images/602_jpg.rf.f9221b428432c72aa8d31415f143c1b6.jpg,,,,,,maturity=correctness(dry/green/tender)
603_jpg.rf.0f09fec456e2da4f7e8c1b8036ef109d,coconut-veirf-v5/train,Dataset/coconut-veirf-v5/train/images/603_jpg.rf.0f09fec456e2da4f7e8c1b8036ef109d.jpg,,,,,,maturity=correctness(dry/green/tender)
603_jpg.rf.1e765b6a458bd691d144bf4f2cc4f507,coconut-veirf-v5/train,Dataset/coconut-veirf-v5/train/images/603_jpg.rf.1e765b6a458bd691d144bf4f2cc4f507.jpg,,,,,,maturity=correctness(dry/green/tender)
603_jpg.rf.453ba7d6994d73c3379ffa4c9ef75150,coconut-veirf-v5/train,Dataset/coconut-veirf-v5/train/images/603_jpg.rf.453ba7d6994d73c3379ffa4c9ef75150.jpg,,,,,,maturity=correctness(dry/green/tender)
605_jpg.rf.c8d0045fe5b3c4493bec73f038c67a7d,coconut-veirf-v5/train,Dataset/coconut-veirf-v5/train/images/605_jpg.rf.c8d0045fe5b3c4493bec73f038c67a7d.jpg,,,,,,maturity=correctness(dry/green/tender)
605_jpg.rf.e2ac58671dbd256dc68cf3160c62dd58,coconut-veirf-v5/train,Dataset/coconut-veirf-v5/train/images/605_jpg.rf.e2ac58671dbd256dc68cf3160c62dd58.jpg,,,,,,maturity=correctness(dry/green/tender)
605_jpg.rf.e734c20dd5a4b6ccdff3f8d056d54b00,coconut-veirf-v5/train,Dataset/coconut-veirf-v5/train/images/605_jpg.rf.e734c20dd5a4b6ccdff3f8d056d54b00.jpg,,,,,,maturity=correctness(dry/green/tender)
607_jpg.rf.0cdaca42d4ebd1e7d162f04a11d3a3ef,coconut-veirf-v5/train,Dataset/coconut-veirf-v5/train/images/607_jpg.rf.0cdaca42d4ebd1e7d162f04a11d3a3ef.jpg,,,,,,maturity=correctness(dry/green/tender)
607_jpg.rf.4a9a54203c5b8cbb77c73fc45c5f5e3d,coconut-veirf-v5/train,Dataset/coconut-veirf-v5/train/images/607_jpg.rf.4a9a54203c5b8cbb77c73fc45c5f5e3d.jpg,,,,,,maturity=correctness(dry/green/tender)
607_jpg.rf.a194d81fc1efd254b241fa018ef3a15c,coconut-veirf-v5/train,Dataset/coconut-veirf-v5/train/images/607_jpg.rf.a194d81fc1efd254b241fa018ef3a15c.jpg,,,,,,maturity=correctness(dry/green/tender)
609_jpg.rf.595749b5b2c7443219cfd5d2c9eb9a33,coconut-veirf-v5/train,Dataset/coconut-veirf-v5/train/images/609_jpg.rf.595749b5b2c7443219cfd5d2c9eb9a33.jpg,,,,,,maturity=correctness(dry/green/tender)
609_jpg.rf.c4d390c8b6b33268474c246deec7be99,coconut-veirf-v5/train,Dataset/coconut-veirf-v5/train/images/609_jpg.rf.c4d390c8b6b33268474c246deec7be99.jpg,,,,,,maturity=correctness(dry/green/tender)
609_jpg.rf.cf048376f98c7dc031e69a1b156323a7,coconut-veirf-v5/train,Dataset/coconut-veirf-v5/train/images/609_jpg.rf.cf048376f98c7dc031e69a1b156323a7.jpg,,,,,,maturity=correctness(dry/green/tender)
60_jpg.rf.8512e6620ce2d5b0a21855361256c18d,coconut-veirf-v5/train,Dataset/coconut-veirf-v5/train/images/60_jpg.rf.8512e6620ce2d5b0a21855361256c18d.jpg,,,,,,maturity=correctness(dry/green/tender)
60_jpg.rf.b23ad82acd44895fc221376e02a2f901,coconut-veirf-v5/train,Dataset/coconut-veirf-v5/train/images/60_jpg.rf.b23ad82acd44895fc221376e02a2f901.jpg,,,,,,maturity=correctness(dry/green/tender)
60_jpg.rf.dde692e4c34abfba9bbc265849bce687,coconut-veirf-v5/train,Dataset/coconut-veirf-v5/train/images/60_jpg.rf.dde692e4c34abfba9bbc265849bce687.jpg,,,,,,maturity=correctness(dry/green/tender)
610_jpg.rf.bcedcb944da9918420f3e98abe2e9ad0,coconut-veirf-v5/train,Dataset/coconut-veirf-v5/train/images/610_jpg.rf.bcedcb944da9918420f3e98abe2e9ad0.jpg,,,,,,maturity=correctness(dry/green/tender)
610_jpg.rf.d1b0838fd4f37e6fe60c155b6b33106c,coconut-veirf-v5/train,Dataset/coconut-veirf-v5/train/images/610_jpg.rf.d1b0838fd4f37e6fe60c155b6b33106c.jpg,,,,,,maturity=correctness(dry/green/tender)
610_jpg.rf.f36149d158b89194062dd317dc7ec030,coconut-veirf-v5/train,Dataset/coconut-veirf-v5/train/images/610_jpg.rf.f36149d158b89194062dd317dc7ec030.jpg,,,,,,maturity=correctness(dry/green/tender)
612_jpg.rf.3637976aeb727ff87995e468c1ee4dcf,coconut-veirf-v5/train,Dataset/coconut-veirf-v5/train/images/612_jpg.rf.3637976aeb727ff87995e468c1ee4dcf.jpg,,,,,,maturity=correctness(dry/green/tender)
612_jpg.rf.d487b79caf271969553b6f0ab916f66e,coconut-veirf-v5/train,Dataset/coconut-veirf-v5/train/images/612_jpg.rf.d487b79caf271969553b6f0ab916f66e.jpg,,,,,,maturity=correctness(dry/green/tender)
612_jpg.rf.dc299a1b03bc00ba23703c0a7fd9b7b0,coconut-veirf-v5/train,Dataset/coconut-veirf-v5/train/images/612_jpg.rf.dc299a1b03bc00ba23703c0a7fd9b7b0.jpg,,,,,,maturity=correctness(dry/green/tender)
614_jpg.rf.3b800ac8ce0efae6bdb1cb432488c855,coconut-veirf-v5/train,Dataset/coconut-veirf-v5/train/images/614_jpg.rf.3b800ac8ce0efae6bdb1cb432488c855.jpg,,,,,,maturity=correctness(dry/green/tender)
614_jpg.rf.b37134ad0a4182f09a09081c0c74a963,coconut-veirf-v5/train,Dataset/coconut-veirf-v5/train/images/614_jpg.rf.b37134ad0a4182f09a09081c0c74a963.jpg,,,,,,maturity=correctness(dry/green/tender)
614_jpg.rf.c045dd2e9a4f1b4faee42ceb1363dfb1,coconut-veirf-v5/train,Dataset/coconut-veirf-v5/train/images/614_jpg.rf.c045dd2e9a4f1b4faee42ceb1363dfb1.jpg,,,,,,maturity=correctness(dry/green/tender)
616_jpg.rf.4035ce0e3872d6d3fd9f57b9c8612655,coconut-veirf-v5/train,Dataset/coconut-veirf-v5/train/images/616_jpg.rf.4035ce0e3872d6d3fd9f57b9c8612655.jpg,,,,,,maturity=correctness(dry/green/tender)
616_jpg.rf.67c6629282d69f15767658466b9a50b7,coconut-veirf-v5/train,Dataset/coconut-veirf-v5/train/images/616_jpg.rf.67c6629282d69f15767658466b9a50b7.jpg,,,,,,maturity=correctness(dry/green/tender)
616_jpg.rf.96ea00abbf4374eda0da8319e4894dbf,coconut-veirf-v5/train,Dataset/coconut-veirf-v5/train/images/616_jpg.rf.96ea00abbf4374eda0da8319e4894dbf.jpg,,,,,,maturity=correctness(dry/green/tender)
618_jpg.rf.07943739d399d962cc5ef5c1b456874e,coconut-veirf-v5/train,Dataset/coconut-veirf-v5/train/images/618_jpg.rf.07943739d399d962cc5ef5c1b456874e.jpg,,,,,,maturity=correctness(dry/green/tender)
618_jpg.rf.0cf4c7d877ef0f18df5d06dabd1b1358,coconut-veirf-v5/train,Dataset/coconut-veirf-v5/train/images/618_jpg.rf.0cf4c7d877ef0f18df5d06dabd1b1358.jpg,,,,,,maturity=correctness(dry/green/tender)
618_jpg.rf.25191328aeaea15aafa125a5aa5d29bb,coconut-veirf-v5/train,Dataset/coconut-veirf-v5/train/images/618_jpg.rf.25191328aeaea15aafa125a5aa5d29bb.jpg,,,,,,maturity=correctness(dry/green/tender)
619_jpg.rf.230268573d9a27eb3e13327cf60a5dea,coconut-veirf-v5/train,Dataset/coconut-veirf-v5/train/images/619_jpg.rf.230268573d9a27eb3e13327cf60a5dea.jpg,,,,,,maturity=correctness(dry/green/tender)
619_jpg.rf.9b092f3fbf33c494e11a4ebec956146b,coconut-veirf-v5/train,Dataset/coconut-veirf-v5/train/images/619_jpg.rf.9b092f3fbf33c494e11a4ebec956146b.jpg,,,,,,maturity=correctness(dry/green/tender)
619_jpg.rf.a0ff3e5a30936fbda84f4889729447b4,coconut-veirf-v5/train,Dataset/coconut-veirf-v5/train/images/619_jpg.rf.a0ff3e5a30936fbda84f4889729447b4.jpg,,,,,,maturity=correctness(dry/green/tender)
61_jpg.rf.764cccbc5950a7fc696ee3adf4c99c38,coconut-veirf-v5/train,Dataset/coconut-veirf-v5/train/images/61_jpg.rf.764cccbc5950a7fc696ee3adf4c99c38.jpg,,,,,,maturity=correctness(dry/green/tender)
61_jpg.rf.ad98d8f508e25cd28fee98454ead2bf7,coconut-veirf-v5/train,Dataset/coconut-veirf-v5/train/images/61_jpg.rf.ad98d8f508e25cd28fee98454ead2bf7.jpg,,,,,,maturity=correctness(dry/green/tender)
61_jpg.rf.ea0485b0512ef99f25b0287782ec3824,coconut-veirf-v5/train,Dataset/coconut-veirf-v5/train/images/61_jpg.rf.ea0485b0512ef99f25b0287782ec3824.jpg,,,,,,maturity=correctness(dry/green/tender)
621_jpg.rf.75e1eca1e6f189aac32355293a0bbeac,coconut-veirf-v5/train,Dataset/coconut-veirf-v5/train/images/621_jpg.rf.75e1eca1e6f189aac32355293a0bbeac.jpg,,,,,,maturity=correctness(dry/green/tender)
621_jpg.rf.91edc6ecf45bab3899d77d24dbf84157,coconut-veirf-v5/train,Dataset/coconut-veirf-v5/train/images/621_jpg.rf.91edc6ecf45bab3899d77d24dbf84157.jpg,,,,,,maturity=correctness(dry/green/tender)
621_jpg.rf.e413e4a6efacba916f3db1d244a12730,coconut-veirf-v5/train,Dataset/coconut-veirf-v5/train/images/621_jpg.rf.e413e4a6efacba916f3db1d244a12730.jpg,,,,,,maturity=correctness(dry/green/tender)
622_jpg.rf.62df9e598cf1187eb34629d11fcdf27f,coconut-veirf-v5/train,Dataset/coconut-veirf-v5/train/images/622_jpg.rf.62df9e598cf1187eb34629d11fcdf27f.jpg,,,,,,maturity=correctness(dry/green/tender)
622_jpg.rf.ac9af591cd802bdc4102008a7d3b7451,coconut-veirf-v5/train,Dataset/coconut-veirf-v5/train/images/622_jpg.rf.ac9af591cd802bdc4102008a7d3b7451.jpg,,,,,,maturity=correctness(dry/green/tender)
622_jpg.rf.bee996ca13fd56d20170121c896eb603,coconut-veirf-v5/train,Dataset/coconut-veirf-v5/train/images/622_jpg.rf.bee996ca13fd56d20170121c896eb603.jpg,,,,,,maturity=correctness(dry/green/tender)
625_jpg.rf.cf54311c745684bdbdfd415d4c451049,coconut-veirf-v5/train,Dataset/coconut-veirf-v5/train/images/625_jpg.rf.cf54311c745684bdbdfd415d4c451049.jpg,,,,,,maturity=correctness(dry/green/tender)
625_jpg.rf.d2c2111cd909f87af79229d50a1b8fbf,coconut-veirf-v5/train,Dataset/coconut-veirf-v5/train/images/625_jpg.rf.d2c2111cd909f87af79229d50a1b8fbf.jpg,,,,,,maturity=correctness(dry/green/tender)
625_jpg.rf.f7434de31e67e80fd929112e2e577c20,coconut-veirf-v5/train,Dataset/coconut-veirf-v5/train/images/625_jpg.rf.f7434de31e67e80fd929112e2e577c20.jpg,,,,,,maturity=correctness(dry/green/tender)
627_jpg.rf.69a533c9d3cec69a3175d38e4680e182,coconut-veirf-v5/train,Dataset/coconut-veirf-v5/train/images/627_jpg.rf.69a533c9d3cec69a3175d38e4680e182.jpg,,,,,,maturity=correctness(dry/green/tender)
627_jpg.rf.924497b38b26eb1403173f37af35226c,coconut-veirf-v5/train,Dataset/coconut-veirf-v5/train/images/627_jpg.rf.924497b38b26eb1403173f37af35226c.jpg,,,,,,maturity=correctness(dry/green/tender)
627_jpg.rf.dec0df2e7010974ca8e885386bb3f8d6,coconut-veirf-v5/train,Dataset/coconut-veirf-v5/train/images/627_jpg.rf.dec0df2e7010974ca8e885386bb3f8d6.jpg,,,,,,maturity=correctness(dry/green/tender)
628_jpg.rf.58b7d747f5224c697f10a19cf863e091,coconut-veirf-v5/train,Dataset/coconut-veirf-v5/train/images/628_jpg.rf.58b7d747f5224c697f10a19cf863e091.jpg,,,,,,maturity=correctness(dry/green/tender)
628_jpg.rf.9418568cd85c0756dac13613d76f506f,coconut-veirf-v5/train,Dataset/coconut-veirf-v5/train/images/628_jpg.rf.9418568cd85c0756dac13613d76f506f.jpg,,,,,,maturity=correctness(dry/green/tender)
628_jpg.rf.f88f2ae07239839237a4541f7cedb71c,coconut-veirf-v5/train,Dataset/coconut-veirf-v5/train/images/628_jpg.rf.f88f2ae07239839237a4541f7cedb71c.jpg,,,,,,maturity=correctness(dry/green/tender)
629_jpg.rf.20d7d60339bcdfccb53f55ff730007a2,coconut-veirf-v5/train,Dataset/coconut-veirf-v5/train/images/629_jpg.rf.20d7d60339bcdfccb53f55ff730007a2.jpg,,,,,,maturity=correctness(dry/green/tender)
629_jpg.rf.2ac68bb1bd9788d0c7b677b88b4fad9b,coconut-veirf-v5/train,Dataset/coconut-veirf-v5/train/images/629_jpg.rf.2ac68bb1bd9788d0c7b677b88b4fad9b.jpg,,,,,,maturity=correctness(dry/green/tender)
629_jpg.rf.4629e10de60dbfd12c27a716e6a09b99,coconut-veirf-v5/train,Dataset/coconut-veirf-v5/train/images/629_jpg.rf.4629e10de60dbfd12c27a716e6a09b99.jpg,,,,,,maturity=correctness(dry/green/tender)
62_jpg.rf.179f788a0cd4b32c17eb383993a1e911,coconut-veirf-v5/train,Dataset/coconut-veirf-v5/train/images/62_jpg.rf.179f788a0cd4b32c17eb383993a1e911.jpg,,,,,,maturity=correctness(dry/green/tender)
62_jpg.rf.52a8f52c5b254ed8a323c6bfc314ee2c,coconut-veirf-v5/train,Dataset/coconut-veirf-v5/train/images/62_jpg.rf.52a8f52c5b254ed8a323c6bfc314ee2c.jpg,,,,,,maturity=correctness(dry/green/tender)
62_jpg.rf.81d015b32ba9e4c397a4175319a6f486,coconut-veirf-v5/train,Dataset/coconut-veirf-v5/train/images/62_jpg.rf.81d015b32ba9e4c397a4175319a6f486.jpg,,,,,,maturity=correctness(dry/green/tender)
631_jpg.rf.37becedc41eec2729f5118284c33e49d,coconut-veirf-v5/train,Dataset/coconut-veirf-v5/train/images/631_jpg.rf.37becedc41eec2729f5118284c33e49d.jpg,,,,,,maturity=correctness(dry/green/tender)
631_jpg.rf.60b42426138f83015fecb3e7c09719a4,coconut-veirf-v5/train,Dataset/coconut-veirf-v5/train/images/631_jpg.rf.60b42426138f83015fecb3e7c09719a4.jpg,,,,,,maturity=correctness(dry/green/tender)
631_jpg.rf.b853fc20812568a553294b9588182500,coconut-veirf-v5/train,Dataset/coconut-veirf-v5/train/images/631_jpg.rf.b853fc20812568a553294b9588182500.jpg,,,,,,maturity=correctness(dry/green/tender)
633_jpg.rf.3e5e5d996ab2b4d734e49e1423edd487,coconut-veirf-v5/train,Dataset/coconut-veirf-v5/train/images/633_jpg.rf.3e5e5d996ab2b4d734e49e1423edd487.jpg,,,,,,maturity=correctness(dry/green/tender)
633_jpg.rf.842b3af1fb2b8dcb22a7e45e4ad6055e,coconut-veirf-v5/train,Dataset/coconut-veirf-v5/train/images/633_jpg.rf.842b3af1fb2b8dcb22a7e45e4ad6055e.jpg,,,,,,maturity=correctness(dry/green/tender)
633_jpg.rf.babc6c7f5bee6afa65a5025e59f00be6,coconut-veirf-v5/train,Dataset/coconut-veirf-v5/train/images/633_jpg.rf.babc6c7f5bee6afa65a5025e59f00be6.jpg,,,,,,maturity=correctness(dry/green/tender)
634_jpg.rf.2c9dcb27d2692de3f57c4a7413cfd7f3,coconut-veirf-v5/train,Dataset/coconut-veirf-v5/train/images/634_jpg.rf.2c9dcb27d2692de3f57c4a7413cfd7f3.jpg,,,,,,maturity=correctness(dry/green/tender)
634_jpg.rf.90a2a031090b844b45f23997d7697cda,coconut-veirf-v5/train,Dataset/coconut-veirf-v5/train/images/634_jpg.rf.90a2a031090b844b45f23997d7697cda.jpg,,,,,,maturity=correctness(dry/green/tender)
634_jpg.rf.9be71571393e3c3330a01002082434cd,coconut-veirf-v5/train,Dataset/coconut-veirf-v5/train/images/634_jpg.rf.9be71571393e3c3330a01002082434cd.jpg,,,,,,maturity=correctness(dry/green/tender)
635_jpg.rf.a059885df2bce4a69f2999e926631bc3,coconut-veirf-v5/train,Dataset/coconut-veirf-v5/train/images/635_jpg.rf.a059885df2bce4a69f2999e926631bc3.jpg,,,,,,maturity=correctness(dry/green/tender)
635_jpg.rf.b78d140914e2535bc8048e33aeb46675,coconut-veirf-v5/train,Dataset/coconut-veirf-v5/train/images/635_jpg.rf.b78d140914e2535bc8048e33aeb46675.jpg,,,,,,maturity=correctness(dry/green/tender)
635_jpg.rf.d7f7c4c1fbe0784792ea2f8323ff9bb3,coconut-veirf-v5/train,Dataset/coconut-veirf-v5/train/images/635_jpg.rf.d7f7c4c1fbe0784792ea2f8323ff9bb3.jpg,,,,,,maturity=correctness(dry/green/tender)
636_jpg.rf.175cd7721b128962c225d50ffcaf0fe7,coconut-veirf-v5/train,Dataset/coconut-veirf-v5/train/images/636_jpg.rf.175cd7721b128962c225d50ffcaf0fe7.jpg,,,,,,maturity=correctness(dry/green/tender)
636_jpg.rf.37362187e21f0ac09b679c135ffc22bf,coconut-veirf-v5/train,Dataset/coconut-veirf-v5/train/images/636_jpg.rf.37362187e21f0ac09b679c135ffc22bf.jpg,,,,,,maturity=correctness(dry/green/tender)
636_jpg.rf.69e85855f0e2e97b4461b24f245e00e7,coconut-veirf-v5/train,Dataset/coconut-veirf-v5/train/images/636_jpg.rf.69e85855f0e2e97b4461b24f245e00e7.jpg,,,,,,maturity=correctness(dry/green/tender)
637_jpg.rf.314812f2336cd2096a42f2e2ed60c2b6,coconut-veirf-v5/train,Dataset/coconut-veirf-v5/train/images/637_jpg.rf.314812f2336cd2096a42f2e2ed60c2b6.jpg,,,,,,maturity=correctness(dry/green/tender)
637_jpg.rf.50f0db19c904e14346c99ca11d6f18d4,coconut-veirf-v5/train,Dataset/coconut-veirf-v5/train/images/637_jpg.rf.50f0db19c904e14346c99ca11d6f18d4.jpg,,,,,,maturity=correctness(dry/green/tender)
637_jpg.rf.8f91f2809d11b506cbaa3e8fd42deba3,coconut-veirf-v5/train,Dataset/coconut-veirf-v5/train/images/637_jpg.rf.8f91f2809d11b506cbaa3e8fd42deba3.jpg,,,,,,maturity=correctness(dry/green/tender)
638_jpg.rf.373c2a5bfd336bdfa4016d4fa94a0315,coconut-veirf-v5/train,Dataset/coconut-veirf-v5/train/images/638_jpg.rf.373c2a5bfd336bdfa4016d4fa94a0315.jpg,,,,,,maturity=correctness(dry/green/tender)
638_jpg.rf.67329efceb7788319314d6b3777e2088,coconut-veirf-v5/train,Dataset/coconut-veirf-v5/train/images/638_jpg.rf.67329efceb7788319314d6b3777e2088.jpg,,,,,,maturity=correctness(dry/green/tender)
638_jpg.rf.e8adc5f728633e2fca6c568ce09cb160,coconut-veirf-v5/train,Dataset/coconut-veirf-v5/train/images/638_jpg.rf.e8adc5f728633e2fca6c568ce09cb160.jpg,,,,,,maturity=correctness(dry/green/tender)
63_jpg.rf.80a6fb58202f20939c4dc429ccf137b9,coconut-veirf-v5/train,Dataset/coconut-veirf-v5/train/images/63_jpg.rf.80a6fb58202f20939c4dc429ccf137b9.jpg,,,,,,maturity=correctness(dry/green/tender)
63_jpg.rf.dd2aba3902581697d20d36d20426ae10,coconut-veirf-v5/train,Dataset/coconut-veirf-v5/train/images/63_jpg.rf.dd2aba3902581697d20d36d20426ae10.jpg,,,,,,maturity=correctness(dry/green/tender)
63_jpg.rf.f19d2c6fc94b07e6d1af5d0e2a89b1b6,coconut-veirf-v5/train,Dataset/coconut-veirf-v5/train/images/63_jpg.rf.f19d2c6fc94b07e6d1af5d0e2a89b1b6.jpg,,,,,,maturity=correctness(dry/green/tender)
640_jpg.rf.0f5074580b364685e21b0b492e971b80,coconut-veirf-v5/train,Dataset/coconut-veirf-v5/train/images/640_jpg.rf.0f5074580b364685e21b0b492e971b80.jpg,,,,,,maturity=correctness(dry/green/tender)
640_jpg.rf.3714f84956bad5e78af43e8fdc98ee7c,coconut-veirf-v5/train,Dataset/coconut-veirf-v5/train/images/640_jpg.rf.3714f84956bad5e78af43e8fdc98ee7c.jpg,,,,,,maturity=correctness(dry/green/tender)
640_jpg.rf.40f1f1865442a0ce457a8cef34a15475,coconut-veirf-v5/train,Dataset/coconut-veirf-v5/train/images/640_jpg.rf.40f1f1865442a0ce457a8cef34a15475.jpg,,,,,,maturity=correctness(dry/green/tender)
642_jpg.rf.4fd26fe482783d44c5d6491712f0f9ab,coconut-veirf-v5/train,Dataset/coconut-veirf-v5/train/images/642_jpg.rf.4fd26fe482783d44c5d6491712f0f9ab.jpg,,,,,,maturity=correctness(dry/green/tender)
642_jpg.rf.6a0771430bf2f05372c89f897d1a2fc3,coconut-veirf-v5/train,Dataset/coconut-veirf-v5/train/images/642_jpg.rf.6a0771430bf2f05372c89f897d1a2fc3.jpg,,,,,,maturity=correctness(dry/green/tender)
642_jpg.rf.eb7f005d2f3ebd4af2c624550d937fa5,coconut-veirf-v5/train,Dataset/coconut-veirf-v5/train/images/642_jpg.rf.eb7f005d2f3ebd4af2c624550d937fa5.jpg,,,,,,maturity=correctness(dry/green/tender)
645_jpg.rf.4843d2a21ebcbfa06f67650cd64c9281,coconut-veirf-v5/train,Dataset/coconut-veirf-v5/train/images/645_jpg.rf.4843d2a21ebcbfa06f67650cd64c9281.jpg,,,,,,maturity=correctness(dry/green/tender)
645_jpg.rf.aeb1c76192149c8ac45daa3aa6877a74,coconut-veirf-v5/train,Dataset/coconut-veirf-v5/train/images/645_jpg.rf.aeb1c76192149c8ac45daa3aa6877a74.jpg,,,,,,maturity=correctness(dry/green/tender)
645_jpg.rf.f80a317765cd60f3686e10dc0a80983d,coconut-veirf-v5/train,Dataset/coconut-veirf-v5/train/images/645_jpg.rf.f80a317765cd60f3686e10dc0a80983d.jpg,,,,,,maturity=correctness(dry/green/tender)
646_jpg.rf.163c6b3086ff4905a600c6af037760d1,coconut-veirf-v5/train,Dataset/coconut-veirf-v5/train/images/646_jpg.rf.163c6b3086ff4905a600c6af037760d1.jpg,,,,,,maturity=correctness(dry/green/tender)
646_jpg.rf.1d863a9753bc9248e4d0d1fb0ec94ce0,coconut-veirf-v5/train,Dataset/coconut-veirf-v5/train/images/646_jpg.rf.1d863a9753bc9248e4d0d1fb0ec94ce0.jpg,,,,,,maturity=correctness(dry/green/tender)
646_jpg.rf.c5b5cbaf1e7b98fdea94695f5b2786d0,coconut-veirf-v5/train,Dataset/coconut-veirf-v5/train/images/646_jpg.rf.c5b5cbaf1e7b98fdea94695f5b2786d0.jpg,,,,,,maturity=correctness(dry/green/tender)
647_jpg.rf.022bd85f814c6ee73c1be3a9d4a857a2,coconut-veirf-v5/train,Dataset/coconut-veirf-v5/train/images/647_jpg.rf.022bd85f814c6ee73c1be3a9d4a857a2.jpg,,,,,,maturity=correctness(dry/green/tender)
647_jpg.rf.c74a9b72eb3074b750dd834d1094dd5c,coconut-veirf-v5/train,Dataset/coconut-veirf-v5/train/images/647_jpg.rf.c74a9b72eb3074b750dd834d1094dd5c.jpg,,,,,,maturity=correctness(dry/green/tender)
647_jpg.rf.eb9f86f2a47f60822f25116ae76b0d0f,coconut-veirf-v5/train,Dataset/coconut-veirf-v5/train/images/647_jpg.rf.eb9f86f2a47f60822f25116ae76b0d0f.jpg,,,,,,maturity=correctness(dry/green/tender)
649_jpg.rf.4b5d5fc44df3968dfaeb7675459187b5,coconut-veirf-v5/train,Dataset/coconut-veirf-v5/train/images/649_jpg.rf.4b5d5fc44df3968dfaeb7675459187b5.jpg,,,,,,maturity=correctness(dry/green/tender)
649_jpg.rf.521f22c3eae0bd8b5664e013470c90bd,coconut-veirf-v5/train,Dataset/coconut-veirf-v5/train/images/649_jpg.rf.521f22c3eae0bd8b5664e013470c90bd.jpg,,,,,,maturity=correctness(dry/green/tender)
649_jpg.rf.cf9e44e1aa664a040fd9d6b7b621bf9c,coconut-veirf-v5/train,Dataset/coconut-veirf-v5/train/images/649_jpg.rf.cf9e44e1aa664a040fd9d6b7b621bf9c.jpg,,,,,,maturity=correctness(dry/green/tender)
64_jpg.rf.aa806dcf5ae0d4052660254a262b411d,coconut-veirf-v5/train,Dataset/coconut-veirf-v5/train/images/64_jpg.rf.aa806dcf5ae0d4052660254a262b411d.jpg,,,,,,maturity=correctness(dry/green/tender)
64_jpg.rf.e552018f78544c26b70a55e1e196d238,coconut-veirf-v5/train,Dataset/coconut-veirf-v5/train/images/64_jpg.rf.e552018f78544c26b70a55e1e196d238.jpg,,,,,,maturity=correctness(dry/green/tender)
64_jpg.rf.ff1fc35cbb8b313ab467aec8486e7121,coconut-veirf-v5/train,Dataset/coconut-veirf-v5/train/images/64_jpg.rf.ff1fc35cbb8b313ab467aec8486e7121.jpg,,,,,,maturity=correctness(dry/green/tender)
650_jpg.rf.1fe58fced01dd321b28470edee62632a,coconut-veirf-v5/train,Dataset/coconut-veirf-v5/train/images/650_jpg.rf.1fe58fced01dd321b28470edee62632a.jpg,,,,,,maturity=correctness(dry/green/tender)
650_jpg.rf.aee7356333ff4e8e36984fc21864569a,coconut-veirf-v5/train,Dataset/coconut-veirf-v5/train/images/650_jpg.rf.aee7356333ff4e8e36984fc21864569a.jpg,,,,,,maturity=correctness(dry/green/tender)
650_jpg.rf.d175af91e7525cc40c294af20a3b1252,coconut-veirf-v5/train,Dataset/coconut-veirf-v5/train/images/650_jpg.rf.d175af91e7525cc40c294af20a3b1252.jpg,,,,,,maturity=correctness(dry/green/tender)
651_jpg.rf.4afdacf8ea8763775e04e6bfe4bb7902,coconut-veirf-v5/train,Dataset/coconut-veirf-v5/train/images/651_jpg.rf.4afdacf8ea8763775e04e6bfe4bb7902.jpg,,,,,,maturity=correctness(dry/green/tender)
651_jpg.rf.57e41378bd8c4545fa0b3a8f2edaee03,coconut-veirf-v5/train,Dataset/coconut-veirf-v5/train/images/651_jpg.rf.57e41378bd8c4545fa0b3a8f2edaee03.jpg,,,,,,maturity=correctness(dry/green/tender)
651_jpg.rf.ce46edf0b5be618797d1781b6efa8213,coconut-veirf-v5/train,Dataset/coconut-veirf-v5/train/images/651_jpg.rf.ce46edf0b5be618797d1781b6efa8213.jpg,,,,,,maturity=correctness(dry/green/tender)
653_jpg.rf.afa08fdb40ec03ad23c63e06245b22eb,coconut-veirf-v5/train,Dataset/coconut-veirf-v5/train/images/653_jpg.rf.afa08fdb40ec03ad23c63e06245b22eb.jpg,,,,,,maturity=correctness(dry/green/tender)
653_jpg.rf.b7713be3fee2b7c0fe4fb09b0c5dbdc7,coconut-veirf-v5/train,Dataset/coconut-veirf-v5/train/images/653_jpg.rf.b7713be3fee2b7c0fe4fb09b0c5dbdc7.jpg,,,,,,maturity=correctness(dry/green/tender)
653_jpg.rf.eefe3da59b9b0ce711c800bc789c104c,coconut-veirf-v5/train,Dataset/coconut-veirf-v5/train/images/653_jpg.rf.eefe3da59b9b0ce711c800bc789c104c.jpg,,,,,,maturity=correctness(dry/green/tender)
654_jpg.rf.4491895c4f875d5d07df903ab5e553b5,coconut-veirf-v5/train,Dataset/coconut-veirf-v5/train/images/654_jpg.rf.4491895c4f875d5d07df903ab5e553b5.jpg,,,,,,maturity=correctness(dry/green/tender)
654_jpg.rf.4eb8d7e0df8c32bd12a10afbd0978a3e,coconut-veirf-v5/train,Dataset/coconut-veirf-v5/train/images/654_jpg.rf.4eb8d7e0df8c32bd12a10afbd0978a3e.jpg,,,,,,maturity=correctness(dry/green/tender)
654_jpg.rf.e7048e9edbefc0c9023b195810b512cf,coconut-veirf-v5/train,Dataset/coconut-veirf-v5/train/images/654_jpg.rf.e7048e9edbefc0c9023b195810b512cf.jpg,,,,,,maturity=correctness(dry/green/tender)
655_jpg.rf.3bbc3f63d68b60daa66d24b8ffd6622f,coconut-veirf-v5/train,Dataset/coconut-veirf-v5/train/images/655_jpg.rf.3bbc3f63d68b60daa66d24b8ffd6622f.jpg,,,,,,maturity=correctness(dry/green/tender)
655_jpg.rf.b3c1bd58fdcb4881ec5825f73c6f683a,coconut-veirf-v5/train,Dataset/coconut-veirf-v5/train/images/655_jpg.rf.b3c1bd58fdcb4881ec5825f73c6f683a.jpg,,,,,,maturity=correctness(dry/green/tender)
655_jpg.rf.ccddfeb50a40793eb5c78bcf53ebd3e1,coconut-veirf-v5/train,Dataset/coconut-veirf-v5/train/images/655_jpg.rf.ccddfeb50a40793eb5c78bcf53ebd3e1.jpg,,,,,,maturity=correctness(dry/green/tender)
656_jpg.rf.1a93c06ca38e8e00f186c99bf6c6c569,coconut-veirf-v5/train,Dataset/coconut-veirf-v5/train/images/656_jpg.rf.1a93c06ca38e8e00f186c99bf6c6c569.jpg,,,,,,maturity=correctness(dry/green/tender)
656_jpg.rf.7f9d6904214095236a4b89f12f8f28c5,coconut-veirf-v5/train,Dataset/coconut-veirf-v5/train/images/656_jpg.rf.7f9d6904214095236a4b89f12f8f28c5.jpg,,,,,,maturity=correctness(dry/green/tender)
656_jpg.rf.db0b1700107db2245137740ddf9aa917,coconut-veirf-v5/train,Dataset/coconut-veirf-v5/train/images/656_jpg.rf.db0b1700107db2245137740ddf9aa917.jpg,,,,,,maturity=correctness(dry/green/tender)
657_jpg.rf.0d9711505e045d97085937a3dd034d02,coconut-veirf-v5/train,Dataset/coconut-veirf-v5/train/images/657_jpg.rf.0d9711505e045d97085937a3dd034d02.jpg,,,,,,maturity=correctness(dry/green/tender)
657_jpg.rf.1e5adc3971d6fc5912f07a5248bfa02d,coconut-veirf-v5/train,Dataset/coconut-veirf-v5/train/images/657_jpg.rf.1e5adc3971d6fc5912f07a5248bfa02d.jpg,,,,,,maturity=correctness(dry/green/tender)
657_jpg.rf.278be3c5aa2e27c12667806f2447addb,coconut-veirf-v5/train,Dataset/coconut-veirf-v5/train/images/657_jpg.rf.278be3c5aa2e27c12667806f2447addb.jpg,,,,,,maturity=correctness(dry/green/tender)
658_jpg.rf.93d649526267bed2a4593c6a25ce0273,coconut-veirf-v5/train,Dataset/coconut-veirf-v5/train/images/658_jpg.rf.93d649526267bed2a4593c6a25ce0273.jpg,,,,,,maturity=correctness(dry/green/tender)
658_jpg.rf.ca91316e0c4244443a68fbc09d28b9cb,coconut-veirf-v5/train,Dataset/coconut-veirf-v5/train/images/658_jpg.rf.ca91316e0c4244443a68fbc09d28b9cb.jpg,,,,,,maturity=correctness(dry/green/tender)
658_jpg.rf.ec991f874fe0d260b74ce59e0ea99b07,coconut-veirf-v5/train,Dataset/coconut-veirf-v5/train/images/658_jpg.rf.ec991f874fe0d260b74ce59e0ea99b07.jpg,,,,,,maturity=correctness(dry/green/tender)
659_jpg.rf.3eb39e71900a41066dfac461e1337c2d,coconut-veirf-v5/train,Dataset/coconut-veirf-v5/train/images/659_jpg.rf.3eb39e71900a41066dfac461e1337c2d.jpg,,,,,,maturity=correctness(dry/green/tender)
659_jpg.rf.736115c53ae0ac38187827832b213c51,coconut-veirf-v5/train,Dataset/coconut-veirf-v5/train/images/659_jpg.rf.736115c53ae0ac38187827832b213c51.jpg,,,,,,maturity=correctness(dry/green/tender)
659_jpg.rf.cc2cf93123fdb04b5862438a9a99fefd,coconut-veirf-v5/train,Dataset/coconut-veirf-v5/train/images/659_jpg.rf.cc2cf93123fdb04b5862438a9a99fefd.jpg,,,,,,maturity=correctness(dry/green/tender)
65_jpg.rf.0136e2cd871554d4724f74aca610c225,coconut-veirf-v5/train,Dataset/coconut-veirf-v5/train/images/65_jpg.rf.0136e2cd871554d4724f74aca610c225.jpg,,,,,,maturity=correctness(dry/green/tender)
65_jpg.rf.3bae29aba57d58cc589ec076353ea311,coconut-veirf-v5/train,Dataset/coconut-veirf-v5/train/images/65_jpg.rf.3bae29aba57d58cc589ec076353ea311.jpg,,,,,,maturity=correctness(dry/green/tender)
65_jpg.rf.ff817b3f1b5e6f13d6c9253fc74ee298,coconut-veirf-v5/train,Dataset/coconut-veirf-v5/train/images/65_jpg.rf.ff817b3f1b5e6f13d6c9253fc74ee298.jpg,,,,,,maturity=correctness(dry/green/tender)
660_jpg.rf.5fa700b9e91c86d7c826a46afedc5598,coconut-veirf-v5/train,Dataset/coconut-veirf-v5/train/images/660_jpg.rf.5fa700b9e91c86d7c826a46afedc5598.jpg,,,,,,maturity=correctness(dry/green/tender)
660_jpg.rf.6bcee9a43d72d1b534b27c359d879c0d,coconut-veirf-v5/train,Dataset/coconut-veirf-v5/train/images/660_jpg.rf.6bcee9a43d72d1b534b27c359d879c0d.jpg,,,,,,maturity=correctness(dry/green/tender)
660_jpg.rf.89dca503cb73a583c3fefd7c2c775590,coconut-veirf-v5/train,Dataset/coconut-veirf-v5/train/images/660_jpg.rf.89dca503cb73a583c3fefd7c2c775590.jpg,,,,,,maturity=correctness(dry/green/tender)
662_jpg.rf.2709222f75d50278371f50326ce2bd30,coconut-veirf-v5/train,Dataset/coconut-veirf-v5/train/images/662_jpg.rf.2709222f75d50278371f50326ce2bd30.jpg,,,,,,maturity=correctness(dry/green/tender)
662_jpg.rf.59d7f344fa1c718047068453e00659f4,coconut-veirf-v5/train,Dataset/coconut-veirf-v5/train/images/662_jpg.rf.59d7f344fa1c718047068453e00659f4.jpg,,,,,,maturity=correctness(dry/green/tender)
662_jpg.rf.adf87a7405f40180dc2bbb9d4905f1c4,coconut-veirf-v5/train,Dataset/coconut-veirf-v5/train/images/662_jpg.rf.adf87a7405f40180dc2bbb9d4905f1c4.jpg,,,,,,maturity=correctness(dry/green/tender)
668_jpg.rf.1f2a30ac31b4995cdae1e75ad2c18cce,coconut-veirf-v5/train,Dataset/coconut-veirf-v5/train/images/668_jpg.rf.1f2a30ac31b4995cdae1e75ad2c18cce.jpg,,,,,,maturity=correctness(dry/green/tender)
668_jpg.rf.ad22b2ea82e9568026d64dc03719d029,coconut-veirf-v5/train,Dataset/coconut-veirf-v5/train/images/668_jpg.rf.ad22b2ea82e9568026d64dc03719d029.jpg,,,,,,maturity=correctness(dry/green/tender)
668_jpg.rf.c503e31f46e22e0e34d21c09acfa5211,coconut-veirf-v5/train,Dataset/coconut-veirf-v5/train/images/668_jpg.rf.c503e31f46e22e0e34d21c09acfa5211.jpg,,,,,,maturity=correctness(dry/green/tender)
66_jpg.rf.3d52b1eb926f9b607d29da1f690bb1c2,coconut-veirf-v5/train,Dataset/coconut-veirf-v5/train/images/66_jpg.rf.3d52b1eb926f9b607d29da1f690bb1c2.jpg,,,,,,maturity=correctness(dry/green/tender)
66_jpg.rf.637c4327bedd409c58deada2c1040b79,coconut-veirf-v5/train,Dataset/coconut-veirf-v5/train/images/66_jpg.rf.637c4327bedd409c58deada2c1040b79.jpg,,,,,,maturity=correctness(dry/green/tender)
66_jpg.rf.bb530e6abde9117394924106377f8e23,coconut-veirf-v5/train,Dataset/coconut-veirf-v5/train/images/66_jpg.rf.bb530e6abde9117394924106377f8e23.jpg,,,,,,maturity=correctness(dry/green/tender)
670_jpg.rf.0b8561a87ee579a761616ab86bf05575,coconut-veirf-v5/train,Dataset/coconut-veirf-v5/train/images/670_jpg.rf.0b8561a87ee579a761616ab86bf05575.jpg,,,,,,maturity=correctness(dry/green/tender)
670_jpg.rf.252eea229549df3d790ae8703df1e386,coconut-veirf-v5/train,Dataset/coconut-veirf-v5/train/images/670_jpg.rf.252eea229549df3d790ae8703df1e386.jpg,,,,,,maturity=correctness(dry/green/tender)
670_jpg.rf.98ed1ac1bd03f357304d5c738fbf38ba,coconut-veirf-v5/train,Dataset/coconut-veirf-v5/train/images/670_jpg.rf.98ed1ac1bd03f357304d5c738fbf38ba.jpg,,,,,,maturity=correctness(dry/green/tender)
673_jpg.rf.25a7badcde431c1470c6cd0d0a7e67fa,coconut-veirf-v5/train,Dataset/coconut-veirf-v5/train/images/673_jpg.rf.25a7badcde431c1470c6cd0d0a7e67fa.jpg,,,,,,maturity=correctness(dry/green/tender)
673_jpg.rf.2e61aea7ae23793935e9ef729a2cae18,coconut-veirf-v5/train,Dataset/coconut-veirf-v5/train/images/673_jpg.rf.2e61aea7ae23793935e9ef729a2cae18.jpg,,,,,,maturity=correctness(dry/green/tender)
673_jpg.rf.860395dc688da196ef59fa450f70a5a4,coconut-veirf-v5/train,Dataset/coconut-veirf-v5/train/images/673_jpg.rf.860395dc688da196ef59fa450f70a5a4.jpg,,,,,,maturity=correctness(dry/green/tender)
674_jpg.rf.b4a94d27d975d17d439c165c90d5041b,coconut-veirf-v5/train,Dataset/coconut-veirf-v5/train/images/674_jpg.rf.b4a94d27d975d17d439c165c90d5041b.jpg,,,,,,maturity=correctness(dry/green/tender)
674_jpg.rf.b9ca40ca80723998bc1181b9619bd39d,coconut-veirf-v5/train,Dataset/coconut-veirf-v5/train/images/674_jpg.rf.b9ca40ca80723998bc1181b9619bd39d.jpg,,,,,,maturity=correctness(dry/green/tender)
674_jpg.rf.c0c8c1a24bd0698f044015eb4933a716,coconut-veirf-v5/train,Dataset/coconut-veirf-v5/train/images/674_jpg.rf.c0c8c1a24bd0698f044015eb4933a716.jpg,,,,,,maturity=correctness(dry/green/tender)
676_jpg.rf.adf41f42fbd37e45830b822a54e7031b,coconut-veirf-v5/train,Dataset/coconut-veirf-v5/train/images/676_jpg.rf.adf41f42fbd37e45830b822a54e7031b.jpg,,,,,,maturity=correctness(dry/green/tender)
676_jpg.rf.de178ffc6d573313f2887857002ee6ca,coconut-veirf-v5/train,Dataset/coconut-veirf-v5/train/images/676_jpg.rf.de178ffc6d573313f2887857002ee6ca.jpg,,,,,,maturity=correctness(dry/green/tender)
676_jpg.rf.e3f55a2c8b78b8e58d2d438d7cc21f31,coconut-veirf-v5/train,Dataset/coconut-veirf-v5/train/images/676_jpg.rf.e3f55a2c8b78b8e58d2d438d7cc21f31.jpg,,,,,,maturity=correctness(dry/green/tender)
678_jpg.rf.0759eef9bfc34f90ace18087c8f5ef26,coconut-veirf-v5/train,Dataset/coconut-veirf-v5/train/images/678_jpg.rf.0759eef9bfc34f90ace18087c8f5ef26.jpg,,,,,,maturity=correctness(dry/green/tender)
678_jpg.rf.145fd083cb93fbc37ea5e6458f4483b2,coconut-veirf-v5/train,Dataset/coconut-veirf-v5/train/images/678_jpg.rf.145fd083cb93fbc37ea5e6458f4483b2.jpg,,,,,,maturity=correctness(dry/green/tender)
678_jpg.rf.fa1331648468f056747c223976ae951f,coconut-veirf-v5/train,Dataset/coconut-veirf-v5/train/images/678_jpg.rf.fa1331648468f056747c223976ae951f.jpg,,,,,,maturity=correctness(dry/green/tender)
679_jpg.rf.878357e1e485e1b315b60550aafa8219,coconut-veirf-v5/train,Dataset/coconut-veirf-v5/train/images/679_jpg.rf.878357e1e485e1b315b60550aafa8219.jpg,,,,,,maturity=correctness(dry/green/tender)
679_jpg.rf.99ea879db72b210e7effb623539fc9a3,coconut-veirf-v5/train,Dataset/coconut-veirf-v5/train/images/679_jpg.rf.99ea879db72b210e7effb623539fc9a3.jpg,,,,,,maturity=correctness(dry/green/tender)
679_jpg.rf.c7e051ef921ffec3a4cb40fe57310b47,coconut-veirf-v5/train,Dataset/coconut-veirf-v5/train/images/679_jpg.rf.c7e051ef921ffec3a4cb40fe57310b47.jpg,,,,,,maturity=correctness(dry/green/tender)
67_jpg.rf.2d654b9cfdefc945b7fb789cd6d30e76,coconut-veirf-v5/train,Dataset/coconut-veirf-v5/train/images/67_jpg.rf.2d654b9cfdefc945b7fb789cd6d30e76.jpg,,,,,,maturity=correctness(dry/green/tender)
67_jpg.rf.7f4707bcc04ad9836d4912d2bcb3c137,coconut-veirf-v5/train,Dataset/coconut-veirf-v5/train/images/67_jpg.rf.7f4707bcc04ad9836d4912d2bcb3c137.jpg,,,,,,maturity=correctness(dry/green/tender)
67_jpg.rf.d4d2da24ab35ea9c967c4205e9e27496,coconut-veirf-v5/train,Dataset/coconut-veirf-v5/train/images/67_jpg.rf.d4d2da24ab35ea9c967c4205e9e27496.jpg,,,,,,maturity=correctness(dry/green/tender)
680_jpg.rf.1832a11cd27653be4f4cfd12b0d716cd,coconut-veirf-v5/train,Dataset/coconut-veirf-v5/train/images/680_jpg.rf.1832a11cd27653be4f4cfd12b0d716cd.jpg,,,,,,maturity=correctness(dry/green/tender)
680_jpg.rf.351ece78c489f46a0163272a5cd03845,coconut-veirf-v5/train,Dataset/coconut-veirf-v5/train/images/680_jpg.rf.351ece78c489f46a0163272a5cd03845.jpg,,,,,,maturity=correctness(dry/green/tender)
680_jpg.rf.36610f483176dd47e78d8b23499c7853,coconut-veirf-v5/train,Dataset/coconut-veirf-v5/train/images/680_jpg.rf.36610f483176dd47e78d8b23499c7853.jpg,,,,,,maturity=correctness(dry/green/tender)
681_jpg.rf.6d494b206e3a8a33aa7d9ad0e1c4e1d3,coconut-veirf-v5/train,Dataset/coconut-veirf-v5/train/images/681_jpg.rf.6d494b206e3a8a33aa7d9ad0e1c4e1d3.jpg,,,,,,maturity=correctness(dry/green/tender)
681_jpg.rf.8269d49612cf51e3ebd74d6830f5db8f,coconut-veirf-v5/train,Dataset/coconut-veirf-v5/train/images/681_jpg.rf.8269d49612cf51e3ebd74d6830f5db8f.jpg,,,,,,maturity=correctness(dry/green/tender)
681_jpg.rf.c0bc37a7c350fa021e628e96b6bf93d8,coconut-veirf-v5/train,Dataset/coconut-veirf-v5/train/images/681_jpg.rf.c0bc37a7c350fa021e628e96b6bf93d8.jpg,,,,,,maturity=correctness(dry/green/tender)
682_jpg.rf.5655b9181b3e9d41780cd4889be658ec,coconut-veirf-v5/train,Dataset/coconut-veirf-v5/train/images/682_jpg.rf.5655b9181b3e9d41780cd4889be658ec.jpg,,,,,,maturity=correctness(dry/green/tender)
682_jpg.rf.5da6691f043c3b72cda1e1ddbd06e162,coconut-veirf-v5/train,Dataset/coconut-veirf-v5/train/images/682_jpg.rf.5da6691f043c3b72cda1e1ddbd06e162.jpg,,,,,,maturity=correctness(dry/green/tender)
682_jpg.rf.6b1273408bcf216a63b744d9aa53b968,coconut-veirf-v5/train,Dataset/coconut-veirf-v5/train/images/682_jpg.rf.6b1273408bcf216a63b744d9aa53b968.jpg,,,,,,maturity=correctness(dry/green/tender)
684_jpg.rf.6154a969b8d9f71b224d87be46ef84e2,coconut-veirf-v5/train,Dataset/coconut-veirf-v5/train/images/684_jpg.rf.6154a969b8d9f71b224d87be46ef84e2.jpg,,,,,,maturity=correctness(dry/green/tender)
684_jpg.rf.b6a49022fa301afee294b96b53e1175b,coconut-veirf-v5/train,Dataset/coconut-veirf-v5/train/images/684_jpg.rf.b6a49022fa301afee294b96b53e1175b.jpg,,,,,,maturity=correctness(dry/green/tender)
684_jpg.rf.b9d684e2e7ce86bc60bfa96d252d935e,coconut-veirf-v5/train,Dataset/coconut-veirf-v5/train/images/684_jpg.rf.b9d684e2e7ce86bc60bfa96d252d935e.jpg,,,,,,maturity=correctness(dry/green/tender)
685_jpg.rf.613a884b6c5cdfab1d4c79779f29f13a,coconut-veirf-v5/train,Dataset/coconut-veirf-v5/train/images/685_jpg.rf.613a884b6c5cdfab1d4c79779f29f13a.jpg,,,,,,maturity=correctness(dry/green/tender)
685_jpg.rf.7a4ed6d3f5d621a4fbf459b6c4aebb2d,coconut-veirf-v5/train,Dataset/coconut-veirf-v5/train/images/685_jpg.rf.7a4ed6d3f5d621a4fbf459b6c4aebb2d.jpg,,,,,,maturity=correctness(dry/green/tender)
685_jpg.rf.f9ebf343c681a9f6e481bd9864276404,coconut-veirf-v5/train,Dataset/coconut-veirf-v5/train/images/685_jpg.rf.f9ebf343c681a9f6e481bd9864276404.jpg,,,,,,maturity=correctness(dry/green/tender)
686_jpg.rf.4b7585e71a78a01cbcfb430309c75e34,coconut-veirf-v5/train,Dataset/coconut-veirf-v5/train/images/686_jpg.rf.4b7585e71a78a01cbcfb430309c75e34.jpg,,,,,,maturity=correctness(dry/green/tender)
686_jpg.rf.a1d0325f3249ef12c8c84e3ac9e73938,coconut-veirf-v5/train,Dataset/coconut-veirf-v5/train/images/686_jpg.rf.a1d0325f3249ef12c8c84e3ac9e73938.jpg,,,,,,maturity=correctness(dry/green/tender)
686_jpg.rf.cd3a2ddbb5f518c128ea762819d15871,coconut-veirf-v5/train,Dataset/coconut-veirf-v5/train/images/686_jpg.rf.cd3a2ddbb5f518c128ea762819d15871.jpg,,,,,,maturity=correctness(dry/green/tender)
687_jpg.rf.03b42974a681e98f7d091adc50c72b95,coconut-veirf-v5/train,Dataset/coconut-veirf-v5/train/images/687_jpg.rf.03b42974a681e98f7d091adc50c72b95.jpg,,,,,,maturity=correctness(dry/green/tender)
687_jpg.rf.3cc938fb5d4064154d036291f857c00f,coconut-veirf-v5/train,Dataset/coconut-veirf-v5/train/images/687_jpg.rf.3cc938fb5d4064154d036291f857c00f.jpg,,,,,,maturity=correctness(dry/green/tender)
687_jpg.rf.4bbdb526234b12c4d8c2fa8e436c36ad,coconut-veirf-v5/train,Dataset/coconut-veirf-v5/train/images/687_jpg.rf.4bbdb526234b12c4d8c2fa8e436c36ad.jpg,,,,,,maturity=correctness(dry/green/tender)
689_jpg.rf.171c98bb07051ad9521ec227756883d1,coconut-veirf-v5/train,Dataset/coconut-veirf-v5/train/images/689_jpg.rf.171c98bb07051ad9521ec227756883d1.jpg,,,,,,maturity=correctness(dry/green/tender)
689_jpg.rf.5e6dfb25fa76f49c0fbcd7e26c313060,coconut-veirf-v5/train,Dataset/coconut-veirf-v5/train/images/689_jpg.rf.5e6dfb25fa76f49c0fbcd7e26c313060.jpg,,,,,,maturity=correctness(dry/green/tender)
689_jpg.rf.db27f4ea7d879ce7a83a830a62e727f2,coconut-veirf-v5/train,Dataset/coconut-veirf-v5/train/images/689_jpg.rf.db27f4ea7d879ce7a83a830a62e727f2.jpg,,,,,,maturity=correctness(dry/green/tender)
691_jpg.rf.6e717b67481579486183c77bccef0b80,coconut-veirf-v5/train,Dataset/coconut-veirf-v5/train/images/691_jpg.rf.6e717b67481579486183c77bccef0b80.jpg,,,,,,maturity=correctness(dry/green/tender)
691_jpg.rf.729ec67501936a136f8e9689c5ca3179,coconut-veirf-v5/train,Dataset/coconut-veirf-v5/train/images/691_jpg.rf.729ec67501936a136f8e9689c5ca3179.jpg,,,,,,maturity=correctness(dry/green/tender)
691_jpg.rf.cdb18fcdd7db2d27c947429a3705b8bd,coconut-veirf-v5/train,Dataset/coconut-veirf-v5/train/images/691_jpg.rf.cdb18fcdd7db2d27c947429a3705b8bd.jpg,,,,,,maturity=correctness(dry/green/tender)
692_jpg.rf.3a5a02e7d9e5d827a587dd1f95df6595,coconut-veirf-v5/train,Dataset/coconut-veirf-v5/train/images/692_jpg.rf.3a5a02e7d9e5d827a587dd1f95df6595.jpg,,,,,,maturity=correctness(dry/green/tender)
692_jpg.rf.c1f299efb6d7be279e674532015958a3,coconut-veirf-v5/train,Dataset/coconut-veirf-v5/train/images/692_jpg.rf.c1f299efb6d7be279e674532015958a3.jpg,,,,,,maturity=correctness(dry/green/tender)
692_jpg.rf.f96f2caeda1ec36b4524c0c920a37c25,coconut-veirf-v5/train,Dataset/coconut-veirf-v5/train/images/692_jpg.rf.f96f2caeda1ec36b4524c0c920a37c25.jpg,,,,,,maturity=correctness(dry/green/tender)
693_jpg.rf.0d96bf8917120d413ed94a8ffbb4b633,coconut-veirf-v5/train,Dataset/coconut-veirf-v5/train/images/693_jpg.rf.0d96bf8917120d413ed94a8ffbb4b633.jpg,,,,,,maturity=correctness(dry/green/tender)
693_jpg.rf.150e040e1217cc97311b04026011b267,coconut-veirf-v5/train,Dataset/coconut-veirf-v5/train/images/693_jpg.rf.150e040e1217cc97311b04026011b267.jpg,,,,,,maturity=correctness(dry/green/tender)
693_jpg.rf.7b21d875d60117be364241ea9b4f17e4,coconut-veirf-v5/train,Dataset/coconut-veirf-v5/train/images/693_jpg.rf.7b21d875d60117be364241ea9b4f17e4.jpg,,,,,,maturity=correctness(dry/green/tender)
697_jpg.rf.0e7b187082b159be3f4e6221cb8c3b0e,coconut-veirf-v5/train,Dataset/coconut-veirf-v5/train/images/697_jpg.rf.0e7b187082b159be3f4e6221cb8c3b0e.jpg,,,,,,maturity=correctness(dry/green/tender)
697_jpg.rf.29c2d45946ba258c0df3e87750afdb5a,coconut-veirf-v5/train,Dataset/coconut-veirf-v5/train/images/697_jpg.rf.29c2d45946ba258c0df3e87750afdb5a.jpg,,,,,,maturity=correctness(dry/green/tender)
697_jpg.rf.4b1319ea9f856661e50fb7649a173a7f,coconut-veirf-v5/train,Dataset/coconut-veirf-v5/train/images/697_jpg.rf.4b1319ea9f856661e50fb7649a173a7f.jpg,,,,,,maturity=correctness(dry/green/tender)
698_jpg.rf.0136c8e90646e009013b0c94fd555d59,coconut-veirf-v5/train,Dataset/coconut-veirf-v5/train/images/698_jpg.rf.0136c8e90646e009013b0c94fd555d59.jpg,,,,,,maturity=correctness(dry/green/tender)
698_jpg.rf.130eab3ad3fa4f47210af3e37bed6493,coconut-veirf-v5/train,Dataset/coconut-veirf-v5/train/images/698_jpg.rf.130eab3ad3fa4f47210af3e37bed6493.jpg,,,,,,maturity=correctness(dry/green/tender)
698_jpg.rf.6e48b44ab626ff7aee4163cb6baa9708,coconut-veirf-v5/train,Dataset/coconut-veirf-v5/train/images/698_jpg.rf.6e48b44ab626ff7aee4163cb6baa9708.jpg,,,,,,maturity=correctness(dry/green/tender)
69_jpg.rf.4321d00f6c8237de4d97581fcd75befa,coconut-veirf-v5/train,Dataset/coconut-veirf-v5/train/images/69_jpg.rf.4321d00f6c8237de4d97581fcd75befa.jpg,,,,,,maturity=correctness(dry/green/tender)
69_jpg.rf.5fd6dd507e4c1dbe6ff69f716ab286c3,coconut-veirf-v5/train,Dataset/coconut-veirf-v5/train/images/69_jpg.rf.5fd6dd507e4c1dbe6ff69f716ab286c3.jpg,,,,,,maturity=correctness(dry/green/tender)
69_jpg.rf.accbdf8f5c48045bc4883bcaf2ce86cc,coconut-veirf-v5/train,Dataset/coconut-veirf-v5/train/images/69_jpg.rf.accbdf8f5c48045bc4883bcaf2ce86cc.jpg,,,,,,maturity=correctness(dry/green/tender)
700_jpg.rf.4c1d37c8163e585422504bd2fda155b6,coconut-veirf-v5/train,Dataset/coconut-veirf-v5/train/images/700_jpg.rf.4c1d37c8163e585422504bd2fda155b6.jpg,,,,,,maturity=correctness(dry/green/tender)
700_jpg.rf.a6bfd341439394a40143118401ae4e17,coconut-veirf-v5/train,Dataset/coconut-veirf-v5/train/images/700_jpg.rf.a6bfd341439394a40143118401ae4e17.jpg,,,,,,maturity=correctness(dry/green/tender)
700_jpg.rf.cbc0cf064dc9556c89268bc4f56eba0b,coconut-veirf-v5/train,Dataset/coconut-veirf-v5/train/images/700_jpg.rf.cbc0cf064dc9556c89268bc4f56eba0b.jpg,,,,,,maturity=correctness(dry/green/tender)
701_jpg.rf.2fca942183db46ec63db735e69d34281,coconut-veirf-v5/train,Dataset/coconut-veirf-v5/train/images/701_jpg.rf.2fca942183db46ec63db735e69d34281.jpg,,,,,,maturity=correctness(dry/green/tender)
701_jpg.rf.825e554d03e1f5332644149e6984217f,coconut-veirf-v5/train,Dataset/coconut-veirf-v5/train/images/701_jpg.rf.825e554d03e1f5332644149e6984217f.jpg,,,,,,maturity=correctness(dry/green/tender)
701_jpg.rf.9db60b633de7b05098756e89bb7466d9,coconut-veirf-v5/train,Dataset/coconut-veirf-v5/train/images/701_jpg.rf.9db60b633de7b05098756e89bb7466d9.jpg,,,,,,maturity=correctness(dry/green/tender)
702_jpg.rf.2be588a2e9b88a3c81f4e653e3d68427,coconut-veirf-v5/train,Dataset/coconut-veirf-v5/train/images/702_jpg.rf.2be588a2e9b88a3c81f4e653e3d68427.jpg,,,,,,maturity=correctness(dry/green/tender)
702_jpg.rf.3016d789534307cee10556c46463d280,coconut-veirf-v5/train,Dataset/coconut-veirf-v5/train/images/702_jpg.rf.3016d789534307cee10556c46463d280.jpg,,,,,,maturity=correctness(dry/green/tender)
702_jpg.rf.dbcf0dba4f8981e0e78127c90cd6264e,coconut-veirf-v5/train,Dataset/coconut-veirf-v5/train/images/702_jpg.rf.dbcf0dba4f8981e0e78127c90cd6264e.jpg,,,,,,maturity=correctness(dry/green/tender)
703_jpg.rf.26db05c33c823602906477d3fd48a473,coconut-veirf-v5/train,Dataset/coconut-veirf-v5/train/images/703_jpg.rf.26db05c33c823602906477d3fd48a473.jpg,,,,,,maturity=correctness(dry/green/tender)
703_jpg.rf.696be8e156e42cee632b7d2a29709699,coconut-veirf-v5/train,Dataset/coconut-veirf-v5/train/images/703_jpg.rf.696be8e156e42cee632b7d2a29709699.jpg,,,,,,maturity=correctness(dry/green/tender)
703_jpg.rf.77c473aaa5290b04e8f111f5558c867d,coconut-veirf-v5/train,Dataset/coconut-veirf-v5/train/images/703_jpg.rf.77c473aaa5290b04e8f111f5558c867d.jpg,,,,,,maturity=correctness(dry/green/tender)
704_jpg.rf.4f984dd7235f29fbabfa09820cf8955c,coconut-veirf-v5/train,Dataset/coconut-veirf-v5/train/images/704_jpg.rf.4f984dd7235f29fbabfa09820cf8955c.jpg,,,,,,maturity=correctness(dry/green/tender)
704_jpg.rf.a808991cc00c2b3450c2799ca01c481a,coconut-veirf-v5/train,Dataset/coconut-veirf-v5/train/images/704_jpg.rf.a808991cc00c2b3450c2799ca01c481a.jpg,,,,,,maturity=correctness(dry/green/tender)
704_jpg.rf.d03b350ba3b91157be5d86b784b5eb1a,coconut-veirf-v5/train,Dataset/coconut-veirf-v5/train/images/704_jpg.rf.d03b350ba3b91157be5d86b784b5eb1a.jpg,,,,,,maturity=correctness(dry/green/tender)
705_jpg.rf.981f893cae6ed63ca5ca055c75d3e417,coconut-veirf-v5/train,Dataset/coconut-veirf-v5/train/images/705_jpg.rf.981f893cae6ed63ca5ca055c75d3e417.jpg,,,,,,maturity=correctness(dry/green/tender)
705_jpg.rf.c922806d652620a579b193f21d55e7b4,coconut-veirf-v5/train,Dataset/coconut-veirf-v5/train/images/705_jpg.rf.c922806d652620a579b193f21d55e7b4.jpg,,,,,,maturity=correctness(dry/green/tender)
705_jpg.rf.f594dd380763b6f533934174aea0eb72,coconut-veirf-v5/train,Dataset/coconut-veirf-v5/train/images/705_jpg.rf.f594dd380763b6f533934174aea0eb72.jpg,,,,,,maturity=correctness(dry/green/tender)
706_jpg.rf.55c632e28a94a01b122652c5b5c0b864,coconut-veirf-v5/train,Dataset/coconut-veirf-v5/train/images/706_jpg.rf.55c632e28a94a01b122652c5b5c0b864.jpg,,,,,,maturity=correctness(dry/green/tender)
706_jpg.rf.74ae8c98a7766c2bb5dafe9603b7c1d5,coconut-veirf-v5/train,Dataset/coconut-veirf-v5/train/images/706_jpg.rf.74ae8c98a7766c2bb5dafe9603b7c1d5.jpg,,,,,,maturity=correctness(dry/green/tender)
706_jpg.rf.914474a1eea7553330374480d67e7033,coconut-veirf-v5/train,Dataset/coconut-veirf-v5/train/images/706_jpg.rf.914474a1eea7553330374480d67e7033.jpg,,,,,,maturity=correctness(dry/green/tender)
707_jpg.rf.5578d546197409e232f20fedc066c7b2,coconut-veirf-v5/train,Dataset/coconut-veirf-v5/train/images/707_jpg.rf.5578d546197409e232f20fedc066c7b2.jpg,,,,,,maturity=correctness(dry/green/tender)
707_jpg.rf.9b824e54f8c31507b399eb562ccc7b07,coconut-veirf-v5/train,Dataset/coconut-veirf-v5/train/images/707_jpg.rf.9b824e54f8c31507b399eb562ccc7b07.jpg,,,,,,maturity=correctness(dry/green/tender)
707_jpg.rf.9bd9a367cda09b44a551d298dc7abd46,coconut-veirf-v5/train,Dataset/coconut-veirf-v5/train/images/707_jpg.rf.9bd9a367cda09b44a551d298dc7abd46.jpg,,,,,,maturity=correctness(dry/green/tender)
708_jpg.rf.777c3b7e82c8a5af2da3c47db6ba1ece,coconut-veirf-v5/train,Dataset/coconut-veirf-v5/train/images/708_jpg.rf.777c3b7e82c8a5af2da3c47db6ba1ece.jpg,,,,,,maturity=correctness(dry/green/tender)
708_jpg.rf.bd490cb2d3c8390e12530557124b0286,coconut-veirf-v5/train,Dataset/coconut-veirf-v5/train/images/708_jpg.rf.bd490cb2d3c8390e12530557124b0286.jpg,,,,,,maturity=correctness(dry/green/tender)
708_jpg.rf.d6028f635e85e0e9d909b819f275d9b3,coconut-veirf-v5/train,Dataset/coconut-veirf-v5/train/images/708_jpg.rf.d6028f635e85e0e9d909b819f275d9b3.jpg,,,,,,maturity=correctness(dry/green/tender)
709_jpg.rf.0b314ccb94848b43a64605c5aa3a1e6d,coconut-veirf-v5/train,Dataset/coconut-veirf-v5/train/images/709_jpg.rf.0b314ccb94848b43a64605c5aa3a1e6d.jpg,,,,,,maturity=correctness(dry/green/tender)
709_jpg.rf.ca095d5d25b0e9c59366678b09821cdc,coconut-veirf-v5/train,Dataset/coconut-veirf-v5/train/images/709_jpg.rf.ca095d5d25b0e9c59366678b09821cdc.jpg,,,,,,maturity=correctness(dry/green/tender)
709_jpg.rf.e9538d23d3adff3bf51c9da0d8398f97,coconut-veirf-v5/train,Dataset/coconut-veirf-v5/train/images/709_jpg.rf.e9538d23d3adff3bf51c9da0d8398f97.jpg,,,,,,maturity=correctness(dry/green/tender)
70_jpg.rf.b34698a45e65bb86bf361bddd7ff1e65,coconut-veirf-v5/train,Dataset/coconut-veirf-v5/train/images/70_jpg.rf.b34698a45e65bb86bf361bddd7ff1e65.jpg,,,,,,maturity=correctness(dry/green/tender)
70_jpg.rf.d45b652d3cdadee4a3d9ec04b74ab319,coconut-veirf-v5/train,Dataset/coconut-veirf-v5/train/images/70_jpg.rf.d45b652d3cdadee4a3d9ec04b74ab319.jpg,,,,,,maturity=correctness(dry/green/tender)
70_jpg.rf.da25f233c1f89a35b37b82539ec45b1a,coconut-veirf-v5/train,Dataset/coconut-veirf-v5/train/images/70_jpg.rf.da25f233c1f89a35b37b82539ec45b1a.jpg,,,,,,maturity=correctness(dry/green/tender)
711_jpg.rf.384ff07ff2e9589ac3ebc82188bfb28b,coconut-veirf-v5/train,Dataset/coconut-veirf-v5/train/images/711_jpg.rf.384ff07ff2e9589ac3ebc82188bfb28b.jpg,,,,,,maturity=correctness(dry/green/tender)
711_jpg.rf.792be6a53c586fad7c8b262fe98b6379,coconut-veirf-v5/train,Dataset/coconut-veirf-v5/train/images/711_jpg.rf.792be6a53c586fad7c8b262fe98b6379.jpg,,,,,,maturity=correctness(dry/green/tender)
711_jpg.rf.bae5a12c34a5e530996825800a139f53,coconut-veirf-v5/train,Dataset/coconut-veirf-v5/train/images/711_jpg.rf.bae5a12c34a5e530996825800a139f53.jpg,,,,,,maturity=correctness(dry/green/tender)
712_jpg.rf.7e0a0b8f3289327eb95f3a8580928667,coconut-veirf-v5/train,Dataset/coconut-veirf-v5/train/images/712_jpg.rf.7e0a0b8f3289327eb95f3a8580928667.jpg,,,,,,maturity=correctness(dry/green/tender)
712_jpg.rf.9739f244badf78958917670840d48996,coconut-veirf-v5/train,Dataset/coconut-veirf-v5/train/images/712_jpg.rf.9739f244badf78958917670840d48996.jpg,,,,,,maturity=correctness(dry/green/tender)
712_jpg.rf.e508e1102084cf87dfd8ec97ebcbaaac,coconut-veirf-v5/train,Dataset/coconut-veirf-v5/train/images/712_jpg.rf.e508e1102084cf87dfd8ec97ebcbaaac.jpg,,,,,,maturity=correctness(dry/green/tender)
716_jpg.rf.1cb9462942f1946194489cada28cf82d,coconut-veirf-v5/train,Dataset/coconut-veirf-v5/train/images/716_jpg.rf.1cb9462942f1946194489cada28cf82d.jpg,,,,,,maturity=correctness(dry/green/tender)
716_jpg.rf.4c7cd32032120b8b1c2596fff713ca28,coconut-veirf-v5/train,Dataset/coconut-veirf-v5/train/images/716_jpg.rf.4c7cd32032120b8b1c2596fff713ca28.jpg,,,,,,maturity=correctness(dry/green/tender)
716_jpg.rf.72027b8ee87cab7bbf230d2a8f5e932c,coconut-veirf-v5/train,Dataset/coconut-veirf-v5/train/images/716_jpg.rf.72027b8ee87cab7bbf230d2a8f5e932c.jpg,,,,,,maturity=correctness(dry/green/tender)
717_jpg.rf.05ee4a3883c73e3e7e35a16b5d30651f,coconut-veirf-v5/train,Dataset/coconut-veirf-v5/train/images/717_jpg.rf.05ee4a3883c73e3e7e35a16b5d30651f.jpg,,,,,,maturity=correctness(dry/green/tender)
717_jpg.rf.35a8fdaaf219ca56d08e144e027a7031,coconut-veirf-v5/train,Dataset/coconut-veirf-v5/train/images/717_jpg.rf.35a8fdaaf219ca56d08e144e027a7031.jpg,,,,,,maturity=correctness(dry/green/tender)
717_jpg.rf.6eb1ab9056accc8464d54132ca1fa265,coconut-veirf-v5/train,Dataset/coconut-veirf-v5/train/images/717_jpg.rf.6eb1ab9056accc8464d54132ca1fa265.jpg,,,,,,maturity=correctness(dry/green/tender)
718_jpg.rf.23047ea4a26eeecb5d70b2db7d6c86b9,coconut-veirf-v5/train,Dataset/coconut-veirf-v5/train/images/718_jpg.rf.23047ea4a26eeecb5d70b2db7d6c86b9.jpg,,,,,,maturity=correctness(dry/green/tender)
718_jpg.rf.3d4715a660b187b3bc1fd9e348dca74f,coconut-veirf-v5/train,Dataset/coconut-veirf-v5/train/images/718_jpg.rf.3d4715a660b187b3bc1fd9e348dca74f.jpg,,,,,,maturity=correctness(dry/green/tender)
718_jpg.rf.43f878f1eff67d66ddfc1edcceaf39e6,coconut-veirf-v5/train,Dataset/coconut-veirf-v5/train/images/718_jpg.rf.43f878f1eff67d66ddfc1edcceaf39e6.jpg,,,,,,maturity=correctness(dry/green/tender)
71_jpg.rf.1c50a796cdb0b51a14f2f176d39c2988,coconut-veirf-v5/train,Dataset/coconut-veirf-v5/train/images/71_jpg.rf.1c50a796cdb0b51a14f2f176d39c2988.jpg,,,,,,maturity=correctness(dry/green/tender)
71_jpg.rf.935ca8ae0a3aa33281b013a062acd954,coconut-veirf-v5/train,Dataset/coconut-veirf-v5/train/images/71_jpg.rf.935ca8ae0a3aa33281b013a062acd954.jpg,,,,,,maturity=correctness(dry/green/tender)
71_jpg.rf.fbfbd87194638069a91b0818792b31db,coconut-veirf-v5/train,Dataset/coconut-veirf-v5/train/images/71_jpg.rf.fbfbd87194638069a91b0818792b31db.jpg,,,,,,maturity=correctness(dry/green/tender)
722_jpg.rf.2f3b34b174d7c83bef0186f391e0dfb8,coconut-veirf-v5/train,Dataset/coconut-veirf-v5/train/images/722_jpg.rf.2f3b34b174d7c83bef0186f391e0dfb8.jpg,,,,,,maturity=correctness(dry/green/tender)
722_jpg.rf.ac087a24b01f93b2967269fad9b755fb,coconut-veirf-v5/train,Dataset/coconut-veirf-v5/train/images/722_jpg.rf.ac087a24b01f93b2967269fad9b755fb.jpg,,,,,,maturity=correctness(dry/green/tender)
722_jpg.rf.f6f6f27cc83855d2372f349b9dbfc827,coconut-veirf-v5/train,Dataset/coconut-veirf-v5/train/images/722_jpg.rf.f6f6f27cc83855d2372f349b9dbfc827.jpg,,,,,,maturity=correctness(dry/green/tender)
723_jpg.rf.23b196786dbf40503cab5829dd882c01,coconut-veirf-v5/train,Dataset/coconut-veirf-v5/train/images/723_jpg.rf.23b196786dbf40503cab5829dd882c01.jpg,,,,,,maturity=correctness(dry/green/tender)
723_jpg.rf.3c1a9398d07e062cd4008e5f15905701,coconut-veirf-v5/train,Dataset/coconut-veirf-v5/train/images/723_jpg.rf.3c1a9398d07e062cd4008e5f15905701.jpg,,,,,,maturity=correctness(dry/green/tender)
723_jpg.rf.d8ca038e8ec78861bc66bae3944de56a,coconut-veirf-v5/train,Dataset/coconut-veirf-v5/train/images/723_jpg.rf.d8ca038e8ec78861bc66bae3944de56a.jpg,,,,,,maturity=correctness(dry/green/tender)
725_jpg.rf.17f6a6ac3b6495cbf4aeac8a61378c06,coconut-veirf-v5/train,Dataset/coconut-veirf-v5/train/images/725_jpg.rf.17f6a6ac3b6495cbf4aeac8a61378c06.jpg,,,,,,maturity=correctness(dry/green/tender)
725_jpg.rf.6351ae6fa2a51fb660bed02798d42f5a,coconut-veirf-v5/train,Dataset/coconut-veirf-v5/train/images/725_jpg.rf.6351ae6fa2a51fb660bed02798d42f5a.jpg,,,,,,maturity=correctness(dry/green/tender)
725_jpg.rf.8e715c435a392f054be3d2a3306a837d,coconut-veirf-v5/train,Dataset/coconut-veirf-v5/train/images/725_jpg.rf.8e715c435a392f054be3d2a3306a837d.jpg,,,,,,maturity=correctness(dry/green/tender)
726_jpg.rf.84e1cf10e71211380586a1856256141e,coconut-veirf-v5/train,Dataset/coconut-veirf-v5/train/images/726_jpg.rf.84e1cf10e71211380586a1856256141e.jpg,,,,,,maturity=correctness(dry/green/tender)
726_jpg.rf.8b3e41a7f52851bf1926513d4a672ed5,coconut-veirf-v5/train,Dataset/coconut-veirf-v5/train/images/726_jpg.rf.8b3e41a7f52851bf1926513d4a672ed5.jpg,,,,,,maturity=correctness(dry/green/tender)
726_jpg.rf.9ce4d7cf5b957e69ed29fb6cbd064e69,coconut-veirf-v5/train,Dataset/coconut-veirf-v5/train/images/726_jpg.rf.9ce4d7cf5b957e69ed29fb6cbd064e69.jpg,,,,,,maturity=correctness(dry/green/tender)
728_jpg.rf.26f54f3140937435b4a68c301286ea32,coconut-veirf-v5/train,Dataset/coconut-veirf-v5/train/images/728_jpg.rf.26f54f3140937435b4a68c301286ea32.jpg,,,,,,maturity=correctness(dry/green/tender)
728_jpg.rf.3dc58653f29f305123496c97ea9376da,coconut-veirf-v5/train,Dataset/coconut-veirf-v5/train/images/728_jpg.rf.3dc58653f29f305123496c97ea9376da.jpg,,,,,,maturity=correctness(dry/green/tender)
728_jpg.rf.d66ebcd0833e8037e9c99feae7464cc8,coconut-veirf-v5/train,Dataset/coconut-veirf-v5/train/images/728_jpg.rf.d66ebcd0833e8037e9c99feae7464cc8.jpg,,,,,,maturity=correctness(dry/green/tender)
72_jpg.rf.104e6b9a1a1e49d01b8e6df6023d0267,coconut-veirf-v5/train,Dataset/coconut-veirf-v5/train/images/72_jpg.rf.104e6b9a1a1e49d01b8e6df6023d0267.jpg,,,,,,maturity=correctness(dry/green/tender)
72_jpg.rf.444f165b9d18187720f77a478f734aaa,coconut-veirf-v5/train,Dataset/coconut-veirf-v5/train/images/72_jpg.rf.444f165b9d18187720f77a478f734aaa.jpg,,,,,,maturity=correctness(dry/green/tender)
72_jpg.rf.d0e1a0e2a34c8555fe1536f0635b26c8,coconut-veirf-v5/train,Dataset/coconut-veirf-v5/train/images/72_jpg.rf.d0e1a0e2a34c8555fe1536f0635b26c8.jpg,,,,,,maturity=correctness(dry/green/tender)
732_jpg.rf.30cffc07083b4ac771c53383970bf763,coconut-veirf-v5/train,Dataset/coconut-veirf-v5/train/images/732_jpg.rf.30cffc07083b4ac771c53383970bf763.jpg,,,,,,maturity=correctness(dry/green/tender)
732_jpg.rf.4d164922ca16973a47de3365905a524a,coconut-veirf-v5/train,Dataset/coconut-veirf-v5/train/images/732_jpg.rf.4d164922ca16973a47de3365905a524a.jpg,,,,,,maturity=correctness(dry/green/tender)
732_jpg.rf.9d1e04c01f5e48e19b82b36782286cda,coconut-veirf-v5/train,Dataset/coconut-veirf-v5/train/images/732_jpg.rf.9d1e04c01f5e48e19b82b36782286cda.jpg,,,,,,maturity=correctness(dry/green/tender)
733_jpg.rf.ca40ebb7eccaab3a236aa9110feab1a5,coconut-veirf-v5/train,Dataset/coconut-veirf-v5/train/images/733_jpg.rf.ca40ebb7eccaab3a236aa9110feab1a5.jpg,,,,,,maturity=correctness(dry/green/tender)
733_jpg.rf.db1e7f131b5de4f8cf9f93f8c210e74d,coconut-veirf-v5/train,Dataset/coconut-veirf-v5/train/images/733_jpg.rf.db1e7f131b5de4f8cf9f93f8c210e74d.jpg,,,,,,maturity=correctness(dry/green/tender)
733_jpg.rf.ef7af416b8929e262017fbb3fc350867,coconut-veirf-v5/train,Dataset/coconut-veirf-v5/train/images/733_jpg.rf.ef7af416b8929e262017fbb3fc350867.jpg,,,,,,maturity=correctness(dry/green/tender)
734_jpg.rf.206fe550cee485c11a1daac0750926c8,coconut-veirf-v5/train,Dataset/coconut-veirf-v5/train/images/734_jpg.rf.206fe550cee485c11a1daac0750926c8.jpg,,,,,,maturity=correctness(dry/green/tender)
734_jpg.rf.cc287ef48a2455988aeb689e3a3895db,coconut-veirf-v5/train,Dataset/coconut-veirf-v5/train/images/734_jpg.rf.cc287ef48a2455988aeb689e3a3895db.jpg,,,,,,maturity=correctness(dry/green/tender)
734_jpg.rf.da8ef7fa0ad8b6b2bd8fe7aad94df478,coconut-veirf-v5/train,Dataset/coconut-veirf-v5/train/images/734_jpg.rf.da8ef7fa0ad8b6b2bd8fe7aad94df478.jpg,,,,,,maturity=correctness(dry/green/tender)
736_jpg.rf.21603b63999ebce50e1372f53d920366,coconut-veirf-v5/train,Dataset/coconut-veirf-v5/train/images/736_jpg.rf.21603b63999ebce50e1372f53d920366.jpg,,,,,,maturity=correctness(dry/green/tender)
736_jpg.rf.42a5e60355b8649ba547e0e7646e52ce,coconut-veirf-v5/train,Dataset/coconut-veirf-v5/train/images/736_jpg.rf.42a5e60355b8649ba547e0e7646e52ce.jpg,,,,,,maturity=correctness(dry/green/tender)
736_jpg.rf.ad448dfb280d6be61e9906b22c6467c1,coconut-veirf-v5/train,Dataset/coconut-veirf-v5/train/images/736_jpg.rf.ad448dfb280d6be61e9906b22c6467c1.jpg,,,,,,maturity=correctness(dry/green/tender)
738_jpg.rf.424f2a820b00ebcd35e05755dcf82614,coconut-veirf-v5/train,Dataset/coconut-veirf-v5/train/images/738_jpg.rf.424f2a820b00ebcd35e05755dcf82614.jpg,,,,,,maturity=correctness(dry/green/tender)
738_jpg.rf.9985279ec9ef5fad6a63745a5866365b,coconut-veirf-v5/train,Dataset/coconut-veirf-v5/train/images/738_jpg.rf.9985279ec9ef5fad6a63745a5866365b.jpg,,,,,,maturity=correctness(dry/green/tender)
738_jpg.rf.ead07fcc5f8432c0fd1a065fb529d1e5,coconut-veirf-v5/train,Dataset/coconut-veirf-v5/train/images/738_jpg.rf.ead07fcc5f8432c0fd1a065fb529d1e5.jpg,,,,,,maturity=correctness(dry/green/tender)
739_jpg.rf.12c136e156851c3adb93492497f9bde3,coconut-veirf-v5/train,Dataset/coconut-veirf-v5/train/images/739_jpg.rf.12c136e156851c3adb93492497f9bde3.jpg,,,,,,maturity=correctness(dry/green/tender)
739_jpg.rf.4eb176d76b48a04fd16473b26ee565bf,coconut-veirf-v5/train,Dataset/coconut-veirf-v5/train/images/739_jpg.rf.4eb176d76b48a04fd16473b26ee565bf.jpg,,,,,,maturity=correctness(dry/green/tender)
739_jpg.rf.c5a92e4b4ed0dc02b366a1b1d4f8c44a,coconut-veirf-v5/train,Dataset/coconut-veirf-v5/train/images/739_jpg.rf.c5a92e4b4ed0dc02b366a1b1d4f8c44a.jpg,,,,,,maturity=correctness(dry/green/tender)
742_jpg.rf.8a4681834c3d73fc82e66e395e19eef6,coconut-veirf-v5/train,Dataset/coconut-veirf-v5/train/images/742_jpg.rf.8a4681834c3d73fc82e66e395e19eef6.jpg,,,,,,maturity=correctness(dry/green/tender)
742_jpg.rf.c76254ed85d7d169c6cf3c0e6c8f68b9,coconut-veirf-v5/train,Dataset/coconut-veirf-v5/train/images/742_jpg.rf.c76254ed85d7d169c6cf3c0e6c8f68b9.jpg,,,,,,maturity=correctness(dry/green/tender)
742_jpg.rf.f0aad9e96c528df5ee276765fbb4d3bb,coconut-veirf-v5/train,Dataset/coconut-veirf-v5/train/images/742_jpg.rf.f0aad9e96c528df5ee276765fbb4d3bb.jpg,,,,,,maturity=correctness(dry/green/tender)
743_jpg.rf.ec8bc9fc52b4e6a6fdba806e64d95bd8,coconut-veirf-v5/train,Dataset/coconut-veirf-v5/train/images/743_jpg.rf.ec8bc9fc52b4e6a6fdba806e64d95bd8.jpg,,,,,,maturity=correctness(dry/green/tender)
743_jpg.rf.f1d6138d2db9839bf1c5c946adb92946,coconut-veirf-v5/train,Dataset/coconut-veirf-v5/train/images/743_jpg.rf.f1d6138d2db9839bf1c5c946adb92946.jpg,,,,,,maturity=correctness(dry/green/tender)
743_jpg.rf.f6961e11cc59419a622ced3dff90eef5,coconut-veirf-v5/train,Dataset/coconut-veirf-v5/train/images/743_jpg.rf.f6961e11cc59419a622ced3dff90eef5.jpg,,,,,,maturity=correctness(dry/green/tender)
745_jpg.rf.10bfd38f4d6867397b482d16683c1674,coconut-veirf-v5/train,Dataset/coconut-veirf-v5/train/images/745_jpg.rf.10bfd38f4d6867397b482d16683c1674.jpg,,,,,,maturity=correctness(dry/green/tender)
745_jpg.rf.3f68c4a3bd54dfa1b25cd28c0411aa70,coconut-veirf-v5/train,Dataset/coconut-veirf-v5/train/images/745_jpg.rf.3f68c4a3bd54dfa1b25cd28c0411aa70.jpg,,,,,,maturity=correctness(dry/green/tender)
745_jpg.rf.7a5848e25772a367fc86de537d4fd607,coconut-veirf-v5/train,Dataset/coconut-veirf-v5/train/images/745_jpg.rf.7a5848e25772a367fc86de537d4fd607.jpg,,,,,,maturity=correctness(dry/green/tender)
747_jpg.rf.54d262b5643971ceccd913272ca0f6c0,coconut-veirf-v5/train,Dataset/coconut-veirf-v5/train/images/747_jpg.rf.54d262b5643971ceccd913272ca0f6c0.jpg,,,,,,maturity=correctness(dry/green/tender)
747_jpg.rf.6e74305bf2a031c32b6e6741016d79b6,coconut-veirf-v5/train,Dataset/coconut-veirf-v5/train/images/747_jpg.rf.6e74305bf2a031c32b6e6741016d79b6.jpg,,,,,,maturity=correctness(dry/green/tender)
747_jpg.rf.7e97565abe6f5d565825581117b87037,coconut-veirf-v5/train,Dataset/coconut-veirf-v5/train/images/747_jpg.rf.7e97565abe6f5d565825581117b87037.jpg,,,,,,maturity=correctness(dry/green/tender)
748_jpg.rf.682425bc996dd9267e812025f251e96c,coconut-veirf-v5/train,Dataset/coconut-veirf-v5/train/images/748_jpg.rf.682425bc996dd9267e812025f251e96c.jpg,,,,,,maturity=correctness(dry/green/tender)
748_jpg.rf.b92428d35160edcefe02315b6c74ce55,coconut-veirf-v5/train,Dataset/coconut-veirf-v5/train/images/748_jpg.rf.b92428d35160edcefe02315b6c74ce55.jpg,,,,,,maturity=correctness(dry/green/tender)
748_jpg.rf.e79c2baca1c8e9f6faf395d455f16c8f,coconut-veirf-v5/train,Dataset/coconut-veirf-v5/train/images/748_jpg.rf.e79c2baca1c8e9f6faf395d455f16c8f.jpg,,,,,,maturity=correctness(dry/green/tender)
749_jpg.rf.1737ea66f361d7cdfafd1379b1a5f668,coconut-veirf-v5/train,Dataset/coconut-veirf-v5/train/images/749_jpg.rf.1737ea66f361d7cdfafd1379b1a5f668.jpg,,,,,,maturity=correctness(dry/green/tender)
749_jpg.rf.28a1c1f2a96bb88fc04c8692aba26571,coconut-veirf-v5/train,Dataset/coconut-veirf-v5/train/images/749_jpg.rf.28a1c1f2a96bb88fc04c8692aba26571.jpg,,,,,,maturity=correctness(dry/green/tender)
749_jpg.rf.9bc11f47f4ec1717b19208c5bde47ccb,coconut-veirf-v5/train,Dataset/coconut-veirf-v5/train/images/749_jpg.rf.9bc11f47f4ec1717b19208c5bde47ccb.jpg,,,,,,maturity=correctness(dry/green/tender)
750_jpg.rf.3547caf16ca62c821360a6c347b325b2,coconut-veirf-v5/train,Dataset/coconut-veirf-v5/train/images/750_jpg.rf.3547caf16ca62c821360a6c347b325b2.jpg,,,,,,maturity=correctness(dry/green/tender)
750_jpg.rf.3e34bc3c89e982d205d688e24eabb7a9,coconut-veirf-v5/train,Dataset/coconut-veirf-v5/train/images/750_jpg.rf.3e34bc3c89e982d205d688e24eabb7a9.jpg,,,,,,maturity=correctness(dry/green/tender)
750_jpg.rf.e603228b83813458e2fc23e336fae8dc,coconut-veirf-v5/train,Dataset/coconut-veirf-v5/train/images/750_jpg.rf.e603228b83813458e2fc23e336fae8dc.jpg,,,,,,maturity=correctness(dry/green/tender)
751_jpg.rf.6073c3463e98d79a65dd287979a69cd6,coconut-veirf-v5/train,Dataset/coconut-veirf-v5/train/images/751_jpg.rf.6073c3463e98d79a65dd287979a69cd6.jpg,,,,,,maturity=correctness(dry/green/tender)
751_jpg.rf.b29a1c59e583af929fe8117581d53eb2,coconut-veirf-v5/train,Dataset/coconut-veirf-v5/train/images/751_jpg.rf.b29a1c59e583af929fe8117581d53eb2.jpg,,,,,,maturity=correctness(dry/green/tender)
751_jpg.rf.e707676416bb16af4f5d1287b8568afc,coconut-veirf-v5/train,Dataset/coconut-veirf-v5/train/images/751_jpg.rf.e707676416bb16af4f5d1287b8568afc.jpg,,,,,,maturity=correctness(dry/green/tender)
755_jpg.rf.05858db5cd24f4dd6c7e35905d81a1b8,coconut-veirf-v5/train,Dataset/coconut-veirf-v5/train/images/755_jpg.rf.05858db5cd24f4dd6c7e35905d81a1b8.jpg,,,,,,maturity=correctness(dry/green/tender)
755_jpg.rf.63c5f56d0fb4df790aa5627e385e57d6,coconut-veirf-v5/train,Dataset/coconut-veirf-v5/train/images/755_jpg.rf.63c5f56d0fb4df790aa5627e385e57d6.jpg,,,,,,maturity=correctness(dry/green/tender)
755_jpg.rf.ca2c7b403df53d1ae86a97bf8bdd6540,coconut-veirf-v5/train,Dataset/coconut-veirf-v5/train/images/755_jpg.rf.ca2c7b403df53d1ae86a97bf8bdd6540.jpg,,,,,,maturity=correctness(dry/green/tender)
756_jpg.rf.6310ca62273111c54bd451111b485f7d,coconut-veirf-v5/train,Dataset/coconut-veirf-v5/train/images/756_jpg.rf.6310ca62273111c54bd451111b485f7d.jpg,,,,,,maturity=correctness(dry/green/tender)
756_jpg.rf.79207623c7a1571426f3b878868a3d10,coconut-veirf-v5/train,Dataset/coconut-veirf-v5/train/images/756_jpg.rf.79207623c7a1571426f3b878868a3d10.jpg,,,,,,maturity=correctness(dry/green/tender)
756_jpg.rf.a88098c064736b06c01ebe97f4036ed9,coconut-veirf-v5/train,Dataset/coconut-veirf-v5/train/images/756_jpg.rf.a88098c064736b06c01ebe97f4036ed9.jpg,,,,,,maturity=correctness(dry/green/tender)
757_jpg.rf.22ac0c9431289496601e452c8607b49b,coconut-veirf-v5/train,Dataset/coconut-veirf-v5/train/images/757_jpg.rf.22ac0c9431289496601e452c8607b49b.jpg,,,,,,maturity=correctness(dry/green/tender)
757_jpg.rf.a576301b7761bd58bfd6341821135a14,coconut-veirf-v5/train,Dataset/coconut-veirf-v5/train/images/757_jpg.rf.a576301b7761bd58bfd6341821135a14.jpg,,,,,,maturity=correctness(dry/green/tender)
757_jpg.rf.bf1f1759e8322d7034a7a6e7f8a3a258,coconut-veirf-v5/train,Dataset/coconut-veirf-v5/train/images/757_jpg.rf.bf1f1759e8322d7034a7a6e7f8a3a258.jpg,,,,,,maturity=correctness(dry/green/tender)
758_jpg.rf.43cbab9d8140cf0a9fc68c885a9e4cd0,coconut-veirf-v5/train,Dataset/coconut-veirf-v5/train/images/758_jpg.rf.43cbab9d8140cf0a9fc68c885a9e4cd0.jpg,,,,,,maturity=correctness(dry/green/tender)
758_jpg.rf.676bccf60bd7aab443ff1458c3503c2d,coconut-veirf-v5/train,Dataset/coconut-veirf-v5/train/images/758_jpg.rf.676bccf60bd7aab443ff1458c3503c2d.jpg,,,,,,maturity=correctness(dry/green/tender)
758_jpg.rf.93e8bc629e1a7c9c153b3b4b39e5e96c,coconut-veirf-v5/train,Dataset/coconut-veirf-v5/train/images/758_jpg.rf.93e8bc629e1a7c9c153b3b4b39e5e96c.jpg,,,,,,maturity=correctness(dry/green/tender)
759_jpg.rf.438a83fcceb26e7bfe098373f5177db1,coconut-veirf-v5/train,Dataset/coconut-veirf-v5/train/images/759_jpg.rf.438a83fcceb26e7bfe098373f5177db1.jpg,,,,,,maturity=correctness(dry/green/tender)
759_jpg.rf.67ad8333fc1189ba94ae171def00c108,coconut-veirf-v5/train,Dataset/coconut-veirf-v5/train/images/759_jpg.rf.67ad8333fc1189ba94ae171def00c108.jpg,,,,,,maturity=correctness(dry/green/tender)
759_jpg.rf.bbb52dea6fed4b35970d2bc6952da6b6,coconut-veirf-v5/train,Dataset/coconut-veirf-v5/train/images/759_jpg.rf.bbb52dea6fed4b35970d2bc6952da6b6.jpg,,,,,,maturity=correctness(dry/green/tender)
75_jpg.rf.a3aa9842ff3c0776a7ba6412ede7184f,coconut-veirf-v5/train,Dataset/coconut-veirf-v5/train/images/75_jpg.rf.a3aa9842ff3c0776a7ba6412ede7184f.jpg,,,,,,maturity=correctness(dry/green/tender)
75_jpg.rf.b9970a039c1275c06ae5d2ebc40c927e,coconut-veirf-v5/train,Dataset/coconut-veirf-v5/train/images/75_jpg.rf.b9970a039c1275c06ae5d2ebc40c927e.jpg,,,,,,maturity=correctness(dry/green/tender)
75_jpg.rf.f0cde20dfe3cf7ebc9ce05b56f577b5a,coconut-veirf-v5/train,Dataset/coconut-veirf-v5/train/images/75_jpg.rf.f0cde20dfe3cf7ebc9ce05b56f577b5a.jpg,,,,,,maturity=correctness(dry/green/tender)
760_jpg.rf.21d3a052345e5adb8120bafa08742120,coconut-veirf-v5/train,Dataset/coconut-veirf-v5/train/images/760_jpg.rf.21d3a052345e5adb8120bafa08742120.jpg,,,,,,maturity=correctness(dry/green/tender)
760_jpg.rf.935a3e872ed5b7887d3faeafd7a16cac,coconut-veirf-v5/train,Dataset/coconut-veirf-v5/train/images/760_jpg.rf.935a3e872ed5b7887d3faeafd7a16cac.jpg,,,,,,maturity=correctness(dry/green/tender)
760_jpg.rf.b7376193a778fc40b4630b1b4b2a59c8,coconut-veirf-v5/train,Dataset/coconut-veirf-v5/train/images/760_jpg.rf.b7376193a778fc40b4630b1b4b2a59c8.jpg,,,,,,maturity=correctness(dry/green/tender)
77_jpg.rf.2065235ede5ee2840e03a3f5ba601ff2,coconut-veirf-v5/train,Dataset/coconut-veirf-v5/train/images/77_jpg.rf.2065235ede5ee2840e03a3f5ba601ff2.jpg,,,,,,maturity=correctness(dry/green/tender)
77_jpg.rf.f0b46e11670d4c946e54c142fd3d1ba3,coconut-veirf-v5/train,Dataset/coconut-veirf-v5/train/images/77_jpg.rf.f0b46e11670d4c946e54c142fd3d1ba3.jpg,,,,,,maturity=correctness(dry/green/tender)
77_jpg.rf.f90d09593bdc4b17158ed91446cc8e99,coconut-veirf-v5/train,Dataset/coconut-veirf-v5/train/images/77_jpg.rf.f90d09593bdc4b17158ed91446cc8e99.jpg,,,,,,maturity=correctness(dry/green/tender)
78_jpg.rf.730181db81978efc9b1228db75137fa3,coconut-veirf-v5/train,Dataset/coconut-veirf-v5/train/images/78_jpg.rf.730181db81978efc9b1228db75137fa3.jpg,,,,,,maturity=correctness(dry/green/tender)
78_jpg.rf.80cc1e07c1ff036ab269e2490aa7d5cc,coconut-veirf-v5/train,Dataset/coconut-veirf-v5/train/images/78_jpg.rf.80cc1e07c1ff036ab269e2490aa7d5cc.jpg,,,,,,maturity=correctness(dry/green/tender)
78_jpg.rf.860cf6edf966e2b7607b4c205f91d770,coconut-veirf-v5/train,Dataset/coconut-veirf-v5/train/images/78_jpg.rf.860cf6edf966e2b7607b4c205f91d770.jpg,,,,,,maturity=correctness(dry/green/tender)
79_jpg.rf.1630b9c10b69cc07ee086fd24e59d124,coconut-veirf-v5/train,Dataset/coconut-veirf-v5/train/images/79_jpg.rf.1630b9c10b69cc07ee086fd24e59d124.jpg,,,,,,maturity=correctness(dry/green/tender)
79_jpg.rf.778532524e0d262bd469d1a79c70acb8,coconut-veirf-v5/train,Dataset/coconut-veirf-v5/train/images/79_jpg.rf.778532524e0d262bd469d1a79c70acb8.jpg,,,,,,maturity=correctness(dry/green/tender)
79_jpg.rf.7cb13bc0517b8c22c713479c91fb7c10,coconut-veirf-v5/train,Dataset/coconut-veirf-v5/train/images/79_jpg.rf.7cb13bc0517b8c22c713479c91fb7c10.jpg,,,,,,maturity=correctness(dry/green/tender)
7_jpg.rf.093e05a1474afcd8e6a4acbdb20d4348,coconut-veirf-v5/train,Dataset/coconut-veirf-v5/train/images/7_jpg.rf.093e05a1474afcd8e6a4acbdb20d4348.jpg,,,,,,maturity=correctness(dry/green/tender)
7_jpg.rf.dd827dff8a5462c5946917a6f778fd54,coconut-veirf-v5/train,Dataset/coconut-veirf-v5/train/images/7_jpg.rf.dd827dff8a5462c5946917a6f778fd54.jpg,,,,,,maturity=correctness(dry/green/tender)
7_jpg.rf.f8874e75c5ac784b374f7c4fa4e862b2,coconut-veirf-v5/train,Dataset/coconut-veirf-v5/train/images/7_jpg.rf.f8874e75c5ac784b374f7c4fa4e862b2.jpg,,,,,,maturity=correctness(dry/green/tender)
81_jpg.rf.0beadb2a8ccdad59cc7dabd237cef178,coconut-veirf-v5/train,Dataset/coconut-veirf-v5/train/images/81_jpg.rf.0beadb2a8ccdad59cc7dabd237cef178.jpg,,,,,,maturity=correctness(dry/green/tender)
81_jpg.rf.6b73b4f2086bdf52f22229b26e49abbf,coconut-veirf-v5/train,Dataset/coconut-veirf-v5/train/images/81_jpg.rf.6b73b4f2086bdf52f22229b26e49abbf.jpg,,,,,,maturity=correctness(dry/green/tender)
81_jpg.rf.82e766bb96d4584790b6fb83e898928b,coconut-veirf-v5/train,Dataset/coconut-veirf-v5/train/images/81_jpg.rf.82e766bb96d4584790b6fb83e898928b.jpg,,,,,,maturity=correctness(dry/green/tender)
83_jpg.rf.03a5bf00b973a837e57436b022b96c64,coconut-veirf-v5/train,Dataset/coconut-veirf-v5/train/images/83_jpg.rf.03a5bf00b973a837e57436b022b96c64.jpg,,,,,,maturity=correctness(dry/green/tender)
83_jpg.rf.2a820191637902f7541ccde6949b3451,coconut-veirf-v5/train,Dataset/coconut-veirf-v5/train/images/83_jpg.rf.2a820191637902f7541ccde6949b3451.jpg,,,,,,maturity=correctness(dry/green/tender)
83_jpg.rf.396d1f1926d366e6c243f0082be75225,coconut-veirf-v5/train,Dataset/coconut-veirf-v5/train/images/83_jpg.rf.396d1f1926d366e6c243f0082be75225.jpg,,,,,,maturity=correctness(dry/green/tender)
85_jpg.rf.8d2d5ea75e6701843381e74b682a9b28,coconut-veirf-v5/train,Dataset/coconut-veirf-v5/train/images/85_jpg.rf.8d2d5ea75e6701843381e74b682a9b28.jpg,,,,,,maturity=correctness(dry/green/tender)
85_jpg.rf.91a4a56ad6f78868ab7aed877f5dd575,coconut-veirf-v5/train,Dataset/coconut-veirf-v5/train/images/85_jpg.rf.91a4a56ad6f78868ab7aed877f5dd575.jpg,,,,,,maturity=correctness(dry/green/tender)
85_jpg.rf.d3ee2c13b0521dfe37dfebc83cde8217,coconut-veirf-v5/train,Dataset/coconut-veirf-v5/train/images/85_jpg.rf.d3ee2c13b0521dfe37dfebc83cde8217.jpg,,,,,,maturity=correctness(dry/green/tender)
87_jpg.rf.3acdd93d68f0d178c66e22d05aeffe7c,coconut-veirf-v5/train,Dataset/coconut-veirf-v5/train/images/87_jpg.rf.3acdd93d68f0d178c66e22d05aeffe7c.jpg,,,,,,maturity=correctness(dry/green/tender)
87_jpg.rf.8d9555d3708bc9623a387ab85150ae88,coconut-veirf-v5/train,Dataset/coconut-veirf-v5/train/images/87_jpg.rf.8d9555d3708bc9623a387ab85150ae88.jpg,,,,,,maturity=correctness(dry/green/tender)
87_jpg.rf.facce9ddb9d5f1ecb78df64046fff026,coconut-veirf-v5/train,Dataset/coconut-veirf-v5/train/images/87_jpg.rf.facce9ddb9d5f1ecb78df64046fff026.jpg,,,,,,maturity=correctness(dry/green/tender)
88_jpg.rf.08ec1f6f2f0d6170b4fc018f72a12543,coconut-veirf-v5/train,Dataset/coconut-veirf-v5/train/images/88_jpg.rf.08ec1f6f2f0d6170b4fc018f72a12543.jpg,,,,,,maturity=correctness(dry/green/tender)
88_jpg.rf.64e396f149eae2b937efb90ea8ab9bc5,coconut-veirf-v5/train,Dataset/coconut-veirf-v5/train/images/88_jpg.rf.64e396f149eae2b937efb90ea8ab9bc5.jpg,,,,,,maturity=correctness(dry/green/tender)
88_jpg.rf.904f5ac1f3c36c8f96ebf8d5555d6b9f,coconut-veirf-v5/train,Dataset/coconut-veirf-v5/train/images/88_jpg.rf.904f5ac1f3c36c8f96ebf8d5555d6b9f.jpg,,,,,,maturity=correctness(dry/green/tender)
90_jpg.rf.1a6838e653005182b1cfc4bc1e7deafe,coconut-veirf-v5/train,Dataset/coconut-veirf-v5/train/images/90_jpg.rf.1a6838e653005182b1cfc4bc1e7deafe.jpg,,,,,,maturity=correctness(dry/green/tender)
90_jpg.rf.2a0c57b5f16994217ecdd1e4a86ca3e3,coconut-veirf-v5/train,Dataset/coconut-veirf-v5/train/images/90_jpg.rf.2a0c57b5f16994217ecdd1e4a86ca3e3.jpg,,,,,,maturity=correctness(dry/green/tender)
90_jpg.rf.6aa3c5bc9cb6b081e4b1b67ece8840dd,coconut-veirf-v5/train,Dataset/coconut-veirf-v5/train/images/90_jpg.rf.6aa3c5bc9cb6b081e4b1b67ece8840dd.jpg,,,,,,maturity=correctness(dry/green/tender)
96_jpg.rf.40719d3479ded3a2c22f218ba2757bdf,coconut-veirf-v5/train,Dataset/coconut-veirf-v5/train/images/96_jpg.rf.40719d3479ded3a2c22f218ba2757bdf.jpg,,,,,,maturity=correctness(dry/green/tender)
96_jpg.rf.8bdcf4b751ef28a95899323aed07f4fd,coconut-veirf-v5/train,Dataset/coconut-veirf-v5/train/images/96_jpg.rf.8bdcf4b751ef28a95899323aed07f4fd.jpg,,,,,,maturity=correctness(dry/green/tender)
96_jpg.rf.9958e8ea202d4dfe8bdba64a9495a25c,coconut-veirf-v5/train,Dataset/coconut-veirf-v5/train/images/96_jpg.rf.9958e8ea202d4dfe8bdba64a9495a25c.jpg,,,,,,maturity=correctness(dry/green/tender)
98_jpg.rf.082d1f6b8f63bdfe6800425ea6f3944e,coconut-veirf-v5/train,Dataset/coconut-veirf-v5/train/images/98_jpg.rf.082d1f6b8f63bdfe6800425ea6f3944e.jpg,,,,,,maturity=correctness(dry/green/tender)
98_jpg.rf.404a86337bd6de1acc1e55a5004d5bdf,coconut-veirf-v5/train,Dataset/coconut-veirf-v5/train/images/98_jpg.rf.404a86337bd6de1acc1e55a5004d5bdf.jpg,,,,,,maturity=correctness(dry/green/tender)
98_jpg.rf.a8f86f0fb439ae33ee458c57b7d6ad6c,coconut-veirf-v5/train,Dataset/coconut-veirf-v5/train/images/98_jpg.rf.a8f86f0fb439ae33ee458c57b7d6ad6c.jpg,,,,,,maturity=correctness(dry/green/tender)
99_jpg.rf.8e07578fe8014e6876ca231fc14dbd93,coconut-veirf-v5/train,Dataset/coconut-veirf-v5/train/images/99_jpg.rf.8e07578fe8014e6876ca231fc14dbd93.jpg,,,,,,maturity=correctness(dry/green/tender)
99_jpg.rf.c2bc412d91f490326f8fd30d447e4b32,coconut-veirf-v5/train,Dataset/coconut-veirf-v5/train/images/99_jpg.rf.c2bc412d91f490326f8fd30d447e4b32.jpg,,,,,,maturity=correctness(dry/green/tender)
99_jpg.rf.f7c0f5ffdff86be74832fc0f77f2ccea,coconut-veirf-v5/train,Dataset/coconut-veirf-v5/train/images/99_jpg.rf.f7c0f5ffdff86be74832fc0f77f2ccea.jpg,,,,,,maturity=correctness(dry/green/tender)
9_jpg.rf.6982a158c6d0332b5e892c4f42fe6de2,coconut-veirf-v5/train,Dataset/coconut-veirf-v5/train/images/9_jpg.rf.6982a158c6d0332b5e892c4f42fe6de2.jpg,,,,,,maturity=correctness(dry/green/tender)
9_jpg.rf.94022d2815be6ae744632e34323ecfc9,coconut-veirf-v5/train,Dataset/coconut-veirf-v5/train/images/9_jpg.rf.94022d2815be6ae744632e34323ecfc9.jpg,,,,,,maturity=correctness(dry/green/tender)
9_jpg.rf.bd93a8741b71624dd451324e642dd8ae,coconut-veirf-v5/train,Dataset/coconut-veirf-v5/train/images/9_jpg.rf.bd93a8741b71624dd451324e642dd8ae.jpg,,,,,,maturity=correctness(dry/green/tender)
0100_jpg.rf.0d343bad8dab2daf913d921a776694e7,coconut-veirf-v5/valid,Dataset/coconut-veirf-v5/valid/images/0100_jpg.rf.0d343bad8dab2daf913d921a776694e7.jpg,,,,,,maturity=correctness(dry/green/tender)
011_jpg.rf.6125db4869932d2246e1c63cdb4d1680,coconut-veirf-v5/valid,Dataset/coconut-veirf-v5/valid/images/011_jpg.rf.6125db4869932d2246e1c63cdb4d1680.jpg,,,,,,maturity=correctness(dry/green/tender)
018_jpg.rf.e836998369d489b08c6a1f59942b130c,coconut-veirf-v5/valid,Dataset/coconut-veirf-v5/valid/images/018_jpg.rf.e836998369d489b08c6a1f59942b130c.jpg,,,,,,maturity=correctness(dry/green/tender)
019_jpg.rf.d968e76ac51779ee570513b509510b57,coconut-veirf-v5/valid,Dataset/coconut-veirf-v5/valid/images/019_jpg.rf.d968e76ac51779ee570513b509510b57.jpg,,,,,,maturity=correctness(dry/green/tender)
022_jpg.rf.67395f06ace3af2d3384695dbf2011cb,coconut-veirf-v5/valid,Dataset/coconut-veirf-v5/valid/images/022_jpg.rf.67395f06ace3af2d3384695dbf2011cb.jpg,,,,,,maturity=correctness(dry/green/tender)
027_jpg.rf.6b8411c2832a8ea72e4a1946ffc965da,coconut-veirf-v5/valid,Dataset/coconut-veirf-v5/valid/images/027_jpg.rf.6b8411c2832a8ea72e4a1946ffc965da.jpg,,,,,,maturity=correctness(dry/green/tender)
029_jpg.rf.77dcd828a97a397603679f93015d1bf6,coconut-veirf-v5/valid,Dataset/coconut-veirf-v5/valid/images/029_jpg.rf.77dcd828a97a397603679f93015d1bf6.jpg,,,,,,maturity=correctness(dry/green/tender)
031_jpg.rf.b997d31b04ef4f5f1a1d9d3c3ca00fc9,coconut-veirf-v5/valid,Dataset/coconut-veirf-v5/valid/images/031_jpg.rf.b997d31b04ef4f5f1a1d9d3c3ca00fc9.jpg,,,,,,maturity=correctness(dry/green/tender)
034_jpg.rf.c78733b5dbd647633326fcebc4a368ac,coconut-veirf-v5/valid,Dataset/coconut-veirf-v5/valid/images/034_jpg.rf.c78733b5dbd647633326fcebc4a368ac.jpg,,,,,,maturity=correctness(dry/green/tender)
035_jpg.rf.f84d40bcb90cc69e2524622ad44d3de9,coconut-veirf-v5/valid,Dataset/coconut-veirf-v5/valid/images/035_jpg.rf.f84d40bcb90cc69e2524622ad44d3de9.jpg,,,,,,maturity=correctness(dry/green/tender)
039_jpg.rf.6a7b757abbc330fc2f4e67bf635406a6,coconut-veirf-v5/valid,Dataset/coconut-veirf-v5/valid/images/039_jpg.rf.6a7b757abbc330fc2f4e67bf635406a6.jpg,,,,,,maturity=correctness(dry/green/tender)
03_jpg.rf.23f37c64ff4097b8bef807d4be6dedd3,coconut-veirf-v5/valid,Dataset/coconut-veirf-v5/valid/images/03_jpg.rf.23f37c64ff4097b8bef807d4be6dedd3.jpg,,,,,,maturity=correctness(dry/green/tender)
047_jpg.rf.87a10694450eafa409539feaa730fe93,coconut-veirf-v5/valid,Dataset/coconut-veirf-v5/valid/images/047_jpg.rf.87a10694450eafa409539feaa730fe93.jpg,,,,,,maturity=correctness(dry/green/tender)
055_jpeg.rf.48b25d091dadf1161944a77b019a0985,coconut-veirf-v5/valid,Dataset/coconut-veirf-v5/valid/images/055_jpeg.rf.48b25d091dadf1161944a77b019a0985.jpg,,,,,,maturity=correctness(dry/green/tender)
064_jpg.rf.6e73bcbb321362fa2144a50ddffd3b90,coconut-veirf-v5/valid,Dataset/coconut-veirf-v5/valid/images/064_jpg.rf.6e73bcbb321362fa2144a50ddffd3b90.jpg,,,,,,maturity=correctness(dry/green/tender)
066_jpg.rf.815aca1ae83da1f0c538e536f02933b9,coconut-veirf-v5/valid,Dataset/coconut-veirf-v5/valid/images/066_jpg.rf.815aca1ae83da1f0c538e536f02933b9.jpg,,,,,,maturity=correctness(dry/green/tender)
06_jpg.rf.5172ca7ed7bc6de67ef030732e7c4833,coconut-veirf-v5/valid,Dataset/coconut-veirf-v5/valid/images/06_jpg.rf.5172ca7ed7bc6de67ef030732e7c4833.jpg,,,,,,maturity=correctness(dry/green/tender)
083_jpg.rf.b86a1677e764495eec3499910aab985c,coconut-veirf-v5/valid,Dataset/coconut-veirf-v5/valid/images/083_jpg.rf.b86a1677e764495eec3499910aab985c.jpg,,,,,,maturity=correctness(dry/green/tender)
084_jpg.rf.c38b1b0ec46c01e0824f38830107a514,coconut-veirf-v5/valid,Dataset/coconut-veirf-v5/valid/images/084_jpg.rf.c38b1b0ec46c01e0824f38830107a514.jpg,,,,,,maturity=correctness(dry/green/tender)
089_jpg.rf.fa1ba0a7d3f53d8e5987bd14527ffc0d,coconut-veirf-v5/valid,Dataset/coconut-veirf-v5/valid/images/089_jpg.rf.fa1ba0a7d3f53d8e5987bd14527ffc0d.jpg,,,,,,maturity=correctness(dry/green/tender)
104_jpg.rf.6b6a577d02b54aa93edb64c16ff47ca0,coconut-veirf-v5/valid,Dataset/coconut-veirf-v5/valid/images/104_jpg.rf.6b6a577d02b54aa93edb64c16ff47ca0.jpg,,,,,,maturity=correctness(dry/green/tender)
110_jpg.rf.10f660cc0522eab867d86837d245a3dd,coconut-veirf-v5/valid,Dataset/coconut-veirf-v5/valid/images/110_jpg.rf.10f660cc0522eab867d86837d245a3dd.jpg,,,,,,maturity=correctness(dry/green/tender)
115_jpg.rf.7a5094f981fe322cbfc785f8a4f4caf7,coconut-veirf-v5/valid,Dataset/coconut-veirf-v5/valid/images/115_jpg.rf.7a5094f981fe322cbfc785f8a4f4caf7.jpg,,,,,,maturity=correctness(dry/green/tender)
125_jpg.rf.439e58033145a9256d6915caac236ea0,coconut-veirf-v5/valid,Dataset/coconut-veirf-v5/valid/images/125_jpg.rf.439e58033145a9256d6915caac236ea0.jpg,,,,,,maturity=correctness(dry/green/tender)
126_jpg.rf.f912e18dbffdf0fd0638865d77e04964,coconut-veirf-v5/valid,Dataset/coconut-veirf-v5/valid/images/126_jpg.rf.f912e18dbffdf0fd0638865d77e04964.jpg,,,,,,maturity=correctness(dry/green/tender)
132_jpg.rf.f7e974e7ea11ef07590507eb0eb836b5,coconut-veirf-v5/valid,Dataset/coconut-veirf-v5/valid/images/132_jpg.rf.f7e974e7ea11ef07590507eb0eb836b5.jpg,,,,,,maturity=correctness(dry/green/tender)
17_jpg.rf.4c6f1375b2f7781d11ad38f923854be1,coconut-veirf-v5/valid,Dataset/coconut-veirf-v5/valid/images/17_jpg.rf.4c6f1375b2f7781d11ad38f923854be1.jpg,,,,,,maturity=correctness(dry/green/tender)
22_jpg.rf.a152f7c47c9b8bafd390c4df1a257184,coconut-veirf-v5/valid,Dataset/coconut-veirf-v5/valid/images/22_jpg.rf.a152f7c47c9b8bafd390c4df1a257184.jpg,,,,,,maturity=correctness(dry/green/tender)
26_jpg.rf.b4ad46d76046277a59923eea1ca19add,coconut-veirf-v5/valid,Dataset/coconut-veirf-v5/valid/images/26_jpg.rf.b4ad46d76046277a59923eea1ca19add.jpg,,,,,,maturity=correctness(dry/green/tender)
27_jpg.rf.a678d2aafba8b585fe5274b44f81df57,coconut-veirf-v5/valid,Dataset/coconut-veirf-v5/valid/images/27_jpg.rf.a678d2aafba8b585fe5274b44f81df57.jpg,,,,,,maturity=correctness(dry/green/tender)
35_jpg.rf.c3b018ccde0c04ab6dbd34c06d7059a3,coconut-veirf-v5/valid,Dataset/coconut-veirf-v5/valid/images/35_jpg.rf.c3b018ccde0c04ab6dbd34c06d7059a3.jpg,,,,,,maturity=correctness(dry/green/tender)
510_jpg.rf.1655ba8aea789354672ab136255daa16,coconut-veirf-v5/valid,Dataset/coconut-veirf-v5/valid/images/510_jpg.rf.1655ba8aea789354672ab136255daa16.jpg,,,,,,maturity=correctness(dry/green/tender)
517_jpg.rf.5058b5d30fe487ede6cfbf3baca1253d,coconut-veirf-v5/valid,Dataset/coconut-veirf-v5/valid/images/517_jpg.rf.5058b5d30fe487ede6cfbf3baca1253d.jpg,,,,,,maturity=correctness(dry/green/tender)
519_jpg.rf.75fb44821a0b36ee64cd7d7a13a7a5ee,coconut-veirf-v5/valid,Dataset/coconut-veirf-v5/valid/images/519_jpg.rf.75fb44821a0b36ee64cd7d7a13a7a5ee.jpg,,,,,,maturity=correctness(dry/green/tender)
521_jpg.rf.a7653ea8bd1f45404272e17d60fef14f,coconut-veirf-v5/valid,Dataset/coconut-veirf-v5/valid/images/521_jpg.rf.a7653ea8bd1f45404272e17d60fef14f.jpg,,,,,,maturity=correctness(dry/green/tender)
522_jpg.rf.87e61788e74db810a2819b0810ec679d,coconut-veirf-v5/valid,Dataset/coconut-veirf-v5/valid/images/522_jpg.rf.87e61788e74db810a2819b0810ec679d.jpg,,,,,,maturity=correctness(dry/green/tender)
524_jpg.rf.53f036f4af2f03761aa073c575bde87a,coconut-veirf-v5/valid,Dataset/coconut-veirf-v5/valid/images/524_jpg.rf.53f036f4af2f03761aa073c575bde87a.jpg,,,,,,maturity=correctness(dry/green/tender)
526_jpg.rf.642462b3b16c75fc0576416d96795c27,coconut-veirf-v5/valid,Dataset/coconut-veirf-v5/valid/images/526_jpg.rf.642462b3b16c75fc0576416d96795c27.jpg,,,,,,maturity=correctness(dry/green/tender)
528_jpg.rf.16aa52e401bdbc4e964700c9ff371ccc,coconut-veirf-v5/valid,Dataset/coconut-veirf-v5/valid/images/528_jpg.rf.16aa52e401bdbc4e964700c9ff371ccc.jpg,,,,,,maturity=correctness(dry/green/tender)
530_jpg.rf.eeff0bd3e1d176ca34dfdc78daac1976,coconut-veirf-v5/valid,Dataset/coconut-veirf-v5/valid/images/530_jpg.rf.eeff0bd3e1d176ca34dfdc78daac1976.jpg,,,,,,maturity=correctness(dry/green/tender)
608_jpg.rf.e69f166858cfb6801831b3b2c448b048,coconut-veirf-v5/valid,Dataset/coconut-veirf-v5/valid/images/608_jpg.rf.e69f166858cfb6801831b3b2c448b048.jpg,,,,,,maturity=correctness(dry/green/tender)
617_jpg.rf.f3101f20d175da53768fe90a86043277,coconut-veirf-v5/valid,Dataset/coconut-veirf-v5/valid/images/617_jpg.rf.f3101f20d175da53768fe90a86043277.jpg,,,,,,maturity=correctness(dry/green/tender)
620_jpg.rf.9e3312d1d096875e301d8444ee127f7e,coconut-veirf-v5/valid,Dataset/coconut-veirf-v5/valid/images/620_jpg.rf.9e3312d1d096875e301d8444ee127f7e.jpg,,,,,,maturity=correctness(dry/green/tender)
624_jpg.rf.a9e9c2072605afc4cf2a8b6104f28d5f,coconut-veirf-v5/valid,Dataset/coconut-veirf-v5/valid/images/624_jpg.rf.a9e9c2072605afc4cf2a8b6104f28d5f.jpg,,,,,,maturity=correctness(dry/green/tender)
626_jpg.rf.64e1c5346ff31fccb9e639c6fced54a6,coconut-veirf-v5/valid,Dataset/coconut-veirf-v5/valid/images/626_jpg.rf.64e1c5346ff31fccb9e639c6fced54a6.jpg,,,,,,maturity=correctness(dry/green/tender)
630_jpg.rf.e2c9b3f2fc7e286f317ada8362410add,coconut-veirf-v5/valid,Dataset/coconut-veirf-v5/valid/images/630_jpg.rf.e2c9b3f2fc7e286f317ada8362410add.jpg,,,,,,maturity=correctness(dry/green/tender)
639_jpg.rf.b3f264e182e2e87ad17be685e8f5b430,coconut-veirf-v5/valid,Dataset/coconut-veirf-v5/valid/images/639_jpg.rf.b3f264e182e2e87ad17be685e8f5b430.jpg,,,,,,maturity=correctness(dry/green/tender)
644_jpg.rf.9b8a9781bf1f9835d4d170eae00955c8,coconut-veirf-v5/valid,Dataset/coconut-veirf-v5/valid/images/644_jpg.rf.9b8a9781bf1f9835d4d170eae00955c8.jpg,,,,,,maturity=correctness(dry/green/tender)
661_jpg.rf.3c56525f5d05b7479fc04f944a118dd0,coconut-veirf-v5/valid,Dataset/coconut-veirf-v5/valid/images/661_jpg.rf.3c56525f5d05b7479fc04f944a118dd0.jpg,,,,,,maturity=correctness(dry/green/tender)
664_jpg.rf.6ec95c6116cc91fa3542866db9b8af85,coconut-veirf-v5/valid,Dataset/coconut-veirf-v5/valid/images/664_jpg.rf.6ec95c6116cc91fa3542866db9b8af85.jpg,,,,,,maturity=correctness(dry/green/tender)
665_jpg.rf.f8c218c3b41ca139e394ffcfc94f663c,coconut-veirf-v5/valid,Dataset/coconut-veirf-v5/valid/images/665_jpg.rf.f8c218c3b41ca139e394ffcfc94f663c.jpg,,,,,,maturity=correctness(dry/green/tender)
666_jpg.rf.aa3f186fd06a3426989d6fc18c9e5e71,coconut-veirf-v5/valid,Dataset/coconut-veirf-v5/valid/images/666_jpg.rf.aa3f186fd06a3426989d6fc18c9e5e71.jpg,,,,,,maturity=correctness(dry/green/tender)
667_jpg.rf.30d748ba52f7c7fa7be7dd5a99723060,coconut-veirf-v5/valid,Dataset/coconut-veirf-v5/valid/images/667_jpg.rf.30d748ba52f7c7fa7be7dd5a99723060.jpg,,,,,,maturity=correctness(dry/green/tender)
669_jpg.rf.10f0e553c6dc438e0e6f5487946a56d9,coconut-veirf-v5/valid,Dataset/coconut-veirf-v5/valid/images/669_jpg.rf.10f0e553c6dc438e0e6f5487946a56d9.jpg,,,,,,maturity=correctness(dry/green/tender)
671_jpg.rf.1b2b3bda0f9e39162c88c2edaca19ce2,coconut-veirf-v5/valid,Dataset/coconut-veirf-v5/valid/images/671_jpg.rf.1b2b3bda0f9e39162c88c2edaca19ce2.jpg,,,,,,maturity=correctness(dry/green/tender)
672_jpg.rf.8e8723002797b394ce256e2d3d26f8ed,coconut-veirf-v5/valid,Dataset/coconut-veirf-v5/valid/images/672_jpg.rf.8e8723002797b394ce256e2d3d26f8ed.jpg,,,,,,maturity=correctness(dry/green/tender)
675_jpg.rf.06621e9ff925011223f2f213cf6092d5,coconut-veirf-v5/valid,Dataset/coconut-veirf-v5/valid/images/675_jpg.rf.06621e9ff925011223f2f213cf6092d5.jpg,,,,,,maturity=correctness(dry/green/tender)
677_jpg.rf.8a24a9245ac3cb445d069f79a1574c24,coconut-veirf-v5/valid,Dataset/coconut-veirf-v5/valid/images/677_jpg.rf.8a24a9245ac3cb445d069f79a1574c24.jpg,,,,,,maturity=correctness(dry/green/tender)
683_jpg.rf.2195d3173a2585b2fe91b4e393f44139,coconut-veirf-v5/valid,Dataset/coconut-veirf-v5/valid/images/683_jpg.rf.2195d3173a2585b2fe91b4e393f44139.jpg,,,,,,maturity=correctness(dry/green/tender)
688_jpg.rf.b5500c40ca76fcbfed42fd71c54d65f3,coconut-veirf-v5/valid,Dataset/coconut-veirf-v5/valid/images/688_jpg.rf.b5500c40ca76fcbfed42fd71c54d65f3.jpg,,,,,,maturity=correctness(dry/green/tender)
694_jpg.rf.b87eb457b1ca28afa3792bbf1933c96a,coconut-veirf-v5/valid,Dataset/coconut-veirf-v5/valid/images/694_jpg.rf.b87eb457b1ca28afa3792bbf1933c96a.jpg,,,,,,maturity=correctness(dry/green/tender)
695_jpg.rf.eb7106a4d85e18538469179e2612cdec,coconut-veirf-v5/valid,Dataset/coconut-veirf-v5/valid/images/695_jpg.rf.eb7106a4d85e18538469179e2612cdec.jpg,,,,,,maturity=correctness(dry/green/tender)
70_jpg.rf.352f4779d1fdedaf856cc42d9e6c8ffd,coconut-veirf-v5/valid,Dataset/coconut-veirf-v5/valid/images/70_jpg.rf.352f4779d1fdedaf856cc42d9e6c8ffd.jpg,,,,,,maturity=correctness(dry/green/tender)
710_jpg.rf.60ec53549f29c7f5281d000a6cedcd1a,coconut-veirf-v5/valid,Dataset/coconut-veirf-v5/valid/images/710_jpg.rf.60ec53549f29c7f5281d000a6cedcd1a.jpg,,,,,,maturity=correctness(dry/green/tender)
714_jpg.rf.cd5ae7fc3335a8659e318d3b0612ef5e,coconut-veirf-v5/valid,Dataset/coconut-veirf-v5/valid/images/714_jpg.rf.cd5ae7fc3335a8659e318d3b0612ef5e.jpg,,,,,,maturity=correctness(dry/green/tender)
724_jpg.rf.561a584fa8036f65cca8a2d4793dc278,coconut-veirf-v5/valid,Dataset/coconut-veirf-v5/valid/images/724_jpg.rf.561a584fa8036f65cca8a2d4793dc278.jpg,,,,,,maturity=correctness(dry/green/tender)
730_jpg.rf.4f3737a2903f2977ac77a9a0f23570d6,coconut-veirf-v5/valid,Dataset/coconut-veirf-v5/valid/images/730_jpg.rf.4f3737a2903f2977ac77a9a0f23570d6.jpg,,,,,,maturity=correctness(dry/green/tender)
737_jpg.rf.0ded242b8f699b08ec4dbc0d0dd4b54f,coconut-veirf-v5/valid,Dataset/coconut-veirf-v5/valid/images/737_jpg.rf.0ded242b8f699b08ec4dbc0d0dd4b54f.jpg,,,,,,maturity=correctness(dry/green/tender)
753_jpg.rf.3fcbd882d6fd64462939b10743b3741b,coconut-veirf-v5/valid,Dataset/coconut-veirf-v5/valid/images/753_jpg.rf.3fcbd882d6fd64462939b10743b3741b.jpg,,,,,,maturity=correctness(dry/green/tender)
754_jpg.rf.cafe64543350a6caadfa127faab140b5,coconut-veirf-v5/valid,Dataset/coconut-veirf-v5/valid/images/754_jpg.rf.cafe64543350a6caadfa127faab140b5.jpg,,,,,,maturity=correctness(dry/green/tender)
80_jpg.rf.a47f0b5f1ca0d81682fecd02aba92db5,coconut-veirf-v5/valid,Dataset/coconut-veirf-v5/valid/images/80_jpg.rf.a47f0b5f1ca0d81682fecd02aba92db5.jpg,,,,,,maturity=correctness(dry/green/tender)
82_jpg.rf.c793332578c30e12f7c9f3864db76bf8,coconut-veirf-v5/valid,Dataset/coconut-veirf-v5/valid/images/82_jpg.rf.c793332578c30e12f7c9f3864db76bf8.jpg,,,,,,maturity=correctness(dry/green/tender)
89_jpg.rf.0ef84b970f393e9a3ac7d374e4659da2,coconut-veirf-v5/valid,Dataset/coconut-veirf-v5/valid/images/89_jpg.rf.0ef84b970f393e9a3ac7d374e4659da2.jpg,,,,,,maturity=correctness(dry/green/tender)
92_jpg.rf.7f7906813c1f56aaac11cbe054a58862,coconut-veirf-v5/valid,Dataset/coconut-veirf-v5/valid/images/92_jpg.rf.7f7906813c1f56aaac11cbe054a58862.jpg,,,,,,maturity=correctness(dry/green/tender)
93_jpg.rf.c622126f61d3d5d69591f2017d7f7dff,coconut-veirf-v5/valid,Dataset/coconut-veirf-v5/valid/images/93_jpg.rf.c622126f61d3d5d69591f2017d7f7dff.jpg,,,,,,maturity=correctness(dry/green/tender)
94_jpg.rf.5dffe0919badb645ea5a74f8cf6ee3cd,coconut-veirf-v5/valid,Dataset/coconut-veirf-v5/valid/images/94_jpg.rf.5dffe0919badb645ea5a74f8cf6ee3cd.jpg,,,,,,maturity=correctness(dry/green/tender)
95_jpg.rf.44e48ae91f0356f81c38ebf5cdda7b21,coconut-veirf-v5/valid,Dataset/coconut-veirf-v5/valid/images/95_jpg.rf.44e48ae91f0356f81c38ebf5cdda7b21.jpg,,,,,,maturity=correctness(dry/green/tender)
97_jpg.rf.4fe256e1f180056c381244c4d93aceee,coconut-veirf-v5/valid,Dataset/coconut-veirf-v5/valid/images/97_jpg.rf.4fe256e1f180056c381244c4d93aceee.jpg,,,,,,maturity=correctness(dry/green/tender)
026_jpg.rf.7471e889893fd7f8393880e1264636fc,coconut-veirf-v5/test,Dataset/coconut-veirf-v5/test/images/026_jpg.rf.7471e889893fd7f8393880e1264636fc.jpg,,,,,,maturity=correctness(dry/green/tender)
030_jpg.rf.bf8b9b31dcadda699117ea362bf6fb90,coconut-veirf-v5/test,Dataset/coconut-veirf-v5/test/images/030_jpg.rf.bf8b9b31dcadda699117ea362bf6fb90.jpg,,,,,,maturity=correctness(dry/green/tender)
056_jpg.rf.fbf3c79d8c7938ab258e2114633d2f53,coconut-veirf-v5/test,Dataset/coconut-veirf-v5/test/images/056_jpg.rf.fbf3c79d8c7938ab258e2114633d2f53.jpg,,,,,,maturity=correctness(dry/green/tender)
094_jpg.rf.a2b00b86e068c19634c00bef0c3f6b54,coconut-veirf-v5/test,Dataset/coconut-veirf-v5/test/images/094_jpg.rf.a2b00b86e068c19634c00bef0c3f6b54.jpg,,,,,,maturity=correctness(dry/green/tender)
105_jpg.rf.0a831c1f7910d2cebc2a79ec6677aed1,coconut-veirf-v5/test,Dataset/coconut-veirf-v5/test/images/105_jpg.rf.0a831c1f7910d2cebc2a79ec6677aed1.jpg,,,,,,maturity=correctness(dry/green/tender)
11_jpg.rf.4abe98a1e65a34a5611aec3a6deb1a1d,coconut-veirf-v5/test,Dataset/coconut-veirf-v5/test/images/11_jpg.rf.4abe98a1e65a34a5611aec3a6deb1a1d.jpg,,,,,,maturity=correctness(dry/green/tender)
131_jpg.rf.859d65c0024a682f5f482cf83ad78feb,coconut-veirf-v5/test,Dataset/coconut-veirf-v5/test/images/131_jpg.rf.859d65c0024a682f5f482cf83ad78feb.jpg,,,,,,maturity=correctness(dry/green/tender)
19_jpg.rf.8dcc655b098737e254f846ecce7c6e7c,coconut-veirf-v5/test,Dataset/coconut-veirf-v5/test/images/19_jpg.rf.8dcc655b098737e254f846ecce7c6e7c.jpg,,,,,,maturity=correctness(dry/green/tender)
37_jpg.rf.b92f665dd9512191e24147028a02a957,coconut-veirf-v5/test,Dataset/coconut-veirf-v5/test/images/37_jpg.rf.b92f665dd9512191e24147028a02a957.jpg,,,,,,maturity=correctness(dry/green/tender)
503_jpg.rf.9cb32c1b22f1a465a62cc09d8d76d701,coconut-veirf-v5/test,Dataset/coconut-veirf-v5/test/images/503_jpg.rf.9cb32c1b22f1a465a62cc09d8d76d701.jpg,,,,,,maturity=correctness(dry/green/tender)
511_jpg.rf.8606bbca97de808f8eba0bc29e647739,coconut-veirf-v5/test,Dataset/coconut-veirf-v5/test/images/511_jpg.rf.8606bbca97de808f8eba0bc29e647739.jpg,,,,,,maturity=correctness(dry/green/tender)
512_jpg.rf.aae4cdc418689324dcad198efe12ed9d,coconut-veirf-v5/test,Dataset/coconut-veirf-v5/test/images/512_jpg.rf.aae4cdc418689324dcad198efe12ed9d.jpg,,,,,,maturity=correctness(dry/green/tender)
515_jpg.rf.62507b976429c29519f16e5eaf3197f9,coconut-veirf-v5/test,Dataset/coconut-veirf-v5/test/images/515_jpg.rf.62507b976429c29519f16e5eaf3197f9.jpg,,,,,,maturity=correctness(dry/green/tender)
51_jpg.rf.5268b43c8550382ff1a17187c5e610d7,coconut-veirf-v5/test,Dataset/coconut-veirf-v5/test/images/51_jpg.rf.5268b43c8550382ff1a17187c5e610d7.jpg,,,,,,maturity=correctness(dry/green/tender)
534_jpg.rf.3662e186d5a4c86278f2554c5fe5d0f8,coconut-veirf-v5/test,Dataset/coconut-veirf-v5/test/images/534_jpg.rf.3662e186d5a4c86278f2554c5fe5d0f8.jpg,,,,,,maturity=correctness(dry/green/tender)
537_jpg.rf.c36458cd08875b3d897b5dd675cb76e1,coconut-veirf-v5/test,Dataset/coconut-veirf-v5/test/images/537_jpg.rf.c36458cd08875b3d897b5dd675cb76e1.jpg,,,,,,maturity=correctness(dry/green/tender)
538_jpg.rf.59af5a9252c738c2f048c8aef95340bc,coconut-veirf-v5/test,Dataset/coconut-veirf-v5/test/images/538_jpg.rf.59af5a9252c738c2f048c8aef95340bc.jpg,,,,,,maturity=correctness(dry/green/tender)
5_jpg.rf.50be873f9a8f7fa942b7de62d3232c3a,coconut-veirf-v5/test,Dataset/coconut-veirf-v5/test/images/5_jpg.rf.50be873f9a8f7fa942b7de62d3232c3a.jpg,,,,,,maturity=correctness(dry/green/tender)
606_jpg.rf.bcb87978f168cb419778be0dede5aac7,coconut-veirf-v5/test,Dataset/coconut-veirf-v5/test/images/606_jpg.rf.bcb87978f168cb419778be0dede5aac7.jpg,,,,,,maturity=correctness(dry/green/tender)
613_jpg.rf.dbf55b4e2bd013c6413c709ce72a9419,coconut-veirf-v5/test,Dataset/coconut-veirf-v5/test/images/613_jpg.rf.dbf55b4e2bd013c6413c709ce72a9419.jpg,,,,,,maturity=correctness(dry/green/tender)
652_jpg.rf.7dcf7303af7c3047721e9617facee580,coconut-veirf-v5/test,Dataset/coconut-veirf-v5/test/images/652_jpg.rf.7dcf7303af7c3047721e9617facee580.jpg,,,,,,maturity=correctness(dry/green/tender)
663_jpg.rf.906dde766b02aca3266f265de29b75fb,coconut-veirf-v5/test,Dataset/coconut-veirf-v5/test/images/663_jpg.rf.906dde766b02aca3266f265de29b75fb.jpg,,,,,,maturity=correctness(dry/green/tender)
696_jpg.rf.11bd336d1f86f5ba71ae27887a414e04,coconut-veirf-v5/test,Dataset/coconut-veirf-v5/test/images/696_jpg.rf.11bd336d1f86f5ba71ae27887a414e04.jpg,,,,,,maturity=correctness(dry/green/tender)
6_jpg.rf.ae02ac081a2915e3957d00f91e3fa905,coconut-veirf-v5/test,Dataset/coconut-veirf-v5/test/images/6_jpg.rf.ae02ac081a2915e3957d00f91e3fa905.jpg,,,,,,maturity=correctness(dry/green/tender)
713_jpg.rf.5b815bd6bdf3b29074453947269bb20f,coconut-veirf-v5/test,Dataset/coconut-veirf-v5/test/images/713_jpg.rf.5b815bd6bdf3b29074453947269bb20f.jpg,,,,,,maturity=correctness(dry/green/tender)
719_jpg.rf.8f001b3faf658293c2d19111a385f3f8,coconut-veirf-v5/test,Dataset/coconut-veirf-v5/test/images/719_jpg.rf.8f001b3faf658293c2d19111a385f3f8.jpg,,,,,,maturity=correctness(dry/green/tender)
720_jpg.rf.1c6c5e5c34865846dfc4dba006a93043,coconut-veirf-v5/test,Dataset/coconut-veirf-v5/test/images/720_jpg.rf.1c6c5e5c34865846dfc4dba006a93043.jpg,,,,,,maturity=correctness(dry/green/tender)
721_jpg.rf.4d0734c31e6de0559b311e9f3482334f,coconut-veirf-v5/test,Dataset/coconut-veirf-v5/test/images/721_jpg.rf.4d0734c31e6de0559b311e9f3482334f.jpg,,,,,,maturity=correctness(dry/green/tender)
727_jpg.rf.be0b1d765a5e32bde439e21cbed69f70,coconut-veirf-v5/test,Dataset/coconut-veirf-v5/test/images/727_jpg.rf.be0b1d765a5e32bde439e21cbed69f70.jpg,,,,,,maturity=correctness(dry/green/tender)
729_jpg.rf.2dbd1c53108b0e81997f4587823837c3,coconut-veirf-v5/test,Dataset/coconut-veirf-v5/test/images/729_jpg.rf.2dbd1c53108b0e81997f4587823837c3.jpg,,,,,,maturity=correctness(dry/green/tender)
731_jpg.rf.1cf0551decaa94b3946c94647b08bcf9,coconut-veirf-v5/test,Dataset/coconut-veirf-v5/test/images/731_jpg.rf.1cf0551decaa94b3946c94647b08bcf9.jpg,,,,,,maturity=correctness(dry/green/tender)
73_jpg.rf.9ef871b55af54ae9bf4566252579514d,coconut-veirf-v5/test,Dataset/coconut-veirf-v5/test/images/73_jpg.rf.9ef871b55af54ae9bf4566252579514d.jpg,,,,,,maturity=correctness(dry/green/tender)
740_jpg.rf.900ea7973052a24fb9ebd0313f240526,coconut-veirf-v5/test,Dataset/coconut-veirf-v5/test/images/740_jpg.rf.900ea7973052a24fb9ebd0313f240526.jpg,,,,,,maturity=correctness(dry/green/tender)
744_jpg.rf.b082de700a03d7d48a14cff5374d3481,coconut-veirf-v5/test,Dataset/coconut-veirf-v5/test/images/744_jpg.rf.b082de700a03d7d48a14cff5374d3481.jpg,,,,,,maturity=correctness(dry/green/tender)
752_jpg.rf.c8e8b9db474c4336c3c1e7b9c93e5688,coconut-veirf-v5/test,Dataset/coconut-veirf-v5/test/images/752_jpg.rf.c8e8b9db474c4336c3c1e7b9c93e5688.jpg,,,,,,maturity=correctness(dry/green/tender)
84_jpg.rf.9d0b44c6b837a76fa6f413c5a4b1f1bb,coconut-veirf-v5/test,Dataset/coconut-veirf-v5/test/images/84_jpg.rf.9d0b44c6b837a76fa6f413c5a4b1f1bb.jpg,,,,,,maturity=correctness(dry/green/tender)
BudRootDropping001,disease/Bud Root Dropping,Dataset/Coconut Tree Disease Dataset/Bud Root Dropping/BudRootDropping001.jpg,,,,,,disease-class=5_petiole
BudRootDropping002,disease/Bud Root Dropping,Dataset/Coconut Tree Disease Dataset/Bud Root Dropping/BudRootDropping002.jpg,,,,,,disease-class=5_petiole
BudRootDropping003,disease/Bud Root Dropping,Dataset/Coconut Tree Disease Dataset/Bud Root Dropping/BudRootDropping003.jpg,,,,,,disease-class=5_petiole
BudRootDropping004,disease/Bud Root Dropping,Dataset/Coconut Tree Disease Dataset/Bud Root Dropping/BudRootDropping004.jpg,,,,,,disease-class=5_petiole
BudRootDropping005,disease/Bud Root Dropping,Dataset/Coconut Tree Disease Dataset/Bud Root Dropping/BudRootDropping005.jpg,,,,,,disease-class=5_petiole
BudRootDropping006,disease/Bud Root Dropping,Dataset/Coconut Tree Disease Dataset/Bud Root Dropping/BudRootDropping006.jpg,,,,,,disease-class=5_petiole
BudRootDropping007,disease/Bud Root Dropping,Dataset/Coconut Tree Disease Dataset/Bud Root Dropping/BudRootDropping007.jpg,,,,,,disease-class=5_petiole
BudRootDropping008,disease/Bud Root Dropping,Dataset/Coconut Tree Disease Dataset/Bud Root Dropping/BudRootDropping008.jpg,,,,,,disease-class=5_petiole
BudRootDropping009,disease/Bud Root Dropping,Dataset/Coconut Tree Disease Dataset/Bud Root Dropping/BudRootDropping009.jpg,,,,,,disease-class=5_petiole
BudRootDropping010,disease/Bud Root Dropping,Dataset/Coconut Tree Disease Dataset/Bud Root Dropping/BudRootDropping010.jpg,,,,,,disease-class=5_petiole
BudRootDropping011,disease/Bud Root Dropping,Dataset/Coconut Tree Disease Dataset/Bud Root Dropping/BudRootDropping011.jpg,,,,,,disease-class=5_petiole
BudRootDropping012,disease/Bud Root Dropping,Dataset/Coconut Tree Disease Dataset/Bud Root Dropping/BudRootDropping012.jpg,,,,,,disease-class=5_petiole
BudRootDropping013,disease/Bud Root Dropping,Dataset/Coconut Tree Disease Dataset/Bud Root Dropping/BudRootDropping013.jpg,,,,,,disease-class=5_petiole
BudRootDropping014,disease/Bud Root Dropping,Dataset/Coconut Tree Disease Dataset/Bud Root Dropping/BudRootDropping014.jpg,,,,,,disease-class=5_petiole
BudRootDropping015,disease/Bud Root Dropping,Dataset/Coconut Tree Disease Dataset/Bud Root Dropping/BudRootDropping015.jpg,,,,,,disease-class=5_petiole
BudRootDropping016,disease/Bud Root Dropping,Dataset/Coconut Tree Disease Dataset/Bud Root Dropping/BudRootDropping016.jpg,,,,,,disease-class=5_petiole
BudRootDropping017,disease/Bud Root Dropping,Dataset/Coconut Tree Disease Dataset/Bud Root Dropping/BudRootDropping017.jpg,,,,,,disease-class=5_petiole
BudRootDropping018,disease/Bud Root Dropping,Dataset/Coconut Tree Disease Dataset/Bud Root Dropping/BudRootDropping018.jpg,,,,,,disease-class=5_petiole
BudRootDropping019,disease/Bud Root Dropping,Dataset/Coconut Tree Disease Dataset/Bud Root Dropping/BudRootDropping019.jpg,,,,,,disease-class=5_petiole
BudRootDropping020,disease/Bud Root Dropping,Dataset/Coconut Tree Disease Dataset/Bud Root Dropping/BudRootDropping020.jpg,,,,,,disease-class=5_petiole
BudRootDropping021,disease/Bud Root Dropping,Dataset/Coconut Tree Disease Dataset/Bud Root Dropping/BudRootDropping021.jpg,,,,,,disease-class=5_petiole
BudRootDropping022,disease/Bud Root Dropping,Dataset/Coconut Tree Disease Dataset/Bud Root Dropping/BudRootDropping022.jpg,,,,,,disease-class=5_petiole
BudRootDropping023,disease/Bud Root Dropping,Dataset/Coconut Tree Disease Dataset/Bud Root Dropping/BudRootDropping023.jpg,,,,,,disease-class=5_petiole
BudRootDropping024,disease/Bud Root Dropping,Dataset/Coconut Tree Disease Dataset/Bud Root Dropping/BudRootDropping024.jpg,,,,,,disease-class=5_petiole
BudRootDropping025,disease/Bud Root Dropping,Dataset/Coconut Tree Disease Dataset/Bud Root Dropping/BudRootDropping025.jpg,,,,,,disease-class=5_petiole
BudRootDropping026,disease/Bud Root Dropping,Dataset/Coconut Tree Disease Dataset/Bud Root Dropping/BudRootDropping026.jpg,,,,,,disease-class=5_petiole
BudRootDropping027,disease/Bud Root Dropping,Dataset/Coconut Tree Disease Dataset/Bud Root Dropping/BudRootDropping027.jpg,,,,,,disease-class=5_petiole
BudRootDropping028,disease/Bud Root Dropping,Dataset/Coconut Tree Disease Dataset/Bud Root Dropping/BudRootDropping028.jpg,,,,,,disease-class=5_petiole
BudRootDropping029,disease/Bud Root Dropping,Dataset/Coconut Tree Disease Dataset/Bud Root Dropping/BudRootDropping029.jpg,,,,,,disease-class=5_petiole
BudRootDropping030,disease/Bud Root Dropping,Dataset/Coconut Tree Disease Dataset/Bud Root Dropping/BudRootDropping030.jpg,,,,,,disease-class=5_petiole
BudRootDropping031,disease/Bud Root Dropping,Dataset/Coconut Tree Disease Dataset/Bud Root Dropping/BudRootDropping031.jpg,,,,,,disease-class=5_petiole
BudRootDropping032,disease/Bud Root Dropping,Dataset/Coconut Tree Disease Dataset/Bud Root Dropping/BudRootDropping032.jpg,,,,,,disease-class=5_petiole
BudRootDropping033,disease/Bud Root Dropping,Dataset/Coconut Tree Disease Dataset/Bud Root Dropping/BudRootDropping033.jpg,,,,,,disease-class=5_petiole
BudRootDropping034,disease/Bud Root Dropping,Dataset/Coconut Tree Disease Dataset/Bud Root Dropping/BudRootDropping034.jpg,,,,,,disease-class=5_petiole
BudRootDropping035,disease/Bud Root Dropping,Dataset/Coconut Tree Disease Dataset/Bud Root Dropping/BudRootDropping035.jpg,,,,,,disease-class=5_petiole
BudRootDropping036,disease/Bud Root Dropping,Dataset/Coconut Tree Disease Dataset/Bud Root Dropping/BudRootDropping036.jpg,,,,,,disease-class=5_petiole
BudRootDropping037,disease/Bud Root Dropping,Dataset/Coconut Tree Disease Dataset/Bud Root Dropping/BudRootDropping037.jpg,,,,,,disease-class=5_petiole
BudRootDropping038,disease/Bud Root Dropping,Dataset/Coconut Tree Disease Dataset/Bud Root Dropping/BudRootDropping038.jpg,,,,,,disease-class=5_petiole
BudRootDropping039,disease/Bud Root Dropping,Dataset/Coconut Tree Disease Dataset/Bud Root Dropping/BudRootDropping039.jpg,,,,,,disease-class=5_petiole
BudRootDropping040,disease/Bud Root Dropping,Dataset/Coconut Tree Disease Dataset/Bud Root Dropping/BudRootDropping040.jpg,,,,,,disease-class=5_petiole
BudRootDropping041,disease/Bud Root Dropping,Dataset/Coconut Tree Disease Dataset/Bud Root Dropping/BudRootDropping041.jpg,,,,,,disease-class=5_petiole
BudRootDropping042,disease/Bud Root Dropping,Dataset/Coconut Tree Disease Dataset/Bud Root Dropping/BudRootDropping042.jpg,,,,,,disease-class=5_petiole
BudRootDropping043,disease/Bud Root Dropping,Dataset/Coconut Tree Disease Dataset/Bud Root Dropping/BudRootDropping043.jpg,,,,,,disease-class=5_petiole
BudRootDropping044,disease/Bud Root Dropping,Dataset/Coconut Tree Disease Dataset/Bud Root Dropping/BudRootDropping044.jpg,,,,,,disease-class=5_petiole
BudRootDropping045,disease/Bud Root Dropping,Dataset/Coconut Tree Disease Dataset/Bud Root Dropping/BudRootDropping045.jpg,,,,,,disease-class=5_petiole
BudRootDropping046,disease/Bud Root Dropping,Dataset/Coconut Tree Disease Dataset/Bud Root Dropping/BudRootDropping046.jpg,,,,,,disease-class=5_petiole
BudRootDropping047,disease/Bud Root Dropping,Dataset/Coconut Tree Disease Dataset/Bud Root Dropping/BudRootDropping047.jpg,,,,,,disease-class=5_petiole
BudRootDropping048,disease/Bud Root Dropping,Dataset/Coconut Tree Disease Dataset/Bud Root Dropping/BudRootDropping048.jpg,,,,,,disease-class=5_petiole
BudRootDropping049,disease/Bud Root Dropping,Dataset/Coconut Tree Disease Dataset/Bud Root Dropping/BudRootDropping049.jpg,,,,,,disease-class=5_petiole
BudRootDropping050,disease/Bud Root Dropping,Dataset/Coconut Tree Disease Dataset/Bud Root Dropping/BudRootDropping050.jpg,,,,,,disease-class=5_petiole
BudRootDropping051,disease/Bud Root Dropping,Dataset/Coconut Tree Disease Dataset/Bud Root Dropping/BudRootDropping051.jpg,,,,,,disease-class=5_petiole
BudRootDropping052,disease/Bud Root Dropping,Dataset/Coconut Tree Disease Dataset/Bud Root Dropping/BudRootDropping052.jpg,,,,,,disease-class=5_petiole
BudRootDropping053,disease/Bud Root Dropping,Dataset/Coconut Tree Disease Dataset/Bud Root Dropping/BudRootDropping053.jpg,,,,,,disease-class=5_petiole
BudRootDropping054,disease/Bud Root Dropping,Dataset/Coconut Tree Disease Dataset/Bud Root Dropping/BudRootDropping054.jpg,,,,,,disease-class=5_petiole
BudRootDropping055,disease/Bud Root Dropping,Dataset/Coconut Tree Disease Dataset/Bud Root Dropping/BudRootDropping055.jpg,,,,,,disease-class=5_petiole
BudRootDropping056,disease/Bud Root Dropping,Dataset/Coconut Tree Disease Dataset/Bud Root Dropping/BudRootDropping056.jpg,,,,,,disease-class=5_petiole
BudRootDropping057,disease/Bud Root Dropping,Dataset/Coconut Tree Disease Dataset/Bud Root Dropping/BudRootDropping057.jpg,,,,,,disease-class=5_petiole
BudRootDropping058,disease/Bud Root Dropping,Dataset/Coconut Tree Disease Dataset/Bud Root Dropping/BudRootDropping058.jpg,,,,,,disease-class=5_petiole
BudRootDropping059,disease/Bud Root Dropping,Dataset/Coconut Tree Disease Dataset/Bud Root Dropping/BudRootDropping059.jpg,,,,,,disease-class=5_petiole
BudRootDropping060,disease/Bud Root Dropping,Dataset/Coconut Tree Disease Dataset/Bud Root Dropping/BudRootDropping060.jpg,,,,,,disease-class=5_petiole
BudRootDropping061,disease/Bud Root Dropping,Dataset/Coconut Tree Disease Dataset/Bud Root Dropping/BudRootDropping061.jpg,,,,,,disease-class=5_petiole
BudRootDropping062,disease/Bud Root Dropping,Dataset/Coconut Tree Disease Dataset/Bud Root Dropping/BudRootDropping062.jpg,,,,,,disease-class=5_petiole
BudRootDropping063,disease/Bud Root Dropping,Dataset/Coconut Tree Disease Dataset/Bud Root Dropping/BudRootDropping063.jpg,,,,,,disease-class=5_petiole
BudRootDropping064,disease/Bud Root Dropping,Dataset/Coconut Tree Disease Dataset/Bud Root Dropping/BudRootDropping064.jpg,,,,,,disease-class=5_petiole
BudRootDropping065,disease/Bud Root Dropping,Dataset/Coconut Tree Disease Dataset/Bud Root Dropping/BudRootDropping065.jpg,,,,,,disease-class=5_petiole
BudRootDropping066,disease/Bud Root Dropping,Dataset/Coconut Tree Disease Dataset/Bud Root Dropping/BudRootDropping066.jpg,,,,,,disease-class=5_petiole
BudRootDropping067,disease/Bud Root Dropping,Dataset/Coconut Tree Disease Dataset/Bud Root Dropping/BudRootDropping067.jpg,,,,,,disease-class=5_petiole
BudRootDropping068,disease/Bud Root Dropping,Dataset/Coconut Tree Disease Dataset/Bud Root Dropping/BudRootDropping068.jpg,,,,,,disease-class=5_petiole
BudRootDropping069,disease/Bud Root Dropping,Dataset/Coconut Tree Disease Dataset/Bud Root Dropping/BudRootDropping069.jpg,,,,,,disease-class=5_petiole
BudRootDropping070,disease/Bud Root Dropping,Dataset/Coconut Tree Disease Dataset/Bud Root Dropping/BudRootDropping070.jpg,,,,,,disease-class=5_petiole
BudRootDropping071,disease/Bud Root Dropping,Dataset/Coconut Tree Disease Dataset/Bud Root Dropping/BudRootDropping071.jpg,,,,,,disease-class=5_petiole
BudRootDropping072,disease/Bud Root Dropping,Dataset/Coconut Tree Disease Dataset/Bud Root Dropping/BudRootDropping072.jpg,,,,,,disease-class=5_petiole
BudRootDropping073,disease/Bud Root Dropping,Dataset/Coconut Tree Disease Dataset/Bud Root Dropping/BudRootDropping073.jpg,,,,,,disease-class=5_petiole
BudRootDropping074,disease/Bud Root Dropping,Dataset/Coconut Tree Disease Dataset/Bud Root Dropping/BudRootDropping074.jpg,,,,,,disease-class=5_petiole
BudRootDropping075,disease/Bud Root Dropping,Dataset/Coconut Tree Disease Dataset/Bud Root Dropping/BudRootDropping075.jpg,,,,,,disease-class=5_petiole
BudRootDropping076,disease/Bud Root Dropping,Dataset/Coconut Tree Disease Dataset/Bud Root Dropping/BudRootDropping076.jpg,,,,,,disease-class=5_petiole
BudRootDropping077,disease/Bud Root Dropping,Dataset/Coconut Tree Disease Dataset/Bud Root Dropping/BudRootDropping077.jpg,,,,,,disease-class=5_petiole
BudRootDropping078,disease/Bud Root Dropping,Dataset/Coconut Tree Disease Dataset/Bud Root Dropping/BudRootDropping078.jpg,,,,,,disease-class=5_petiole
BudRootDropping079,disease/Bud Root Dropping,Dataset/Coconut Tree Disease Dataset/Bud Root Dropping/BudRootDropping079.jpg,,,,,,disease-class=5_petiole
BudRootDropping080,disease/Bud Root Dropping,Dataset/Coconut Tree Disease Dataset/Bud Root Dropping/BudRootDropping080.jpg,,,,,,disease-class=5_petiole
BudRootDropping081,disease/Bud Root Dropping,Dataset/Coconut Tree Disease Dataset/Bud Root Dropping/BudRootDropping081.jpg,,,,,,disease-class=5_petiole
BudRootDropping082,disease/Bud Root Dropping,Dataset/Coconut Tree Disease Dataset/Bud Root Dropping/BudRootDropping082.jpg,,,,,,disease-class=5_petiole
BudRootDropping083,disease/Bud Root Dropping,Dataset/Coconut Tree Disease Dataset/Bud Root Dropping/BudRootDropping083.jpg,,,,,,disease-class=5_petiole
BudRootDropping084,disease/Bud Root Dropping,Dataset/Coconut Tree Disease Dataset/Bud Root Dropping/BudRootDropping084.jpg,,,,,,disease-class=5_petiole
BudRootDropping085,disease/Bud Root Dropping,Dataset/Coconut Tree Disease Dataset/Bud Root Dropping/BudRootDropping085.jpg,,,,,,disease-class=5_petiole
BudRootDropping086,disease/Bud Root Dropping,Dataset/Coconut Tree Disease Dataset/Bud Root Dropping/BudRootDropping086.jpg,,,,,,disease-class=5_petiole
BudRootDropping087,disease/Bud Root Dropping,Dataset/Coconut Tree Disease Dataset/Bud Root Dropping/BudRootDropping087.jpg,,,,,,disease-class=5_petiole
BudRootDropping088,disease/Bud Root Dropping,Dataset/Coconut Tree Disease Dataset/Bud Root Dropping/BudRootDropping088.jpg,,,,,,disease-class=5_petiole
BudRootDropping089,disease/Bud Root Dropping,Dataset/Coconut Tree Disease Dataset/Bud Root Dropping/BudRootDropping089.jpg,,,,,,disease-class=5_petiole
BudRootDropping090,disease/Bud Root Dropping,Dataset/Coconut Tree Disease Dataset/Bud Root Dropping/BudRootDropping090.jpg,,,,,,disease-class=5_petiole
BudRootDropping091,disease/Bud Root Dropping,Dataset/Coconut Tree Disease Dataset/Bud Root Dropping/BudRootDropping091.jpg,,,,,,disease-class=5_petiole
BudRootDropping092,disease/Bud Root Dropping,Dataset/Coconut Tree Disease Dataset/Bud Root Dropping/BudRootDropping092.jpg,,,,,,disease-class=5_petiole
BudRootDropping093,disease/Bud Root Dropping,Dataset/Coconut Tree Disease Dataset/Bud Root Dropping/BudRootDropping093.jpg,,,,,,disease-class=5_petiole
BudRootDropping094,disease/Bud Root Dropping,Dataset/Coconut Tree Disease Dataset/Bud Root Dropping/BudRootDropping094.jpg,,,,,,disease-class=5_petiole
BudRootDropping095,disease/Bud Root Dropping,Dataset/Coconut Tree Disease Dataset/Bud Root Dropping/BudRootDropping095.jpg,,,,,,disease-class=5_petiole
BudRootDropping096,disease/Bud Root Dropping,Dataset/Coconut Tree Disease Dataset/Bud Root Dropping/BudRootDropping096.jpg,,,,,,disease-class=5_petiole
BudRootDropping097,disease/Bud Root Dropping,Dataset/Coconut Tree Disease Dataset/Bud Root Dropping/BudRootDropping097.jpg,,,,,,disease-class=5_petiole
BudRootDropping098,disease/Bud Root Dropping,Dataset/Coconut Tree Disease Dataset/Bud Root Dropping/BudRootDropping098.jpg,,,,,,disease-class=5_petiole
BudRootDropping099,disease/Bud Root Dropping,Dataset/Coconut Tree Disease Dataset/Bud Root Dropping/BudRootDropping099.jpg,,,,,,disease-class=5_petiole
BudRootDropping100,disease/Bud Root Dropping,Dataset/Coconut Tree Disease Dataset/Bud Root Dropping/BudRootDropping100.jpg,,,,,,disease-class=5_petiole
BudRootDropping101,disease/Bud Root Dropping,Dataset/Coconut Tree Disease Dataset/Bud Root Dropping/BudRootDropping101.jpg,,,,,,disease-class=5_petiole
BudRootDropping102,disease/Bud Root Dropping,Dataset/Coconut Tree Disease Dataset/Bud Root Dropping/BudRootDropping102.jpg,,,,,,disease-class=5_petiole
BudRootDropping103,disease/Bud Root Dropping,Dataset/Coconut Tree Disease Dataset/Bud Root Dropping/BudRootDropping103.jpg,,,,,,disease-class=5_petiole
BudRootDropping104,disease/Bud Root Dropping,Dataset/Coconut Tree Disease Dataset/Bud Root Dropping/BudRootDropping104.jpg,,,,,,disease-class=5_petiole
BudRootDropping105,disease/Bud Root Dropping,Dataset/Coconut Tree Disease Dataset/Bud Root Dropping/BudRootDropping105.jpg,,,,,,disease-class=5_petiole
BudRootDropping106,disease/Bud Root Dropping,Dataset/Coconut Tree Disease Dataset/Bud Root Dropping/BudRootDropping106.jpg,,,,,,disease-class=5_petiole
BudRootDropping107,disease/Bud Root Dropping,Dataset/Coconut Tree Disease Dataset/Bud Root Dropping/BudRootDropping107.jpg,,,,,,disease-class=5_petiole
BudRootDropping108,disease/Bud Root Dropping,Dataset/Coconut Tree Disease Dataset/Bud Root Dropping/BudRootDropping108.jpg,,,,,,disease-class=5_petiole
BudRootDropping109,disease/Bud Root Dropping,Dataset/Coconut Tree Disease Dataset/Bud Root Dropping/BudRootDropping109.jpg,,,,,,disease-class=5_petiole
BudRootDropping110,disease/Bud Root Dropping,Dataset/Coconut Tree Disease Dataset/Bud Root Dropping/BudRootDropping110.jpg,,,,,,disease-class=5_petiole
BudRootDropping111,disease/Bud Root Dropping,Dataset/Coconut Tree Disease Dataset/Bud Root Dropping/BudRootDropping111.jpg,,,,,,disease-class=5_petiole
BudRootDropping112,disease/Bud Root Dropping,Dataset/Coconut Tree Disease Dataset/Bud Root Dropping/BudRootDropping112.jpg,,,,,,disease-class=5_petiole
BudRootDropping113,disease/Bud Root Dropping,Dataset/Coconut Tree Disease Dataset/Bud Root Dropping/BudRootDropping113.jpg,,,,,,disease-class=5_petiole
BudRootDropping114,disease/Bud Root Dropping,Dataset/Coconut Tree Disease Dataset/Bud Root Dropping/BudRootDropping114.jpg,,,,,,disease-class=5_petiole
BudRootDropping115,disease/Bud Root Dropping,Dataset/Coconut Tree Disease Dataset/Bud Root Dropping/BudRootDropping115.jpg,,,,,,disease-class=5_petiole
BudRootDropping116,disease/Bud Root Dropping,Dataset/Coconut Tree Disease Dataset/Bud Root Dropping/BudRootDropping116.jpg,,,,,,disease-class=5_petiole
BudRootDropping117,disease/Bud Root Dropping,Dataset/Coconut Tree Disease Dataset/Bud Root Dropping/BudRootDropping117.jpg,,,,,,disease-class=5_petiole
BudRootDropping118,disease/Bud Root Dropping,Dataset/Coconut Tree Disease Dataset/Bud Root Dropping/BudRootDropping118.jpg,,,,,,disease-class=5_petiole
BudRootDropping119,disease/Bud Root Dropping,Dataset/Coconut Tree Disease Dataset/Bud Root Dropping/BudRootDropping119.jpg,,,,,,disease-class=5_petiole
BudRootDropping120,disease/Bud Root Dropping,Dataset/Coconut Tree Disease Dataset/Bud Root Dropping/BudRootDropping120.jpg,,,,,,disease-class=5_petiole
BudRootDropping121,disease/Bud Root Dropping,Dataset/Coconut Tree Disease Dataset/Bud Root Dropping/BudRootDropping121.jpg,,,,,,disease-class=5_petiole
BudRootDropping122,disease/Bud Root Dropping,Dataset/Coconut Tree Disease Dataset/Bud Root Dropping/BudRootDropping122.jpg,,,,,,disease-class=5_petiole
BudRootDropping123,disease/Bud Root Dropping,Dataset/Coconut Tree Disease Dataset/Bud Root Dropping/BudRootDropping123.jpg,,,,,,disease-class=5_petiole
BudRootDropping124,disease/Bud Root Dropping,Dataset/Coconut Tree Disease Dataset/Bud Root Dropping/BudRootDropping124.jpg,,,,,,disease-class=5_petiole
BudRootDropping125,disease/Bud Root Dropping,Dataset/Coconut Tree Disease Dataset/Bud Root Dropping/BudRootDropping125.jpg,,,,,,disease-class=5_petiole
BudRootDropping126,disease/Bud Root Dropping,Dataset/Coconut Tree Disease Dataset/Bud Root Dropping/BudRootDropping126.jpg,,,,,,disease-class=5_petiole
BudRootDropping127,disease/Bud Root Dropping,Dataset/Coconut Tree Disease Dataset/Bud Root Dropping/BudRootDropping127.jpg,,,,,,disease-class=5_petiole
BudRootDropping128,disease/Bud Root Dropping,Dataset/Coconut Tree Disease Dataset/Bud Root Dropping/BudRootDropping128.jpg,,,,,,disease-class=5_petiole
BudRootDropping129,disease/Bud Root Dropping,Dataset/Coconut Tree Disease Dataset/Bud Root Dropping/BudRootDropping129.jpg,,,,,,disease-class=5_petiole
BudRootDropping130,disease/Bud Root Dropping,Dataset/Coconut Tree Disease Dataset/Bud Root Dropping/BudRootDropping130.jpg,,,,,,disease-class=5_petiole
BudRootDropping131,disease/Bud Root Dropping,Dataset/Coconut Tree Disease Dataset/Bud Root Dropping/BudRootDropping131.jpg,,,,,,disease-class=5_petiole
BudRootDropping132,disease/Bud Root Dropping,Dataset/Coconut Tree Disease Dataset/Bud Root Dropping/BudRootDropping132.jpg,,,,,,disease-class=5_petiole
BudRootDropping133,disease/Bud Root Dropping,Dataset/Coconut Tree Disease Dataset/Bud Root Dropping/BudRootDropping133.jpg,,,,,,disease-class=5_petiole
BudRootDropping134,disease/Bud Root Dropping,Dataset/Coconut Tree Disease Dataset/Bud Root Dropping/BudRootDropping134.jpg,,,,,,disease-class=5_petiole
BudRootDropping135,disease/Bud Root Dropping,Dataset/Coconut Tree Disease Dataset/Bud Root Dropping/BudRootDropping135.jpg,,,,,,disease-class=5_petiole
BudRootDropping136,disease/Bud Root Dropping,Dataset/Coconut Tree Disease Dataset/Bud Root Dropping/BudRootDropping136.jpg,,,,,,disease-class=5_petiole
BudRootDropping137,disease/Bud Root Dropping,Dataset/Coconut Tree Disease Dataset/Bud Root Dropping/BudRootDropping137.jpg,,,,,,disease-class=5_petiole
BudRootDropping138,disease/Bud Root Dropping,Dataset/Coconut Tree Disease Dataset/Bud Root Dropping/BudRootDropping138.jpg,,,,,,disease-class=5_petiole
BudRootDropping139,disease/Bud Root Dropping,Dataset/Coconut Tree Disease Dataset/Bud Root Dropping/BudRootDropping139.jpg,,,,,,disease-class=5_petiole
BudRootDropping140,disease/Bud Root Dropping,Dataset/Coconut Tree Disease Dataset/Bud Root Dropping/BudRootDropping140.jpg,,,,,,disease-class=5_petiole
BudRootDropping141,disease/Bud Root Dropping,Dataset/Coconut Tree Disease Dataset/Bud Root Dropping/BudRootDropping141.jpg,,,,,,disease-class=5_petiole
BudRootDropping142,disease/Bud Root Dropping,Dataset/Coconut Tree Disease Dataset/Bud Root Dropping/BudRootDropping142.jpg,,,,,,disease-class=5_petiole
BudRootDropping143,disease/Bud Root Dropping,Dataset/Coconut Tree Disease Dataset/Bud Root Dropping/BudRootDropping143.jpg,,,,,,disease-class=5_petiole
BudRootDropping144,disease/Bud Root Dropping,Dataset/Coconut Tree Disease Dataset/Bud Root Dropping/BudRootDropping144.jpg,,,,,,disease-class=5_petiole
BudRootDropping145,disease/Bud Root Dropping,Dataset/Coconut Tree Disease Dataset/Bud Root Dropping/BudRootDropping145.jpg,,,,,,disease-class=5_petiole
BudRootDropping146,disease/Bud Root Dropping,Dataset/Coconut Tree Disease Dataset/Bud Root Dropping/BudRootDropping146.jpg,,,,,,disease-class=5_petiole
BudRootDropping147,disease/Bud Root Dropping,Dataset/Coconut Tree Disease Dataset/Bud Root Dropping/BudRootDropping147.jpg,,,,,,disease-class=5_petiole
BudRootDropping148,disease/Bud Root Dropping,Dataset/Coconut Tree Disease Dataset/Bud Root Dropping/BudRootDropping148.jpg,,,,,,disease-class=5_petiole
BudRootDropping149,disease/Bud Root Dropping,Dataset/Coconut Tree Disease Dataset/Bud Root Dropping/BudRootDropping149.jpg,,,,,,disease-class=5_petiole
BudRootDropping150,disease/Bud Root Dropping,Dataset/Coconut Tree Disease Dataset/Bud Root Dropping/BudRootDropping150.jpg,,,,,,disease-class=5_petiole
BudRootDropping151,disease/Bud Root Dropping,Dataset/Coconut Tree Disease Dataset/Bud Root Dropping/BudRootDropping151.jpg,,,,,,disease-class=5_petiole
BudRootDropping152,disease/Bud Root Dropping,Dataset/Coconut Tree Disease Dataset/Bud Root Dropping/BudRootDropping152.jpg,,,,,,disease-class=5_petiole
BudRootDropping153,disease/Bud Root Dropping,Dataset/Coconut Tree Disease Dataset/Bud Root Dropping/BudRootDropping153.jpg,,,,,,disease-class=5_petiole
BudRootDropping154,disease/Bud Root Dropping,Dataset/Coconut Tree Disease Dataset/Bud Root Dropping/BudRootDropping154.jpg,,,,,,disease-class=5_petiole
BudRootDropping155,disease/Bud Root Dropping,Dataset/Coconut Tree Disease Dataset/Bud Root Dropping/BudRootDropping155.jpg,,,,,,disease-class=5_petiole
BudRootDropping156,disease/Bud Root Dropping,Dataset/Coconut Tree Disease Dataset/Bud Root Dropping/BudRootDropping156.jpg,,,,,,disease-class=5_petiole
BudRootDropping157,disease/Bud Root Dropping,Dataset/Coconut Tree Disease Dataset/Bud Root Dropping/BudRootDropping157.jpg,,,,,,disease-class=5_petiole
BudRootDropping158,disease/Bud Root Dropping,Dataset/Coconut Tree Disease Dataset/Bud Root Dropping/BudRootDropping158.jpg,,,,,,disease-class=5_petiole
BudRootDropping159,disease/Bud Root Dropping,Dataset/Coconut Tree Disease Dataset/Bud Root Dropping/BudRootDropping159.jpg,,,,,,disease-class=5_petiole
BudRootDropping160,disease/Bud Root Dropping,Dataset/Coconut Tree Disease Dataset/Bud Root Dropping/BudRootDropping160.jpg,,,,,,disease-class=5_petiole
BudRootDropping161,disease/Bud Root Dropping,Dataset/Coconut Tree Disease Dataset/Bud Root Dropping/BudRootDropping161.jpg,,,,,,disease-class=5_petiole
BudRootDropping162,disease/Bud Root Dropping,Dataset/Coconut Tree Disease Dataset/Bud Root Dropping/BudRootDropping162.jpg,,,,,,disease-class=5_petiole
BudRootDropping163,disease/Bud Root Dropping,Dataset/Coconut Tree Disease Dataset/Bud Root Dropping/BudRootDropping163.jpg,,,,,,disease-class=5_petiole
BudRootDropping164,disease/Bud Root Dropping,Dataset/Coconut Tree Disease Dataset/Bud Root Dropping/BudRootDropping164.jpg,,,,,,disease-class=5_petiole
BudRootDropping165,disease/Bud Root Dropping,Dataset/Coconut Tree Disease Dataset/Bud Root Dropping/BudRootDropping165.jpg,,,,,,disease-class=5_petiole
BudRootDropping166,disease/Bud Root Dropping,Dataset/Coconut Tree Disease Dataset/Bud Root Dropping/BudRootDropping166.jpg,,,,,,disease-class=5_petiole
BudRootDropping167,disease/Bud Root Dropping,Dataset/Coconut Tree Disease Dataset/Bud Root Dropping/BudRootDropping167.jpg,,,,,,disease-class=5_petiole
BudRootDropping168,disease/Bud Root Dropping,Dataset/Coconut Tree Disease Dataset/Bud Root Dropping/BudRootDropping168.jpg,,,,,,disease-class=5_petiole
BudRootDropping169,disease/Bud Root Dropping,Dataset/Coconut Tree Disease Dataset/Bud Root Dropping/BudRootDropping169.jpg,,,,,,disease-class=5_petiole
BudRootDropping170,disease/Bud Root Dropping,Dataset/Coconut Tree Disease Dataset/Bud Root Dropping/BudRootDropping170.jpg,,,,,,disease-class=5_petiole
BudRootDropping171,disease/Bud Root Dropping,Dataset/Coconut Tree Disease Dataset/Bud Root Dropping/BudRootDropping171.jpg,,,,,,disease-class=5_petiole
BudRootDropping172,disease/Bud Root Dropping,Dataset/Coconut Tree Disease Dataset/Bud Root Dropping/BudRootDropping172.jpg,,,,,,disease-class=5_petiole
BudRootDropping173,disease/Bud Root Dropping,Dataset/Coconut Tree Disease Dataset/Bud Root Dropping/BudRootDropping173.jpg,,,,,,disease-class=5_petiole
BudRootDropping174,disease/Bud Root Dropping,Dataset/Coconut Tree Disease Dataset/Bud Root Dropping/BudRootDropping174.jpg,,,,,,disease-class=5_petiole
BudRootDropping175,disease/Bud Root Dropping,Dataset/Coconut Tree Disease Dataset/Bud Root Dropping/BudRootDropping175.jpg,,,,,,disease-class=5_petiole
BudRootDropping176,disease/Bud Root Dropping,Dataset/Coconut Tree Disease Dataset/Bud Root Dropping/BudRootDropping176.jpg,,,,,,disease-class=5_petiole
BudRootDropping177,disease/Bud Root Dropping,Dataset/Coconut Tree Disease Dataset/Bud Root Dropping/BudRootDropping177.jpg,,,,,,disease-class=5_petiole
BudRootDropping178,disease/Bud Root Dropping,Dataset/Coconut Tree Disease Dataset/Bud Root Dropping/BudRootDropping178.jpg,,,,,,disease-class=5_petiole
BudRootDropping179,disease/Bud Root Dropping,Dataset/Coconut Tree Disease Dataset/Bud Root Dropping/BudRootDropping179.jpg,,,,,,disease-class=5_petiole
BudRootDropping180,disease/Bud Root Dropping,Dataset/Coconut Tree Disease Dataset/Bud Root Dropping/BudRootDropping180.jpg,,,,,,disease-class=5_petiole
BudRootDropping181,disease/Bud Root Dropping,Dataset/Coconut Tree Disease Dataset/Bud Root Dropping/BudRootDropping181.jpg,,,,,,disease-class=5_petiole
BudRootDropping182,disease/Bud Root Dropping,Dataset/Coconut Tree Disease Dataset/Bud Root Dropping/BudRootDropping182.jpg,,,,,,disease-class=5_petiole
BudRootDropping183,disease/Bud Root Dropping,Dataset/Coconut Tree Disease Dataset/Bud Root Dropping/BudRootDropping183.jpg,,,,,,disease-class=5_petiole
BudRootDropping184,disease/Bud Root Dropping,Dataset/Coconut Tree Disease Dataset/Bud Root Dropping/BudRootDropping184.jpg,,,,,,disease-class=5_petiole
BudRootDropping185,disease/Bud Root Dropping,Dataset/Coconut Tree Disease Dataset/Bud Root Dropping/BudRootDropping185.jpg,,,,,,disease-class=5_petiole
BudRootDropping186,disease/Bud Root Dropping,Dataset/Coconut Tree Disease Dataset/Bud Root Dropping/BudRootDropping186.jpg,,,,,,disease-class=5_petiole
BudRootDropping187,disease/Bud Root Dropping,Dataset/Coconut Tree Disease Dataset/Bud Root Dropping/BudRootDropping187.jpg,,,,,,disease-class=5_petiole
BudRootDropping188,disease/Bud Root Dropping,Dataset/Coconut Tree Disease Dataset/Bud Root Dropping/BudRootDropping188.jpg,,,,,,disease-class=5_petiole
BudRootDropping189,disease/Bud Root Dropping,Dataset/Coconut Tree Disease Dataset/Bud Root Dropping/BudRootDropping189.jpg,,,,,,disease-class=5_petiole
BudRootDropping190,disease/Bud Root Dropping,Dataset/Coconut Tree Disease Dataset/Bud Root Dropping/BudRootDropping190.jpg,,,,,,disease-class=5_petiole
BudRootDropping191,disease/Bud Root Dropping,Dataset/Coconut Tree Disease Dataset/Bud Root Dropping/BudRootDropping191.jpg,,,,,,disease-class=5_petiole
BudRootDropping192,disease/Bud Root Dropping,Dataset/Coconut Tree Disease Dataset/Bud Root Dropping/BudRootDropping192.jpg,,,,,,disease-class=5_petiole
BudRootDropping193,disease/Bud Root Dropping,Dataset/Coconut Tree Disease Dataset/Bud Root Dropping/BudRootDropping193.jpg,,,,,,disease-class=5_petiole
BudRootDropping194,disease/Bud Root Dropping,Dataset/Coconut Tree Disease Dataset/Bud Root Dropping/BudRootDropping194.jpg,,,,,,disease-class=5_petiole
BudRootDropping195,disease/Bud Root Dropping,Dataset/Coconut Tree Disease Dataset/Bud Root Dropping/BudRootDropping195.jpg,,,,,,disease-class=5_petiole
BudRootDropping196,disease/Bud Root Dropping,Dataset/Coconut Tree Disease Dataset/Bud Root Dropping/BudRootDropping196.jpg,,,,,,disease-class=5_petiole
BudRootDropping197,disease/Bud Root Dropping,Dataset/Coconut Tree Disease Dataset/Bud Root Dropping/BudRootDropping197.jpg,,,,,,disease-class=5_petiole
BudRootDropping198,disease/Bud Root Dropping,Dataset/Coconut Tree Disease Dataset/Bud Root Dropping/BudRootDropping198.jpg,,,,,,disease-class=5_petiole
BudRootDropping199,disease/Bud Root Dropping,Dataset/Coconut Tree Disease Dataset/Bud Root Dropping/BudRootDropping199.jpg,,,,,,disease-class=5_petiole
BudRootDropping200,disease/Bud Root Dropping,Dataset/Coconut Tree Disease Dataset/Bud Root Dropping/BudRootDropping200.jpg,,,,,,disease-class=5_petiole
BudRootDropping201,disease/Bud Root Dropping,Dataset/Coconut Tree Disease Dataset/Bud Root Dropping/BudRootDropping201.jpg,,,,,,disease-class=5_petiole
BudRootDropping202,disease/Bud Root Dropping,Dataset/Coconut Tree Disease Dataset/Bud Root Dropping/BudRootDropping202.jpg,,,,,,disease-class=5_petiole
BudRootDropping203,disease/Bud Root Dropping,Dataset/Coconut Tree Disease Dataset/Bud Root Dropping/BudRootDropping203.jpg,,,,,,disease-class=5_petiole
BudRootDropping204,disease/Bud Root Dropping,Dataset/Coconut Tree Disease Dataset/Bud Root Dropping/BudRootDropping204.jpg,,,,,,disease-class=5_petiole
BudRootDropping205,disease/Bud Root Dropping,Dataset/Coconut Tree Disease Dataset/Bud Root Dropping/BudRootDropping205.jpg,,,,,,disease-class=5_petiole
BudRootDropping206,disease/Bud Root Dropping,Dataset/Coconut Tree Disease Dataset/Bud Root Dropping/BudRootDropping206.jpg,,,,,,disease-class=5_petiole
BudRootDropping207,disease/Bud Root Dropping,Dataset/Coconut Tree Disease Dataset/Bud Root Dropping/BudRootDropping207.jpg,,,,,,disease-class=5_petiole
BudRootDropping208,disease/Bud Root Dropping,Dataset/Coconut Tree Disease Dataset/Bud Root Dropping/BudRootDropping208.jpg,,,,,,disease-class=5_petiole
BudRootDropping209,disease/Bud Root Dropping,Dataset/Coconut Tree Disease Dataset/Bud Root Dropping/BudRootDropping209.jpg,,,,,,disease-class=5_petiole
BudRootDropping210,disease/Bud Root Dropping,Dataset/Coconut Tree Disease Dataset/Bud Root Dropping/BudRootDropping210.jpg,,,,,,disease-class=5_petiole
BudRootDropping211,disease/Bud Root Dropping,Dataset/Coconut Tree Disease Dataset/Bud Root Dropping/BudRootDropping211.jpg,,,,,,disease-class=5_petiole
BudRootDropping212,disease/Bud Root Dropping,Dataset/Coconut Tree Disease Dataset/Bud Root Dropping/BudRootDropping212.jpg,,,,,,disease-class=5_petiole
BudRootDropping213,disease/Bud Root Dropping,Dataset/Coconut Tree Disease Dataset/Bud Root Dropping/BudRootDropping213.jpg,,,,,,disease-class=5_petiole
BudRootDropping214,disease/Bud Root Dropping,Dataset/Coconut Tree Disease Dataset/Bud Root Dropping/BudRootDropping214.jpg,,,,,,disease-class=5_petiole
BudRootDropping215,disease/Bud Root Dropping,Dataset/Coconut Tree Disease Dataset/Bud Root Dropping/BudRootDropping215.jpg,,,,,,disease-class=5_petiole
BudRootDropping216,disease/Bud Root Dropping,Dataset/Coconut Tree Disease Dataset/Bud Root Dropping/BudRootDropping216.jpg,,,,,,disease-class=5_petiole
BudRootDropping217,disease/Bud Root Dropping,Dataset/Coconut Tree Disease Dataset/Bud Root Dropping/BudRootDropping217.jpg,,,,,,disease-class=5_petiole
BudRootDropping218,disease/Bud Root Dropping,Dataset/Coconut Tree Disease Dataset/Bud Root Dropping/BudRootDropping218.jpg,,,,,,disease-class=5_petiole
BudRootDropping219,disease/Bud Root Dropping,Dataset/Coconut Tree Disease Dataset/Bud Root Dropping/BudRootDropping219.jpg,,,,,,disease-class=5_petiole
BudRootDropping220,disease/Bud Root Dropping,Dataset/Coconut Tree Disease Dataset/Bud Root Dropping/BudRootDropping220.jpg,,,,,,disease-class=5_petiole
BudRootDropping221,disease/Bud Root Dropping,Dataset/Coconut Tree Disease Dataset/Bud Root Dropping/BudRootDropping221.jpg,,,,,,disease-class=5_petiole
BudRootDropping222,disease/Bud Root Dropping,Dataset/Coconut Tree Disease Dataset/Bud Root Dropping/BudRootDropping222.jpg,,,,,,disease-class=5_petiole
BudRootDropping223,disease/Bud Root Dropping,Dataset/Coconut Tree Disease Dataset/Bud Root Dropping/BudRootDropping223.jpg,,,,,,disease-class=5_petiole
BudRootDropping224,disease/Bud Root Dropping,Dataset/Coconut Tree Disease Dataset/Bud Root Dropping/BudRootDropping224.jpg,,,,,,disease-class=5_petiole
BudRootDropping225,disease/Bud Root Dropping,Dataset/Coconut Tree Disease Dataset/Bud Root Dropping/BudRootDropping225.jpg,,,,,,disease-class=5_petiole
BudRootDropping226,disease/Bud Root Dropping,Dataset/Coconut Tree Disease Dataset/Bud Root Dropping/BudRootDropping226.jpg,,,,,,disease-class=5_petiole
BudRootDropping227,disease/Bud Root Dropping,Dataset/Coconut Tree Disease Dataset/Bud Root Dropping/BudRootDropping227.jpg,,,,,,disease-class=5_petiole
BudRootDropping228,disease/Bud Root Dropping,Dataset/Coconut Tree Disease Dataset/Bud Root Dropping/BudRootDropping228.jpg,,,,,,disease-class=5_petiole
BudRootDropping229,disease/Bud Root Dropping,Dataset/Coconut Tree Disease Dataset/Bud Root Dropping/BudRootDropping229.jpg,,,,,,disease-class=5_petiole
BudRootDropping230,disease/Bud Root Dropping,Dataset/Coconut Tree Disease Dataset/Bud Root Dropping/BudRootDropping230.jpg,,,,,,disease-class=5_petiole
BudRootDropping231,disease/Bud Root Dropping,Dataset/Coconut Tree Disease Dataset/Bud Root Dropping/BudRootDropping231.jpg,,,,,,disease-class=5_petiole
BudRootDropping232,disease/Bud Root Dropping,Dataset/Coconut Tree Disease Dataset/Bud Root Dropping/BudRootDropping232.jpg,,,,,,disease-class=5_petiole
BudRootDropping233,disease/Bud Root Dropping,Dataset/Coconut Tree Disease Dataset/Bud Root Dropping/BudRootDropping233.jpg,,,,,,disease-class=5_petiole
BudRootDropping234,disease/Bud Root Dropping,Dataset/Coconut Tree Disease Dataset/Bud Root Dropping/BudRootDropping234.jpg,,,,,,disease-class=5_petiole
BudRootDropping235,disease/Bud Root Dropping,Dataset/Coconut Tree Disease Dataset/Bud Root Dropping/BudRootDropping235.jpg,,,,,,disease-class=5_petiole
BudRootDropping236,disease/Bud Root Dropping,Dataset/Coconut Tree Disease Dataset/Bud Root Dropping/BudRootDropping236.jpg,,,,,,disease-class=5_petiole
BudRootDropping237,disease/Bud Root Dropping,Dataset/Coconut Tree Disease Dataset/Bud Root Dropping/BudRootDropping237.jpg,,,,,,disease-class=5_petiole
BudRootDropping238,disease/Bud Root Dropping,Dataset/Coconut Tree Disease Dataset/Bud Root Dropping/BudRootDropping238.jpg,,,,,,disease-class=5_petiole
BudRootDropping239,disease/Bud Root Dropping,Dataset/Coconut Tree Disease Dataset/Bud Root Dropping/BudRootDropping239.jpg,,,,,,disease-class=5_petiole
BudRootDropping240,disease/Bud Root Dropping,Dataset/Coconut Tree Disease Dataset/Bud Root Dropping/BudRootDropping240.jpg,,,,,,disease-class=5_petiole
BudRootDropping241,disease/Bud Root Dropping,Dataset/Coconut Tree Disease Dataset/Bud Root Dropping/BudRootDropping241.jpg,,,,,,disease-class=5_petiole
BudRootDropping242,disease/Bud Root Dropping,Dataset/Coconut Tree Disease Dataset/Bud Root Dropping/BudRootDropping242.jpg,,,,,,disease-class=5_petiole
BudRootDropping243,disease/Bud Root Dropping,Dataset/Coconut Tree Disease Dataset/Bud Root Dropping/BudRootDropping243.jpg,,,,,,disease-class=5_petiole
BudRootDropping244,disease/Bud Root Dropping,Dataset/Coconut Tree Disease Dataset/Bud Root Dropping/BudRootDropping244.jpg,,,,,,disease-class=5_petiole
BudRootDropping245,disease/Bud Root Dropping,Dataset/Coconut Tree Disease Dataset/Bud Root Dropping/BudRootDropping245.jpg,,,,,,disease-class=5_petiole
BudRootDropping246,disease/Bud Root Dropping,Dataset/Coconut Tree Disease Dataset/Bud Root Dropping/BudRootDropping246.jpg,,,,,,disease-class=5_petiole
BudRootDropping247,disease/Bud Root Dropping,Dataset/Coconut Tree Disease Dataset/Bud Root Dropping/BudRootDropping247.jpg,,,,,,disease-class=5_petiole
BudRootDropping248,disease/Bud Root Dropping,Dataset/Coconut Tree Disease Dataset/Bud Root Dropping/BudRootDropping248.jpg,,,,,,disease-class=5_petiole
BudRootDropping249,disease/Bud Root Dropping,Dataset/Coconut Tree Disease Dataset/Bud Root Dropping/BudRootDropping249.jpg,,,,,,disease-class=5_petiole
BudRootDropping250,disease/Bud Root Dropping,Dataset/Coconut Tree Disease Dataset/Bud Root Dropping/BudRootDropping250.jpg,,,,,,disease-class=5_petiole
BudRootDropping251,disease/Bud Root Dropping,Dataset/Coconut Tree Disease Dataset/Bud Root Dropping/BudRootDropping251.jpg,,,,,,disease-class=5_petiole
BudRootDropping252,disease/Bud Root Dropping,Dataset/Coconut Tree Disease Dataset/Bud Root Dropping/BudRootDropping252.jpg,,,,,,disease-class=5_petiole
BudRootDropping253,disease/Bud Root Dropping,Dataset/Coconut Tree Disease Dataset/Bud Root Dropping/BudRootDropping253.jpg,,,,,,disease-class=5_petiole
BudRootDropping254,disease/Bud Root Dropping,Dataset/Coconut Tree Disease Dataset/Bud Root Dropping/BudRootDropping254.jpg,,,,,,disease-class=5_petiole
BudRootDropping255,disease/Bud Root Dropping,Dataset/Coconut Tree Disease Dataset/Bud Root Dropping/BudRootDropping255.jpg,,,,,,disease-class=5_petiole
BudRootDropping256,disease/Bud Root Dropping,Dataset/Coconut Tree Disease Dataset/Bud Root Dropping/BudRootDropping256.jpg,,,,,,disease-class=5_petiole
BudRootDropping257,disease/Bud Root Dropping,Dataset/Coconut Tree Disease Dataset/Bud Root Dropping/BudRootDropping257.jpg,,,,,,disease-class=5_petiole
BudRootDropping258,disease/Bud Root Dropping,Dataset/Coconut Tree Disease Dataset/Bud Root Dropping/BudRootDropping258.jpg,,,,,,disease-class=5_petiole
BudRootDropping259,disease/Bud Root Dropping,Dataset/Coconut Tree Disease Dataset/Bud Root Dropping/BudRootDropping259.jpg,,,,,,disease-class=5_petiole
BudRootDropping260,disease/Bud Root Dropping,Dataset/Coconut Tree Disease Dataset/Bud Root Dropping/BudRootDropping260.jpg,,,,,,disease-class=5_petiole
BudRootDropping261,disease/Bud Root Dropping,Dataset/Coconut Tree Disease Dataset/Bud Root Dropping/BudRootDropping261.jpg,,,,,,disease-class=5_petiole
BudRootDropping262,disease/Bud Root Dropping,Dataset/Coconut Tree Disease Dataset/Bud Root Dropping/BudRootDropping262.jpg,,,,,,disease-class=5_petiole
BudRootDropping263,disease/Bud Root Dropping,Dataset/Coconut Tree Disease Dataset/Bud Root Dropping/BudRootDropping263.jpg,,,,,,disease-class=5_petiole
BudRootDropping264,disease/Bud Root Dropping,Dataset/Coconut Tree Disease Dataset/Bud Root Dropping/BudRootDropping264.jpg,,,,,,disease-class=5_petiole
BudRootDropping265,disease/Bud Root Dropping,Dataset/Coconut Tree Disease Dataset/Bud Root Dropping/BudRootDropping265.jpg,,,,,,disease-class=5_petiole
BudRootDropping266,disease/Bud Root Dropping,Dataset/Coconut Tree Disease Dataset/Bud Root Dropping/BudRootDropping266.jpg,,,,,,disease-class=5_petiole
BudRootDropping267,disease/Bud Root Dropping,Dataset/Coconut Tree Disease Dataset/Bud Root Dropping/BudRootDropping267.jpg,,,,,,disease-class=5_petiole
BudRootDropping268,disease/Bud Root Dropping,Dataset/Coconut Tree Disease Dataset/Bud Root Dropping/BudRootDropping268.jpg,,,,,,disease-class=5_petiole
BudRootDropping269,disease/Bud Root Dropping,Dataset/Coconut Tree Disease Dataset/Bud Root Dropping/BudRootDropping269.jpg,,,,,,disease-class=5_petiole
BudRootDropping270,disease/Bud Root Dropping,Dataset/Coconut Tree Disease Dataset/Bud Root Dropping/BudRootDropping270.jpg,,,,,,disease-class=5_petiole
BudRootDropping271,disease/Bud Root Dropping,Dataset/Coconut Tree Disease Dataset/Bud Root Dropping/BudRootDropping271.jpg,,,,,,disease-class=5_petiole
BudRootDropping272,disease/Bud Root Dropping,Dataset/Coconut Tree Disease Dataset/Bud Root Dropping/BudRootDropping272.jpg,,,,,,disease-class=5_petiole
BudRootDropping273,disease/Bud Root Dropping,Dataset/Coconut Tree Disease Dataset/Bud Root Dropping/BudRootDropping273.jpg,,,,,,disease-class=5_petiole
BudRootDropping274,disease/Bud Root Dropping,Dataset/Coconut Tree Disease Dataset/Bud Root Dropping/BudRootDropping274.jpg,,,,,,disease-class=5_petiole
BudRootDropping275,disease/Bud Root Dropping,Dataset/Coconut Tree Disease Dataset/Bud Root Dropping/BudRootDropping275.jpg,,,,,,disease-class=5_petiole
BudRootDropping276,disease/Bud Root Dropping,Dataset/Coconut Tree Disease Dataset/Bud Root Dropping/BudRootDropping276.jpg,,,,,,disease-class=5_petiole
BudRootDropping277,disease/Bud Root Dropping,Dataset/Coconut Tree Disease Dataset/Bud Root Dropping/BudRootDropping277.jpg,,,,,,disease-class=5_petiole
BudRootDropping278,disease/Bud Root Dropping,Dataset/Coconut Tree Disease Dataset/Bud Root Dropping/BudRootDropping278.jpg,,,,,,disease-class=5_petiole
BudRootDropping279,disease/Bud Root Dropping,Dataset/Coconut Tree Disease Dataset/Bud Root Dropping/BudRootDropping279.jpg,,,,,,disease-class=5_petiole
BudRootDropping280,disease/Bud Root Dropping,Dataset/Coconut Tree Disease Dataset/Bud Root Dropping/BudRootDropping280.jpg,,,,,,disease-class=5_petiole
BudRootDropping281,disease/Bud Root Dropping,Dataset/Coconut Tree Disease Dataset/Bud Root Dropping/BudRootDropping281.jpg,,,,,,disease-class=5_petiole
BudRootDropping282,disease/Bud Root Dropping,Dataset/Coconut Tree Disease Dataset/Bud Root Dropping/BudRootDropping282.jpg,,,,,,disease-class=5_petiole
BudRootDropping283,disease/Bud Root Dropping,Dataset/Coconut Tree Disease Dataset/Bud Root Dropping/BudRootDropping283.jpg,,,,,,disease-class=5_petiole
BudRootDropping284,disease/Bud Root Dropping,Dataset/Coconut Tree Disease Dataset/Bud Root Dropping/BudRootDropping284.jpg,,,,,,disease-class=5_petiole
BudRootDropping285,disease/Bud Root Dropping,Dataset/Coconut Tree Disease Dataset/Bud Root Dropping/BudRootDropping285.jpg,,,,,,disease-class=5_petiole
BudRootDropping286,disease/Bud Root Dropping,Dataset/Coconut Tree Disease Dataset/Bud Root Dropping/BudRootDropping286.jpg,,,,,,disease-class=5_petiole
BudRootDropping287,disease/Bud Root Dropping,Dataset/Coconut Tree Disease Dataset/Bud Root Dropping/BudRootDropping287.jpg,,,,,,disease-class=5_petiole
BudRootDropping288,disease/Bud Root Dropping,Dataset/Coconut Tree Disease Dataset/Bud Root Dropping/BudRootDropping288.jpg,,,,,,disease-class=5_petiole
BudRootDropping289,disease/Bud Root Dropping,Dataset/Coconut Tree Disease Dataset/Bud Root Dropping/BudRootDropping289.jpg,,,,,,disease-class=5_petiole
BudRootDropping290,disease/Bud Root Dropping,Dataset/Coconut Tree Disease Dataset/Bud Root Dropping/BudRootDropping290.jpg,,,,,,disease-class=5_petiole
BudRootDropping291,disease/Bud Root Dropping,Dataset/Coconut Tree Disease Dataset/Bud Root Dropping/BudRootDropping291.jpg,,,,,,disease-class=5_petiole
BudRootDropping292,disease/Bud Root Dropping,Dataset/Coconut Tree Disease Dataset/Bud Root Dropping/BudRootDropping292.jpg,,,,,,disease-class=5_petiole
BudRootDropping293,disease/Bud Root Dropping,Dataset/Coconut Tree Disease Dataset/Bud Root Dropping/BudRootDropping293.jpg,,,,,,disease-class=5_petiole
BudRootDropping294,disease/Bud Root Dropping,Dataset/Coconut Tree Disease Dataset/Bud Root Dropping/BudRootDropping294.jpg,,,,,,disease-class=5_petiole
BudRootDropping295,disease/Bud Root Dropping,Dataset/Coconut Tree Disease Dataset/Bud Root Dropping/BudRootDropping295.jpg,,,,,,disease-class=5_petiole
BudRootDropping296,disease/Bud Root Dropping,Dataset/Coconut Tree Disease Dataset/Bud Root Dropping/BudRootDropping296.jpg,,,,,,disease-class=5_petiole
BudRootDropping297,disease/Bud Root Dropping,Dataset/Coconut Tree Disease Dataset/Bud Root Dropping/BudRootDropping297.jpg,,,,,,disease-class=5_petiole
BudRootDropping298,disease/Bud Root Dropping,Dataset/Coconut Tree Disease Dataset/Bud Root Dropping/BudRootDropping298.jpg,,,,,,disease-class=5_petiole
BudRootDropping299,disease/Bud Root Dropping,Dataset/Coconut Tree Disease Dataset/Bud Root Dropping/BudRootDropping299.jpg,,,,,,disease-class=5_petiole
BudRootDropping300,disease/Bud Root Dropping,Dataset/Coconut Tree Disease Dataset/Bud Root Dropping/BudRootDropping300.jpg,,,,,,disease-class=5_petiole
BudRootDropping301,disease/Bud Root Dropping,Dataset/Coconut Tree Disease Dataset/Bud Root Dropping/BudRootDropping301.jpg,,,,,,disease-class=5_petiole
BudRootDropping302,disease/Bud Root Dropping,Dataset/Coconut Tree Disease Dataset/Bud Root Dropping/BudRootDropping302.jpg,,,,,,disease-class=5_petiole
BudRootDropping303,disease/Bud Root Dropping,Dataset/Coconut Tree Disease Dataset/Bud Root Dropping/BudRootDropping303.jpg,,,,,,disease-class=5_petiole
BudRootDropping304,disease/Bud Root Dropping,Dataset/Coconut Tree Disease Dataset/Bud Root Dropping/BudRootDropping304.jpg,,,,,,disease-class=5_petiole
BudRootDropping305,disease/Bud Root Dropping,Dataset/Coconut Tree Disease Dataset/Bud Root Dropping/BudRootDropping305.jpg,,,,,,disease-class=5_petiole
BudRootDropping306,disease/Bud Root Dropping,Dataset/Coconut Tree Disease Dataset/Bud Root Dropping/BudRootDropping306.jpg,,,,,,disease-class=5_petiole
BudRootDropping307,disease/Bud Root Dropping,Dataset/Coconut Tree Disease Dataset/Bud Root Dropping/BudRootDropping307.jpg,,,,,,disease-class=5_petiole
BudRootDropping308,disease/Bud Root Dropping,Dataset/Coconut Tree Disease Dataset/Bud Root Dropping/BudRootDropping308.jpg,,,,,,disease-class=5_petiole
BudRootDropping309,disease/Bud Root Dropping,Dataset/Coconut Tree Disease Dataset/Bud Root Dropping/BudRootDropping309.jpg,,,,,,disease-class=5_petiole
BudRootDropping310,disease/Bud Root Dropping,Dataset/Coconut Tree Disease Dataset/Bud Root Dropping/BudRootDropping310.jpg,,,,,,disease-class=5_petiole
BudRootDropping311,disease/Bud Root Dropping,Dataset/Coconut Tree Disease Dataset/Bud Root Dropping/BudRootDropping311.jpg,,,,,,disease-class=5_petiole
BudRootDropping312,disease/Bud Root Dropping,Dataset/Coconut Tree Disease Dataset/Bud Root Dropping/BudRootDropping312.jpg,,,,,,disease-class=5_petiole
BudRootDropping313,disease/Bud Root Dropping,Dataset/Coconut Tree Disease Dataset/Bud Root Dropping/BudRootDropping313.jpg,,,,,,disease-class=5_petiole
BudRootDropping314,disease/Bud Root Dropping,Dataset/Coconut Tree Disease Dataset/Bud Root Dropping/BudRootDropping314.jpg,,,,,,disease-class=5_petiole
BudRootDropping315,disease/Bud Root Dropping,Dataset/Coconut Tree Disease Dataset/Bud Root Dropping/BudRootDropping315.jpg,,,,,,disease-class=5_petiole
BudRootDropping316,disease/Bud Root Dropping,Dataset/Coconut Tree Disease Dataset/Bud Root Dropping/BudRootDropping316.jpg,,,,,,disease-class=5_petiole
BudRootDropping317,disease/Bud Root Dropping,Dataset/Coconut Tree Disease Dataset/Bud Root Dropping/BudRootDropping317.jpg,,,,,,disease-class=5_petiole
BudRootDropping318,disease/Bud Root Dropping,Dataset/Coconut Tree Disease Dataset/Bud Root Dropping/BudRootDropping318.jpg,,,,,,disease-class=5_petiole
BudRootDropping319,disease/Bud Root Dropping,Dataset/Coconut Tree Disease Dataset/Bud Root Dropping/BudRootDropping319.jpg,,,,,,disease-class=5_petiole
BudRootDropping320,disease/Bud Root Dropping,Dataset/Coconut Tree Disease Dataset/Bud Root Dropping/BudRootDropping320.jpg,,,,,,disease-class=5_petiole
BudRootDropping321,disease/Bud Root Dropping,Dataset/Coconut Tree Disease Dataset/Bud Root Dropping/BudRootDropping321.jpg,,,,,,disease-class=5_petiole
BudRootDropping322,disease/Bud Root Dropping,Dataset/Coconut Tree Disease Dataset/Bud Root Dropping/BudRootDropping322.jpg,,,,,,disease-class=5_petiole
BudRootDropping323,disease/Bud Root Dropping,Dataset/Coconut Tree Disease Dataset/Bud Root Dropping/BudRootDropping323.jpg,,,,,,disease-class=5_petiole
BudRootDropping324,disease/Bud Root Dropping,Dataset/Coconut Tree Disease Dataset/Bud Root Dropping/BudRootDropping324.jpg,,,,,,disease-class=5_petiole
BudRootDropping325,disease/Bud Root Dropping,Dataset/Coconut Tree Disease Dataset/Bud Root Dropping/BudRootDropping325.jpg,,,,,,disease-class=5_petiole
BudRootDropping326,disease/Bud Root Dropping,Dataset/Coconut Tree Disease Dataset/Bud Root Dropping/BudRootDropping326.jpg,,,,,,disease-class=5_petiole
BudRootDropping327,disease/Bud Root Dropping,Dataset/Coconut Tree Disease Dataset/Bud Root Dropping/BudRootDropping327.jpg,,,,,,disease-class=5_petiole
BudRootDropping328,disease/Bud Root Dropping,Dataset/Coconut Tree Disease Dataset/Bud Root Dropping/BudRootDropping328.jpg,,,,,,disease-class=5_petiole
BudRootDropping329,disease/Bud Root Dropping,Dataset/Coconut Tree Disease Dataset/Bud Root Dropping/BudRootDropping329.jpg,,,,,,disease-class=5_petiole
BudRootDropping330,disease/Bud Root Dropping,Dataset/Coconut Tree Disease Dataset/Bud Root Dropping/BudRootDropping330.jpg,,,,,,disease-class=5_petiole
BudRootDropping331,disease/Bud Root Dropping,Dataset/Coconut Tree Disease Dataset/Bud Root Dropping/BudRootDropping331.jpg,,,,,,disease-class=5_petiole
BudRootDropping332,disease/Bud Root Dropping,Dataset/Coconut Tree Disease Dataset/Bud Root Dropping/BudRootDropping332.jpg,,,,,,disease-class=5_petiole
BudRootDropping333,disease/Bud Root Dropping,Dataset/Coconut Tree Disease Dataset/Bud Root Dropping/BudRootDropping333.jpg,,,,,,disease-class=5_petiole
BudRootDropping334,disease/Bud Root Dropping,Dataset/Coconut Tree Disease Dataset/Bud Root Dropping/BudRootDropping334.jpg,,,,,,disease-class=5_petiole
BudRootDropping335,disease/Bud Root Dropping,Dataset/Coconut Tree Disease Dataset/Bud Root Dropping/BudRootDropping335.jpg,,,,,,disease-class=5_petiole
BudRootDropping336,disease/Bud Root Dropping,Dataset/Coconut Tree Disease Dataset/Bud Root Dropping/BudRootDropping336.jpg,,,,,,disease-class=5_petiole
BudRootDropping337,disease/Bud Root Dropping,Dataset/Coconut Tree Disease Dataset/Bud Root Dropping/BudRootDropping337.jpg,,,,,,disease-class=5_petiole
BudRootDropping338,disease/Bud Root Dropping,Dataset/Coconut Tree Disease Dataset/Bud Root Dropping/BudRootDropping338.jpg,,,,,,disease-class=5_petiole
BudRootDropping339,disease/Bud Root Dropping,Dataset/Coconut Tree Disease Dataset/Bud Root Dropping/BudRootDropping339.jpg,,,,,,disease-class=5_petiole
BudRootDropping340,disease/Bud Root Dropping,Dataset/Coconut Tree Disease Dataset/Bud Root Dropping/BudRootDropping340.jpg,,,,,,disease-class=5_petiole
BudRootDropping341,disease/Bud Root Dropping,Dataset/Coconut Tree Disease Dataset/Bud Root Dropping/BudRootDropping341.jpg,,,,,,disease-class=5_petiole
BudRootDropping342,disease/Bud Root Dropping,Dataset/Coconut Tree Disease Dataset/Bud Root Dropping/BudRootDropping342.jpg,,,,,,disease-class=5_petiole
BudRootDropping343,disease/Bud Root Dropping,Dataset/Coconut Tree Disease Dataset/Bud Root Dropping/BudRootDropping343.jpg,,,,,,disease-class=5_petiole
BudRootDropping344,disease/Bud Root Dropping,Dataset/Coconut Tree Disease Dataset/Bud Root Dropping/BudRootDropping344.jpg,,,,,,disease-class=5_petiole
BudRootDropping345,disease/Bud Root Dropping,Dataset/Coconut Tree Disease Dataset/Bud Root Dropping/BudRootDropping345.jpg,,,,,,disease-class=5_petiole
BudRootDropping346,disease/Bud Root Dropping,Dataset/Coconut Tree Disease Dataset/Bud Root Dropping/BudRootDropping346.jpg,,,,,,disease-class=5_petiole
BudRootDropping347,disease/Bud Root Dropping,Dataset/Coconut Tree Disease Dataset/Bud Root Dropping/BudRootDropping347.jpg,,,,,,disease-class=5_petiole
BudRootDropping348,disease/Bud Root Dropping,Dataset/Coconut Tree Disease Dataset/Bud Root Dropping/BudRootDropping348.jpg,,,,,,disease-class=5_petiole
BudRootDropping349,disease/Bud Root Dropping,Dataset/Coconut Tree Disease Dataset/Bud Root Dropping/BudRootDropping349.jpg,,,,,,disease-class=5_petiole
BudRootDropping350,disease/Bud Root Dropping,Dataset/Coconut Tree Disease Dataset/Bud Root Dropping/BudRootDropping350.jpg,,,,,,disease-class=5_petiole
BudRootDropping351,disease/Bud Root Dropping,Dataset/Coconut Tree Disease Dataset/Bud Root Dropping/BudRootDropping351.jpg,,,,,,disease-class=5_petiole
BudRootDropping352,disease/Bud Root Dropping,Dataset/Coconut Tree Disease Dataset/Bud Root Dropping/BudRootDropping352.jpg,,,,,,disease-class=5_petiole
BudRootDropping353,disease/Bud Root Dropping,Dataset/Coconut Tree Disease Dataset/Bud Root Dropping/BudRootDropping353.jpg,,,,,,disease-class=5_petiole
BudRootDropping354,disease/Bud Root Dropping,Dataset/Coconut Tree Disease Dataset/Bud Root Dropping/BudRootDropping354.jpg,,,,,,disease-class=5_petiole
BudRootDropping355,disease/Bud Root Dropping,Dataset/Coconut Tree Disease Dataset/Bud Root Dropping/BudRootDropping355.jpg,,,,,,disease-class=5_petiole
BudRootDropping356,disease/Bud Root Dropping,Dataset/Coconut Tree Disease Dataset/Bud Root Dropping/BudRootDropping356.jpg,,,,,,disease-class=5_petiole
BudRootDropping357,disease/Bud Root Dropping,Dataset/Coconut Tree Disease Dataset/Bud Root Dropping/BudRootDropping357.jpg,,,,,,disease-class=5_petiole
BudRootDropping358,disease/Bud Root Dropping,Dataset/Coconut Tree Disease Dataset/Bud Root Dropping/BudRootDropping358.jpg,,,,,,disease-class=5_petiole
BudRootDropping359,disease/Bud Root Dropping,Dataset/Coconut Tree Disease Dataset/Bud Root Dropping/BudRootDropping359.jpg,,,,,,disease-class=5_petiole
BudRootDropping360,disease/Bud Root Dropping,Dataset/Coconut Tree Disease Dataset/Bud Root Dropping/BudRootDropping360.jpg,,,,,,disease-class=5_petiole
BudRootDropping361,disease/Bud Root Dropping,Dataset/Coconut Tree Disease Dataset/Bud Root Dropping/BudRootDropping361.jpg,,,,,,disease-class=5_petiole
BudRootDropping362,disease/Bud Root Dropping,Dataset/Coconut Tree Disease Dataset/Bud Root Dropping/BudRootDropping362.jpg,,,,,,disease-class=5_petiole
BudRootDropping363,disease/Bud Root Dropping,Dataset/Coconut Tree Disease Dataset/Bud Root Dropping/BudRootDropping363.jpg,,,,,,disease-class=5_petiole
BudRootDropping364,disease/Bud Root Dropping,Dataset/Coconut Tree Disease Dataset/Bud Root Dropping/BudRootDropping364.jpg,,,,,,disease-class=5_petiole
BudRootDropping365,disease/Bud Root Dropping,Dataset/Coconut Tree Disease Dataset/Bud Root Dropping/BudRootDropping365.jpg,,,,,,disease-class=5_petiole
BudRootDropping366,disease/Bud Root Dropping,Dataset/Coconut Tree Disease Dataset/Bud Root Dropping/BudRootDropping366.jpg,,,,,,disease-class=5_petiole
BudRootDropping367,disease/Bud Root Dropping,Dataset/Coconut Tree Disease Dataset/Bud Root Dropping/BudRootDropping367.jpg,,,,,,disease-class=5_petiole
BudRootDropping368,disease/Bud Root Dropping,Dataset/Coconut Tree Disease Dataset/Bud Root Dropping/BudRootDropping368.jpg,,,,,,disease-class=5_petiole
BudRootDropping369,disease/Bud Root Dropping,Dataset/Coconut Tree Disease Dataset/Bud Root Dropping/BudRootDropping369.jpg,,,,,,disease-class=5_petiole
BudRootDropping370,disease/Bud Root Dropping,Dataset/Coconut Tree Disease Dataset/Bud Root Dropping/BudRootDropping370.jpg,,,,,,disease-class=5_petiole
BudRootDropping371,disease/Bud Root Dropping,Dataset/Coconut Tree Disease Dataset/Bud Root Dropping/BudRootDropping371.jpg,,,,,,disease-class=5_petiole
BudRootDropping372,disease/Bud Root Dropping,Dataset/Coconut Tree Disease Dataset/Bud Root Dropping/BudRootDropping372.jpg,,,,,,disease-class=5_petiole
BudRootDropping373,disease/Bud Root Dropping,Dataset/Coconut Tree Disease Dataset/Bud Root Dropping/BudRootDropping373.jpg,,,,,,disease-class=5_petiole
BudRootDropping374,disease/Bud Root Dropping,Dataset/Coconut Tree Disease Dataset/Bud Root Dropping/BudRootDropping374.jpg,,,,,,disease-class=5_petiole
BudRootDropping375,disease/Bud Root Dropping,Dataset/Coconut Tree Disease Dataset/Bud Root Dropping/BudRootDropping375.jpg,,,,,,disease-class=5_petiole
BudRootDropping376,disease/Bud Root Dropping,Dataset/Coconut Tree Disease Dataset/Bud Root Dropping/BudRootDropping376.jpg,,,,,,disease-class=5_petiole
BudRootDropping377,disease/Bud Root Dropping,Dataset/Coconut Tree Disease Dataset/Bud Root Dropping/BudRootDropping377.jpg,,,,,,disease-class=5_petiole
BudRootDropping378,disease/Bud Root Dropping,Dataset/Coconut Tree Disease Dataset/Bud Root Dropping/BudRootDropping378.jpg,,,,,,disease-class=5_petiole
BudRootDropping379,disease/Bud Root Dropping,Dataset/Coconut Tree Disease Dataset/Bud Root Dropping/BudRootDropping379.jpg,,,,,,disease-class=5_petiole
BudRootDropping380,disease/Bud Root Dropping,Dataset/Coconut Tree Disease Dataset/Bud Root Dropping/BudRootDropping380.jpg,,,,,,disease-class=5_petiole
BudRootDropping381,disease/Bud Root Dropping,Dataset/Coconut Tree Disease Dataset/Bud Root Dropping/BudRootDropping381.jpg,,,,,,disease-class=5_petiole
BudRootDropping382,disease/Bud Root Dropping,Dataset/Coconut Tree Disease Dataset/Bud Root Dropping/BudRootDropping382.jpg,,,,,,disease-class=5_petiole
BudRootDropping383,disease/Bud Root Dropping,Dataset/Coconut Tree Disease Dataset/Bud Root Dropping/BudRootDropping383.jpg,,,,,,disease-class=5_petiole
BudRootDropping384,disease/Bud Root Dropping,Dataset/Coconut Tree Disease Dataset/Bud Root Dropping/BudRootDropping384.jpg,,,,,,disease-class=5_petiole
BudRootDropping385,disease/Bud Root Dropping,Dataset/Coconut Tree Disease Dataset/Bud Root Dropping/BudRootDropping385.jpg,,,,,,disease-class=5_petiole
BudRootDropping386,disease/Bud Root Dropping,Dataset/Coconut Tree Disease Dataset/Bud Root Dropping/BudRootDropping386.jpg,,,,,,disease-class=5_petiole
BudRootDropping387,disease/Bud Root Dropping,Dataset/Coconut Tree Disease Dataset/Bud Root Dropping/BudRootDropping387.jpg,,,,,,disease-class=5_petiole
BudRootDropping388,disease/Bud Root Dropping,Dataset/Coconut Tree Disease Dataset/Bud Root Dropping/BudRootDropping388.jpg,,,,,,disease-class=5_petiole
BudRootDropping389,disease/Bud Root Dropping,Dataset/Coconut Tree Disease Dataset/Bud Root Dropping/BudRootDropping389.jpg,,,,,,disease-class=5_petiole
BudRootDropping390,disease/Bud Root Dropping,Dataset/Coconut Tree Disease Dataset/Bud Root Dropping/BudRootDropping390.jpg,,,,,,disease-class=5_petiole
BudRootDropping391,disease/Bud Root Dropping,Dataset/Coconut Tree Disease Dataset/Bud Root Dropping/BudRootDropping391.jpg,,,,,,disease-class=5_petiole
BudRootDropping392,disease/Bud Root Dropping,Dataset/Coconut Tree Disease Dataset/Bud Root Dropping/BudRootDropping392.jpg,,,,,,disease-class=5_petiole
BudRootDropping393,disease/Bud Root Dropping,Dataset/Coconut Tree Disease Dataset/Bud Root Dropping/BudRootDropping393.jpg,,,,,,disease-class=5_petiole
BudRootDropping394,disease/Bud Root Dropping,Dataset/Coconut Tree Disease Dataset/Bud Root Dropping/BudRootDropping394.jpg,,,,,,disease-class=5_petiole
BudRootDropping395,disease/Bud Root Dropping,Dataset/Coconut Tree Disease Dataset/Bud Root Dropping/BudRootDropping395.jpg,,,,,,disease-class=5_petiole
BudRootDropping396,disease/Bud Root Dropping,Dataset/Coconut Tree Disease Dataset/Bud Root Dropping/BudRootDropping396.jpg,,,,,,disease-class=5_petiole
BudRootDropping397,disease/Bud Root Dropping,Dataset/Coconut Tree Disease Dataset/Bud Root Dropping/BudRootDropping397.jpg,,,,,,disease-class=5_petiole
BudRootDropping398,disease/Bud Root Dropping,Dataset/Coconut Tree Disease Dataset/Bud Root Dropping/BudRootDropping398.jpg,,,,,,disease-class=5_petiole
BudRootDropping399,disease/Bud Root Dropping,Dataset/Coconut Tree Disease Dataset/Bud Root Dropping/BudRootDropping399.jpg,,,,,,disease-class=5_petiole
BudRootDropping400,disease/Bud Root Dropping,Dataset/Coconut Tree Disease Dataset/Bud Root Dropping/BudRootDropping400.jpg,,,,,,disease-class=5_petiole
BudRootDropping401,disease/Bud Root Dropping,Dataset/Coconut Tree Disease Dataset/Bud Root Dropping/BudRootDropping401.jpg,,,,,,disease-class=5_petiole
BudRootDropping402,disease/Bud Root Dropping,Dataset/Coconut Tree Disease Dataset/Bud Root Dropping/BudRootDropping402.jpg,,,,,,disease-class=5_petiole
BudRootDropping403,disease/Bud Root Dropping,Dataset/Coconut Tree Disease Dataset/Bud Root Dropping/BudRootDropping403.jpg,,,,,,disease-class=5_petiole
BudRootDropping404,disease/Bud Root Dropping,Dataset/Coconut Tree Disease Dataset/Bud Root Dropping/BudRootDropping404.jpg,,,,,,disease-class=5_petiole
BudRootDropping405,disease/Bud Root Dropping,Dataset/Coconut Tree Disease Dataset/Bud Root Dropping/BudRootDropping405.jpg,,,,,,disease-class=5_petiole
BudRootDropping406,disease/Bud Root Dropping,Dataset/Coconut Tree Disease Dataset/Bud Root Dropping/BudRootDropping406.jpg,,,,,,disease-class=5_petiole
BudRootDropping407,disease/Bud Root Dropping,Dataset/Coconut Tree Disease Dataset/Bud Root Dropping/BudRootDropping407.jpg,,,,,,disease-class=5_petiole
BudRootDropping408,disease/Bud Root Dropping,Dataset/Coconut Tree Disease Dataset/Bud Root Dropping/BudRootDropping408.jpg,,,,,,disease-class=5_petiole
BudRootDropping409,disease/Bud Root Dropping,Dataset/Coconut Tree Disease Dataset/Bud Root Dropping/BudRootDropping409.jpg,,,,,,disease-class=5_petiole
BudRootDropping410,disease/Bud Root Dropping,Dataset/Coconut Tree Disease Dataset/Bud Root Dropping/BudRootDropping410.jpg,,,,,,disease-class=5_petiole
BudRootDropping411,disease/Bud Root Dropping,Dataset/Coconut Tree Disease Dataset/Bud Root Dropping/BudRootDropping411.jpg,,,,,,disease-class=5_petiole
BudRootDropping412,disease/Bud Root Dropping,Dataset/Coconut Tree Disease Dataset/Bud Root Dropping/BudRootDropping412.jpg,,,,,,disease-class=5_petiole
BudRootDropping413,disease/Bud Root Dropping,Dataset/Coconut Tree Disease Dataset/Bud Root Dropping/BudRootDropping413.jpg,,,,,,disease-class=5_petiole
BudRootDropping414,disease/Bud Root Dropping,Dataset/Coconut Tree Disease Dataset/Bud Root Dropping/BudRootDropping414.jpg,,,,,,disease-class=5_petiole
BudRootDropping415,disease/Bud Root Dropping,Dataset/Coconut Tree Disease Dataset/Bud Root Dropping/BudRootDropping415.jpg,,,,,,disease-class=5_petiole
BudRootDropping416,disease/Bud Root Dropping,Dataset/Coconut Tree Disease Dataset/Bud Root Dropping/BudRootDropping416.jpg,,,,,,disease-class=5_petiole
BudRootDropping417,disease/Bud Root Dropping,Dataset/Coconut Tree Disease Dataset/Bud Root Dropping/BudRootDropping417.jpg,,,,,,disease-class=5_petiole
BudRootDropping418,disease/Bud Root Dropping,Dataset/Coconut Tree Disease Dataset/Bud Root Dropping/BudRootDropping418.jpg,,,,,,disease-class=5_petiole
BudRootDropping419,disease/Bud Root Dropping,Dataset/Coconut Tree Disease Dataset/Bud Root Dropping/BudRootDropping419.jpg,,,,,,disease-class=5_petiole
BudRootDropping420,disease/Bud Root Dropping,Dataset/Coconut Tree Disease Dataset/Bud Root Dropping/BudRootDropping420.jpg,,,,,,disease-class=5_petiole
BudRootDropping421,disease/Bud Root Dropping,Dataset/Coconut Tree Disease Dataset/Bud Root Dropping/BudRootDropping421.jpg,,,,,,disease-class=5_petiole
BudRootDropping422,disease/Bud Root Dropping,Dataset/Coconut Tree Disease Dataset/Bud Root Dropping/BudRootDropping422.jpg,,,,,,disease-class=5_petiole
BudRootDropping423,disease/Bud Root Dropping,Dataset/Coconut Tree Disease Dataset/Bud Root Dropping/BudRootDropping423.jpg,,,,,,disease-class=5_petiole
BudRootDropping424,disease/Bud Root Dropping,Dataset/Coconut Tree Disease Dataset/Bud Root Dropping/BudRootDropping424.jpg,,,,,,disease-class=5_petiole
BudRootDropping425,disease/Bud Root Dropping,Dataset/Coconut Tree Disease Dataset/Bud Root Dropping/BudRootDropping425.jpg,,,,,,disease-class=5_petiole
BudRootDropping426,disease/Bud Root Dropping,Dataset/Coconut Tree Disease Dataset/Bud Root Dropping/BudRootDropping426.jpg,,,,,,disease-class=5_petiole
BudRootDropping427,disease/Bud Root Dropping,Dataset/Coconut Tree Disease Dataset/Bud Root Dropping/BudRootDropping427.jpg,,,,,,disease-class=5_petiole
BudRootDropping428,disease/Bud Root Dropping,Dataset/Coconut Tree Disease Dataset/Bud Root Dropping/BudRootDropping428.jpg,,,,,,disease-class=5_petiole
BudRootDropping429,disease/Bud Root Dropping,Dataset/Coconut Tree Disease Dataset/Bud Root Dropping/BudRootDropping429.jpg,,,,,,disease-class=5_petiole
BudRootDropping430,disease/Bud Root Dropping,Dataset/Coconut Tree Disease Dataset/Bud Root Dropping/BudRootDropping430.jpg,,,,,,disease-class=5_petiole
BudRootDropping431,disease/Bud Root Dropping,Dataset/Coconut Tree Disease Dataset/Bud Root Dropping/BudRootDropping431.jpg,,,,,,disease-class=5_petiole
BudRootDropping432,disease/Bud Root Dropping,Dataset/Coconut Tree Disease Dataset/Bud Root Dropping/BudRootDropping432.jpg,,,,,,disease-class=5_petiole
BudRootDropping433,disease/Bud Root Dropping,Dataset/Coconut Tree Disease Dataset/Bud Root Dropping/BudRootDropping433.jpg,,,,,,disease-class=5_petiole
BudRootDropping434,disease/Bud Root Dropping,Dataset/Coconut Tree Disease Dataset/Bud Root Dropping/BudRootDropping434.jpg,,,,,,disease-class=5_petiole
BudRootDropping435,disease/Bud Root Dropping,Dataset/Coconut Tree Disease Dataset/Bud Root Dropping/BudRootDropping435.jpg,,,,,,disease-class=5_petiole
BudRootDropping436,disease/Bud Root Dropping,Dataset/Coconut Tree Disease Dataset/Bud Root Dropping/BudRootDropping436.jpg,,,,,,disease-class=5_petiole
BudRootDropping437,disease/Bud Root Dropping,Dataset/Coconut Tree Disease Dataset/Bud Root Dropping/BudRootDropping437.jpg,,,,,,disease-class=5_petiole
BudRootDropping438,disease/Bud Root Dropping,Dataset/Coconut Tree Disease Dataset/Bud Root Dropping/BudRootDropping438.jpg,,,,,,disease-class=5_petiole
BudRootDropping439,disease/Bud Root Dropping,Dataset/Coconut Tree Disease Dataset/Bud Root Dropping/BudRootDropping439.jpg,,,,,,disease-class=5_petiole
BudRootDropping440,disease/Bud Root Dropping,Dataset/Coconut Tree Disease Dataset/Bud Root Dropping/BudRootDropping440.jpg,,,,,,disease-class=5_petiole
BudRootDropping441,disease/Bud Root Dropping,Dataset/Coconut Tree Disease Dataset/Bud Root Dropping/BudRootDropping441.jpg,,,,,,disease-class=5_petiole
BudRootDropping442,disease/Bud Root Dropping,Dataset/Coconut Tree Disease Dataset/Bud Root Dropping/BudRootDropping442.jpg,,,,,,disease-class=5_petiole
BudRootDropping443,disease/Bud Root Dropping,Dataset/Coconut Tree Disease Dataset/Bud Root Dropping/BudRootDropping443.jpg,,,,,,disease-class=5_petiole
BudRootDropping444,disease/Bud Root Dropping,Dataset/Coconut Tree Disease Dataset/Bud Root Dropping/BudRootDropping444.jpg,,,,,,disease-class=5_petiole
BudRootDropping445,disease/Bud Root Dropping,Dataset/Coconut Tree Disease Dataset/Bud Root Dropping/BudRootDropping445.jpg,,,,,,disease-class=5_petiole
BudRootDropping446,disease/Bud Root Dropping,Dataset/Coconut Tree Disease Dataset/Bud Root Dropping/BudRootDropping446.jpg,,,,,,disease-class=5_petiole
BudRootDropping447,disease/Bud Root Dropping,Dataset/Coconut Tree Disease Dataset/Bud Root Dropping/BudRootDropping447.jpg,,,,,,disease-class=5_petiole
BudRootDropping448,disease/Bud Root Dropping,Dataset/Coconut Tree Disease Dataset/Bud Root Dropping/BudRootDropping448.jpg,,,,,,disease-class=5_petiole
BudRootDropping449,disease/Bud Root Dropping,Dataset/Coconut Tree Disease Dataset/Bud Root Dropping/BudRootDropping449.jpg,,,,,,disease-class=5_petiole
BudRootDropping450,disease/Bud Root Dropping,Dataset/Coconut Tree Disease Dataset/Bud Root Dropping/BudRootDropping450.jpg,,,,,,disease-class=5_petiole
BudRootDropping451,disease/Bud Root Dropping,Dataset/Coconut Tree Disease Dataset/Bud Root Dropping/BudRootDropping451.jpg,,,,,,disease-class=5_petiole
BudRootDropping452,disease/Bud Root Dropping,Dataset/Coconut Tree Disease Dataset/Bud Root Dropping/BudRootDropping452.jpg,,,,,,disease-class=5_petiole
BudRootDropping453,disease/Bud Root Dropping,Dataset/Coconut Tree Disease Dataset/Bud Root Dropping/BudRootDropping453.jpg,,,,,,disease-class=5_petiole
BudRootDropping454,disease/Bud Root Dropping,Dataset/Coconut Tree Disease Dataset/Bud Root Dropping/BudRootDropping454.jpg,,,,,,disease-class=5_petiole
BudRootDropping455,disease/Bud Root Dropping,Dataset/Coconut Tree Disease Dataset/Bud Root Dropping/BudRootDropping455.jpg,,,,,,disease-class=5_petiole
BudRootDropping456,disease/Bud Root Dropping,Dataset/Coconut Tree Disease Dataset/Bud Root Dropping/BudRootDropping456.jpg,,,,,,disease-class=5_petiole
BudRootDropping457,disease/Bud Root Dropping,Dataset/Coconut Tree Disease Dataset/Bud Root Dropping/BudRootDropping457.jpg,,,,,,disease-class=5_petiole
BudRootDropping458,disease/Bud Root Dropping,Dataset/Coconut Tree Disease Dataset/Bud Root Dropping/BudRootDropping458.jpg,,,,,,disease-class=5_petiole
BudRootDropping459,disease/Bud Root Dropping,Dataset/Coconut Tree Disease Dataset/Bud Root Dropping/BudRootDropping459.jpg,,,,,,disease-class=5_petiole
BudRootDropping460,disease/Bud Root Dropping,Dataset/Coconut Tree Disease Dataset/Bud Root Dropping/BudRootDropping460.jpg,,,,,,disease-class=5_petiole
BudRootDropping461,disease/Bud Root Dropping,Dataset/Coconut Tree Disease Dataset/Bud Root Dropping/BudRootDropping461.jpg,,,,,,disease-class=5_petiole
BudRootDropping462,disease/Bud Root Dropping,Dataset/Coconut Tree Disease Dataset/Bud Root Dropping/BudRootDropping462.jpg,,,,,,disease-class=5_petiole
BudRootDropping463,disease/Bud Root Dropping,Dataset/Coconut Tree Disease Dataset/Bud Root Dropping/BudRootDropping463.jpg,,,,,,disease-class=5_petiole
BudRootDropping464,disease/Bud Root Dropping,Dataset/Coconut Tree Disease Dataset/Bud Root Dropping/BudRootDropping464.jpg,,,,,,disease-class=5_petiole
BudRootDropping465,disease/Bud Root Dropping,Dataset/Coconut Tree Disease Dataset/Bud Root Dropping/BudRootDropping465.jpg,,,,,,disease-class=5_petiole
BudRootDropping466,disease/Bud Root Dropping,Dataset/Coconut Tree Disease Dataset/Bud Root Dropping/BudRootDropping466.jpg,,,,,,disease-class=5_petiole
BudRootDropping467,disease/Bud Root Dropping,Dataset/Coconut Tree Disease Dataset/Bud Root Dropping/BudRootDropping467.jpg,,,,,,disease-class=5_petiole
BudRootDropping468,disease/Bud Root Dropping,Dataset/Coconut Tree Disease Dataset/Bud Root Dropping/BudRootDropping468.jpg,,,,,,disease-class=5_petiole
BudRootDropping469,disease/Bud Root Dropping,Dataset/Coconut Tree Disease Dataset/Bud Root Dropping/BudRootDropping469.jpg,,,,,,disease-class=5_petiole
BudRootDropping470,disease/Bud Root Dropping,Dataset/Coconut Tree Disease Dataset/Bud Root Dropping/BudRootDropping470.jpg,,,,,,disease-class=5_petiole
BudRootDropping471,disease/Bud Root Dropping,Dataset/Coconut Tree Disease Dataset/Bud Root Dropping/BudRootDropping471.jpg,,,,,,disease-class=5_petiole
BudRootDropping472,disease/Bud Root Dropping,Dataset/Coconut Tree Disease Dataset/Bud Root Dropping/BudRootDropping472.jpg,,,,,,disease-class=5_petiole
BudRootDropping473,disease/Bud Root Dropping,Dataset/Coconut Tree Disease Dataset/Bud Root Dropping/BudRootDropping473.jpg,,,,,,disease-class=5_petiole
BudRootDropping474,disease/Bud Root Dropping,Dataset/Coconut Tree Disease Dataset/Bud Root Dropping/BudRootDropping474.jpg,,,,,,disease-class=5_petiole
BudRootDropping475,disease/Bud Root Dropping,Dataset/Coconut Tree Disease Dataset/Bud Root Dropping/BudRootDropping475.jpg,,,,,,disease-class=5_petiole
BudRootDropping476,disease/Bud Root Dropping,Dataset/Coconut Tree Disease Dataset/Bud Root Dropping/BudRootDropping476.jpg,,,,,,disease-class=5_petiole
BudRootDropping477,disease/Bud Root Dropping,Dataset/Coconut Tree Disease Dataset/Bud Root Dropping/BudRootDropping477.jpg,,,,,,disease-class=5_petiole
BudRootDropping478,disease/Bud Root Dropping,Dataset/Coconut Tree Disease Dataset/Bud Root Dropping/BudRootDropping478.jpg,,,,,,disease-class=5_petiole
BudRootDropping479,disease/Bud Root Dropping,Dataset/Coconut Tree Disease Dataset/Bud Root Dropping/BudRootDropping479.jpg,,,,,,disease-class=5_petiole
BudRootDropping480,disease/Bud Root Dropping,Dataset/Coconut Tree Disease Dataset/Bud Root Dropping/BudRootDropping480.jpg,,,,,,disease-class=5_petiole
BudRootDropping481,disease/Bud Root Dropping,Dataset/Coconut Tree Disease Dataset/Bud Root Dropping/BudRootDropping481.jpg,,,,,,disease-class=5_petiole
BudRootDropping482,disease/Bud Root Dropping,Dataset/Coconut Tree Disease Dataset/Bud Root Dropping/BudRootDropping482.jpg,,,,,,disease-class=5_petiole
BudRootDropping483,disease/Bud Root Dropping,Dataset/Coconut Tree Disease Dataset/Bud Root Dropping/BudRootDropping483.jpg,,,,,,disease-class=5_petiole
BudRootDropping484,disease/Bud Root Dropping,Dataset/Coconut Tree Disease Dataset/Bud Root Dropping/BudRootDropping484.jpg,,,,,,disease-class=5_petiole
BudRootDropping485,disease/Bud Root Dropping,Dataset/Coconut Tree Disease Dataset/Bud Root Dropping/BudRootDropping485.jpg,,,,,,disease-class=5_petiole
BudRootDropping486,disease/Bud Root Dropping,Dataset/Coconut Tree Disease Dataset/Bud Root Dropping/BudRootDropping486.jpg,,,,,,disease-class=5_petiole
BudRootDropping487,disease/Bud Root Dropping,Dataset/Coconut Tree Disease Dataset/Bud Root Dropping/BudRootDropping487.jpg,,,,,,disease-class=5_petiole
BudRootDropping488,disease/Bud Root Dropping,Dataset/Coconut Tree Disease Dataset/Bud Root Dropping/BudRootDropping488.jpg,,,,,,disease-class=5_petiole
BudRootDropping489,disease/Bud Root Dropping,Dataset/Coconut Tree Disease Dataset/Bud Root Dropping/BudRootDropping489.jpg,,,,,,disease-class=5_petiole
BudRootDropping490,disease/Bud Root Dropping,Dataset/Coconut Tree Disease Dataset/Bud Root Dropping/BudRootDropping490.jpg,,,,,,disease-class=5_petiole
BudRootDropping491,disease/Bud Root Dropping,Dataset/Coconut Tree Disease Dataset/Bud Root Dropping/BudRootDropping491.jpg,,,,,,disease-class=5_petiole
BudRootDropping492,disease/Bud Root Dropping,Dataset/Coconut Tree Disease Dataset/Bud Root Dropping/BudRootDropping492.jpg,,,,,,disease-class=5_petiole
BudRootDropping493,disease/Bud Root Dropping,Dataset/Coconut Tree Disease Dataset/Bud Root Dropping/BudRootDropping493.jpg,,,,,,disease-class=5_petiole
BudRootDropping494,disease/Bud Root Dropping,Dataset/Coconut Tree Disease Dataset/Bud Root Dropping/BudRootDropping494.jpg,,,,,,disease-class=5_petiole
BudRootDropping495,disease/Bud Root Dropping,Dataset/Coconut Tree Disease Dataset/Bud Root Dropping/BudRootDropping495.jpg,,,,,,disease-class=5_petiole
BudRootDropping496,disease/Bud Root Dropping,Dataset/Coconut Tree Disease Dataset/Bud Root Dropping/BudRootDropping496.jpg,,,,,,disease-class=5_petiole
BudRootDropping497,disease/Bud Root Dropping,Dataset/Coconut Tree Disease Dataset/Bud Root Dropping/BudRootDropping497.jpg,,,,,,disease-class=5_petiole
BudRootDropping498,disease/Bud Root Dropping,Dataset/Coconut Tree Disease Dataset/Bud Root Dropping/BudRootDropping498.jpg,,,,,,disease-class=5_petiole
BudRootDropping499,disease/Bud Root Dropping,Dataset/Coconut Tree Disease Dataset/Bud Root Dropping/BudRootDropping499.jpg,,,,,,disease-class=5_petiole
BudRootDropping500,disease/Bud Root Dropping,Dataset/Coconut Tree Disease Dataset/Bud Root Dropping/BudRootDropping500.jpg,,,,,,disease-class=5_petiole
BudRootDropping501,disease/Bud Root Dropping,Dataset/Coconut Tree Disease Dataset/Bud Root Dropping/BudRootDropping501.jpg,,,,,,disease-class=5_petiole
BudRootDropping502,disease/Bud Root Dropping,Dataset/Coconut Tree Disease Dataset/Bud Root Dropping/BudRootDropping502.jpg,,,,,,disease-class=5_petiole
BudRootDropping503,disease/Bud Root Dropping,Dataset/Coconut Tree Disease Dataset/Bud Root Dropping/BudRootDropping503.jpg,,,,,,disease-class=5_petiole
BudRootDropping504,disease/Bud Root Dropping,Dataset/Coconut Tree Disease Dataset/Bud Root Dropping/BudRootDropping504.jpg,,,,,,disease-class=5_petiole
BudRootDropping505,disease/Bud Root Dropping,Dataset/Coconut Tree Disease Dataset/Bud Root Dropping/BudRootDropping505.jpg,,,,,,disease-class=5_petiole
BudRootDropping506,disease/Bud Root Dropping,Dataset/Coconut Tree Disease Dataset/Bud Root Dropping/BudRootDropping506.jpg,,,,,,disease-class=5_petiole
BudRootDropping507,disease/Bud Root Dropping,Dataset/Coconut Tree Disease Dataset/Bud Root Dropping/BudRootDropping507.jpg,,,,,,disease-class=5_petiole
BudRootDropping508,disease/Bud Root Dropping,Dataset/Coconut Tree Disease Dataset/Bud Root Dropping/BudRootDropping508.jpg,,,,,,disease-class=5_petiole
BudRootDropping509,disease/Bud Root Dropping,Dataset/Coconut Tree Disease Dataset/Bud Root Dropping/BudRootDropping509.jpg,,,,,,disease-class=5_petiole
BudRootDropping510,disease/Bud Root Dropping,Dataset/Coconut Tree Disease Dataset/Bud Root Dropping/BudRootDropping510.jpg,,,,,,disease-class=5_petiole
BudRootDropping511,disease/Bud Root Dropping,Dataset/Coconut Tree Disease Dataset/Bud Root Dropping/BudRootDropping511.jpg,,,,,,disease-class=5_petiole
BudRootDropping512,disease/Bud Root Dropping,Dataset/Coconut Tree Disease Dataset/Bud Root Dropping/BudRootDropping512.jpg,,,,,,disease-class=5_petiole
BudRootDropping513,disease/Bud Root Dropping,Dataset/Coconut Tree Disease Dataset/Bud Root Dropping/BudRootDropping513.jpg,,,,,,disease-class=5_petiole
BudRootDropping514,disease/Bud Root Dropping,Dataset/Coconut Tree Disease Dataset/Bud Root Dropping/BudRootDropping514.jpg,,,,,,disease-class=5_petiole
BudRot001,disease/Bud Rot,Dataset/Coconut Tree Disease Dataset/Bud Rot/BudRot001.jpg,,,,,,disease-class=4_crown_disease
BudRot002,disease/Bud Rot,Dataset/Coconut Tree Disease Dataset/Bud Rot/BudRot002.jpg,,,,,,disease-class=4_crown_disease
BudRot003,disease/Bud Rot,Dataset/Coconut Tree Disease Dataset/Bud Rot/BudRot003.jpg,,,,,,disease-class=4_crown_disease
BudRot004,disease/Bud Rot,Dataset/Coconut Tree Disease Dataset/Bud Rot/BudRot004.jpg,,,,,,disease-class=4_crown_disease
BudRot005,disease/Bud Rot,Dataset/Coconut Tree Disease Dataset/Bud Rot/BudRot005.jpg,,,,,,disease-class=4_crown_disease
BudRot006,disease/Bud Rot,Dataset/Coconut Tree Disease Dataset/Bud Rot/BudRot006.jpg,,,,,,disease-class=4_crown_disease
BudRot007,disease/Bud Rot,Dataset/Coconut Tree Disease Dataset/Bud Rot/BudRot007.jpg,,,,,,disease-class=4_crown_disease
BudRot008,disease/Bud Rot,Dataset/Coconut Tree Disease Dataset/Bud Rot/BudRot008.jpg,,,,,,disease-class=4_crown_disease
BudRot009,disease/Bud Rot,Dataset/Coconut Tree Disease Dataset/Bud Rot/BudRot009.jpg,,,,,,disease-class=4_crown_disease
BudRot010,disease/Bud Rot,Dataset/Coconut Tree Disease Dataset/Bud Rot/BudRot010.jpg,,,,,,disease-class=4_crown_disease
BudRot011,disease/Bud Rot,Dataset/Coconut Tree Disease Dataset/Bud Rot/BudRot011.jpg,,,,,,disease-class=4_crown_disease
BudRot012,disease/Bud Rot,Dataset/Coconut Tree Disease Dataset/Bud Rot/BudRot012.jpg,,,,,,disease-class=4_crown_disease
BudRot013,disease/Bud Rot,Dataset/Coconut Tree Disease Dataset/Bud Rot/BudRot013.jpg,,,,,,disease-class=4_crown_disease
BudRot014,disease/Bud Rot,Dataset/Coconut Tree Disease Dataset/Bud Rot/BudRot014.jpg,,,,,,disease-class=4_crown_disease
BudRot015,disease/Bud Rot,Dataset/Coconut Tree Disease Dataset/Bud Rot/BudRot015.jpg,,,,,,disease-class=4_crown_disease
BudRot016,disease/Bud Rot,Dataset/Coconut Tree Disease Dataset/Bud Rot/BudRot016.jpg,,,,,,disease-class=4_crown_disease
BudRot017,disease/Bud Rot,Dataset/Coconut Tree Disease Dataset/Bud Rot/BudRot017.jpg,,,,,,disease-class=4_crown_disease
BudRot018,disease/Bud Rot,Dataset/Coconut Tree Disease Dataset/Bud Rot/BudRot018.jpg,,,,,,disease-class=4_crown_disease
BudRot019,disease/Bud Rot,Dataset/Coconut Tree Disease Dataset/Bud Rot/BudRot019.jpg,,,,,,disease-class=4_crown_disease
BudRot020,disease/Bud Rot,Dataset/Coconut Tree Disease Dataset/Bud Rot/BudRot020.jpg,,,,,,disease-class=4_crown_disease
BudRot021,disease/Bud Rot,Dataset/Coconut Tree Disease Dataset/Bud Rot/BudRot021.jpg,,,,,,disease-class=4_crown_disease
BudRot022,disease/Bud Rot,Dataset/Coconut Tree Disease Dataset/Bud Rot/BudRot022.jpg,,,,,,disease-class=4_crown_disease
BudRot023,disease/Bud Rot,Dataset/Coconut Tree Disease Dataset/Bud Rot/BudRot023.jpg,,,,,,disease-class=4_crown_disease
BudRot024,disease/Bud Rot,Dataset/Coconut Tree Disease Dataset/Bud Rot/BudRot024.jpg,,,,,,disease-class=4_crown_disease
BudRot025,disease/Bud Rot,Dataset/Coconut Tree Disease Dataset/Bud Rot/BudRot025.jpg,,,,,,disease-class=4_crown_disease
BudRot026,disease/Bud Rot,Dataset/Coconut Tree Disease Dataset/Bud Rot/BudRot026.jpg,,,,,,disease-class=4_crown_disease
BudRot027,disease/Bud Rot,Dataset/Coconut Tree Disease Dataset/Bud Rot/BudRot027.jpg,,,,,,disease-class=4_crown_disease
BudRot028,disease/Bud Rot,Dataset/Coconut Tree Disease Dataset/Bud Rot/BudRot028.jpg,,,,,,disease-class=4_crown_disease
BudRot029,disease/Bud Rot,Dataset/Coconut Tree Disease Dataset/Bud Rot/BudRot029.jpg,,,,,,disease-class=4_crown_disease
BudRot030,disease/Bud Rot,Dataset/Coconut Tree Disease Dataset/Bud Rot/BudRot030.jpg,,,,,,disease-class=4_crown_disease
BudRot031,disease/Bud Rot,Dataset/Coconut Tree Disease Dataset/Bud Rot/BudRot031.jpg,,,,,,disease-class=4_crown_disease
BudRot032,disease/Bud Rot,Dataset/Coconut Tree Disease Dataset/Bud Rot/BudRot032.jpg,,,,,,disease-class=4_crown_disease
BudRot033,disease/Bud Rot,Dataset/Coconut Tree Disease Dataset/Bud Rot/BudRot033.jpg,,,,,,disease-class=4_crown_disease
BudRot034,disease/Bud Rot,Dataset/Coconut Tree Disease Dataset/Bud Rot/BudRot034.jpg,,,,,,disease-class=4_crown_disease
BudRot035,disease/Bud Rot,Dataset/Coconut Tree Disease Dataset/Bud Rot/BudRot035.jpg,,,,,,disease-class=4_crown_disease
BudRot036,disease/Bud Rot,Dataset/Coconut Tree Disease Dataset/Bud Rot/BudRot036.jpg,,,,,,disease-class=4_crown_disease
BudRot037,disease/Bud Rot,Dataset/Coconut Tree Disease Dataset/Bud Rot/BudRot037.jpg,,,,,,disease-class=4_crown_disease
BudRot038,disease/Bud Rot,Dataset/Coconut Tree Disease Dataset/Bud Rot/BudRot038.jpg,,,,,,disease-class=4_crown_disease
BudRot039,disease/Bud Rot,Dataset/Coconut Tree Disease Dataset/Bud Rot/BudRot039.jpg,,,,,,disease-class=4_crown_disease
BudRot040,disease/Bud Rot,Dataset/Coconut Tree Disease Dataset/Bud Rot/BudRot040.jpg,,,,,,disease-class=4_crown_disease
BudRot041,disease/Bud Rot,Dataset/Coconut Tree Disease Dataset/Bud Rot/BudRot041.jpg,,,,,,disease-class=4_crown_disease
BudRot042,disease/Bud Rot,Dataset/Coconut Tree Disease Dataset/Bud Rot/BudRot042.jpg,,,,,,disease-class=4_crown_disease
BudRot043,disease/Bud Rot,Dataset/Coconut Tree Disease Dataset/Bud Rot/BudRot043.jpg,,,,,,disease-class=4_crown_disease
BudRot044,disease/Bud Rot,Dataset/Coconut Tree Disease Dataset/Bud Rot/BudRot044.jpg,,,,,,disease-class=4_crown_disease
BudRot045,disease/Bud Rot,Dataset/Coconut Tree Disease Dataset/Bud Rot/BudRot045.jpg,,,,,,disease-class=4_crown_disease
BudRot046,disease/Bud Rot,Dataset/Coconut Tree Disease Dataset/Bud Rot/BudRot046.jpg,,,,,,disease-class=4_crown_disease
BudRot047,disease/Bud Rot,Dataset/Coconut Tree Disease Dataset/Bud Rot/BudRot047.jpg,,,,,,disease-class=4_crown_disease
BudRot048,disease/Bud Rot,Dataset/Coconut Tree Disease Dataset/Bud Rot/BudRot048.jpg,,,,,,disease-class=4_crown_disease
BudRot049,disease/Bud Rot,Dataset/Coconut Tree Disease Dataset/Bud Rot/BudRot049.jpg,,,,,,disease-class=4_crown_disease
BudRot050,disease/Bud Rot,Dataset/Coconut Tree Disease Dataset/Bud Rot/BudRot050.jpg,,,,,,disease-class=4_crown_disease
BudRot051,disease/Bud Rot,Dataset/Coconut Tree Disease Dataset/Bud Rot/BudRot051.jpg,,,,,,disease-class=4_crown_disease
BudRot052,disease/Bud Rot,Dataset/Coconut Tree Disease Dataset/Bud Rot/BudRot052.jpg,,,,,,disease-class=4_crown_disease
BudRot053,disease/Bud Rot,Dataset/Coconut Tree Disease Dataset/Bud Rot/BudRot053.jpg,,,,,,disease-class=4_crown_disease
BudRot054,disease/Bud Rot,Dataset/Coconut Tree Disease Dataset/Bud Rot/BudRot054.jpg,,,,,,disease-class=4_crown_disease
BudRot055,disease/Bud Rot,Dataset/Coconut Tree Disease Dataset/Bud Rot/BudRot055.jpg,,,,,,disease-class=4_crown_disease
BudRot056,disease/Bud Rot,Dataset/Coconut Tree Disease Dataset/Bud Rot/BudRot056.jpg,,,,,,disease-class=4_crown_disease
BudRot057,disease/Bud Rot,Dataset/Coconut Tree Disease Dataset/Bud Rot/BudRot057.jpg,,,,,,disease-class=4_crown_disease
BudRot058,disease/Bud Rot,Dataset/Coconut Tree Disease Dataset/Bud Rot/BudRot058.jpg,,,,,,disease-class=4_crown_disease
BudRot059,disease/Bud Rot,Dataset/Coconut Tree Disease Dataset/Bud Rot/BudRot059.jpg,,,,,,disease-class=4_crown_disease
BudRot060,disease/Bud Rot,Dataset/Coconut Tree Disease Dataset/Bud Rot/BudRot060.jpg,,,,,,disease-class=4_crown_disease
BudRot061,disease/Bud Rot,Dataset/Coconut Tree Disease Dataset/Bud Rot/BudRot061.jpg,,,,,,disease-class=4_crown_disease
BudRot062,disease/Bud Rot,Dataset/Coconut Tree Disease Dataset/Bud Rot/BudRot062.jpg,,,,,,disease-class=4_crown_disease
BudRot063,disease/Bud Rot,Dataset/Coconut Tree Disease Dataset/Bud Rot/BudRot063.jpg,,,,,,disease-class=4_crown_disease
BudRot064,disease/Bud Rot,Dataset/Coconut Tree Disease Dataset/Bud Rot/BudRot064.jpg,,,,,,disease-class=4_crown_disease
BudRot065,disease/Bud Rot,Dataset/Coconut Tree Disease Dataset/Bud Rot/BudRot065.jpg,,,,,,disease-class=4_crown_disease
BudRot066,disease/Bud Rot,Dataset/Coconut Tree Disease Dataset/Bud Rot/BudRot066.jpg,,,,,,disease-class=4_crown_disease
BudRot067,disease/Bud Rot,Dataset/Coconut Tree Disease Dataset/Bud Rot/BudRot067.jpg,,,,,,disease-class=4_crown_disease
BudRot068,disease/Bud Rot,Dataset/Coconut Tree Disease Dataset/Bud Rot/BudRot068.jpg,,,,,,disease-class=4_crown_disease
BudRot069,disease/Bud Rot,Dataset/Coconut Tree Disease Dataset/Bud Rot/BudRot069.jpg,,,,,,disease-class=4_crown_disease
BudRot070,disease/Bud Rot,Dataset/Coconut Tree Disease Dataset/Bud Rot/BudRot070.jpg,,,,,,disease-class=4_crown_disease
BudRot071,disease/Bud Rot,Dataset/Coconut Tree Disease Dataset/Bud Rot/BudRot071.jpg,,,,,,disease-class=4_crown_disease
BudRot072,disease/Bud Rot,Dataset/Coconut Tree Disease Dataset/Bud Rot/BudRot072.jpg,,,,,,disease-class=4_crown_disease
BudRot073,disease/Bud Rot,Dataset/Coconut Tree Disease Dataset/Bud Rot/BudRot073.jpg,,,,,,disease-class=4_crown_disease
BudRot074,disease/Bud Rot,Dataset/Coconut Tree Disease Dataset/Bud Rot/BudRot074.jpg,,,,,,disease-class=4_crown_disease
BudRot075,disease/Bud Rot,Dataset/Coconut Tree Disease Dataset/Bud Rot/BudRot075.jpg,,,,,,disease-class=4_crown_disease
BudRot076,disease/Bud Rot,Dataset/Coconut Tree Disease Dataset/Bud Rot/BudRot076.jpg,,,,,,disease-class=4_crown_disease
BudRot077,disease/Bud Rot,Dataset/Coconut Tree Disease Dataset/Bud Rot/BudRot077.jpg,,,,,,disease-class=4_crown_disease
BudRot078,disease/Bud Rot,Dataset/Coconut Tree Disease Dataset/Bud Rot/BudRot078.jpg,,,,,,disease-class=4_crown_disease
BudRot079,disease/Bud Rot,Dataset/Coconut Tree Disease Dataset/Bud Rot/BudRot079.jpg,,,,,,disease-class=4_crown_disease
BudRot080,disease/Bud Rot,Dataset/Coconut Tree Disease Dataset/Bud Rot/BudRot080.jpg,,,,,,disease-class=4_crown_disease
BudRot081,disease/Bud Rot,Dataset/Coconut Tree Disease Dataset/Bud Rot/BudRot081.jpg,,,,,,disease-class=4_crown_disease
BudRot082,disease/Bud Rot,Dataset/Coconut Tree Disease Dataset/Bud Rot/BudRot082.jpg,,,,,,disease-class=4_crown_disease
BudRot083,disease/Bud Rot,Dataset/Coconut Tree Disease Dataset/Bud Rot/BudRot083.jpg,,,,,,disease-class=4_crown_disease
BudRot084,disease/Bud Rot,Dataset/Coconut Tree Disease Dataset/Bud Rot/BudRot084.jpg,,,,,,disease-class=4_crown_disease
BudRot085,disease/Bud Rot,Dataset/Coconut Tree Disease Dataset/Bud Rot/BudRot085.jpg,,,,,,disease-class=4_crown_disease
BudRot086,disease/Bud Rot,Dataset/Coconut Tree Disease Dataset/Bud Rot/BudRot086.jpg,,,,,,disease-class=4_crown_disease
BudRot087,disease/Bud Rot,Dataset/Coconut Tree Disease Dataset/Bud Rot/BudRot087.jpg,,,,,,disease-class=4_crown_disease
BudRot088,disease/Bud Rot,Dataset/Coconut Tree Disease Dataset/Bud Rot/BudRot088.jpg,,,,,,disease-class=4_crown_disease
BudRot089,disease/Bud Rot,Dataset/Coconut Tree Disease Dataset/Bud Rot/BudRot089.jpg,,,,,,disease-class=4_crown_disease
BudRot090,disease/Bud Rot,Dataset/Coconut Tree Disease Dataset/Bud Rot/BudRot090.jpg,,,,,,disease-class=4_crown_disease
BudRot091,disease/Bud Rot,Dataset/Coconut Tree Disease Dataset/Bud Rot/BudRot091.jpg,,,,,,disease-class=4_crown_disease
BudRot092,disease/Bud Rot,Dataset/Coconut Tree Disease Dataset/Bud Rot/BudRot092.jpg,,,,,,disease-class=4_crown_disease
BudRot093,disease/Bud Rot,Dataset/Coconut Tree Disease Dataset/Bud Rot/BudRot093.jpg,,,,,,disease-class=4_crown_disease
BudRot094,disease/Bud Rot,Dataset/Coconut Tree Disease Dataset/Bud Rot/BudRot094.jpg,,,,,,disease-class=4_crown_disease
BudRot095,disease/Bud Rot,Dataset/Coconut Tree Disease Dataset/Bud Rot/BudRot095.jpg,,,,,,disease-class=4_crown_disease
BudRot096,disease/Bud Rot,Dataset/Coconut Tree Disease Dataset/Bud Rot/BudRot096.jpg,,,,,,disease-class=4_crown_disease
BudRot097,disease/Bud Rot,Dataset/Coconut Tree Disease Dataset/Bud Rot/BudRot097.jpg,,,,,,disease-class=4_crown_disease
BudRot098,disease/Bud Rot,Dataset/Coconut Tree Disease Dataset/Bud Rot/BudRot098.jpg,,,,,,disease-class=4_crown_disease
BudRot099,disease/Bud Rot,Dataset/Coconut Tree Disease Dataset/Bud Rot/BudRot099.jpg,,,,,,disease-class=4_crown_disease
BudRot100,disease/Bud Rot,Dataset/Coconut Tree Disease Dataset/Bud Rot/BudRot100.jpg,,,,,,disease-class=4_crown_disease
BudRot101,disease/Bud Rot,Dataset/Coconut Tree Disease Dataset/Bud Rot/BudRot101.jpg,,,,,,disease-class=4_crown_disease
BudRot102,disease/Bud Rot,Dataset/Coconut Tree Disease Dataset/Bud Rot/BudRot102.jpg,,,,,,disease-class=4_crown_disease
BudRot103,disease/Bud Rot,Dataset/Coconut Tree Disease Dataset/Bud Rot/BudRot103.jpg,,,,,,disease-class=4_crown_disease
BudRot104,disease/Bud Rot,Dataset/Coconut Tree Disease Dataset/Bud Rot/BudRot104.jpg,,,,,,disease-class=4_crown_disease
BudRot105,disease/Bud Rot,Dataset/Coconut Tree Disease Dataset/Bud Rot/BudRot105.jpg,,,,,,disease-class=4_crown_disease
BudRot106,disease/Bud Rot,Dataset/Coconut Tree Disease Dataset/Bud Rot/BudRot106.jpg,,,,,,disease-class=4_crown_disease
BudRot107,disease/Bud Rot,Dataset/Coconut Tree Disease Dataset/Bud Rot/BudRot107.jpg,,,,,,disease-class=4_crown_disease
BudRot108,disease/Bud Rot,Dataset/Coconut Tree Disease Dataset/Bud Rot/BudRot108.jpg,,,,,,disease-class=4_crown_disease
BudRot109,disease/Bud Rot,Dataset/Coconut Tree Disease Dataset/Bud Rot/BudRot109.jpg,,,,,,disease-class=4_crown_disease
BudRot110,disease/Bud Rot,Dataset/Coconut Tree Disease Dataset/Bud Rot/BudRot110.jpg,,,,,,disease-class=4_crown_disease
BudRot111,disease/Bud Rot,Dataset/Coconut Tree Disease Dataset/Bud Rot/BudRot111.jpg,,,,,,disease-class=4_crown_disease
BudRot112,disease/Bud Rot,Dataset/Coconut Tree Disease Dataset/Bud Rot/BudRot112.jpg,,,,,,disease-class=4_crown_disease
BudRot113,disease/Bud Rot,Dataset/Coconut Tree Disease Dataset/Bud Rot/BudRot113.jpg,,,,,,disease-class=4_crown_disease
BudRot114,disease/Bud Rot,Dataset/Coconut Tree Disease Dataset/Bud Rot/BudRot114.jpg,,,,,,disease-class=4_crown_disease
BudRot115,disease/Bud Rot,Dataset/Coconut Tree Disease Dataset/Bud Rot/BudRot115.jpg,,,,,,disease-class=4_crown_disease
BudRot116,disease/Bud Rot,Dataset/Coconut Tree Disease Dataset/Bud Rot/BudRot116.jpg,,,,,,disease-class=4_crown_disease
BudRot117,disease/Bud Rot,Dataset/Coconut Tree Disease Dataset/Bud Rot/BudRot117.jpg,,,,,,disease-class=4_crown_disease
BudRot118,disease/Bud Rot,Dataset/Coconut Tree Disease Dataset/Bud Rot/BudRot118.jpg,,,,,,disease-class=4_crown_disease
BudRot119,disease/Bud Rot,Dataset/Coconut Tree Disease Dataset/Bud Rot/BudRot119.jpg,,,,,,disease-class=4_crown_disease
BudRot120,disease/Bud Rot,Dataset/Coconut Tree Disease Dataset/Bud Rot/BudRot120.jpg,,,,,,disease-class=4_crown_disease
BudRot121,disease/Bud Rot,Dataset/Coconut Tree Disease Dataset/Bud Rot/BudRot121.jpg,,,,,,disease-class=4_crown_disease
BudRot122,disease/Bud Rot,Dataset/Coconut Tree Disease Dataset/Bud Rot/BudRot122.jpg,,,,,,disease-class=4_crown_disease
BudRot123,disease/Bud Rot,Dataset/Coconut Tree Disease Dataset/Bud Rot/BudRot123.jpg,,,,,,disease-class=4_crown_disease
BudRot124,disease/Bud Rot,Dataset/Coconut Tree Disease Dataset/Bud Rot/BudRot124.jpg,,,,,,disease-class=4_crown_disease
BudRot125,disease/Bud Rot,Dataset/Coconut Tree Disease Dataset/Bud Rot/BudRot125.jpg,,,,,,disease-class=4_crown_disease
BudRot126,disease/Bud Rot,Dataset/Coconut Tree Disease Dataset/Bud Rot/BudRot126.jpg,,,,,,disease-class=4_crown_disease
BudRot127,disease/Bud Rot,Dataset/Coconut Tree Disease Dataset/Bud Rot/BudRot127.jpg,,,,,,disease-class=4_crown_disease
BudRot128,disease/Bud Rot,Dataset/Coconut Tree Disease Dataset/Bud Rot/BudRot128.jpg,,,,,,disease-class=4_crown_disease
BudRot129,disease/Bud Rot,Dataset/Coconut Tree Disease Dataset/Bud Rot/BudRot129.jpg,,,,,,disease-class=4_crown_disease
BudRot130,disease/Bud Rot,Dataset/Coconut Tree Disease Dataset/Bud Rot/BudRot130.jpg,,,,,,disease-class=4_crown_disease
BudRot131,disease/Bud Rot,Dataset/Coconut Tree Disease Dataset/Bud Rot/BudRot131.jpg,,,,,,disease-class=4_crown_disease
BudRot132,disease/Bud Rot,Dataset/Coconut Tree Disease Dataset/Bud Rot/BudRot132.jpg,,,,,,disease-class=4_crown_disease
BudRot133,disease/Bud Rot,Dataset/Coconut Tree Disease Dataset/Bud Rot/BudRot133.jpg,,,,,,disease-class=4_crown_disease
BudRot134,disease/Bud Rot,Dataset/Coconut Tree Disease Dataset/Bud Rot/BudRot134.jpg,,,,,,disease-class=4_crown_disease
BudRot135,disease/Bud Rot,Dataset/Coconut Tree Disease Dataset/Bud Rot/BudRot135.jpg,,,,,,disease-class=4_crown_disease
BudRot136,disease/Bud Rot,Dataset/Coconut Tree Disease Dataset/Bud Rot/BudRot136.jpg,,,,,,disease-class=4_crown_disease
BudRot137,disease/Bud Rot,Dataset/Coconut Tree Disease Dataset/Bud Rot/BudRot137.jpg,,,,,,disease-class=4_crown_disease
BudRot138,disease/Bud Rot,Dataset/Coconut Tree Disease Dataset/Bud Rot/BudRot138.jpg,,,,,,disease-class=4_crown_disease
BudRot139,disease/Bud Rot,Dataset/Coconut Tree Disease Dataset/Bud Rot/BudRot139.jpg,,,,,,disease-class=4_crown_disease
BudRot140,disease/Bud Rot,Dataset/Coconut Tree Disease Dataset/Bud Rot/BudRot140.jpg,,,,,,disease-class=4_crown_disease
BudRot141,disease/Bud Rot,Dataset/Coconut Tree Disease Dataset/Bud Rot/BudRot141.jpg,,,,,,disease-class=4_crown_disease
BudRot142,disease/Bud Rot,Dataset/Coconut Tree Disease Dataset/Bud Rot/BudRot142.jpg,,,,,,disease-class=4_crown_disease
BudRot143,disease/Bud Rot,Dataset/Coconut Tree Disease Dataset/Bud Rot/BudRot143.jpg,,,,,,disease-class=4_crown_disease
BudRot144,disease/Bud Rot,Dataset/Coconut Tree Disease Dataset/Bud Rot/BudRot144.jpg,,,,,,disease-class=4_crown_disease
BudRot145,disease/Bud Rot,Dataset/Coconut Tree Disease Dataset/Bud Rot/BudRot145.jpg,,,,,,disease-class=4_crown_disease
BudRot146,disease/Bud Rot,Dataset/Coconut Tree Disease Dataset/Bud Rot/BudRot146.jpg,,,,,,disease-class=4_crown_disease
BudRot147,disease/Bud Rot,Dataset/Coconut Tree Disease Dataset/Bud Rot/BudRot147.jpg,,,,,,disease-class=4_crown_disease
BudRot148,disease/Bud Rot,Dataset/Coconut Tree Disease Dataset/Bud Rot/BudRot148.jpg,,,,,,disease-class=4_crown_disease
BudRot149,disease/Bud Rot,Dataset/Coconut Tree Disease Dataset/Bud Rot/BudRot149.jpg,,,,,,disease-class=4_crown_disease
BudRot150,disease/Bud Rot,Dataset/Coconut Tree Disease Dataset/Bud Rot/BudRot150.jpg,,,,,,disease-class=4_crown_disease
BudRot151,disease/Bud Rot,Dataset/Coconut Tree Disease Dataset/Bud Rot/BudRot151.jpg,,,,,,disease-class=4_crown_disease
BudRot152,disease/Bud Rot,Dataset/Coconut Tree Disease Dataset/Bud Rot/BudRot152.jpg,,,,,,disease-class=4_crown_disease
BudRot153,disease/Bud Rot,Dataset/Coconut Tree Disease Dataset/Bud Rot/BudRot153.jpg,,,,,,disease-class=4_crown_disease
BudRot154,disease/Bud Rot,Dataset/Coconut Tree Disease Dataset/Bud Rot/BudRot154.jpg,,,,,,disease-class=4_crown_disease
BudRot155,disease/Bud Rot,Dataset/Coconut Tree Disease Dataset/Bud Rot/BudRot155.jpg,,,,,,disease-class=4_crown_disease
BudRot156,disease/Bud Rot,Dataset/Coconut Tree Disease Dataset/Bud Rot/BudRot156.jpg,,,,,,disease-class=4_crown_disease
BudRot157,disease/Bud Rot,Dataset/Coconut Tree Disease Dataset/Bud Rot/BudRot157.jpg,,,,,,disease-class=4_crown_disease
BudRot158,disease/Bud Rot,Dataset/Coconut Tree Disease Dataset/Bud Rot/BudRot158.jpg,,,,,,disease-class=4_crown_disease
BudRot159,disease/Bud Rot,Dataset/Coconut Tree Disease Dataset/Bud Rot/BudRot159.jpg,,,,,,disease-class=4_crown_disease
BudRot160,disease/Bud Rot,Dataset/Coconut Tree Disease Dataset/Bud Rot/BudRot160.jpg,,,,,,disease-class=4_crown_disease
BudRot161,disease/Bud Rot,Dataset/Coconut Tree Disease Dataset/Bud Rot/BudRot161.jpg,,,,,,disease-class=4_crown_disease
BudRot162,disease/Bud Rot,Dataset/Coconut Tree Disease Dataset/Bud Rot/BudRot162.jpg,,,,,,disease-class=4_crown_disease
BudRot163,disease/Bud Rot,Dataset/Coconut Tree Disease Dataset/Bud Rot/BudRot163.jpg,,,,,,disease-class=4_crown_disease
BudRot164,disease/Bud Rot,Dataset/Coconut Tree Disease Dataset/Bud Rot/BudRot164.jpg,,,,,,disease-class=4_crown_disease
BudRot165,disease/Bud Rot,Dataset/Coconut Tree Disease Dataset/Bud Rot/BudRot165.jpg,,,,,,disease-class=4_crown_disease
BudRot166,disease/Bud Rot,Dataset/Coconut Tree Disease Dataset/Bud Rot/BudRot166.jpg,,,,,,disease-class=4_crown_disease
BudRot167,disease/Bud Rot,Dataset/Coconut Tree Disease Dataset/Bud Rot/BudRot167.jpg,,,,,,disease-class=4_crown_disease
BudRot168,disease/Bud Rot,Dataset/Coconut Tree Disease Dataset/Bud Rot/BudRot168.jpg,,,,,,disease-class=4_crown_disease
BudRot169,disease/Bud Rot,Dataset/Coconut Tree Disease Dataset/Bud Rot/BudRot169.jpg,,,,,,disease-class=4_crown_disease
BudRot170,disease/Bud Rot,Dataset/Coconut Tree Disease Dataset/Bud Rot/BudRot170.jpg,,,,,,disease-class=4_crown_disease
BudRot171,disease/Bud Rot,Dataset/Coconut Tree Disease Dataset/Bud Rot/BudRot171.jpg,,,,,,disease-class=4_crown_disease
BudRot172,disease/Bud Rot,Dataset/Coconut Tree Disease Dataset/Bud Rot/BudRot172.jpg,,,,,,disease-class=4_crown_disease
BudRot173,disease/Bud Rot,Dataset/Coconut Tree Disease Dataset/Bud Rot/BudRot173.jpg,,,,,,disease-class=4_crown_disease
BudRot174,disease/Bud Rot,Dataset/Coconut Tree Disease Dataset/Bud Rot/BudRot174.jpg,,,,,,disease-class=4_crown_disease
BudRot175,disease/Bud Rot,Dataset/Coconut Tree Disease Dataset/Bud Rot/BudRot175.jpg,,,,,,disease-class=4_crown_disease
BudRot176,disease/Bud Rot,Dataset/Coconut Tree Disease Dataset/Bud Rot/BudRot176.jpg,,,,,,disease-class=4_crown_disease
BudRot177,disease/Bud Rot,Dataset/Coconut Tree Disease Dataset/Bud Rot/BudRot177.jpg,,,,,,disease-class=4_crown_disease
BudRot178,disease/Bud Rot,Dataset/Coconut Tree Disease Dataset/Bud Rot/BudRot178.jpg,,,,,,disease-class=4_crown_disease
BudRot179,disease/Bud Rot,Dataset/Coconut Tree Disease Dataset/Bud Rot/BudRot179.jpg,,,,,,disease-class=4_crown_disease
BudRot180,disease/Bud Rot,Dataset/Coconut Tree Disease Dataset/Bud Rot/BudRot180.jpg,,,,,,disease-class=4_crown_disease
BudRot181,disease/Bud Rot,Dataset/Coconut Tree Disease Dataset/Bud Rot/BudRot181.jpg,,,,,,disease-class=4_crown_disease
BudRot182,disease/Bud Rot,Dataset/Coconut Tree Disease Dataset/Bud Rot/BudRot182.jpg,,,,,,disease-class=4_crown_disease
BudRot183,disease/Bud Rot,Dataset/Coconut Tree Disease Dataset/Bud Rot/BudRot183.jpg,,,,,,disease-class=4_crown_disease
BudRot184,disease/Bud Rot,Dataset/Coconut Tree Disease Dataset/Bud Rot/BudRot184.jpg,,,,,,disease-class=4_crown_disease
BudRot185,disease/Bud Rot,Dataset/Coconut Tree Disease Dataset/Bud Rot/BudRot185.jpg,,,,,,disease-class=4_crown_disease
BudRot186,disease/Bud Rot,Dataset/Coconut Tree Disease Dataset/Bud Rot/BudRot186.jpg,,,,,,disease-class=4_crown_disease
BudRot187,disease/Bud Rot,Dataset/Coconut Tree Disease Dataset/Bud Rot/BudRot187.jpg,,,,,,disease-class=4_crown_disease
BudRot188,disease/Bud Rot,Dataset/Coconut Tree Disease Dataset/Bud Rot/BudRot188.jpg,,,,,,disease-class=4_crown_disease
BudRot189,disease/Bud Rot,Dataset/Coconut Tree Disease Dataset/Bud Rot/BudRot189.jpg,,,,,,disease-class=4_crown_disease
BudRot190,disease/Bud Rot,Dataset/Coconut Tree Disease Dataset/Bud Rot/BudRot190.jpg,,,,,,disease-class=4_crown_disease
BudRot191,disease/Bud Rot,Dataset/Coconut Tree Disease Dataset/Bud Rot/BudRot191.jpg,,,,,,disease-class=4_crown_disease
BudRot192,disease/Bud Rot,Dataset/Coconut Tree Disease Dataset/Bud Rot/BudRot192.jpg,,,,,,disease-class=4_crown_disease
BudRot193,disease/Bud Rot,Dataset/Coconut Tree Disease Dataset/Bud Rot/BudRot193.jpg,,,,,,disease-class=4_crown_disease
BudRot194,disease/Bud Rot,Dataset/Coconut Tree Disease Dataset/Bud Rot/BudRot194.jpg,,,,,,disease-class=4_crown_disease
BudRot195,disease/Bud Rot,Dataset/Coconut Tree Disease Dataset/Bud Rot/BudRot195.jpg,,,,,,disease-class=4_crown_disease
BudRot196,disease/Bud Rot,Dataset/Coconut Tree Disease Dataset/Bud Rot/BudRot196.jpg,,,,,,disease-class=4_crown_disease
BudRot197,disease/Bud Rot,Dataset/Coconut Tree Disease Dataset/Bud Rot/BudRot197.jpg,,,,,,disease-class=4_crown_disease
BudRot198,disease/Bud Rot,Dataset/Coconut Tree Disease Dataset/Bud Rot/BudRot198.jpg,,,,,,disease-class=4_crown_disease
BudRot199,disease/Bud Rot,Dataset/Coconut Tree Disease Dataset/Bud Rot/BudRot199.jpg,,,,,,disease-class=4_crown_disease
BudRot200,disease/Bud Rot,Dataset/Coconut Tree Disease Dataset/Bud Rot/BudRot200.jpg,,,,,,disease-class=4_crown_disease
BudRot201,disease/Bud Rot,Dataset/Coconut Tree Disease Dataset/Bud Rot/BudRot201.jpg,,,,,,disease-class=4_crown_disease
BudRot202,disease/Bud Rot,Dataset/Coconut Tree Disease Dataset/Bud Rot/BudRot202.jpg,,,,,,disease-class=4_crown_disease
BudRot203,disease/Bud Rot,Dataset/Coconut Tree Disease Dataset/Bud Rot/BudRot203.jpg,,,,,,disease-class=4_crown_disease
BudRot204,disease/Bud Rot,Dataset/Coconut Tree Disease Dataset/Bud Rot/BudRot204.jpg,,,,,,disease-class=4_crown_disease
BudRot205,disease/Bud Rot,Dataset/Coconut Tree Disease Dataset/Bud Rot/BudRot205.jpg,,,,,,disease-class=4_crown_disease
BudRot206,disease/Bud Rot,Dataset/Coconut Tree Disease Dataset/Bud Rot/BudRot206.jpg,,,,,,disease-class=4_crown_disease
BudRot207,disease/Bud Rot,Dataset/Coconut Tree Disease Dataset/Bud Rot/BudRot207.jpg,,,,,,disease-class=4_crown_disease
BudRot208,disease/Bud Rot,Dataset/Coconut Tree Disease Dataset/Bud Rot/BudRot208.jpg,,,,,,disease-class=4_crown_disease
BudRot209,disease/Bud Rot,Dataset/Coconut Tree Disease Dataset/Bud Rot/BudRot209.jpg,,,,,,disease-class=4_crown_disease
BudRot210,disease/Bud Rot,Dataset/Coconut Tree Disease Dataset/Bud Rot/BudRot210.jpg,,,,,,disease-class=4_crown_disease
BudRot211,disease/Bud Rot,Dataset/Coconut Tree Disease Dataset/Bud Rot/BudRot211.jpg,,,,,,disease-class=4_crown_disease
BudRot212,disease/Bud Rot,Dataset/Coconut Tree Disease Dataset/Bud Rot/BudRot212.jpg,,,,,,disease-class=4_crown_disease
BudRot213,disease/Bud Rot,Dataset/Coconut Tree Disease Dataset/Bud Rot/BudRot213.jpg,,,,,,disease-class=4_crown_disease
BudRot214,disease/Bud Rot,Dataset/Coconut Tree Disease Dataset/Bud Rot/BudRot214.jpg,,,,,,disease-class=4_crown_disease
BudRot215,disease/Bud Rot,Dataset/Coconut Tree Disease Dataset/Bud Rot/BudRot215.jpg,,,,,,disease-class=4_crown_disease
BudRot216,disease/Bud Rot,Dataset/Coconut Tree Disease Dataset/Bud Rot/BudRot216.jpg,,,,,,disease-class=4_crown_disease
BudRot217,disease/Bud Rot,Dataset/Coconut Tree Disease Dataset/Bud Rot/BudRot217.jpg,,,,,,disease-class=4_crown_disease
BudRot218,disease/Bud Rot,Dataset/Coconut Tree Disease Dataset/Bud Rot/BudRot218.jpg,,,,,,disease-class=4_crown_disease
BudRot219,disease/Bud Rot,Dataset/Coconut Tree Disease Dataset/Bud Rot/BudRot219.jpg,,,,,,disease-class=4_crown_disease
BudRot220,disease/Bud Rot,Dataset/Coconut Tree Disease Dataset/Bud Rot/BudRot220.jpg,,,,,,disease-class=4_crown_disease
BudRot221,disease/Bud Rot,Dataset/Coconut Tree Disease Dataset/Bud Rot/BudRot221.jpg,,,,,,disease-class=4_crown_disease
BudRot222,disease/Bud Rot,Dataset/Coconut Tree Disease Dataset/Bud Rot/BudRot222.jpg,,,,,,disease-class=4_crown_disease
BudRot223,disease/Bud Rot,Dataset/Coconut Tree Disease Dataset/Bud Rot/BudRot223.jpg,,,,,,disease-class=4_crown_disease
BudRot224,disease/Bud Rot,Dataset/Coconut Tree Disease Dataset/Bud Rot/BudRot224.jpg,,,,,,disease-class=4_crown_disease
BudRot225,disease/Bud Rot,Dataset/Coconut Tree Disease Dataset/Bud Rot/BudRot225.jpg,,,,,,disease-class=4_crown_disease
BudRot226,disease/Bud Rot,Dataset/Coconut Tree Disease Dataset/Bud Rot/BudRot226.jpg,,,,,,disease-class=4_crown_disease
BudRot227,disease/Bud Rot,Dataset/Coconut Tree Disease Dataset/Bud Rot/BudRot227.jpg,,,,,,disease-class=4_crown_disease
BudRot228,disease/Bud Rot,Dataset/Coconut Tree Disease Dataset/Bud Rot/BudRot228.jpg,,,,,,disease-class=4_crown_disease
BudRot229,disease/Bud Rot,Dataset/Coconut Tree Disease Dataset/Bud Rot/BudRot229.jpg,,,,,,disease-class=4_crown_disease
BudRot230,disease/Bud Rot,Dataset/Coconut Tree Disease Dataset/Bud Rot/BudRot230.jpg,,,,,,disease-class=4_crown_disease
BudRot231,disease/Bud Rot,Dataset/Coconut Tree Disease Dataset/Bud Rot/BudRot231.jpg,,,,,,disease-class=4_crown_disease
BudRot232,disease/Bud Rot,Dataset/Coconut Tree Disease Dataset/Bud Rot/BudRot232.jpg,,,,,,disease-class=4_crown_disease
BudRot233,disease/Bud Rot,Dataset/Coconut Tree Disease Dataset/Bud Rot/BudRot233.jpg,,,,,,disease-class=4_crown_disease
BudRot234,disease/Bud Rot,Dataset/Coconut Tree Disease Dataset/Bud Rot/BudRot234.jpg,,,,,,disease-class=4_crown_disease
BudRot235,disease/Bud Rot,Dataset/Coconut Tree Disease Dataset/Bud Rot/BudRot235.jpg,,,,,,disease-class=4_crown_disease
BudRot236,disease/Bud Rot,Dataset/Coconut Tree Disease Dataset/Bud Rot/BudRot236.jpg,,,,,,disease-class=4_crown_disease
BudRot237,disease/Bud Rot,Dataset/Coconut Tree Disease Dataset/Bud Rot/BudRot237.jpg,,,,,,disease-class=4_crown_disease
BudRot238,disease/Bud Rot,Dataset/Coconut Tree Disease Dataset/Bud Rot/BudRot238.jpg,,,,,,disease-class=4_crown_disease
BudRot239,disease/Bud Rot,Dataset/Coconut Tree Disease Dataset/Bud Rot/BudRot239.jpg,,,,,,disease-class=4_crown_disease
BudRot240,disease/Bud Rot,Dataset/Coconut Tree Disease Dataset/Bud Rot/BudRot240.jpg,,,,,,disease-class=4_crown_disease
BudRot241,disease/Bud Rot,Dataset/Coconut Tree Disease Dataset/Bud Rot/BudRot241.jpg,,,,,,disease-class=4_crown_disease
BudRot242,disease/Bud Rot,Dataset/Coconut Tree Disease Dataset/Bud Rot/BudRot242.jpg,,,,,,disease-class=4_crown_disease
BudRot243,disease/Bud Rot,Dataset/Coconut Tree Disease Dataset/Bud Rot/BudRot243.jpg,,,,,,disease-class=4_crown_disease
BudRot244,disease/Bud Rot,Dataset/Coconut Tree Disease Dataset/Bud Rot/BudRot244.jpg,,,,,,disease-class=4_crown_disease
BudRot245,disease/Bud Rot,Dataset/Coconut Tree Disease Dataset/Bud Rot/BudRot245.jpg,,,,,,disease-class=4_crown_disease
BudRot246,disease/Bud Rot,Dataset/Coconut Tree Disease Dataset/Bud Rot/BudRot246.jpg,,,,,,disease-class=4_crown_disease
BudRot247,disease/Bud Rot,Dataset/Coconut Tree Disease Dataset/Bud Rot/BudRot247.jpg,,,,,,disease-class=4_crown_disease
BudRot248,disease/Bud Rot,Dataset/Coconut Tree Disease Dataset/Bud Rot/BudRot248.jpg,,,,,,disease-class=4_crown_disease
BudRot249,disease/Bud Rot,Dataset/Coconut Tree Disease Dataset/Bud Rot/BudRot249.jpg,,,,,,disease-class=4_crown_disease
BudRot250,disease/Bud Rot,Dataset/Coconut Tree Disease Dataset/Bud Rot/BudRot250.jpg,,,,,,disease-class=4_crown_disease
BudRot251,disease/Bud Rot,Dataset/Coconut Tree Disease Dataset/Bud Rot/BudRot251.jpg,,,,,,disease-class=4_crown_disease
BudRot252,disease/Bud Rot,Dataset/Coconut Tree Disease Dataset/Bud Rot/BudRot252.jpg,,,,,,disease-class=4_crown_disease
BudRot253,disease/Bud Rot,Dataset/Coconut Tree Disease Dataset/Bud Rot/BudRot253.jpg,,,,,,disease-class=4_crown_disease
BudRot254,disease/Bud Rot,Dataset/Coconut Tree Disease Dataset/Bud Rot/BudRot254.jpg,,,,,,disease-class=4_crown_disease
BudRot255,disease/Bud Rot,Dataset/Coconut Tree Disease Dataset/Bud Rot/BudRot255.jpg,,,,,,disease-class=4_crown_disease
BudRot256,disease/Bud Rot,Dataset/Coconut Tree Disease Dataset/Bud Rot/BudRot256.jpg,,,,,,disease-class=4_crown_disease
BudRot257,disease/Bud Rot,Dataset/Coconut Tree Disease Dataset/Bud Rot/BudRot257.jpg,,,,,,disease-class=4_crown_disease
BudRot258,disease/Bud Rot,Dataset/Coconut Tree Disease Dataset/Bud Rot/BudRot258.jpg,,,,,,disease-class=4_crown_disease
BudRot259,disease/Bud Rot,Dataset/Coconut Tree Disease Dataset/Bud Rot/BudRot259.jpg,,,,,,disease-class=4_crown_disease
BudRot260,disease/Bud Rot,Dataset/Coconut Tree Disease Dataset/Bud Rot/BudRot260.jpg,,,,,,disease-class=4_crown_disease
BudRot261,disease/Bud Rot,Dataset/Coconut Tree Disease Dataset/Bud Rot/BudRot261.jpg,,,,,,disease-class=4_crown_disease
BudRot262,disease/Bud Rot,Dataset/Coconut Tree Disease Dataset/Bud Rot/BudRot262.jpg,,,,,,disease-class=4_crown_disease
BudRot263,disease/Bud Rot,Dataset/Coconut Tree Disease Dataset/Bud Rot/BudRot263.jpg,,,,,,disease-class=4_crown_disease
BudRot264,disease/Bud Rot,Dataset/Coconut Tree Disease Dataset/Bud Rot/BudRot264.jpg,,,,,,disease-class=4_crown_disease
BudRot265,disease/Bud Rot,Dataset/Coconut Tree Disease Dataset/Bud Rot/BudRot265.jpg,,,,,,disease-class=4_crown_disease
BudRot266,disease/Bud Rot,Dataset/Coconut Tree Disease Dataset/Bud Rot/BudRot266.jpg,,,,,,disease-class=4_crown_disease
BudRot267,disease/Bud Rot,Dataset/Coconut Tree Disease Dataset/Bud Rot/BudRot267.jpg,,,,,,disease-class=4_crown_disease
BudRot268,disease/Bud Rot,Dataset/Coconut Tree Disease Dataset/Bud Rot/BudRot268.jpg,,,,,,disease-class=4_crown_disease
BudRot269,disease/Bud Rot,Dataset/Coconut Tree Disease Dataset/Bud Rot/BudRot269.jpg,,,,,,disease-class=4_crown_disease
BudRot270,disease/Bud Rot,Dataset/Coconut Tree Disease Dataset/Bud Rot/BudRot270.jpg,,,,,,disease-class=4_crown_disease
BudRot271,disease/Bud Rot,Dataset/Coconut Tree Disease Dataset/Bud Rot/BudRot271.jpg,,,,,,disease-class=4_crown_disease
BudRot272,disease/Bud Rot,Dataset/Coconut Tree Disease Dataset/Bud Rot/BudRot272.jpg,,,,,,disease-class=4_crown_disease
BudRot273,disease/Bud Rot,Dataset/Coconut Tree Disease Dataset/Bud Rot/BudRot273.jpg,,,,,,disease-class=4_crown_disease
BudRot274,disease/Bud Rot,Dataset/Coconut Tree Disease Dataset/Bud Rot/BudRot274.jpg,,,,,,disease-class=4_crown_disease
BudRot275,disease/Bud Rot,Dataset/Coconut Tree Disease Dataset/Bud Rot/BudRot275.jpg,,,,,,disease-class=4_crown_disease
BudRot276,disease/Bud Rot,Dataset/Coconut Tree Disease Dataset/Bud Rot/BudRot276.jpg,,,,,,disease-class=4_crown_disease
BudRot277,disease/Bud Rot,Dataset/Coconut Tree Disease Dataset/Bud Rot/BudRot277.jpg,,,,,,disease-class=4_crown_disease
BudRot278,disease/Bud Rot,Dataset/Coconut Tree Disease Dataset/Bud Rot/BudRot278.jpg,,,,,,disease-class=4_crown_disease
BudRot279,disease/Bud Rot,Dataset/Coconut Tree Disease Dataset/Bud Rot/BudRot279.jpg,,,,,,disease-class=4_crown_disease
BudRot280,disease/Bud Rot,Dataset/Coconut Tree Disease Dataset/Bud Rot/BudRot280.jpg,,,,,,disease-class=4_crown_disease
BudRot281,disease/Bud Rot,Dataset/Coconut Tree Disease Dataset/Bud Rot/BudRot281.jpg,,,,,,disease-class=4_crown_disease
BudRot282,disease/Bud Rot,Dataset/Coconut Tree Disease Dataset/Bud Rot/BudRot282.jpg,,,,,,disease-class=4_crown_disease
BudRot283,disease/Bud Rot,Dataset/Coconut Tree Disease Dataset/Bud Rot/BudRot283.jpg,,,,,,disease-class=4_crown_disease
BudRot284,disease/Bud Rot,Dataset/Coconut Tree Disease Dataset/Bud Rot/BudRot284.jpg,,,,,,disease-class=4_crown_disease
BudRot285,disease/Bud Rot,Dataset/Coconut Tree Disease Dataset/Bud Rot/BudRot285.jpg,,,,,,disease-class=4_crown_disease
BudRot286,disease/Bud Rot,Dataset/Coconut Tree Disease Dataset/Bud Rot/BudRot286.jpg,,,,,,disease-class=4_crown_disease
BudRot287,disease/Bud Rot,Dataset/Coconut Tree Disease Dataset/Bud Rot/BudRot287.jpg,,,,,,disease-class=4_crown_disease
BudRot288,disease/Bud Rot,Dataset/Coconut Tree Disease Dataset/Bud Rot/BudRot288.jpg,,,,,,disease-class=4_crown_disease
BudRot289,disease/Bud Rot,Dataset/Coconut Tree Disease Dataset/Bud Rot/BudRot289.jpg,,,,,,disease-class=4_crown_disease
BudRot290,disease/Bud Rot,Dataset/Coconut Tree Disease Dataset/Bud Rot/BudRot290.jpg,,,,,,disease-class=4_crown_disease
BudRot291,disease/Bud Rot,Dataset/Coconut Tree Disease Dataset/Bud Rot/BudRot291.jpg,,,,,,disease-class=4_crown_disease
BudRot292,disease/Bud Rot,Dataset/Coconut Tree Disease Dataset/Bud Rot/BudRot292.jpg,,,,,,disease-class=4_crown_disease
BudRot293,disease/Bud Rot,Dataset/Coconut Tree Disease Dataset/Bud Rot/BudRot293.jpg,,,,,,disease-class=4_crown_disease
BudRot294,disease/Bud Rot,Dataset/Coconut Tree Disease Dataset/Bud Rot/BudRot294.jpg,,,,,,disease-class=4_crown_disease
BudRot295,disease/Bud Rot,Dataset/Coconut Tree Disease Dataset/Bud Rot/BudRot295.jpg,,,,,,disease-class=4_crown_disease
BudRot296,disease/Bud Rot,Dataset/Coconut Tree Disease Dataset/Bud Rot/BudRot296.jpg,,,,,,disease-class=4_crown_disease
BudRot297,disease/Bud Rot,Dataset/Coconut Tree Disease Dataset/Bud Rot/BudRot297.jpg,,,,,,disease-class=4_crown_disease
BudRot298,disease/Bud Rot,Dataset/Coconut Tree Disease Dataset/Bud Rot/BudRot298.jpg,,,,,,disease-class=4_crown_disease
BudRot299,disease/Bud Rot,Dataset/Coconut Tree Disease Dataset/Bud Rot/BudRot299.jpg,,,,,,disease-class=4_crown_disease
BudRot300,disease/Bud Rot,Dataset/Coconut Tree Disease Dataset/Bud Rot/BudRot300.jpg,,,,,,disease-class=4_crown_disease
BudRot301,disease/Bud Rot,Dataset/Coconut Tree Disease Dataset/Bud Rot/BudRot301.jpg,,,,,,disease-class=4_crown_disease
BudRot302,disease/Bud Rot,Dataset/Coconut Tree Disease Dataset/Bud Rot/BudRot302.jpg,,,,,,disease-class=4_crown_disease
BudRot303,disease/Bud Rot,Dataset/Coconut Tree Disease Dataset/Bud Rot/BudRot303.jpg,,,,,,disease-class=4_crown_disease
BudRot304,disease/Bud Rot,Dataset/Coconut Tree Disease Dataset/Bud Rot/BudRot304.jpg,,,,,,disease-class=4_crown_disease
BudRot305,disease/Bud Rot,Dataset/Coconut Tree Disease Dataset/Bud Rot/BudRot305.jpg,,,,,,disease-class=4_crown_disease
BudRot306,disease/Bud Rot,Dataset/Coconut Tree Disease Dataset/Bud Rot/BudRot306.jpg,,,,,,disease-class=4_crown_disease
BudRot307,disease/Bud Rot,Dataset/Coconut Tree Disease Dataset/Bud Rot/BudRot307.jpg,,,,,,disease-class=4_crown_disease
BudRot308,disease/Bud Rot,Dataset/Coconut Tree Disease Dataset/Bud Rot/BudRot308.jpg,,,,,,disease-class=4_crown_disease
BudRot309,disease/Bud Rot,Dataset/Coconut Tree Disease Dataset/Bud Rot/BudRot309.jpg,,,,,,disease-class=4_crown_disease
BudRot310,disease/Bud Rot,Dataset/Coconut Tree Disease Dataset/Bud Rot/BudRot310.jpg,,,,,,disease-class=4_crown_disease
BudRot311,disease/Bud Rot,Dataset/Coconut Tree Disease Dataset/Bud Rot/BudRot311.jpg,,,,,,disease-class=4_crown_disease
BudRot312,disease/Bud Rot,Dataset/Coconut Tree Disease Dataset/Bud Rot/BudRot312.jpg,,,,,,disease-class=4_crown_disease
BudRot313,disease/Bud Rot,Dataset/Coconut Tree Disease Dataset/Bud Rot/BudRot313.jpg,,,,,,disease-class=4_crown_disease
BudRot314,disease/Bud Rot,Dataset/Coconut Tree Disease Dataset/Bud Rot/BudRot314.jpg,,,,,,disease-class=4_crown_disease
BudRot315,disease/Bud Rot,Dataset/Coconut Tree Disease Dataset/Bud Rot/BudRot315.jpg,,,,,,disease-class=4_crown_disease
BudRot316,disease/Bud Rot,Dataset/Coconut Tree Disease Dataset/Bud Rot/BudRot316.jpg,,,,,,disease-class=4_crown_disease
BudRot317,disease/Bud Rot,Dataset/Coconut Tree Disease Dataset/Bud Rot/BudRot317.jpg,,,,,,disease-class=4_crown_disease
BudRot318,disease/Bud Rot,Dataset/Coconut Tree Disease Dataset/Bud Rot/BudRot318.jpg,,,,,,disease-class=4_crown_disease
BudRot319,disease/Bud Rot,Dataset/Coconut Tree Disease Dataset/Bud Rot/BudRot319.jpg,,,,,,disease-class=4_crown_disease
BudRot320,disease/Bud Rot,Dataset/Coconut Tree Disease Dataset/Bud Rot/BudRot320.jpg,,,,,,disease-class=4_crown_disease
BudRot321,disease/Bud Rot,Dataset/Coconut Tree Disease Dataset/Bud Rot/BudRot321.jpg,,,,,,disease-class=4_crown_disease
BudRot322,disease/Bud Rot,Dataset/Coconut Tree Disease Dataset/Bud Rot/BudRot322.jpg,,,,,,disease-class=4_crown_disease
BudRot323,disease/Bud Rot,Dataset/Coconut Tree Disease Dataset/Bud Rot/BudRot323.jpg,,,,,,disease-class=4_crown_disease
BudRot324,disease/Bud Rot,Dataset/Coconut Tree Disease Dataset/Bud Rot/BudRot324.jpg,,,,,,disease-class=4_crown_disease
BudRot325,disease/Bud Rot,Dataset/Coconut Tree Disease Dataset/Bud Rot/BudRot325.jpg,,,,,,disease-class=4_crown_disease
BudRot326,disease/Bud Rot,Dataset/Coconut Tree Disease Dataset/Bud Rot/BudRot326.jpg,,,,,,disease-class=4_crown_disease
BudRot327,disease/Bud Rot,Dataset/Coconut Tree Disease Dataset/Bud Rot/BudRot327.jpg,,,,,,disease-class=4_crown_disease
BudRot328,disease/Bud Rot,Dataset/Coconut Tree Disease Dataset/Bud Rot/BudRot328.jpg,,,,,,disease-class=4_crown_disease
BudRot329,disease/Bud Rot,Dataset/Coconut Tree Disease Dataset/Bud Rot/BudRot329.jpg,,,,,,disease-class=4_crown_disease
BudRot330,disease/Bud Rot,Dataset/Coconut Tree Disease Dataset/Bud Rot/BudRot330.jpg,,,,,,disease-class=4_crown_disease
BudRot331,disease/Bud Rot,Dataset/Coconut Tree Disease Dataset/Bud Rot/BudRot331.jpg,,,,,,disease-class=4_crown_disease
BudRot332,disease/Bud Rot,Dataset/Coconut Tree Disease Dataset/Bud Rot/BudRot332.jpg,,,,,,disease-class=4_crown_disease
BudRot333,disease/Bud Rot,Dataset/Coconut Tree Disease Dataset/Bud Rot/BudRot333.jpg,,,,,,disease-class=4_crown_disease
BudRot334,disease/Bud Rot,Dataset/Coconut Tree Disease Dataset/Bud Rot/BudRot334.jpg,,,,,,disease-class=4_crown_disease
BudRot335,disease/Bud Rot,Dataset/Coconut Tree Disease Dataset/Bud Rot/BudRot335.jpg,,,,,,disease-class=4_crown_disease
BudRot336,disease/Bud Rot,Dataset/Coconut Tree Disease Dataset/Bud Rot/BudRot336.jpg,,,,,,disease-class=4_crown_disease
BudRot337,disease/Bud Rot,Dataset/Coconut Tree Disease Dataset/Bud Rot/BudRot337.jpg,,,,,,disease-class=4_crown_disease
BudRot338,disease/Bud Rot,Dataset/Coconut Tree Disease Dataset/Bud Rot/BudRot338.jpg,,,,,,disease-class=4_crown_disease
BudRot339,disease/Bud Rot,Dataset/Coconut Tree Disease Dataset/Bud Rot/BudRot339.jpg,,,,,,disease-class=4_crown_disease
BudRot340,disease/Bud Rot,Dataset/Coconut Tree Disease Dataset/Bud Rot/BudRot340.jpg,,,,,,disease-class=4_crown_disease
BudRot341,disease/Bud Rot,Dataset/Coconut Tree Disease Dataset/Bud Rot/BudRot341.jpg,,,,,,disease-class=4_crown_disease
BudRot342,disease/Bud Rot,Dataset/Coconut Tree Disease Dataset/Bud Rot/BudRot342.jpg,,,,,,disease-class=4_crown_disease
BudRot343,disease/Bud Rot,Dataset/Coconut Tree Disease Dataset/Bud Rot/BudRot343.jpg,,,,,,disease-class=4_crown_disease
BudRot344,disease/Bud Rot,Dataset/Coconut Tree Disease Dataset/Bud Rot/BudRot344.jpg,,,,,,disease-class=4_crown_disease
BudRot345,disease/Bud Rot,Dataset/Coconut Tree Disease Dataset/Bud Rot/BudRot345.jpg,,,,,,disease-class=4_crown_disease
BudRot346,disease/Bud Rot,Dataset/Coconut Tree Disease Dataset/Bud Rot/BudRot346.jpg,,,,,,disease-class=4_crown_disease
BudRot347,disease/Bud Rot,Dataset/Coconut Tree Disease Dataset/Bud Rot/BudRot347.jpg,,,,,,disease-class=4_crown_disease
BudRot348,disease/Bud Rot,Dataset/Coconut Tree Disease Dataset/Bud Rot/BudRot348.jpg,,,,,,disease-class=4_crown_disease
BudRot349,disease/Bud Rot,Dataset/Coconut Tree Disease Dataset/Bud Rot/BudRot349.jpg,,,,,,disease-class=4_crown_disease
BudRot350,disease/Bud Rot,Dataset/Coconut Tree Disease Dataset/Bud Rot/BudRot350.jpg,,,,,,disease-class=4_crown_disease
BudRot351,disease/Bud Rot,Dataset/Coconut Tree Disease Dataset/Bud Rot/BudRot351.jpg,,,,,,disease-class=4_crown_disease
BudRot352,disease/Bud Rot,Dataset/Coconut Tree Disease Dataset/Bud Rot/BudRot352.jpg,,,,,,disease-class=4_crown_disease
BudRot353,disease/Bud Rot,Dataset/Coconut Tree Disease Dataset/Bud Rot/BudRot353.jpg,,,,,,disease-class=4_crown_disease
BudRot354,disease/Bud Rot,Dataset/Coconut Tree Disease Dataset/Bud Rot/BudRot354.jpg,,,,,,disease-class=4_crown_disease
BudRot355,disease/Bud Rot,Dataset/Coconut Tree Disease Dataset/Bud Rot/BudRot355.jpg,,,,,,disease-class=4_crown_disease
BudRot356,disease/Bud Rot,Dataset/Coconut Tree Disease Dataset/Bud Rot/BudRot356.jpg,,,,,,disease-class=4_crown_disease
BudRot357,disease/Bud Rot,Dataset/Coconut Tree Disease Dataset/Bud Rot/BudRot357.jpg,,,,,,disease-class=4_crown_disease
BudRot358,disease/Bud Rot,Dataset/Coconut Tree Disease Dataset/Bud Rot/BudRot358.jpg,,,,,,disease-class=4_crown_disease
BudRot359,disease/Bud Rot,Dataset/Coconut Tree Disease Dataset/Bud Rot/BudRot359.jpg,,,,,,disease-class=4_crown_disease
BudRot360,disease/Bud Rot,Dataset/Coconut Tree Disease Dataset/Bud Rot/BudRot360.jpg,,,,,,disease-class=4_crown_disease
BudRot361,disease/Bud Rot,Dataset/Coconut Tree Disease Dataset/Bud Rot/BudRot361.jpg,,,,,,disease-class=4_crown_disease
BudRot362,disease/Bud Rot,Dataset/Coconut Tree Disease Dataset/Bud Rot/BudRot362.jpg,,,,,,disease-class=4_crown_disease
BudRot363,disease/Bud Rot,Dataset/Coconut Tree Disease Dataset/Bud Rot/BudRot363.jpg,,,,,,disease-class=4_crown_disease
BudRot364,disease/Bud Rot,Dataset/Coconut Tree Disease Dataset/Bud Rot/BudRot364.jpg,,,,,,disease-class=4_crown_disease
BudRot365,disease/Bud Rot,Dataset/Coconut Tree Disease Dataset/Bud Rot/BudRot365.jpg,,,,,,disease-class=4_crown_disease
BudRot366,disease/Bud Rot,Dataset/Coconut Tree Disease Dataset/Bud Rot/BudRot366.jpg,,,,,,disease-class=4_crown_disease
BudRot367,disease/Bud Rot,Dataset/Coconut Tree Disease Dataset/Bud Rot/BudRot367.jpg,,,,,,disease-class=4_crown_disease
BudRot368,disease/Bud Rot,Dataset/Coconut Tree Disease Dataset/Bud Rot/BudRot368.jpg,,,,,,disease-class=4_crown_disease
BudRot369,disease/Bud Rot,Dataset/Coconut Tree Disease Dataset/Bud Rot/BudRot369.jpg,,,,,,disease-class=4_crown_disease
BudRot370,disease/Bud Rot,Dataset/Coconut Tree Disease Dataset/Bud Rot/BudRot370.jpg,,,,,,disease-class=4_crown_disease
BudRot371,disease/Bud Rot,Dataset/Coconut Tree Disease Dataset/Bud Rot/BudRot371.jpg,,,,,,disease-class=4_crown_disease
BudRot372,disease/Bud Rot,Dataset/Coconut Tree Disease Dataset/Bud Rot/BudRot372.jpg,,,,,,disease-class=4_crown_disease
BudRot373,disease/Bud Rot,Dataset/Coconut Tree Disease Dataset/Bud Rot/BudRot373.jpg,,,,,,disease-class=4_crown_disease
BudRot374,disease/Bud Rot,Dataset/Coconut Tree Disease Dataset/Bud Rot/BudRot374.jpg,,,,,,disease-class=4_crown_disease
BudRot375,disease/Bud Rot,Dataset/Coconut Tree Disease Dataset/Bud Rot/BudRot375.jpg,,,,,,disease-class=4_crown_disease
BudRot376,disease/Bud Rot,Dataset/Coconut Tree Disease Dataset/Bud Rot/BudRot376.jpg,,,,,,disease-class=4_crown_disease
BudRot377,disease/Bud Rot,Dataset/Coconut Tree Disease Dataset/Bud Rot/BudRot377.jpg,,,,,,disease-class=4_crown_disease
BudRot378,disease/Bud Rot,Dataset/Coconut Tree Disease Dataset/Bud Rot/BudRot378.jpg,,,,,,disease-class=4_crown_disease
BudRot379,disease/Bud Rot,Dataset/Coconut Tree Disease Dataset/Bud Rot/BudRot379.jpg,,,,,,disease-class=4_crown_disease
BudRot380,disease/Bud Rot,Dataset/Coconut Tree Disease Dataset/Bud Rot/BudRot380.jpg,,,,,,disease-class=4_crown_disease
BudRot381,disease/Bud Rot,Dataset/Coconut Tree Disease Dataset/Bud Rot/BudRot381.jpg,,,,,,disease-class=4_crown_disease
BudRot382,disease/Bud Rot,Dataset/Coconut Tree Disease Dataset/Bud Rot/BudRot382.jpg,,,,,,disease-class=4_crown_disease
BudRot383,disease/Bud Rot,Dataset/Coconut Tree Disease Dataset/Bud Rot/BudRot383.jpg,,,,,,disease-class=4_crown_disease
BudRot384,disease/Bud Rot,Dataset/Coconut Tree Disease Dataset/Bud Rot/BudRot384.jpg,,,,,,disease-class=4_crown_disease
BudRot385,disease/Bud Rot,Dataset/Coconut Tree Disease Dataset/Bud Rot/BudRot385.jpg,,,,,,disease-class=4_crown_disease
BudRot386,disease/Bud Rot,Dataset/Coconut Tree Disease Dataset/Bud Rot/BudRot386.jpg,,,,,,disease-class=4_crown_disease
BudRot387,disease/Bud Rot,Dataset/Coconut Tree Disease Dataset/Bud Rot/BudRot387.jpg,,,,,,disease-class=4_crown_disease
BudRot388,disease/Bud Rot,Dataset/Coconut Tree Disease Dataset/Bud Rot/BudRot388.jpg,,,,,,disease-class=4_crown_disease
BudRot389,disease/Bud Rot,Dataset/Coconut Tree Disease Dataset/Bud Rot/BudRot389.jpg,,,,,,disease-class=4_crown_disease
BudRot390,disease/Bud Rot,Dataset/Coconut Tree Disease Dataset/Bud Rot/BudRot390.jpg,,,,,,disease-class=4_crown_disease
BudRot391,disease/Bud Rot,Dataset/Coconut Tree Disease Dataset/Bud Rot/BudRot391.jpg,,,,,,disease-class=4_crown_disease
BudRot392,disease/Bud Rot,Dataset/Coconut Tree Disease Dataset/Bud Rot/BudRot392.jpg,,,,,,disease-class=4_crown_disease
BudRot393,disease/Bud Rot,Dataset/Coconut Tree Disease Dataset/Bud Rot/BudRot393.jpg,,,,,,disease-class=4_crown_disease
BudRot394,disease/Bud Rot,Dataset/Coconut Tree Disease Dataset/Bud Rot/BudRot394.jpg,,,,,,disease-class=4_crown_disease
BudRot395,disease/Bud Rot,Dataset/Coconut Tree Disease Dataset/Bud Rot/BudRot395.jpg,,,,,,disease-class=4_crown_disease
BudRot396,disease/Bud Rot,Dataset/Coconut Tree Disease Dataset/Bud Rot/BudRot396.jpg,,,,,,disease-class=4_crown_disease
BudRot397,disease/Bud Rot,Dataset/Coconut Tree Disease Dataset/Bud Rot/BudRot397.jpg,,,,,,disease-class=4_crown_disease
BudRot398,disease/Bud Rot,Dataset/Coconut Tree Disease Dataset/Bud Rot/BudRot398.jpg,,,,,,disease-class=4_crown_disease
BudRot399,disease/Bud Rot,Dataset/Coconut Tree Disease Dataset/Bud Rot/BudRot399.jpg,,,,,,disease-class=4_crown_disease
BudRot400,disease/Bud Rot,Dataset/Coconut Tree Disease Dataset/Bud Rot/BudRot400.jpg,,,,,,disease-class=4_crown_disease
BudRot401,disease/Bud Rot,Dataset/Coconut Tree Disease Dataset/Bud Rot/BudRot401.jpg,,,,,,disease-class=4_crown_disease
BudRot402,disease/Bud Rot,Dataset/Coconut Tree Disease Dataset/Bud Rot/BudRot402.jpg,,,,,,disease-class=4_crown_disease
BudRot403,disease/Bud Rot,Dataset/Coconut Tree Disease Dataset/Bud Rot/BudRot403.jpg,,,,,,disease-class=4_crown_disease
BudRot404,disease/Bud Rot,Dataset/Coconut Tree Disease Dataset/Bud Rot/BudRot404.jpg,,,,,,disease-class=4_crown_disease
BudRot405,disease/Bud Rot,Dataset/Coconut Tree Disease Dataset/Bud Rot/BudRot405.jpg,,,,,,disease-class=4_crown_disease
BudRot406,disease/Bud Rot,Dataset/Coconut Tree Disease Dataset/Bud Rot/BudRot406.jpg,,,,,,disease-class=4_crown_disease
BudRot407,disease/Bud Rot,Dataset/Coconut Tree Disease Dataset/Bud Rot/BudRot407.jpg,,,,,,disease-class=4_crown_disease
BudRot408,disease/Bud Rot,Dataset/Coconut Tree Disease Dataset/Bud Rot/BudRot408.jpg,,,,,,disease-class=4_crown_disease
BudRot409,disease/Bud Rot,Dataset/Coconut Tree Disease Dataset/Bud Rot/BudRot409.jpg,,,,,,disease-class=4_crown_disease
BudRot410,disease/Bud Rot,Dataset/Coconut Tree Disease Dataset/Bud Rot/BudRot410.jpg,,,,,,disease-class=4_crown_disease
BudRot411,disease/Bud Rot,Dataset/Coconut Tree Disease Dataset/Bud Rot/BudRot411.jpg,,,,,,disease-class=4_crown_disease
BudRot412,disease/Bud Rot,Dataset/Coconut Tree Disease Dataset/Bud Rot/BudRot412.jpg,,,,,,disease-class=4_crown_disease
BudRot413,disease/Bud Rot,Dataset/Coconut Tree Disease Dataset/Bud Rot/BudRot413.jpg,,,,,,disease-class=4_crown_disease
BudRot414,disease/Bud Rot,Dataset/Coconut Tree Disease Dataset/Bud Rot/BudRot414.jpg,,,,,,disease-class=4_crown_disease
BudRot415,disease/Bud Rot,Dataset/Coconut Tree Disease Dataset/Bud Rot/BudRot415.jpg,,,,,,disease-class=4_crown_disease
BudRot416,disease/Bud Rot,Dataset/Coconut Tree Disease Dataset/Bud Rot/BudRot416.jpg,,,,,,disease-class=4_crown_disease
BudRot417,disease/Bud Rot,Dataset/Coconut Tree Disease Dataset/Bud Rot/BudRot417.jpg,,,,,,disease-class=4_crown_disease
BudRot418,disease/Bud Rot,Dataset/Coconut Tree Disease Dataset/Bud Rot/BudRot418.jpg,,,,,,disease-class=4_crown_disease
BudRot419,disease/Bud Rot,Dataset/Coconut Tree Disease Dataset/Bud Rot/BudRot419.jpg,,,,,,disease-class=4_crown_disease
BudRot420,disease/Bud Rot,Dataset/Coconut Tree Disease Dataset/Bud Rot/BudRot420.jpg,,,,,,disease-class=4_crown_disease
BudRot421,disease/Bud Rot,Dataset/Coconut Tree Disease Dataset/Bud Rot/BudRot421.jpg,,,,,,disease-class=4_crown_disease
BudRot422,disease/Bud Rot,Dataset/Coconut Tree Disease Dataset/Bud Rot/BudRot422.jpg,,,,,,disease-class=4_crown_disease
BudRot423,disease/Bud Rot,Dataset/Coconut Tree Disease Dataset/Bud Rot/BudRot423.jpg,,,,,,disease-class=4_crown_disease
BudRot424,disease/Bud Rot,Dataset/Coconut Tree Disease Dataset/Bud Rot/BudRot424.jpg,,,,,,disease-class=4_crown_disease
BudRot425,disease/Bud Rot,Dataset/Coconut Tree Disease Dataset/Bud Rot/BudRot425.jpg,,,,,,disease-class=4_crown_disease
BudRot426,disease/Bud Rot,Dataset/Coconut Tree Disease Dataset/Bud Rot/BudRot426.jpg,,,,,,disease-class=4_crown_disease
BudRot427,disease/Bud Rot,Dataset/Coconut Tree Disease Dataset/Bud Rot/BudRot427.jpg,,,,,,disease-class=4_crown_disease
BudRot428,disease/Bud Rot,Dataset/Coconut Tree Disease Dataset/Bud Rot/BudRot428.jpg,,,,,,disease-class=4_crown_disease
BudRot429,disease/Bud Rot,Dataset/Coconut Tree Disease Dataset/Bud Rot/BudRot429.jpg,,,,,,disease-class=4_crown_disease
BudRot430,disease/Bud Rot,Dataset/Coconut Tree Disease Dataset/Bud Rot/BudRot430.jpg,,,,,,disease-class=4_crown_disease
BudRot431,disease/Bud Rot,Dataset/Coconut Tree Disease Dataset/Bud Rot/BudRot431.jpg,,,,,,disease-class=4_crown_disease
BudRot432,disease/Bud Rot,Dataset/Coconut Tree Disease Dataset/Bud Rot/BudRot432.jpg,,,,,,disease-class=4_crown_disease
BudRot433,disease/Bud Rot,Dataset/Coconut Tree Disease Dataset/Bud Rot/BudRot433.jpg,,,,,,disease-class=4_crown_disease
BudRot434,disease/Bud Rot,Dataset/Coconut Tree Disease Dataset/Bud Rot/BudRot434.jpg,,,,,,disease-class=4_crown_disease
BudRot435,disease/Bud Rot,Dataset/Coconut Tree Disease Dataset/Bud Rot/BudRot435.jpg,,,,,,disease-class=4_crown_disease
BudRot436,disease/Bud Rot,Dataset/Coconut Tree Disease Dataset/Bud Rot/BudRot436.jpg,,,,,,disease-class=4_crown_disease
BudRot437,disease/Bud Rot,Dataset/Coconut Tree Disease Dataset/Bud Rot/BudRot437.jpg,,,,,,disease-class=4_crown_disease
BudRot438,disease/Bud Rot,Dataset/Coconut Tree Disease Dataset/Bud Rot/BudRot438.jpg,,,,,,disease-class=4_crown_disease
BudRot439,disease/Bud Rot,Dataset/Coconut Tree Disease Dataset/Bud Rot/BudRot439.jpg,,,,,,disease-class=4_crown_disease
BudRot440,disease/Bud Rot,Dataset/Coconut Tree Disease Dataset/Bud Rot/BudRot440.jpg,,,,,,disease-class=4_crown_disease
BudRot441,disease/Bud Rot,Dataset/Coconut Tree Disease Dataset/Bud Rot/BudRot441.jpg,,,,,,disease-class=4_crown_disease
BudRot442,disease/Bud Rot,Dataset/Coconut Tree Disease Dataset/Bud Rot/BudRot442.jpg,,,,,,disease-class=4_crown_disease
BudRot443,disease/Bud Rot,Dataset/Coconut Tree Disease Dataset/Bud Rot/BudRot443.jpg,,,,,,disease-class=4_crown_disease
BudRot444,disease/Bud Rot,Dataset/Coconut Tree Disease Dataset/Bud Rot/BudRot444.jpg,,,,,,disease-class=4_crown_disease
BudRot445,disease/Bud Rot,Dataset/Coconut Tree Disease Dataset/Bud Rot/BudRot445.jpg,,,,,,disease-class=4_crown_disease
BudRot446,disease/Bud Rot,Dataset/Coconut Tree Disease Dataset/Bud Rot/BudRot446.jpg,,,,,,disease-class=4_crown_disease
BudRot447,disease/Bud Rot,Dataset/Coconut Tree Disease Dataset/Bud Rot/BudRot447.jpg,,,,,,disease-class=4_crown_disease
BudRot448,disease/Bud Rot,Dataset/Coconut Tree Disease Dataset/Bud Rot/BudRot448.jpg,,,,,,disease-class=4_crown_disease
BudRot449,disease/Bud Rot,Dataset/Coconut Tree Disease Dataset/Bud Rot/BudRot449.jpg,,,,,,disease-class=4_crown_disease
BudRot450,disease/Bud Rot,Dataset/Coconut Tree Disease Dataset/Bud Rot/BudRot450.jpg,,,,,,disease-class=4_crown_disease
BudRot451,disease/Bud Rot,Dataset/Coconut Tree Disease Dataset/Bud Rot/BudRot451.jpg,,,,,,disease-class=4_crown_disease
BudRot452,disease/Bud Rot,Dataset/Coconut Tree Disease Dataset/Bud Rot/BudRot452.jpg,,,,,,disease-class=4_crown_disease
BudRot453,disease/Bud Rot,Dataset/Coconut Tree Disease Dataset/Bud Rot/BudRot453.jpg,,,,,,disease-class=4_crown_disease
BudRot454,disease/Bud Rot,Dataset/Coconut Tree Disease Dataset/Bud Rot/BudRot454.jpg,,,,,,disease-class=4_crown_disease
BudRot455,disease/Bud Rot,Dataset/Coconut Tree Disease Dataset/Bud Rot/BudRot455.jpg,,,,,,disease-class=4_crown_disease
BudRot456,disease/Bud Rot,Dataset/Coconut Tree Disease Dataset/Bud Rot/BudRot456.jpg,,,,,,disease-class=4_crown_disease
BudRot457,disease/Bud Rot,Dataset/Coconut Tree Disease Dataset/Bud Rot/BudRot457.jpg,,,,,,disease-class=4_crown_disease
BudRot458,disease/Bud Rot,Dataset/Coconut Tree Disease Dataset/Bud Rot/BudRot458.jpg,,,,,,disease-class=4_crown_disease
BudRot459,disease/Bud Rot,Dataset/Coconut Tree Disease Dataset/Bud Rot/BudRot459.jpg,,,,,,disease-class=4_crown_disease
BudRot460,disease/Bud Rot,Dataset/Coconut Tree Disease Dataset/Bud Rot/BudRot460.jpg,,,,,,disease-class=4_crown_disease
BudRot461,disease/Bud Rot,Dataset/Coconut Tree Disease Dataset/Bud Rot/BudRot461.jpg,,,,,,disease-class=4_crown_disease
BudRot462,disease/Bud Rot,Dataset/Coconut Tree Disease Dataset/Bud Rot/BudRot462.jpg,,,,,,disease-class=4_crown_disease
BudRot463,disease/Bud Rot,Dataset/Coconut Tree Disease Dataset/Bud Rot/BudRot463.jpg,,,,,,disease-class=4_crown_disease
BudRot464,disease/Bud Rot,Dataset/Coconut Tree Disease Dataset/Bud Rot/BudRot464.jpg,,,,,,disease-class=4_crown_disease
BudRot465,disease/Bud Rot,Dataset/Coconut Tree Disease Dataset/Bud Rot/BudRot465.jpg,,,,,,disease-class=4_crown_disease
BudRot466,disease/Bud Rot,Dataset/Coconut Tree Disease Dataset/Bud Rot/BudRot466.jpg,,,,,,disease-class=4_crown_disease
BudRot467,disease/Bud Rot,Dataset/Coconut Tree Disease Dataset/Bud Rot/BudRot467.jpg,,,,,,disease-class=4_crown_disease
BudRot468,disease/Bud Rot,Dataset/Coconut Tree Disease Dataset/Bud Rot/BudRot468.jpg,,,,,,disease-class=4_crown_disease
BudRot469,disease/Bud Rot,Dataset/Coconut Tree Disease Dataset/Bud Rot/BudRot469.jpg,,,,,,disease-class=4_crown_disease
BudRot470,disease/Bud Rot,Dataset/Coconut Tree Disease Dataset/Bud Rot/BudRot470.jpg,,,,,,disease-class=4_crown_disease
GrayLeafSpot001,disease/Gray Leaf Spot,Dataset/Coconut Tree Disease Dataset/Gray Leaf Spot/GrayLeafSpot001.jpg,,,,,,disease-class=2_foliar_disease
GrayLeafSpot002,disease/Gray Leaf Spot,Dataset/Coconut Tree Disease Dataset/Gray Leaf Spot/GrayLeafSpot002.jpg,,,,,,disease-class=2_foliar_disease
GrayLeafSpot003,disease/Gray Leaf Spot,Dataset/Coconut Tree Disease Dataset/Gray Leaf Spot/GrayLeafSpot003.jpg,,,,,,disease-class=2_foliar_disease
GrayLeafSpot004,disease/Gray Leaf Spot,Dataset/Coconut Tree Disease Dataset/Gray Leaf Spot/GrayLeafSpot004.jpg,,,,,,disease-class=2_foliar_disease
GrayLeafSpot005,disease/Gray Leaf Spot,Dataset/Coconut Tree Disease Dataset/Gray Leaf Spot/GrayLeafSpot005.jpg,,,,,,disease-class=2_foliar_disease
GrayLeafSpot006,disease/Gray Leaf Spot,Dataset/Coconut Tree Disease Dataset/Gray Leaf Spot/GrayLeafSpot006.jpg,,,,,,disease-class=2_foliar_disease
GrayLeafSpot007,disease/Gray Leaf Spot,Dataset/Coconut Tree Disease Dataset/Gray Leaf Spot/GrayLeafSpot007.jpg,,,,,,disease-class=2_foliar_disease
GrayLeafSpot008,disease/Gray Leaf Spot,Dataset/Coconut Tree Disease Dataset/Gray Leaf Spot/GrayLeafSpot008.jpg,,,,,,disease-class=2_foliar_disease
GrayLeafSpot009,disease/Gray Leaf Spot,Dataset/Coconut Tree Disease Dataset/Gray Leaf Spot/GrayLeafSpot009.jpg,,,,,,disease-class=2_foliar_disease
GrayLeafSpot010,disease/Gray Leaf Spot,Dataset/Coconut Tree Disease Dataset/Gray Leaf Spot/GrayLeafSpot010.jpg,,,,,,disease-class=2_foliar_disease
GrayLeafSpot011,disease/Gray Leaf Spot,Dataset/Coconut Tree Disease Dataset/Gray Leaf Spot/GrayLeafSpot011.jpg,,,,,,disease-class=2_foliar_disease
GrayLeafSpot012,disease/Gray Leaf Spot,Dataset/Coconut Tree Disease Dataset/Gray Leaf Spot/GrayLeafSpot012.jpg,,,,,,disease-class=2_foliar_disease
GrayLeafSpot013,disease/Gray Leaf Spot,Dataset/Coconut Tree Disease Dataset/Gray Leaf Spot/GrayLeafSpot013.jpg,,,,,,disease-class=2_foliar_disease
GrayLeafSpot014,disease/Gray Leaf Spot,Dataset/Coconut Tree Disease Dataset/Gray Leaf Spot/GrayLeafSpot014.jpg,,,,,,disease-class=2_foliar_disease
GrayLeafSpot015,disease/Gray Leaf Spot,Dataset/Coconut Tree Disease Dataset/Gray Leaf Spot/GrayLeafSpot015.jpg,,,,,,disease-class=2_foliar_disease
GrayLeafSpot016,disease/Gray Leaf Spot,Dataset/Coconut Tree Disease Dataset/Gray Leaf Spot/GrayLeafSpot016.jpg,,,,,,disease-class=2_foliar_disease
GrayLeafSpot017,disease/Gray Leaf Spot,Dataset/Coconut Tree Disease Dataset/Gray Leaf Spot/GrayLeafSpot017.jpg,,,,,,disease-class=2_foliar_disease
GrayLeafSpot018,disease/Gray Leaf Spot,Dataset/Coconut Tree Disease Dataset/Gray Leaf Spot/GrayLeafSpot018.jpg,,,,,,disease-class=2_foliar_disease
GrayLeafSpot019,disease/Gray Leaf Spot,Dataset/Coconut Tree Disease Dataset/Gray Leaf Spot/GrayLeafSpot019.jpg,,,,,,disease-class=2_foliar_disease
GrayLeafSpot020,disease/Gray Leaf Spot,Dataset/Coconut Tree Disease Dataset/Gray Leaf Spot/GrayLeafSpot020.jpg,,,,,,disease-class=2_foliar_disease
GrayLeafSpot021,disease/Gray Leaf Spot,Dataset/Coconut Tree Disease Dataset/Gray Leaf Spot/GrayLeafSpot021.jpg,,,,,,disease-class=2_foliar_disease
GrayLeafSpot022,disease/Gray Leaf Spot,Dataset/Coconut Tree Disease Dataset/Gray Leaf Spot/GrayLeafSpot022.jpg,,,,,,disease-class=2_foliar_disease
GrayLeafSpot023,disease/Gray Leaf Spot,Dataset/Coconut Tree Disease Dataset/Gray Leaf Spot/GrayLeafSpot023.jpg,,,,,,disease-class=2_foliar_disease
GrayLeafSpot024,disease/Gray Leaf Spot,Dataset/Coconut Tree Disease Dataset/Gray Leaf Spot/GrayLeafSpot024.jpg,,,,,,disease-class=2_foliar_disease
GrayLeafSpot025,disease/Gray Leaf Spot,Dataset/Coconut Tree Disease Dataset/Gray Leaf Spot/GrayLeafSpot025.jpg,,,,,,disease-class=2_foliar_disease
GrayLeafSpot026,disease/Gray Leaf Spot,Dataset/Coconut Tree Disease Dataset/Gray Leaf Spot/GrayLeafSpot026.jpg,,,,,,disease-class=2_foliar_disease
GrayLeafSpot027,disease/Gray Leaf Spot,Dataset/Coconut Tree Disease Dataset/Gray Leaf Spot/GrayLeafSpot027.jpg,,,,,,disease-class=2_foliar_disease
GrayLeafSpot028,disease/Gray Leaf Spot,Dataset/Coconut Tree Disease Dataset/Gray Leaf Spot/GrayLeafSpot028.jpg,,,,,,disease-class=2_foliar_disease
GrayLeafSpot029,disease/Gray Leaf Spot,Dataset/Coconut Tree Disease Dataset/Gray Leaf Spot/GrayLeafSpot029.jpg,,,,,,disease-class=2_foliar_disease
GrayLeafSpot030,disease/Gray Leaf Spot,Dataset/Coconut Tree Disease Dataset/Gray Leaf Spot/GrayLeafSpot030.jpg,,,,,,disease-class=2_foliar_disease
GrayLeafSpot031,disease/Gray Leaf Spot,Dataset/Coconut Tree Disease Dataset/Gray Leaf Spot/GrayLeafSpot031.jpg,,,,,,disease-class=2_foliar_disease
GrayLeafSpot032,disease/Gray Leaf Spot,Dataset/Coconut Tree Disease Dataset/Gray Leaf Spot/GrayLeafSpot032.jpg,,,,,,disease-class=2_foliar_disease
GrayLeafSpot033,disease/Gray Leaf Spot,Dataset/Coconut Tree Disease Dataset/Gray Leaf Spot/GrayLeafSpot033.jpg,,,,,,disease-class=2_foliar_disease
GrayLeafSpot034,disease/Gray Leaf Spot,Dataset/Coconut Tree Disease Dataset/Gray Leaf Spot/GrayLeafSpot034.jpg,,,,,,disease-class=2_foliar_disease
GrayLeafSpot035,disease/Gray Leaf Spot,Dataset/Coconut Tree Disease Dataset/Gray Leaf Spot/GrayLeafSpot035.jpg,,,,,,disease-class=2_foliar_disease
GrayLeafSpot036,disease/Gray Leaf Spot,Dataset/Coconut Tree Disease Dataset/Gray Leaf Spot/GrayLeafSpot036.jpg,,,,,,disease-class=2_foliar_disease
GrayLeafSpot037,disease/Gray Leaf Spot,Dataset/Coconut Tree Disease Dataset/Gray Leaf Spot/GrayLeafSpot037.jpg,,,,,,disease-class=2_foliar_disease
GrayLeafSpot038,disease/Gray Leaf Spot,Dataset/Coconut Tree Disease Dataset/Gray Leaf Spot/GrayLeafSpot038.jpg,,,,,,disease-class=2_foliar_disease
GrayLeafSpot039,disease/Gray Leaf Spot,Dataset/Coconut Tree Disease Dataset/Gray Leaf Spot/GrayLeafSpot039.jpg,,,,,,disease-class=2_foliar_disease
GrayLeafSpot040,disease/Gray Leaf Spot,Dataset/Coconut Tree Disease Dataset/Gray Leaf Spot/GrayLeafSpot040.jpg,,,,,,disease-class=2_foliar_disease
GrayLeafSpot041,disease/Gray Leaf Spot,Dataset/Coconut Tree Disease Dataset/Gray Leaf Spot/GrayLeafSpot041.jpg,,,,,,disease-class=2_foliar_disease
GrayLeafSpot042,disease/Gray Leaf Spot,Dataset/Coconut Tree Disease Dataset/Gray Leaf Spot/GrayLeafSpot042.jpg,,,,,,disease-class=2_foliar_disease
GrayLeafSpot043,disease/Gray Leaf Spot,Dataset/Coconut Tree Disease Dataset/Gray Leaf Spot/GrayLeafSpot043.jpg,,,,,,disease-class=2_foliar_disease
GrayLeafSpot044,disease/Gray Leaf Spot,Dataset/Coconut Tree Disease Dataset/Gray Leaf Spot/GrayLeafSpot044.jpg,,,,,,disease-class=2_foliar_disease
GrayLeafSpot045,disease/Gray Leaf Spot,Dataset/Coconut Tree Disease Dataset/Gray Leaf Spot/GrayLeafSpot045.jpg,,,,,,disease-class=2_foliar_disease
GrayLeafSpot046,disease/Gray Leaf Spot,Dataset/Coconut Tree Disease Dataset/Gray Leaf Spot/GrayLeafSpot046.jpg,,,,,,disease-class=2_foliar_disease
GrayLeafSpot047,disease/Gray Leaf Spot,Dataset/Coconut Tree Disease Dataset/Gray Leaf Spot/GrayLeafSpot047.jpg,,,,,,disease-class=2_foliar_disease
GrayLeafSpot048,disease/Gray Leaf Spot,Dataset/Coconut Tree Disease Dataset/Gray Leaf Spot/GrayLeafSpot048.jpg,,,,,,disease-class=2_foliar_disease
GrayLeafSpot049,disease/Gray Leaf Spot,Dataset/Coconut Tree Disease Dataset/Gray Leaf Spot/GrayLeafSpot049.jpg,,,,,,disease-class=2_foliar_disease
GrayLeafSpot050,disease/Gray Leaf Spot,Dataset/Coconut Tree Disease Dataset/Gray Leaf Spot/GrayLeafSpot050.jpg,,,,,,disease-class=2_foliar_disease
GrayLeafSpot051,disease/Gray Leaf Spot,Dataset/Coconut Tree Disease Dataset/Gray Leaf Spot/GrayLeafSpot051.jpg,,,,,,disease-class=2_foliar_disease
GrayLeafSpot052,disease/Gray Leaf Spot,Dataset/Coconut Tree Disease Dataset/Gray Leaf Spot/GrayLeafSpot052.jpg,,,,,,disease-class=2_foliar_disease
GrayLeafSpot053,disease/Gray Leaf Spot,Dataset/Coconut Tree Disease Dataset/Gray Leaf Spot/GrayLeafSpot053.jpg,,,,,,disease-class=2_foliar_disease
GrayLeafSpot054,disease/Gray Leaf Spot,Dataset/Coconut Tree Disease Dataset/Gray Leaf Spot/GrayLeafSpot054.jpg,,,,,,disease-class=2_foliar_disease
GrayLeafSpot055,disease/Gray Leaf Spot,Dataset/Coconut Tree Disease Dataset/Gray Leaf Spot/GrayLeafSpot055.jpg,,,,,,disease-class=2_foliar_disease
GrayLeafSpot056,disease/Gray Leaf Spot,Dataset/Coconut Tree Disease Dataset/Gray Leaf Spot/GrayLeafSpot056.jpg,,,,,,disease-class=2_foliar_disease
GrayLeafSpot057,disease/Gray Leaf Spot,Dataset/Coconut Tree Disease Dataset/Gray Leaf Spot/GrayLeafSpot057.jpg,,,,,,disease-class=2_foliar_disease
GrayLeafSpot058,disease/Gray Leaf Spot,Dataset/Coconut Tree Disease Dataset/Gray Leaf Spot/GrayLeafSpot058.jpg,,,,,,disease-class=2_foliar_disease
GrayLeafSpot059,disease/Gray Leaf Spot,Dataset/Coconut Tree Disease Dataset/Gray Leaf Spot/GrayLeafSpot059.jpg,,,,,,disease-class=2_foliar_disease
GrayLeafSpot060,disease/Gray Leaf Spot,Dataset/Coconut Tree Disease Dataset/Gray Leaf Spot/GrayLeafSpot060.jpg,,,,,,disease-class=2_foliar_disease
GrayLeafSpot061,disease/Gray Leaf Spot,Dataset/Coconut Tree Disease Dataset/Gray Leaf Spot/GrayLeafSpot061.jpg,,,,,,disease-class=2_foliar_disease
GrayLeafSpot062,disease/Gray Leaf Spot,Dataset/Coconut Tree Disease Dataset/Gray Leaf Spot/GrayLeafSpot062.jpg,,,,,,disease-class=2_foliar_disease
GrayLeafSpot063,disease/Gray Leaf Spot,Dataset/Coconut Tree Disease Dataset/Gray Leaf Spot/GrayLeafSpot063.jpg,,,,,,disease-class=2_foliar_disease
GrayLeafSpot064,disease/Gray Leaf Spot,Dataset/Coconut Tree Disease Dataset/Gray Leaf Spot/GrayLeafSpot064.jpg,,,,,,disease-class=2_foliar_disease
GrayLeafSpot065,disease/Gray Leaf Spot,Dataset/Coconut Tree Disease Dataset/Gray Leaf Spot/GrayLeafSpot065.jpg,,,,,,disease-class=2_foliar_disease
GrayLeafSpot066,disease/Gray Leaf Spot,Dataset/Coconut Tree Disease Dataset/Gray Leaf Spot/GrayLeafSpot066.jpg,,,,,,disease-class=2_foliar_disease
GrayLeafSpot067,disease/Gray Leaf Spot,Dataset/Coconut Tree Disease Dataset/Gray Leaf Spot/GrayLeafSpot067.jpg,,,,,,disease-class=2_foliar_disease
GrayLeafSpot068,disease/Gray Leaf Spot,Dataset/Coconut Tree Disease Dataset/Gray Leaf Spot/GrayLeafSpot068.jpg,,,,,,disease-class=2_foliar_disease
GrayLeafSpot069,disease/Gray Leaf Spot,Dataset/Coconut Tree Disease Dataset/Gray Leaf Spot/GrayLeafSpot069.jpg,,,,,,disease-class=2_foliar_disease
GrayLeafSpot070,disease/Gray Leaf Spot,Dataset/Coconut Tree Disease Dataset/Gray Leaf Spot/GrayLeafSpot070.jpg,,,,,,disease-class=2_foliar_disease
GrayLeafSpot071,disease/Gray Leaf Spot,Dataset/Coconut Tree Disease Dataset/Gray Leaf Spot/GrayLeafSpot071.jpg,,,,,,disease-class=2_foliar_disease
GrayLeafSpot072,disease/Gray Leaf Spot,Dataset/Coconut Tree Disease Dataset/Gray Leaf Spot/GrayLeafSpot072.jpg,,,,,,disease-class=2_foliar_disease
GrayLeafSpot073,disease/Gray Leaf Spot,Dataset/Coconut Tree Disease Dataset/Gray Leaf Spot/GrayLeafSpot073.jpg,,,,,,disease-class=2_foliar_disease
GrayLeafSpot074,disease/Gray Leaf Spot,Dataset/Coconut Tree Disease Dataset/Gray Leaf Spot/GrayLeafSpot074.jpg,,,,,,disease-class=2_foliar_disease
GrayLeafSpot075,disease/Gray Leaf Spot,Dataset/Coconut Tree Disease Dataset/Gray Leaf Spot/GrayLeafSpot075.jpg,,,,,,disease-class=2_foliar_disease
GrayLeafSpot076,disease/Gray Leaf Spot,Dataset/Coconut Tree Disease Dataset/Gray Leaf Spot/GrayLeafSpot076.jpg,,,,,,disease-class=2_foliar_disease
GrayLeafSpot077,disease/Gray Leaf Spot,Dataset/Coconut Tree Disease Dataset/Gray Leaf Spot/GrayLeafSpot077.jpg,,,,,,disease-class=2_foliar_disease
GrayLeafSpot078,disease/Gray Leaf Spot,Dataset/Coconut Tree Disease Dataset/Gray Leaf Spot/GrayLeafSpot078.jpg,,,,,,disease-class=2_foliar_disease
GrayLeafSpot079,disease/Gray Leaf Spot,Dataset/Coconut Tree Disease Dataset/Gray Leaf Spot/GrayLeafSpot079.jpg,,,,,,disease-class=2_foliar_disease
GrayLeafSpot080,disease/Gray Leaf Spot,Dataset/Coconut Tree Disease Dataset/Gray Leaf Spot/GrayLeafSpot080.jpg,,,,,,disease-class=2_foliar_disease
GrayLeafSpot081,disease/Gray Leaf Spot,Dataset/Coconut Tree Disease Dataset/Gray Leaf Spot/GrayLeafSpot081.jpg,,,,,,disease-class=2_foliar_disease
GrayLeafSpot082,disease/Gray Leaf Spot,Dataset/Coconut Tree Disease Dataset/Gray Leaf Spot/GrayLeafSpot082.jpg,,,,,,disease-class=2_foliar_disease
GrayLeafSpot083,disease/Gray Leaf Spot,Dataset/Coconut Tree Disease Dataset/Gray Leaf Spot/GrayLeafSpot083.jpg,,,,,,disease-class=2_foliar_disease
GrayLeafSpot084,disease/Gray Leaf Spot,Dataset/Coconut Tree Disease Dataset/Gray Leaf Spot/GrayLeafSpot084.jpg,,,,,,disease-class=2_foliar_disease
GrayLeafSpot085,disease/Gray Leaf Spot,Dataset/Coconut Tree Disease Dataset/Gray Leaf Spot/GrayLeafSpot085.jpg,,,,,,disease-class=2_foliar_disease
GrayLeafSpot086,disease/Gray Leaf Spot,Dataset/Coconut Tree Disease Dataset/Gray Leaf Spot/GrayLeafSpot086.jpg,,,,,,disease-class=2_foliar_disease
GrayLeafSpot087,disease/Gray Leaf Spot,Dataset/Coconut Tree Disease Dataset/Gray Leaf Spot/GrayLeafSpot087.jpg,,,,,,disease-class=2_foliar_disease
GrayLeafSpot088,disease/Gray Leaf Spot,Dataset/Coconut Tree Disease Dataset/Gray Leaf Spot/GrayLeafSpot088.jpg,,,,,,disease-class=2_foliar_disease
GrayLeafSpot089,disease/Gray Leaf Spot,Dataset/Coconut Tree Disease Dataset/Gray Leaf Spot/GrayLeafSpot089.jpg,,,,,,disease-class=2_foliar_disease
GrayLeafSpot090,disease/Gray Leaf Spot,Dataset/Coconut Tree Disease Dataset/Gray Leaf Spot/GrayLeafSpot090.jpg,,,,,,disease-class=2_foliar_disease
GrayLeafSpot091,disease/Gray Leaf Spot,Dataset/Coconut Tree Disease Dataset/Gray Leaf Spot/GrayLeafSpot091.jpg,,,,,,disease-class=2_foliar_disease
GrayLeafSpot092,disease/Gray Leaf Spot,Dataset/Coconut Tree Disease Dataset/Gray Leaf Spot/GrayLeafSpot092.jpg,,,,,,disease-class=2_foliar_disease
GrayLeafSpot093,disease/Gray Leaf Spot,Dataset/Coconut Tree Disease Dataset/Gray Leaf Spot/GrayLeafSpot093.jpg,,,,,,disease-class=2_foliar_disease
GrayLeafSpot094,disease/Gray Leaf Spot,Dataset/Coconut Tree Disease Dataset/Gray Leaf Spot/GrayLeafSpot094.jpg,,,,,,disease-class=2_foliar_disease
GrayLeafSpot095,disease/Gray Leaf Spot,Dataset/Coconut Tree Disease Dataset/Gray Leaf Spot/GrayLeafSpot095.jpg,,,,,,disease-class=2_foliar_disease
GrayLeafSpot096,disease/Gray Leaf Spot,Dataset/Coconut Tree Disease Dataset/Gray Leaf Spot/GrayLeafSpot096.jpg,,,,,,disease-class=2_foliar_disease
GrayLeafSpot097,disease/Gray Leaf Spot,Dataset/Coconut Tree Disease Dataset/Gray Leaf Spot/GrayLeafSpot097.jpg,,,,,,disease-class=2_foliar_disease
GrayLeafSpot098,disease/Gray Leaf Spot,Dataset/Coconut Tree Disease Dataset/Gray Leaf Spot/GrayLeafSpot098.jpg,,,,,,disease-class=2_foliar_disease
GrayLeafSpot099,disease/Gray Leaf Spot,Dataset/Coconut Tree Disease Dataset/Gray Leaf Spot/GrayLeafSpot099.jpg,,,,,,disease-class=2_foliar_disease
GrayLeafSpot100,disease/Gray Leaf Spot,Dataset/Coconut Tree Disease Dataset/Gray Leaf Spot/GrayLeafSpot100.jpg,,,,,,disease-class=2_foliar_disease
GrayLeafSpot1000,disease/Gray Leaf Spot,Dataset/Coconut Tree Disease Dataset/Gray Leaf Spot/GrayLeafSpot1000.jpg,,,,,,disease-class=2_foliar_disease
GrayLeafSpot1001,disease/Gray Leaf Spot,Dataset/Coconut Tree Disease Dataset/Gray Leaf Spot/GrayLeafSpot1001.jpg,,,,,,disease-class=2_foliar_disease
GrayLeafSpot1002,disease/Gray Leaf Spot,Dataset/Coconut Tree Disease Dataset/Gray Leaf Spot/GrayLeafSpot1002.jpg,,,,,,disease-class=2_foliar_disease
GrayLeafSpot1003,disease/Gray Leaf Spot,Dataset/Coconut Tree Disease Dataset/Gray Leaf Spot/GrayLeafSpot1003.jpg,,,,,,disease-class=2_foliar_disease
GrayLeafSpot1004,disease/Gray Leaf Spot,Dataset/Coconut Tree Disease Dataset/Gray Leaf Spot/GrayLeafSpot1004.jpg,,,,,,disease-class=2_foliar_disease
GrayLeafSpot1005,disease/Gray Leaf Spot,Dataset/Coconut Tree Disease Dataset/Gray Leaf Spot/GrayLeafSpot1005.jpg,,,,,,disease-class=2_foliar_disease
GrayLeafSpot1006,disease/Gray Leaf Spot,Dataset/Coconut Tree Disease Dataset/Gray Leaf Spot/GrayLeafSpot1006.jpg,,,,,,disease-class=2_foliar_disease
GrayLeafSpot1007,disease/Gray Leaf Spot,Dataset/Coconut Tree Disease Dataset/Gray Leaf Spot/GrayLeafSpot1007.jpg,,,,,,disease-class=2_foliar_disease
GrayLeafSpot1008,disease/Gray Leaf Spot,Dataset/Coconut Tree Disease Dataset/Gray Leaf Spot/GrayLeafSpot1008.jpg,,,,,,disease-class=2_foliar_disease
GrayLeafSpot1009,disease/Gray Leaf Spot,Dataset/Coconut Tree Disease Dataset/Gray Leaf Spot/GrayLeafSpot1009.jpg,,,,,,disease-class=2_foliar_disease
GrayLeafSpot101,disease/Gray Leaf Spot,Dataset/Coconut Tree Disease Dataset/Gray Leaf Spot/GrayLeafSpot101.jpg,,,,,,disease-class=2_foliar_disease
GrayLeafSpot1010,disease/Gray Leaf Spot,Dataset/Coconut Tree Disease Dataset/Gray Leaf Spot/GrayLeafSpot1010.jpg,,,,,,disease-class=2_foliar_disease
GrayLeafSpot1011,disease/Gray Leaf Spot,Dataset/Coconut Tree Disease Dataset/Gray Leaf Spot/GrayLeafSpot1011.jpg,,,,,,disease-class=2_foliar_disease
GrayLeafSpot1012,disease/Gray Leaf Spot,Dataset/Coconut Tree Disease Dataset/Gray Leaf Spot/GrayLeafSpot1012.jpg,,,,,,disease-class=2_foliar_disease
GrayLeafSpot1013,disease/Gray Leaf Spot,Dataset/Coconut Tree Disease Dataset/Gray Leaf Spot/GrayLeafSpot1013.jpg,,,,,,disease-class=2_foliar_disease
GrayLeafSpot1014,disease/Gray Leaf Spot,Dataset/Coconut Tree Disease Dataset/Gray Leaf Spot/GrayLeafSpot1014.jpg,,,,,,disease-class=2_foliar_disease
GrayLeafSpot1015,disease/Gray Leaf Spot,Dataset/Coconut Tree Disease Dataset/Gray Leaf Spot/GrayLeafSpot1015.jpg,,,,,,disease-class=2_foliar_disease
GrayLeafSpot1016,disease/Gray Leaf Spot,Dataset/Coconut Tree Disease Dataset/Gray Leaf Spot/GrayLeafSpot1016.jpg,,,,,,disease-class=2_foliar_disease
GrayLeafSpot1017,disease/Gray Leaf Spot,Dataset/Coconut Tree Disease Dataset/Gray Leaf Spot/GrayLeafSpot1017.jpg,,,,,,disease-class=2_foliar_disease
GrayLeafSpot1018,disease/Gray Leaf Spot,Dataset/Coconut Tree Disease Dataset/Gray Leaf Spot/GrayLeafSpot1018.jpg,,,,,,disease-class=2_foliar_disease
GrayLeafSpot1019,disease/Gray Leaf Spot,Dataset/Coconut Tree Disease Dataset/Gray Leaf Spot/GrayLeafSpot1019.jpg,,,,,,disease-class=2_foliar_disease
GrayLeafSpot102,disease/Gray Leaf Spot,Dataset/Coconut Tree Disease Dataset/Gray Leaf Spot/GrayLeafSpot102.jpg,,,,,,disease-class=2_foliar_disease
GrayLeafSpot1020,disease/Gray Leaf Spot,Dataset/Coconut Tree Disease Dataset/Gray Leaf Spot/GrayLeafSpot1020.jpg,,,,,,disease-class=2_foliar_disease
GrayLeafSpot1021,disease/Gray Leaf Spot,Dataset/Coconut Tree Disease Dataset/Gray Leaf Spot/GrayLeafSpot1021.jpg,,,,,,disease-class=2_foliar_disease
GrayLeafSpot1022,disease/Gray Leaf Spot,Dataset/Coconut Tree Disease Dataset/Gray Leaf Spot/GrayLeafSpot1022.jpg,,,,,,disease-class=2_foliar_disease
GrayLeafSpot1023,disease/Gray Leaf Spot,Dataset/Coconut Tree Disease Dataset/Gray Leaf Spot/GrayLeafSpot1023.jpg,,,,,,disease-class=2_foliar_disease
GrayLeafSpot1024,disease/Gray Leaf Spot,Dataset/Coconut Tree Disease Dataset/Gray Leaf Spot/GrayLeafSpot1024.jpg,,,,,,disease-class=2_foliar_disease
GrayLeafSpot1025,disease/Gray Leaf Spot,Dataset/Coconut Tree Disease Dataset/Gray Leaf Spot/GrayLeafSpot1025.jpg,,,,,,disease-class=2_foliar_disease
GrayLeafSpot1026,disease/Gray Leaf Spot,Dataset/Coconut Tree Disease Dataset/Gray Leaf Spot/GrayLeafSpot1026.jpg,,,,,,disease-class=2_foliar_disease
GrayLeafSpot1027,disease/Gray Leaf Spot,Dataset/Coconut Tree Disease Dataset/Gray Leaf Spot/GrayLeafSpot1027.jpg,,,,,,disease-class=2_foliar_disease
GrayLeafSpot1028,disease/Gray Leaf Spot,Dataset/Coconut Tree Disease Dataset/Gray Leaf Spot/GrayLeafSpot1028.jpg,,,,,,disease-class=2_foliar_disease
GrayLeafSpot1029,disease/Gray Leaf Spot,Dataset/Coconut Tree Disease Dataset/Gray Leaf Spot/GrayLeafSpot1029.jpg,,,,,,disease-class=2_foliar_disease
GrayLeafSpot103,disease/Gray Leaf Spot,Dataset/Coconut Tree Disease Dataset/Gray Leaf Spot/GrayLeafSpot103.jpg,,,,,,disease-class=2_foliar_disease
GrayLeafSpot1030,disease/Gray Leaf Spot,Dataset/Coconut Tree Disease Dataset/Gray Leaf Spot/GrayLeafSpot1030.jpg,,,,,,disease-class=2_foliar_disease
GrayLeafSpot1031,disease/Gray Leaf Spot,Dataset/Coconut Tree Disease Dataset/Gray Leaf Spot/GrayLeafSpot1031.jpg,,,,,,disease-class=2_foliar_disease
GrayLeafSpot1032,disease/Gray Leaf Spot,Dataset/Coconut Tree Disease Dataset/Gray Leaf Spot/GrayLeafSpot1032.jpg,,,,,,disease-class=2_foliar_disease
GrayLeafSpot1033,disease/Gray Leaf Spot,Dataset/Coconut Tree Disease Dataset/Gray Leaf Spot/GrayLeafSpot1033.jpg,,,,,,disease-class=2_foliar_disease
GrayLeafSpot1034,disease/Gray Leaf Spot,Dataset/Coconut Tree Disease Dataset/Gray Leaf Spot/GrayLeafSpot1034.jpg,,,,,,disease-class=2_foliar_disease
GrayLeafSpot1035,disease/Gray Leaf Spot,Dataset/Coconut Tree Disease Dataset/Gray Leaf Spot/GrayLeafSpot1035.jpg,,,,,,disease-class=2_foliar_disease
GrayLeafSpot1036,disease/Gray Leaf Spot,Dataset/Coconut Tree Disease Dataset/Gray Leaf Spot/GrayLeafSpot1036.jpg,,,,,,disease-class=2_foliar_disease
GrayLeafSpot1037,disease/Gray Leaf Spot,Dataset/Coconut Tree Disease Dataset/Gray Leaf Spot/GrayLeafSpot1037.jpg,,,,,,disease-class=2_foliar_disease
GrayLeafSpot1038,disease/Gray Leaf Spot,Dataset/Coconut Tree Disease Dataset/Gray Leaf Spot/GrayLeafSpot1038.jpg,,,,,,disease-class=2_foliar_disease
GrayLeafSpot1039,disease/Gray Leaf Spot,Dataset/Coconut Tree Disease Dataset/Gray Leaf Spot/GrayLeafSpot1039.jpg,,,,,,disease-class=2_foliar_disease
GrayLeafSpot104,disease/Gray Leaf Spot,Dataset/Coconut Tree Disease Dataset/Gray Leaf Spot/GrayLeafSpot104.jpg,,,,,,disease-class=2_foliar_disease
GrayLeafSpot1040,disease/Gray Leaf Spot,Dataset/Coconut Tree Disease Dataset/Gray Leaf Spot/GrayLeafSpot1040.jpg,,,,,,disease-class=2_foliar_disease
GrayLeafSpot1041,disease/Gray Leaf Spot,Dataset/Coconut Tree Disease Dataset/Gray Leaf Spot/GrayLeafSpot1041.jpg,,,,,,disease-class=2_foliar_disease
GrayLeafSpot1042,disease/Gray Leaf Spot,Dataset/Coconut Tree Disease Dataset/Gray Leaf Spot/GrayLeafSpot1042.jpg,,,,,,disease-class=2_foliar_disease
GrayLeafSpot1043,disease/Gray Leaf Spot,Dataset/Coconut Tree Disease Dataset/Gray Leaf Spot/GrayLeafSpot1043.jpg,,,,,,disease-class=2_foliar_disease
GrayLeafSpot1044,disease/Gray Leaf Spot,Dataset/Coconut Tree Disease Dataset/Gray Leaf Spot/GrayLeafSpot1044.jpg,,,,,,disease-class=2_foliar_disease
GrayLeafSpot1045,disease/Gray Leaf Spot,Dataset/Coconut Tree Disease Dataset/Gray Leaf Spot/GrayLeafSpot1045.jpg,,,,,,disease-class=2_foliar_disease
GrayLeafSpot1046,disease/Gray Leaf Spot,Dataset/Coconut Tree Disease Dataset/Gray Leaf Spot/GrayLeafSpot1046.jpg,,,,,,disease-class=2_foliar_disease
GrayLeafSpot1047,disease/Gray Leaf Spot,Dataset/Coconut Tree Disease Dataset/Gray Leaf Spot/GrayLeafSpot1047.jpg,,,,,,disease-class=2_foliar_disease
GrayLeafSpot1048,disease/Gray Leaf Spot,Dataset/Coconut Tree Disease Dataset/Gray Leaf Spot/GrayLeafSpot1048.jpg,,,,,,disease-class=2_foliar_disease
GrayLeafSpot1049,disease/Gray Leaf Spot,Dataset/Coconut Tree Disease Dataset/Gray Leaf Spot/GrayLeafSpot1049.jpg,,,,,,disease-class=2_foliar_disease
GrayLeafSpot105,disease/Gray Leaf Spot,Dataset/Coconut Tree Disease Dataset/Gray Leaf Spot/GrayLeafSpot105.jpg,,,,,,disease-class=2_foliar_disease
GrayLeafSpot1050,disease/Gray Leaf Spot,Dataset/Coconut Tree Disease Dataset/Gray Leaf Spot/GrayLeafSpot1050.jpg,,,,,,disease-class=2_foliar_disease
GrayLeafSpot1051,disease/Gray Leaf Spot,Dataset/Coconut Tree Disease Dataset/Gray Leaf Spot/GrayLeafSpot1051.jpg,,,,,,disease-class=2_foliar_disease
GrayLeafSpot1052,disease/Gray Leaf Spot,Dataset/Coconut Tree Disease Dataset/Gray Leaf Spot/GrayLeafSpot1052.jpg,,,,,,disease-class=2_foliar_disease
GrayLeafSpot1053,disease/Gray Leaf Spot,Dataset/Coconut Tree Disease Dataset/Gray Leaf Spot/GrayLeafSpot1053.jpg,,,,,,disease-class=2_foliar_disease
GrayLeafSpot1054,disease/Gray Leaf Spot,Dataset/Coconut Tree Disease Dataset/Gray Leaf Spot/GrayLeafSpot1054.jpg,,,,,,disease-class=2_foliar_disease
GrayLeafSpot1055,disease/Gray Leaf Spot,Dataset/Coconut Tree Disease Dataset/Gray Leaf Spot/GrayLeafSpot1055.jpg,,,,,,disease-class=2_foliar_disease
GrayLeafSpot1056,disease/Gray Leaf Spot,Dataset/Coconut Tree Disease Dataset/Gray Leaf Spot/GrayLeafSpot1056.jpg,,,,,,disease-class=2_foliar_disease
GrayLeafSpot1057,disease/Gray Leaf Spot,Dataset/Coconut Tree Disease Dataset/Gray Leaf Spot/GrayLeafSpot1057.jpg,,,,,,disease-class=2_foliar_disease
GrayLeafSpot1058,disease/Gray Leaf Spot,Dataset/Coconut Tree Disease Dataset/Gray Leaf Spot/GrayLeafSpot1058.jpg,,,,,,disease-class=2_foliar_disease
GrayLeafSpot1059,disease/Gray Leaf Spot,Dataset/Coconut Tree Disease Dataset/Gray Leaf Spot/GrayLeafSpot1059.jpg,,,,,,disease-class=2_foliar_disease
GrayLeafSpot106,disease/Gray Leaf Spot,Dataset/Coconut Tree Disease Dataset/Gray Leaf Spot/GrayLeafSpot106.jpg,,,,,,disease-class=2_foliar_disease
GrayLeafSpot1060,disease/Gray Leaf Spot,Dataset/Coconut Tree Disease Dataset/Gray Leaf Spot/GrayLeafSpot1060.jpg,,,,,,disease-class=2_foliar_disease
GrayLeafSpot1061,disease/Gray Leaf Spot,Dataset/Coconut Tree Disease Dataset/Gray Leaf Spot/GrayLeafSpot1061.jpg,,,,,,disease-class=2_foliar_disease
GrayLeafSpot1062,disease/Gray Leaf Spot,Dataset/Coconut Tree Disease Dataset/Gray Leaf Spot/GrayLeafSpot1062.jpg,,,,,,disease-class=2_foliar_disease
GrayLeafSpot1063,disease/Gray Leaf Spot,Dataset/Coconut Tree Disease Dataset/Gray Leaf Spot/GrayLeafSpot1063.jpg,,,,,,disease-class=2_foliar_disease
GrayLeafSpot1064,disease/Gray Leaf Spot,Dataset/Coconut Tree Disease Dataset/Gray Leaf Spot/GrayLeafSpot1064.jpg,,,,,,disease-class=2_foliar_disease
GrayLeafSpot1065,disease/Gray Leaf Spot,Dataset/Coconut Tree Disease Dataset/Gray Leaf Spot/GrayLeafSpot1065.jpg,,,,,,disease-class=2_foliar_disease
GrayLeafSpot1066,disease/Gray Leaf Spot,Dataset/Coconut Tree Disease Dataset/Gray Leaf Spot/GrayLeafSpot1066.jpg,,,,,,disease-class=2_foliar_disease
GrayLeafSpot1067,disease/Gray Leaf Spot,Dataset/Coconut Tree Disease Dataset/Gray Leaf Spot/GrayLeafSpot1067.jpg,,,,,,disease-class=2_foliar_disease
GrayLeafSpot1068,disease/Gray Leaf Spot,Dataset/Coconut Tree Disease Dataset/Gray Leaf Spot/GrayLeafSpot1068.jpg,,,,,,disease-class=2_foliar_disease
GrayLeafSpot1069,disease/Gray Leaf Spot,Dataset/Coconut Tree Disease Dataset/Gray Leaf Spot/GrayLeafSpot1069.jpg,,,,,,disease-class=2_foliar_disease
GrayLeafSpot107,disease/Gray Leaf Spot,Dataset/Coconut Tree Disease Dataset/Gray Leaf Spot/GrayLeafSpot107.jpg,,,,,,disease-class=2_foliar_disease
GrayLeafSpot1070,disease/Gray Leaf Spot,Dataset/Coconut Tree Disease Dataset/Gray Leaf Spot/GrayLeafSpot1070.jpg,,,,,,disease-class=2_foliar_disease
GrayLeafSpot1071,disease/Gray Leaf Spot,Dataset/Coconut Tree Disease Dataset/Gray Leaf Spot/GrayLeafSpot1071.jpg,,,,,,disease-class=2_foliar_disease
GrayLeafSpot1072,disease/Gray Leaf Spot,Dataset/Coconut Tree Disease Dataset/Gray Leaf Spot/GrayLeafSpot1072.jpg,,,,,,disease-class=2_foliar_disease
GrayLeafSpot1073,disease/Gray Leaf Spot,Dataset/Coconut Tree Disease Dataset/Gray Leaf Spot/GrayLeafSpot1073.jpg,,,,,,disease-class=2_foliar_disease
GrayLeafSpot1074,disease/Gray Leaf Spot,Dataset/Coconut Tree Disease Dataset/Gray Leaf Spot/GrayLeafSpot1074.jpg,,,,,,disease-class=2_foliar_disease
GrayLeafSpot1075,disease/Gray Leaf Spot,Dataset/Coconut Tree Disease Dataset/Gray Leaf Spot/GrayLeafSpot1075.jpg,,,,,,disease-class=2_foliar_disease
GrayLeafSpot1076,disease/Gray Leaf Spot,Dataset/Coconut Tree Disease Dataset/Gray Leaf Spot/GrayLeafSpot1076.jpg,,,,,,disease-class=2_foliar_disease
GrayLeafSpot1077,disease/Gray Leaf Spot,Dataset/Coconut Tree Disease Dataset/Gray Leaf Spot/GrayLeafSpot1077.jpg,,,,,,disease-class=2_foliar_disease
GrayLeafSpot1078,disease/Gray Leaf Spot,Dataset/Coconut Tree Disease Dataset/Gray Leaf Spot/GrayLeafSpot1078.jpg,,,,,,disease-class=2_foliar_disease
GrayLeafSpot1079,disease/Gray Leaf Spot,Dataset/Coconut Tree Disease Dataset/Gray Leaf Spot/GrayLeafSpot1079.jpg,,,,,,disease-class=2_foliar_disease
GrayLeafSpot108,disease/Gray Leaf Spot,Dataset/Coconut Tree Disease Dataset/Gray Leaf Spot/GrayLeafSpot108.jpg,,,,,,disease-class=2_foliar_disease
GrayLeafSpot1080,disease/Gray Leaf Spot,Dataset/Coconut Tree Disease Dataset/Gray Leaf Spot/GrayLeafSpot1080.jpg,,,,,,disease-class=2_foliar_disease
GrayLeafSpot1081,disease/Gray Leaf Spot,Dataset/Coconut Tree Disease Dataset/Gray Leaf Spot/GrayLeafSpot1081.jpg,,,,,,disease-class=2_foliar_disease
GrayLeafSpot1082,disease/Gray Leaf Spot,Dataset/Coconut Tree Disease Dataset/Gray Leaf Spot/GrayLeafSpot1082.jpg,,,,,,disease-class=2_foliar_disease
GrayLeafSpot1083,disease/Gray Leaf Spot,Dataset/Coconut Tree Disease Dataset/Gray Leaf Spot/GrayLeafSpot1083.jpg,,,,,,disease-class=2_foliar_disease
GrayLeafSpot1084,disease/Gray Leaf Spot,Dataset/Coconut Tree Disease Dataset/Gray Leaf Spot/GrayLeafSpot1084.jpg,,,,,,disease-class=2_foliar_disease
GrayLeafSpot1085,disease/Gray Leaf Spot,Dataset/Coconut Tree Disease Dataset/Gray Leaf Spot/GrayLeafSpot1085.jpg,,,,,,disease-class=2_foliar_disease
GrayLeafSpot1086,disease/Gray Leaf Spot,Dataset/Coconut Tree Disease Dataset/Gray Leaf Spot/GrayLeafSpot1086.jpg,,,,,,disease-class=2_foliar_disease
GrayLeafSpot1087,disease/Gray Leaf Spot,Dataset/Coconut Tree Disease Dataset/Gray Leaf Spot/GrayLeafSpot1087.jpg,,,,,,disease-class=2_foliar_disease
GrayLeafSpot1088,disease/Gray Leaf Spot,Dataset/Coconut Tree Disease Dataset/Gray Leaf Spot/GrayLeafSpot1088.jpg,,,,,,disease-class=2_foliar_disease
GrayLeafSpot1089,disease/Gray Leaf Spot,Dataset/Coconut Tree Disease Dataset/Gray Leaf Spot/GrayLeafSpot1089.jpg,,,,,,disease-class=2_foliar_disease
GrayLeafSpot109,disease/Gray Leaf Spot,Dataset/Coconut Tree Disease Dataset/Gray Leaf Spot/GrayLeafSpot109.jpg,,,,,,disease-class=2_foliar_disease
GrayLeafSpot1090,disease/Gray Leaf Spot,Dataset/Coconut Tree Disease Dataset/Gray Leaf Spot/GrayLeafSpot1090.jpg,,,,,,disease-class=2_foliar_disease
GrayLeafSpot1091,disease/Gray Leaf Spot,Dataset/Coconut Tree Disease Dataset/Gray Leaf Spot/GrayLeafSpot1091.jpg,,,,,,disease-class=2_foliar_disease
GrayLeafSpot1092,disease/Gray Leaf Spot,Dataset/Coconut Tree Disease Dataset/Gray Leaf Spot/GrayLeafSpot1092.jpg,,,,,,disease-class=2_foliar_disease
GrayLeafSpot1093,disease/Gray Leaf Spot,Dataset/Coconut Tree Disease Dataset/Gray Leaf Spot/GrayLeafSpot1093.jpg,,,,,,disease-class=2_foliar_disease
GrayLeafSpot1094,disease/Gray Leaf Spot,Dataset/Coconut Tree Disease Dataset/Gray Leaf Spot/GrayLeafSpot1094.jpg,,,,,,disease-class=2_foliar_disease
GrayLeafSpot1095,disease/Gray Leaf Spot,Dataset/Coconut Tree Disease Dataset/Gray Leaf Spot/GrayLeafSpot1095.jpg,,,,,,disease-class=2_foliar_disease
GrayLeafSpot1096,disease/Gray Leaf Spot,Dataset/Coconut Tree Disease Dataset/Gray Leaf Spot/GrayLeafSpot1096.jpg,,,,,,disease-class=2_foliar_disease
GrayLeafSpot1097,disease/Gray Leaf Spot,Dataset/Coconut Tree Disease Dataset/Gray Leaf Spot/GrayLeafSpot1097.jpg,,,,,,disease-class=2_foliar_disease
GrayLeafSpot1098,disease/Gray Leaf Spot,Dataset/Coconut Tree Disease Dataset/Gray Leaf Spot/GrayLeafSpot1098.jpg,,,,,,disease-class=2_foliar_disease
GrayLeafSpot1099,disease/Gray Leaf Spot,Dataset/Coconut Tree Disease Dataset/Gray Leaf Spot/GrayLeafSpot1099.jpg,,,,,,disease-class=2_foliar_disease
GrayLeafSpot110,disease/Gray Leaf Spot,Dataset/Coconut Tree Disease Dataset/Gray Leaf Spot/GrayLeafSpot110.jpg,,,,,,disease-class=2_foliar_disease
GrayLeafSpot1100,disease/Gray Leaf Spot,Dataset/Coconut Tree Disease Dataset/Gray Leaf Spot/GrayLeafSpot1100.jpg,,,,,,disease-class=2_foliar_disease
GrayLeafSpot1101,disease/Gray Leaf Spot,Dataset/Coconut Tree Disease Dataset/Gray Leaf Spot/GrayLeafSpot1101.jpg,,,,,,disease-class=2_foliar_disease
GrayLeafSpot1102,disease/Gray Leaf Spot,Dataset/Coconut Tree Disease Dataset/Gray Leaf Spot/GrayLeafSpot1102.jpg,,,,,,disease-class=2_foliar_disease
GrayLeafSpot1103,disease/Gray Leaf Spot,Dataset/Coconut Tree Disease Dataset/Gray Leaf Spot/GrayLeafSpot1103.jpg,,,,,,disease-class=2_foliar_disease
GrayLeafSpot1104,disease/Gray Leaf Spot,Dataset/Coconut Tree Disease Dataset/Gray Leaf Spot/GrayLeafSpot1104.jpg,,,,,,disease-class=2_foliar_disease
GrayLeafSpot1105,disease/Gray Leaf Spot,Dataset/Coconut Tree Disease Dataset/Gray Leaf Spot/GrayLeafSpot1105.jpg,,,,,,disease-class=2_foliar_disease
GrayLeafSpot1106,disease/Gray Leaf Spot,Dataset/Coconut Tree Disease Dataset/Gray Leaf Spot/GrayLeafSpot1106.jpg,,,,,,disease-class=2_foliar_disease
GrayLeafSpot1107,disease/Gray Leaf Spot,Dataset/Coconut Tree Disease Dataset/Gray Leaf Spot/GrayLeafSpot1107.jpg,,,,,,disease-class=2_foliar_disease
GrayLeafSpot1108,disease/Gray Leaf Spot,Dataset/Coconut Tree Disease Dataset/Gray Leaf Spot/GrayLeafSpot1108.jpg,,,,,,disease-class=2_foliar_disease
GrayLeafSpot1109,disease/Gray Leaf Spot,Dataset/Coconut Tree Disease Dataset/Gray Leaf Spot/GrayLeafSpot1109.jpg,,,,,,disease-class=2_foliar_disease
GrayLeafSpot111,disease/Gray Leaf Spot,Dataset/Coconut Tree Disease Dataset/Gray Leaf Spot/GrayLeafSpot111.jpg,,,,,,disease-class=2_foliar_disease
GrayLeafSpot1110,disease/Gray Leaf Spot,Dataset/Coconut Tree Disease Dataset/Gray Leaf Spot/GrayLeafSpot1110.jpg,,,,,,disease-class=2_foliar_disease
GrayLeafSpot1111,disease/Gray Leaf Spot,Dataset/Coconut Tree Disease Dataset/Gray Leaf Spot/GrayLeafSpot1111.jpg,,,,,,disease-class=2_foliar_disease
GrayLeafSpot1112,disease/Gray Leaf Spot,Dataset/Coconut Tree Disease Dataset/Gray Leaf Spot/GrayLeafSpot1112.jpg,,,,,,disease-class=2_foliar_disease
GrayLeafSpot1113,disease/Gray Leaf Spot,Dataset/Coconut Tree Disease Dataset/Gray Leaf Spot/GrayLeafSpot1113.jpg,,,,,,disease-class=2_foliar_disease
GrayLeafSpot1114,disease/Gray Leaf Spot,Dataset/Coconut Tree Disease Dataset/Gray Leaf Spot/GrayLeafSpot1114.jpg,,,,,,disease-class=2_foliar_disease
GrayLeafSpot1115,disease/Gray Leaf Spot,Dataset/Coconut Tree Disease Dataset/Gray Leaf Spot/GrayLeafSpot1115.jpg,,,,,,disease-class=2_foliar_disease
GrayLeafSpot1116,disease/Gray Leaf Spot,Dataset/Coconut Tree Disease Dataset/Gray Leaf Spot/GrayLeafSpot1116.jpg,,,,,,disease-class=2_foliar_disease
GrayLeafSpot1117,disease/Gray Leaf Spot,Dataset/Coconut Tree Disease Dataset/Gray Leaf Spot/GrayLeafSpot1117.jpg,,,,,,disease-class=2_foliar_disease
GrayLeafSpot1118,disease/Gray Leaf Spot,Dataset/Coconut Tree Disease Dataset/Gray Leaf Spot/GrayLeafSpot1118.jpg,,,,,,disease-class=2_foliar_disease
GrayLeafSpot1119,disease/Gray Leaf Spot,Dataset/Coconut Tree Disease Dataset/Gray Leaf Spot/GrayLeafSpot1119.jpg,,,,,,disease-class=2_foliar_disease
GrayLeafSpot112,disease/Gray Leaf Spot,Dataset/Coconut Tree Disease Dataset/Gray Leaf Spot/GrayLeafSpot112.jpg,,,,,,disease-class=2_foliar_disease
GrayLeafSpot1120,disease/Gray Leaf Spot,Dataset/Coconut Tree Disease Dataset/Gray Leaf Spot/GrayLeafSpot1120.jpg,,,,,,disease-class=2_foliar_disease
GrayLeafSpot1121,disease/Gray Leaf Spot,Dataset/Coconut Tree Disease Dataset/Gray Leaf Spot/GrayLeafSpot1121.jpg,,,,,,disease-class=2_foliar_disease
GrayLeafSpot1122,disease/Gray Leaf Spot,Dataset/Coconut Tree Disease Dataset/Gray Leaf Spot/GrayLeafSpot1122.jpg,,,,,,disease-class=2_foliar_disease
GrayLeafSpot1123,disease/Gray Leaf Spot,Dataset/Coconut Tree Disease Dataset/Gray Leaf Spot/GrayLeafSpot1123.jpg,,,,,,disease-class=2_foliar_disease
GrayLeafSpot1124,disease/Gray Leaf Spot,Dataset/Coconut Tree Disease Dataset/Gray Leaf Spot/GrayLeafSpot1124.jpg,,,,,,disease-class=2_foliar_disease
GrayLeafSpot1125,disease/Gray Leaf Spot,Dataset/Coconut Tree Disease Dataset/Gray Leaf Spot/GrayLeafSpot1125.jpg,,,,,,disease-class=2_foliar_disease
GrayLeafSpot1126,disease/Gray Leaf Spot,Dataset/Coconut Tree Disease Dataset/Gray Leaf Spot/GrayLeafSpot1126.jpg,,,,,,disease-class=2_foliar_disease
GrayLeafSpot1127,disease/Gray Leaf Spot,Dataset/Coconut Tree Disease Dataset/Gray Leaf Spot/GrayLeafSpot1127.jpg,,,,,,disease-class=2_foliar_disease
GrayLeafSpot1128,disease/Gray Leaf Spot,Dataset/Coconut Tree Disease Dataset/Gray Leaf Spot/GrayLeafSpot1128.jpg,,,,,,disease-class=2_foliar_disease
GrayLeafSpot1129,disease/Gray Leaf Spot,Dataset/Coconut Tree Disease Dataset/Gray Leaf Spot/GrayLeafSpot1129.jpg,,,,,,disease-class=2_foliar_disease
GrayLeafSpot113,disease/Gray Leaf Spot,Dataset/Coconut Tree Disease Dataset/Gray Leaf Spot/GrayLeafSpot113.jpg,,,,,,disease-class=2_foliar_disease
GrayLeafSpot1130,disease/Gray Leaf Spot,Dataset/Coconut Tree Disease Dataset/Gray Leaf Spot/GrayLeafSpot1130.jpg,,,,,,disease-class=2_foliar_disease
GrayLeafSpot1131,disease/Gray Leaf Spot,Dataset/Coconut Tree Disease Dataset/Gray Leaf Spot/GrayLeafSpot1131.jpg,,,,,,disease-class=2_foliar_disease
GrayLeafSpot1132,disease/Gray Leaf Spot,Dataset/Coconut Tree Disease Dataset/Gray Leaf Spot/GrayLeafSpot1132.jpg,,,,,,disease-class=2_foliar_disease
GrayLeafSpot1133,disease/Gray Leaf Spot,Dataset/Coconut Tree Disease Dataset/Gray Leaf Spot/GrayLeafSpot1133.jpg,,,,,,disease-class=2_foliar_disease
GrayLeafSpot1134,disease/Gray Leaf Spot,Dataset/Coconut Tree Disease Dataset/Gray Leaf Spot/GrayLeafSpot1134.jpg,,,,,,disease-class=2_foliar_disease
GrayLeafSpot1135,disease/Gray Leaf Spot,Dataset/Coconut Tree Disease Dataset/Gray Leaf Spot/GrayLeafSpot1135.jpg,,,,,,disease-class=2_foliar_disease
GrayLeafSpot1136,disease/Gray Leaf Spot,Dataset/Coconut Tree Disease Dataset/Gray Leaf Spot/GrayLeafSpot1136.jpg,,,,,,disease-class=2_foliar_disease
GrayLeafSpot1137,disease/Gray Leaf Spot,Dataset/Coconut Tree Disease Dataset/Gray Leaf Spot/GrayLeafSpot1137.jpg,,,,,,disease-class=2_foliar_disease
GrayLeafSpot1138,disease/Gray Leaf Spot,Dataset/Coconut Tree Disease Dataset/Gray Leaf Spot/GrayLeafSpot1138.jpg,,,,,,disease-class=2_foliar_disease
GrayLeafSpot1139,disease/Gray Leaf Spot,Dataset/Coconut Tree Disease Dataset/Gray Leaf Spot/GrayLeafSpot1139.jpg,,,,,,disease-class=2_foliar_disease
GrayLeafSpot114,disease/Gray Leaf Spot,Dataset/Coconut Tree Disease Dataset/Gray Leaf Spot/GrayLeafSpot114.jpg,,,,,,disease-class=2_foliar_disease
GrayLeafSpot1140,disease/Gray Leaf Spot,Dataset/Coconut Tree Disease Dataset/Gray Leaf Spot/GrayLeafSpot1140.jpg,,,,,,disease-class=2_foliar_disease
GrayLeafSpot1141,disease/Gray Leaf Spot,Dataset/Coconut Tree Disease Dataset/Gray Leaf Spot/GrayLeafSpot1141.jpg,,,,,,disease-class=2_foliar_disease
GrayLeafSpot1142,disease/Gray Leaf Spot,Dataset/Coconut Tree Disease Dataset/Gray Leaf Spot/GrayLeafSpot1142.jpg,,,,,,disease-class=2_foliar_disease
GrayLeafSpot1143,disease/Gray Leaf Spot,Dataset/Coconut Tree Disease Dataset/Gray Leaf Spot/GrayLeafSpot1143.jpg,,,,,,disease-class=2_foliar_disease
GrayLeafSpot1144,disease/Gray Leaf Spot,Dataset/Coconut Tree Disease Dataset/Gray Leaf Spot/GrayLeafSpot1144.jpg,,,,,,disease-class=2_foliar_disease
GrayLeafSpot1145,disease/Gray Leaf Spot,Dataset/Coconut Tree Disease Dataset/Gray Leaf Spot/GrayLeafSpot1145.jpg,,,,,,disease-class=2_foliar_disease
GrayLeafSpot1146,disease/Gray Leaf Spot,Dataset/Coconut Tree Disease Dataset/Gray Leaf Spot/GrayLeafSpot1146.jpg,,,,,,disease-class=2_foliar_disease
GrayLeafSpot1147,disease/Gray Leaf Spot,Dataset/Coconut Tree Disease Dataset/Gray Leaf Spot/GrayLeafSpot1147.jpg,,,,,,disease-class=2_foliar_disease
GrayLeafSpot1148,disease/Gray Leaf Spot,Dataset/Coconut Tree Disease Dataset/Gray Leaf Spot/GrayLeafSpot1148.jpg,,,,,,disease-class=2_foliar_disease
GrayLeafSpot1149,disease/Gray Leaf Spot,Dataset/Coconut Tree Disease Dataset/Gray Leaf Spot/GrayLeafSpot1149.jpg,,,,,,disease-class=2_foliar_disease
GrayLeafSpot115,disease/Gray Leaf Spot,Dataset/Coconut Tree Disease Dataset/Gray Leaf Spot/GrayLeafSpot115.jpg,,,,,,disease-class=2_foliar_disease
GrayLeafSpot1150,disease/Gray Leaf Spot,Dataset/Coconut Tree Disease Dataset/Gray Leaf Spot/GrayLeafSpot1150.jpg,,,,,,disease-class=2_foliar_disease
GrayLeafSpot1151,disease/Gray Leaf Spot,Dataset/Coconut Tree Disease Dataset/Gray Leaf Spot/GrayLeafSpot1151.jpg,,,,,,disease-class=2_foliar_disease
GrayLeafSpot1152,disease/Gray Leaf Spot,Dataset/Coconut Tree Disease Dataset/Gray Leaf Spot/GrayLeafSpot1152.jpg,,,,,,disease-class=2_foliar_disease
GrayLeafSpot1153,disease/Gray Leaf Spot,Dataset/Coconut Tree Disease Dataset/Gray Leaf Spot/GrayLeafSpot1153.jpg,,,,,,disease-class=2_foliar_disease
GrayLeafSpot1154,disease/Gray Leaf Spot,Dataset/Coconut Tree Disease Dataset/Gray Leaf Spot/GrayLeafSpot1154.jpg,,,,,,disease-class=2_foliar_disease
GrayLeafSpot1155,disease/Gray Leaf Spot,Dataset/Coconut Tree Disease Dataset/Gray Leaf Spot/GrayLeafSpot1155.jpg,,,,,,disease-class=2_foliar_disease
GrayLeafSpot1156,disease/Gray Leaf Spot,Dataset/Coconut Tree Disease Dataset/Gray Leaf Spot/GrayLeafSpot1156.jpg,,,,,,disease-class=2_foliar_disease
GrayLeafSpot1157,disease/Gray Leaf Spot,Dataset/Coconut Tree Disease Dataset/Gray Leaf Spot/GrayLeafSpot1157.jpg,,,,,,disease-class=2_foliar_disease
GrayLeafSpot1158,disease/Gray Leaf Spot,Dataset/Coconut Tree Disease Dataset/Gray Leaf Spot/GrayLeafSpot1158.jpg,,,,,,disease-class=2_foliar_disease
GrayLeafSpot1159,disease/Gray Leaf Spot,Dataset/Coconut Tree Disease Dataset/Gray Leaf Spot/GrayLeafSpot1159.jpg,,,,,,disease-class=2_foliar_disease
GrayLeafSpot116,disease/Gray Leaf Spot,Dataset/Coconut Tree Disease Dataset/Gray Leaf Spot/GrayLeafSpot116.jpg,,,,,,disease-class=2_foliar_disease
GrayLeafSpot1160,disease/Gray Leaf Spot,Dataset/Coconut Tree Disease Dataset/Gray Leaf Spot/GrayLeafSpot1160.jpg,,,,,,disease-class=2_foliar_disease
GrayLeafSpot1161,disease/Gray Leaf Spot,Dataset/Coconut Tree Disease Dataset/Gray Leaf Spot/GrayLeafSpot1161.jpg,,,,,,disease-class=2_foliar_disease
GrayLeafSpot1162,disease/Gray Leaf Spot,Dataset/Coconut Tree Disease Dataset/Gray Leaf Spot/GrayLeafSpot1162.jpg,,,,,,disease-class=2_foliar_disease
GrayLeafSpot1163,disease/Gray Leaf Spot,Dataset/Coconut Tree Disease Dataset/Gray Leaf Spot/GrayLeafSpot1163.jpg,,,,,,disease-class=2_foliar_disease
GrayLeafSpot1164,disease/Gray Leaf Spot,Dataset/Coconut Tree Disease Dataset/Gray Leaf Spot/GrayLeafSpot1164.jpg,,,,,,disease-class=2_foliar_disease
GrayLeafSpot1165,disease/Gray Leaf Spot,Dataset/Coconut Tree Disease Dataset/Gray Leaf Spot/GrayLeafSpot1165.jpg,,,,,,disease-class=2_foliar_disease
GrayLeafSpot1166,disease/Gray Leaf Spot,Dataset/Coconut Tree Disease Dataset/Gray Leaf Spot/GrayLeafSpot1166.jpg,,,,,,disease-class=2_foliar_disease
GrayLeafSpot1167,disease/Gray Leaf Spot,Dataset/Coconut Tree Disease Dataset/Gray Leaf Spot/GrayLeafSpot1167.jpg,,,,,,disease-class=2_foliar_disease
GrayLeafSpot1168,disease/Gray Leaf Spot,Dataset/Coconut Tree Disease Dataset/Gray Leaf Spot/GrayLeafSpot1168.jpg,,,,,,disease-class=2_foliar_disease
GrayLeafSpot1169,disease/Gray Leaf Spot,Dataset/Coconut Tree Disease Dataset/Gray Leaf Spot/GrayLeafSpot1169.jpg,,,,,,disease-class=2_foliar_disease
GrayLeafSpot117,disease/Gray Leaf Spot,Dataset/Coconut Tree Disease Dataset/Gray Leaf Spot/GrayLeafSpot117.jpg,,,,,,disease-class=2_foliar_disease
GrayLeafSpot1170,disease/Gray Leaf Spot,Dataset/Coconut Tree Disease Dataset/Gray Leaf Spot/GrayLeafSpot1170.jpg,,,,,,disease-class=2_foliar_disease
GrayLeafSpot1171,disease/Gray Leaf Spot,Dataset/Coconut Tree Disease Dataset/Gray Leaf Spot/GrayLeafSpot1171.jpg,,,,,,disease-class=2_foliar_disease
GrayLeafSpot1172,disease/Gray Leaf Spot,Dataset/Coconut Tree Disease Dataset/Gray Leaf Spot/GrayLeafSpot1172.jpg,,,,,,disease-class=2_foliar_disease
GrayLeafSpot1173,disease/Gray Leaf Spot,Dataset/Coconut Tree Disease Dataset/Gray Leaf Spot/GrayLeafSpot1173.jpg,,,,,,disease-class=2_foliar_disease
GrayLeafSpot1174,disease/Gray Leaf Spot,Dataset/Coconut Tree Disease Dataset/Gray Leaf Spot/GrayLeafSpot1174.jpg,,,,,,disease-class=2_foliar_disease
GrayLeafSpot1175,disease/Gray Leaf Spot,Dataset/Coconut Tree Disease Dataset/Gray Leaf Spot/GrayLeafSpot1175.jpg,,,,,,disease-class=2_foliar_disease
GrayLeafSpot1176,disease/Gray Leaf Spot,Dataset/Coconut Tree Disease Dataset/Gray Leaf Spot/GrayLeafSpot1176.jpg,,,,,,disease-class=2_foliar_disease
GrayLeafSpot1177,disease/Gray Leaf Spot,Dataset/Coconut Tree Disease Dataset/Gray Leaf Spot/GrayLeafSpot1177.jpg,,,,,,disease-class=2_foliar_disease
GrayLeafSpot1178,disease/Gray Leaf Spot,Dataset/Coconut Tree Disease Dataset/Gray Leaf Spot/GrayLeafSpot1178.jpg,,,,,,disease-class=2_foliar_disease
GrayLeafSpot1179,disease/Gray Leaf Spot,Dataset/Coconut Tree Disease Dataset/Gray Leaf Spot/GrayLeafSpot1179.jpg,,,,,,disease-class=2_foliar_disease
GrayLeafSpot118,disease/Gray Leaf Spot,Dataset/Coconut Tree Disease Dataset/Gray Leaf Spot/GrayLeafSpot118.jpg,,,,,,disease-class=2_foliar_disease
GrayLeafSpot1180,disease/Gray Leaf Spot,Dataset/Coconut Tree Disease Dataset/Gray Leaf Spot/GrayLeafSpot1180.jpg,,,,,,disease-class=2_foliar_disease
GrayLeafSpot1181,disease/Gray Leaf Spot,Dataset/Coconut Tree Disease Dataset/Gray Leaf Spot/GrayLeafSpot1181.jpg,,,,,,disease-class=2_foliar_disease
GrayLeafSpot1182,disease/Gray Leaf Spot,Dataset/Coconut Tree Disease Dataset/Gray Leaf Spot/GrayLeafSpot1182.jpg,,,,,,disease-class=2_foliar_disease
GrayLeafSpot1183,disease/Gray Leaf Spot,Dataset/Coconut Tree Disease Dataset/Gray Leaf Spot/GrayLeafSpot1183.jpg,,,,,,disease-class=2_foliar_disease
GrayLeafSpot1184,disease/Gray Leaf Spot,Dataset/Coconut Tree Disease Dataset/Gray Leaf Spot/GrayLeafSpot1184.jpg,,,,,,disease-class=2_foliar_disease
GrayLeafSpot1185,disease/Gray Leaf Spot,Dataset/Coconut Tree Disease Dataset/Gray Leaf Spot/GrayLeafSpot1185.jpg,,,,,,disease-class=2_foliar_disease
GrayLeafSpot1186,disease/Gray Leaf Spot,Dataset/Coconut Tree Disease Dataset/Gray Leaf Spot/GrayLeafSpot1186.jpg,,,,,,disease-class=2_foliar_disease
GrayLeafSpot1187,disease/Gray Leaf Spot,Dataset/Coconut Tree Disease Dataset/Gray Leaf Spot/GrayLeafSpot1187.jpg,,,,,,disease-class=2_foliar_disease
GrayLeafSpot1188,disease/Gray Leaf Spot,Dataset/Coconut Tree Disease Dataset/Gray Leaf Spot/GrayLeafSpot1188.jpg,,,,,,disease-class=2_foliar_disease
GrayLeafSpot1189,disease/Gray Leaf Spot,Dataset/Coconut Tree Disease Dataset/Gray Leaf Spot/GrayLeafSpot1189.jpg,,,,,,disease-class=2_foliar_disease
GrayLeafSpot119,disease/Gray Leaf Spot,Dataset/Coconut Tree Disease Dataset/Gray Leaf Spot/GrayLeafSpot119.jpg,,,,,,disease-class=2_foliar_disease
GrayLeafSpot1190,disease/Gray Leaf Spot,Dataset/Coconut Tree Disease Dataset/Gray Leaf Spot/GrayLeafSpot1190.jpg,,,,,,disease-class=2_foliar_disease
GrayLeafSpot1191,disease/Gray Leaf Spot,Dataset/Coconut Tree Disease Dataset/Gray Leaf Spot/GrayLeafSpot1191.jpg,,,,,,disease-class=2_foliar_disease
GrayLeafSpot1192,disease/Gray Leaf Spot,Dataset/Coconut Tree Disease Dataset/Gray Leaf Spot/GrayLeafSpot1192.jpg,,,,,,disease-class=2_foliar_disease
GrayLeafSpot1193,disease/Gray Leaf Spot,Dataset/Coconut Tree Disease Dataset/Gray Leaf Spot/GrayLeafSpot1193.jpg,,,,,,disease-class=2_foliar_disease
GrayLeafSpot1194,disease/Gray Leaf Spot,Dataset/Coconut Tree Disease Dataset/Gray Leaf Spot/GrayLeafSpot1194.jpg,,,,,,disease-class=2_foliar_disease
GrayLeafSpot1195,disease/Gray Leaf Spot,Dataset/Coconut Tree Disease Dataset/Gray Leaf Spot/GrayLeafSpot1195.jpg,,,,,,disease-class=2_foliar_disease
GrayLeafSpot1196,disease/Gray Leaf Spot,Dataset/Coconut Tree Disease Dataset/Gray Leaf Spot/GrayLeafSpot1196.jpg,,,,,,disease-class=2_foliar_disease
GrayLeafSpot1197,disease/Gray Leaf Spot,Dataset/Coconut Tree Disease Dataset/Gray Leaf Spot/GrayLeafSpot1197.jpg,,,,,,disease-class=2_foliar_disease
GrayLeafSpot1198,disease/Gray Leaf Spot,Dataset/Coconut Tree Disease Dataset/Gray Leaf Spot/GrayLeafSpot1198.jpg,,,,,,disease-class=2_foliar_disease
GrayLeafSpot1199,disease/Gray Leaf Spot,Dataset/Coconut Tree Disease Dataset/Gray Leaf Spot/GrayLeafSpot1199.jpg,,,,,,disease-class=2_foliar_disease
GrayLeafSpot120,disease/Gray Leaf Spot,Dataset/Coconut Tree Disease Dataset/Gray Leaf Spot/GrayLeafSpot120.jpg,,,,,,disease-class=2_foliar_disease
GrayLeafSpot1200,disease/Gray Leaf Spot,Dataset/Coconut Tree Disease Dataset/Gray Leaf Spot/GrayLeafSpot1200.jpg,,,,,,disease-class=2_foliar_disease
GrayLeafSpot1201,disease/Gray Leaf Spot,Dataset/Coconut Tree Disease Dataset/Gray Leaf Spot/GrayLeafSpot1201.jpg,,,,,,disease-class=2_foliar_disease
GrayLeafSpot1202,disease/Gray Leaf Spot,Dataset/Coconut Tree Disease Dataset/Gray Leaf Spot/GrayLeafSpot1202.jpg,,,,,,disease-class=2_foliar_disease
GrayLeafSpot1203,disease/Gray Leaf Spot,Dataset/Coconut Tree Disease Dataset/Gray Leaf Spot/GrayLeafSpot1203.jpg,,,,,,disease-class=2_foliar_disease
GrayLeafSpot1204,disease/Gray Leaf Spot,Dataset/Coconut Tree Disease Dataset/Gray Leaf Spot/GrayLeafSpot1204.jpg,,,,,,disease-class=2_foliar_disease
GrayLeafSpot1205,disease/Gray Leaf Spot,Dataset/Coconut Tree Disease Dataset/Gray Leaf Spot/GrayLeafSpot1205.jpg,,,,,,disease-class=2_foliar_disease
GrayLeafSpot1206,disease/Gray Leaf Spot,Dataset/Coconut Tree Disease Dataset/Gray Leaf Spot/GrayLeafSpot1206.jpg,,,,,,disease-class=2_foliar_disease
GrayLeafSpot1207,disease/Gray Leaf Spot,Dataset/Coconut Tree Disease Dataset/Gray Leaf Spot/GrayLeafSpot1207.jpg,,,,,,disease-class=2_foliar_disease
GrayLeafSpot1208,disease/Gray Leaf Spot,Dataset/Coconut Tree Disease Dataset/Gray Leaf Spot/GrayLeafSpot1208.jpg,,,,,,disease-class=2_foliar_disease
GrayLeafSpot1209,disease/Gray Leaf Spot,Dataset/Coconut Tree Disease Dataset/Gray Leaf Spot/GrayLeafSpot1209.jpg,,,,,,disease-class=2_foliar_disease
GrayLeafSpot121,disease/Gray Leaf Spot,Dataset/Coconut Tree Disease Dataset/Gray Leaf Spot/GrayLeafSpot121.jpg,,,,,,disease-class=2_foliar_disease
GrayLeafSpot1210,disease/Gray Leaf Spot,Dataset/Coconut Tree Disease Dataset/Gray Leaf Spot/GrayLeafSpot1210.jpg,,,,,,disease-class=2_foliar_disease
GrayLeafSpot1211,disease/Gray Leaf Spot,Dataset/Coconut Tree Disease Dataset/Gray Leaf Spot/GrayLeafSpot1211.jpg,,,,,,disease-class=2_foliar_disease
GrayLeafSpot1212,disease/Gray Leaf Spot,Dataset/Coconut Tree Disease Dataset/Gray Leaf Spot/GrayLeafSpot1212.jpg,,,,,,disease-class=2_foliar_disease
GrayLeafSpot1213,disease/Gray Leaf Spot,Dataset/Coconut Tree Disease Dataset/Gray Leaf Spot/GrayLeafSpot1213.jpg,,,,,,disease-class=2_foliar_disease
GrayLeafSpot1214,disease/Gray Leaf Spot,Dataset/Coconut Tree Disease Dataset/Gray Leaf Spot/GrayLeafSpot1214.jpg,,,,,,disease-class=2_foliar_disease
GrayLeafSpot1215,disease/Gray Leaf Spot,Dataset/Coconut Tree Disease Dataset/Gray Leaf Spot/GrayLeafSpot1215.jpg,,,,,,disease-class=2_foliar_disease
GrayLeafSpot1216,disease/Gray Leaf Spot,Dataset/Coconut Tree Disease Dataset/Gray Leaf Spot/GrayLeafSpot1216.jpg,,,,,,disease-class=2_foliar_disease
GrayLeafSpot1217,disease/Gray Leaf Spot,Dataset/Coconut Tree Disease Dataset/Gray Leaf Spot/GrayLeafSpot1217.jpg,,,,,,disease-class=2_foliar_disease
GrayLeafSpot1218,disease/Gray Leaf Spot,Dataset/Coconut Tree Disease Dataset/Gray Leaf Spot/GrayLeafSpot1218.jpg,,,,,,disease-class=2_foliar_disease
GrayLeafSpot1219,disease/Gray Leaf Spot,Dataset/Coconut Tree Disease Dataset/Gray Leaf Spot/GrayLeafSpot1219.jpg,,,,,,disease-class=2_foliar_disease
GrayLeafSpot122,disease/Gray Leaf Spot,Dataset/Coconut Tree Disease Dataset/Gray Leaf Spot/GrayLeafSpot122.jpg,,,,,,disease-class=2_foliar_disease
GrayLeafSpot1220,disease/Gray Leaf Spot,Dataset/Coconut Tree Disease Dataset/Gray Leaf Spot/GrayLeafSpot1220.jpg,,,,,,disease-class=2_foliar_disease
GrayLeafSpot1221,disease/Gray Leaf Spot,Dataset/Coconut Tree Disease Dataset/Gray Leaf Spot/GrayLeafSpot1221.jpg,,,,,,disease-class=2_foliar_disease
GrayLeafSpot1222,disease/Gray Leaf Spot,Dataset/Coconut Tree Disease Dataset/Gray Leaf Spot/GrayLeafSpot1222.jpg,,,,,,disease-class=2_foliar_disease
GrayLeafSpot1223,disease/Gray Leaf Spot,Dataset/Coconut Tree Disease Dataset/Gray Leaf Spot/GrayLeafSpot1223.jpg,,,,,,disease-class=2_foliar_disease
GrayLeafSpot1224,disease/Gray Leaf Spot,Dataset/Coconut Tree Disease Dataset/Gray Leaf Spot/GrayLeafSpot1224.jpg,,,,,,disease-class=2_foliar_disease
GrayLeafSpot1225,disease/Gray Leaf Spot,Dataset/Coconut Tree Disease Dataset/Gray Leaf Spot/GrayLeafSpot1225.jpg,,,,,,disease-class=2_foliar_disease
GrayLeafSpot1226,disease/Gray Leaf Spot,Dataset/Coconut Tree Disease Dataset/Gray Leaf Spot/GrayLeafSpot1226.jpg,,,,,,disease-class=2_foliar_disease
GrayLeafSpot1227,disease/Gray Leaf Spot,Dataset/Coconut Tree Disease Dataset/Gray Leaf Spot/GrayLeafSpot1227.jpg,,,,,,disease-class=2_foliar_disease
GrayLeafSpot1228,disease/Gray Leaf Spot,Dataset/Coconut Tree Disease Dataset/Gray Leaf Spot/GrayLeafSpot1228.jpg,,,,,,disease-class=2_foliar_disease
GrayLeafSpot1229,disease/Gray Leaf Spot,Dataset/Coconut Tree Disease Dataset/Gray Leaf Spot/GrayLeafSpot1229.jpg,,,,,,disease-class=2_foliar_disease
GrayLeafSpot123,disease/Gray Leaf Spot,Dataset/Coconut Tree Disease Dataset/Gray Leaf Spot/GrayLeafSpot123.jpg,,,,,,disease-class=2_foliar_disease
GrayLeafSpot1230,disease/Gray Leaf Spot,Dataset/Coconut Tree Disease Dataset/Gray Leaf Spot/GrayLeafSpot1230.jpg,,,,,,disease-class=2_foliar_disease
GrayLeafSpot1231,disease/Gray Leaf Spot,Dataset/Coconut Tree Disease Dataset/Gray Leaf Spot/GrayLeafSpot1231.jpg,,,,,,disease-class=2_foliar_disease
GrayLeafSpot1232,disease/Gray Leaf Spot,Dataset/Coconut Tree Disease Dataset/Gray Leaf Spot/GrayLeafSpot1232.jpg,,,,,,disease-class=2_foliar_disease
GrayLeafSpot1233,disease/Gray Leaf Spot,Dataset/Coconut Tree Disease Dataset/Gray Leaf Spot/GrayLeafSpot1233.jpg,,,,,,disease-class=2_foliar_disease
GrayLeafSpot1234,disease/Gray Leaf Spot,Dataset/Coconut Tree Disease Dataset/Gray Leaf Spot/GrayLeafSpot1234.jpg,,,,,,disease-class=2_foliar_disease
GrayLeafSpot1235,disease/Gray Leaf Spot,Dataset/Coconut Tree Disease Dataset/Gray Leaf Spot/GrayLeafSpot1235.jpg,,,,,,disease-class=2_foliar_disease
GrayLeafSpot1236,disease/Gray Leaf Spot,Dataset/Coconut Tree Disease Dataset/Gray Leaf Spot/GrayLeafSpot1236.jpg,,,,,,disease-class=2_foliar_disease
GrayLeafSpot1237,disease/Gray Leaf Spot,Dataset/Coconut Tree Disease Dataset/Gray Leaf Spot/GrayLeafSpot1237.jpg,,,,,,disease-class=2_foliar_disease
GrayLeafSpot1238,disease/Gray Leaf Spot,Dataset/Coconut Tree Disease Dataset/Gray Leaf Spot/GrayLeafSpot1238.jpg,,,,,,disease-class=2_foliar_disease
GrayLeafSpot1239,disease/Gray Leaf Spot,Dataset/Coconut Tree Disease Dataset/Gray Leaf Spot/GrayLeafSpot1239.jpg,,,,,,disease-class=2_foliar_disease
GrayLeafSpot124,disease/Gray Leaf Spot,Dataset/Coconut Tree Disease Dataset/Gray Leaf Spot/GrayLeafSpot124.jpg,,,,,,disease-class=2_foliar_disease
GrayLeafSpot1240,disease/Gray Leaf Spot,Dataset/Coconut Tree Disease Dataset/Gray Leaf Spot/GrayLeafSpot1240.jpg,,,,,,disease-class=2_foliar_disease
GrayLeafSpot1241,disease/Gray Leaf Spot,Dataset/Coconut Tree Disease Dataset/Gray Leaf Spot/GrayLeafSpot1241.jpg,,,,,,disease-class=2_foliar_disease
GrayLeafSpot1242,disease/Gray Leaf Spot,Dataset/Coconut Tree Disease Dataset/Gray Leaf Spot/GrayLeafSpot1242.jpg,,,,,,disease-class=2_foliar_disease
GrayLeafSpot1243,disease/Gray Leaf Spot,Dataset/Coconut Tree Disease Dataset/Gray Leaf Spot/GrayLeafSpot1243.jpg,,,,,,disease-class=2_foliar_disease
GrayLeafSpot1244,disease/Gray Leaf Spot,Dataset/Coconut Tree Disease Dataset/Gray Leaf Spot/GrayLeafSpot1244.jpg,,,,,,disease-class=2_foliar_disease
GrayLeafSpot1245,disease/Gray Leaf Spot,Dataset/Coconut Tree Disease Dataset/Gray Leaf Spot/GrayLeafSpot1245.jpg,,,,,,disease-class=2_foliar_disease
GrayLeafSpot1246,disease/Gray Leaf Spot,Dataset/Coconut Tree Disease Dataset/Gray Leaf Spot/GrayLeafSpot1246.jpg,,,,,,disease-class=2_foliar_disease
GrayLeafSpot1247,disease/Gray Leaf Spot,Dataset/Coconut Tree Disease Dataset/Gray Leaf Spot/GrayLeafSpot1247.jpg,,,,,,disease-class=2_foliar_disease
GrayLeafSpot1248,disease/Gray Leaf Spot,Dataset/Coconut Tree Disease Dataset/Gray Leaf Spot/GrayLeafSpot1248.jpg,,,,,,disease-class=2_foliar_disease
GrayLeafSpot1249,disease/Gray Leaf Spot,Dataset/Coconut Tree Disease Dataset/Gray Leaf Spot/GrayLeafSpot1249.jpg,,,,,,disease-class=2_foliar_disease
GrayLeafSpot125,disease/Gray Leaf Spot,Dataset/Coconut Tree Disease Dataset/Gray Leaf Spot/GrayLeafSpot125.jpg,,,,,,disease-class=2_foliar_disease
GrayLeafSpot1250,disease/Gray Leaf Spot,Dataset/Coconut Tree Disease Dataset/Gray Leaf Spot/GrayLeafSpot1250.jpg,,,,,,disease-class=2_foliar_disease
GrayLeafSpot1251,disease/Gray Leaf Spot,Dataset/Coconut Tree Disease Dataset/Gray Leaf Spot/GrayLeafSpot1251.jpg,,,,,,disease-class=2_foliar_disease
GrayLeafSpot1252,disease/Gray Leaf Spot,Dataset/Coconut Tree Disease Dataset/Gray Leaf Spot/GrayLeafSpot1252.jpg,,,,,,disease-class=2_foliar_disease
GrayLeafSpot1253,disease/Gray Leaf Spot,Dataset/Coconut Tree Disease Dataset/Gray Leaf Spot/GrayLeafSpot1253.jpg,,,,,,disease-class=2_foliar_disease
GrayLeafSpot1254,disease/Gray Leaf Spot,Dataset/Coconut Tree Disease Dataset/Gray Leaf Spot/GrayLeafSpot1254.jpg,,,,,,disease-class=2_foliar_disease
GrayLeafSpot1255,disease/Gray Leaf Spot,Dataset/Coconut Tree Disease Dataset/Gray Leaf Spot/GrayLeafSpot1255.jpg,,,,,,disease-class=2_foliar_disease
GrayLeafSpot1256,disease/Gray Leaf Spot,Dataset/Coconut Tree Disease Dataset/Gray Leaf Spot/GrayLeafSpot1256.jpg,,,,,,disease-class=2_foliar_disease
GrayLeafSpot1257,disease/Gray Leaf Spot,Dataset/Coconut Tree Disease Dataset/Gray Leaf Spot/GrayLeafSpot1257.jpg,,,,,,disease-class=2_foliar_disease
GrayLeafSpot1258,disease/Gray Leaf Spot,Dataset/Coconut Tree Disease Dataset/Gray Leaf Spot/GrayLeafSpot1258.jpg,,,,,,disease-class=2_foliar_disease
GrayLeafSpot1259,disease/Gray Leaf Spot,Dataset/Coconut Tree Disease Dataset/Gray Leaf Spot/GrayLeafSpot1259.jpg,,,,,,disease-class=2_foliar_disease
GrayLeafSpot126,disease/Gray Leaf Spot,Dataset/Coconut Tree Disease Dataset/Gray Leaf Spot/GrayLeafSpot126.jpg,,,,,,disease-class=2_foliar_disease
GrayLeafSpot1260,disease/Gray Leaf Spot,Dataset/Coconut Tree Disease Dataset/Gray Leaf Spot/GrayLeafSpot1260.jpg,,,,,,disease-class=2_foliar_disease
GrayLeafSpot1261,disease/Gray Leaf Spot,Dataset/Coconut Tree Disease Dataset/Gray Leaf Spot/GrayLeafSpot1261.jpg,,,,,,disease-class=2_foliar_disease
GrayLeafSpot1262,disease/Gray Leaf Spot,Dataset/Coconut Tree Disease Dataset/Gray Leaf Spot/GrayLeafSpot1262.jpg,,,,,,disease-class=2_foliar_disease
GrayLeafSpot1263,disease/Gray Leaf Spot,Dataset/Coconut Tree Disease Dataset/Gray Leaf Spot/GrayLeafSpot1263.jpg,,,,,,disease-class=2_foliar_disease
GrayLeafSpot1264,disease/Gray Leaf Spot,Dataset/Coconut Tree Disease Dataset/Gray Leaf Spot/GrayLeafSpot1264.jpg,,,,,,disease-class=2_foliar_disease
GrayLeafSpot1265,disease/Gray Leaf Spot,Dataset/Coconut Tree Disease Dataset/Gray Leaf Spot/GrayLeafSpot1265.jpg,,,,,,disease-class=2_foliar_disease
GrayLeafSpot1266,disease/Gray Leaf Spot,Dataset/Coconut Tree Disease Dataset/Gray Leaf Spot/GrayLeafSpot1266.jpg,,,,,,disease-class=2_foliar_disease
GrayLeafSpot1267,disease/Gray Leaf Spot,Dataset/Coconut Tree Disease Dataset/Gray Leaf Spot/GrayLeafSpot1267.jpg,,,,,,disease-class=2_foliar_disease
GrayLeafSpot1268,disease/Gray Leaf Spot,Dataset/Coconut Tree Disease Dataset/Gray Leaf Spot/GrayLeafSpot1268.jpg,,,,,,disease-class=2_foliar_disease
GrayLeafSpot1269,disease/Gray Leaf Spot,Dataset/Coconut Tree Disease Dataset/Gray Leaf Spot/GrayLeafSpot1269.jpg,,,,,,disease-class=2_foliar_disease
GrayLeafSpot127,disease/Gray Leaf Spot,Dataset/Coconut Tree Disease Dataset/Gray Leaf Spot/GrayLeafSpot127.jpg,,,,,,disease-class=2_foliar_disease
GrayLeafSpot1270,disease/Gray Leaf Spot,Dataset/Coconut Tree Disease Dataset/Gray Leaf Spot/GrayLeafSpot1270.jpg,,,,,,disease-class=2_foliar_disease
GrayLeafSpot1271,disease/Gray Leaf Spot,Dataset/Coconut Tree Disease Dataset/Gray Leaf Spot/GrayLeafSpot1271.jpg,,,,,,disease-class=2_foliar_disease
GrayLeafSpot1272,disease/Gray Leaf Spot,Dataset/Coconut Tree Disease Dataset/Gray Leaf Spot/GrayLeafSpot1272.jpg,,,,,,disease-class=2_foliar_disease
GrayLeafSpot1273,disease/Gray Leaf Spot,Dataset/Coconut Tree Disease Dataset/Gray Leaf Spot/GrayLeafSpot1273.jpg,,,,,,disease-class=2_foliar_disease
GrayLeafSpot1274,disease/Gray Leaf Spot,Dataset/Coconut Tree Disease Dataset/Gray Leaf Spot/GrayLeafSpot1274.jpg,,,,,,disease-class=2_foliar_disease
GrayLeafSpot1275,disease/Gray Leaf Spot,Dataset/Coconut Tree Disease Dataset/Gray Leaf Spot/GrayLeafSpot1275.jpg,,,,,,disease-class=2_foliar_disease
GrayLeafSpot1276,disease/Gray Leaf Spot,Dataset/Coconut Tree Disease Dataset/Gray Leaf Spot/GrayLeafSpot1276.jpg,,,,,,disease-class=2_foliar_disease
GrayLeafSpot1277,disease/Gray Leaf Spot,Dataset/Coconut Tree Disease Dataset/Gray Leaf Spot/GrayLeafSpot1277.jpg,,,,,,disease-class=2_foliar_disease
GrayLeafSpot1278,disease/Gray Leaf Spot,Dataset/Coconut Tree Disease Dataset/Gray Leaf Spot/GrayLeafSpot1278.jpg,,,,,,disease-class=2_foliar_disease
GrayLeafSpot1279,disease/Gray Leaf Spot,Dataset/Coconut Tree Disease Dataset/Gray Leaf Spot/GrayLeafSpot1279.jpg,,,,,,disease-class=2_foliar_disease
GrayLeafSpot128,disease/Gray Leaf Spot,Dataset/Coconut Tree Disease Dataset/Gray Leaf Spot/GrayLeafSpot128.jpg,,,,,,disease-class=2_foliar_disease
GrayLeafSpot1280,disease/Gray Leaf Spot,Dataset/Coconut Tree Disease Dataset/Gray Leaf Spot/GrayLeafSpot1280.jpg,,,,,,disease-class=2_foliar_disease
GrayLeafSpot1281,disease/Gray Leaf Spot,Dataset/Coconut Tree Disease Dataset/Gray Leaf Spot/GrayLeafSpot1281.jpg,,,,,,disease-class=2_foliar_disease
GrayLeafSpot1282,disease/Gray Leaf Spot,Dataset/Coconut Tree Disease Dataset/Gray Leaf Spot/GrayLeafSpot1282.jpg,,,,,,disease-class=2_foliar_disease
GrayLeafSpot1283,disease/Gray Leaf Spot,Dataset/Coconut Tree Disease Dataset/Gray Leaf Spot/GrayLeafSpot1283.jpg,,,,,,disease-class=2_foliar_disease
GrayLeafSpot1284,disease/Gray Leaf Spot,Dataset/Coconut Tree Disease Dataset/Gray Leaf Spot/GrayLeafSpot1284.jpg,,,,,,disease-class=2_foliar_disease
GrayLeafSpot1285,disease/Gray Leaf Spot,Dataset/Coconut Tree Disease Dataset/Gray Leaf Spot/GrayLeafSpot1285.jpg,,,,,,disease-class=2_foliar_disease
GrayLeafSpot1286,disease/Gray Leaf Spot,Dataset/Coconut Tree Disease Dataset/Gray Leaf Spot/GrayLeafSpot1286.jpg,,,,,,disease-class=2_foliar_disease
GrayLeafSpot1287,disease/Gray Leaf Spot,Dataset/Coconut Tree Disease Dataset/Gray Leaf Spot/GrayLeafSpot1287.jpg,,,,,,disease-class=2_foliar_disease
GrayLeafSpot1288,disease/Gray Leaf Spot,Dataset/Coconut Tree Disease Dataset/Gray Leaf Spot/GrayLeafSpot1288.jpg,,,,,,disease-class=2_foliar_disease
GrayLeafSpot1289,disease/Gray Leaf Spot,Dataset/Coconut Tree Disease Dataset/Gray Leaf Spot/GrayLeafSpot1289.jpg,,,,,,disease-class=2_foliar_disease
GrayLeafSpot129,disease/Gray Leaf Spot,Dataset/Coconut Tree Disease Dataset/Gray Leaf Spot/GrayLeafSpot129.jpg,,,,,,disease-class=2_foliar_disease
GrayLeafSpot1290,disease/Gray Leaf Spot,Dataset/Coconut Tree Disease Dataset/Gray Leaf Spot/GrayLeafSpot1290.jpg,,,,,,disease-class=2_foliar_disease
GrayLeafSpot1291,disease/Gray Leaf Spot,Dataset/Coconut Tree Disease Dataset/Gray Leaf Spot/GrayLeafSpot1291.jpg,,,,,,disease-class=2_foliar_disease
GrayLeafSpot1292,disease/Gray Leaf Spot,Dataset/Coconut Tree Disease Dataset/Gray Leaf Spot/GrayLeafSpot1292.jpg,,,,,,disease-class=2_foliar_disease
GrayLeafSpot1293,disease/Gray Leaf Spot,Dataset/Coconut Tree Disease Dataset/Gray Leaf Spot/GrayLeafSpot1293.jpg,,,,,,disease-class=2_foliar_disease
GrayLeafSpot1294,disease/Gray Leaf Spot,Dataset/Coconut Tree Disease Dataset/Gray Leaf Spot/GrayLeafSpot1294.jpg,,,,,,disease-class=2_foliar_disease
GrayLeafSpot1295,disease/Gray Leaf Spot,Dataset/Coconut Tree Disease Dataset/Gray Leaf Spot/GrayLeafSpot1295.jpg,,,,,,disease-class=2_foliar_disease
GrayLeafSpot1296,disease/Gray Leaf Spot,Dataset/Coconut Tree Disease Dataset/Gray Leaf Spot/GrayLeafSpot1296.jpg,,,,,,disease-class=2_foliar_disease
GrayLeafSpot1297,disease/Gray Leaf Spot,Dataset/Coconut Tree Disease Dataset/Gray Leaf Spot/GrayLeafSpot1297.jpg,,,,,,disease-class=2_foliar_disease
GrayLeafSpot1298,disease/Gray Leaf Spot,Dataset/Coconut Tree Disease Dataset/Gray Leaf Spot/GrayLeafSpot1298.jpg,,,,,,disease-class=2_foliar_disease
GrayLeafSpot1299,disease/Gray Leaf Spot,Dataset/Coconut Tree Disease Dataset/Gray Leaf Spot/GrayLeafSpot1299.jpg,,,,,,disease-class=2_foliar_disease
GrayLeafSpot130,disease/Gray Leaf Spot,Dataset/Coconut Tree Disease Dataset/Gray Leaf Spot/GrayLeafSpot130.jpg,,,,,,disease-class=2_foliar_disease
GrayLeafSpot1300,disease/Gray Leaf Spot,Dataset/Coconut Tree Disease Dataset/Gray Leaf Spot/GrayLeafSpot1300.jpg,,,,,,disease-class=2_foliar_disease
GrayLeafSpot1301,disease/Gray Leaf Spot,Dataset/Coconut Tree Disease Dataset/Gray Leaf Spot/GrayLeafSpot1301.jpg,,,,,,disease-class=2_foliar_disease
GrayLeafSpot1302,disease/Gray Leaf Spot,Dataset/Coconut Tree Disease Dataset/Gray Leaf Spot/GrayLeafSpot1302.jpg,,,,,,disease-class=2_foliar_disease
GrayLeafSpot1303,disease/Gray Leaf Spot,Dataset/Coconut Tree Disease Dataset/Gray Leaf Spot/GrayLeafSpot1303.jpg,,,,,,disease-class=2_foliar_disease
GrayLeafSpot1304,disease/Gray Leaf Spot,Dataset/Coconut Tree Disease Dataset/Gray Leaf Spot/GrayLeafSpot1304.jpg,,,,,,disease-class=2_foliar_disease
GrayLeafSpot1305,disease/Gray Leaf Spot,Dataset/Coconut Tree Disease Dataset/Gray Leaf Spot/GrayLeafSpot1305.jpg,,,,,,disease-class=2_foliar_disease
GrayLeafSpot1306,disease/Gray Leaf Spot,Dataset/Coconut Tree Disease Dataset/Gray Leaf Spot/GrayLeafSpot1306.jpg,,,,,,disease-class=2_foliar_disease
GrayLeafSpot1307,disease/Gray Leaf Spot,Dataset/Coconut Tree Disease Dataset/Gray Leaf Spot/GrayLeafSpot1307.jpg,,,,,,disease-class=2_foliar_disease
GrayLeafSpot1308,disease/Gray Leaf Spot,Dataset/Coconut Tree Disease Dataset/Gray Leaf Spot/GrayLeafSpot1308.jpg,,,,,,disease-class=2_foliar_disease
GrayLeafSpot1309,disease/Gray Leaf Spot,Dataset/Coconut Tree Disease Dataset/Gray Leaf Spot/GrayLeafSpot1309.jpg,,,,,,disease-class=2_foliar_disease
GrayLeafSpot131,disease/Gray Leaf Spot,Dataset/Coconut Tree Disease Dataset/Gray Leaf Spot/GrayLeafSpot131.jpg,,,,,,disease-class=2_foliar_disease
GrayLeafSpot1310,disease/Gray Leaf Spot,Dataset/Coconut Tree Disease Dataset/Gray Leaf Spot/GrayLeafSpot1310.jpg,,,,,,disease-class=2_foliar_disease
GrayLeafSpot1311,disease/Gray Leaf Spot,Dataset/Coconut Tree Disease Dataset/Gray Leaf Spot/GrayLeafSpot1311.jpg,,,,,,disease-class=2_foliar_disease
GrayLeafSpot1312,disease/Gray Leaf Spot,Dataset/Coconut Tree Disease Dataset/Gray Leaf Spot/GrayLeafSpot1312.jpg,,,,,,disease-class=2_foliar_disease
GrayLeafSpot1313,disease/Gray Leaf Spot,Dataset/Coconut Tree Disease Dataset/Gray Leaf Spot/GrayLeafSpot1313.jpg,,,,,,disease-class=2_foliar_disease
GrayLeafSpot1314,disease/Gray Leaf Spot,Dataset/Coconut Tree Disease Dataset/Gray Leaf Spot/GrayLeafSpot1314.jpg,,,,,,disease-class=2_foliar_disease
GrayLeafSpot1315,disease/Gray Leaf Spot,Dataset/Coconut Tree Disease Dataset/Gray Leaf Spot/GrayLeafSpot1315.jpg,,,,,,disease-class=2_foliar_disease
GrayLeafSpot1316,disease/Gray Leaf Spot,Dataset/Coconut Tree Disease Dataset/Gray Leaf Spot/GrayLeafSpot1316.jpg,,,,,,disease-class=2_foliar_disease
GrayLeafSpot1317,disease/Gray Leaf Spot,Dataset/Coconut Tree Disease Dataset/Gray Leaf Spot/GrayLeafSpot1317.jpg,,,,,,disease-class=2_foliar_disease
GrayLeafSpot1318,disease/Gray Leaf Spot,Dataset/Coconut Tree Disease Dataset/Gray Leaf Spot/GrayLeafSpot1318.jpg,,,,,,disease-class=2_foliar_disease
GrayLeafSpot1319,disease/Gray Leaf Spot,Dataset/Coconut Tree Disease Dataset/Gray Leaf Spot/GrayLeafSpot1319.jpg,,,,,,disease-class=2_foliar_disease
GrayLeafSpot132,disease/Gray Leaf Spot,Dataset/Coconut Tree Disease Dataset/Gray Leaf Spot/GrayLeafSpot132.jpg,,,,,,disease-class=2_foliar_disease
GrayLeafSpot1320,disease/Gray Leaf Spot,Dataset/Coconut Tree Disease Dataset/Gray Leaf Spot/GrayLeafSpot1320.jpg,,,,,,disease-class=2_foliar_disease
GrayLeafSpot1321,disease/Gray Leaf Spot,Dataset/Coconut Tree Disease Dataset/Gray Leaf Spot/GrayLeafSpot1321.jpg,,,,,,disease-class=2_foliar_disease
GrayLeafSpot1322,disease/Gray Leaf Spot,Dataset/Coconut Tree Disease Dataset/Gray Leaf Spot/GrayLeafSpot1322.jpg,,,,,,disease-class=2_foliar_disease
GrayLeafSpot1323,disease/Gray Leaf Spot,Dataset/Coconut Tree Disease Dataset/Gray Leaf Spot/GrayLeafSpot1323.jpg,,,,,,disease-class=2_foliar_disease
GrayLeafSpot1324,disease/Gray Leaf Spot,Dataset/Coconut Tree Disease Dataset/Gray Leaf Spot/GrayLeafSpot1324.jpg,,,,,,disease-class=2_foliar_disease
GrayLeafSpot1325,disease/Gray Leaf Spot,Dataset/Coconut Tree Disease Dataset/Gray Leaf Spot/GrayLeafSpot1325.jpg,,,,,,disease-class=2_foliar_disease
GrayLeafSpot1326,disease/Gray Leaf Spot,Dataset/Coconut Tree Disease Dataset/Gray Leaf Spot/GrayLeafSpot1326.jpg,,,,,,disease-class=2_foliar_disease
GrayLeafSpot1327,disease/Gray Leaf Spot,Dataset/Coconut Tree Disease Dataset/Gray Leaf Spot/GrayLeafSpot1327.jpg,,,,,,disease-class=2_foliar_disease
GrayLeafSpot1328,disease/Gray Leaf Spot,Dataset/Coconut Tree Disease Dataset/Gray Leaf Spot/GrayLeafSpot1328.jpg,,,,,,disease-class=2_foliar_disease
GrayLeafSpot1329,disease/Gray Leaf Spot,Dataset/Coconut Tree Disease Dataset/Gray Leaf Spot/GrayLeafSpot1329.jpg,,,,,,disease-class=2_foliar_disease
GrayLeafSpot133,disease/Gray Leaf Spot,Dataset/Coconut Tree Disease Dataset/Gray Leaf Spot/GrayLeafSpot133.jpg,,,,,,disease-class=2_foliar_disease
GrayLeafSpot1330,disease/Gray Leaf Spot,Dataset/Coconut Tree Disease Dataset/Gray Leaf Spot/GrayLeafSpot1330.jpg,,,,,,disease-class=2_foliar_disease
GrayLeafSpot1331,disease/Gray Leaf Spot,Dataset/Coconut Tree Disease Dataset/Gray Leaf Spot/GrayLeafSpot1331.jpg,,,,,,disease-class=2_foliar_disease
GrayLeafSpot1332,disease/Gray Leaf Spot,Dataset/Coconut Tree Disease Dataset/Gray Leaf Spot/GrayLeafSpot1332.jpg,,,,,,disease-class=2_foliar_disease
GrayLeafSpot1333,disease/Gray Leaf Spot,Dataset/Coconut Tree Disease Dataset/Gray Leaf Spot/GrayLeafSpot1333.jpg,,,,,,disease-class=2_foliar_disease
GrayLeafSpot1334,disease/Gray Leaf Spot,Dataset/Coconut Tree Disease Dataset/Gray Leaf Spot/GrayLeafSpot1334.jpg,,,,,,disease-class=2_foliar_disease
GrayLeafSpot1335,disease/Gray Leaf Spot,Dataset/Coconut Tree Disease Dataset/Gray Leaf Spot/GrayLeafSpot1335.jpg,,,,,,disease-class=2_foliar_disease
GrayLeafSpot1336,disease/Gray Leaf Spot,Dataset/Coconut Tree Disease Dataset/Gray Leaf Spot/GrayLeafSpot1336.jpg,,,,,,disease-class=2_foliar_disease
GrayLeafSpot1337,disease/Gray Leaf Spot,Dataset/Coconut Tree Disease Dataset/Gray Leaf Spot/GrayLeafSpot1337.jpg,,,,,,disease-class=2_foliar_disease
GrayLeafSpot1338,disease/Gray Leaf Spot,Dataset/Coconut Tree Disease Dataset/Gray Leaf Spot/GrayLeafSpot1338.jpg,,,,,,disease-class=2_foliar_disease
GrayLeafSpot1339,disease/Gray Leaf Spot,Dataset/Coconut Tree Disease Dataset/Gray Leaf Spot/GrayLeafSpot1339.jpg,,,,,,disease-class=2_foliar_disease
GrayLeafSpot134,disease/Gray Leaf Spot,Dataset/Coconut Tree Disease Dataset/Gray Leaf Spot/GrayLeafSpot134.jpg,,,,,,disease-class=2_foliar_disease
GrayLeafSpot1340,disease/Gray Leaf Spot,Dataset/Coconut Tree Disease Dataset/Gray Leaf Spot/GrayLeafSpot1340.jpg,,,,,,disease-class=2_foliar_disease
GrayLeafSpot1341,disease/Gray Leaf Spot,Dataset/Coconut Tree Disease Dataset/Gray Leaf Spot/GrayLeafSpot1341.jpg,,,,,,disease-class=2_foliar_disease
GrayLeafSpot1342,disease/Gray Leaf Spot,Dataset/Coconut Tree Disease Dataset/Gray Leaf Spot/GrayLeafSpot1342.jpg,,,,,,disease-class=2_foliar_disease
GrayLeafSpot1343,disease/Gray Leaf Spot,Dataset/Coconut Tree Disease Dataset/Gray Leaf Spot/GrayLeafSpot1343.jpg,,,,,,disease-class=2_foliar_disease
GrayLeafSpot1344,disease/Gray Leaf Spot,Dataset/Coconut Tree Disease Dataset/Gray Leaf Spot/GrayLeafSpot1344.jpg,,,,,,disease-class=2_foliar_disease
GrayLeafSpot1345,disease/Gray Leaf Spot,Dataset/Coconut Tree Disease Dataset/Gray Leaf Spot/GrayLeafSpot1345.jpg,,,,,,disease-class=2_foliar_disease
GrayLeafSpot1346,disease/Gray Leaf Spot,Dataset/Coconut Tree Disease Dataset/Gray Leaf Spot/GrayLeafSpot1346.jpg,,,,,,disease-class=2_foliar_disease
GrayLeafSpot1347,disease/Gray Leaf Spot,Dataset/Coconut Tree Disease Dataset/Gray Leaf Spot/GrayLeafSpot1347.jpg,,,,,,disease-class=2_foliar_disease
GrayLeafSpot1348,disease/Gray Leaf Spot,Dataset/Coconut Tree Disease Dataset/Gray Leaf Spot/GrayLeafSpot1348.jpg,,,,,,disease-class=2_foliar_disease
GrayLeafSpot1349,disease/Gray Leaf Spot,Dataset/Coconut Tree Disease Dataset/Gray Leaf Spot/GrayLeafSpot1349.jpg,,,,,,disease-class=2_foliar_disease
GrayLeafSpot135,disease/Gray Leaf Spot,Dataset/Coconut Tree Disease Dataset/Gray Leaf Spot/GrayLeafSpot135.jpg,,,,,,disease-class=2_foliar_disease
GrayLeafSpot1350,disease/Gray Leaf Spot,Dataset/Coconut Tree Disease Dataset/Gray Leaf Spot/GrayLeafSpot1350.jpg,,,,,,disease-class=2_foliar_disease
GrayLeafSpot1351,disease/Gray Leaf Spot,Dataset/Coconut Tree Disease Dataset/Gray Leaf Spot/GrayLeafSpot1351.jpg,,,,,,disease-class=2_foliar_disease
GrayLeafSpot1352,disease/Gray Leaf Spot,Dataset/Coconut Tree Disease Dataset/Gray Leaf Spot/GrayLeafSpot1352.jpg,,,,,,disease-class=2_foliar_disease
GrayLeafSpot1353,disease/Gray Leaf Spot,Dataset/Coconut Tree Disease Dataset/Gray Leaf Spot/GrayLeafSpot1353.jpg,,,,,,disease-class=2_foliar_disease
GrayLeafSpot1354,disease/Gray Leaf Spot,Dataset/Coconut Tree Disease Dataset/Gray Leaf Spot/GrayLeafSpot1354.jpg,,,,,,disease-class=2_foliar_disease
GrayLeafSpot1355,disease/Gray Leaf Spot,Dataset/Coconut Tree Disease Dataset/Gray Leaf Spot/GrayLeafSpot1355.jpg,,,,,,disease-class=2_foliar_disease
GrayLeafSpot1356,disease/Gray Leaf Spot,Dataset/Coconut Tree Disease Dataset/Gray Leaf Spot/GrayLeafSpot1356.jpg,,,,,,disease-class=2_foliar_disease
GrayLeafSpot1357,disease/Gray Leaf Spot,Dataset/Coconut Tree Disease Dataset/Gray Leaf Spot/GrayLeafSpot1357.jpg,,,,,,disease-class=2_foliar_disease
GrayLeafSpot1358,disease/Gray Leaf Spot,Dataset/Coconut Tree Disease Dataset/Gray Leaf Spot/GrayLeafSpot1358.jpg,,,,,,disease-class=2_foliar_disease
GrayLeafSpot1359,disease/Gray Leaf Spot,Dataset/Coconut Tree Disease Dataset/Gray Leaf Spot/GrayLeafSpot1359.jpg,,,,,,disease-class=2_foliar_disease
GrayLeafSpot136,disease/Gray Leaf Spot,Dataset/Coconut Tree Disease Dataset/Gray Leaf Spot/GrayLeafSpot136.jpg,,,,,,disease-class=2_foliar_disease
GrayLeafSpot1360,disease/Gray Leaf Spot,Dataset/Coconut Tree Disease Dataset/Gray Leaf Spot/GrayLeafSpot1360.jpg,,,,,,disease-class=2_foliar_disease
GrayLeafSpot1361,disease/Gray Leaf Spot,Dataset/Coconut Tree Disease Dataset/Gray Leaf Spot/GrayLeafSpot1361.jpg,,,,,,disease-class=2_foliar_disease
GrayLeafSpot1362,disease/Gray Leaf Spot,Dataset/Coconut Tree Disease Dataset/Gray Leaf Spot/GrayLeafSpot1362.jpg,,,,,,disease-class=2_foliar_disease
GrayLeafSpot1363,disease/Gray Leaf Spot,Dataset/Coconut Tree Disease Dataset/Gray Leaf Spot/GrayLeafSpot1363.jpg,,,,,,disease-class=2_foliar_disease
GrayLeafSpot1364,disease/Gray Leaf Spot,Dataset/Coconut Tree Disease Dataset/Gray Leaf Spot/GrayLeafSpot1364.jpg,,,,,,disease-class=2_foliar_disease
GrayLeafSpot1365,disease/Gray Leaf Spot,Dataset/Coconut Tree Disease Dataset/Gray Leaf Spot/GrayLeafSpot1365.jpg,,,,,,disease-class=2_foliar_disease
GrayLeafSpot1366,disease/Gray Leaf Spot,Dataset/Coconut Tree Disease Dataset/Gray Leaf Spot/GrayLeafSpot1366.jpg,,,,,,disease-class=2_foliar_disease
GrayLeafSpot1367,disease/Gray Leaf Spot,Dataset/Coconut Tree Disease Dataset/Gray Leaf Spot/GrayLeafSpot1367.jpg,,,,,,disease-class=2_foliar_disease
GrayLeafSpot1368,disease/Gray Leaf Spot,Dataset/Coconut Tree Disease Dataset/Gray Leaf Spot/GrayLeafSpot1368.jpg,,,,,,disease-class=2_foliar_disease
GrayLeafSpot1369,disease/Gray Leaf Spot,Dataset/Coconut Tree Disease Dataset/Gray Leaf Spot/GrayLeafSpot1369.jpg,,,,,,disease-class=2_foliar_disease
GrayLeafSpot137,disease/Gray Leaf Spot,Dataset/Coconut Tree Disease Dataset/Gray Leaf Spot/GrayLeafSpot137.jpg,,,,,,disease-class=2_foliar_disease
GrayLeafSpot1370,disease/Gray Leaf Spot,Dataset/Coconut Tree Disease Dataset/Gray Leaf Spot/GrayLeafSpot1370.jpg,,,,,,disease-class=2_foliar_disease
GrayLeafSpot1371,disease/Gray Leaf Spot,Dataset/Coconut Tree Disease Dataset/Gray Leaf Spot/GrayLeafSpot1371.jpg,,,,,,disease-class=2_foliar_disease
GrayLeafSpot1372,disease/Gray Leaf Spot,Dataset/Coconut Tree Disease Dataset/Gray Leaf Spot/GrayLeafSpot1372.jpg,,,,,,disease-class=2_foliar_disease
GrayLeafSpot1373,disease/Gray Leaf Spot,Dataset/Coconut Tree Disease Dataset/Gray Leaf Spot/GrayLeafSpot1373.jpg,,,,,,disease-class=2_foliar_disease
GrayLeafSpot1374,disease/Gray Leaf Spot,Dataset/Coconut Tree Disease Dataset/Gray Leaf Spot/GrayLeafSpot1374.jpg,,,,,,disease-class=2_foliar_disease
GrayLeafSpot1375,disease/Gray Leaf Spot,Dataset/Coconut Tree Disease Dataset/Gray Leaf Spot/GrayLeafSpot1375.jpg,,,,,,disease-class=2_foliar_disease
GrayLeafSpot1376,disease/Gray Leaf Spot,Dataset/Coconut Tree Disease Dataset/Gray Leaf Spot/GrayLeafSpot1376.jpg,,,,,,disease-class=2_foliar_disease
GrayLeafSpot1377,disease/Gray Leaf Spot,Dataset/Coconut Tree Disease Dataset/Gray Leaf Spot/GrayLeafSpot1377.jpg,,,,,,disease-class=2_foliar_disease
GrayLeafSpot1378,disease/Gray Leaf Spot,Dataset/Coconut Tree Disease Dataset/Gray Leaf Spot/GrayLeafSpot1378.jpg,,,,,,disease-class=2_foliar_disease
GrayLeafSpot1379,disease/Gray Leaf Spot,Dataset/Coconut Tree Disease Dataset/Gray Leaf Spot/GrayLeafSpot1379.jpg,,,,,,disease-class=2_foliar_disease
GrayLeafSpot138,disease/Gray Leaf Spot,Dataset/Coconut Tree Disease Dataset/Gray Leaf Spot/GrayLeafSpot138.jpg,,,,,,disease-class=2_foliar_disease
GrayLeafSpot1380,disease/Gray Leaf Spot,Dataset/Coconut Tree Disease Dataset/Gray Leaf Spot/GrayLeafSpot1380.jpg,,,,,,disease-class=2_foliar_disease
GrayLeafSpot1381,disease/Gray Leaf Spot,Dataset/Coconut Tree Disease Dataset/Gray Leaf Spot/GrayLeafSpot1381.jpg,,,,,,disease-class=2_foliar_disease
GrayLeafSpot1382,disease/Gray Leaf Spot,Dataset/Coconut Tree Disease Dataset/Gray Leaf Spot/GrayLeafSpot1382.jpg,,,,,,disease-class=2_foliar_disease
GrayLeafSpot1383,disease/Gray Leaf Spot,Dataset/Coconut Tree Disease Dataset/Gray Leaf Spot/GrayLeafSpot1383.jpg,,,,,,disease-class=2_foliar_disease
GrayLeafSpot1384,disease/Gray Leaf Spot,Dataset/Coconut Tree Disease Dataset/Gray Leaf Spot/GrayLeafSpot1384.jpg,,,,,,disease-class=2_foliar_disease
GrayLeafSpot1385,disease/Gray Leaf Spot,Dataset/Coconut Tree Disease Dataset/Gray Leaf Spot/GrayLeafSpot1385.jpg,,,,,,disease-class=2_foliar_disease
GrayLeafSpot1386,disease/Gray Leaf Spot,Dataset/Coconut Tree Disease Dataset/Gray Leaf Spot/GrayLeafSpot1386.jpg,,,,,,disease-class=2_foliar_disease
GrayLeafSpot1387,disease/Gray Leaf Spot,Dataset/Coconut Tree Disease Dataset/Gray Leaf Spot/GrayLeafSpot1387.jpg,,,,,,disease-class=2_foliar_disease
GrayLeafSpot1388,disease/Gray Leaf Spot,Dataset/Coconut Tree Disease Dataset/Gray Leaf Spot/GrayLeafSpot1388.jpg,,,,,,disease-class=2_foliar_disease
GrayLeafSpot1389,disease/Gray Leaf Spot,Dataset/Coconut Tree Disease Dataset/Gray Leaf Spot/GrayLeafSpot1389.jpg,,,,,,disease-class=2_foliar_disease
GrayLeafSpot139,disease/Gray Leaf Spot,Dataset/Coconut Tree Disease Dataset/Gray Leaf Spot/GrayLeafSpot139.jpg,,,,,,disease-class=2_foliar_disease
GrayLeafSpot1390,disease/Gray Leaf Spot,Dataset/Coconut Tree Disease Dataset/Gray Leaf Spot/GrayLeafSpot1390.jpg,,,,,,disease-class=2_foliar_disease
GrayLeafSpot1391,disease/Gray Leaf Spot,Dataset/Coconut Tree Disease Dataset/Gray Leaf Spot/GrayLeafSpot1391.jpg,,,,,,disease-class=2_foliar_disease
GrayLeafSpot1392,disease/Gray Leaf Spot,Dataset/Coconut Tree Disease Dataset/Gray Leaf Spot/GrayLeafSpot1392.jpg,,,,,,disease-class=2_foliar_disease
GrayLeafSpot1393,disease/Gray Leaf Spot,Dataset/Coconut Tree Disease Dataset/Gray Leaf Spot/GrayLeafSpot1393.jpg,,,,,,disease-class=2_foliar_disease
GrayLeafSpot1394,disease/Gray Leaf Spot,Dataset/Coconut Tree Disease Dataset/Gray Leaf Spot/GrayLeafSpot1394.jpg,,,,,,disease-class=2_foliar_disease
GrayLeafSpot1395,disease/Gray Leaf Spot,Dataset/Coconut Tree Disease Dataset/Gray Leaf Spot/GrayLeafSpot1395.jpg,,,,,,disease-class=2_foliar_disease
GrayLeafSpot1396,disease/Gray Leaf Spot,Dataset/Coconut Tree Disease Dataset/Gray Leaf Spot/GrayLeafSpot1396.jpg,,,,,,disease-class=2_foliar_disease
GrayLeafSpot1397,disease/Gray Leaf Spot,Dataset/Coconut Tree Disease Dataset/Gray Leaf Spot/GrayLeafSpot1397.jpg,,,,,,disease-class=2_foliar_disease
GrayLeafSpot1398,disease/Gray Leaf Spot,Dataset/Coconut Tree Disease Dataset/Gray Leaf Spot/GrayLeafSpot1398.jpg,,,,,,disease-class=2_foliar_disease
GrayLeafSpot1399,disease/Gray Leaf Spot,Dataset/Coconut Tree Disease Dataset/Gray Leaf Spot/GrayLeafSpot1399.jpg,,,,,,disease-class=2_foliar_disease
GrayLeafSpot140,disease/Gray Leaf Spot,Dataset/Coconut Tree Disease Dataset/Gray Leaf Spot/GrayLeafSpot140.jpg,,,,,,disease-class=2_foliar_disease
GrayLeafSpot1400,disease/Gray Leaf Spot,Dataset/Coconut Tree Disease Dataset/Gray Leaf Spot/GrayLeafSpot1400.jpg,,,,,,disease-class=2_foliar_disease
GrayLeafSpot1401,disease/Gray Leaf Spot,Dataset/Coconut Tree Disease Dataset/Gray Leaf Spot/GrayLeafSpot1401.jpg,,,,,,disease-class=2_foliar_disease
GrayLeafSpot1402,disease/Gray Leaf Spot,Dataset/Coconut Tree Disease Dataset/Gray Leaf Spot/GrayLeafSpot1402.jpg,,,,,,disease-class=2_foliar_disease
GrayLeafSpot1403,disease/Gray Leaf Spot,Dataset/Coconut Tree Disease Dataset/Gray Leaf Spot/GrayLeafSpot1403.jpg,,,,,,disease-class=2_foliar_disease
GrayLeafSpot1404,disease/Gray Leaf Spot,Dataset/Coconut Tree Disease Dataset/Gray Leaf Spot/GrayLeafSpot1404.jpg,,,,,,disease-class=2_foliar_disease
GrayLeafSpot1405,disease/Gray Leaf Spot,Dataset/Coconut Tree Disease Dataset/Gray Leaf Spot/GrayLeafSpot1405.jpg,,,,,,disease-class=2_foliar_disease
GrayLeafSpot1406,disease/Gray Leaf Spot,Dataset/Coconut Tree Disease Dataset/Gray Leaf Spot/GrayLeafSpot1406.jpg,,,,,,disease-class=2_foliar_disease
GrayLeafSpot1407,disease/Gray Leaf Spot,Dataset/Coconut Tree Disease Dataset/Gray Leaf Spot/GrayLeafSpot1407.jpg,,,,,,disease-class=2_foliar_disease
GrayLeafSpot1408,disease/Gray Leaf Spot,Dataset/Coconut Tree Disease Dataset/Gray Leaf Spot/GrayLeafSpot1408.jpg,,,,,,disease-class=2_foliar_disease
GrayLeafSpot1409,disease/Gray Leaf Spot,Dataset/Coconut Tree Disease Dataset/Gray Leaf Spot/GrayLeafSpot1409.jpg,,,,,,disease-class=2_foliar_disease
GrayLeafSpot141,disease/Gray Leaf Spot,Dataset/Coconut Tree Disease Dataset/Gray Leaf Spot/GrayLeafSpot141.jpg,,,,,,disease-class=2_foliar_disease
GrayLeafSpot1410,disease/Gray Leaf Spot,Dataset/Coconut Tree Disease Dataset/Gray Leaf Spot/GrayLeafSpot1410.jpg,,,,,,disease-class=2_foliar_disease
GrayLeafSpot1411,disease/Gray Leaf Spot,Dataset/Coconut Tree Disease Dataset/Gray Leaf Spot/GrayLeafSpot1411.jpg,,,,,,disease-class=2_foliar_disease
GrayLeafSpot1412,disease/Gray Leaf Spot,Dataset/Coconut Tree Disease Dataset/Gray Leaf Spot/GrayLeafSpot1412.jpg,,,,,,disease-class=2_foliar_disease
GrayLeafSpot1413,disease/Gray Leaf Spot,Dataset/Coconut Tree Disease Dataset/Gray Leaf Spot/GrayLeafSpot1413.jpg,,,,,,disease-class=2_foliar_disease
GrayLeafSpot1414,disease/Gray Leaf Spot,Dataset/Coconut Tree Disease Dataset/Gray Leaf Spot/GrayLeafSpot1414.jpg,,,,,,disease-class=2_foliar_disease
GrayLeafSpot1415,disease/Gray Leaf Spot,Dataset/Coconut Tree Disease Dataset/Gray Leaf Spot/GrayLeafSpot1415.jpg,,,,,,disease-class=2_foliar_disease
GrayLeafSpot1416,disease/Gray Leaf Spot,Dataset/Coconut Tree Disease Dataset/Gray Leaf Spot/GrayLeafSpot1416.jpg,,,,,,disease-class=2_foliar_disease
GrayLeafSpot1417,disease/Gray Leaf Spot,Dataset/Coconut Tree Disease Dataset/Gray Leaf Spot/GrayLeafSpot1417.jpg,,,,,,disease-class=2_foliar_disease
GrayLeafSpot1418,disease/Gray Leaf Spot,Dataset/Coconut Tree Disease Dataset/Gray Leaf Spot/GrayLeafSpot1418.jpg,,,,,,disease-class=2_foliar_disease
GrayLeafSpot1419,disease/Gray Leaf Spot,Dataset/Coconut Tree Disease Dataset/Gray Leaf Spot/GrayLeafSpot1419.jpg,,,,,,disease-class=2_foliar_disease
GrayLeafSpot142,disease/Gray Leaf Spot,Dataset/Coconut Tree Disease Dataset/Gray Leaf Spot/GrayLeafSpot142.jpg,,,,,,disease-class=2_foliar_disease
GrayLeafSpot1420,disease/Gray Leaf Spot,Dataset/Coconut Tree Disease Dataset/Gray Leaf Spot/GrayLeafSpot1420.jpg,,,,,,disease-class=2_foliar_disease
GrayLeafSpot1421,disease/Gray Leaf Spot,Dataset/Coconut Tree Disease Dataset/Gray Leaf Spot/GrayLeafSpot1421.jpg,,,,,,disease-class=2_foliar_disease
GrayLeafSpot1422,disease/Gray Leaf Spot,Dataset/Coconut Tree Disease Dataset/Gray Leaf Spot/GrayLeafSpot1422.jpg,,,,,,disease-class=2_foliar_disease
GrayLeafSpot1423,disease/Gray Leaf Spot,Dataset/Coconut Tree Disease Dataset/Gray Leaf Spot/GrayLeafSpot1423.jpg,,,,,,disease-class=2_foliar_disease
GrayLeafSpot1424,disease/Gray Leaf Spot,Dataset/Coconut Tree Disease Dataset/Gray Leaf Spot/GrayLeafSpot1424.jpg,,,,,,disease-class=2_foliar_disease
GrayLeafSpot1425,disease/Gray Leaf Spot,Dataset/Coconut Tree Disease Dataset/Gray Leaf Spot/GrayLeafSpot1425.jpg,,,,,,disease-class=2_foliar_disease
GrayLeafSpot1426,disease/Gray Leaf Spot,Dataset/Coconut Tree Disease Dataset/Gray Leaf Spot/GrayLeafSpot1426.jpg,,,,,,disease-class=2_foliar_disease
GrayLeafSpot1427,disease/Gray Leaf Spot,Dataset/Coconut Tree Disease Dataset/Gray Leaf Spot/GrayLeafSpot1427.jpg,,,,,,disease-class=2_foliar_disease
GrayLeafSpot1428,disease/Gray Leaf Spot,Dataset/Coconut Tree Disease Dataset/Gray Leaf Spot/GrayLeafSpot1428.jpg,,,,,,disease-class=2_foliar_disease
GrayLeafSpot1429,disease/Gray Leaf Spot,Dataset/Coconut Tree Disease Dataset/Gray Leaf Spot/GrayLeafSpot1429.jpg,,,,,,disease-class=2_foliar_disease
GrayLeafSpot143,disease/Gray Leaf Spot,Dataset/Coconut Tree Disease Dataset/Gray Leaf Spot/GrayLeafSpot143.jpg,,,,,,disease-class=2_foliar_disease
GrayLeafSpot1430,disease/Gray Leaf Spot,Dataset/Coconut Tree Disease Dataset/Gray Leaf Spot/GrayLeafSpot1430.jpg,,,,,,disease-class=2_foliar_disease
GrayLeafSpot1431,disease/Gray Leaf Spot,Dataset/Coconut Tree Disease Dataset/Gray Leaf Spot/GrayLeafSpot1431.jpg,,,,,,disease-class=2_foliar_disease
GrayLeafSpot1432,disease/Gray Leaf Spot,Dataset/Coconut Tree Disease Dataset/Gray Leaf Spot/GrayLeafSpot1432.jpg,,,,,,disease-class=2_foliar_disease
GrayLeafSpot1433,disease/Gray Leaf Spot,Dataset/Coconut Tree Disease Dataset/Gray Leaf Spot/GrayLeafSpot1433.jpg,,,,,,disease-class=2_foliar_disease
GrayLeafSpot1434,disease/Gray Leaf Spot,Dataset/Coconut Tree Disease Dataset/Gray Leaf Spot/GrayLeafSpot1434.jpg,,,,,,disease-class=2_foliar_disease
GrayLeafSpot1435,disease/Gray Leaf Spot,Dataset/Coconut Tree Disease Dataset/Gray Leaf Spot/GrayLeafSpot1435.jpg,,,,,,disease-class=2_foliar_disease
GrayLeafSpot1436,disease/Gray Leaf Spot,Dataset/Coconut Tree Disease Dataset/Gray Leaf Spot/GrayLeafSpot1436.jpg,,,,,,disease-class=2_foliar_disease
GrayLeafSpot1437,disease/Gray Leaf Spot,Dataset/Coconut Tree Disease Dataset/Gray Leaf Spot/GrayLeafSpot1437.jpg,,,,,,disease-class=2_foliar_disease
GrayLeafSpot1438,disease/Gray Leaf Spot,Dataset/Coconut Tree Disease Dataset/Gray Leaf Spot/GrayLeafSpot1438.jpg,,,,,,disease-class=2_foliar_disease
GrayLeafSpot1439,disease/Gray Leaf Spot,Dataset/Coconut Tree Disease Dataset/Gray Leaf Spot/GrayLeafSpot1439.jpg,,,,,,disease-class=2_foliar_disease
GrayLeafSpot144,disease/Gray Leaf Spot,Dataset/Coconut Tree Disease Dataset/Gray Leaf Spot/GrayLeafSpot144.jpg,,,,,,disease-class=2_foliar_disease
GrayLeafSpot1440,disease/Gray Leaf Spot,Dataset/Coconut Tree Disease Dataset/Gray Leaf Spot/GrayLeafSpot1440.jpg,,,,,,disease-class=2_foliar_disease
GrayLeafSpot1441,disease/Gray Leaf Spot,Dataset/Coconut Tree Disease Dataset/Gray Leaf Spot/GrayLeafSpot1441.jpg,,,,,,disease-class=2_foliar_disease
GrayLeafSpot1442,disease/Gray Leaf Spot,Dataset/Coconut Tree Disease Dataset/Gray Leaf Spot/GrayLeafSpot1442.jpg,,,,,,disease-class=2_foliar_disease
GrayLeafSpot1443,disease/Gray Leaf Spot,Dataset/Coconut Tree Disease Dataset/Gray Leaf Spot/GrayLeafSpot1443.jpg,,,,,,disease-class=2_foliar_disease
GrayLeafSpot1444,disease/Gray Leaf Spot,Dataset/Coconut Tree Disease Dataset/Gray Leaf Spot/GrayLeafSpot1444.jpg,,,,,,disease-class=2_foliar_disease
GrayLeafSpot1445,disease/Gray Leaf Spot,Dataset/Coconut Tree Disease Dataset/Gray Leaf Spot/GrayLeafSpot1445.jpg,,,,,,disease-class=2_foliar_disease
GrayLeafSpot1446,disease/Gray Leaf Spot,Dataset/Coconut Tree Disease Dataset/Gray Leaf Spot/GrayLeafSpot1446.jpg,,,,,,disease-class=2_foliar_disease
GrayLeafSpot1447,disease/Gray Leaf Spot,Dataset/Coconut Tree Disease Dataset/Gray Leaf Spot/GrayLeafSpot1447.jpg,,,,,,disease-class=2_foliar_disease
GrayLeafSpot1448,disease/Gray Leaf Spot,Dataset/Coconut Tree Disease Dataset/Gray Leaf Spot/GrayLeafSpot1448.jpg,,,,,,disease-class=2_foliar_disease
GrayLeafSpot1449,disease/Gray Leaf Spot,Dataset/Coconut Tree Disease Dataset/Gray Leaf Spot/GrayLeafSpot1449.jpg,,,,,,disease-class=2_foliar_disease
GrayLeafSpot145,disease/Gray Leaf Spot,Dataset/Coconut Tree Disease Dataset/Gray Leaf Spot/GrayLeafSpot145.jpg,,,,,,disease-class=2_foliar_disease
GrayLeafSpot1450,disease/Gray Leaf Spot,Dataset/Coconut Tree Disease Dataset/Gray Leaf Spot/GrayLeafSpot1450.jpg,,,,,,disease-class=2_foliar_disease
GrayLeafSpot1451,disease/Gray Leaf Spot,Dataset/Coconut Tree Disease Dataset/Gray Leaf Spot/GrayLeafSpot1451.jpg,,,,,,disease-class=2_foliar_disease
GrayLeafSpot1452,disease/Gray Leaf Spot,Dataset/Coconut Tree Disease Dataset/Gray Leaf Spot/GrayLeafSpot1452.jpg,,,,,,disease-class=2_foliar_disease
GrayLeafSpot1453,disease/Gray Leaf Spot,Dataset/Coconut Tree Disease Dataset/Gray Leaf Spot/GrayLeafSpot1453.jpg,,,,,,disease-class=2_foliar_disease
GrayLeafSpot1454,disease/Gray Leaf Spot,Dataset/Coconut Tree Disease Dataset/Gray Leaf Spot/GrayLeafSpot1454.jpg,,,,,,disease-class=2_foliar_disease
GrayLeafSpot1455,disease/Gray Leaf Spot,Dataset/Coconut Tree Disease Dataset/Gray Leaf Spot/GrayLeafSpot1455.jpg,,,,,,disease-class=2_foliar_disease
GrayLeafSpot1456,disease/Gray Leaf Spot,Dataset/Coconut Tree Disease Dataset/Gray Leaf Spot/GrayLeafSpot1456.jpg,,,,,,disease-class=2_foliar_disease
GrayLeafSpot1457,disease/Gray Leaf Spot,Dataset/Coconut Tree Disease Dataset/Gray Leaf Spot/GrayLeafSpot1457.jpg,,,,,,disease-class=2_foliar_disease
GrayLeafSpot1458,disease/Gray Leaf Spot,Dataset/Coconut Tree Disease Dataset/Gray Leaf Spot/GrayLeafSpot1458.jpg,,,,,,disease-class=2_foliar_disease
GrayLeafSpot1459,disease/Gray Leaf Spot,Dataset/Coconut Tree Disease Dataset/Gray Leaf Spot/GrayLeafSpot1459.jpg,,,,,,disease-class=2_foliar_disease
GrayLeafSpot146,disease/Gray Leaf Spot,Dataset/Coconut Tree Disease Dataset/Gray Leaf Spot/GrayLeafSpot146.jpg,,,,,,disease-class=2_foliar_disease
GrayLeafSpot1460,disease/Gray Leaf Spot,Dataset/Coconut Tree Disease Dataset/Gray Leaf Spot/GrayLeafSpot1460.jpg,,,,,,disease-class=2_foliar_disease
GrayLeafSpot1461,disease/Gray Leaf Spot,Dataset/Coconut Tree Disease Dataset/Gray Leaf Spot/GrayLeafSpot1461.jpg,,,,,,disease-class=2_foliar_disease
GrayLeafSpot1462,disease/Gray Leaf Spot,Dataset/Coconut Tree Disease Dataset/Gray Leaf Spot/GrayLeafSpot1462.jpg,,,,,,disease-class=2_foliar_disease
GrayLeafSpot1463,disease/Gray Leaf Spot,Dataset/Coconut Tree Disease Dataset/Gray Leaf Spot/GrayLeafSpot1463.jpg,,,,,,disease-class=2_foliar_disease
GrayLeafSpot1464,disease/Gray Leaf Spot,Dataset/Coconut Tree Disease Dataset/Gray Leaf Spot/GrayLeafSpot1464.jpg,,,,,,disease-class=2_foliar_disease
GrayLeafSpot1465,disease/Gray Leaf Spot,Dataset/Coconut Tree Disease Dataset/Gray Leaf Spot/GrayLeafSpot1465.jpg,,,,,,disease-class=2_foliar_disease
GrayLeafSpot1466,disease/Gray Leaf Spot,Dataset/Coconut Tree Disease Dataset/Gray Leaf Spot/GrayLeafSpot1466.jpg,,,,,,disease-class=2_foliar_disease
GrayLeafSpot1467,disease/Gray Leaf Spot,Dataset/Coconut Tree Disease Dataset/Gray Leaf Spot/GrayLeafSpot1467.jpg,,,,,,disease-class=2_foliar_disease
GrayLeafSpot1468,disease/Gray Leaf Spot,Dataset/Coconut Tree Disease Dataset/Gray Leaf Spot/GrayLeafSpot1468.jpg,,,,,,disease-class=2_foliar_disease
GrayLeafSpot1469,disease/Gray Leaf Spot,Dataset/Coconut Tree Disease Dataset/Gray Leaf Spot/GrayLeafSpot1469.jpg,,,,,,disease-class=2_foliar_disease
GrayLeafSpot147,disease/Gray Leaf Spot,Dataset/Coconut Tree Disease Dataset/Gray Leaf Spot/GrayLeafSpot147.jpg,,,,,,disease-class=2_foliar_disease
GrayLeafSpot1470,disease/Gray Leaf Spot,Dataset/Coconut Tree Disease Dataset/Gray Leaf Spot/GrayLeafSpot1470.jpg,,,,,,disease-class=2_foliar_disease
GrayLeafSpot1471,disease/Gray Leaf Spot,Dataset/Coconut Tree Disease Dataset/Gray Leaf Spot/GrayLeafSpot1471.jpg,,,,,,disease-class=2_foliar_disease
GrayLeafSpot1472,disease/Gray Leaf Spot,Dataset/Coconut Tree Disease Dataset/Gray Leaf Spot/GrayLeafSpot1472.jpg,,,,,,disease-class=2_foliar_disease
GrayLeafSpot1473,disease/Gray Leaf Spot,Dataset/Coconut Tree Disease Dataset/Gray Leaf Spot/GrayLeafSpot1473.jpg,,,,,,disease-class=2_foliar_disease
GrayLeafSpot1474,disease/Gray Leaf Spot,Dataset/Coconut Tree Disease Dataset/Gray Leaf Spot/GrayLeafSpot1474.jpg,,,,,,disease-class=2_foliar_disease
GrayLeafSpot1475,disease/Gray Leaf Spot,Dataset/Coconut Tree Disease Dataset/Gray Leaf Spot/GrayLeafSpot1475.jpg,,,,,,disease-class=2_foliar_disease
GrayLeafSpot1476,disease/Gray Leaf Spot,Dataset/Coconut Tree Disease Dataset/Gray Leaf Spot/GrayLeafSpot1476.jpg,,,,,,disease-class=2_foliar_disease
GrayLeafSpot1477,disease/Gray Leaf Spot,Dataset/Coconut Tree Disease Dataset/Gray Leaf Spot/GrayLeafSpot1477.jpg,,,,,,disease-class=2_foliar_disease
GrayLeafSpot1478,disease/Gray Leaf Spot,Dataset/Coconut Tree Disease Dataset/Gray Leaf Spot/GrayLeafSpot1478.jpg,,,,,,disease-class=2_foliar_disease
GrayLeafSpot1479,disease/Gray Leaf Spot,Dataset/Coconut Tree Disease Dataset/Gray Leaf Spot/GrayLeafSpot1479.jpg,,,,,,disease-class=2_foliar_disease
GrayLeafSpot148,disease/Gray Leaf Spot,Dataset/Coconut Tree Disease Dataset/Gray Leaf Spot/GrayLeafSpot148.jpg,,,,,,disease-class=2_foliar_disease
GrayLeafSpot1480,disease/Gray Leaf Spot,Dataset/Coconut Tree Disease Dataset/Gray Leaf Spot/GrayLeafSpot1480.jpg,,,,,,disease-class=2_foliar_disease
GrayLeafSpot1481,disease/Gray Leaf Spot,Dataset/Coconut Tree Disease Dataset/Gray Leaf Spot/GrayLeafSpot1481.jpg,,,,,,disease-class=2_foliar_disease
GrayLeafSpot1482,disease/Gray Leaf Spot,Dataset/Coconut Tree Disease Dataset/Gray Leaf Spot/GrayLeafSpot1482.jpg,,,,,,disease-class=2_foliar_disease
GrayLeafSpot1483,disease/Gray Leaf Spot,Dataset/Coconut Tree Disease Dataset/Gray Leaf Spot/GrayLeafSpot1483.jpg,,,,,,disease-class=2_foliar_disease
GrayLeafSpot1484,disease/Gray Leaf Spot,Dataset/Coconut Tree Disease Dataset/Gray Leaf Spot/GrayLeafSpot1484.jpg,,,,,,disease-class=2_foliar_disease
GrayLeafSpot1485,disease/Gray Leaf Spot,Dataset/Coconut Tree Disease Dataset/Gray Leaf Spot/GrayLeafSpot1485.jpg,,,,,,disease-class=2_foliar_disease
GrayLeafSpot1486,disease/Gray Leaf Spot,Dataset/Coconut Tree Disease Dataset/Gray Leaf Spot/GrayLeafSpot1486.jpg,,,,,,disease-class=2_foliar_disease
GrayLeafSpot1487,disease/Gray Leaf Spot,Dataset/Coconut Tree Disease Dataset/Gray Leaf Spot/GrayLeafSpot1487.jpg,,,,,,disease-class=2_foliar_disease
GrayLeafSpot1488,disease/Gray Leaf Spot,Dataset/Coconut Tree Disease Dataset/Gray Leaf Spot/GrayLeafSpot1488.jpg,,,,,,disease-class=2_foliar_disease
GrayLeafSpot1489,disease/Gray Leaf Spot,Dataset/Coconut Tree Disease Dataset/Gray Leaf Spot/GrayLeafSpot1489.jpg,,,,,,disease-class=2_foliar_disease
GrayLeafSpot149,disease/Gray Leaf Spot,Dataset/Coconut Tree Disease Dataset/Gray Leaf Spot/GrayLeafSpot149.jpg,,,,,,disease-class=2_foliar_disease
GrayLeafSpot1490,disease/Gray Leaf Spot,Dataset/Coconut Tree Disease Dataset/Gray Leaf Spot/GrayLeafSpot1490.jpg,,,,,,disease-class=2_foliar_disease
GrayLeafSpot1491,disease/Gray Leaf Spot,Dataset/Coconut Tree Disease Dataset/Gray Leaf Spot/GrayLeafSpot1491.jpg,,,,,,disease-class=2_foliar_disease
GrayLeafSpot1492,disease/Gray Leaf Spot,Dataset/Coconut Tree Disease Dataset/Gray Leaf Spot/GrayLeafSpot1492.jpg,,,,,,disease-class=2_foliar_disease
GrayLeafSpot1493,disease/Gray Leaf Spot,Dataset/Coconut Tree Disease Dataset/Gray Leaf Spot/GrayLeafSpot1493.jpg,,,,,,disease-class=2_foliar_disease
GrayLeafSpot1494,disease/Gray Leaf Spot,Dataset/Coconut Tree Disease Dataset/Gray Leaf Spot/GrayLeafSpot1494.jpg,,,,,,disease-class=2_foliar_disease
GrayLeafSpot1495,disease/Gray Leaf Spot,Dataset/Coconut Tree Disease Dataset/Gray Leaf Spot/GrayLeafSpot1495.jpg,,,,,,disease-class=2_foliar_disease
GrayLeafSpot1496,disease/Gray Leaf Spot,Dataset/Coconut Tree Disease Dataset/Gray Leaf Spot/GrayLeafSpot1496.jpg,,,,,,disease-class=2_foliar_disease
GrayLeafSpot1497,disease/Gray Leaf Spot,Dataset/Coconut Tree Disease Dataset/Gray Leaf Spot/GrayLeafSpot1497.jpg,,,,,,disease-class=2_foliar_disease
GrayLeafSpot1498,disease/Gray Leaf Spot,Dataset/Coconut Tree Disease Dataset/Gray Leaf Spot/GrayLeafSpot1498.jpg,,,,,,disease-class=2_foliar_disease
GrayLeafSpot1499,disease/Gray Leaf Spot,Dataset/Coconut Tree Disease Dataset/Gray Leaf Spot/GrayLeafSpot1499.jpg,,,,,,disease-class=2_foliar_disease
GrayLeafSpot150,disease/Gray Leaf Spot,Dataset/Coconut Tree Disease Dataset/Gray Leaf Spot/GrayLeafSpot150.jpg,,,,,,disease-class=2_foliar_disease
GrayLeafSpot1500,disease/Gray Leaf Spot,Dataset/Coconut Tree Disease Dataset/Gray Leaf Spot/GrayLeafSpot1500.jpg,,,,,,disease-class=2_foliar_disease
GrayLeafSpot1501,disease/Gray Leaf Spot,Dataset/Coconut Tree Disease Dataset/Gray Leaf Spot/GrayLeafSpot1501.jpg,,,,,,disease-class=2_foliar_disease
GrayLeafSpot1502,disease/Gray Leaf Spot,Dataset/Coconut Tree Disease Dataset/Gray Leaf Spot/GrayLeafSpot1502.jpg,,,,,,disease-class=2_foliar_disease
GrayLeafSpot1503,disease/Gray Leaf Spot,Dataset/Coconut Tree Disease Dataset/Gray Leaf Spot/GrayLeafSpot1503.jpg,,,,,,disease-class=2_foliar_disease
GrayLeafSpot1504,disease/Gray Leaf Spot,Dataset/Coconut Tree Disease Dataset/Gray Leaf Spot/GrayLeafSpot1504.jpg,,,,,,disease-class=2_foliar_disease
GrayLeafSpot1505,disease/Gray Leaf Spot,Dataset/Coconut Tree Disease Dataset/Gray Leaf Spot/GrayLeafSpot1505.jpg,,,,,,disease-class=2_foliar_disease
GrayLeafSpot1506,disease/Gray Leaf Spot,Dataset/Coconut Tree Disease Dataset/Gray Leaf Spot/GrayLeafSpot1506.jpg,,,,,,disease-class=2_foliar_disease
GrayLeafSpot1507,disease/Gray Leaf Spot,Dataset/Coconut Tree Disease Dataset/Gray Leaf Spot/GrayLeafSpot1507.jpg,,,,,,disease-class=2_foliar_disease
GrayLeafSpot1508,disease/Gray Leaf Spot,Dataset/Coconut Tree Disease Dataset/Gray Leaf Spot/GrayLeafSpot1508.jpg,,,,,,disease-class=2_foliar_disease
GrayLeafSpot1509,disease/Gray Leaf Spot,Dataset/Coconut Tree Disease Dataset/Gray Leaf Spot/GrayLeafSpot1509.jpg,,,,,,disease-class=2_foliar_disease
GrayLeafSpot151,disease/Gray Leaf Spot,Dataset/Coconut Tree Disease Dataset/Gray Leaf Spot/GrayLeafSpot151.jpg,,,,,,disease-class=2_foliar_disease
GrayLeafSpot1510,disease/Gray Leaf Spot,Dataset/Coconut Tree Disease Dataset/Gray Leaf Spot/GrayLeafSpot1510.jpg,,,,,,disease-class=2_foliar_disease
GrayLeafSpot1511,disease/Gray Leaf Spot,Dataset/Coconut Tree Disease Dataset/Gray Leaf Spot/GrayLeafSpot1511.jpg,,,,,,disease-class=2_foliar_disease
GrayLeafSpot1512,disease/Gray Leaf Spot,Dataset/Coconut Tree Disease Dataset/Gray Leaf Spot/GrayLeafSpot1512.jpg,,,,,,disease-class=2_foliar_disease
GrayLeafSpot1513,disease/Gray Leaf Spot,Dataset/Coconut Tree Disease Dataset/Gray Leaf Spot/GrayLeafSpot1513.jpg,,,,,,disease-class=2_foliar_disease
GrayLeafSpot1514,disease/Gray Leaf Spot,Dataset/Coconut Tree Disease Dataset/Gray Leaf Spot/GrayLeafSpot1514.jpg,,,,,,disease-class=2_foliar_disease
GrayLeafSpot1515,disease/Gray Leaf Spot,Dataset/Coconut Tree Disease Dataset/Gray Leaf Spot/GrayLeafSpot1515.jpg,,,,,,disease-class=2_foliar_disease
GrayLeafSpot1516,disease/Gray Leaf Spot,Dataset/Coconut Tree Disease Dataset/Gray Leaf Spot/GrayLeafSpot1516.jpg,,,,,,disease-class=2_foliar_disease
GrayLeafSpot1517,disease/Gray Leaf Spot,Dataset/Coconut Tree Disease Dataset/Gray Leaf Spot/GrayLeafSpot1517.jpg,,,,,,disease-class=2_foliar_disease
GrayLeafSpot1518,disease/Gray Leaf Spot,Dataset/Coconut Tree Disease Dataset/Gray Leaf Spot/GrayLeafSpot1518.jpg,,,,,,disease-class=2_foliar_disease
GrayLeafSpot1519,disease/Gray Leaf Spot,Dataset/Coconut Tree Disease Dataset/Gray Leaf Spot/GrayLeafSpot1519.jpg,,,,,,disease-class=2_foliar_disease
GrayLeafSpot152,disease/Gray Leaf Spot,Dataset/Coconut Tree Disease Dataset/Gray Leaf Spot/GrayLeafSpot152.jpg,,,,,,disease-class=2_foliar_disease
GrayLeafSpot1520,disease/Gray Leaf Spot,Dataset/Coconut Tree Disease Dataset/Gray Leaf Spot/GrayLeafSpot1520.jpg,,,,,,disease-class=2_foliar_disease
GrayLeafSpot1521,disease/Gray Leaf Spot,Dataset/Coconut Tree Disease Dataset/Gray Leaf Spot/GrayLeafSpot1521.jpg,,,,,,disease-class=2_foliar_disease
GrayLeafSpot1522,disease/Gray Leaf Spot,Dataset/Coconut Tree Disease Dataset/Gray Leaf Spot/GrayLeafSpot1522.jpg,,,,,,disease-class=2_foliar_disease
GrayLeafSpot1523,disease/Gray Leaf Spot,Dataset/Coconut Tree Disease Dataset/Gray Leaf Spot/GrayLeafSpot1523.jpg,,,,,,disease-class=2_foliar_disease
GrayLeafSpot1524,disease/Gray Leaf Spot,Dataset/Coconut Tree Disease Dataset/Gray Leaf Spot/GrayLeafSpot1524.jpg,,,,,,disease-class=2_foliar_disease
GrayLeafSpot1525,disease/Gray Leaf Spot,Dataset/Coconut Tree Disease Dataset/Gray Leaf Spot/GrayLeafSpot1525.jpg,,,,,,disease-class=2_foliar_disease
GrayLeafSpot1526,disease/Gray Leaf Spot,Dataset/Coconut Tree Disease Dataset/Gray Leaf Spot/GrayLeafSpot1526.jpg,,,,,,disease-class=2_foliar_disease
GrayLeafSpot1527,disease/Gray Leaf Spot,Dataset/Coconut Tree Disease Dataset/Gray Leaf Spot/GrayLeafSpot1527.jpg,,,,,,disease-class=2_foliar_disease
GrayLeafSpot1528,disease/Gray Leaf Spot,Dataset/Coconut Tree Disease Dataset/Gray Leaf Spot/GrayLeafSpot1528.jpg,,,,,,disease-class=2_foliar_disease
GrayLeafSpot1529,disease/Gray Leaf Spot,Dataset/Coconut Tree Disease Dataset/Gray Leaf Spot/GrayLeafSpot1529.jpg,,,,,,disease-class=2_foliar_disease
GrayLeafSpot153,disease/Gray Leaf Spot,Dataset/Coconut Tree Disease Dataset/Gray Leaf Spot/GrayLeafSpot153.jpg,,,,,,disease-class=2_foliar_disease
GrayLeafSpot1530,disease/Gray Leaf Spot,Dataset/Coconut Tree Disease Dataset/Gray Leaf Spot/GrayLeafSpot1530.jpg,,,,,,disease-class=2_foliar_disease
GrayLeafSpot1531,disease/Gray Leaf Spot,Dataset/Coconut Tree Disease Dataset/Gray Leaf Spot/GrayLeafSpot1531.jpg,,,,,,disease-class=2_foliar_disease
GrayLeafSpot1532,disease/Gray Leaf Spot,Dataset/Coconut Tree Disease Dataset/Gray Leaf Spot/GrayLeafSpot1532.jpg,,,,,,disease-class=2_foliar_disease
GrayLeafSpot1533,disease/Gray Leaf Spot,Dataset/Coconut Tree Disease Dataset/Gray Leaf Spot/GrayLeafSpot1533.jpg,,,,,,disease-class=2_foliar_disease
GrayLeafSpot1534,disease/Gray Leaf Spot,Dataset/Coconut Tree Disease Dataset/Gray Leaf Spot/GrayLeafSpot1534.jpg,,,,,,disease-class=2_foliar_disease
GrayLeafSpot1535,disease/Gray Leaf Spot,Dataset/Coconut Tree Disease Dataset/Gray Leaf Spot/GrayLeafSpot1535.jpg,,,,,,disease-class=2_foliar_disease
GrayLeafSpot1536,disease/Gray Leaf Spot,Dataset/Coconut Tree Disease Dataset/Gray Leaf Spot/GrayLeafSpot1536.jpg,,,,,,disease-class=2_foliar_disease
GrayLeafSpot1537,disease/Gray Leaf Spot,Dataset/Coconut Tree Disease Dataset/Gray Leaf Spot/GrayLeafSpot1537.jpg,,,,,,disease-class=2_foliar_disease
GrayLeafSpot1538,disease/Gray Leaf Spot,Dataset/Coconut Tree Disease Dataset/Gray Leaf Spot/GrayLeafSpot1538.jpg,,,,,,disease-class=2_foliar_disease
GrayLeafSpot1539,disease/Gray Leaf Spot,Dataset/Coconut Tree Disease Dataset/Gray Leaf Spot/GrayLeafSpot1539.jpg,,,,,,disease-class=2_foliar_disease
GrayLeafSpot154,disease/Gray Leaf Spot,Dataset/Coconut Tree Disease Dataset/Gray Leaf Spot/GrayLeafSpot154.jpg,,,,,,disease-class=2_foliar_disease
GrayLeafSpot1540,disease/Gray Leaf Spot,Dataset/Coconut Tree Disease Dataset/Gray Leaf Spot/GrayLeafSpot1540.jpg,,,,,,disease-class=2_foliar_disease
GrayLeafSpot1541,disease/Gray Leaf Spot,Dataset/Coconut Tree Disease Dataset/Gray Leaf Spot/GrayLeafSpot1541.jpg,,,,,,disease-class=2_foliar_disease
GrayLeafSpot1542,disease/Gray Leaf Spot,Dataset/Coconut Tree Disease Dataset/Gray Leaf Spot/GrayLeafSpot1542.jpg,,,,,,disease-class=2_foliar_disease
GrayLeafSpot1543,disease/Gray Leaf Spot,Dataset/Coconut Tree Disease Dataset/Gray Leaf Spot/GrayLeafSpot1543.jpg,,,,,,disease-class=2_foliar_disease
GrayLeafSpot1544,disease/Gray Leaf Spot,Dataset/Coconut Tree Disease Dataset/Gray Leaf Spot/GrayLeafSpot1544.jpg,,,,,,disease-class=2_foliar_disease
GrayLeafSpot1545,disease/Gray Leaf Spot,Dataset/Coconut Tree Disease Dataset/Gray Leaf Spot/GrayLeafSpot1545.jpg,,,,,,disease-class=2_foliar_disease
GrayLeafSpot1546,disease/Gray Leaf Spot,Dataset/Coconut Tree Disease Dataset/Gray Leaf Spot/GrayLeafSpot1546.jpg,,,,,,disease-class=2_foliar_disease
GrayLeafSpot1547,disease/Gray Leaf Spot,Dataset/Coconut Tree Disease Dataset/Gray Leaf Spot/GrayLeafSpot1547.jpg,,,,,,disease-class=2_foliar_disease
GrayLeafSpot1548,disease/Gray Leaf Spot,Dataset/Coconut Tree Disease Dataset/Gray Leaf Spot/GrayLeafSpot1548.jpg,,,,,,disease-class=2_foliar_disease
GrayLeafSpot1549,disease/Gray Leaf Spot,Dataset/Coconut Tree Disease Dataset/Gray Leaf Spot/GrayLeafSpot1549.jpg,,,,,,disease-class=2_foliar_disease
GrayLeafSpot155,disease/Gray Leaf Spot,Dataset/Coconut Tree Disease Dataset/Gray Leaf Spot/GrayLeafSpot155.jpg,,,,,,disease-class=2_foliar_disease
GrayLeafSpot1550,disease/Gray Leaf Spot,Dataset/Coconut Tree Disease Dataset/Gray Leaf Spot/GrayLeafSpot1550.jpg,,,,,,disease-class=2_foliar_disease
GrayLeafSpot1551,disease/Gray Leaf Spot,Dataset/Coconut Tree Disease Dataset/Gray Leaf Spot/GrayLeafSpot1551.jpg,,,,,,disease-class=2_foliar_disease
GrayLeafSpot1552,disease/Gray Leaf Spot,Dataset/Coconut Tree Disease Dataset/Gray Leaf Spot/GrayLeafSpot1552.jpg,,,,,,disease-class=2_foliar_disease
GrayLeafSpot1553,disease/Gray Leaf Spot,Dataset/Coconut Tree Disease Dataset/Gray Leaf Spot/GrayLeafSpot1553.jpg,,,,,,disease-class=2_foliar_disease
GrayLeafSpot1554,disease/Gray Leaf Spot,Dataset/Coconut Tree Disease Dataset/Gray Leaf Spot/GrayLeafSpot1554.jpg,,,,,,disease-class=2_foliar_disease
GrayLeafSpot1555,disease/Gray Leaf Spot,Dataset/Coconut Tree Disease Dataset/Gray Leaf Spot/GrayLeafSpot1555.jpg,,,,,,disease-class=2_foliar_disease
GrayLeafSpot1556,disease/Gray Leaf Spot,Dataset/Coconut Tree Disease Dataset/Gray Leaf Spot/GrayLeafSpot1556.jpg,,,,,,disease-class=2_foliar_disease
GrayLeafSpot1557,disease/Gray Leaf Spot,Dataset/Coconut Tree Disease Dataset/Gray Leaf Spot/GrayLeafSpot1557.jpg,,,,,,disease-class=2_foliar_disease
GrayLeafSpot1558,disease/Gray Leaf Spot,Dataset/Coconut Tree Disease Dataset/Gray Leaf Spot/GrayLeafSpot1558.jpg,,,,,,disease-class=2_foliar_disease
GrayLeafSpot1559,disease/Gray Leaf Spot,Dataset/Coconut Tree Disease Dataset/Gray Leaf Spot/GrayLeafSpot1559.jpg,,,,,,disease-class=2_foliar_disease
GrayLeafSpot156,disease/Gray Leaf Spot,Dataset/Coconut Tree Disease Dataset/Gray Leaf Spot/GrayLeafSpot156.jpg,,,,,,disease-class=2_foliar_disease
GrayLeafSpot1560,disease/Gray Leaf Spot,Dataset/Coconut Tree Disease Dataset/Gray Leaf Spot/GrayLeafSpot1560.jpg,,,,,,disease-class=2_foliar_disease
GrayLeafSpot1561,disease/Gray Leaf Spot,Dataset/Coconut Tree Disease Dataset/Gray Leaf Spot/GrayLeafSpot1561.jpg,,,,,,disease-class=2_foliar_disease
GrayLeafSpot1562,disease/Gray Leaf Spot,Dataset/Coconut Tree Disease Dataset/Gray Leaf Spot/GrayLeafSpot1562.jpg,,,,,,disease-class=2_foliar_disease
GrayLeafSpot1563,disease/Gray Leaf Spot,Dataset/Coconut Tree Disease Dataset/Gray Leaf Spot/GrayLeafSpot1563.jpg,,,,,,disease-class=2_foliar_disease
GrayLeafSpot1564,disease/Gray Leaf Spot,Dataset/Coconut Tree Disease Dataset/Gray Leaf Spot/GrayLeafSpot1564.jpg,,,,,,disease-class=2_foliar_disease
GrayLeafSpot1565,disease/Gray Leaf Spot,Dataset/Coconut Tree Disease Dataset/Gray Leaf Spot/GrayLeafSpot1565.jpg,,,,,,disease-class=2_foliar_disease
GrayLeafSpot1566,disease/Gray Leaf Spot,Dataset/Coconut Tree Disease Dataset/Gray Leaf Spot/GrayLeafSpot1566.jpg,,,,,,disease-class=2_foliar_disease
GrayLeafSpot1567,disease/Gray Leaf Spot,Dataset/Coconut Tree Disease Dataset/Gray Leaf Spot/GrayLeafSpot1567.jpg,,,,,,disease-class=2_foliar_disease
GrayLeafSpot1568,disease/Gray Leaf Spot,Dataset/Coconut Tree Disease Dataset/Gray Leaf Spot/GrayLeafSpot1568.jpg,,,,,,disease-class=2_foliar_disease
GrayLeafSpot1569,disease/Gray Leaf Spot,Dataset/Coconut Tree Disease Dataset/Gray Leaf Spot/GrayLeafSpot1569.jpg,,,,,,disease-class=2_foliar_disease
GrayLeafSpot157,disease/Gray Leaf Spot,Dataset/Coconut Tree Disease Dataset/Gray Leaf Spot/GrayLeafSpot157.jpg,,,,,,disease-class=2_foliar_disease
GrayLeafSpot1570,disease/Gray Leaf Spot,Dataset/Coconut Tree Disease Dataset/Gray Leaf Spot/GrayLeafSpot1570.jpg,,,,,,disease-class=2_foliar_disease
GrayLeafSpot1571,disease/Gray Leaf Spot,Dataset/Coconut Tree Disease Dataset/Gray Leaf Spot/GrayLeafSpot1571.jpg,,,,,,disease-class=2_foliar_disease
GrayLeafSpot1572,disease/Gray Leaf Spot,Dataset/Coconut Tree Disease Dataset/Gray Leaf Spot/GrayLeafSpot1572.jpg,,,,,,disease-class=2_foliar_disease
GrayLeafSpot1573,disease/Gray Leaf Spot,Dataset/Coconut Tree Disease Dataset/Gray Leaf Spot/GrayLeafSpot1573.jpg,,,,,,disease-class=2_foliar_disease
GrayLeafSpot1574,disease/Gray Leaf Spot,Dataset/Coconut Tree Disease Dataset/Gray Leaf Spot/GrayLeafSpot1574.jpg,,,,,,disease-class=2_foliar_disease
GrayLeafSpot1575,disease/Gray Leaf Spot,Dataset/Coconut Tree Disease Dataset/Gray Leaf Spot/GrayLeafSpot1575.jpg,,,,,,disease-class=2_foliar_disease
GrayLeafSpot1576,disease/Gray Leaf Spot,Dataset/Coconut Tree Disease Dataset/Gray Leaf Spot/GrayLeafSpot1576.jpg,,,,,,disease-class=2_foliar_disease
GrayLeafSpot1577,disease/Gray Leaf Spot,Dataset/Coconut Tree Disease Dataset/Gray Leaf Spot/GrayLeafSpot1577.jpg,,,,,,disease-class=2_foliar_disease
GrayLeafSpot1578,disease/Gray Leaf Spot,Dataset/Coconut Tree Disease Dataset/Gray Leaf Spot/GrayLeafSpot1578.jpg,,,,,,disease-class=2_foliar_disease
GrayLeafSpot1579,disease/Gray Leaf Spot,Dataset/Coconut Tree Disease Dataset/Gray Leaf Spot/GrayLeafSpot1579.jpg,,,,,,disease-class=2_foliar_disease
GrayLeafSpot158,disease/Gray Leaf Spot,Dataset/Coconut Tree Disease Dataset/Gray Leaf Spot/GrayLeafSpot158.jpg,,,,,,disease-class=2_foliar_disease
GrayLeafSpot1580,disease/Gray Leaf Spot,Dataset/Coconut Tree Disease Dataset/Gray Leaf Spot/GrayLeafSpot1580.jpg,,,,,,disease-class=2_foliar_disease
GrayLeafSpot1581,disease/Gray Leaf Spot,Dataset/Coconut Tree Disease Dataset/Gray Leaf Spot/GrayLeafSpot1581.jpg,,,,,,disease-class=2_foliar_disease
GrayLeafSpot1582,disease/Gray Leaf Spot,Dataset/Coconut Tree Disease Dataset/Gray Leaf Spot/GrayLeafSpot1582.jpg,,,,,,disease-class=2_foliar_disease
GrayLeafSpot1583,disease/Gray Leaf Spot,Dataset/Coconut Tree Disease Dataset/Gray Leaf Spot/GrayLeafSpot1583.jpg,,,,,,disease-class=2_foliar_disease
GrayLeafSpot1584,disease/Gray Leaf Spot,Dataset/Coconut Tree Disease Dataset/Gray Leaf Spot/GrayLeafSpot1584.jpg,,,,,,disease-class=2_foliar_disease
GrayLeafSpot1585,disease/Gray Leaf Spot,Dataset/Coconut Tree Disease Dataset/Gray Leaf Spot/GrayLeafSpot1585.jpg,,,,,,disease-class=2_foliar_disease
GrayLeafSpot1586,disease/Gray Leaf Spot,Dataset/Coconut Tree Disease Dataset/Gray Leaf Spot/GrayLeafSpot1586.jpg,,,,,,disease-class=2_foliar_disease
GrayLeafSpot1587,disease/Gray Leaf Spot,Dataset/Coconut Tree Disease Dataset/Gray Leaf Spot/GrayLeafSpot1587.jpg,,,,,,disease-class=2_foliar_disease
GrayLeafSpot1588,disease/Gray Leaf Spot,Dataset/Coconut Tree Disease Dataset/Gray Leaf Spot/GrayLeafSpot1588.jpg,,,,,,disease-class=2_foliar_disease
GrayLeafSpot1589,disease/Gray Leaf Spot,Dataset/Coconut Tree Disease Dataset/Gray Leaf Spot/GrayLeafSpot1589.jpg,,,,,,disease-class=2_foliar_disease
GrayLeafSpot159,disease/Gray Leaf Spot,Dataset/Coconut Tree Disease Dataset/Gray Leaf Spot/GrayLeafSpot159.jpg,,,,,,disease-class=2_foliar_disease
GrayLeafSpot1590,disease/Gray Leaf Spot,Dataset/Coconut Tree Disease Dataset/Gray Leaf Spot/GrayLeafSpot1590.jpg,,,,,,disease-class=2_foliar_disease
GrayLeafSpot1591,disease/Gray Leaf Spot,Dataset/Coconut Tree Disease Dataset/Gray Leaf Spot/GrayLeafSpot1591.jpg,,,,,,disease-class=2_foliar_disease
GrayLeafSpot1592,disease/Gray Leaf Spot,Dataset/Coconut Tree Disease Dataset/Gray Leaf Spot/GrayLeafSpot1592.jpg,,,,,,disease-class=2_foliar_disease
GrayLeafSpot1593,disease/Gray Leaf Spot,Dataset/Coconut Tree Disease Dataset/Gray Leaf Spot/GrayLeafSpot1593.jpg,,,,,,disease-class=2_foliar_disease
GrayLeafSpot1594,disease/Gray Leaf Spot,Dataset/Coconut Tree Disease Dataset/Gray Leaf Spot/GrayLeafSpot1594.jpg,,,,,,disease-class=2_foliar_disease
GrayLeafSpot1595,disease/Gray Leaf Spot,Dataset/Coconut Tree Disease Dataset/Gray Leaf Spot/GrayLeafSpot1595.jpg,,,,,,disease-class=2_foliar_disease
GrayLeafSpot1596,disease/Gray Leaf Spot,Dataset/Coconut Tree Disease Dataset/Gray Leaf Spot/GrayLeafSpot1596.jpg,,,,,,disease-class=2_foliar_disease
GrayLeafSpot1597,disease/Gray Leaf Spot,Dataset/Coconut Tree Disease Dataset/Gray Leaf Spot/GrayLeafSpot1597.jpg,,,,,,disease-class=2_foliar_disease
GrayLeafSpot1598,disease/Gray Leaf Spot,Dataset/Coconut Tree Disease Dataset/Gray Leaf Spot/GrayLeafSpot1598.jpg,,,,,,disease-class=2_foliar_disease
GrayLeafSpot1599,disease/Gray Leaf Spot,Dataset/Coconut Tree Disease Dataset/Gray Leaf Spot/GrayLeafSpot1599.jpg,,,,,,disease-class=2_foliar_disease
GrayLeafSpot160,disease/Gray Leaf Spot,Dataset/Coconut Tree Disease Dataset/Gray Leaf Spot/GrayLeafSpot160.jpg,,,,,,disease-class=2_foliar_disease
GrayLeafSpot1600,disease/Gray Leaf Spot,Dataset/Coconut Tree Disease Dataset/Gray Leaf Spot/GrayLeafSpot1600.jpg,,,,,,disease-class=2_foliar_disease
GrayLeafSpot1601,disease/Gray Leaf Spot,Dataset/Coconut Tree Disease Dataset/Gray Leaf Spot/GrayLeafSpot1601.jpg,,,,,,disease-class=2_foliar_disease
GrayLeafSpot1602,disease/Gray Leaf Spot,Dataset/Coconut Tree Disease Dataset/Gray Leaf Spot/GrayLeafSpot1602.jpg,,,,,,disease-class=2_foliar_disease
GrayLeafSpot1603,disease/Gray Leaf Spot,Dataset/Coconut Tree Disease Dataset/Gray Leaf Spot/GrayLeafSpot1603.jpg,,,,,,disease-class=2_foliar_disease
GrayLeafSpot1604,disease/Gray Leaf Spot,Dataset/Coconut Tree Disease Dataset/Gray Leaf Spot/GrayLeafSpot1604.jpg,,,,,,disease-class=2_foliar_disease
GrayLeafSpot1605,disease/Gray Leaf Spot,Dataset/Coconut Tree Disease Dataset/Gray Leaf Spot/GrayLeafSpot1605.jpg,,,,,,disease-class=2_foliar_disease
GrayLeafSpot1606,disease/Gray Leaf Spot,Dataset/Coconut Tree Disease Dataset/Gray Leaf Spot/GrayLeafSpot1606.jpg,,,,,,disease-class=2_foliar_disease
GrayLeafSpot1607,disease/Gray Leaf Spot,Dataset/Coconut Tree Disease Dataset/Gray Leaf Spot/GrayLeafSpot1607.jpg,,,,,,disease-class=2_foliar_disease
GrayLeafSpot1608,disease/Gray Leaf Spot,Dataset/Coconut Tree Disease Dataset/Gray Leaf Spot/GrayLeafSpot1608.jpg,,,,,,disease-class=2_foliar_disease
GrayLeafSpot1609,disease/Gray Leaf Spot,Dataset/Coconut Tree Disease Dataset/Gray Leaf Spot/GrayLeafSpot1609.jpg,,,,,,disease-class=2_foliar_disease
GrayLeafSpot161,disease/Gray Leaf Spot,Dataset/Coconut Tree Disease Dataset/Gray Leaf Spot/GrayLeafSpot161.jpg,,,,,,disease-class=2_foliar_disease
GrayLeafSpot1610,disease/Gray Leaf Spot,Dataset/Coconut Tree Disease Dataset/Gray Leaf Spot/GrayLeafSpot1610.jpg,,,,,,disease-class=2_foliar_disease
GrayLeafSpot1611,disease/Gray Leaf Spot,Dataset/Coconut Tree Disease Dataset/Gray Leaf Spot/GrayLeafSpot1611.jpg,,,,,,disease-class=2_foliar_disease
GrayLeafSpot1612,disease/Gray Leaf Spot,Dataset/Coconut Tree Disease Dataset/Gray Leaf Spot/GrayLeafSpot1612.jpg,,,,,,disease-class=2_foliar_disease
GrayLeafSpot1613,disease/Gray Leaf Spot,Dataset/Coconut Tree Disease Dataset/Gray Leaf Spot/GrayLeafSpot1613.jpg,,,,,,disease-class=2_foliar_disease
GrayLeafSpot1614,disease/Gray Leaf Spot,Dataset/Coconut Tree Disease Dataset/Gray Leaf Spot/GrayLeafSpot1614.jpg,,,,,,disease-class=2_foliar_disease
GrayLeafSpot1615,disease/Gray Leaf Spot,Dataset/Coconut Tree Disease Dataset/Gray Leaf Spot/GrayLeafSpot1615.jpg,,,,,,disease-class=2_foliar_disease
GrayLeafSpot1616,disease/Gray Leaf Spot,Dataset/Coconut Tree Disease Dataset/Gray Leaf Spot/GrayLeafSpot1616.jpg,,,,,,disease-class=2_foliar_disease
GrayLeafSpot1617,disease/Gray Leaf Spot,Dataset/Coconut Tree Disease Dataset/Gray Leaf Spot/GrayLeafSpot1617.jpg,,,,,,disease-class=2_foliar_disease
GrayLeafSpot1618,disease/Gray Leaf Spot,Dataset/Coconut Tree Disease Dataset/Gray Leaf Spot/GrayLeafSpot1618.jpg,,,,,,disease-class=2_foliar_disease
GrayLeafSpot1619,disease/Gray Leaf Spot,Dataset/Coconut Tree Disease Dataset/Gray Leaf Spot/GrayLeafSpot1619.jpg,,,,,,disease-class=2_foliar_disease
GrayLeafSpot162,disease/Gray Leaf Spot,Dataset/Coconut Tree Disease Dataset/Gray Leaf Spot/GrayLeafSpot162.jpg,,,,,,disease-class=2_foliar_disease
GrayLeafSpot1620,disease/Gray Leaf Spot,Dataset/Coconut Tree Disease Dataset/Gray Leaf Spot/GrayLeafSpot1620.jpg,,,,,,disease-class=2_foliar_disease
GrayLeafSpot1621,disease/Gray Leaf Spot,Dataset/Coconut Tree Disease Dataset/Gray Leaf Spot/GrayLeafSpot1621.jpg,,,,,,disease-class=2_foliar_disease
GrayLeafSpot1622,disease/Gray Leaf Spot,Dataset/Coconut Tree Disease Dataset/Gray Leaf Spot/GrayLeafSpot1622.jpg,,,,,,disease-class=2_foliar_disease
GrayLeafSpot1623,disease/Gray Leaf Spot,Dataset/Coconut Tree Disease Dataset/Gray Leaf Spot/GrayLeafSpot1623.jpg,,,,,,disease-class=2_foliar_disease
GrayLeafSpot1624,disease/Gray Leaf Spot,Dataset/Coconut Tree Disease Dataset/Gray Leaf Spot/GrayLeafSpot1624.jpg,,,,,,disease-class=2_foliar_disease
GrayLeafSpot1625,disease/Gray Leaf Spot,Dataset/Coconut Tree Disease Dataset/Gray Leaf Spot/GrayLeafSpot1625.jpg,,,,,,disease-class=2_foliar_disease
GrayLeafSpot1626,disease/Gray Leaf Spot,Dataset/Coconut Tree Disease Dataset/Gray Leaf Spot/GrayLeafSpot1626.jpg,,,,,,disease-class=2_foliar_disease
GrayLeafSpot1627,disease/Gray Leaf Spot,Dataset/Coconut Tree Disease Dataset/Gray Leaf Spot/GrayLeafSpot1627.jpg,,,,,,disease-class=2_foliar_disease
GrayLeafSpot1628,disease/Gray Leaf Spot,Dataset/Coconut Tree Disease Dataset/Gray Leaf Spot/GrayLeafSpot1628.jpg,,,,,,disease-class=2_foliar_disease
GrayLeafSpot1629,disease/Gray Leaf Spot,Dataset/Coconut Tree Disease Dataset/Gray Leaf Spot/GrayLeafSpot1629.jpg,,,,,,disease-class=2_foliar_disease
GrayLeafSpot163,disease/Gray Leaf Spot,Dataset/Coconut Tree Disease Dataset/Gray Leaf Spot/GrayLeafSpot163.jpg,,,,,,disease-class=2_foliar_disease
GrayLeafSpot1630,disease/Gray Leaf Spot,Dataset/Coconut Tree Disease Dataset/Gray Leaf Spot/GrayLeafSpot1630.jpg,,,,,,disease-class=2_foliar_disease
GrayLeafSpot1631,disease/Gray Leaf Spot,Dataset/Coconut Tree Disease Dataset/Gray Leaf Spot/GrayLeafSpot1631.jpg,,,,,,disease-class=2_foliar_disease
GrayLeafSpot1632,disease/Gray Leaf Spot,Dataset/Coconut Tree Disease Dataset/Gray Leaf Spot/GrayLeafSpot1632.jpg,,,,,,disease-class=2_foliar_disease
GrayLeafSpot1633,disease/Gray Leaf Spot,Dataset/Coconut Tree Disease Dataset/Gray Leaf Spot/GrayLeafSpot1633.jpg,,,,,,disease-class=2_foliar_disease
GrayLeafSpot1634,disease/Gray Leaf Spot,Dataset/Coconut Tree Disease Dataset/Gray Leaf Spot/GrayLeafSpot1634.jpg,,,,,,disease-class=2_foliar_disease
GrayLeafSpot1635,disease/Gray Leaf Spot,Dataset/Coconut Tree Disease Dataset/Gray Leaf Spot/GrayLeafSpot1635.jpg,,,,,,disease-class=2_foliar_disease
GrayLeafSpot1636,disease/Gray Leaf Spot,Dataset/Coconut Tree Disease Dataset/Gray Leaf Spot/GrayLeafSpot1636.jpg,,,,,,disease-class=2_foliar_disease
GrayLeafSpot1637,disease/Gray Leaf Spot,Dataset/Coconut Tree Disease Dataset/Gray Leaf Spot/GrayLeafSpot1637.jpg,,,,,,disease-class=2_foliar_disease
GrayLeafSpot1638,disease/Gray Leaf Spot,Dataset/Coconut Tree Disease Dataset/Gray Leaf Spot/GrayLeafSpot1638.jpg,,,,,,disease-class=2_foliar_disease
GrayLeafSpot1639,disease/Gray Leaf Spot,Dataset/Coconut Tree Disease Dataset/Gray Leaf Spot/GrayLeafSpot1639.jpg,,,,,,disease-class=2_foliar_disease
GrayLeafSpot164,disease/Gray Leaf Spot,Dataset/Coconut Tree Disease Dataset/Gray Leaf Spot/GrayLeafSpot164.jpg,,,,,,disease-class=2_foliar_disease
GrayLeafSpot1640,disease/Gray Leaf Spot,Dataset/Coconut Tree Disease Dataset/Gray Leaf Spot/GrayLeafSpot1640.jpg,,,,,,disease-class=2_foliar_disease
GrayLeafSpot1641,disease/Gray Leaf Spot,Dataset/Coconut Tree Disease Dataset/Gray Leaf Spot/GrayLeafSpot1641.jpg,,,,,,disease-class=2_foliar_disease
GrayLeafSpot1642,disease/Gray Leaf Spot,Dataset/Coconut Tree Disease Dataset/Gray Leaf Spot/GrayLeafSpot1642.jpg,,,,,,disease-class=2_foliar_disease
GrayLeafSpot1643,disease/Gray Leaf Spot,Dataset/Coconut Tree Disease Dataset/Gray Leaf Spot/GrayLeafSpot1643.jpg,,,,,,disease-class=2_foliar_disease
GrayLeafSpot1644,disease/Gray Leaf Spot,Dataset/Coconut Tree Disease Dataset/Gray Leaf Spot/GrayLeafSpot1644.jpg,,,,,,disease-class=2_foliar_disease
GrayLeafSpot1645,disease/Gray Leaf Spot,Dataset/Coconut Tree Disease Dataset/Gray Leaf Spot/GrayLeafSpot1645.jpg,,,,,,disease-class=2_foliar_disease
GrayLeafSpot1646,disease/Gray Leaf Spot,Dataset/Coconut Tree Disease Dataset/Gray Leaf Spot/GrayLeafSpot1646.jpg,,,,,,disease-class=2_foliar_disease
GrayLeafSpot1647,disease/Gray Leaf Spot,Dataset/Coconut Tree Disease Dataset/Gray Leaf Spot/GrayLeafSpot1647.jpg,,,,,,disease-class=2_foliar_disease
GrayLeafSpot1648,disease/Gray Leaf Spot,Dataset/Coconut Tree Disease Dataset/Gray Leaf Spot/GrayLeafSpot1648.jpg,,,,,,disease-class=2_foliar_disease
GrayLeafSpot1649,disease/Gray Leaf Spot,Dataset/Coconut Tree Disease Dataset/Gray Leaf Spot/GrayLeafSpot1649.jpg,,,,,,disease-class=2_foliar_disease
GrayLeafSpot165,disease/Gray Leaf Spot,Dataset/Coconut Tree Disease Dataset/Gray Leaf Spot/GrayLeafSpot165.jpg,,,,,,disease-class=2_foliar_disease
GrayLeafSpot1650,disease/Gray Leaf Spot,Dataset/Coconut Tree Disease Dataset/Gray Leaf Spot/GrayLeafSpot1650.jpg,,,,,,disease-class=2_foliar_disease
GrayLeafSpot1651,disease/Gray Leaf Spot,Dataset/Coconut Tree Disease Dataset/Gray Leaf Spot/GrayLeafSpot1651.jpg,,,,,,disease-class=2_foliar_disease
GrayLeafSpot1652,disease/Gray Leaf Spot,Dataset/Coconut Tree Disease Dataset/Gray Leaf Spot/GrayLeafSpot1652.jpg,,,,,,disease-class=2_foliar_disease
GrayLeafSpot1653,disease/Gray Leaf Spot,Dataset/Coconut Tree Disease Dataset/Gray Leaf Spot/GrayLeafSpot1653.jpg,,,,,,disease-class=2_foliar_disease
GrayLeafSpot1654,disease/Gray Leaf Spot,Dataset/Coconut Tree Disease Dataset/Gray Leaf Spot/GrayLeafSpot1654.jpg,,,,,,disease-class=2_foliar_disease
GrayLeafSpot1655,disease/Gray Leaf Spot,Dataset/Coconut Tree Disease Dataset/Gray Leaf Spot/GrayLeafSpot1655.jpg,,,,,,disease-class=2_foliar_disease
GrayLeafSpot1656,disease/Gray Leaf Spot,Dataset/Coconut Tree Disease Dataset/Gray Leaf Spot/GrayLeafSpot1656.jpg,,,,,,disease-class=2_foliar_disease
GrayLeafSpot1657,disease/Gray Leaf Spot,Dataset/Coconut Tree Disease Dataset/Gray Leaf Spot/GrayLeafSpot1657.jpg,,,,,,disease-class=2_foliar_disease
GrayLeafSpot1658,disease/Gray Leaf Spot,Dataset/Coconut Tree Disease Dataset/Gray Leaf Spot/GrayLeafSpot1658.jpg,,,,,,disease-class=2_foliar_disease
GrayLeafSpot1659,disease/Gray Leaf Spot,Dataset/Coconut Tree Disease Dataset/Gray Leaf Spot/GrayLeafSpot1659.jpg,,,,,,disease-class=2_foliar_disease
GrayLeafSpot166,disease/Gray Leaf Spot,Dataset/Coconut Tree Disease Dataset/Gray Leaf Spot/GrayLeafSpot166.jpg,,,,,,disease-class=2_foliar_disease
GrayLeafSpot1660,disease/Gray Leaf Spot,Dataset/Coconut Tree Disease Dataset/Gray Leaf Spot/GrayLeafSpot1660.jpg,,,,,,disease-class=2_foliar_disease
GrayLeafSpot1661,disease/Gray Leaf Spot,Dataset/Coconut Tree Disease Dataset/Gray Leaf Spot/GrayLeafSpot1661.jpg,,,,,,disease-class=2_foliar_disease
GrayLeafSpot1662,disease/Gray Leaf Spot,Dataset/Coconut Tree Disease Dataset/Gray Leaf Spot/GrayLeafSpot1662.jpg,,,,,,disease-class=2_foliar_disease
GrayLeafSpot1663,disease/Gray Leaf Spot,Dataset/Coconut Tree Disease Dataset/Gray Leaf Spot/GrayLeafSpot1663.jpg,,,,,,disease-class=2_foliar_disease
GrayLeafSpot1664,disease/Gray Leaf Spot,Dataset/Coconut Tree Disease Dataset/Gray Leaf Spot/GrayLeafSpot1664.jpg,,,,,,disease-class=2_foliar_disease
GrayLeafSpot1665,disease/Gray Leaf Spot,Dataset/Coconut Tree Disease Dataset/Gray Leaf Spot/GrayLeafSpot1665.jpg,,,,,,disease-class=2_foliar_disease
GrayLeafSpot1666,disease/Gray Leaf Spot,Dataset/Coconut Tree Disease Dataset/Gray Leaf Spot/GrayLeafSpot1666.jpg,,,,,,disease-class=2_foliar_disease
GrayLeafSpot1667,disease/Gray Leaf Spot,Dataset/Coconut Tree Disease Dataset/Gray Leaf Spot/GrayLeafSpot1667.jpg,,,,,,disease-class=2_foliar_disease
GrayLeafSpot1668,disease/Gray Leaf Spot,Dataset/Coconut Tree Disease Dataset/Gray Leaf Spot/GrayLeafSpot1668.jpg,,,,,,disease-class=2_foliar_disease
GrayLeafSpot1669,disease/Gray Leaf Spot,Dataset/Coconut Tree Disease Dataset/Gray Leaf Spot/GrayLeafSpot1669.jpg,,,,,,disease-class=2_foliar_disease
GrayLeafSpot167,disease/Gray Leaf Spot,Dataset/Coconut Tree Disease Dataset/Gray Leaf Spot/GrayLeafSpot167.jpg,,,,,,disease-class=2_foliar_disease
GrayLeafSpot1670,disease/Gray Leaf Spot,Dataset/Coconut Tree Disease Dataset/Gray Leaf Spot/GrayLeafSpot1670.jpg,,,,,,disease-class=2_foliar_disease
GrayLeafSpot1671,disease/Gray Leaf Spot,Dataset/Coconut Tree Disease Dataset/Gray Leaf Spot/GrayLeafSpot1671.jpg,,,,,,disease-class=2_foliar_disease
GrayLeafSpot1672,disease/Gray Leaf Spot,Dataset/Coconut Tree Disease Dataset/Gray Leaf Spot/GrayLeafSpot1672.jpg,,,,,,disease-class=2_foliar_disease
GrayLeafSpot1673,disease/Gray Leaf Spot,Dataset/Coconut Tree Disease Dataset/Gray Leaf Spot/GrayLeafSpot1673.jpg,,,,,,disease-class=2_foliar_disease
GrayLeafSpot1674,disease/Gray Leaf Spot,Dataset/Coconut Tree Disease Dataset/Gray Leaf Spot/GrayLeafSpot1674.jpg,,,,,,disease-class=2_foliar_disease
GrayLeafSpot1675,disease/Gray Leaf Spot,Dataset/Coconut Tree Disease Dataset/Gray Leaf Spot/GrayLeafSpot1675.jpg,,,,,,disease-class=2_foliar_disease
GrayLeafSpot1676,disease/Gray Leaf Spot,Dataset/Coconut Tree Disease Dataset/Gray Leaf Spot/GrayLeafSpot1676.jpg,,,,,,disease-class=2_foliar_disease
GrayLeafSpot1677,disease/Gray Leaf Spot,Dataset/Coconut Tree Disease Dataset/Gray Leaf Spot/GrayLeafSpot1677.jpg,,,,,,disease-class=2_foliar_disease
GrayLeafSpot1678,disease/Gray Leaf Spot,Dataset/Coconut Tree Disease Dataset/Gray Leaf Spot/GrayLeafSpot1678.jpg,,,,,,disease-class=2_foliar_disease
GrayLeafSpot1679,disease/Gray Leaf Spot,Dataset/Coconut Tree Disease Dataset/Gray Leaf Spot/GrayLeafSpot1679.jpg,,,,,,disease-class=2_foliar_disease
GrayLeafSpot168,disease/Gray Leaf Spot,Dataset/Coconut Tree Disease Dataset/Gray Leaf Spot/GrayLeafSpot168.jpg,,,,,,disease-class=2_foliar_disease
GrayLeafSpot1680,disease/Gray Leaf Spot,Dataset/Coconut Tree Disease Dataset/Gray Leaf Spot/GrayLeafSpot1680.jpg,,,,,,disease-class=2_foliar_disease
GrayLeafSpot1681,disease/Gray Leaf Spot,Dataset/Coconut Tree Disease Dataset/Gray Leaf Spot/GrayLeafSpot1681.jpg,,,,,,disease-class=2_foliar_disease
GrayLeafSpot1682,disease/Gray Leaf Spot,Dataset/Coconut Tree Disease Dataset/Gray Leaf Spot/GrayLeafSpot1682.jpg,,,,,,disease-class=2_foliar_disease
GrayLeafSpot1683,disease/Gray Leaf Spot,Dataset/Coconut Tree Disease Dataset/Gray Leaf Spot/GrayLeafSpot1683.jpg,,,,,,disease-class=2_foliar_disease
GrayLeafSpot1684,disease/Gray Leaf Spot,Dataset/Coconut Tree Disease Dataset/Gray Leaf Spot/GrayLeafSpot1684.jpg,,,,,,disease-class=2_foliar_disease
GrayLeafSpot1685,disease/Gray Leaf Spot,Dataset/Coconut Tree Disease Dataset/Gray Leaf Spot/GrayLeafSpot1685.jpg,,,,,,disease-class=2_foliar_disease
GrayLeafSpot1686,disease/Gray Leaf Spot,Dataset/Coconut Tree Disease Dataset/Gray Leaf Spot/GrayLeafSpot1686.jpg,,,,,,disease-class=2_foliar_disease
GrayLeafSpot1687,disease/Gray Leaf Spot,Dataset/Coconut Tree Disease Dataset/Gray Leaf Spot/GrayLeafSpot1687.jpg,,,,,,disease-class=2_foliar_disease
GrayLeafSpot1688,disease/Gray Leaf Spot,Dataset/Coconut Tree Disease Dataset/Gray Leaf Spot/GrayLeafSpot1688.jpg,,,,,,disease-class=2_foliar_disease
GrayLeafSpot1689,disease/Gray Leaf Spot,Dataset/Coconut Tree Disease Dataset/Gray Leaf Spot/GrayLeafSpot1689.jpg,,,,,,disease-class=2_foliar_disease
GrayLeafSpot169,disease/Gray Leaf Spot,Dataset/Coconut Tree Disease Dataset/Gray Leaf Spot/GrayLeafSpot169.jpg,,,,,,disease-class=2_foliar_disease
GrayLeafSpot1690,disease/Gray Leaf Spot,Dataset/Coconut Tree Disease Dataset/Gray Leaf Spot/GrayLeafSpot1690.jpg,,,,,,disease-class=2_foliar_disease
GrayLeafSpot1691,disease/Gray Leaf Spot,Dataset/Coconut Tree Disease Dataset/Gray Leaf Spot/GrayLeafSpot1691.jpg,,,,,,disease-class=2_foliar_disease
GrayLeafSpot1692,disease/Gray Leaf Spot,Dataset/Coconut Tree Disease Dataset/Gray Leaf Spot/GrayLeafSpot1692.jpg,,,,,,disease-class=2_foliar_disease
GrayLeafSpot1693,disease/Gray Leaf Spot,Dataset/Coconut Tree Disease Dataset/Gray Leaf Spot/GrayLeafSpot1693.jpg,,,,,,disease-class=2_foliar_disease
GrayLeafSpot1694,disease/Gray Leaf Spot,Dataset/Coconut Tree Disease Dataset/Gray Leaf Spot/GrayLeafSpot1694.jpg,,,,,,disease-class=2_foliar_disease
GrayLeafSpot1695,disease/Gray Leaf Spot,Dataset/Coconut Tree Disease Dataset/Gray Leaf Spot/GrayLeafSpot1695.jpg,,,,,,disease-class=2_foliar_disease
GrayLeafSpot1696,disease/Gray Leaf Spot,Dataset/Coconut Tree Disease Dataset/Gray Leaf Spot/GrayLeafSpot1696.jpg,,,,,,disease-class=2_foliar_disease
GrayLeafSpot1697,disease/Gray Leaf Spot,Dataset/Coconut Tree Disease Dataset/Gray Leaf Spot/GrayLeafSpot1697.jpg,,,,,,disease-class=2_foliar_disease
GrayLeafSpot1698,disease/Gray Leaf Spot,Dataset/Coconut Tree Disease Dataset/Gray Leaf Spot/GrayLeafSpot1698.jpg,,,,,,disease-class=2_foliar_disease
GrayLeafSpot1699,disease/Gray Leaf Spot,Dataset/Coconut Tree Disease Dataset/Gray Leaf Spot/GrayLeafSpot1699.jpg,,,,,,disease-class=2_foliar_disease
GrayLeafSpot170,disease/Gray Leaf Spot,Dataset/Coconut Tree Disease Dataset/Gray Leaf Spot/GrayLeafSpot170.jpg,,,,,,disease-class=2_foliar_disease
GrayLeafSpot1700,disease/Gray Leaf Spot,Dataset/Coconut Tree Disease Dataset/Gray Leaf Spot/GrayLeafSpot1700.jpg,,,,,,disease-class=2_foliar_disease
GrayLeafSpot1701,disease/Gray Leaf Spot,Dataset/Coconut Tree Disease Dataset/Gray Leaf Spot/GrayLeafSpot1701.jpg,,,,,,disease-class=2_foliar_disease
GrayLeafSpot1702,disease/Gray Leaf Spot,Dataset/Coconut Tree Disease Dataset/Gray Leaf Spot/GrayLeafSpot1702.jpg,,,,,,disease-class=2_foliar_disease
GrayLeafSpot1703,disease/Gray Leaf Spot,Dataset/Coconut Tree Disease Dataset/Gray Leaf Spot/GrayLeafSpot1703.jpg,,,,,,disease-class=2_foliar_disease
GrayLeafSpot1704,disease/Gray Leaf Spot,Dataset/Coconut Tree Disease Dataset/Gray Leaf Spot/GrayLeafSpot1704.jpg,,,,,,disease-class=2_foliar_disease
GrayLeafSpot1705,disease/Gray Leaf Spot,Dataset/Coconut Tree Disease Dataset/Gray Leaf Spot/GrayLeafSpot1705.jpg,,,,,,disease-class=2_foliar_disease
GrayLeafSpot1706,disease/Gray Leaf Spot,Dataset/Coconut Tree Disease Dataset/Gray Leaf Spot/GrayLeafSpot1706.jpg,,,,,,disease-class=2_foliar_disease
GrayLeafSpot1707,disease/Gray Leaf Spot,Dataset/Coconut Tree Disease Dataset/Gray Leaf Spot/GrayLeafSpot1707.jpg,,,,,,disease-class=2_foliar_disease
GrayLeafSpot1708,disease/Gray Leaf Spot,Dataset/Coconut Tree Disease Dataset/Gray Leaf Spot/GrayLeafSpot1708.jpg,,,,,,disease-class=2_foliar_disease
GrayLeafSpot1709,disease/Gray Leaf Spot,Dataset/Coconut Tree Disease Dataset/Gray Leaf Spot/GrayLeafSpot1709.jpg,,,,,,disease-class=2_foliar_disease
GrayLeafSpot171,disease/Gray Leaf Spot,Dataset/Coconut Tree Disease Dataset/Gray Leaf Spot/GrayLeafSpot171.jpg,,,,,,disease-class=2_foliar_disease
GrayLeafSpot1710,disease/Gray Leaf Spot,Dataset/Coconut Tree Disease Dataset/Gray Leaf Spot/GrayLeafSpot1710.jpg,,,,,,disease-class=2_foliar_disease
GrayLeafSpot1711,disease/Gray Leaf Spot,Dataset/Coconut Tree Disease Dataset/Gray Leaf Spot/GrayLeafSpot1711.jpg,,,,,,disease-class=2_foliar_disease
GrayLeafSpot1712,disease/Gray Leaf Spot,Dataset/Coconut Tree Disease Dataset/Gray Leaf Spot/GrayLeafSpot1712.jpg,,,,,,disease-class=2_foliar_disease
GrayLeafSpot1713,disease/Gray Leaf Spot,Dataset/Coconut Tree Disease Dataset/Gray Leaf Spot/GrayLeafSpot1713.jpg,,,,,,disease-class=2_foliar_disease
GrayLeafSpot1714,disease/Gray Leaf Spot,Dataset/Coconut Tree Disease Dataset/Gray Leaf Spot/GrayLeafSpot1714.jpg,,,,,,disease-class=2_foliar_disease
GrayLeafSpot1715,disease/Gray Leaf Spot,Dataset/Coconut Tree Disease Dataset/Gray Leaf Spot/GrayLeafSpot1715.jpg,,,,,,disease-class=2_foliar_disease
GrayLeafSpot1716,disease/Gray Leaf Spot,Dataset/Coconut Tree Disease Dataset/Gray Leaf Spot/GrayLeafSpot1716.jpg,,,,,,disease-class=2_foliar_disease
GrayLeafSpot1717,disease/Gray Leaf Spot,Dataset/Coconut Tree Disease Dataset/Gray Leaf Spot/GrayLeafSpot1717.jpg,,,,,,disease-class=2_foliar_disease
GrayLeafSpot1718,disease/Gray Leaf Spot,Dataset/Coconut Tree Disease Dataset/Gray Leaf Spot/GrayLeafSpot1718.jpg,,,,,,disease-class=2_foliar_disease
GrayLeafSpot1719,disease/Gray Leaf Spot,Dataset/Coconut Tree Disease Dataset/Gray Leaf Spot/GrayLeafSpot1719.jpg,,,,,,disease-class=2_foliar_disease
GrayLeafSpot172,disease/Gray Leaf Spot,Dataset/Coconut Tree Disease Dataset/Gray Leaf Spot/GrayLeafSpot172.jpg,,,,,,disease-class=2_foliar_disease
GrayLeafSpot1720,disease/Gray Leaf Spot,Dataset/Coconut Tree Disease Dataset/Gray Leaf Spot/GrayLeafSpot1720.jpg,,,,,,disease-class=2_foliar_disease
GrayLeafSpot1721,disease/Gray Leaf Spot,Dataset/Coconut Tree Disease Dataset/Gray Leaf Spot/GrayLeafSpot1721.jpg,,,,,,disease-class=2_foliar_disease
GrayLeafSpot1722,disease/Gray Leaf Spot,Dataset/Coconut Tree Disease Dataset/Gray Leaf Spot/GrayLeafSpot1722.jpg,,,,,,disease-class=2_foliar_disease
GrayLeafSpot1723,disease/Gray Leaf Spot,Dataset/Coconut Tree Disease Dataset/Gray Leaf Spot/GrayLeafSpot1723.jpg,,,,,,disease-class=2_foliar_disease
GrayLeafSpot1724,disease/Gray Leaf Spot,Dataset/Coconut Tree Disease Dataset/Gray Leaf Spot/GrayLeafSpot1724.jpg,,,,,,disease-class=2_foliar_disease
GrayLeafSpot1725,disease/Gray Leaf Spot,Dataset/Coconut Tree Disease Dataset/Gray Leaf Spot/GrayLeafSpot1725.jpg,,,,,,disease-class=2_foliar_disease
GrayLeafSpot1726,disease/Gray Leaf Spot,Dataset/Coconut Tree Disease Dataset/Gray Leaf Spot/GrayLeafSpot1726.jpg,,,,,,disease-class=2_foliar_disease
GrayLeafSpot1727,disease/Gray Leaf Spot,Dataset/Coconut Tree Disease Dataset/Gray Leaf Spot/GrayLeafSpot1727.jpg,,,,,,disease-class=2_foliar_disease
GrayLeafSpot1728,disease/Gray Leaf Spot,Dataset/Coconut Tree Disease Dataset/Gray Leaf Spot/GrayLeafSpot1728.jpg,,,,,,disease-class=2_foliar_disease
GrayLeafSpot1729,disease/Gray Leaf Spot,Dataset/Coconut Tree Disease Dataset/Gray Leaf Spot/GrayLeafSpot1729.jpg,,,,,,disease-class=2_foliar_disease
GrayLeafSpot173,disease/Gray Leaf Spot,Dataset/Coconut Tree Disease Dataset/Gray Leaf Spot/GrayLeafSpot173.jpg,,,,,,disease-class=2_foliar_disease
GrayLeafSpot1730,disease/Gray Leaf Spot,Dataset/Coconut Tree Disease Dataset/Gray Leaf Spot/GrayLeafSpot1730.jpg,,,,,,disease-class=2_foliar_disease
GrayLeafSpot1731,disease/Gray Leaf Spot,Dataset/Coconut Tree Disease Dataset/Gray Leaf Spot/GrayLeafSpot1731.jpg,,,,,,disease-class=2_foliar_disease
GrayLeafSpot1732,disease/Gray Leaf Spot,Dataset/Coconut Tree Disease Dataset/Gray Leaf Spot/GrayLeafSpot1732.jpg,,,,,,disease-class=2_foliar_disease
GrayLeafSpot1733,disease/Gray Leaf Spot,Dataset/Coconut Tree Disease Dataset/Gray Leaf Spot/GrayLeafSpot1733.jpg,,,,,,disease-class=2_foliar_disease
GrayLeafSpot1734,disease/Gray Leaf Spot,Dataset/Coconut Tree Disease Dataset/Gray Leaf Spot/GrayLeafSpot1734.jpg,,,,,,disease-class=2_foliar_disease
GrayLeafSpot1735,disease/Gray Leaf Spot,Dataset/Coconut Tree Disease Dataset/Gray Leaf Spot/GrayLeafSpot1735.jpg,,,,,,disease-class=2_foliar_disease
GrayLeafSpot1736,disease/Gray Leaf Spot,Dataset/Coconut Tree Disease Dataset/Gray Leaf Spot/GrayLeafSpot1736.jpg,,,,,,disease-class=2_foliar_disease
GrayLeafSpot1737,disease/Gray Leaf Spot,Dataset/Coconut Tree Disease Dataset/Gray Leaf Spot/GrayLeafSpot1737.jpg,,,,,,disease-class=2_foliar_disease
GrayLeafSpot1738,disease/Gray Leaf Spot,Dataset/Coconut Tree Disease Dataset/Gray Leaf Spot/GrayLeafSpot1738.jpg,,,,,,disease-class=2_foliar_disease
GrayLeafSpot1739,disease/Gray Leaf Spot,Dataset/Coconut Tree Disease Dataset/Gray Leaf Spot/GrayLeafSpot1739.jpg,,,,,,disease-class=2_foliar_disease
GrayLeafSpot174,disease/Gray Leaf Spot,Dataset/Coconut Tree Disease Dataset/Gray Leaf Spot/GrayLeafSpot174.jpg,,,,,,disease-class=2_foliar_disease
GrayLeafSpot1740,disease/Gray Leaf Spot,Dataset/Coconut Tree Disease Dataset/Gray Leaf Spot/GrayLeafSpot1740.jpg,,,,,,disease-class=2_foliar_disease
GrayLeafSpot1741,disease/Gray Leaf Spot,Dataset/Coconut Tree Disease Dataset/Gray Leaf Spot/GrayLeafSpot1741.jpg,,,,,,disease-class=2_foliar_disease
GrayLeafSpot1742,disease/Gray Leaf Spot,Dataset/Coconut Tree Disease Dataset/Gray Leaf Spot/GrayLeafSpot1742.jpg,,,,,,disease-class=2_foliar_disease
GrayLeafSpot1743,disease/Gray Leaf Spot,Dataset/Coconut Tree Disease Dataset/Gray Leaf Spot/GrayLeafSpot1743.jpg,,,,,,disease-class=2_foliar_disease
GrayLeafSpot1744,disease/Gray Leaf Spot,Dataset/Coconut Tree Disease Dataset/Gray Leaf Spot/GrayLeafSpot1744.jpg,,,,,,disease-class=2_foliar_disease
GrayLeafSpot1745,disease/Gray Leaf Spot,Dataset/Coconut Tree Disease Dataset/Gray Leaf Spot/GrayLeafSpot1745.jpg,,,,,,disease-class=2_foliar_disease
GrayLeafSpot1746,disease/Gray Leaf Spot,Dataset/Coconut Tree Disease Dataset/Gray Leaf Spot/GrayLeafSpot1746.jpg,,,,,,disease-class=2_foliar_disease
GrayLeafSpot1747,disease/Gray Leaf Spot,Dataset/Coconut Tree Disease Dataset/Gray Leaf Spot/GrayLeafSpot1747.jpg,,,,,,disease-class=2_foliar_disease
GrayLeafSpot1748,disease/Gray Leaf Spot,Dataset/Coconut Tree Disease Dataset/Gray Leaf Spot/GrayLeafSpot1748.jpg,,,,,,disease-class=2_foliar_disease
GrayLeafSpot1749,disease/Gray Leaf Spot,Dataset/Coconut Tree Disease Dataset/Gray Leaf Spot/GrayLeafSpot1749.jpg,,,,,,disease-class=2_foliar_disease
GrayLeafSpot175,disease/Gray Leaf Spot,Dataset/Coconut Tree Disease Dataset/Gray Leaf Spot/GrayLeafSpot175.jpg,,,,,,disease-class=2_foliar_disease
GrayLeafSpot1750,disease/Gray Leaf Spot,Dataset/Coconut Tree Disease Dataset/Gray Leaf Spot/GrayLeafSpot1750.jpg,,,,,,disease-class=2_foliar_disease
GrayLeafSpot1751,disease/Gray Leaf Spot,Dataset/Coconut Tree Disease Dataset/Gray Leaf Spot/GrayLeafSpot1751.jpg,,,,,,disease-class=2_foliar_disease
GrayLeafSpot1752,disease/Gray Leaf Spot,Dataset/Coconut Tree Disease Dataset/Gray Leaf Spot/GrayLeafSpot1752.jpg,,,,,,disease-class=2_foliar_disease
GrayLeafSpot1753,disease/Gray Leaf Spot,Dataset/Coconut Tree Disease Dataset/Gray Leaf Spot/GrayLeafSpot1753.jpg,,,,,,disease-class=2_foliar_disease
GrayLeafSpot1754,disease/Gray Leaf Spot,Dataset/Coconut Tree Disease Dataset/Gray Leaf Spot/GrayLeafSpot1754.jpg,,,,,,disease-class=2_foliar_disease
GrayLeafSpot1755,disease/Gray Leaf Spot,Dataset/Coconut Tree Disease Dataset/Gray Leaf Spot/GrayLeafSpot1755.jpg,,,,,,disease-class=2_foliar_disease
GrayLeafSpot1756,disease/Gray Leaf Spot,Dataset/Coconut Tree Disease Dataset/Gray Leaf Spot/GrayLeafSpot1756.jpg,,,,,,disease-class=2_foliar_disease
GrayLeafSpot1757,disease/Gray Leaf Spot,Dataset/Coconut Tree Disease Dataset/Gray Leaf Spot/GrayLeafSpot1757.jpg,,,,,,disease-class=2_foliar_disease
GrayLeafSpot1758,disease/Gray Leaf Spot,Dataset/Coconut Tree Disease Dataset/Gray Leaf Spot/GrayLeafSpot1758.jpg,,,,,,disease-class=2_foliar_disease
GrayLeafSpot1759,disease/Gray Leaf Spot,Dataset/Coconut Tree Disease Dataset/Gray Leaf Spot/GrayLeafSpot1759.jpg,,,,,,disease-class=2_foliar_disease
GrayLeafSpot176,disease/Gray Leaf Spot,Dataset/Coconut Tree Disease Dataset/Gray Leaf Spot/GrayLeafSpot176.jpg,,,,,,disease-class=2_foliar_disease
GrayLeafSpot1760,disease/Gray Leaf Spot,Dataset/Coconut Tree Disease Dataset/Gray Leaf Spot/GrayLeafSpot1760.jpg,,,,,,disease-class=2_foliar_disease
GrayLeafSpot1761,disease/Gray Leaf Spot,Dataset/Coconut Tree Disease Dataset/Gray Leaf Spot/GrayLeafSpot1761.jpg,,,,,,disease-class=2_foliar_disease
GrayLeafSpot1762,disease/Gray Leaf Spot,Dataset/Coconut Tree Disease Dataset/Gray Leaf Spot/GrayLeafSpot1762.jpg,,,,,,disease-class=2_foliar_disease
GrayLeafSpot1763,disease/Gray Leaf Spot,Dataset/Coconut Tree Disease Dataset/Gray Leaf Spot/GrayLeafSpot1763.jpg,,,,,,disease-class=2_foliar_disease
GrayLeafSpot1764,disease/Gray Leaf Spot,Dataset/Coconut Tree Disease Dataset/Gray Leaf Spot/GrayLeafSpot1764.jpg,,,,,,disease-class=2_foliar_disease
GrayLeafSpot1765,disease/Gray Leaf Spot,Dataset/Coconut Tree Disease Dataset/Gray Leaf Spot/GrayLeafSpot1765.jpg,,,,,,disease-class=2_foliar_disease
GrayLeafSpot1766,disease/Gray Leaf Spot,Dataset/Coconut Tree Disease Dataset/Gray Leaf Spot/GrayLeafSpot1766.jpg,,,,,,disease-class=2_foliar_disease
GrayLeafSpot1767,disease/Gray Leaf Spot,Dataset/Coconut Tree Disease Dataset/Gray Leaf Spot/GrayLeafSpot1767.jpg,,,,,,disease-class=2_foliar_disease
GrayLeafSpot1768,disease/Gray Leaf Spot,Dataset/Coconut Tree Disease Dataset/Gray Leaf Spot/GrayLeafSpot1768.jpg,,,,,,disease-class=2_foliar_disease
GrayLeafSpot1769,disease/Gray Leaf Spot,Dataset/Coconut Tree Disease Dataset/Gray Leaf Spot/GrayLeafSpot1769.jpg,,,,,,disease-class=2_foliar_disease
GrayLeafSpot177,disease/Gray Leaf Spot,Dataset/Coconut Tree Disease Dataset/Gray Leaf Spot/GrayLeafSpot177.jpg,,,,,,disease-class=2_foliar_disease
GrayLeafSpot1770,disease/Gray Leaf Spot,Dataset/Coconut Tree Disease Dataset/Gray Leaf Spot/GrayLeafSpot1770.jpg,,,,,,disease-class=2_foliar_disease
GrayLeafSpot1771,disease/Gray Leaf Spot,Dataset/Coconut Tree Disease Dataset/Gray Leaf Spot/GrayLeafSpot1771.jpg,,,,,,disease-class=2_foliar_disease
GrayLeafSpot1772,disease/Gray Leaf Spot,Dataset/Coconut Tree Disease Dataset/Gray Leaf Spot/GrayLeafSpot1772.jpg,,,,,,disease-class=2_foliar_disease
GrayLeafSpot1773,disease/Gray Leaf Spot,Dataset/Coconut Tree Disease Dataset/Gray Leaf Spot/GrayLeafSpot1773.jpg,,,,,,disease-class=2_foliar_disease
GrayLeafSpot1774,disease/Gray Leaf Spot,Dataset/Coconut Tree Disease Dataset/Gray Leaf Spot/GrayLeafSpot1774.jpg,,,,,,disease-class=2_foliar_disease
GrayLeafSpot1775,disease/Gray Leaf Spot,Dataset/Coconut Tree Disease Dataset/Gray Leaf Spot/GrayLeafSpot1775.jpg,,,,,,disease-class=2_foliar_disease
GrayLeafSpot1776,disease/Gray Leaf Spot,Dataset/Coconut Tree Disease Dataset/Gray Leaf Spot/GrayLeafSpot1776.jpg,,,,,,disease-class=2_foliar_disease
GrayLeafSpot1777,disease/Gray Leaf Spot,Dataset/Coconut Tree Disease Dataset/Gray Leaf Spot/GrayLeafSpot1777.jpg,,,,,,disease-class=2_foliar_disease
GrayLeafSpot1778,disease/Gray Leaf Spot,Dataset/Coconut Tree Disease Dataset/Gray Leaf Spot/GrayLeafSpot1778.jpg,,,,,,disease-class=2_foliar_disease
GrayLeafSpot1779,disease/Gray Leaf Spot,Dataset/Coconut Tree Disease Dataset/Gray Leaf Spot/GrayLeafSpot1779.jpg,,,,,,disease-class=2_foliar_disease
GrayLeafSpot178,disease/Gray Leaf Spot,Dataset/Coconut Tree Disease Dataset/Gray Leaf Spot/GrayLeafSpot178.jpg,,,,,,disease-class=2_foliar_disease
GrayLeafSpot1780,disease/Gray Leaf Spot,Dataset/Coconut Tree Disease Dataset/Gray Leaf Spot/GrayLeafSpot1780.jpg,,,,,,disease-class=2_foliar_disease
GrayLeafSpot1781,disease/Gray Leaf Spot,Dataset/Coconut Tree Disease Dataset/Gray Leaf Spot/GrayLeafSpot1781.jpg,,,,,,disease-class=2_foliar_disease
GrayLeafSpot1782,disease/Gray Leaf Spot,Dataset/Coconut Tree Disease Dataset/Gray Leaf Spot/GrayLeafSpot1782.jpg,,,,,,disease-class=2_foliar_disease
GrayLeafSpot1783,disease/Gray Leaf Spot,Dataset/Coconut Tree Disease Dataset/Gray Leaf Spot/GrayLeafSpot1783.jpg,,,,,,disease-class=2_foliar_disease
GrayLeafSpot1784,disease/Gray Leaf Spot,Dataset/Coconut Tree Disease Dataset/Gray Leaf Spot/GrayLeafSpot1784.jpg,,,,,,disease-class=2_foliar_disease
GrayLeafSpot1785,disease/Gray Leaf Spot,Dataset/Coconut Tree Disease Dataset/Gray Leaf Spot/GrayLeafSpot1785.jpg,,,,,,disease-class=2_foliar_disease
GrayLeafSpot1786,disease/Gray Leaf Spot,Dataset/Coconut Tree Disease Dataset/Gray Leaf Spot/GrayLeafSpot1786.jpg,,,,,,disease-class=2_foliar_disease
GrayLeafSpot1787,disease/Gray Leaf Spot,Dataset/Coconut Tree Disease Dataset/Gray Leaf Spot/GrayLeafSpot1787.jpg,,,,,,disease-class=2_foliar_disease
GrayLeafSpot1788,disease/Gray Leaf Spot,Dataset/Coconut Tree Disease Dataset/Gray Leaf Spot/GrayLeafSpot1788.jpg,,,,,,disease-class=2_foliar_disease
GrayLeafSpot1789,disease/Gray Leaf Spot,Dataset/Coconut Tree Disease Dataset/Gray Leaf Spot/GrayLeafSpot1789.jpg,,,,,,disease-class=2_foliar_disease
GrayLeafSpot179,disease/Gray Leaf Spot,Dataset/Coconut Tree Disease Dataset/Gray Leaf Spot/GrayLeafSpot179.jpg,,,,,,disease-class=2_foliar_disease
GrayLeafSpot1790,disease/Gray Leaf Spot,Dataset/Coconut Tree Disease Dataset/Gray Leaf Spot/GrayLeafSpot1790.jpg,,,,,,disease-class=2_foliar_disease
GrayLeafSpot1791,disease/Gray Leaf Spot,Dataset/Coconut Tree Disease Dataset/Gray Leaf Spot/GrayLeafSpot1791.jpg,,,,,,disease-class=2_foliar_disease
GrayLeafSpot1792,disease/Gray Leaf Spot,Dataset/Coconut Tree Disease Dataset/Gray Leaf Spot/GrayLeafSpot1792.jpg,,,,,,disease-class=2_foliar_disease
GrayLeafSpot1793,disease/Gray Leaf Spot,Dataset/Coconut Tree Disease Dataset/Gray Leaf Spot/GrayLeafSpot1793.jpg,,,,,,disease-class=2_foliar_disease
GrayLeafSpot1794,disease/Gray Leaf Spot,Dataset/Coconut Tree Disease Dataset/Gray Leaf Spot/GrayLeafSpot1794.jpg,,,,,,disease-class=2_foliar_disease
GrayLeafSpot1795,disease/Gray Leaf Spot,Dataset/Coconut Tree Disease Dataset/Gray Leaf Spot/GrayLeafSpot1795.jpg,,,,,,disease-class=2_foliar_disease
GrayLeafSpot1796,disease/Gray Leaf Spot,Dataset/Coconut Tree Disease Dataset/Gray Leaf Spot/GrayLeafSpot1796.jpg,,,,,,disease-class=2_foliar_disease
GrayLeafSpot1797,disease/Gray Leaf Spot,Dataset/Coconut Tree Disease Dataset/Gray Leaf Spot/GrayLeafSpot1797.jpg,,,,,,disease-class=2_foliar_disease
GrayLeafSpot1798,disease/Gray Leaf Spot,Dataset/Coconut Tree Disease Dataset/Gray Leaf Spot/GrayLeafSpot1798.jpg,,,,,,disease-class=2_foliar_disease
GrayLeafSpot1799,disease/Gray Leaf Spot,Dataset/Coconut Tree Disease Dataset/Gray Leaf Spot/GrayLeafSpot1799.jpg,,,,,,disease-class=2_foliar_disease
GrayLeafSpot180,disease/Gray Leaf Spot,Dataset/Coconut Tree Disease Dataset/Gray Leaf Spot/GrayLeafSpot180.jpg,,,,,,disease-class=2_foliar_disease
GrayLeafSpot1800,disease/Gray Leaf Spot,Dataset/Coconut Tree Disease Dataset/Gray Leaf Spot/GrayLeafSpot1800.jpg,,,,,,disease-class=2_foliar_disease
GrayLeafSpot1801,disease/Gray Leaf Spot,Dataset/Coconut Tree Disease Dataset/Gray Leaf Spot/GrayLeafSpot1801.jpg,,,,,,disease-class=2_foliar_disease
GrayLeafSpot1802,disease/Gray Leaf Spot,Dataset/Coconut Tree Disease Dataset/Gray Leaf Spot/GrayLeafSpot1802.jpg,,,,,,disease-class=2_foliar_disease
GrayLeafSpot1803,disease/Gray Leaf Spot,Dataset/Coconut Tree Disease Dataset/Gray Leaf Spot/GrayLeafSpot1803.jpg,,,,,,disease-class=2_foliar_disease
GrayLeafSpot1804,disease/Gray Leaf Spot,Dataset/Coconut Tree Disease Dataset/Gray Leaf Spot/GrayLeafSpot1804.jpg,,,,,,disease-class=2_foliar_disease
GrayLeafSpot1805,disease/Gray Leaf Spot,Dataset/Coconut Tree Disease Dataset/Gray Leaf Spot/GrayLeafSpot1805.jpg,,,,,,disease-class=2_foliar_disease
GrayLeafSpot1806,disease/Gray Leaf Spot,Dataset/Coconut Tree Disease Dataset/Gray Leaf Spot/GrayLeafSpot1806.jpg,,,,,,disease-class=2_foliar_disease
GrayLeafSpot1807,disease/Gray Leaf Spot,Dataset/Coconut Tree Disease Dataset/Gray Leaf Spot/GrayLeafSpot1807.jpg,,,,,,disease-class=2_foliar_disease
GrayLeafSpot1808,disease/Gray Leaf Spot,Dataset/Coconut Tree Disease Dataset/Gray Leaf Spot/GrayLeafSpot1808.jpg,,,,,,disease-class=2_foliar_disease
GrayLeafSpot1809,disease/Gray Leaf Spot,Dataset/Coconut Tree Disease Dataset/Gray Leaf Spot/GrayLeafSpot1809.jpg,,,,,,disease-class=2_foliar_disease
GrayLeafSpot181,disease/Gray Leaf Spot,Dataset/Coconut Tree Disease Dataset/Gray Leaf Spot/GrayLeafSpot181.jpg,,,,,,disease-class=2_foliar_disease
GrayLeafSpot1810,disease/Gray Leaf Spot,Dataset/Coconut Tree Disease Dataset/Gray Leaf Spot/GrayLeafSpot1810.jpg,,,,,,disease-class=2_foliar_disease
GrayLeafSpot1811,disease/Gray Leaf Spot,Dataset/Coconut Tree Disease Dataset/Gray Leaf Spot/GrayLeafSpot1811.jpg,,,,,,disease-class=2_foliar_disease
GrayLeafSpot1812,disease/Gray Leaf Spot,Dataset/Coconut Tree Disease Dataset/Gray Leaf Spot/GrayLeafSpot1812.jpg,,,,,,disease-class=2_foliar_disease
GrayLeafSpot1813,disease/Gray Leaf Spot,Dataset/Coconut Tree Disease Dataset/Gray Leaf Spot/GrayLeafSpot1813.jpg,,,,,,disease-class=2_foliar_disease
GrayLeafSpot1814,disease/Gray Leaf Spot,Dataset/Coconut Tree Disease Dataset/Gray Leaf Spot/GrayLeafSpot1814.jpg,,,,,,disease-class=2_foliar_disease
GrayLeafSpot1815,disease/Gray Leaf Spot,Dataset/Coconut Tree Disease Dataset/Gray Leaf Spot/GrayLeafSpot1815.jpg,,,,,,disease-class=2_foliar_disease
GrayLeafSpot1816,disease/Gray Leaf Spot,Dataset/Coconut Tree Disease Dataset/Gray Leaf Spot/GrayLeafSpot1816.jpg,,,,,,disease-class=2_foliar_disease
GrayLeafSpot1817,disease/Gray Leaf Spot,Dataset/Coconut Tree Disease Dataset/Gray Leaf Spot/GrayLeafSpot1817.jpg,,,,,,disease-class=2_foliar_disease
GrayLeafSpot1818,disease/Gray Leaf Spot,Dataset/Coconut Tree Disease Dataset/Gray Leaf Spot/GrayLeafSpot1818.jpg,,,,,,disease-class=2_foliar_disease
GrayLeafSpot1819,disease/Gray Leaf Spot,Dataset/Coconut Tree Disease Dataset/Gray Leaf Spot/GrayLeafSpot1819.jpg,,,,,,disease-class=2_foliar_disease
GrayLeafSpot182,disease/Gray Leaf Spot,Dataset/Coconut Tree Disease Dataset/Gray Leaf Spot/GrayLeafSpot182.jpg,,,,,,disease-class=2_foliar_disease
GrayLeafSpot1820,disease/Gray Leaf Spot,Dataset/Coconut Tree Disease Dataset/Gray Leaf Spot/GrayLeafSpot1820.jpg,,,,,,disease-class=2_foliar_disease
GrayLeafSpot1821,disease/Gray Leaf Spot,Dataset/Coconut Tree Disease Dataset/Gray Leaf Spot/GrayLeafSpot1821.jpg,,,,,,disease-class=2_foliar_disease
GrayLeafSpot1822,disease/Gray Leaf Spot,Dataset/Coconut Tree Disease Dataset/Gray Leaf Spot/GrayLeafSpot1822.jpg,,,,,,disease-class=2_foliar_disease
GrayLeafSpot1823,disease/Gray Leaf Spot,Dataset/Coconut Tree Disease Dataset/Gray Leaf Spot/GrayLeafSpot1823.jpg,,,,,,disease-class=2_foliar_disease
GrayLeafSpot1824,disease/Gray Leaf Spot,Dataset/Coconut Tree Disease Dataset/Gray Leaf Spot/GrayLeafSpot1824.jpg,,,,,,disease-class=2_foliar_disease
GrayLeafSpot1825,disease/Gray Leaf Spot,Dataset/Coconut Tree Disease Dataset/Gray Leaf Spot/GrayLeafSpot1825.jpg,,,,,,disease-class=2_foliar_disease
GrayLeafSpot1826,disease/Gray Leaf Spot,Dataset/Coconut Tree Disease Dataset/Gray Leaf Spot/GrayLeafSpot1826.jpg,,,,,,disease-class=2_foliar_disease
GrayLeafSpot1827,disease/Gray Leaf Spot,Dataset/Coconut Tree Disease Dataset/Gray Leaf Spot/GrayLeafSpot1827.jpg,,,,,,disease-class=2_foliar_disease
GrayLeafSpot1828,disease/Gray Leaf Spot,Dataset/Coconut Tree Disease Dataset/Gray Leaf Spot/GrayLeafSpot1828.jpg,,,,,,disease-class=2_foliar_disease
GrayLeafSpot1829,disease/Gray Leaf Spot,Dataset/Coconut Tree Disease Dataset/Gray Leaf Spot/GrayLeafSpot1829.jpg,,,,,,disease-class=2_foliar_disease
GrayLeafSpot183,disease/Gray Leaf Spot,Dataset/Coconut Tree Disease Dataset/Gray Leaf Spot/GrayLeafSpot183.jpg,,,,,,disease-class=2_foliar_disease
GrayLeafSpot1830,disease/Gray Leaf Spot,Dataset/Coconut Tree Disease Dataset/Gray Leaf Spot/GrayLeafSpot1830.jpg,,,,,,disease-class=2_foliar_disease
GrayLeafSpot1831,disease/Gray Leaf Spot,Dataset/Coconut Tree Disease Dataset/Gray Leaf Spot/GrayLeafSpot1831.jpg,,,,,,disease-class=2_foliar_disease
GrayLeafSpot1832,disease/Gray Leaf Spot,Dataset/Coconut Tree Disease Dataset/Gray Leaf Spot/GrayLeafSpot1832.jpg,,,,,,disease-class=2_foliar_disease
GrayLeafSpot1833,disease/Gray Leaf Spot,Dataset/Coconut Tree Disease Dataset/Gray Leaf Spot/GrayLeafSpot1833.jpg,,,,,,disease-class=2_foliar_disease
GrayLeafSpot1834,disease/Gray Leaf Spot,Dataset/Coconut Tree Disease Dataset/Gray Leaf Spot/GrayLeafSpot1834.jpg,,,,,,disease-class=2_foliar_disease
GrayLeafSpot1835,disease/Gray Leaf Spot,Dataset/Coconut Tree Disease Dataset/Gray Leaf Spot/GrayLeafSpot1835.jpg,,,,,,disease-class=2_foliar_disease
GrayLeafSpot1836,disease/Gray Leaf Spot,Dataset/Coconut Tree Disease Dataset/Gray Leaf Spot/GrayLeafSpot1836.jpg,,,,,,disease-class=2_foliar_disease
GrayLeafSpot1837,disease/Gray Leaf Spot,Dataset/Coconut Tree Disease Dataset/Gray Leaf Spot/GrayLeafSpot1837.jpg,,,,,,disease-class=2_foliar_disease
GrayLeafSpot1838,disease/Gray Leaf Spot,Dataset/Coconut Tree Disease Dataset/Gray Leaf Spot/GrayLeafSpot1838.jpg,,,,,,disease-class=2_foliar_disease
GrayLeafSpot1839,disease/Gray Leaf Spot,Dataset/Coconut Tree Disease Dataset/Gray Leaf Spot/GrayLeafSpot1839.jpg,,,,,,disease-class=2_foliar_disease
GrayLeafSpot184,disease/Gray Leaf Spot,Dataset/Coconut Tree Disease Dataset/Gray Leaf Spot/GrayLeafSpot184.jpg,,,,,,disease-class=2_foliar_disease
GrayLeafSpot1840,disease/Gray Leaf Spot,Dataset/Coconut Tree Disease Dataset/Gray Leaf Spot/GrayLeafSpot1840.jpg,,,,,,disease-class=2_foliar_disease
GrayLeafSpot1841,disease/Gray Leaf Spot,Dataset/Coconut Tree Disease Dataset/Gray Leaf Spot/GrayLeafSpot1841.jpg,,,,,,disease-class=2_foliar_disease
GrayLeafSpot1842,disease/Gray Leaf Spot,Dataset/Coconut Tree Disease Dataset/Gray Leaf Spot/GrayLeafSpot1842.jpg,,,,,,disease-class=2_foliar_disease
GrayLeafSpot1843,disease/Gray Leaf Spot,Dataset/Coconut Tree Disease Dataset/Gray Leaf Spot/GrayLeafSpot1843.jpg,,,,,,disease-class=2_foliar_disease
GrayLeafSpot1844,disease/Gray Leaf Spot,Dataset/Coconut Tree Disease Dataset/Gray Leaf Spot/GrayLeafSpot1844.jpg,,,,,,disease-class=2_foliar_disease
GrayLeafSpot1845,disease/Gray Leaf Spot,Dataset/Coconut Tree Disease Dataset/Gray Leaf Spot/GrayLeafSpot1845.jpg,,,,,,disease-class=2_foliar_disease
GrayLeafSpot1846,disease/Gray Leaf Spot,Dataset/Coconut Tree Disease Dataset/Gray Leaf Spot/GrayLeafSpot1846.jpg,,,,,,disease-class=2_foliar_disease
GrayLeafSpot1847,disease/Gray Leaf Spot,Dataset/Coconut Tree Disease Dataset/Gray Leaf Spot/GrayLeafSpot1847.jpg,,,,,,disease-class=2_foliar_disease
GrayLeafSpot1848,disease/Gray Leaf Spot,Dataset/Coconut Tree Disease Dataset/Gray Leaf Spot/GrayLeafSpot1848.jpg,,,,,,disease-class=2_foliar_disease
GrayLeafSpot1849,disease/Gray Leaf Spot,Dataset/Coconut Tree Disease Dataset/Gray Leaf Spot/GrayLeafSpot1849.jpg,,,,,,disease-class=2_foliar_disease
GrayLeafSpot185,disease/Gray Leaf Spot,Dataset/Coconut Tree Disease Dataset/Gray Leaf Spot/GrayLeafSpot185.jpg,,,,,,disease-class=2_foliar_disease
GrayLeafSpot1850,disease/Gray Leaf Spot,Dataset/Coconut Tree Disease Dataset/Gray Leaf Spot/GrayLeafSpot1850.jpg,,,,,,disease-class=2_foliar_disease
GrayLeafSpot1851,disease/Gray Leaf Spot,Dataset/Coconut Tree Disease Dataset/Gray Leaf Spot/GrayLeafSpot1851.jpg,,,,,,disease-class=2_foliar_disease
GrayLeafSpot1852,disease/Gray Leaf Spot,Dataset/Coconut Tree Disease Dataset/Gray Leaf Spot/GrayLeafSpot1852.jpg,,,,,,disease-class=2_foliar_disease
GrayLeafSpot1853,disease/Gray Leaf Spot,Dataset/Coconut Tree Disease Dataset/Gray Leaf Spot/GrayLeafSpot1853.jpg,,,,,,disease-class=2_foliar_disease
GrayLeafSpot1854,disease/Gray Leaf Spot,Dataset/Coconut Tree Disease Dataset/Gray Leaf Spot/GrayLeafSpot1854.jpg,,,,,,disease-class=2_foliar_disease
GrayLeafSpot1855,disease/Gray Leaf Spot,Dataset/Coconut Tree Disease Dataset/Gray Leaf Spot/GrayLeafSpot1855.jpg,,,,,,disease-class=2_foliar_disease
GrayLeafSpot1856,disease/Gray Leaf Spot,Dataset/Coconut Tree Disease Dataset/Gray Leaf Spot/GrayLeafSpot1856.jpg,,,,,,disease-class=2_foliar_disease
GrayLeafSpot1857,disease/Gray Leaf Spot,Dataset/Coconut Tree Disease Dataset/Gray Leaf Spot/GrayLeafSpot1857.jpg,,,,,,disease-class=2_foliar_disease
GrayLeafSpot1858,disease/Gray Leaf Spot,Dataset/Coconut Tree Disease Dataset/Gray Leaf Spot/GrayLeafSpot1858.jpg,,,,,,disease-class=2_foliar_disease
GrayLeafSpot1859,disease/Gray Leaf Spot,Dataset/Coconut Tree Disease Dataset/Gray Leaf Spot/GrayLeafSpot1859.jpg,,,,,,disease-class=2_foliar_disease
GrayLeafSpot186,disease/Gray Leaf Spot,Dataset/Coconut Tree Disease Dataset/Gray Leaf Spot/GrayLeafSpot186.jpg,,,,,,disease-class=2_foliar_disease
GrayLeafSpot1860,disease/Gray Leaf Spot,Dataset/Coconut Tree Disease Dataset/Gray Leaf Spot/GrayLeafSpot1860.jpg,,,,,,disease-class=2_foliar_disease
GrayLeafSpot1861,disease/Gray Leaf Spot,Dataset/Coconut Tree Disease Dataset/Gray Leaf Spot/GrayLeafSpot1861.jpg,,,,,,disease-class=2_foliar_disease
GrayLeafSpot1862,disease/Gray Leaf Spot,Dataset/Coconut Tree Disease Dataset/Gray Leaf Spot/GrayLeafSpot1862.jpg,,,,,,disease-class=2_foliar_disease
GrayLeafSpot1863,disease/Gray Leaf Spot,Dataset/Coconut Tree Disease Dataset/Gray Leaf Spot/GrayLeafSpot1863.jpg,,,,,,disease-class=2_foliar_disease
GrayLeafSpot1864,disease/Gray Leaf Spot,Dataset/Coconut Tree Disease Dataset/Gray Leaf Spot/GrayLeafSpot1864.jpg,,,,,,disease-class=2_foliar_disease
GrayLeafSpot1865,disease/Gray Leaf Spot,Dataset/Coconut Tree Disease Dataset/Gray Leaf Spot/GrayLeafSpot1865.jpg,,,,,,disease-class=2_foliar_disease
GrayLeafSpot1866,disease/Gray Leaf Spot,Dataset/Coconut Tree Disease Dataset/Gray Leaf Spot/GrayLeafSpot1866.jpg,,,,,,disease-class=2_foliar_disease
GrayLeafSpot1867,disease/Gray Leaf Spot,Dataset/Coconut Tree Disease Dataset/Gray Leaf Spot/GrayLeafSpot1867.jpg,,,,,,disease-class=2_foliar_disease
GrayLeafSpot1868,disease/Gray Leaf Spot,Dataset/Coconut Tree Disease Dataset/Gray Leaf Spot/GrayLeafSpot1868.jpg,,,,,,disease-class=2_foliar_disease
GrayLeafSpot1869,disease/Gray Leaf Spot,Dataset/Coconut Tree Disease Dataset/Gray Leaf Spot/GrayLeafSpot1869.jpg,,,,,,disease-class=2_foliar_disease
GrayLeafSpot187,disease/Gray Leaf Spot,Dataset/Coconut Tree Disease Dataset/Gray Leaf Spot/GrayLeafSpot187.jpg,,,,,,disease-class=2_foliar_disease
GrayLeafSpot1870,disease/Gray Leaf Spot,Dataset/Coconut Tree Disease Dataset/Gray Leaf Spot/GrayLeafSpot1870.jpg,,,,,,disease-class=2_foliar_disease
GrayLeafSpot1871,disease/Gray Leaf Spot,Dataset/Coconut Tree Disease Dataset/Gray Leaf Spot/GrayLeafSpot1871.jpg,,,,,,disease-class=2_foliar_disease
GrayLeafSpot1872,disease/Gray Leaf Spot,Dataset/Coconut Tree Disease Dataset/Gray Leaf Spot/GrayLeafSpot1872.jpg,,,,,,disease-class=2_foliar_disease
GrayLeafSpot1873,disease/Gray Leaf Spot,Dataset/Coconut Tree Disease Dataset/Gray Leaf Spot/GrayLeafSpot1873.jpg,,,,,,disease-class=2_foliar_disease
GrayLeafSpot1874,disease/Gray Leaf Spot,Dataset/Coconut Tree Disease Dataset/Gray Leaf Spot/GrayLeafSpot1874.jpg,,,,,,disease-class=2_foliar_disease
GrayLeafSpot1875,disease/Gray Leaf Spot,Dataset/Coconut Tree Disease Dataset/Gray Leaf Spot/GrayLeafSpot1875.jpg,,,,,,disease-class=2_foliar_disease
GrayLeafSpot1876,disease/Gray Leaf Spot,Dataset/Coconut Tree Disease Dataset/Gray Leaf Spot/GrayLeafSpot1876.jpg,,,,,,disease-class=2_foliar_disease
GrayLeafSpot1877,disease/Gray Leaf Spot,Dataset/Coconut Tree Disease Dataset/Gray Leaf Spot/GrayLeafSpot1877.jpg,,,,,,disease-class=2_foliar_disease
GrayLeafSpot1878,disease/Gray Leaf Spot,Dataset/Coconut Tree Disease Dataset/Gray Leaf Spot/GrayLeafSpot1878.jpg,,,,,,disease-class=2_foliar_disease
GrayLeafSpot1879,disease/Gray Leaf Spot,Dataset/Coconut Tree Disease Dataset/Gray Leaf Spot/GrayLeafSpot1879.jpg,,,,,,disease-class=2_foliar_disease
GrayLeafSpot188,disease/Gray Leaf Spot,Dataset/Coconut Tree Disease Dataset/Gray Leaf Spot/GrayLeafSpot188.jpg,,,,,,disease-class=2_foliar_disease
GrayLeafSpot1880,disease/Gray Leaf Spot,Dataset/Coconut Tree Disease Dataset/Gray Leaf Spot/GrayLeafSpot1880.jpg,,,,,,disease-class=2_foliar_disease
GrayLeafSpot1881,disease/Gray Leaf Spot,Dataset/Coconut Tree Disease Dataset/Gray Leaf Spot/GrayLeafSpot1881.jpg,,,,,,disease-class=2_foliar_disease
GrayLeafSpot1882,disease/Gray Leaf Spot,Dataset/Coconut Tree Disease Dataset/Gray Leaf Spot/GrayLeafSpot1882.jpg,,,,,,disease-class=2_foliar_disease
GrayLeafSpot1883,disease/Gray Leaf Spot,Dataset/Coconut Tree Disease Dataset/Gray Leaf Spot/GrayLeafSpot1883.jpg,,,,,,disease-class=2_foliar_disease
GrayLeafSpot1884,disease/Gray Leaf Spot,Dataset/Coconut Tree Disease Dataset/Gray Leaf Spot/GrayLeafSpot1884.jpg,,,,,,disease-class=2_foliar_disease
GrayLeafSpot1885,disease/Gray Leaf Spot,Dataset/Coconut Tree Disease Dataset/Gray Leaf Spot/GrayLeafSpot1885.jpg,,,,,,disease-class=2_foliar_disease
GrayLeafSpot1886,disease/Gray Leaf Spot,Dataset/Coconut Tree Disease Dataset/Gray Leaf Spot/GrayLeafSpot1886.jpg,,,,,,disease-class=2_foliar_disease
GrayLeafSpot1887,disease/Gray Leaf Spot,Dataset/Coconut Tree Disease Dataset/Gray Leaf Spot/GrayLeafSpot1887.jpg,,,,,,disease-class=2_foliar_disease
GrayLeafSpot1888,disease/Gray Leaf Spot,Dataset/Coconut Tree Disease Dataset/Gray Leaf Spot/GrayLeafSpot1888.jpg,,,,,,disease-class=2_foliar_disease
GrayLeafSpot1889,disease/Gray Leaf Spot,Dataset/Coconut Tree Disease Dataset/Gray Leaf Spot/GrayLeafSpot1889.jpg,,,,,,disease-class=2_foliar_disease
GrayLeafSpot189,disease/Gray Leaf Spot,Dataset/Coconut Tree Disease Dataset/Gray Leaf Spot/GrayLeafSpot189.jpg,,,,,,disease-class=2_foliar_disease
GrayLeafSpot1890,disease/Gray Leaf Spot,Dataset/Coconut Tree Disease Dataset/Gray Leaf Spot/GrayLeafSpot1890.jpg,,,,,,disease-class=2_foliar_disease
GrayLeafSpot1891,disease/Gray Leaf Spot,Dataset/Coconut Tree Disease Dataset/Gray Leaf Spot/GrayLeafSpot1891.jpg,,,,,,disease-class=2_foliar_disease
GrayLeafSpot1892,disease/Gray Leaf Spot,Dataset/Coconut Tree Disease Dataset/Gray Leaf Spot/GrayLeafSpot1892.jpg,,,,,,disease-class=2_foliar_disease
GrayLeafSpot1893,disease/Gray Leaf Spot,Dataset/Coconut Tree Disease Dataset/Gray Leaf Spot/GrayLeafSpot1893.jpg,,,,,,disease-class=2_foliar_disease
GrayLeafSpot1894,disease/Gray Leaf Spot,Dataset/Coconut Tree Disease Dataset/Gray Leaf Spot/GrayLeafSpot1894.jpg,,,,,,disease-class=2_foliar_disease
GrayLeafSpot1895,disease/Gray Leaf Spot,Dataset/Coconut Tree Disease Dataset/Gray Leaf Spot/GrayLeafSpot1895.jpg,,,,,,disease-class=2_foliar_disease
GrayLeafSpot1896,disease/Gray Leaf Spot,Dataset/Coconut Tree Disease Dataset/Gray Leaf Spot/GrayLeafSpot1896.jpg,,,,,,disease-class=2_foliar_disease
GrayLeafSpot1897,disease/Gray Leaf Spot,Dataset/Coconut Tree Disease Dataset/Gray Leaf Spot/GrayLeafSpot1897.jpg,,,,,,disease-class=2_foliar_disease
GrayLeafSpot1898,disease/Gray Leaf Spot,Dataset/Coconut Tree Disease Dataset/Gray Leaf Spot/GrayLeafSpot1898.jpg,,,,,,disease-class=2_foliar_disease
GrayLeafSpot1899,disease/Gray Leaf Spot,Dataset/Coconut Tree Disease Dataset/Gray Leaf Spot/GrayLeafSpot1899.jpg,,,,,,disease-class=2_foliar_disease
GrayLeafSpot190,disease/Gray Leaf Spot,Dataset/Coconut Tree Disease Dataset/Gray Leaf Spot/GrayLeafSpot190.jpg,,,,,,disease-class=2_foliar_disease
GrayLeafSpot1900,disease/Gray Leaf Spot,Dataset/Coconut Tree Disease Dataset/Gray Leaf Spot/GrayLeafSpot1900.jpg,,,,,,disease-class=2_foliar_disease
GrayLeafSpot1901,disease/Gray Leaf Spot,Dataset/Coconut Tree Disease Dataset/Gray Leaf Spot/GrayLeafSpot1901.jpg,,,,,,disease-class=2_foliar_disease
GrayLeafSpot1902,disease/Gray Leaf Spot,Dataset/Coconut Tree Disease Dataset/Gray Leaf Spot/GrayLeafSpot1902.jpg,,,,,,disease-class=2_foliar_disease
GrayLeafSpot1903,disease/Gray Leaf Spot,Dataset/Coconut Tree Disease Dataset/Gray Leaf Spot/GrayLeafSpot1903.jpg,,,,,,disease-class=2_foliar_disease
GrayLeafSpot1904,disease/Gray Leaf Spot,Dataset/Coconut Tree Disease Dataset/Gray Leaf Spot/GrayLeafSpot1904.jpg,,,,,,disease-class=2_foliar_disease
GrayLeafSpot1905,disease/Gray Leaf Spot,Dataset/Coconut Tree Disease Dataset/Gray Leaf Spot/GrayLeafSpot1905.jpg,,,,,,disease-class=2_foliar_disease
GrayLeafSpot1906,disease/Gray Leaf Spot,Dataset/Coconut Tree Disease Dataset/Gray Leaf Spot/GrayLeafSpot1906.jpg,,,,,,disease-class=2_foliar_disease
GrayLeafSpot1907,disease/Gray Leaf Spot,Dataset/Coconut Tree Disease Dataset/Gray Leaf Spot/GrayLeafSpot1907.jpg,,,,,,disease-class=2_foliar_disease
GrayLeafSpot1908,disease/Gray Leaf Spot,Dataset/Coconut Tree Disease Dataset/Gray Leaf Spot/GrayLeafSpot1908.jpg,,,,,,disease-class=2_foliar_disease
GrayLeafSpot1909,disease/Gray Leaf Spot,Dataset/Coconut Tree Disease Dataset/Gray Leaf Spot/GrayLeafSpot1909.jpg,,,,,,disease-class=2_foliar_disease
GrayLeafSpot191,disease/Gray Leaf Spot,Dataset/Coconut Tree Disease Dataset/Gray Leaf Spot/GrayLeafSpot191.jpg,,,,,,disease-class=2_foliar_disease
GrayLeafSpot1910,disease/Gray Leaf Spot,Dataset/Coconut Tree Disease Dataset/Gray Leaf Spot/GrayLeafSpot1910.jpg,,,,,,disease-class=2_foliar_disease
GrayLeafSpot1911,disease/Gray Leaf Spot,Dataset/Coconut Tree Disease Dataset/Gray Leaf Spot/GrayLeafSpot1911.jpg,,,,,,disease-class=2_foliar_disease
GrayLeafSpot1912,disease/Gray Leaf Spot,Dataset/Coconut Tree Disease Dataset/Gray Leaf Spot/GrayLeafSpot1912.jpg,,,,,,disease-class=2_foliar_disease
GrayLeafSpot1913,disease/Gray Leaf Spot,Dataset/Coconut Tree Disease Dataset/Gray Leaf Spot/GrayLeafSpot1913.jpg,,,,,,disease-class=2_foliar_disease
GrayLeafSpot1914,disease/Gray Leaf Spot,Dataset/Coconut Tree Disease Dataset/Gray Leaf Spot/GrayLeafSpot1914.jpg,,,,,,disease-class=2_foliar_disease
GrayLeafSpot1915,disease/Gray Leaf Spot,Dataset/Coconut Tree Disease Dataset/Gray Leaf Spot/GrayLeafSpot1915.jpg,,,,,,disease-class=2_foliar_disease
GrayLeafSpot1916,disease/Gray Leaf Spot,Dataset/Coconut Tree Disease Dataset/Gray Leaf Spot/GrayLeafSpot1916.jpg,,,,,,disease-class=2_foliar_disease
GrayLeafSpot1917,disease/Gray Leaf Spot,Dataset/Coconut Tree Disease Dataset/Gray Leaf Spot/GrayLeafSpot1917.jpg,,,,,,disease-class=2_foliar_disease
GrayLeafSpot1918,disease/Gray Leaf Spot,Dataset/Coconut Tree Disease Dataset/Gray Leaf Spot/GrayLeafSpot1918.jpg,,,,,,disease-class=2_foliar_disease
GrayLeafSpot1919,disease/Gray Leaf Spot,Dataset/Coconut Tree Disease Dataset/Gray Leaf Spot/GrayLeafSpot1919.jpg,,,,,,disease-class=2_foliar_disease
GrayLeafSpot192,disease/Gray Leaf Spot,Dataset/Coconut Tree Disease Dataset/Gray Leaf Spot/GrayLeafSpot192.jpg,,,,,,disease-class=2_foliar_disease
GrayLeafSpot1920,disease/Gray Leaf Spot,Dataset/Coconut Tree Disease Dataset/Gray Leaf Spot/GrayLeafSpot1920.jpg,,,,,,disease-class=2_foliar_disease
GrayLeafSpot1921,disease/Gray Leaf Spot,Dataset/Coconut Tree Disease Dataset/Gray Leaf Spot/GrayLeafSpot1921.jpg,,,,,,disease-class=2_foliar_disease
GrayLeafSpot1922,disease/Gray Leaf Spot,Dataset/Coconut Tree Disease Dataset/Gray Leaf Spot/GrayLeafSpot1922.jpg,,,,,,disease-class=2_foliar_disease
GrayLeafSpot1923,disease/Gray Leaf Spot,Dataset/Coconut Tree Disease Dataset/Gray Leaf Spot/GrayLeafSpot1923.jpg,,,,,,disease-class=2_foliar_disease
GrayLeafSpot1924,disease/Gray Leaf Spot,Dataset/Coconut Tree Disease Dataset/Gray Leaf Spot/GrayLeafSpot1924.jpg,,,,,,disease-class=2_foliar_disease
GrayLeafSpot1925,disease/Gray Leaf Spot,Dataset/Coconut Tree Disease Dataset/Gray Leaf Spot/GrayLeafSpot1925.jpg,,,,,,disease-class=2_foliar_disease
GrayLeafSpot1926,disease/Gray Leaf Spot,Dataset/Coconut Tree Disease Dataset/Gray Leaf Spot/GrayLeafSpot1926.jpg,,,,,,disease-class=2_foliar_disease
GrayLeafSpot1927,disease/Gray Leaf Spot,Dataset/Coconut Tree Disease Dataset/Gray Leaf Spot/GrayLeafSpot1927.jpg,,,,,,disease-class=2_foliar_disease
GrayLeafSpot1928,disease/Gray Leaf Spot,Dataset/Coconut Tree Disease Dataset/Gray Leaf Spot/GrayLeafSpot1928.jpg,,,,,,disease-class=2_foliar_disease
GrayLeafSpot1929,disease/Gray Leaf Spot,Dataset/Coconut Tree Disease Dataset/Gray Leaf Spot/GrayLeafSpot1929.jpg,,,,,,disease-class=2_foliar_disease
GrayLeafSpot193,disease/Gray Leaf Spot,Dataset/Coconut Tree Disease Dataset/Gray Leaf Spot/GrayLeafSpot193.jpg,,,,,,disease-class=2_foliar_disease
GrayLeafSpot1930,disease/Gray Leaf Spot,Dataset/Coconut Tree Disease Dataset/Gray Leaf Spot/GrayLeafSpot1930.jpg,,,,,,disease-class=2_foliar_disease
GrayLeafSpot1931,disease/Gray Leaf Spot,Dataset/Coconut Tree Disease Dataset/Gray Leaf Spot/GrayLeafSpot1931.jpg,,,,,,disease-class=2_foliar_disease
GrayLeafSpot1932,disease/Gray Leaf Spot,Dataset/Coconut Tree Disease Dataset/Gray Leaf Spot/GrayLeafSpot1932.jpg,,,,,,disease-class=2_foliar_disease
GrayLeafSpot1933,disease/Gray Leaf Spot,Dataset/Coconut Tree Disease Dataset/Gray Leaf Spot/GrayLeafSpot1933.jpg,,,,,,disease-class=2_foliar_disease
GrayLeafSpot1934,disease/Gray Leaf Spot,Dataset/Coconut Tree Disease Dataset/Gray Leaf Spot/GrayLeafSpot1934.jpg,,,,,,disease-class=2_foliar_disease
GrayLeafSpot1935,disease/Gray Leaf Spot,Dataset/Coconut Tree Disease Dataset/Gray Leaf Spot/GrayLeafSpot1935.jpg,,,,,,disease-class=2_foliar_disease
GrayLeafSpot1936,disease/Gray Leaf Spot,Dataset/Coconut Tree Disease Dataset/Gray Leaf Spot/GrayLeafSpot1936.jpg,,,,,,disease-class=2_foliar_disease
GrayLeafSpot1937,disease/Gray Leaf Spot,Dataset/Coconut Tree Disease Dataset/Gray Leaf Spot/GrayLeafSpot1937.jpg,,,,,,disease-class=2_foliar_disease
GrayLeafSpot1938,disease/Gray Leaf Spot,Dataset/Coconut Tree Disease Dataset/Gray Leaf Spot/GrayLeafSpot1938.jpg,,,,,,disease-class=2_foliar_disease
GrayLeafSpot1939,disease/Gray Leaf Spot,Dataset/Coconut Tree Disease Dataset/Gray Leaf Spot/GrayLeafSpot1939.jpg,,,,,,disease-class=2_foliar_disease
GrayLeafSpot194,disease/Gray Leaf Spot,Dataset/Coconut Tree Disease Dataset/Gray Leaf Spot/GrayLeafSpot194.jpg,,,,,,disease-class=2_foliar_disease
GrayLeafSpot1940,disease/Gray Leaf Spot,Dataset/Coconut Tree Disease Dataset/Gray Leaf Spot/GrayLeafSpot1940.jpg,,,,,,disease-class=2_foliar_disease
GrayLeafSpot1941,disease/Gray Leaf Spot,Dataset/Coconut Tree Disease Dataset/Gray Leaf Spot/GrayLeafSpot1941.jpg,,,,,,disease-class=2_foliar_disease
GrayLeafSpot1942,disease/Gray Leaf Spot,Dataset/Coconut Tree Disease Dataset/Gray Leaf Spot/GrayLeafSpot1942.jpg,,,,,,disease-class=2_foliar_disease
GrayLeafSpot1943,disease/Gray Leaf Spot,Dataset/Coconut Tree Disease Dataset/Gray Leaf Spot/GrayLeafSpot1943.jpg,,,,,,disease-class=2_foliar_disease
GrayLeafSpot1944,disease/Gray Leaf Spot,Dataset/Coconut Tree Disease Dataset/Gray Leaf Spot/GrayLeafSpot1944.jpg,,,,,,disease-class=2_foliar_disease
GrayLeafSpot1945,disease/Gray Leaf Spot,Dataset/Coconut Tree Disease Dataset/Gray Leaf Spot/GrayLeafSpot1945.jpg,,,,,,disease-class=2_foliar_disease
GrayLeafSpot1946,disease/Gray Leaf Spot,Dataset/Coconut Tree Disease Dataset/Gray Leaf Spot/GrayLeafSpot1946.jpg,,,,,,disease-class=2_foliar_disease
GrayLeafSpot1947,disease/Gray Leaf Spot,Dataset/Coconut Tree Disease Dataset/Gray Leaf Spot/GrayLeafSpot1947.jpg,,,,,,disease-class=2_foliar_disease
GrayLeafSpot1948,disease/Gray Leaf Spot,Dataset/Coconut Tree Disease Dataset/Gray Leaf Spot/GrayLeafSpot1948.jpg,,,,,,disease-class=2_foliar_disease
GrayLeafSpot1949,disease/Gray Leaf Spot,Dataset/Coconut Tree Disease Dataset/Gray Leaf Spot/GrayLeafSpot1949.jpg,,,,,,disease-class=2_foliar_disease
GrayLeafSpot195,disease/Gray Leaf Spot,Dataset/Coconut Tree Disease Dataset/Gray Leaf Spot/GrayLeafSpot195.jpg,,,,,,disease-class=2_foliar_disease
GrayLeafSpot1950,disease/Gray Leaf Spot,Dataset/Coconut Tree Disease Dataset/Gray Leaf Spot/GrayLeafSpot1950.jpg,,,,,,disease-class=2_foliar_disease
GrayLeafSpot1951,disease/Gray Leaf Spot,Dataset/Coconut Tree Disease Dataset/Gray Leaf Spot/GrayLeafSpot1951.jpg,,,,,,disease-class=2_foliar_disease
GrayLeafSpot1952,disease/Gray Leaf Spot,Dataset/Coconut Tree Disease Dataset/Gray Leaf Spot/GrayLeafSpot1952.jpg,,,,,,disease-class=2_foliar_disease
GrayLeafSpot1953,disease/Gray Leaf Spot,Dataset/Coconut Tree Disease Dataset/Gray Leaf Spot/GrayLeafSpot1953.jpg,,,,,,disease-class=2_foliar_disease
GrayLeafSpot1954,disease/Gray Leaf Spot,Dataset/Coconut Tree Disease Dataset/Gray Leaf Spot/GrayLeafSpot1954.jpg,,,,,,disease-class=2_foliar_disease
GrayLeafSpot1955,disease/Gray Leaf Spot,Dataset/Coconut Tree Disease Dataset/Gray Leaf Spot/GrayLeafSpot1955.jpg,,,,,,disease-class=2_foliar_disease
GrayLeafSpot1956,disease/Gray Leaf Spot,Dataset/Coconut Tree Disease Dataset/Gray Leaf Spot/GrayLeafSpot1956.jpg,,,,,,disease-class=2_foliar_disease
GrayLeafSpot1957,disease/Gray Leaf Spot,Dataset/Coconut Tree Disease Dataset/Gray Leaf Spot/GrayLeafSpot1957.jpg,,,,,,disease-class=2_foliar_disease
GrayLeafSpot1958,disease/Gray Leaf Spot,Dataset/Coconut Tree Disease Dataset/Gray Leaf Spot/GrayLeafSpot1958.jpg,,,,,,disease-class=2_foliar_disease
GrayLeafSpot1959,disease/Gray Leaf Spot,Dataset/Coconut Tree Disease Dataset/Gray Leaf Spot/GrayLeafSpot1959.jpg,,,,,,disease-class=2_foliar_disease
GrayLeafSpot196,disease/Gray Leaf Spot,Dataset/Coconut Tree Disease Dataset/Gray Leaf Spot/GrayLeafSpot196.jpg,,,,,,disease-class=2_foliar_disease
GrayLeafSpot1960,disease/Gray Leaf Spot,Dataset/Coconut Tree Disease Dataset/Gray Leaf Spot/GrayLeafSpot1960.jpg,,,,,,disease-class=2_foliar_disease
GrayLeafSpot1961,disease/Gray Leaf Spot,Dataset/Coconut Tree Disease Dataset/Gray Leaf Spot/GrayLeafSpot1961.jpg,,,,,,disease-class=2_foliar_disease
GrayLeafSpot1962,disease/Gray Leaf Spot,Dataset/Coconut Tree Disease Dataset/Gray Leaf Spot/GrayLeafSpot1962.jpg,,,,,,disease-class=2_foliar_disease
GrayLeafSpot1963,disease/Gray Leaf Spot,Dataset/Coconut Tree Disease Dataset/Gray Leaf Spot/GrayLeafSpot1963.jpg,,,,,,disease-class=2_foliar_disease
GrayLeafSpot1964,disease/Gray Leaf Spot,Dataset/Coconut Tree Disease Dataset/Gray Leaf Spot/GrayLeafSpot1964.jpg,,,,,,disease-class=2_foliar_disease
GrayLeafSpot1965,disease/Gray Leaf Spot,Dataset/Coconut Tree Disease Dataset/Gray Leaf Spot/GrayLeafSpot1965.jpg,,,,,,disease-class=2_foliar_disease
GrayLeafSpot1966,disease/Gray Leaf Spot,Dataset/Coconut Tree Disease Dataset/Gray Leaf Spot/GrayLeafSpot1966.jpg,,,,,,disease-class=2_foliar_disease
GrayLeafSpot1967,disease/Gray Leaf Spot,Dataset/Coconut Tree Disease Dataset/Gray Leaf Spot/GrayLeafSpot1967.jpg,,,,,,disease-class=2_foliar_disease
GrayLeafSpot1968,disease/Gray Leaf Spot,Dataset/Coconut Tree Disease Dataset/Gray Leaf Spot/GrayLeafSpot1968.jpg,,,,,,disease-class=2_foliar_disease
GrayLeafSpot1969,disease/Gray Leaf Spot,Dataset/Coconut Tree Disease Dataset/Gray Leaf Spot/GrayLeafSpot1969.jpg,,,,,,disease-class=2_foliar_disease
GrayLeafSpot197,disease/Gray Leaf Spot,Dataset/Coconut Tree Disease Dataset/Gray Leaf Spot/GrayLeafSpot197.jpg,,,,,,disease-class=2_foliar_disease
GrayLeafSpot1970,disease/Gray Leaf Spot,Dataset/Coconut Tree Disease Dataset/Gray Leaf Spot/GrayLeafSpot1970.jpg,,,,,,disease-class=2_foliar_disease
GrayLeafSpot1971,disease/Gray Leaf Spot,Dataset/Coconut Tree Disease Dataset/Gray Leaf Spot/GrayLeafSpot1971.jpg,,,,,,disease-class=2_foliar_disease
GrayLeafSpot1972,disease/Gray Leaf Spot,Dataset/Coconut Tree Disease Dataset/Gray Leaf Spot/GrayLeafSpot1972.jpg,,,,,,disease-class=2_foliar_disease
GrayLeafSpot1973,disease/Gray Leaf Spot,Dataset/Coconut Tree Disease Dataset/Gray Leaf Spot/GrayLeafSpot1973.jpg,,,,,,disease-class=2_foliar_disease
GrayLeafSpot1974,disease/Gray Leaf Spot,Dataset/Coconut Tree Disease Dataset/Gray Leaf Spot/GrayLeafSpot1974.jpg,,,,,,disease-class=2_foliar_disease
GrayLeafSpot1975,disease/Gray Leaf Spot,Dataset/Coconut Tree Disease Dataset/Gray Leaf Spot/GrayLeafSpot1975.jpg,,,,,,disease-class=2_foliar_disease
GrayLeafSpot1976,disease/Gray Leaf Spot,Dataset/Coconut Tree Disease Dataset/Gray Leaf Spot/GrayLeafSpot1976.jpg,,,,,,disease-class=2_foliar_disease
GrayLeafSpot1977,disease/Gray Leaf Spot,Dataset/Coconut Tree Disease Dataset/Gray Leaf Spot/GrayLeafSpot1977.jpg,,,,,,disease-class=2_foliar_disease
GrayLeafSpot1978,disease/Gray Leaf Spot,Dataset/Coconut Tree Disease Dataset/Gray Leaf Spot/GrayLeafSpot1978.jpg,,,,,,disease-class=2_foliar_disease
GrayLeafSpot1979,disease/Gray Leaf Spot,Dataset/Coconut Tree Disease Dataset/Gray Leaf Spot/GrayLeafSpot1979.jpg,,,,,,disease-class=2_foliar_disease
GrayLeafSpot198,disease/Gray Leaf Spot,Dataset/Coconut Tree Disease Dataset/Gray Leaf Spot/GrayLeafSpot198.jpg,,,,,,disease-class=2_foliar_disease
GrayLeafSpot1980,disease/Gray Leaf Spot,Dataset/Coconut Tree Disease Dataset/Gray Leaf Spot/GrayLeafSpot1980.jpg,,,,,,disease-class=2_foliar_disease
GrayLeafSpot1981,disease/Gray Leaf Spot,Dataset/Coconut Tree Disease Dataset/Gray Leaf Spot/GrayLeafSpot1981.jpg,,,,,,disease-class=2_foliar_disease
GrayLeafSpot1982,disease/Gray Leaf Spot,Dataset/Coconut Tree Disease Dataset/Gray Leaf Spot/GrayLeafSpot1982.jpg,,,,,,disease-class=2_foliar_disease
GrayLeafSpot1983,disease/Gray Leaf Spot,Dataset/Coconut Tree Disease Dataset/Gray Leaf Spot/GrayLeafSpot1983.jpg,,,,,,disease-class=2_foliar_disease
GrayLeafSpot1984,disease/Gray Leaf Spot,Dataset/Coconut Tree Disease Dataset/Gray Leaf Spot/GrayLeafSpot1984.jpg,,,,,,disease-class=2_foliar_disease
GrayLeafSpot1985,disease/Gray Leaf Spot,Dataset/Coconut Tree Disease Dataset/Gray Leaf Spot/GrayLeafSpot1985.jpg,,,,,,disease-class=2_foliar_disease
GrayLeafSpot1986,disease/Gray Leaf Spot,Dataset/Coconut Tree Disease Dataset/Gray Leaf Spot/GrayLeafSpot1986.jpg,,,,,,disease-class=2_foliar_disease
GrayLeafSpot1987,disease/Gray Leaf Spot,Dataset/Coconut Tree Disease Dataset/Gray Leaf Spot/GrayLeafSpot1987.jpg,,,,,,disease-class=2_foliar_disease
GrayLeafSpot1988,disease/Gray Leaf Spot,Dataset/Coconut Tree Disease Dataset/Gray Leaf Spot/GrayLeafSpot1988.jpg,,,,,,disease-class=2_foliar_disease
GrayLeafSpot1989,disease/Gray Leaf Spot,Dataset/Coconut Tree Disease Dataset/Gray Leaf Spot/GrayLeafSpot1989.jpg,,,,,,disease-class=2_foliar_disease
GrayLeafSpot199,disease/Gray Leaf Spot,Dataset/Coconut Tree Disease Dataset/Gray Leaf Spot/GrayLeafSpot199.jpg,,,,,,disease-class=2_foliar_disease
GrayLeafSpot1990,disease/Gray Leaf Spot,Dataset/Coconut Tree Disease Dataset/Gray Leaf Spot/GrayLeafSpot1990.jpg,,,,,,disease-class=2_foliar_disease
GrayLeafSpot1991,disease/Gray Leaf Spot,Dataset/Coconut Tree Disease Dataset/Gray Leaf Spot/GrayLeafSpot1991.jpg,,,,,,disease-class=2_foliar_disease
GrayLeafSpot1992,disease/Gray Leaf Spot,Dataset/Coconut Tree Disease Dataset/Gray Leaf Spot/GrayLeafSpot1992.jpg,,,,,,disease-class=2_foliar_disease
GrayLeafSpot1993,disease/Gray Leaf Spot,Dataset/Coconut Tree Disease Dataset/Gray Leaf Spot/GrayLeafSpot1993.jpg,,,,,,disease-class=2_foliar_disease
GrayLeafSpot1994,disease/Gray Leaf Spot,Dataset/Coconut Tree Disease Dataset/Gray Leaf Spot/GrayLeafSpot1994.jpg,,,,,,disease-class=2_foliar_disease
GrayLeafSpot1995,disease/Gray Leaf Spot,Dataset/Coconut Tree Disease Dataset/Gray Leaf Spot/GrayLeafSpot1995.jpg,,,,,,disease-class=2_foliar_disease
GrayLeafSpot1996,disease/Gray Leaf Spot,Dataset/Coconut Tree Disease Dataset/Gray Leaf Spot/GrayLeafSpot1996.jpg,,,,,,disease-class=2_foliar_disease
GrayLeafSpot1997,disease/Gray Leaf Spot,Dataset/Coconut Tree Disease Dataset/Gray Leaf Spot/GrayLeafSpot1997.jpg,,,,,,disease-class=2_foliar_disease
GrayLeafSpot1998,disease/Gray Leaf Spot,Dataset/Coconut Tree Disease Dataset/Gray Leaf Spot/GrayLeafSpot1998.jpg,,,,,,disease-class=2_foliar_disease
GrayLeafSpot1999,disease/Gray Leaf Spot,Dataset/Coconut Tree Disease Dataset/Gray Leaf Spot/GrayLeafSpot1999.jpg,,,,,,disease-class=2_foliar_disease
GrayLeafSpot200,disease/Gray Leaf Spot,Dataset/Coconut Tree Disease Dataset/Gray Leaf Spot/GrayLeafSpot200.jpg,,,,,,disease-class=2_foliar_disease
GrayLeafSpot2000,disease/Gray Leaf Spot,Dataset/Coconut Tree Disease Dataset/Gray Leaf Spot/GrayLeafSpot2000.jpg,,,,,,disease-class=2_foliar_disease
GrayLeafSpot2001,disease/Gray Leaf Spot,Dataset/Coconut Tree Disease Dataset/Gray Leaf Spot/GrayLeafSpot2001.jpg,,,,,,disease-class=2_foliar_disease
GrayLeafSpot2002,disease/Gray Leaf Spot,Dataset/Coconut Tree Disease Dataset/Gray Leaf Spot/GrayLeafSpot2002.jpg,,,,,,disease-class=2_foliar_disease
GrayLeafSpot2003,disease/Gray Leaf Spot,Dataset/Coconut Tree Disease Dataset/Gray Leaf Spot/GrayLeafSpot2003.jpg,,,,,,disease-class=2_foliar_disease
GrayLeafSpot2004,disease/Gray Leaf Spot,Dataset/Coconut Tree Disease Dataset/Gray Leaf Spot/GrayLeafSpot2004.jpg,,,,,,disease-class=2_foliar_disease
GrayLeafSpot2005,disease/Gray Leaf Spot,Dataset/Coconut Tree Disease Dataset/Gray Leaf Spot/GrayLeafSpot2005.jpg,,,,,,disease-class=2_foliar_disease
GrayLeafSpot2006,disease/Gray Leaf Spot,Dataset/Coconut Tree Disease Dataset/Gray Leaf Spot/GrayLeafSpot2006.jpg,,,,,,disease-class=2_foliar_disease
GrayLeafSpot2007,disease/Gray Leaf Spot,Dataset/Coconut Tree Disease Dataset/Gray Leaf Spot/GrayLeafSpot2007.jpg,,,,,,disease-class=2_foliar_disease
GrayLeafSpot2008,disease/Gray Leaf Spot,Dataset/Coconut Tree Disease Dataset/Gray Leaf Spot/GrayLeafSpot2008.jpg,,,,,,disease-class=2_foliar_disease
GrayLeafSpot2009,disease/Gray Leaf Spot,Dataset/Coconut Tree Disease Dataset/Gray Leaf Spot/GrayLeafSpot2009.jpg,,,,,,disease-class=2_foliar_disease
GrayLeafSpot201,disease/Gray Leaf Spot,Dataset/Coconut Tree Disease Dataset/Gray Leaf Spot/GrayLeafSpot201.jpg,,,,,,disease-class=2_foliar_disease
GrayLeafSpot2010,disease/Gray Leaf Spot,Dataset/Coconut Tree Disease Dataset/Gray Leaf Spot/GrayLeafSpot2010.jpg,,,,,,disease-class=2_foliar_disease
GrayLeafSpot2011,disease/Gray Leaf Spot,Dataset/Coconut Tree Disease Dataset/Gray Leaf Spot/GrayLeafSpot2011.jpg,,,,,,disease-class=2_foliar_disease
GrayLeafSpot2012,disease/Gray Leaf Spot,Dataset/Coconut Tree Disease Dataset/Gray Leaf Spot/GrayLeafSpot2012.jpg,,,,,,disease-class=2_foliar_disease
GrayLeafSpot2013,disease/Gray Leaf Spot,Dataset/Coconut Tree Disease Dataset/Gray Leaf Spot/GrayLeafSpot2013.jpg,,,,,,disease-class=2_foliar_disease
GrayLeafSpot2014,disease/Gray Leaf Spot,Dataset/Coconut Tree Disease Dataset/Gray Leaf Spot/GrayLeafSpot2014.jpg,,,,,,disease-class=2_foliar_disease
GrayLeafSpot2015,disease/Gray Leaf Spot,Dataset/Coconut Tree Disease Dataset/Gray Leaf Spot/GrayLeafSpot2015.jpg,,,,,,disease-class=2_foliar_disease
GrayLeafSpot2016,disease/Gray Leaf Spot,Dataset/Coconut Tree Disease Dataset/Gray Leaf Spot/GrayLeafSpot2016.jpg,,,,,,disease-class=2_foliar_disease
GrayLeafSpot2017,disease/Gray Leaf Spot,Dataset/Coconut Tree Disease Dataset/Gray Leaf Spot/GrayLeafSpot2017.jpg,,,,,,disease-class=2_foliar_disease
GrayLeafSpot2018,disease/Gray Leaf Spot,Dataset/Coconut Tree Disease Dataset/Gray Leaf Spot/GrayLeafSpot2018.jpg,,,,,,disease-class=2_foliar_disease
GrayLeafSpot2019,disease/Gray Leaf Spot,Dataset/Coconut Tree Disease Dataset/Gray Leaf Spot/GrayLeafSpot2019.jpg,,,,,,disease-class=2_foliar_disease
GrayLeafSpot202,disease/Gray Leaf Spot,Dataset/Coconut Tree Disease Dataset/Gray Leaf Spot/GrayLeafSpot202.jpg,,,,,,disease-class=2_foliar_disease
GrayLeafSpot2020,disease/Gray Leaf Spot,Dataset/Coconut Tree Disease Dataset/Gray Leaf Spot/GrayLeafSpot2020.jpg,,,,,,disease-class=2_foliar_disease
GrayLeafSpot2021,disease/Gray Leaf Spot,Dataset/Coconut Tree Disease Dataset/Gray Leaf Spot/GrayLeafSpot2021.jpg,,,,,,disease-class=2_foliar_disease
GrayLeafSpot2022,disease/Gray Leaf Spot,Dataset/Coconut Tree Disease Dataset/Gray Leaf Spot/GrayLeafSpot2022.jpg,,,,,,disease-class=2_foliar_disease
GrayLeafSpot2023,disease/Gray Leaf Spot,Dataset/Coconut Tree Disease Dataset/Gray Leaf Spot/GrayLeafSpot2023.jpg,,,,,,disease-class=2_foliar_disease
GrayLeafSpot2024,disease/Gray Leaf Spot,Dataset/Coconut Tree Disease Dataset/Gray Leaf Spot/GrayLeafSpot2024.jpg,,,,,,disease-class=2_foliar_disease
GrayLeafSpot2025,disease/Gray Leaf Spot,Dataset/Coconut Tree Disease Dataset/Gray Leaf Spot/GrayLeafSpot2025.jpg,,,,,,disease-class=2_foliar_disease
GrayLeafSpot2026,disease/Gray Leaf Spot,Dataset/Coconut Tree Disease Dataset/Gray Leaf Spot/GrayLeafSpot2026.jpg,,,,,,disease-class=2_foliar_disease
GrayLeafSpot2027,disease/Gray Leaf Spot,Dataset/Coconut Tree Disease Dataset/Gray Leaf Spot/GrayLeafSpot2027.jpg,,,,,,disease-class=2_foliar_disease
GrayLeafSpot2028,disease/Gray Leaf Spot,Dataset/Coconut Tree Disease Dataset/Gray Leaf Spot/GrayLeafSpot2028.jpg,,,,,,disease-class=2_foliar_disease
GrayLeafSpot2029,disease/Gray Leaf Spot,Dataset/Coconut Tree Disease Dataset/Gray Leaf Spot/GrayLeafSpot2029.jpg,,,,,,disease-class=2_foliar_disease
GrayLeafSpot203,disease/Gray Leaf Spot,Dataset/Coconut Tree Disease Dataset/Gray Leaf Spot/GrayLeafSpot203.jpg,,,,,,disease-class=2_foliar_disease
GrayLeafSpot2030,disease/Gray Leaf Spot,Dataset/Coconut Tree Disease Dataset/Gray Leaf Spot/GrayLeafSpot2030.jpg,,,,,,disease-class=2_foliar_disease
GrayLeafSpot2031,disease/Gray Leaf Spot,Dataset/Coconut Tree Disease Dataset/Gray Leaf Spot/GrayLeafSpot2031.jpg,,,,,,disease-class=2_foliar_disease
GrayLeafSpot2032,disease/Gray Leaf Spot,Dataset/Coconut Tree Disease Dataset/Gray Leaf Spot/GrayLeafSpot2032.jpg,,,,,,disease-class=2_foliar_disease
GrayLeafSpot2033,disease/Gray Leaf Spot,Dataset/Coconut Tree Disease Dataset/Gray Leaf Spot/GrayLeafSpot2033.jpg,,,,,,disease-class=2_foliar_disease
GrayLeafSpot2034,disease/Gray Leaf Spot,Dataset/Coconut Tree Disease Dataset/Gray Leaf Spot/GrayLeafSpot2034.jpg,,,,,,disease-class=2_foliar_disease
GrayLeafSpot2035,disease/Gray Leaf Spot,Dataset/Coconut Tree Disease Dataset/Gray Leaf Spot/GrayLeafSpot2035.jpg,,,,,,disease-class=2_foliar_disease
GrayLeafSpot2036,disease/Gray Leaf Spot,Dataset/Coconut Tree Disease Dataset/Gray Leaf Spot/GrayLeafSpot2036.jpg,,,,,,disease-class=2_foliar_disease
GrayLeafSpot2037,disease/Gray Leaf Spot,Dataset/Coconut Tree Disease Dataset/Gray Leaf Spot/GrayLeafSpot2037.jpg,,,,,,disease-class=2_foliar_disease
GrayLeafSpot2038,disease/Gray Leaf Spot,Dataset/Coconut Tree Disease Dataset/Gray Leaf Spot/GrayLeafSpot2038.jpg,,,,,,disease-class=2_foliar_disease
GrayLeafSpot2039,disease/Gray Leaf Spot,Dataset/Coconut Tree Disease Dataset/Gray Leaf Spot/GrayLeafSpot2039.jpg,,,,,,disease-class=2_foliar_disease
GrayLeafSpot204,disease/Gray Leaf Spot,Dataset/Coconut Tree Disease Dataset/Gray Leaf Spot/GrayLeafSpot204.jpg,,,,,,disease-class=2_foliar_disease
GrayLeafSpot2040,disease/Gray Leaf Spot,Dataset/Coconut Tree Disease Dataset/Gray Leaf Spot/GrayLeafSpot2040.jpg,,,,,,disease-class=2_foliar_disease
GrayLeafSpot2041,disease/Gray Leaf Spot,Dataset/Coconut Tree Disease Dataset/Gray Leaf Spot/GrayLeafSpot2041.jpg,,,,,,disease-class=2_foliar_disease
GrayLeafSpot2042,disease/Gray Leaf Spot,Dataset/Coconut Tree Disease Dataset/Gray Leaf Spot/GrayLeafSpot2042.jpg,,,,,,disease-class=2_foliar_disease
GrayLeafSpot2043,disease/Gray Leaf Spot,Dataset/Coconut Tree Disease Dataset/Gray Leaf Spot/GrayLeafSpot2043.jpg,,,,,,disease-class=2_foliar_disease
GrayLeafSpot2044,disease/Gray Leaf Spot,Dataset/Coconut Tree Disease Dataset/Gray Leaf Spot/GrayLeafSpot2044.jpg,,,,,,disease-class=2_foliar_disease
GrayLeafSpot2045,disease/Gray Leaf Spot,Dataset/Coconut Tree Disease Dataset/Gray Leaf Spot/GrayLeafSpot2045.jpg,,,,,,disease-class=2_foliar_disease
GrayLeafSpot2046,disease/Gray Leaf Spot,Dataset/Coconut Tree Disease Dataset/Gray Leaf Spot/GrayLeafSpot2046.jpg,,,,,,disease-class=2_foliar_disease
GrayLeafSpot2047,disease/Gray Leaf Spot,Dataset/Coconut Tree Disease Dataset/Gray Leaf Spot/GrayLeafSpot2047.jpg,,,,,,disease-class=2_foliar_disease
GrayLeafSpot2048,disease/Gray Leaf Spot,Dataset/Coconut Tree Disease Dataset/Gray Leaf Spot/GrayLeafSpot2048.jpg,,,,,,disease-class=2_foliar_disease
GrayLeafSpot2049,disease/Gray Leaf Spot,Dataset/Coconut Tree Disease Dataset/Gray Leaf Spot/GrayLeafSpot2049.jpg,,,,,,disease-class=2_foliar_disease
GrayLeafSpot205,disease/Gray Leaf Spot,Dataset/Coconut Tree Disease Dataset/Gray Leaf Spot/GrayLeafSpot205.jpg,,,,,,disease-class=2_foliar_disease
GrayLeafSpot2050,disease/Gray Leaf Spot,Dataset/Coconut Tree Disease Dataset/Gray Leaf Spot/GrayLeafSpot2050.jpg,,,,,,disease-class=2_foliar_disease
GrayLeafSpot2051,disease/Gray Leaf Spot,Dataset/Coconut Tree Disease Dataset/Gray Leaf Spot/GrayLeafSpot2051.jpg,,,,,,disease-class=2_foliar_disease
GrayLeafSpot2052,disease/Gray Leaf Spot,Dataset/Coconut Tree Disease Dataset/Gray Leaf Spot/GrayLeafSpot2052.jpg,,,,,,disease-class=2_foliar_disease
GrayLeafSpot2053,disease/Gray Leaf Spot,Dataset/Coconut Tree Disease Dataset/Gray Leaf Spot/GrayLeafSpot2053.jpg,,,,,,disease-class=2_foliar_disease
GrayLeafSpot2054,disease/Gray Leaf Spot,Dataset/Coconut Tree Disease Dataset/Gray Leaf Spot/GrayLeafSpot2054.jpg,,,,,,disease-class=2_foliar_disease
GrayLeafSpot2055,disease/Gray Leaf Spot,Dataset/Coconut Tree Disease Dataset/Gray Leaf Spot/GrayLeafSpot2055.jpg,,,,,,disease-class=2_foliar_disease
GrayLeafSpot2056,disease/Gray Leaf Spot,Dataset/Coconut Tree Disease Dataset/Gray Leaf Spot/GrayLeafSpot2056.jpg,,,,,,disease-class=2_foliar_disease
GrayLeafSpot2057,disease/Gray Leaf Spot,Dataset/Coconut Tree Disease Dataset/Gray Leaf Spot/GrayLeafSpot2057.jpg,,,,,,disease-class=2_foliar_disease
GrayLeafSpot2058,disease/Gray Leaf Spot,Dataset/Coconut Tree Disease Dataset/Gray Leaf Spot/GrayLeafSpot2058.jpg,,,,,,disease-class=2_foliar_disease
GrayLeafSpot2059,disease/Gray Leaf Spot,Dataset/Coconut Tree Disease Dataset/Gray Leaf Spot/GrayLeafSpot2059.jpg,,,,,,disease-class=2_foliar_disease
GrayLeafSpot206,disease/Gray Leaf Spot,Dataset/Coconut Tree Disease Dataset/Gray Leaf Spot/GrayLeafSpot206.jpg,,,,,,disease-class=2_foliar_disease
GrayLeafSpot2060,disease/Gray Leaf Spot,Dataset/Coconut Tree Disease Dataset/Gray Leaf Spot/GrayLeafSpot2060.jpg,,,,,,disease-class=2_foliar_disease
GrayLeafSpot2061,disease/Gray Leaf Spot,Dataset/Coconut Tree Disease Dataset/Gray Leaf Spot/GrayLeafSpot2061.jpg,,,,,,disease-class=2_foliar_disease
GrayLeafSpot2062,disease/Gray Leaf Spot,Dataset/Coconut Tree Disease Dataset/Gray Leaf Spot/GrayLeafSpot2062.jpg,,,,,,disease-class=2_foliar_disease
GrayLeafSpot2063,disease/Gray Leaf Spot,Dataset/Coconut Tree Disease Dataset/Gray Leaf Spot/GrayLeafSpot2063.jpg,,,,,,disease-class=2_foliar_disease
GrayLeafSpot2064,disease/Gray Leaf Spot,Dataset/Coconut Tree Disease Dataset/Gray Leaf Spot/GrayLeafSpot2064.jpg,,,,,,disease-class=2_foliar_disease
GrayLeafSpot2065,disease/Gray Leaf Spot,Dataset/Coconut Tree Disease Dataset/Gray Leaf Spot/GrayLeafSpot2065.jpg,,,,,,disease-class=2_foliar_disease
GrayLeafSpot2066,disease/Gray Leaf Spot,Dataset/Coconut Tree Disease Dataset/Gray Leaf Spot/GrayLeafSpot2066.jpg,,,,,,disease-class=2_foliar_disease
GrayLeafSpot2067,disease/Gray Leaf Spot,Dataset/Coconut Tree Disease Dataset/Gray Leaf Spot/GrayLeafSpot2067.jpg,,,,,,disease-class=2_foliar_disease
GrayLeafSpot2068,disease/Gray Leaf Spot,Dataset/Coconut Tree Disease Dataset/Gray Leaf Spot/GrayLeafSpot2068.jpg,,,,,,disease-class=2_foliar_disease
GrayLeafSpot2069,disease/Gray Leaf Spot,Dataset/Coconut Tree Disease Dataset/Gray Leaf Spot/GrayLeafSpot2069.jpg,,,,,,disease-class=2_foliar_disease
GrayLeafSpot207,disease/Gray Leaf Spot,Dataset/Coconut Tree Disease Dataset/Gray Leaf Spot/GrayLeafSpot207.jpg,,,,,,disease-class=2_foliar_disease
GrayLeafSpot2070,disease/Gray Leaf Spot,Dataset/Coconut Tree Disease Dataset/Gray Leaf Spot/GrayLeafSpot2070.jpg,,,,,,disease-class=2_foliar_disease
GrayLeafSpot2071,disease/Gray Leaf Spot,Dataset/Coconut Tree Disease Dataset/Gray Leaf Spot/GrayLeafSpot2071.jpg,,,,,,disease-class=2_foliar_disease
GrayLeafSpot2072,disease/Gray Leaf Spot,Dataset/Coconut Tree Disease Dataset/Gray Leaf Spot/GrayLeafSpot2072.jpg,,,,,,disease-class=2_foliar_disease
GrayLeafSpot2073,disease/Gray Leaf Spot,Dataset/Coconut Tree Disease Dataset/Gray Leaf Spot/GrayLeafSpot2073.jpg,,,,,,disease-class=2_foliar_disease
GrayLeafSpot2074,disease/Gray Leaf Spot,Dataset/Coconut Tree Disease Dataset/Gray Leaf Spot/GrayLeafSpot2074.jpg,,,,,,disease-class=2_foliar_disease
GrayLeafSpot2075,disease/Gray Leaf Spot,Dataset/Coconut Tree Disease Dataset/Gray Leaf Spot/GrayLeafSpot2075.jpg,,,,,,disease-class=2_foliar_disease
GrayLeafSpot2076,disease/Gray Leaf Spot,Dataset/Coconut Tree Disease Dataset/Gray Leaf Spot/GrayLeafSpot2076.jpg,,,,,,disease-class=2_foliar_disease
GrayLeafSpot2077,disease/Gray Leaf Spot,Dataset/Coconut Tree Disease Dataset/Gray Leaf Spot/GrayLeafSpot2077.jpg,,,,,,disease-class=2_foliar_disease
GrayLeafSpot2078,disease/Gray Leaf Spot,Dataset/Coconut Tree Disease Dataset/Gray Leaf Spot/GrayLeafSpot2078.jpg,,,,,,disease-class=2_foliar_disease
GrayLeafSpot2079,disease/Gray Leaf Spot,Dataset/Coconut Tree Disease Dataset/Gray Leaf Spot/GrayLeafSpot2079.jpg,,,,,,disease-class=2_foliar_disease
GrayLeafSpot208,disease/Gray Leaf Spot,Dataset/Coconut Tree Disease Dataset/Gray Leaf Spot/GrayLeafSpot208.jpg,,,,,,disease-class=2_foliar_disease
GrayLeafSpot2080,disease/Gray Leaf Spot,Dataset/Coconut Tree Disease Dataset/Gray Leaf Spot/GrayLeafSpot2080.jpg,,,,,,disease-class=2_foliar_disease
GrayLeafSpot2081,disease/Gray Leaf Spot,Dataset/Coconut Tree Disease Dataset/Gray Leaf Spot/GrayLeafSpot2081.jpg,,,,,,disease-class=2_foliar_disease
GrayLeafSpot2082,disease/Gray Leaf Spot,Dataset/Coconut Tree Disease Dataset/Gray Leaf Spot/GrayLeafSpot2082.jpg,,,,,,disease-class=2_foliar_disease
GrayLeafSpot2083,disease/Gray Leaf Spot,Dataset/Coconut Tree Disease Dataset/Gray Leaf Spot/GrayLeafSpot2083.jpg,,,,,,disease-class=2_foliar_disease
GrayLeafSpot2084,disease/Gray Leaf Spot,Dataset/Coconut Tree Disease Dataset/Gray Leaf Spot/GrayLeafSpot2084.jpg,,,,,,disease-class=2_foliar_disease
GrayLeafSpot2085,disease/Gray Leaf Spot,Dataset/Coconut Tree Disease Dataset/Gray Leaf Spot/GrayLeafSpot2085.jpg,,,,,,disease-class=2_foliar_disease
GrayLeafSpot2086,disease/Gray Leaf Spot,Dataset/Coconut Tree Disease Dataset/Gray Leaf Spot/GrayLeafSpot2086.jpg,,,,,,disease-class=2_foliar_disease
GrayLeafSpot2087,disease/Gray Leaf Spot,Dataset/Coconut Tree Disease Dataset/Gray Leaf Spot/GrayLeafSpot2087.jpg,,,,,,disease-class=2_foliar_disease
GrayLeafSpot2088,disease/Gray Leaf Spot,Dataset/Coconut Tree Disease Dataset/Gray Leaf Spot/GrayLeafSpot2088.jpg,,,,,,disease-class=2_foliar_disease
GrayLeafSpot2089,disease/Gray Leaf Spot,Dataset/Coconut Tree Disease Dataset/Gray Leaf Spot/GrayLeafSpot2089.jpg,,,,,,disease-class=2_foliar_disease
GrayLeafSpot209,disease/Gray Leaf Spot,Dataset/Coconut Tree Disease Dataset/Gray Leaf Spot/GrayLeafSpot209.jpg,,,,,,disease-class=2_foliar_disease
GrayLeafSpot2090,disease/Gray Leaf Spot,Dataset/Coconut Tree Disease Dataset/Gray Leaf Spot/GrayLeafSpot2090.jpg,,,,,,disease-class=2_foliar_disease
GrayLeafSpot2091,disease/Gray Leaf Spot,Dataset/Coconut Tree Disease Dataset/Gray Leaf Spot/GrayLeafSpot2091.jpg,,,,,,disease-class=2_foliar_disease
GrayLeafSpot2092,disease/Gray Leaf Spot,Dataset/Coconut Tree Disease Dataset/Gray Leaf Spot/GrayLeafSpot2092.jpg,,,,,,disease-class=2_foliar_disease
GrayLeafSpot2093,disease/Gray Leaf Spot,Dataset/Coconut Tree Disease Dataset/Gray Leaf Spot/GrayLeafSpot2093.jpg,,,,,,disease-class=2_foliar_disease
GrayLeafSpot2094,disease/Gray Leaf Spot,Dataset/Coconut Tree Disease Dataset/Gray Leaf Spot/GrayLeafSpot2094.jpg,,,,,,disease-class=2_foliar_disease
GrayLeafSpot2095,disease/Gray Leaf Spot,Dataset/Coconut Tree Disease Dataset/Gray Leaf Spot/GrayLeafSpot2095.jpg,,,,,,disease-class=2_foliar_disease
GrayLeafSpot2096,disease/Gray Leaf Spot,Dataset/Coconut Tree Disease Dataset/Gray Leaf Spot/GrayLeafSpot2096.jpg,,,,,,disease-class=2_foliar_disease
GrayLeafSpot2097,disease/Gray Leaf Spot,Dataset/Coconut Tree Disease Dataset/Gray Leaf Spot/GrayLeafSpot2097.jpg,,,,,,disease-class=2_foliar_disease
GrayLeafSpot2098,disease/Gray Leaf Spot,Dataset/Coconut Tree Disease Dataset/Gray Leaf Spot/GrayLeafSpot2098.jpg,,,,,,disease-class=2_foliar_disease
GrayLeafSpot2099,disease/Gray Leaf Spot,Dataset/Coconut Tree Disease Dataset/Gray Leaf Spot/GrayLeafSpot2099.jpg,,,,,,disease-class=2_foliar_disease
GrayLeafSpot210,disease/Gray Leaf Spot,Dataset/Coconut Tree Disease Dataset/Gray Leaf Spot/GrayLeafSpot210.jpg,,,,,,disease-class=2_foliar_disease
GrayLeafSpot2100,disease/Gray Leaf Spot,Dataset/Coconut Tree Disease Dataset/Gray Leaf Spot/GrayLeafSpot2100.jpg,,,,,,disease-class=2_foliar_disease
GrayLeafSpot2101,disease/Gray Leaf Spot,Dataset/Coconut Tree Disease Dataset/Gray Leaf Spot/GrayLeafSpot2101.jpg,,,,,,disease-class=2_foliar_disease
GrayLeafSpot2102,disease/Gray Leaf Spot,Dataset/Coconut Tree Disease Dataset/Gray Leaf Spot/GrayLeafSpot2102.jpg,,,,,,disease-class=2_foliar_disease
GrayLeafSpot2103,disease/Gray Leaf Spot,Dataset/Coconut Tree Disease Dataset/Gray Leaf Spot/GrayLeafSpot2103.jpg,,,,,,disease-class=2_foliar_disease
GrayLeafSpot2104,disease/Gray Leaf Spot,Dataset/Coconut Tree Disease Dataset/Gray Leaf Spot/GrayLeafSpot2104.jpg,,,,,,disease-class=2_foliar_disease
GrayLeafSpot2105,disease/Gray Leaf Spot,Dataset/Coconut Tree Disease Dataset/Gray Leaf Spot/GrayLeafSpot2105.jpg,,,,,,disease-class=2_foliar_disease
GrayLeafSpot2106,disease/Gray Leaf Spot,Dataset/Coconut Tree Disease Dataset/Gray Leaf Spot/GrayLeafSpot2106.jpg,,,,,,disease-class=2_foliar_disease
GrayLeafSpot2107,disease/Gray Leaf Spot,Dataset/Coconut Tree Disease Dataset/Gray Leaf Spot/GrayLeafSpot2107.jpg,,,,,,disease-class=2_foliar_disease
GrayLeafSpot2108,disease/Gray Leaf Spot,Dataset/Coconut Tree Disease Dataset/Gray Leaf Spot/GrayLeafSpot2108.jpg,,,,,,disease-class=2_foliar_disease
GrayLeafSpot2109,disease/Gray Leaf Spot,Dataset/Coconut Tree Disease Dataset/Gray Leaf Spot/GrayLeafSpot2109.jpg,,,,,,disease-class=2_foliar_disease
GrayLeafSpot211,disease/Gray Leaf Spot,Dataset/Coconut Tree Disease Dataset/Gray Leaf Spot/GrayLeafSpot211.jpg,,,,,,disease-class=2_foliar_disease
GrayLeafSpot2110,disease/Gray Leaf Spot,Dataset/Coconut Tree Disease Dataset/Gray Leaf Spot/GrayLeafSpot2110.jpg,,,,,,disease-class=2_foliar_disease
GrayLeafSpot2111,disease/Gray Leaf Spot,Dataset/Coconut Tree Disease Dataset/Gray Leaf Spot/GrayLeafSpot2111.jpg,,,,,,disease-class=2_foliar_disease
GrayLeafSpot2112,disease/Gray Leaf Spot,Dataset/Coconut Tree Disease Dataset/Gray Leaf Spot/GrayLeafSpot2112.jpg,,,,,,disease-class=2_foliar_disease
GrayLeafSpot2113,disease/Gray Leaf Spot,Dataset/Coconut Tree Disease Dataset/Gray Leaf Spot/GrayLeafSpot2113.jpg,,,,,,disease-class=2_foliar_disease
GrayLeafSpot2114,disease/Gray Leaf Spot,Dataset/Coconut Tree Disease Dataset/Gray Leaf Spot/GrayLeafSpot2114.jpg,,,,,,disease-class=2_foliar_disease
GrayLeafSpot2115,disease/Gray Leaf Spot,Dataset/Coconut Tree Disease Dataset/Gray Leaf Spot/GrayLeafSpot2115.jpg,,,,,,disease-class=2_foliar_disease
GrayLeafSpot2116,disease/Gray Leaf Spot,Dataset/Coconut Tree Disease Dataset/Gray Leaf Spot/GrayLeafSpot2116.jpg,,,,,,disease-class=2_foliar_disease
GrayLeafSpot2117,disease/Gray Leaf Spot,Dataset/Coconut Tree Disease Dataset/Gray Leaf Spot/GrayLeafSpot2117.jpg,,,,,,disease-class=2_foliar_disease
GrayLeafSpot2118,disease/Gray Leaf Spot,Dataset/Coconut Tree Disease Dataset/Gray Leaf Spot/GrayLeafSpot2118.jpg,,,,,,disease-class=2_foliar_disease
GrayLeafSpot2119,disease/Gray Leaf Spot,Dataset/Coconut Tree Disease Dataset/Gray Leaf Spot/GrayLeafSpot2119.jpg,,,,,,disease-class=2_foliar_disease
GrayLeafSpot212,disease/Gray Leaf Spot,Dataset/Coconut Tree Disease Dataset/Gray Leaf Spot/GrayLeafSpot212.jpg,,,,,,disease-class=2_foliar_disease
GrayLeafSpot2120,disease/Gray Leaf Spot,Dataset/Coconut Tree Disease Dataset/Gray Leaf Spot/GrayLeafSpot2120.jpg,,,,,,disease-class=2_foliar_disease
GrayLeafSpot2121,disease/Gray Leaf Spot,Dataset/Coconut Tree Disease Dataset/Gray Leaf Spot/GrayLeafSpot2121.jpg,,,,,,disease-class=2_foliar_disease
GrayLeafSpot2122,disease/Gray Leaf Spot,Dataset/Coconut Tree Disease Dataset/Gray Leaf Spot/GrayLeafSpot2122.jpg,,,,,,disease-class=2_foliar_disease
GrayLeafSpot2123,disease/Gray Leaf Spot,Dataset/Coconut Tree Disease Dataset/Gray Leaf Spot/GrayLeafSpot2123.jpg,,,,,,disease-class=2_foliar_disease
GrayLeafSpot2124,disease/Gray Leaf Spot,Dataset/Coconut Tree Disease Dataset/Gray Leaf Spot/GrayLeafSpot2124.jpg,,,,,,disease-class=2_foliar_disease
GrayLeafSpot2125,disease/Gray Leaf Spot,Dataset/Coconut Tree Disease Dataset/Gray Leaf Spot/GrayLeafSpot2125.jpg,,,,,,disease-class=2_foliar_disease
GrayLeafSpot2126,disease/Gray Leaf Spot,Dataset/Coconut Tree Disease Dataset/Gray Leaf Spot/GrayLeafSpot2126.jpg,,,,,,disease-class=2_foliar_disease
GrayLeafSpot2127,disease/Gray Leaf Spot,Dataset/Coconut Tree Disease Dataset/Gray Leaf Spot/GrayLeafSpot2127.jpg,,,,,,disease-class=2_foliar_disease
GrayLeafSpot2128,disease/Gray Leaf Spot,Dataset/Coconut Tree Disease Dataset/Gray Leaf Spot/GrayLeafSpot2128.jpg,,,,,,disease-class=2_foliar_disease
GrayLeafSpot2129,disease/Gray Leaf Spot,Dataset/Coconut Tree Disease Dataset/Gray Leaf Spot/GrayLeafSpot2129.jpg,,,,,,disease-class=2_foliar_disease
GrayLeafSpot213,disease/Gray Leaf Spot,Dataset/Coconut Tree Disease Dataset/Gray Leaf Spot/GrayLeafSpot213.jpg,,,,,,disease-class=2_foliar_disease
GrayLeafSpot2130,disease/Gray Leaf Spot,Dataset/Coconut Tree Disease Dataset/Gray Leaf Spot/GrayLeafSpot2130.jpg,,,,,,disease-class=2_foliar_disease
GrayLeafSpot2131,disease/Gray Leaf Spot,Dataset/Coconut Tree Disease Dataset/Gray Leaf Spot/GrayLeafSpot2131.jpg,,,,,,disease-class=2_foliar_disease
GrayLeafSpot2132,disease/Gray Leaf Spot,Dataset/Coconut Tree Disease Dataset/Gray Leaf Spot/GrayLeafSpot2132.jpg,,,,,,disease-class=2_foliar_disease
GrayLeafSpot2133,disease/Gray Leaf Spot,Dataset/Coconut Tree Disease Dataset/Gray Leaf Spot/GrayLeafSpot2133.jpg,,,,,,disease-class=2_foliar_disease
GrayLeafSpot2134,disease/Gray Leaf Spot,Dataset/Coconut Tree Disease Dataset/Gray Leaf Spot/GrayLeafSpot2134.jpg,,,,,,disease-class=2_foliar_disease
GrayLeafSpot2135,disease/Gray Leaf Spot,Dataset/Coconut Tree Disease Dataset/Gray Leaf Spot/GrayLeafSpot2135.jpg,,,,,,disease-class=2_foliar_disease
GrayLeafSpot214,disease/Gray Leaf Spot,Dataset/Coconut Tree Disease Dataset/Gray Leaf Spot/GrayLeafSpot214.jpg,,,,,,disease-class=2_foliar_disease
GrayLeafSpot215,disease/Gray Leaf Spot,Dataset/Coconut Tree Disease Dataset/Gray Leaf Spot/GrayLeafSpot215.jpg,,,,,,disease-class=2_foliar_disease
GrayLeafSpot216,disease/Gray Leaf Spot,Dataset/Coconut Tree Disease Dataset/Gray Leaf Spot/GrayLeafSpot216.jpg,,,,,,disease-class=2_foliar_disease
GrayLeafSpot217,disease/Gray Leaf Spot,Dataset/Coconut Tree Disease Dataset/Gray Leaf Spot/GrayLeafSpot217.jpg,,,,,,disease-class=2_foliar_disease
GrayLeafSpot218,disease/Gray Leaf Spot,Dataset/Coconut Tree Disease Dataset/Gray Leaf Spot/GrayLeafSpot218.jpg,,,,,,disease-class=2_foliar_disease
GrayLeafSpot219,disease/Gray Leaf Spot,Dataset/Coconut Tree Disease Dataset/Gray Leaf Spot/GrayLeafSpot219.jpg,,,,,,disease-class=2_foliar_disease
GrayLeafSpot220,disease/Gray Leaf Spot,Dataset/Coconut Tree Disease Dataset/Gray Leaf Spot/GrayLeafSpot220.jpg,,,,,,disease-class=2_foliar_disease
GrayLeafSpot221,disease/Gray Leaf Spot,Dataset/Coconut Tree Disease Dataset/Gray Leaf Spot/GrayLeafSpot221.jpg,,,,,,disease-class=2_foliar_disease
GrayLeafSpot222,disease/Gray Leaf Spot,Dataset/Coconut Tree Disease Dataset/Gray Leaf Spot/GrayLeafSpot222.jpg,,,,,,disease-class=2_foliar_disease
GrayLeafSpot223,disease/Gray Leaf Spot,Dataset/Coconut Tree Disease Dataset/Gray Leaf Spot/GrayLeafSpot223.jpg,,,,,,disease-class=2_foliar_disease
GrayLeafSpot224,disease/Gray Leaf Spot,Dataset/Coconut Tree Disease Dataset/Gray Leaf Spot/GrayLeafSpot224.jpg,,,,,,disease-class=2_foliar_disease
GrayLeafSpot225,disease/Gray Leaf Spot,Dataset/Coconut Tree Disease Dataset/Gray Leaf Spot/GrayLeafSpot225.jpg,,,,,,disease-class=2_foliar_disease
GrayLeafSpot226,disease/Gray Leaf Spot,Dataset/Coconut Tree Disease Dataset/Gray Leaf Spot/GrayLeafSpot226.jpg,,,,,,disease-class=2_foliar_disease
GrayLeafSpot227,disease/Gray Leaf Spot,Dataset/Coconut Tree Disease Dataset/Gray Leaf Spot/GrayLeafSpot227.jpg,,,,,,disease-class=2_foliar_disease
GrayLeafSpot228,disease/Gray Leaf Spot,Dataset/Coconut Tree Disease Dataset/Gray Leaf Spot/GrayLeafSpot228.jpg,,,,,,disease-class=2_foliar_disease
GrayLeafSpot229,disease/Gray Leaf Spot,Dataset/Coconut Tree Disease Dataset/Gray Leaf Spot/GrayLeafSpot229.jpg,,,,,,disease-class=2_foliar_disease
GrayLeafSpot230,disease/Gray Leaf Spot,Dataset/Coconut Tree Disease Dataset/Gray Leaf Spot/GrayLeafSpot230.jpg,,,,,,disease-class=2_foliar_disease
GrayLeafSpot231,disease/Gray Leaf Spot,Dataset/Coconut Tree Disease Dataset/Gray Leaf Spot/GrayLeafSpot231.jpg,,,,,,disease-class=2_foliar_disease
GrayLeafSpot232,disease/Gray Leaf Spot,Dataset/Coconut Tree Disease Dataset/Gray Leaf Spot/GrayLeafSpot232.jpg,,,,,,disease-class=2_foliar_disease
GrayLeafSpot233,disease/Gray Leaf Spot,Dataset/Coconut Tree Disease Dataset/Gray Leaf Spot/GrayLeafSpot233.jpg,,,,,,disease-class=2_foliar_disease
GrayLeafSpot234,disease/Gray Leaf Spot,Dataset/Coconut Tree Disease Dataset/Gray Leaf Spot/GrayLeafSpot234.jpg,,,,,,disease-class=2_foliar_disease
GrayLeafSpot235,disease/Gray Leaf Spot,Dataset/Coconut Tree Disease Dataset/Gray Leaf Spot/GrayLeafSpot235.jpg,,,,,,disease-class=2_foliar_disease
GrayLeafSpot236,disease/Gray Leaf Spot,Dataset/Coconut Tree Disease Dataset/Gray Leaf Spot/GrayLeafSpot236.jpg,,,,,,disease-class=2_foliar_disease
GrayLeafSpot237,disease/Gray Leaf Spot,Dataset/Coconut Tree Disease Dataset/Gray Leaf Spot/GrayLeafSpot237.jpg,,,,,,disease-class=2_foliar_disease
GrayLeafSpot238,disease/Gray Leaf Spot,Dataset/Coconut Tree Disease Dataset/Gray Leaf Spot/GrayLeafSpot238.jpg,,,,,,disease-class=2_foliar_disease
GrayLeafSpot239,disease/Gray Leaf Spot,Dataset/Coconut Tree Disease Dataset/Gray Leaf Spot/GrayLeafSpot239.jpg,,,,,,disease-class=2_foliar_disease
GrayLeafSpot240,disease/Gray Leaf Spot,Dataset/Coconut Tree Disease Dataset/Gray Leaf Spot/GrayLeafSpot240.jpg,,,,,,disease-class=2_foliar_disease
GrayLeafSpot241,disease/Gray Leaf Spot,Dataset/Coconut Tree Disease Dataset/Gray Leaf Spot/GrayLeafSpot241.jpg,,,,,,disease-class=2_foliar_disease
GrayLeafSpot242,disease/Gray Leaf Spot,Dataset/Coconut Tree Disease Dataset/Gray Leaf Spot/GrayLeafSpot242.jpg,,,,,,disease-class=2_foliar_disease
GrayLeafSpot243,disease/Gray Leaf Spot,Dataset/Coconut Tree Disease Dataset/Gray Leaf Spot/GrayLeafSpot243.jpg,,,,,,disease-class=2_foliar_disease
GrayLeafSpot244,disease/Gray Leaf Spot,Dataset/Coconut Tree Disease Dataset/Gray Leaf Spot/GrayLeafSpot244.jpg,,,,,,disease-class=2_foliar_disease
GrayLeafSpot245,disease/Gray Leaf Spot,Dataset/Coconut Tree Disease Dataset/Gray Leaf Spot/GrayLeafSpot245.jpg,,,,,,disease-class=2_foliar_disease
GrayLeafSpot246,disease/Gray Leaf Spot,Dataset/Coconut Tree Disease Dataset/Gray Leaf Spot/GrayLeafSpot246.jpg,,,,,,disease-class=2_foliar_disease
GrayLeafSpot247,disease/Gray Leaf Spot,Dataset/Coconut Tree Disease Dataset/Gray Leaf Spot/GrayLeafSpot247.jpg,,,,,,disease-class=2_foliar_disease
GrayLeafSpot248,disease/Gray Leaf Spot,Dataset/Coconut Tree Disease Dataset/Gray Leaf Spot/GrayLeafSpot248.jpg,,,,,,disease-class=2_foliar_disease
GrayLeafSpot249,disease/Gray Leaf Spot,Dataset/Coconut Tree Disease Dataset/Gray Leaf Spot/GrayLeafSpot249.jpg,,,,,,disease-class=2_foliar_disease
GrayLeafSpot250,disease/Gray Leaf Spot,Dataset/Coconut Tree Disease Dataset/Gray Leaf Spot/GrayLeafSpot250.jpg,,,,,,disease-class=2_foliar_disease
GrayLeafSpot251,disease/Gray Leaf Spot,Dataset/Coconut Tree Disease Dataset/Gray Leaf Spot/GrayLeafSpot251.jpg,,,,,,disease-class=2_foliar_disease
GrayLeafSpot252,disease/Gray Leaf Spot,Dataset/Coconut Tree Disease Dataset/Gray Leaf Spot/GrayLeafSpot252.jpg,,,,,,disease-class=2_foliar_disease
GrayLeafSpot253,disease/Gray Leaf Spot,Dataset/Coconut Tree Disease Dataset/Gray Leaf Spot/GrayLeafSpot253.jpg,,,,,,disease-class=2_foliar_disease
GrayLeafSpot254,disease/Gray Leaf Spot,Dataset/Coconut Tree Disease Dataset/Gray Leaf Spot/GrayLeafSpot254.jpg,,,,,,disease-class=2_foliar_disease
GrayLeafSpot255,disease/Gray Leaf Spot,Dataset/Coconut Tree Disease Dataset/Gray Leaf Spot/GrayLeafSpot255.jpg,,,,,,disease-class=2_foliar_disease
GrayLeafSpot256,disease/Gray Leaf Spot,Dataset/Coconut Tree Disease Dataset/Gray Leaf Spot/GrayLeafSpot256.jpg,,,,,,disease-class=2_foliar_disease
GrayLeafSpot257,disease/Gray Leaf Spot,Dataset/Coconut Tree Disease Dataset/Gray Leaf Spot/GrayLeafSpot257.jpg,,,,,,disease-class=2_foliar_disease
GrayLeafSpot258,disease/Gray Leaf Spot,Dataset/Coconut Tree Disease Dataset/Gray Leaf Spot/GrayLeafSpot258.jpg,,,,,,disease-class=2_foliar_disease
GrayLeafSpot259,disease/Gray Leaf Spot,Dataset/Coconut Tree Disease Dataset/Gray Leaf Spot/GrayLeafSpot259.jpg,,,,,,disease-class=2_foliar_disease
GrayLeafSpot260,disease/Gray Leaf Spot,Dataset/Coconut Tree Disease Dataset/Gray Leaf Spot/GrayLeafSpot260.jpg,,,,,,disease-class=2_foliar_disease
GrayLeafSpot261,disease/Gray Leaf Spot,Dataset/Coconut Tree Disease Dataset/Gray Leaf Spot/GrayLeafSpot261.jpg,,,,,,disease-class=2_foliar_disease
GrayLeafSpot262,disease/Gray Leaf Spot,Dataset/Coconut Tree Disease Dataset/Gray Leaf Spot/GrayLeafSpot262.jpg,,,,,,disease-class=2_foliar_disease
GrayLeafSpot263,disease/Gray Leaf Spot,Dataset/Coconut Tree Disease Dataset/Gray Leaf Spot/GrayLeafSpot263.jpg,,,,,,disease-class=2_foliar_disease
GrayLeafSpot264,disease/Gray Leaf Spot,Dataset/Coconut Tree Disease Dataset/Gray Leaf Spot/GrayLeafSpot264.jpg,,,,,,disease-class=2_foliar_disease
GrayLeafSpot265,disease/Gray Leaf Spot,Dataset/Coconut Tree Disease Dataset/Gray Leaf Spot/GrayLeafSpot265.jpg,,,,,,disease-class=2_foliar_disease
GrayLeafSpot266,disease/Gray Leaf Spot,Dataset/Coconut Tree Disease Dataset/Gray Leaf Spot/GrayLeafSpot266.jpg,,,,,,disease-class=2_foliar_disease
GrayLeafSpot267,disease/Gray Leaf Spot,Dataset/Coconut Tree Disease Dataset/Gray Leaf Spot/GrayLeafSpot267.jpg,,,,,,disease-class=2_foliar_disease
GrayLeafSpot268,disease/Gray Leaf Spot,Dataset/Coconut Tree Disease Dataset/Gray Leaf Spot/GrayLeafSpot268.jpg,,,,,,disease-class=2_foliar_disease
GrayLeafSpot269,disease/Gray Leaf Spot,Dataset/Coconut Tree Disease Dataset/Gray Leaf Spot/GrayLeafSpot269.jpg,,,,,,disease-class=2_foliar_disease
GrayLeafSpot270,disease/Gray Leaf Spot,Dataset/Coconut Tree Disease Dataset/Gray Leaf Spot/GrayLeafSpot270.jpg,,,,,,disease-class=2_foliar_disease
GrayLeafSpot271,disease/Gray Leaf Spot,Dataset/Coconut Tree Disease Dataset/Gray Leaf Spot/GrayLeafSpot271.jpg,,,,,,disease-class=2_foliar_disease
GrayLeafSpot272,disease/Gray Leaf Spot,Dataset/Coconut Tree Disease Dataset/Gray Leaf Spot/GrayLeafSpot272.jpg,,,,,,disease-class=2_foliar_disease
GrayLeafSpot273,disease/Gray Leaf Spot,Dataset/Coconut Tree Disease Dataset/Gray Leaf Spot/GrayLeafSpot273.jpg,,,,,,disease-class=2_foliar_disease
GrayLeafSpot274,disease/Gray Leaf Spot,Dataset/Coconut Tree Disease Dataset/Gray Leaf Spot/GrayLeafSpot274.jpg,,,,,,disease-class=2_foliar_disease
GrayLeafSpot275,disease/Gray Leaf Spot,Dataset/Coconut Tree Disease Dataset/Gray Leaf Spot/GrayLeafSpot275.jpg,,,,,,disease-class=2_foliar_disease
GrayLeafSpot276,disease/Gray Leaf Spot,Dataset/Coconut Tree Disease Dataset/Gray Leaf Spot/GrayLeafSpot276.jpg,,,,,,disease-class=2_foliar_disease
GrayLeafSpot277,disease/Gray Leaf Spot,Dataset/Coconut Tree Disease Dataset/Gray Leaf Spot/GrayLeafSpot277.jpg,,,,,,disease-class=2_foliar_disease
GrayLeafSpot278,disease/Gray Leaf Spot,Dataset/Coconut Tree Disease Dataset/Gray Leaf Spot/GrayLeafSpot278.jpg,,,,,,disease-class=2_foliar_disease
GrayLeafSpot279,disease/Gray Leaf Spot,Dataset/Coconut Tree Disease Dataset/Gray Leaf Spot/GrayLeafSpot279.jpg,,,,,,disease-class=2_foliar_disease
GrayLeafSpot280,disease/Gray Leaf Spot,Dataset/Coconut Tree Disease Dataset/Gray Leaf Spot/GrayLeafSpot280.jpg,,,,,,disease-class=2_foliar_disease
GrayLeafSpot281,disease/Gray Leaf Spot,Dataset/Coconut Tree Disease Dataset/Gray Leaf Spot/GrayLeafSpot281.jpg,,,,,,disease-class=2_foliar_disease
GrayLeafSpot282,disease/Gray Leaf Spot,Dataset/Coconut Tree Disease Dataset/Gray Leaf Spot/GrayLeafSpot282.jpg,,,,,,disease-class=2_foliar_disease
GrayLeafSpot283,disease/Gray Leaf Spot,Dataset/Coconut Tree Disease Dataset/Gray Leaf Spot/GrayLeafSpot283.jpg,,,,,,disease-class=2_foliar_disease
GrayLeafSpot284,disease/Gray Leaf Spot,Dataset/Coconut Tree Disease Dataset/Gray Leaf Spot/GrayLeafSpot284.jpg,,,,,,disease-class=2_foliar_disease
GrayLeafSpot285,disease/Gray Leaf Spot,Dataset/Coconut Tree Disease Dataset/Gray Leaf Spot/GrayLeafSpot285.jpg,,,,,,disease-class=2_foliar_disease
GrayLeafSpot286,disease/Gray Leaf Spot,Dataset/Coconut Tree Disease Dataset/Gray Leaf Spot/GrayLeafSpot286.jpg,,,,,,disease-class=2_foliar_disease
GrayLeafSpot287,disease/Gray Leaf Spot,Dataset/Coconut Tree Disease Dataset/Gray Leaf Spot/GrayLeafSpot287.jpg,,,,,,disease-class=2_foliar_disease
GrayLeafSpot288,disease/Gray Leaf Spot,Dataset/Coconut Tree Disease Dataset/Gray Leaf Spot/GrayLeafSpot288.jpg,,,,,,disease-class=2_foliar_disease
GrayLeafSpot289,disease/Gray Leaf Spot,Dataset/Coconut Tree Disease Dataset/Gray Leaf Spot/GrayLeafSpot289.jpg,,,,,,disease-class=2_foliar_disease
GrayLeafSpot290,disease/Gray Leaf Spot,Dataset/Coconut Tree Disease Dataset/Gray Leaf Spot/GrayLeafSpot290.jpg,,,,,,disease-class=2_foliar_disease
GrayLeafSpot291,disease/Gray Leaf Spot,Dataset/Coconut Tree Disease Dataset/Gray Leaf Spot/GrayLeafSpot291.jpg,,,,,,disease-class=2_foliar_disease
GrayLeafSpot292,disease/Gray Leaf Spot,Dataset/Coconut Tree Disease Dataset/Gray Leaf Spot/GrayLeafSpot292.jpg,,,,,,disease-class=2_foliar_disease
GrayLeafSpot293,disease/Gray Leaf Spot,Dataset/Coconut Tree Disease Dataset/Gray Leaf Spot/GrayLeafSpot293.jpg,,,,,,disease-class=2_foliar_disease
GrayLeafSpot294,disease/Gray Leaf Spot,Dataset/Coconut Tree Disease Dataset/Gray Leaf Spot/GrayLeafSpot294.jpg,,,,,,disease-class=2_foliar_disease
GrayLeafSpot295,disease/Gray Leaf Spot,Dataset/Coconut Tree Disease Dataset/Gray Leaf Spot/GrayLeafSpot295.jpg,,,,,,disease-class=2_foliar_disease
GrayLeafSpot296,disease/Gray Leaf Spot,Dataset/Coconut Tree Disease Dataset/Gray Leaf Spot/GrayLeafSpot296.jpg,,,,,,disease-class=2_foliar_disease
GrayLeafSpot297,disease/Gray Leaf Spot,Dataset/Coconut Tree Disease Dataset/Gray Leaf Spot/GrayLeafSpot297.jpg,,,,,,disease-class=2_foliar_disease
GrayLeafSpot298,disease/Gray Leaf Spot,Dataset/Coconut Tree Disease Dataset/Gray Leaf Spot/GrayLeafSpot298.jpg,,,,,,disease-class=2_foliar_disease
GrayLeafSpot299,disease/Gray Leaf Spot,Dataset/Coconut Tree Disease Dataset/Gray Leaf Spot/GrayLeafSpot299.jpg,,,,,,disease-class=2_foliar_disease
GrayLeafSpot300,disease/Gray Leaf Spot,Dataset/Coconut Tree Disease Dataset/Gray Leaf Spot/GrayLeafSpot300.jpg,,,,,,disease-class=2_foliar_disease
GrayLeafSpot301,disease/Gray Leaf Spot,Dataset/Coconut Tree Disease Dataset/Gray Leaf Spot/GrayLeafSpot301.jpg,,,,,,disease-class=2_foliar_disease
GrayLeafSpot302,disease/Gray Leaf Spot,Dataset/Coconut Tree Disease Dataset/Gray Leaf Spot/GrayLeafSpot302.jpg,,,,,,disease-class=2_foliar_disease
GrayLeafSpot303,disease/Gray Leaf Spot,Dataset/Coconut Tree Disease Dataset/Gray Leaf Spot/GrayLeafSpot303.jpg,,,,,,disease-class=2_foliar_disease
GrayLeafSpot304,disease/Gray Leaf Spot,Dataset/Coconut Tree Disease Dataset/Gray Leaf Spot/GrayLeafSpot304.jpg,,,,,,disease-class=2_foliar_disease
GrayLeafSpot305,disease/Gray Leaf Spot,Dataset/Coconut Tree Disease Dataset/Gray Leaf Spot/GrayLeafSpot305.jpg,,,,,,disease-class=2_foliar_disease
GrayLeafSpot306,disease/Gray Leaf Spot,Dataset/Coconut Tree Disease Dataset/Gray Leaf Spot/GrayLeafSpot306.jpg,,,,,,disease-class=2_foliar_disease
GrayLeafSpot307,disease/Gray Leaf Spot,Dataset/Coconut Tree Disease Dataset/Gray Leaf Spot/GrayLeafSpot307.jpg,,,,,,disease-class=2_foliar_disease
GrayLeafSpot308,disease/Gray Leaf Spot,Dataset/Coconut Tree Disease Dataset/Gray Leaf Spot/GrayLeafSpot308.jpg,,,,,,disease-class=2_foliar_disease
GrayLeafSpot309,disease/Gray Leaf Spot,Dataset/Coconut Tree Disease Dataset/Gray Leaf Spot/GrayLeafSpot309.jpg,,,,,,disease-class=2_foliar_disease
GrayLeafSpot310,disease/Gray Leaf Spot,Dataset/Coconut Tree Disease Dataset/Gray Leaf Spot/GrayLeafSpot310.jpg,,,,,,disease-class=2_foliar_disease
GrayLeafSpot311,disease/Gray Leaf Spot,Dataset/Coconut Tree Disease Dataset/Gray Leaf Spot/GrayLeafSpot311.jpg,,,,,,disease-class=2_foliar_disease
GrayLeafSpot312,disease/Gray Leaf Spot,Dataset/Coconut Tree Disease Dataset/Gray Leaf Spot/GrayLeafSpot312.jpg,,,,,,disease-class=2_foliar_disease
GrayLeafSpot313,disease/Gray Leaf Spot,Dataset/Coconut Tree Disease Dataset/Gray Leaf Spot/GrayLeafSpot313.jpg,,,,,,disease-class=2_foliar_disease
GrayLeafSpot314,disease/Gray Leaf Spot,Dataset/Coconut Tree Disease Dataset/Gray Leaf Spot/GrayLeafSpot314.jpg,,,,,,disease-class=2_foliar_disease
GrayLeafSpot315,disease/Gray Leaf Spot,Dataset/Coconut Tree Disease Dataset/Gray Leaf Spot/GrayLeafSpot315.jpg,,,,,,disease-class=2_foliar_disease
GrayLeafSpot316,disease/Gray Leaf Spot,Dataset/Coconut Tree Disease Dataset/Gray Leaf Spot/GrayLeafSpot316.jpg,,,,,,disease-class=2_foliar_disease
GrayLeafSpot317,disease/Gray Leaf Spot,Dataset/Coconut Tree Disease Dataset/Gray Leaf Spot/GrayLeafSpot317.jpg,,,,,,disease-class=2_foliar_disease
GrayLeafSpot318,disease/Gray Leaf Spot,Dataset/Coconut Tree Disease Dataset/Gray Leaf Spot/GrayLeafSpot318.jpg,,,,,,disease-class=2_foliar_disease
GrayLeafSpot319,disease/Gray Leaf Spot,Dataset/Coconut Tree Disease Dataset/Gray Leaf Spot/GrayLeafSpot319.jpg,,,,,,disease-class=2_foliar_disease
GrayLeafSpot320,disease/Gray Leaf Spot,Dataset/Coconut Tree Disease Dataset/Gray Leaf Spot/GrayLeafSpot320.jpg,,,,,,disease-class=2_foliar_disease
GrayLeafSpot321,disease/Gray Leaf Spot,Dataset/Coconut Tree Disease Dataset/Gray Leaf Spot/GrayLeafSpot321.jpg,,,,,,disease-class=2_foliar_disease
GrayLeafSpot322,disease/Gray Leaf Spot,Dataset/Coconut Tree Disease Dataset/Gray Leaf Spot/GrayLeafSpot322.jpg,,,,,,disease-class=2_foliar_disease
GrayLeafSpot323,disease/Gray Leaf Spot,Dataset/Coconut Tree Disease Dataset/Gray Leaf Spot/GrayLeafSpot323.jpg,,,,,,disease-class=2_foliar_disease
GrayLeafSpot324,disease/Gray Leaf Spot,Dataset/Coconut Tree Disease Dataset/Gray Leaf Spot/GrayLeafSpot324.jpg,,,,,,disease-class=2_foliar_disease
GrayLeafSpot325,disease/Gray Leaf Spot,Dataset/Coconut Tree Disease Dataset/Gray Leaf Spot/GrayLeafSpot325.jpg,,,,,,disease-class=2_foliar_disease
GrayLeafSpot326,disease/Gray Leaf Spot,Dataset/Coconut Tree Disease Dataset/Gray Leaf Spot/GrayLeafSpot326.jpg,,,,,,disease-class=2_foliar_disease
GrayLeafSpot327,disease/Gray Leaf Spot,Dataset/Coconut Tree Disease Dataset/Gray Leaf Spot/GrayLeafSpot327.jpg,,,,,,disease-class=2_foliar_disease
GrayLeafSpot328,disease/Gray Leaf Spot,Dataset/Coconut Tree Disease Dataset/Gray Leaf Spot/GrayLeafSpot328.jpg,,,,,,disease-class=2_foliar_disease
GrayLeafSpot329,disease/Gray Leaf Spot,Dataset/Coconut Tree Disease Dataset/Gray Leaf Spot/GrayLeafSpot329.jpg,,,,,,disease-class=2_foliar_disease
GrayLeafSpot330,disease/Gray Leaf Spot,Dataset/Coconut Tree Disease Dataset/Gray Leaf Spot/GrayLeafSpot330.jpg,,,,,,disease-class=2_foliar_disease
GrayLeafSpot331,disease/Gray Leaf Spot,Dataset/Coconut Tree Disease Dataset/Gray Leaf Spot/GrayLeafSpot331.jpg,,,,,,disease-class=2_foliar_disease
GrayLeafSpot332,disease/Gray Leaf Spot,Dataset/Coconut Tree Disease Dataset/Gray Leaf Spot/GrayLeafSpot332.jpg,,,,,,disease-class=2_foliar_disease
GrayLeafSpot333,disease/Gray Leaf Spot,Dataset/Coconut Tree Disease Dataset/Gray Leaf Spot/GrayLeafSpot333.jpg,,,,,,disease-class=2_foliar_disease
GrayLeafSpot334,disease/Gray Leaf Spot,Dataset/Coconut Tree Disease Dataset/Gray Leaf Spot/GrayLeafSpot334.jpg,,,,,,disease-class=2_foliar_disease
GrayLeafSpot335,disease/Gray Leaf Spot,Dataset/Coconut Tree Disease Dataset/Gray Leaf Spot/GrayLeafSpot335.jpg,,,,,,disease-class=2_foliar_disease
GrayLeafSpot336,disease/Gray Leaf Spot,Dataset/Coconut Tree Disease Dataset/Gray Leaf Spot/GrayLeafSpot336.jpg,,,,,,disease-class=2_foliar_disease
GrayLeafSpot337,disease/Gray Leaf Spot,Dataset/Coconut Tree Disease Dataset/Gray Leaf Spot/GrayLeafSpot337.jpg,,,,,,disease-class=2_foliar_disease
GrayLeafSpot338,disease/Gray Leaf Spot,Dataset/Coconut Tree Disease Dataset/Gray Leaf Spot/GrayLeafSpot338.jpg,,,,,,disease-class=2_foliar_disease
GrayLeafSpot339,disease/Gray Leaf Spot,Dataset/Coconut Tree Disease Dataset/Gray Leaf Spot/GrayLeafSpot339.jpg,,,,,,disease-class=2_foliar_disease
GrayLeafSpot340,disease/Gray Leaf Spot,Dataset/Coconut Tree Disease Dataset/Gray Leaf Spot/GrayLeafSpot340.jpg,,,,,,disease-class=2_foliar_disease
GrayLeafSpot341,disease/Gray Leaf Spot,Dataset/Coconut Tree Disease Dataset/Gray Leaf Spot/GrayLeafSpot341.jpg,,,,,,disease-class=2_foliar_disease
GrayLeafSpot342,disease/Gray Leaf Spot,Dataset/Coconut Tree Disease Dataset/Gray Leaf Spot/GrayLeafSpot342.jpg,,,,,,disease-class=2_foliar_disease
GrayLeafSpot343,disease/Gray Leaf Spot,Dataset/Coconut Tree Disease Dataset/Gray Leaf Spot/GrayLeafSpot343.jpg,,,,,,disease-class=2_foliar_disease
GrayLeafSpot344,disease/Gray Leaf Spot,Dataset/Coconut Tree Disease Dataset/Gray Leaf Spot/GrayLeafSpot344.jpg,,,,,,disease-class=2_foliar_disease
GrayLeafSpot345,disease/Gray Leaf Spot,Dataset/Coconut Tree Disease Dataset/Gray Leaf Spot/GrayLeafSpot345.jpg,,,,,,disease-class=2_foliar_disease
GrayLeafSpot346,disease/Gray Leaf Spot,Dataset/Coconut Tree Disease Dataset/Gray Leaf Spot/GrayLeafSpot346.jpg,,,,,,disease-class=2_foliar_disease
GrayLeafSpot347,disease/Gray Leaf Spot,Dataset/Coconut Tree Disease Dataset/Gray Leaf Spot/GrayLeafSpot347.jpg,,,,,,disease-class=2_foliar_disease
GrayLeafSpot348,disease/Gray Leaf Spot,Dataset/Coconut Tree Disease Dataset/Gray Leaf Spot/GrayLeafSpot348.jpg,,,,,,disease-class=2_foliar_disease
GrayLeafSpot349,disease/Gray Leaf Spot,Dataset/Coconut Tree Disease Dataset/Gray Leaf Spot/GrayLeafSpot349.jpg,,,,,,disease-class=2_foliar_disease
GrayLeafSpot350,disease/Gray Leaf Spot,Dataset/Coconut Tree Disease Dataset/Gray Leaf Spot/GrayLeafSpot350.jpg,,,,,,disease-class=2_foliar_disease
GrayLeafSpot351,disease/Gray Leaf Spot,Dataset/Coconut Tree Disease Dataset/Gray Leaf Spot/GrayLeafSpot351.jpg,,,,,,disease-class=2_foliar_disease
GrayLeafSpot352,disease/Gray Leaf Spot,Dataset/Coconut Tree Disease Dataset/Gray Leaf Spot/GrayLeafSpot352.jpg,,,,,,disease-class=2_foliar_disease
GrayLeafSpot353,disease/Gray Leaf Spot,Dataset/Coconut Tree Disease Dataset/Gray Leaf Spot/GrayLeafSpot353.jpg,,,,,,disease-class=2_foliar_disease
GrayLeafSpot354,disease/Gray Leaf Spot,Dataset/Coconut Tree Disease Dataset/Gray Leaf Spot/GrayLeafSpot354.jpg,,,,,,disease-class=2_foliar_disease
GrayLeafSpot355,disease/Gray Leaf Spot,Dataset/Coconut Tree Disease Dataset/Gray Leaf Spot/GrayLeafSpot355.jpg,,,,,,disease-class=2_foliar_disease
GrayLeafSpot356,disease/Gray Leaf Spot,Dataset/Coconut Tree Disease Dataset/Gray Leaf Spot/GrayLeafSpot356.jpg,,,,,,disease-class=2_foliar_disease
GrayLeafSpot357,disease/Gray Leaf Spot,Dataset/Coconut Tree Disease Dataset/Gray Leaf Spot/GrayLeafSpot357.jpg,,,,,,disease-class=2_foliar_disease
GrayLeafSpot358,disease/Gray Leaf Spot,Dataset/Coconut Tree Disease Dataset/Gray Leaf Spot/GrayLeafSpot358.jpg,,,,,,disease-class=2_foliar_disease
GrayLeafSpot359,disease/Gray Leaf Spot,Dataset/Coconut Tree Disease Dataset/Gray Leaf Spot/GrayLeafSpot359.jpg,,,,,,disease-class=2_foliar_disease
GrayLeafSpot360,disease/Gray Leaf Spot,Dataset/Coconut Tree Disease Dataset/Gray Leaf Spot/GrayLeafSpot360.jpg,,,,,,disease-class=2_foliar_disease
GrayLeafSpot361,disease/Gray Leaf Spot,Dataset/Coconut Tree Disease Dataset/Gray Leaf Spot/GrayLeafSpot361.jpg,,,,,,disease-class=2_foliar_disease
GrayLeafSpot362,disease/Gray Leaf Spot,Dataset/Coconut Tree Disease Dataset/Gray Leaf Spot/GrayLeafSpot362.jpg,,,,,,disease-class=2_foliar_disease
GrayLeafSpot363,disease/Gray Leaf Spot,Dataset/Coconut Tree Disease Dataset/Gray Leaf Spot/GrayLeafSpot363.jpg,,,,,,disease-class=2_foliar_disease
GrayLeafSpot364,disease/Gray Leaf Spot,Dataset/Coconut Tree Disease Dataset/Gray Leaf Spot/GrayLeafSpot364.jpg,,,,,,disease-class=2_foliar_disease
GrayLeafSpot365,disease/Gray Leaf Spot,Dataset/Coconut Tree Disease Dataset/Gray Leaf Spot/GrayLeafSpot365.jpg,,,,,,disease-class=2_foliar_disease
GrayLeafSpot366,disease/Gray Leaf Spot,Dataset/Coconut Tree Disease Dataset/Gray Leaf Spot/GrayLeafSpot366.jpg,,,,,,disease-class=2_foliar_disease
GrayLeafSpot367,disease/Gray Leaf Spot,Dataset/Coconut Tree Disease Dataset/Gray Leaf Spot/GrayLeafSpot367.jpg,,,,,,disease-class=2_foliar_disease
GrayLeafSpot368,disease/Gray Leaf Spot,Dataset/Coconut Tree Disease Dataset/Gray Leaf Spot/GrayLeafSpot368.jpg,,,,,,disease-class=2_foliar_disease
GrayLeafSpot369,disease/Gray Leaf Spot,Dataset/Coconut Tree Disease Dataset/Gray Leaf Spot/GrayLeafSpot369.jpg,,,,,,disease-class=2_foliar_disease
GrayLeafSpot370,disease/Gray Leaf Spot,Dataset/Coconut Tree Disease Dataset/Gray Leaf Spot/GrayLeafSpot370.jpg,,,,,,disease-class=2_foliar_disease
GrayLeafSpot371,disease/Gray Leaf Spot,Dataset/Coconut Tree Disease Dataset/Gray Leaf Spot/GrayLeafSpot371.jpg,,,,,,disease-class=2_foliar_disease
GrayLeafSpot372,disease/Gray Leaf Spot,Dataset/Coconut Tree Disease Dataset/Gray Leaf Spot/GrayLeafSpot372.jpg,,,,,,disease-class=2_foliar_disease
GrayLeafSpot373,disease/Gray Leaf Spot,Dataset/Coconut Tree Disease Dataset/Gray Leaf Spot/GrayLeafSpot373.jpg,,,,,,disease-class=2_foliar_disease
GrayLeafSpot374,disease/Gray Leaf Spot,Dataset/Coconut Tree Disease Dataset/Gray Leaf Spot/GrayLeafSpot374.jpg,,,,,,disease-class=2_foliar_disease
GrayLeafSpot375,disease/Gray Leaf Spot,Dataset/Coconut Tree Disease Dataset/Gray Leaf Spot/GrayLeafSpot375.jpg,,,,,,disease-class=2_foliar_disease
GrayLeafSpot376,disease/Gray Leaf Spot,Dataset/Coconut Tree Disease Dataset/Gray Leaf Spot/GrayLeafSpot376.jpg,,,,,,disease-class=2_foliar_disease
GrayLeafSpot377,disease/Gray Leaf Spot,Dataset/Coconut Tree Disease Dataset/Gray Leaf Spot/GrayLeafSpot377.jpg,,,,,,disease-class=2_foliar_disease
GrayLeafSpot378,disease/Gray Leaf Spot,Dataset/Coconut Tree Disease Dataset/Gray Leaf Spot/GrayLeafSpot378.jpg,,,,,,disease-class=2_foliar_disease
GrayLeafSpot379,disease/Gray Leaf Spot,Dataset/Coconut Tree Disease Dataset/Gray Leaf Spot/GrayLeafSpot379.jpg,,,,,,disease-class=2_foliar_disease
GrayLeafSpot380,disease/Gray Leaf Spot,Dataset/Coconut Tree Disease Dataset/Gray Leaf Spot/GrayLeafSpot380.jpg,,,,,,disease-class=2_foliar_disease
GrayLeafSpot381,disease/Gray Leaf Spot,Dataset/Coconut Tree Disease Dataset/Gray Leaf Spot/GrayLeafSpot381.jpg,,,,,,disease-class=2_foliar_disease
GrayLeafSpot382,disease/Gray Leaf Spot,Dataset/Coconut Tree Disease Dataset/Gray Leaf Spot/GrayLeafSpot382.jpg,,,,,,disease-class=2_foliar_disease
GrayLeafSpot383,disease/Gray Leaf Spot,Dataset/Coconut Tree Disease Dataset/Gray Leaf Spot/GrayLeafSpot383.jpg,,,,,,disease-class=2_foliar_disease
GrayLeafSpot384,disease/Gray Leaf Spot,Dataset/Coconut Tree Disease Dataset/Gray Leaf Spot/GrayLeafSpot384.jpg,,,,,,disease-class=2_foliar_disease
GrayLeafSpot385,disease/Gray Leaf Spot,Dataset/Coconut Tree Disease Dataset/Gray Leaf Spot/GrayLeafSpot385.jpg,,,,,,disease-class=2_foliar_disease
GrayLeafSpot386,disease/Gray Leaf Spot,Dataset/Coconut Tree Disease Dataset/Gray Leaf Spot/GrayLeafSpot386.jpg,,,,,,disease-class=2_foliar_disease
GrayLeafSpot387,disease/Gray Leaf Spot,Dataset/Coconut Tree Disease Dataset/Gray Leaf Spot/GrayLeafSpot387.jpg,,,,,,disease-class=2_foliar_disease
GrayLeafSpot388,disease/Gray Leaf Spot,Dataset/Coconut Tree Disease Dataset/Gray Leaf Spot/GrayLeafSpot388.jpg,,,,,,disease-class=2_foliar_disease
GrayLeafSpot389,disease/Gray Leaf Spot,Dataset/Coconut Tree Disease Dataset/Gray Leaf Spot/GrayLeafSpot389.jpg,,,,,,disease-class=2_foliar_disease
GrayLeafSpot390,disease/Gray Leaf Spot,Dataset/Coconut Tree Disease Dataset/Gray Leaf Spot/GrayLeafSpot390.jpg,,,,,,disease-class=2_foliar_disease
GrayLeafSpot391,disease/Gray Leaf Spot,Dataset/Coconut Tree Disease Dataset/Gray Leaf Spot/GrayLeafSpot391.jpg,,,,,,disease-class=2_foliar_disease
GrayLeafSpot392,disease/Gray Leaf Spot,Dataset/Coconut Tree Disease Dataset/Gray Leaf Spot/GrayLeafSpot392.jpg,,,,,,disease-class=2_foliar_disease
GrayLeafSpot393,disease/Gray Leaf Spot,Dataset/Coconut Tree Disease Dataset/Gray Leaf Spot/GrayLeafSpot393.jpg,,,,,,disease-class=2_foliar_disease
GrayLeafSpot394,disease/Gray Leaf Spot,Dataset/Coconut Tree Disease Dataset/Gray Leaf Spot/GrayLeafSpot394.jpg,,,,,,disease-class=2_foliar_disease
GrayLeafSpot395,disease/Gray Leaf Spot,Dataset/Coconut Tree Disease Dataset/Gray Leaf Spot/GrayLeafSpot395.jpg,,,,,,disease-class=2_foliar_disease
GrayLeafSpot396,disease/Gray Leaf Spot,Dataset/Coconut Tree Disease Dataset/Gray Leaf Spot/GrayLeafSpot396.jpg,,,,,,disease-class=2_foliar_disease
GrayLeafSpot397,disease/Gray Leaf Spot,Dataset/Coconut Tree Disease Dataset/Gray Leaf Spot/GrayLeafSpot397.jpg,,,,,,disease-class=2_foliar_disease
GrayLeafSpot398,disease/Gray Leaf Spot,Dataset/Coconut Tree Disease Dataset/Gray Leaf Spot/GrayLeafSpot398.jpg,,,,,,disease-class=2_foliar_disease
GrayLeafSpot399,disease/Gray Leaf Spot,Dataset/Coconut Tree Disease Dataset/Gray Leaf Spot/GrayLeafSpot399.jpg,,,,,,disease-class=2_foliar_disease
GrayLeafSpot400,disease/Gray Leaf Spot,Dataset/Coconut Tree Disease Dataset/Gray Leaf Spot/GrayLeafSpot400.jpg,,,,,,disease-class=2_foliar_disease
GrayLeafSpot401,disease/Gray Leaf Spot,Dataset/Coconut Tree Disease Dataset/Gray Leaf Spot/GrayLeafSpot401.jpg,,,,,,disease-class=2_foliar_disease
GrayLeafSpot402,disease/Gray Leaf Spot,Dataset/Coconut Tree Disease Dataset/Gray Leaf Spot/GrayLeafSpot402.jpg,,,,,,disease-class=2_foliar_disease
GrayLeafSpot403,disease/Gray Leaf Spot,Dataset/Coconut Tree Disease Dataset/Gray Leaf Spot/GrayLeafSpot403.jpg,,,,,,disease-class=2_foliar_disease
GrayLeafSpot404,disease/Gray Leaf Spot,Dataset/Coconut Tree Disease Dataset/Gray Leaf Spot/GrayLeafSpot404.jpg,,,,,,disease-class=2_foliar_disease
GrayLeafSpot405,disease/Gray Leaf Spot,Dataset/Coconut Tree Disease Dataset/Gray Leaf Spot/GrayLeafSpot405.jpg,,,,,,disease-class=2_foliar_disease
GrayLeafSpot406,disease/Gray Leaf Spot,Dataset/Coconut Tree Disease Dataset/Gray Leaf Spot/GrayLeafSpot406.jpg,,,,,,disease-class=2_foliar_disease
GrayLeafSpot407,disease/Gray Leaf Spot,Dataset/Coconut Tree Disease Dataset/Gray Leaf Spot/GrayLeafSpot407.jpg,,,,,,disease-class=2_foliar_disease
GrayLeafSpot408,disease/Gray Leaf Spot,Dataset/Coconut Tree Disease Dataset/Gray Leaf Spot/GrayLeafSpot408.jpg,,,,,,disease-class=2_foliar_disease
GrayLeafSpot409,disease/Gray Leaf Spot,Dataset/Coconut Tree Disease Dataset/Gray Leaf Spot/GrayLeafSpot409.jpg,,,,,,disease-class=2_foliar_disease
GrayLeafSpot410,disease/Gray Leaf Spot,Dataset/Coconut Tree Disease Dataset/Gray Leaf Spot/GrayLeafSpot410.jpg,,,,,,disease-class=2_foliar_disease
GrayLeafSpot411,disease/Gray Leaf Spot,Dataset/Coconut Tree Disease Dataset/Gray Leaf Spot/GrayLeafSpot411.jpg,,,,,,disease-class=2_foliar_disease
GrayLeafSpot412,disease/Gray Leaf Spot,Dataset/Coconut Tree Disease Dataset/Gray Leaf Spot/GrayLeafSpot412.jpg,,,,,,disease-class=2_foliar_disease
GrayLeafSpot413,disease/Gray Leaf Spot,Dataset/Coconut Tree Disease Dataset/Gray Leaf Spot/GrayLeafSpot413.jpg,,,,,,disease-class=2_foliar_disease
GrayLeafSpot414,disease/Gray Leaf Spot,Dataset/Coconut Tree Disease Dataset/Gray Leaf Spot/GrayLeafSpot414.jpg,,,,,,disease-class=2_foliar_disease
GrayLeafSpot415,disease/Gray Leaf Spot,Dataset/Coconut Tree Disease Dataset/Gray Leaf Spot/GrayLeafSpot415.jpg,,,,,,disease-class=2_foliar_disease
GrayLeafSpot416,disease/Gray Leaf Spot,Dataset/Coconut Tree Disease Dataset/Gray Leaf Spot/GrayLeafSpot416.jpg,,,,,,disease-class=2_foliar_disease
GrayLeafSpot417,disease/Gray Leaf Spot,Dataset/Coconut Tree Disease Dataset/Gray Leaf Spot/GrayLeafSpot417.jpg,,,,,,disease-class=2_foliar_disease
GrayLeafSpot418,disease/Gray Leaf Spot,Dataset/Coconut Tree Disease Dataset/Gray Leaf Spot/GrayLeafSpot418.jpg,,,,,,disease-class=2_foliar_disease
GrayLeafSpot419,disease/Gray Leaf Spot,Dataset/Coconut Tree Disease Dataset/Gray Leaf Spot/GrayLeafSpot419.jpg,,,,,,disease-class=2_foliar_disease
GrayLeafSpot420,disease/Gray Leaf Spot,Dataset/Coconut Tree Disease Dataset/Gray Leaf Spot/GrayLeafSpot420.jpg,,,,,,disease-class=2_foliar_disease
GrayLeafSpot421,disease/Gray Leaf Spot,Dataset/Coconut Tree Disease Dataset/Gray Leaf Spot/GrayLeafSpot421.jpg,,,,,,disease-class=2_foliar_disease
GrayLeafSpot422,disease/Gray Leaf Spot,Dataset/Coconut Tree Disease Dataset/Gray Leaf Spot/GrayLeafSpot422.jpg,,,,,,disease-class=2_foliar_disease
GrayLeafSpot423,disease/Gray Leaf Spot,Dataset/Coconut Tree Disease Dataset/Gray Leaf Spot/GrayLeafSpot423.jpg,,,,,,disease-class=2_foliar_disease
GrayLeafSpot424,disease/Gray Leaf Spot,Dataset/Coconut Tree Disease Dataset/Gray Leaf Spot/GrayLeafSpot424.jpg,,,,,,disease-class=2_foliar_disease
GrayLeafSpot425,disease/Gray Leaf Spot,Dataset/Coconut Tree Disease Dataset/Gray Leaf Spot/GrayLeafSpot425.jpg,,,,,,disease-class=2_foliar_disease
GrayLeafSpot426,disease/Gray Leaf Spot,Dataset/Coconut Tree Disease Dataset/Gray Leaf Spot/GrayLeafSpot426.jpg,,,,,,disease-class=2_foliar_disease
GrayLeafSpot427,disease/Gray Leaf Spot,Dataset/Coconut Tree Disease Dataset/Gray Leaf Spot/GrayLeafSpot427.jpg,,,,,,disease-class=2_foliar_disease
GrayLeafSpot428,disease/Gray Leaf Spot,Dataset/Coconut Tree Disease Dataset/Gray Leaf Spot/GrayLeafSpot428.jpg,,,,,,disease-class=2_foliar_disease
GrayLeafSpot429,disease/Gray Leaf Spot,Dataset/Coconut Tree Disease Dataset/Gray Leaf Spot/GrayLeafSpot429.jpg,,,,,,disease-class=2_foliar_disease
GrayLeafSpot430,disease/Gray Leaf Spot,Dataset/Coconut Tree Disease Dataset/Gray Leaf Spot/GrayLeafSpot430.jpg,,,,,,disease-class=2_foliar_disease
GrayLeafSpot431,disease/Gray Leaf Spot,Dataset/Coconut Tree Disease Dataset/Gray Leaf Spot/GrayLeafSpot431.jpg,,,,,,disease-class=2_foliar_disease
GrayLeafSpot432,disease/Gray Leaf Spot,Dataset/Coconut Tree Disease Dataset/Gray Leaf Spot/GrayLeafSpot432.jpg,,,,,,disease-class=2_foliar_disease
GrayLeafSpot433,disease/Gray Leaf Spot,Dataset/Coconut Tree Disease Dataset/Gray Leaf Spot/GrayLeafSpot433.jpg,,,,,,disease-class=2_foliar_disease
GrayLeafSpot434,disease/Gray Leaf Spot,Dataset/Coconut Tree Disease Dataset/Gray Leaf Spot/GrayLeafSpot434.jpg,,,,,,disease-class=2_foliar_disease
GrayLeafSpot435,disease/Gray Leaf Spot,Dataset/Coconut Tree Disease Dataset/Gray Leaf Spot/GrayLeafSpot435.jpg,,,,,,disease-class=2_foliar_disease
GrayLeafSpot436,disease/Gray Leaf Spot,Dataset/Coconut Tree Disease Dataset/Gray Leaf Spot/GrayLeafSpot436.jpg,,,,,,disease-class=2_foliar_disease
GrayLeafSpot437,disease/Gray Leaf Spot,Dataset/Coconut Tree Disease Dataset/Gray Leaf Spot/GrayLeafSpot437.jpg,,,,,,disease-class=2_foliar_disease
GrayLeafSpot438,disease/Gray Leaf Spot,Dataset/Coconut Tree Disease Dataset/Gray Leaf Spot/GrayLeafSpot438.jpg,,,,,,disease-class=2_foliar_disease
GrayLeafSpot439,disease/Gray Leaf Spot,Dataset/Coconut Tree Disease Dataset/Gray Leaf Spot/GrayLeafSpot439.jpg,,,,,,disease-class=2_foliar_disease
GrayLeafSpot440,disease/Gray Leaf Spot,Dataset/Coconut Tree Disease Dataset/Gray Leaf Spot/GrayLeafSpot440.jpg,,,,,,disease-class=2_foliar_disease
GrayLeafSpot441,disease/Gray Leaf Spot,Dataset/Coconut Tree Disease Dataset/Gray Leaf Spot/GrayLeafSpot441.jpg,,,,,,disease-class=2_foliar_disease
GrayLeafSpot442,disease/Gray Leaf Spot,Dataset/Coconut Tree Disease Dataset/Gray Leaf Spot/GrayLeafSpot442.jpg,,,,,,disease-class=2_foliar_disease
GrayLeafSpot443,disease/Gray Leaf Spot,Dataset/Coconut Tree Disease Dataset/Gray Leaf Spot/GrayLeafSpot443.jpg,,,,,,disease-class=2_foliar_disease
GrayLeafSpot444,disease/Gray Leaf Spot,Dataset/Coconut Tree Disease Dataset/Gray Leaf Spot/GrayLeafSpot444.jpg,,,,,,disease-class=2_foliar_disease
GrayLeafSpot445,disease/Gray Leaf Spot,Dataset/Coconut Tree Disease Dataset/Gray Leaf Spot/GrayLeafSpot445.jpg,,,,,,disease-class=2_foliar_disease
GrayLeafSpot446,disease/Gray Leaf Spot,Dataset/Coconut Tree Disease Dataset/Gray Leaf Spot/GrayLeafSpot446.jpg,,,,,,disease-class=2_foliar_disease
GrayLeafSpot447,disease/Gray Leaf Spot,Dataset/Coconut Tree Disease Dataset/Gray Leaf Spot/GrayLeafSpot447.jpg,,,,,,disease-class=2_foliar_disease
GrayLeafSpot448,disease/Gray Leaf Spot,Dataset/Coconut Tree Disease Dataset/Gray Leaf Spot/GrayLeafSpot448.jpg,,,,,,disease-class=2_foliar_disease
GrayLeafSpot449,disease/Gray Leaf Spot,Dataset/Coconut Tree Disease Dataset/Gray Leaf Spot/GrayLeafSpot449.jpg,,,,,,disease-class=2_foliar_disease
GrayLeafSpot450,disease/Gray Leaf Spot,Dataset/Coconut Tree Disease Dataset/Gray Leaf Spot/GrayLeafSpot450.jpg,,,,,,disease-class=2_foliar_disease
GrayLeafSpot451,disease/Gray Leaf Spot,Dataset/Coconut Tree Disease Dataset/Gray Leaf Spot/GrayLeafSpot451.jpg,,,,,,disease-class=2_foliar_disease
GrayLeafSpot452,disease/Gray Leaf Spot,Dataset/Coconut Tree Disease Dataset/Gray Leaf Spot/GrayLeafSpot452.jpg,,,,,,disease-class=2_foliar_disease
GrayLeafSpot453,disease/Gray Leaf Spot,Dataset/Coconut Tree Disease Dataset/Gray Leaf Spot/GrayLeafSpot453.jpg,,,,,,disease-class=2_foliar_disease
GrayLeafSpot454,disease/Gray Leaf Spot,Dataset/Coconut Tree Disease Dataset/Gray Leaf Spot/GrayLeafSpot454.jpg,,,,,,disease-class=2_foliar_disease
GrayLeafSpot455,disease/Gray Leaf Spot,Dataset/Coconut Tree Disease Dataset/Gray Leaf Spot/GrayLeafSpot455.jpg,,,,,,disease-class=2_foliar_disease
GrayLeafSpot456,disease/Gray Leaf Spot,Dataset/Coconut Tree Disease Dataset/Gray Leaf Spot/GrayLeafSpot456.jpg,,,,,,disease-class=2_foliar_disease
GrayLeafSpot457,disease/Gray Leaf Spot,Dataset/Coconut Tree Disease Dataset/Gray Leaf Spot/GrayLeafSpot457.jpg,,,,,,disease-class=2_foliar_disease
GrayLeafSpot458,disease/Gray Leaf Spot,Dataset/Coconut Tree Disease Dataset/Gray Leaf Spot/GrayLeafSpot458.jpg,,,,,,disease-class=2_foliar_disease
GrayLeafSpot459,disease/Gray Leaf Spot,Dataset/Coconut Tree Disease Dataset/Gray Leaf Spot/GrayLeafSpot459.jpg,,,,,,disease-class=2_foliar_disease
GrayLeafSpot460,disease/Gray Leaf Spot,Dataset/Coconut Tree Disease Dataset/Gray Leaf Spot/GrayLeafSpot460.jpg,,,,,,disease-class=2_foliar_disease
GrayLeafSpot461,disease/Gray Leaf Spot,Dataset/Coconut Tree Disease Dataset/Gray Leaf Spot/GrayLeafSpot461.jpg,,,,,,disease-class=2_foliar_disease
GrayLeafSpot462,disease/Gray Leaf Spot,Dataset/Coconut Tree Disease Dataset/Gray Leaf Spot/GrayLeafSpot462.jpg,,,,,,disease-class=2_foliar_disease
GrayLeafSpot463,disease/Gray Leaf Spot,Dataset/Coconut Tree Disease Dataset/Gray Leaf Spot/GrayLeafSpot463.jpg,,,,,,disease-class=2_foliar_disease
GrayLeafSpot464,disease/Gray Leaf Spot,Dataset/Coconut Tree Disease Dataset/Gray Leaf Spot/GrayLeafSpot464.jpg,,,,,,disease-class=2_foliar_disease
GrayLeafSpot465,disease/Gray Leaf Spot,Dataset/Coconut Tree Disease Dataset/Gray Leaf Spot/GrayLeafSpot465.jpg,,,,,,disease-class=2_foliar_disease
GrayLeafSpot466,disease/Gray Leaf Spot,Dataset/Coconut Tree Disease Dataset/Gray Leaf Spot/GrayLeafSpot466.jpg,,,,,,disease-class=2_foliar_disease
GrayLeafSpot467,disease/Gray Leaf Spot,Dataset/Coconut Tree Disease Dataset/Gray Leaf Spot/GrayLeafSpot467.jpg,,,,,,disease-class=2_foliar_disease
GrayLeafSpot468,disease/Gray Leaf Spot,Dataset/Coconut Tree Disease Dataset/Gray Leaf Spot/GrayLeafSpot468.jpg,,,,,,disease-class=2_foliar_disease
GrayLeafSpot469,disease/Gray Leaf Spot,Dataset/Coconut Tree Disease Dataset/Gray Leaf Spot/GrayLeafSpot469.jpg,,,,,,disease-class=2_foliar_disease
GrayLeafSpot470,disease/Gray Leaf Spot,Dataset/Coconut Tree Disease Dataset/Gray Leaf Spot/GrayLeafSpot470.jpg,,,,,,disease-class=2_foliar_disease
GrayLeafSpot471,disease/Gray Leaf Spot,Dataset/Coconut Tree Disease Dataset/Gray Leaf Spot/GrayLeafSpot471.jpg,,,,,,disease-class=2_foliar_disease
GrayLeafSpot472,disease/Gray Leaf Spot,Dataset/Coconut Tree Disease Dataset/Gray Leaf Spot/GrayLeafSpot472.jpg,,,,,,disease-class=2_foliar_disease
GrayLeafSpot473,disease/Gray Leaf Spot,Dataset/Coconut Tree Disease Dataset/Gray Leaf Spot/GrayLeafSpot473.jpg,,,,,,disease-class=2_foliar_disease
GrayLeafSpot474,disease/Gray Leaf Spot,Dataset/Coconut Tree Disease Dataset/Gray Leaf Spot/GrayLeafSpot474.jpg,,,,,,disease-class=2_foliar_disease
GrayLeafSpot475,disease/Gray Leaf Spot,Dataset/Coconut Tree Disease Dataset/Gray Leaf Spot/GrayLeafSpot475.jpg,,,,,,disease-class=2_foliar_disease
GrayLeafSpot476,disease/Gray Leaf Spot,Dataset/Coconut Tree Disease Dataset/Gray Leaf Spot/GrayLeafSpot476.jpg,,,,,,disease-class=2_foliar_disease
GrayLeafSpot477,disease/Gray Leaf Spot,Dataset/Coconut Tree Disease Dataset/Gray Leaf Spot/GrayLeafSpot477.jpg,,,,,,disease-class=2_foliar_disease
GrayLeafSpot478,disease/Gray Leaf Spot,Dataset/Coconut Tree Disease Dataset/Gray Leaf Spot/GrayLeafSpot478.jpg,,,,,,disease-class=2_foliar_disease
GrayLeafSpot479,disease/Gray Leaf Spot,Dataset/Coconut Tree Disease Dataset/Gray Leaf Spot/GrayLeafSpot479.jpg,,,,,,disease-class=2_foliar_disease
GrayLeafSpot480,disease/Gray Leaf Spot,Dataset/Coconut Tree Disease Dataset/Gray Leaf Spot/GrayLeafSpot480.jpg,,,,,,disease-class=2_foliar_disease
GrayLeafSpot481,disease/Gray Leaf Spot,Dataset/Coconut Tree Disease Dataset/Gray Leaf Spot/GrayLeafSpot481.jpg,,,,,,disease-class=2_foliar_disease
GrayLeafSpot482,disease/Gray Leaf Spot,Dataset/Coconut Tree Disease Dataset/Gray Leaf Spot/GrayLeafSpot482.jpg,,,,,,disease-class=2_foliar_disease
GrayLeafSpot483,disease/Gray Leaf Spot,Dataset/Coconut Tree Disease Dataset/Gray Leaf Spot/GrayLeafSpot483.jpg,,,,,,disease-class=2_foliar_disease
GrayLeafSpot484,disease/Gray Leaf Spot,Dataset/Coconut Tree Disease Dataset/Gray Leaf Spot/GrayLeafSpot484.jpg,,,,,,disease-class=2_foliar_disease
GrayLeafSpot485,disease/Gray Leaf Spot,Dataset/Coconut Tree Disease Dataset/Gray Leaf Spot/GrayLeafSpot485.jpg,,,,,,disease-class=2_foliar_disease
GrayLeafSpot486,disease/Gray Leaf Spot,Dataset/Coconut Tree Disease Dataset/Gray Leaf Spot/GrayLeafSpot486.jpg,,,,,,disease-class=2_foliar_disease
GrayLeafSpot487,disease/Gray Leaf Spot,Dataset/Coconut Tree Disease Dataset/Gray Leaf Spot/GrayLeafSpot487.jpg,,,,,,disease-class=2_foliar_disease
GrayLeafSpot488,disease/Gray Leaf Spot,Dataset/Coconut Tree Disease Dataset/Gray Leaf Spot/GrayLeafSpot488.jpg,,,,,,disease-class=2_foliar_disease
GrayLeafSpot489,disease/Gray Leaf Spot,Dataset/Coconut Tree Disease Dataset/Gray Leaf Spot/GrayLeafSpot489.jpg,,,,,,disease-class=2_foliar_disease
GrayLeafSpot490,disease/Gray Leaf Spot,Dataset/Coconut Tree Disease Dataset/Gray Leaf Spot/GrayLeafSpot490.jpg,,,,,,disease-class=2_foliar_disease
GrayLeafSpot491,disease/Gray Leaf Spot,Dataset/Coconut Tree Disease Dataset/Gray Leaf Spot/GrayLeafSpot491.jpg,,,,,,disease-class=2_foliar_disease
GrayLeafSpot492,disease/Gray Leaf Spot,Dataset/Coconut Tree Disease Dataset/Gray Leaf Spot/GrayLeafSpot492.jpg,,,,,,disease-class=2_foliar_disease
GrayLeafSpot493,disease/Gray Leaf Spot,Dataset/Coconut Tree Disease Dataset/Gray Leaf Spot/GrayLeafSpot493.jpg,,,,,,disease-class=2_foliar_disease
GrayLeafSpot494,disease/Gray Leaf Spot,Dataset/Coconut Tree Disease Dataset/Gray Leaf Spot/GrayLeafSpot494.jpg,,,,,,disease-class=2_foliar_disease
GrayLeafSpot495,disease/Gray Leaf Spot,Dataset/Coconut Tree Disease Dataset/Gray Leaf Spot/GrayLeafSpot495.jpg,,,,,,disease-class=2_foliar_disease
GrayLeafSpot496,disease/Gray Leaf Spot,Dataset/Coconut Tree Disease Dataset/Gray Leaf Spot/GrayLeafSpot496.jpg,,,,,,disease-class=2_foliar_disease
GrayLeafSpot497,disease/Gray Leaf Spot,Dataset/Coconut Tree Disease Dataset/Gray Leaf Spot/GrayLeafSpot497.jpg,,,,,,disease-class=2_foliar_disease
GrayLeafSpot498,disease/Gray Leaf Spot,Dataset/Coconut Tree Disease Dataset/Gray Leaf Spot/GrayLeafSpot498.jpg,,,,,,disease-class=2_foliar_disease
GrayLeafSpot499,disease/Gray Leaf Spot,Dataset/Coconut Tree Disease Dataset/Gray Leaf Spot/GrayLeafSpot499.jpg,,,,,,disease-class=2_foliar_disease
GrayLeafSpot500,disease/Gray Leaf Spot,Dataset/Coconut Tree Disease Dataset/Gray Leaf Spot/GrayLeafSpot500.jpg,,,,,,disease-class=2_foliar_disease
GrayLeafSpot501,disease/Gray Leaf Spot,Dataset/Coconut Tree Disease Dataset/Gray Leaf Spot/GrayLeafSpot501.jpg,,,,,,disease-class=2_foliar_disease
GrayLeafSpot502,disease/Gray Leaf Spot,Dataset/Coconut Tree Disease Dataset/Gray Leaf Spot/GrayLeafSpot502.jpg,,,,,,disease-class=2_foliar_disease
GrayLeafSpot503,disease/Gray Leaf Spot,Dataset/Coconut Tree Disease Dataset/Gray Leaf Spot/GrayLeafSpot503.jpg,,,,,,disease-class=2_foliar_disease
GrayLeafSpot504,disease/Gray Leaf Spot,Dataset/Coconut Tree Disease Dataset/Gray Leaf Spot/GrayLeafSpot504.jpg,,,,,,disease-class=2_foliar_disease
GrayLeafSpot505,disease/Gray Leaf Spot,Dataset/Coconut Tree Disease Dataset/Gray Leaf Spot/GrayLeafSpot505.jpg,,,,,,disease-class=2_foliar_disease
GrayLeafSpot506,disease/Gray Leaf Spot,Dataset/Coconut Tree Disease Dataset/Gray Leaf Spot/GrayLeafSpot506.jpg,,,,,,disease-class=2_foliar_disease
GrayLeafSpot507,disease/Gray Leaf Spot,Dataset/Coconut Tree Disease Dataset/Gray Leaf Spot/GrayLeafSpot507.jpg,,,,,,disease-class=2_foliar_disease
GrayLeafSpot508,disease/Gray Leaf Spot,Dataset/Coconut Tree Disease Dataset/Gray Leaf Spot/GrayLeafSpot508.jpg,,,,,,disease-class=2_foliar_disease
GrayLeafSpot509,disease/Gray Leaf Spot,Dataset/Coconut Tree Disease Dataset/Gray Leaf Spot/GrayLeafSpot509.jpg,,,,,,disease-class=2_foliar_disease
GrayLeafSpot510,disease/Gray Leaf Spot,Dataset/Coconut Tree Disease Dataset/Gray Leaf Spot/GrayLeafSpot510.jpg,,,,,,disease-class=2_foliar_disease
GrayLeafSpot511,disease/Gray Leaf Spot,Dataset/Coconut Tree Disease Dataset/Gray Leaf Spot/GrayLeafSpot511.jpg,,,,,,disease-class=2_foliar_disease
GrayLeafSpot512,disease/Gray Leaf Spot,Dataset/Coconut Tree Disease Dataset/Gray Leaf Spot/GrayLeafSpot512.jpg,,,,,,disease-class=2_foliar_disease
GrayLeafSpot513,disease/Gray Leaf Spot,Dataset/Coconut Tree Disease Dataset/Gray Leaf Spot/GrayLeafSpot513.jpg,,,,,,disease-class=2_foliar_disease
GrayLeafSpot514,disease/Gray Leaf Spot,Dataset/Coconut Tree Disease Dataset/Gray Leaf Spot/GrayLeafSpot514.jpg,,,,,,disease-class=2_foliar_disease
GrayLeafSpot515,disease/Gray Leaf Spot,Dataset/Coconut Tree Disease Dataset/Gray Leaf Spot/GrayLeafSpot515.jpg,,,,,,disease-class=2_foliar_disease
GrayLeafSpot516,disease/Gray Leaf Spot,Dataset/Coconut Tree Disease Dataset/Gray Leaf Spot/GrayLeafSpot516.jpg,,,,,,disease-class=2_foliar_disease
GrayLeafSpot517,disease/Gray Leaf Spot,Dataset/Coconut Tree Disease Dataset/Gray Leaf Spot/GrayLeafSpot517.jpg,,,,,,disease-class=2_foliar_disease
GrayLeafSpot518,disease/Gray Leaf Spot,Dataset/Coconut Tree Disease Dataset/Gray Leaf Spot/GrayLeafSpot518.jpg,,,,,,disease-class=2_foliar_disease
GrayLeafSpot519,disease/Gray Leaf Spot,Dataset/Coconut Tree Disease Dataset/Gray Leaf Spot/GrayLeafSpot519.jpg,,,,,,disease-class=2_foliar_disease
GrayLeafSpot520,disease/Gray Leaf Spot,Dataset/Coconut Tree Disease Dataset/Gray Leaf Spot/GrayLeafSpot520.jpg,,,,,,disease-class=2_foliar_disease
GrayLeafSpot521,disease/Gray Leaf Spot,Dataset/Coconut Tree Disease Dataset/Gray Leaf Spot/GrayLeafSpot521.jpg,,,,,,disease-class=2_foliar_disease
GrayLeafSpot522,disease/Gray Leaf Spot,Dataset/Coconut Tree Disease Dataset/Gray Leaf Spot/GrayLeafSpot522.jpg,,,,,,disease-class=2_foliar_disease
GrayLeafSpot523,disease/Gray Leaf Spot,Dataset/Coconut Tree Disease Dataset/Gray Leaf Spot/GrayLeafSpot523.jpg,,,,,,disease-class=2_foliar_disease
GrayLeafSpot524,disease/Gray Leaf Spot,Dataset/Coconut Tree Disease Dataset/Gray Leaf Spot/GrayLeafSpot524.jpg,,,,,,disease-class=2_foliar_disease
GrayLeafSpot525,disease/Gray Leaf Spot,Dataset/Coconut Tree Disease Dataset/Gray Leaf Spot/GrayLeafSpot525.jpg,,,,,,disease-class=2_foliar_disease
GrayLeafSpot526,disease/Gray Leaf Spot,Dataset/Coconut Tree Disease Dataset/Gray Leaf Spot/GrayLeafSpot526.jpg,,,,,,disease-class=2_foliar_disease
GrayLeafSpot527,disease/Gray Leaf Spot,Dataset/Coconut Tree Disease Dataset/Gray Leaf Spot/GrayLeafSpot527.jpg,,,,,,disease-class=2_foliar_disease
GrayLeafSpot528,disease/Gray Leaf Spot,Dataset/Coconut Tree Disease Dataset/Gray Leaf Spot/GrayLeafSpot528.jpg,,,,,,disease-class=2_foliar_disease
GrayLeafSpot529,disease/Gray Leaf Spot,Dataset/Coconut Tree Disease Dataset/Gray Leaf Spot/GrayLeafSpot529.jpg,,,,,,disease-class=2_foliar_disease
GrayLeafSpot530,disease/Gray Leaf Spot,Dataset/Coconut Tree Disease Dataset/Gray Leaf Spot/GrayLeafSpot530.jpg,,,,,,disease-class=2_foliar_disease
GrayLeafSpot531,disease/Gray Leaf Spot,Dataset/Coconut Tree Disease Dataset/Gray Leaf Spot/GrayLeafSpot531.jpg,,,,,,disease-class=2_foliar_disease
GrayLeafSpot532,disease/Gray Leaf Spot,Dataset/Coconut Tree Disease Dataset/Gray Leaf Spot/GrayLeafSpot532.jpg,,,,,,disease-class=2_foliar_disease
GrayLeafSpot533,disease/Gray Leaf Spot,Dataset/Coconut Tree Disease Dataset/Gray Leaf Spot/GrayLeafSpot533.jpg,,,,,,disease-class=2_foliar_disease
GrayLeafSpot534,disease/Gray Leaf Spot,Dataset/Coconut Tree Disease Dataset/Gray Leaf Spot/GrayLeafSpot534.jpg,,,,,,disease-class=2_foliar_disease
GrayLeafSpot535,disease/Gray Leaf Spot,Dataset/Coconut Tree Disease Dataset/Gray Leaf Spot/GrayLeafSpot535.jpg,,,,,,disease-class=2_foliar_disease
GrayLeafSpot536,disease/Gray Leaf Spot,Dataset/Coconut Tree Disease Dataset/Gray Leaf Spot/GrayLeafSpot536.jpg,,,,,,disease-class=2_foliar_disease
GrayLeafSpot537,disease/Gray Leaf Spot,Dataset/Coconut Tree Disease Dataset/Gray Leaf Spot/GrayLeafSpot537.jpg,,,,,,disease-class=2_foliar_disease
GrayLeafSpot538,disease/Gray Leaf Spot,Dataset/Coconut Tree Disease Dataset/Gray Leaf Spot/GrayLeafSpot538.jpg,,,,,,disease-class=2_foliar_disease
GrayLeafSpot539,disease/Gray Leaf Spot,Dataset/Coconut Tree Disease Dataset/Gray Leaf Spot/GrayLeafSpot539.jpg,,,,,,disease-class=2_foliar_disease
GrayLeafSpot540,disease/Gray Leaf Spot,Dataset/Coconut Tree Disease Dataset/Gray Leaf Spot/GrayLeafSpot540.jpg,,,,,,disease-class=2_foliar_disease
GrayLeafSpot541,disease/Gray Leaf Spot,Dataset/Coconut Tree Disease Dataset/Gray Leaf Spot/GrayLeafSpot541.jpg,,,,,,disease-class=2_foliar_disease
GrayLeafSpot542,disease/Gray Leaf Spot,Dataset/Coconut Tree Disease Dataset/Gray Leaf Spot/GrayLeafSpot542.jpg,,,,,,disease-class=2_foliar_disease
GrayLeafSpot543,disease/Gray Leaf Spot,Dataset/Coconut Tree Disease Dataset/Gray Leaf Spot/GrayLeafSpot543.jpg,,,,,,disease-class=2_foliar_disease
GrayLeafSpot544,disease/Gray Leaf Spot,Dataset/Coconut Tree Disease Dataset/Gray Leaf Spot/GrayLeafSpot544.jpg,,,,,,disease-class=2_foliar_disease
GrayLeafSpot545,disease/Gray Leaf Spot,Dataset/Coconut Tree Disease Dataset/Gray Leaf Spot/GrayLeafSpot545.jpg,,,,,,disease-class=2_foliar_disease
GrayLeafSpot546,disease/Gray Leaf Spot,Dataset/Coconut Tree Disease Dataset/Gray Leaf Spot/GrayLeafSpot546.jpg,,,,,,disease-class=2_foliar_disease
GrayLeafSpot547,disease/Gray Leaf Spot,Dataset/Coconut Tree Disease Dataset/Gray Leaf Spot/GrayLeafSpot547.jpg,,,,,,disease-class=2_foliar_disease
GrayLeafSpot548,disease/Gray Leaf Spot,Dataset/Coconut Tree Disease Dataset/Gray Leaf Spot/GrayLeafSpot548.jpg,,,,,,disease-class=2_foliar_disease
GrayLeafSpot549,disease/Gray Leaf Spot,Dataset/Coconut Tree Disease Dataset/Gray Leaf Spot/GrayLeafSpot549.jpg,,,,,,disease-class=2_foliar_disease
GrayLeafSpot550,disease/Gray Leaf Spot,Dataset/Coconut Tree Disease Dataset/Gray Leaf Spot/GrayLeafSpot550.jpg,,,,,,disease-class=2_foliar_disease
GrayLeafSpot551,disease/Gray Leaf Spot,Dataset/Coconut Tree Disease Dataset/Gray Leaf Spot/GrayLeafSpot551.jpg,,,,,,disease-class=2_foliar_disease
GrayLeafSpot552,disease/Gray Leaf Spot,Dataset/Coconut Tree Disease Dataset/Gray Leaf Spot/GrayLeafSpot552.jpg,,,,,,disease-class=2_foliar_disease
GrayLeafSpot553,disease/Gray Leaf Spot,Dataset/Coconut Tree Disease Dataset/Gray Leaf Spot/GrayLeafSpot553.jpg,,,,,,disease-class=2_foliar_disease
GrayLeafSpot554,disease/Gray Leaf Spot,Dataset/Coconut Tree Disease Dataset/Gray Leaf Spot/GrayLeafSpot554.jpg,,,,,,disease-class=2_foliar_disease
GrayLeafSpot555,disease/Gray Leaf Spot,Dataset/Coconut Tree Disease Dataset/Gray Leaf Spot/GrayLeafSpot555.jpg,,,,,,disease-class=2_foliar_disease
GrayLeafSpot556,disease/Gray Leaf Spot,Dataset/Coconut Tree Disease Dataset/Gray Leaf Spot/GrayLeafSpot556.jpg,,,,,,disease-class=2_foliar_disease
GrayLeafSpot557,disease/Gray Leaf Spot,Dataset/Coconut Tree Disease Dataset/Gray Leaf Spot/GrayLeafSpot557.jpg,,,,,,disease-class=2_foliar_disease
GrayLeafSpot558,disease/Gray Leaf Spot,Dataset/Coconut Tree Disease Dataset/Gray Leaf Spot/GrayLeafSpot558.jpg,,,,,,disease-class=2_foliar_disease
GrayLeafSpot559,disease/Gray Leaf Spot,Dataset/Coconut Tree Disease Dataset/Gray Leaf Spot/GrayLeafSpot559.jpg,,,,,,disease-class=2_foliar_disease
GrayLeafSpot560,disease/Gray Leaf Spot,Dataset/Coconut Tree Disease Dataset/Gray Leaf Spot/GrayLeafSpot560.jpg,,,,,,disease-class=2_foliar_disease
GrayLeafSpot561,disease/Gray Leaf Spot,Dataset/Coconut Tree Disease Dataset/Gray Leaf Spot/GrayLeafSpot561.jpg,,,,,,disease-class=2_foliar_disease
GrayLeafSpot562,disease/Gray Leaf Spot,Dataset/Coconut Tree Disease Dataset/Gray Leaf Spot/GrayLeafSpot562.jpg,,,,,,disease-class=2_foliar_disease
GrayLeafSpot563,disease/Gray Leaf Spot,Dataset/Coconut Tree Disease Dataset/Gray Leaf Spot/GrayLeafSpot563.jpg,,,,,,disease-class=2_foliar_disease
GrayLeafSpot564,disease/Gray Leaf Spot,Dataset/Coconut Tree Disease Dataset/Gray Leaf Spot/GrayLeafSpot564.jpg,,,,,,disease-class=2_foliar_disease
GrayLeafSpot565,disease/Gray Leaf Spot,Dataset/Coconut Tree Disease Dataset/Gray Leaf Spot/GrayLeafSpot565.jpg,,,,,,disease-class=2_foliar_disease
GrayLeafSpot566,disease/Gray Leaf Spot,Dataset/Coconut Tree Disease Dataset/Gray Leaf Spot/GrayLeafSpot566.jpg,,,,,,disease-class=2_foliar_disease
GrayLeafSpot567,disease/Gray Leaf Spot,Dataset/Coconut Tree Disease Dataset/Gray Leaf Spot/GrayLeafSpot567.jpg,,,,,,disease-class=2_foliar_disease
GrayLeafSpot568,disease/Gray Leaf Spot,Dataset/Coconut Tree Disease Dataset/Gray Leaf Spot/GrayLeafSpot568.jpg,,,,,,disease-class=2_foliar_disease
GrayLeafSpot569,disease/Gray Leaf Spot,Dataset/Coconut Tree Disease Dataset/Gray Leaf Spot/GrayLeafSpot569.jpg,,,,,,disease-class=2_foliar_disease
GrayLeafSpot570,disease/Gray Leaf Spot,Dataset/Coconut Tree Disease Dataset/Gray Leaf Spot/GrayLeafSpot570.jpg,,,,,,disease-class=2_foliar_disease
GrayLeafSpot571,disease/Gray Leaf Spot,Dataset/Coconut Tree Disease Dataset/Gray Leaf Spot/GrayLeafSpot571.jpg,,,,,,disease-class=2_foliar_disease
GrayLeafSpot572,disease/Gray Leaf Spot,Dataset/Coconut Tree Disease Dataset/Gray Leaf Spot/GrayLeafSpot572.jpg,,,,,,disease-class=2_foliar_disease
GrayLeafSpot573,disease/Gray Leaf Spot,Dataset/Coconut Tree Disease Dataset/Gray Leaf Spot/GrayLeafSpot573.jpg,,,,,,disease-class=2_foliar_disease
GrayLeafSpot574,disease/Gray Leaf Spot,Dataset/Coconut Tree Disease Dataset/Gray Leaf Spot/GrayLeafSpot574.jpg,,,,,,disease-class=2_foliar_disease
GrayLeafSpot575,disease/Gray Leaf Spot,Dataset/Coconut Tree Disease Dataset/Gray Leaf Spot/GrayLeafSpot575.jpg,,,,,,disease-class=2_foliar_disease
GrayLeafSpot576,disease/Gray Leaf Spot,Dataset/Coconut Tree Disease Dataset/Gray Leaf Spot/GrayLeafSpot576.jpg,,,,,,disease-class=2_foliar_disease
GrayLeafSpot577,disease/Gray Leaf Spot,Dataset/Coconut Tree Disease Dataset/Gray Leaf Spot/GrayLeafSpot577.jpg,,,,,,disease-class=2_foliar_disease
GrayLeafSpot578,disease/Gray Leaf Spot,Dataset/Coconut Tree Disease Dataset/Gray Leaf Spot/GrayLeafSpot578.jpg,,,,,,disease-class=2_foliar_disease
GrayLeafSpot579,disease/Gray Leaf Spot,Dataset/Coconut Tree Disease Dataset/Gray Leaf Spot/GrayLeafSpot579.jpg,,,,,,disease-class=2_foliar_disease
GrayLeafSpot580,disease/Gray Leaf Spot,Dataset/Coconut Tree Disease Dataset/Gray Leaf Spot/GrayLeafSpot580.jpg,,,,,,disease-class=2_foliar_disease
GrayLeafSpot581,disease/Gray Leaf Spot,Dataset/Coconut Tree Disease Dataset/Gray Leaf Spot/GrayLeafSpot581.jpg,,,,,,disease-class=2_foliar_disease
GrayLeafSpot582,disease/Gray Leaf Spot,Dataset/Coconut Tree Disease Dataset/Gray Leaf Spot/GrayLeafSpot582.jpg,,,,,,disease-class=2_foliar_disease
GrayLeafSpot583,disease/Gray Leaf Spot,Dataset/Coconut Tree Disease Dataset/Gray Leaf Spot/GrayLeafSpot583.jpg,,,,,,disease-class=2_foliar_disease
GrayLeafSpot584,disease/Gray Leaf Spot,Dataset/Coconut Tree Disease Dataset/Gray Leaf Spot/GrayLeafSpot584.jpg,,,,,,disease-class=2_foliar_disease
GrayLeafSpot585,disease/Gray Leaf Spot,Dataset/Coconut Tree Disease Dataset/Gray Leaf Spot/GrayLeafSpot585.jpg,,,,,,disease-class=2_foliar_disease
GrayLeafSpot586,disease/Gray Leaf Spot,Dataset/Coconut Tree Disease Dataset/Gray Leaf Spot/GrayLeafSpot586.jpg,,,,,,disease-class=2_foliar_disease
GrayLeafSpot587,disease/Gray Leaf Spot,Dataset/Coconut Tree Disease Dataset/Gray Leaf Spot/GrayLeafSpot587.jpg,,,,,,disease-class=2_foliar_disease
GrayLeafSpot588,disease/Gray Leaf Spot,Dataset/Coconut Tree Disease Dataset/Gray Leaf Spot/GrayLeafSpot588.jpg,,,,,,disease-class=2_foliar_disease
GrayLeafSpot589,disease/Gray Leaf Spot,Dataset/Coconut Tree Disease Dataset/Gray Leaf Spot/GrayLeafSpot589.jpg,,,,,,disease-class=2_foliar_disease
GrayLeafSpot590,disease/Gray Leaf Spot,Dataset/Coconut Tree Disease Dataset/Gray Leaf Spot/GrayLeafSpot590.jpg,,,,,,disease-class=2_foliar_disease
GrayLeafSpot591,disease/Gray Leaf Spot,Dataset/Coconut Tree Disease Dataset/Gray Leaf Spot/GrayLeafSpot591.jpg,,,,,,disease-class=2_foliar_disease
GrayLeafSpot592,disease/Gray Leaf Spot,Dataset/Coconut Tree Disease Dataset/Gray Leaf Spot/GrayLeafSpot592.jpg,,,,,,disease-class=2_foliar_disease
GrayLeafSpot593,disease/Gray Leaf Spot,Dataset/Coconut Tree Disease Dataset/Gray Leaf Spot/GrayLeafSpot593.jpg,,,,,,disease-class=2_foliar_disease
GrayLeafSpot594,disease/Gray Leaf Spot,Dataset/Coconut Tree Disease Dataset/Gray Leaf Spot/GrayLeafSpot594.jpg,,,,,,disease-class=2_foliar_disease
GrayLeafSpot595,disease/Gray Leaf Spot,Dataset/Coconut Tree Disease Dataset/Gray Leaf Spot/GrayLeafSpot595.jpg,,,,,,disease-class=2_foliar_disease
GrayLeafSpot596,disease/Gray Leaf Spot,Dataset/Coconut Tree Disease Dataset/Gray Leaf Spot/GrayLeafSpot596.jpg,,,,,,disease-class=2_foliar_disease
GrayLeafSpot597,disease/Gray Leaf Spot,Dataset/Coconut Tree Disease Dataset/Gray Leaf Spot/GrayLeafSpot597.jpg,,,,,,disease-class=2_foliar_disease
GrayLeafSpot598,disease/Gray Leaf Spot,Dataset/Coconut Tree Disease Dataset/Gray Leaf Spot/GrayLeafSpot598.jpg,,,,,,disease-class=2_foliar_disease
GrayLeafSpot599,disease/Gray Leaf Spot,Dataset/Coconut Tree Disease Dataset/Gray Leaf Spot/GrayLeafSpot599.jpg,,,,,,disease-class=2_foliar_disease
GrayLeafSpot600,disease/Gray Leaf Spot,Dataset/Coconut Tree Disease Dataset/Gray Leaf Spot/GrayLeafSpot600.jpg,,,,,,disease-class=2_foliar_disease
GrayLeafSpot601,disease/Gray Leaf Spot,Dataset/Coconut Tree Disease Dataset/Gray Leaf Spot/GrayLeafSpot601.jpg,,,,,,disease-class=2_foliar_disease
GrayLeafSpot602,disease/Gray Leaf Spot,Dataset/Coconut Tree Disease Dataset/Gray Leaf Spot/GrayLeafSpot602.jpg,,,,,,disease-class=2_foliar_disease
GrayLeafSpot603,disease/Gray Leaf Spot,Dataset/Coconut Tree Disease Dataset/Gray Leaf Spot/GrayLeafSpot603.jpg,,,,,,disease-class=2_foliar_disease
GrayLeafSpot604,disease/Gray Leaf Spot,Dataset/Coconut Tree Disease Dataset/Gray Leaf Spot/GrayLeafSpot604.jpg,,,,,,disease-class=2_foliar_disease
GrayLeafSpot605,disease/Gray Leaf Spot,Dataset/Coconut Tree Disease Dataset/Gray Leaf Spot/GrayLeafSpot605.jpg,,,,,,disease-class=2_foliar_disease
GrayLeafSpot606,disease/Gray Leaf Spot,Dataset/Coconut Tree Disease Dataset/Gray Leaf Spot/GrayLeafSpot606.jpg,,,,,,disease-class=2_foliar_disease
GrayLeafSpot607,disease/Gray Leaf Spot,Dataset/Coconut Tree Disease Dataset/Gray Leaf Spot/GrayLeafSpot607.jpg,,,,,,disease-class=2_foliar_disease
GrayLeafSpot608,disease/Gray Leaf Spot,Dataset/Coconut Tree Disease Dataset/Gray Leaf Spot/GrayLeafSpot608.jpg,,,,,,disease-class=2_foliar_disease
GrayLeafSpot609,disease/Gray Leaf Spot,Dataset/Coconut Tree Disease Dataset/Gray Leaf Spot/GrayLeafSpot609.jpg,,,,,,disease-class=2_foliar_disease
GrayLeafSpot610,disease/Gray Leaf Spot,Dataset/Coconut Tree Disease Dataset/Gray Leaf Spot/GrayLeafSpot610.jpg,,,,,,disease-class=2_foliar_disease
GrayLeafSpot611,disease/Gray Leaf Spot,Dataset/Coconut Tree Disease Dataset/Gray Leaf Spot/GrayLeafSpot611.jpg,,,,,,disease-class=2_foliar_disease
GrayLeafSpot612,disease/Gray Leaf Spot,Dataset/Coconut Tree Disease Dataset/Gray Leaf Spot/GrayLeafSpot612.jpg,,,,,,disease-class=2_foliar_disease
GrayLeafSpot613,disease/Gray Leaf Spot,Dataset/Coconut Tree Disease Dataset/Gray Leaf Spot/GrayLeafSpot613.jpg,,,,,,disease-class=2_foliar_disease
GrayLeafSpot614,disease/Gray Leaf Spot,Dataset/Coconut Tree Disease Dataset/Gray Leaf Spot/GrayLeafSpot614.jpg,,,,,,disease-class=2_foliar_disease
GrayLeafSpot615,disease/Gray Leaf Spot,Dataset/Coconut Tree Disease Dataset/Gray Leaf Spot/GrayLeafSpot615.jpg,,,,,,disease-class=2_foliar_disease
GrayLeafSpot616,disease/Gray Leaf Spot,Dataset/Coconut Tree Disease Dataset/Gray Leaf Spot/GrayLeafSpot616.jpg,,,,,,disease-class=2_foliar_disease
GrayLeafSpot617,disease/Gray Leaf Spot,Dataset/Coconut Tree Disease Dataset/Gray Leaf Spot/GrayLeafSpot617.jpg,,,,,,disease-class=2_foliar_disease
GrayLeafSpot618,disease/Gray Leaf Spot,Dataset/Coconut Tree Disease Dataset/Gray Leaf Spot/GrayLeafSpot618.jpg,,,,,,disease-class=2_foliar_disease
GrayLeafSpot619,disease/Gray Leaf Spot,Dataset/Coconut Tree Disease Dataset/Gray Leaf Spot/GrayLeafSpot619.jpg,,,,,,disease-class=2_foliar_disease
GrayLeafSpot620,disease/Gray Leaf Spot,Dataset/Coconut Tree Disease Dataset/Gray Leaf Spot/GrayLeafSpot620.jpg,,,,,,disease-class=2_foliar_disease
GrayLeafSpot621,disease/Gray Leaf Spot,Dataset/Coconut Tree Disease Dataset/Gray Leaf Spot/GrayLeafSpot621.jpg,,,,,,disease-class=2_foliar_disease
GrayLeafSpot622,disease/Gray Leaf Spot,Dataset/Coconut Tree Disease Dataset/Gray Leaf Spot/GrayLeafSpot622.jpg,,,,,,disease-class=2_foliar_disease
GrayLeafSpot623,disease/Gray Leaf Spot,Dataset/Coconut Tree Disease Dataset/Gray Leaf Spot/GrayLeafSpot623.jpg,,,,,,disease-class=2_foliar_disease
GrayLeafSpot624,disease/Gray Leaf Spot,Dataset/Coconut Tree Disease Dataset/Gray Leaf Spot/GrayLeafSpot624.jpg,,,,,,disease-class=2_foliar_disease
GrayLeafSpot625,disease/Gray Leaf Spot,Dataset/Coconut Tree Disease Dataset/Gray Leaf Spot/GrayLeafSpot625.jpg,,,,,,disease-class=2_foliar_disease
GrayLeafSpot626,disease/Gray Leaf Spot,Dataset/Coconut Tree Disease Dataset/Gray Leaf Spot/GrayLeafSpot626.jpg,,,,,,disease-class=2_foliar_disease
GrayLeafSpot627,disease/Gray Leaf Spot,Dataset/Coconut Tree Disease Dataset/Gray Leaf Spot/GrayLeafSpot627.jpg,,,,,,disease-class=2_foliar_disease
GrayLeafSpot628,disease/Gray Leaf Spot,Dataset/Coconut Tree Disease Dataset/Gray Leaf Spot/GrayLeafSpot628.jpg,,,,,,disease-class=2_foliar_disease
GrayLeafSpot629,disease/Gray Leaf Spot,Dataset/Coconut Tree Disease Dataset/Gray Leaf Spot/GrayLeafSpot629.jpg,,,,,,disease-class=2_foliar_disease
GrayLeafSpot630,disease/Gray Leaf Spot,Dataset/Coconut Tree Disease Dataset/Gray Leaf Spot/GrayLeafSpot630.jpg,,,,,,disease-class=2_foliar_disease
GrayLeafSpot631,disease/Gray Leaf Spot,Dataset/Coconut Tree Disease Dataset/Gray Leaf Spot/GrayLeafSpot631.jpg,,,,,,disease-class=2_foliar_disease
GrayLeafSpot632,disease/Gray Leaf Spot,Dataset/Coconut Tree Disease Dataset/Gray Leaf Spot/GrayLeafSpot632.jpg,,,,,,disease-class=2_foliar_disease
GrayLeafSpot633,disease/Gray Leaf Spot,Dataset/Coconut Tree Disease Dataset/Gray Leaf Spot/GrayLeafSpot633.jpg,,,,,,disease-class=2_foliar_disease
GrayLeafSpot634,disease/Gray Leaf Spot,Dataset/Coconut Tree Disease Dataset/Gray Leaf Spot/GrayLeafSpot634.jpg,,,,,,disease-class=2_foliar_disease
GrayLeafSpot635,disease/Gray Leaf Spot,Dataset/Coconut Tree Disease Dataset/Gray Leaf Spot/GrayLeafSpot635.jpg,,,,,,disease-class=2_foliar_disease
GrayLeafSpot636,disease/Gray Leaf Spot,Dataset/Coconut Tree Disease Dataset/Gray Leaf Spot/GrayLeafSpot636.jpg,,,,,,disease-class=2_foliar_disease
GrayLeafSpot637,disease/Gray Leaf Spot,Dataset/Coconut Tree Disease Dataset/Gray Leaf Spot/GrayLeafSpot637.jpg,,,,,,disease-class=2_foliar_disease
GrayLeafSpot638,disease/Gray Leaf Spot,Dataset/Coconut Tree Disease Dataset/Gray Leaf Spot/GrayLeafSpot638.jpg,,,,,,disease-class=2_foliar_disease
GrayLeafSpot639,disease/Gray Leaf Spot,Dataset/Coconut Tree Disease Dataset/Gray Leaf Spot/GrayLeafSpot639.jpg,,,,,,disease-class=2_foliar_disease
GrayLeafSpot640,disease/Gray Leaf Spot,Dataset/Coconut Tree Disease Dataset/Gray Leaf Spot/GrayLeafSpot640.jpg,,,,,,disease-class=2_foliar_disease
GrayLeafSpot641,disease/Gray Leaf Spot,Dataset/Coconut Tree Disease Dataset/Gray Leaf Spot/GrayLeafSpot641.jpg,,,,,,disease-class=2_foliar_disease
GrayLeafSpot642,disease/Gray Leaf Spot,Dataset/Coconut Tree Disease Dataset/Gray Leaf Spot/GrayLeafSpot642.jpg,,,,,,disease-class=2_foliar_disease
GrayLeafSpot643,disease/Gray Leaf Spot,Dataset/Coconut Tree Disease Dataset/Gray Leaf Spot/GrayLeafSpot643.jpg,,,,,,disease-class=2_foliar_disease
GrayLeafSpot644,disease/Gray Leaf Spot,Dataset/Coconut Tree Disease Dataset/Gray Leaf Spot/GrayLeafSpot644.jpg,,,,,,disease-class=2_foliar_disease
GrayLeafSpot645,disease/Gray Leaf Spot,Dataset/Coconut Tree Disease Dataset/Gray Leaf Spot/GrayLeafSpot645.jpg,,,,,,disease-class=2_foliar_disease
GrayLeafSpot646,disease/Gray Leaf Spot,Dataset/Coconut Tree Disease Dataset/Gray Leaf Spot/GrayLeafSpot646.jpg,,,,,,disease-class=2_foliar_disease
GrayLeafSpot647,disease/Gray Leaf Spot,Dataset/Coconut Tree Disease Dataset/Gray Leaf Spot/GrayLeafSpot647.jpg,,,,,,disease-class=2_foliar_disease
GrayLeafSpot648,disease/Gray Leaf Spot,Dataset/Coconut Tree Disease Dataset/Gray Leaf Spot/GrayLeafSpot648.jpg,,,,,,disease-class=2_foliar_disease
GrayLeafSpot649,disease/Gray Leaf Spot,Dataset/Coconut Tree Disease Dataset/Gray Leaf Spot/GrayLeafSpot649.jpg,,,,,,disease-class=2_foliar_disease
GrayLeafSpot650,disease/Gray Leaf Spot,Dataset/Coconut Tree Disease Dataset/Gray Leaf Spot/GrayLeafSpot650.jpg,,,,,,disease-class=2_foliar_disease
GrayLeafSpot651,disease/Gray Leaf Spot,Dataset/Coconut Tree Disease Dataset/Gray Leaf Spot/GrayLeafSpot651.jpg,,,,,,disease-class=2_foliar_disease
GrayLeafSpot652,disease/Gray Leaf Spot,Dataset/Coconut Tree Disease Dataset/Gray Leaf Spot/GrayLeafSpot652.jpg,,,,,,disease-class=2_foliar_disease
GrayLeafSpot653,disease/Gray Leaf Spot,Dataset/Coconut Tree Disease Dataset/Gray Leaf Spot/GrayLeafSpot653.jpg,,,,,,disease-class=2_foliar_disease
GrayLeafSpot654,disease/Gray Leaf Spot,Dataset/Coconut Tree Disease Dataset/Gray Leaf Spot/GrayLeafSpot654.jpg,,,,,,disease-class=2_foliar_disease
GrayLeafSpot655,disease/Gray Leaf Spot,Dataset/Coconut Tree Disease Dataset/Gray Leaf Spot/GrayLeafSpot655.jpg,,,,,,disease-class=2_foliar_disease
GrayLeafSpot656,disease/Gray Leaf Spot,Dataset/Coconut Tree Disease Dataset/Gray Leaf Spot/GrayLeafSpot656.jpg,,,,,,disease-class=2_foliar_disease
GrayLeafSpot657,disease/Gray Leaf Spot,Dataset/Coconut Tree Disease Dataset/Gray Leaf Spot/GrayLeafSpot657.jpg,,,,,,disease-class=2_foliar_disease
GrayLeafSpot658,disease/Gray Leaf Spot,Dataset/Coconut Tree Disease Dataset/Gray Leaf Spot/GrayLeafSpot658.jpg,,,,,,disease-class=2_foliar_disease
GrayLeafSpot659,disease/Gray Leaf Spot,Dataset/Coconut Tree Disease Dataset/Gray Leaf Spot/GrayLeafSpot659.jpg,,,,,,disease-class=2_foliar_disease
GrayLeafSpot660,disease/Gray Leaf Spot,Dataset/Coconut Tree Disease Dataset/Gray Leaf Spot/GrayLeafSpot660.jpg,,,,,,disease-class=2_foliar_disease
GrayLeafSpot661,disease/Gray Leaf Spot,Dataset/Coconut Tree Disease Dataset/Gray Leaf Spot/GrayLeafSpot661.jpg,,,,,,disease-class=2_foliar_disease
GrayLeafSpot662,disease/Gray Leaf Spot,Dataset/Coconut Tree Disease Dataset/Gray Leaf Spot/GrayLeafSpot662.jpg,,,,,,disease-class=2_foliar_disease
GrayLeafSpot663,disease/Gray Leaf Spot,Dataset/Coconut Tree Disease Dataset/Gray Leaf Spot/GrayLeafSpot663.jpg,,,,,,disease-class=2_foliar_disease
GrayLeafSpot664,disease/Gray Leaf Spot,Dataset/Coconut Tree Disease Dataset/Gray Leaf Spot/GrayLeafSpot664.jpg,,,,,,disease-class=2_foliar_disease
GrayLeafSpot665,disease/Gray Leaf Spot,Dataset/Coconut Tree Disease Dataset/Gray Leaf Spot/GrayLeafSpot665.jpg,,,,,,disease-class=2_foliar_disease
GrayLeafSpot666,disease/Gray Leaf Spot,Dataset/Coconut Tree Disease Dataset/Gray Leaf Spot/GrayLeafSpot666.jpg,,,,,,disease-class=2_foliar_disease
GrayLeafSpot667,disease/Gray Leaf Spot,Dataset/Coconut Tree Disease Dataset/Gray Leaf Spot/GrayLeafSpot667.jpg,,,,,,disease-class=2_foliar_disease
GrayLeafSpot668,disease/Gray Leaf Spot,Dataset/Coconut Tree Disease Dataset/Gray Leaf Spot/GrayLeafSpot668.jpg,,,,,,disease-class=2_foliar_disease
GrayLeafSpot669,disease/Gray Leaf Spot,Dataset/Coconut Tree Disease Dataset/Gray Leaf Spot/GrayLeafSpot669.jpg,,,,,,disease-class=2_foliar_disease
GrayLeafSpot670,disease/Gray Leaf Spot,Dataset/Coconut Tree Disease Dataset/Gray Leaf Spot/GrayLeafSpot670.jpg,,,,,,disease-class=2_foliar_disease
GrayLeafSpot671,disease/Gray Leaf Spot,Dataset/Coconut Tree Disease Dataset/Gray Leaf Spot/GrayLeafSpot671.jpg,,,,,,disease-class=2_foliar_disease
GrayLeafSpot672,disease/Gray Leaf Spot,Dataset/Coconut Tree Disease Dataset/Gray Leaf Spot/GrayLeafSpot672.jpg,,,,,,disease-class=2_foliar_disease
GrayLeafSpot673,disease/Gray Leaf Spot,Dataset/Coconut Tree Disease Dataset/Gray Leaf Spot/GrayLeafSpot673.jpg,,,,,,disease-class=2_foliar_disease
GrayLeafSpot674,disease/Gray Leaf Spot,Dataset/Coconut Tree Disease Dataset/Gray Leaf Spot/GrayLeafSpot674.jpg,,,,,,disease-class=2_foliar_disease
GrayLeafSpot675,disease/Gray Leaf Spot,Dataset/Coconut Tree Disease Dataset/Gray Leaf Spot/GrayLeafSpot675.jpg,,,,,,disease-class=2_foliar_disease
GrayLeafSpot676,disease/Gray Leaf Spot,Dataset/Coconut Tree Disease Dataset/Gray Leaf Spot/GrayLeafSpot676.jpg,,,,,,disease-class=2_foliar_disease
GrayLeafSpot677,disease/Gray Leaf Spot,Dataset/Coconut Tree Disease Dataset/Gray Leaf Spot/GrayLeafSpot677.jpg,,,,,,disease-class=2_foliar_disease
GrayLeafSpot678,disease/Gray Leaf Spot,Dataset/Coconut Tree Disease Dataset/Gray Leaf Spot/GrayLeafSpot678.jpg,,,,,,disease-class=2_foliar_disease
GrayLeafSpot679,disease/Gray Leaf Spot,Dataset/Coconut Tree Disease Dataset/Gray Leaf Spot/GrayLeafSpot679.jpg,,,,,,disease-class=2_foliar_disease
GrayLeafSpot680,disease/Gray Leaf Spot,Dataset/Coconut Tree Disease Dataset/Gray Leaf Spot/GrayLeafSpot680.jpg,,,,,,disease-class=2_foliar_disease
GrayLeafSpot681,disease/Gray Leaf Spot,Dataset/Coconut Tree Disease Dataset/Gray Leaf Spot/GrayLeafSpot681.jpg,,,,,,disease-class=2_foliar_disease
GrayLeafSpot682,disease/Gray Leaf Spot,Dataset/Coconut Tree Disease Dataset/Gray Leaf Spot/GrayLeafSpot682.jpg,,,,,,disease-class=2_foliar_disease
GrayLeafSpot683,disease/Gray Leaf Spot,Dataset/Coconut Tree Disease Dataset/Gray Leaf Spot/GrayLeafSpot683.jpg,,,,,,disease-class=2_foliar_disease
GrayLeafSpot684,disease/Gray Leaf Spot,Dataset/Coconut Tree Disease Dataset/Gray Leaf Spot/GrayLeafSpot684.jpg,,,,,,disease-class=2_foliar_disease
GrayLeafSpot685,disease/Gray Leaf Spot,Dataset/Coconut Tree Disease Dataset/Gray Leaf Spot/GrayLeafSpot685.jpg,,,,,,disease-class=2_foliar_disease
GrayLeafSpot686,disease/Gray Leaf Spot,Dataset/Coconut Tree Disease Dataset/Gray Leaf Spot/GrayLeafSpot686.jpg,,,,,,disease-class=2_foliar_disease
GrayLeafSpot687,disease/Gray Leaf Spot,Dataset/Coconut Tree Disease Dataset/Gray Leaf Spot/GrayLeafSpot687.jpg,,,,,,disease-class=2_foliar_disease
GrayLeafSpot688,disease/Gray Leaf Spot,Dataset/Coconut Tree Disease Dataset/Gray Leaf Spot/GrayLeafSpot688.jpg,,,,,,disease-class=2_foliar_disease
GrayLeafSpot689,disease/Gray Leaf Spot,Dataset/Coconut Tree Disease Dataset/Gray Leaf Spot/GrayLeafSpot689.jpg,,,,,,disease-class=2_foliar_disease
GrayLeafSpot690,disease/Gray Leaf Spot,Dataset/Coconut Tree Disease Dataset/Gray Leaf Spot/GrayLeafSpot690.jpg,,,,,,disease-class=2_foliar_disease
GrayLeafSpot691,disease/Gray Leaf Spot,Dataset/Coconut Tree Disease Dataset/Gray Leaf Spot/GrayLeafSpot691.jpg,,,,,,disease-class=2_foliar_disease
GrayLeafSpot692,disease/Gray Leaf Spot,Dataset/Coconut Tree Disease Dataset/Gray Leaf Spot/GrayLeafSpot692.jpg,,,,,,disease-class=2_foliar_disease
GrayLeafSpot693,disease/Gray Leaf Spot,Dataset/Coconut Tree Disease Dataset/Gray Leaf Spot/GrayLeafSpot693.jpg,,,,,,disease-class=2_foliar_disease
GrayLeafSpot694,disease/Gray Leaf Spot,Dataset/Coconut Tree Disease Dataset/Gray Leaf Spot/GrayLeafSpot694.jpg,,,,,,disease-class=2_foliar_disease
GrayLeafSpot695,disease/Gray Leaf Spot,Dataset/Coconut Tree Disease Dataset/Gray Leaf Spot/GrayLeafSpot695.jpg,,,,,,disease-class=2_foliar_disease
GrayLeafSpot696,disease/Gray Leaf Spot,Dataset/Coconut Tree Disease Dataset/Gray Leaf Spot/GrayLeafSpot696.jpg,,,,,,disease-class=2_foliar_disease
GrayLeafSpot697,disease/Gray Leaf Spot,Dataset/Coconut Tree Disease Dataset/Gray Leaf Spot/GrayLeafSpot697.jpg,,,,,,disease-class=2_foliar_disease
GrayLeafSpot698,disease/Gray Leaf Spot,Dataset/Coconut Tree Disease Dataset/Gray Leaf Spot/GrayLeafSpot698.jpg,,,,,,disease-class=2_foliar_disease
GrayLeafSpot699,disease/Gray Leaf Spot,Dataset/Coconut Tree Disease Dataset/Gray Leaf Spot/GrayLeafSpot699.jpg,,,,,,disease-class=2_foliar_disease
GrayLeafSpot700,disease/Gray Leaf Spot,Dataset/Coconut Tree Disease Dataset/Gray Leaf Spot/GrayLeafSpot700.jpg,,,,,,disease-class=2_foliar_disease
GrayLeafSpot701,disease/Gray Leaf Spot,Dataset/Coconut Tree Disease Dataset/Gray Leaf Spot/GrayLeafSpot701.jpg,,,,,,disease-class=2_foliar_disease
GrayLeafSpot702,disease/Gray Leaf Spot,Dataset/Coconut Tree Disease Dataset/Gray Leaf Spot/GrayLeafSpot702.jpg,,,,,,disease-class=2_foliar_disease
GrayLeafSpot703,disease/Gray Leaf Spot,Dataset/Coconut Tree Disease Dataset/Gray Leaf Spot/GrayLeafSpot703.jpg,,,,,,disease-class=2_foliar_disease
GrayLeafSpot704,disease/Gray Leaf Spot,Dataset/Coconut Tree Disease Dataset/Gray Leaf Spot/GrayLeafSpot704.jpg,,,,,,disease-class=2_foliar_disease
GrayLeafSpot705,disease/Gray Leaf Spot,Dataset/Coconut Tree Disease Dataset/Gray Leaf Spot/GrayLeafSpot705.jpg,,,,,,disease-class=2_foliar_disease
GrayLeafSpot706,disease/Gray Leaf Spot,Dataset/Coconut Tree Disease Dataset/Gray Leaf Spot/GrayLeafSpot706.jpg,,,,,,disease-class=2_foliar_disease
GrayLeafSpot707,disease/Gray Leaf Spot,Dataset/Coconut Tree Disease Dataset/Gray Leaf Spot/GrayLeafSpot707.jpg,,,,,,disease-class=2_foliar_disease
GrayLeafSpot708,disease/Gray Leaf Spot,Dataset/Coconut Tree Disease Dataset/Gray Leaf Spot/GrayLeafSpot708.jpg,,,,,,disease-class=2_foliar_disease
GrayLeafSpot709,disease/Gray Leaf Spot,Dataset/Coconut Tree Disease Dataset/Gray Leaf Spot/GrayLeafSpot709.jpg,,,,,,disease-class=2_foliar_disease
GrayLeafSpot710,disease/Gray Leaf Spot,Dataset/Coconut Tree Disease Dataset/Gray Leaf Spot/GrayLeafSpot710.jpg,,,,,,disease-class=2_foliar_disease
GrayLeafSpot711,disease/Gray Leaf Spot,Dataset/Coconut Tree Disease Dataset/Gray Leaf Spot/GrayLeafSpot711.jpg,,,,,,disease-class=2_foliar_disease
GrayLeafSpot712,disease/Gray Leaf Spot,Dataset/Coconut Tree Disease Dataset/Gray Leaf Spot/GrayLeafSpot712.jpg,,,,,,disease-class=2_foliar_disease
GrayLeafSpot713,disease/Gray Leaf Spot,Dataset/Coconut Tree Disease Dataset/Gray Leaf Spot/GrayLeafSpot713.jpg,,,,,,disease-class=2_foliar_disease
GrayLeafSpot714,disease/Gray Leaf Spot,Dataset/Coconut Tree Disease Dataset/Gray Leaf Spot/GrayLeafSpot714.jpg,,,,,,disease-class=2_foliar_disease
GrayLeafSpot715,disease/Gray Leaf Spot,Dataset/Coconut Tree Disease Dataset/Gray Leaf Spot/GrayLeafSpot715.jpg,,,,,,disease-class=2_foliar_disease
GrayLeafSpot716,disease/Gray Leaf Spot,Dataset/Coconut Tree Disease Dataset/Gray Leaf Spot/GrayLeafSpot716.jpg,,,,,,disease-class=2_foliar_disease
GrayLeafSpot717,disease/Gray Leaf Spot,Dataset/Coconut Tree Disease Dataset/Gray Leaf Spot/GrayLeafSpot717.jpg,,,,,,disease-class=2_foliar_disease
GrayLeafSpot718,disease/Gray Leaf Spot,Dataset/Coconut Tree Disease Dataset/Gray Leaf Spot/GrayLeafSpot718.jpg,,,,,,disease-class=2_foliar_disease
GrayLeafSpot719,disease/Gray Leaf Spot,Dataset/Coconut Tree Disease Dataset/Gray Leaf Spot/GrayLeafSpot719.jpg,,,,,,disease-class=2_foliar_disease
GrayLeafSpot720,disease/Gray Leaf Spot,Dataset/Coconut Tree Disease Dataset/Gray Leaf Spot/GrayLeafSpot720.jpg,,,,,,disease-class=2_foliar_disease
GrayLeafSpot721,disease/Gray Leaf Spot,Dataset/Coconut Tree Disease Dataset/Gray Leaf Spot/GrayLeafSpot721.jpg,,,,,,disease-class=2_foliar_disease
GrayLeafSpot722,disease/Gray Leaf Spot,Dataset/Coconut Tree Disease Dataset/Gray Leaf Spot/GrayLeafSpot722.jpg,,,,,,disease-class=2_foliar_disease
GrayLeafSpot723,disease/Gray Leaf Spot,Dataset/Coconut Tree Disease Dataset/Gray Leaf Spot/GrayLeafSpot723.jpg,,,,,,disease-class=2_foliar_disease
GrayLeafSpot724,disease/Gray Leaf Spot,Dataset/Coconut Tree Disease Dataset/Gray Leaf Spot/GrayLeafSpot724.jpg,,,,,,disease-class=2_foliar_disease
GrayLeafSpot725,disease/Gray Leaf Spot,Dataset/Coconut Tree Disease Dataset/Gray Leaf Spot/GrayLeafSpot725.jpg,,,,,,disease-class=2_foliar_disease
GrayLeafSpot726,disease/Gray Leaf Spot,Dataset/Coconut Tree Disease Dataset/Gray Leaf Spot/GrayLeafSpot726.jpg,,,,,,disease-class=2_foliar_disease
GrayLeafSpot727,disease/Gray Leaf Spot,Dataset/Coconut Tree Disease Dataset/Gray Leaf Spot/GrayLeafSpot727.jpg,,,,,,disease-class=2_foliar_disease
GrayLeafSpot728,disease/Gray Leaf Spot,Dataset/Coconut Tree Disease Dataset/Gray Leaf Spot/GrayLeafSpot728.jpg,,,,,,disease-class=2_foliar_disease
GrayLeafSpot729,disease/Gray Leaf Spot,Dataset/Coconut Tree Disease Dataset/Gray Leaf Spot/GrayLeafSpot729.jpg,,,,,,disease-class=2_foliar_disease
GrayLeafSpot730,disease/Gray Leaf Spot,Dataset/Coconut Tree Disease Dataset/Gray Leaf Spot/GrayLeafSpot730.jpg,,,,,,disease-class=2_foliar_disease
GrayLeafSpot731,disease/Gray Leaf Spot,Dataset/Coconut Tree Disease Dataset/Gray Leaf Spot/GrayLeafSpot731.jpg,,,,,,disease-class=2_foliar_disease
GrayLeafSpot732,disease/Gray Leaf Spot,Dataset/Coconut Tree Disease Dataset/Gray Leaf Spot/GrayLeafSpot732.jpg,,,,,,disease-class=2_foliar_disease
GrayLeafSpot733,disease/Gray Leaf Spot,Dataset/Coconut Tree Disease Dataset/Gray Leaf Spot/GrayLeafSpot733.jpg,,,,,,disease-class=2_foliar_disease
GrayLeafSpot734,disease/Gray Leaf Spot,Dataset/Coconut Tree Disease Dataset/Gray Leaf Spot/GrayLeafSpot734.jpg,,,,,,disease-class=2_foliar_disease
GrayLeafSpot735,disease/Gray Leaf Spot,Dataset/Coconut Tree Disease Dataset/Gray Leaf Spot/GrayLeafSpot735.jpg,,,,,,disease-class=2_foliar_disease
GrayLeafSpot736,disease/Gray Leaf Spot,Dataset/Coconut Tree Disease Dataset/Gray Leaf Spot/GrayLeafSpot736.jpg,,,,,,disease-class=2_foliar_disease
GrayLeafSpot737,disease/Gray Leaf Spot,Dataset/Coconut Tree Disease Dataset/Gray Leaf Spot/GrayLeafSpot737.jpg,,,,,,disease-class=2_foliar_disease
GrayLeafSpot738,disease/Gray Leaf Spot,Dataset/Coconut Tree Disease Dataset/Gray Leaf Spot/GrayLeafSpot738.jpg,,,,,,disease-class=2_foliar_disease
GrayLeafSpot739,disease/Gray Leaf Spot,Dataset/Coconut Tree Disease Dataset/Gray Leaf Spot/GrayLeafSpot739.jpg,,,,,,disease-class=2_foliar_disease
GrayLeafSpot740,disease/Gray Leaf Spot,Dataset/Coconut Tree Disease Dataset/Gray Leaf Spot/GrayLeafSpot740.jpg,,,,,,disease-class=2_foliar_disease
GrayLeafSpot741,disease/Gray Leaf Spot,Dataset/Coconut Tree Disease Dataset/Gray Leaf Spot/GrayLeafSpot741.jpg,,,,,,disease-class=2_foliar_disease
GrayLeafSpot742,disease/Gray Leaf Spot,Dataset/Coconut Tree Disease Dataset/Gray Leaf Spot/GrayLeafSpot742.jpg,,,,,,disease-class=2_foliar_disease
GrayLeafSpot743,disease/Gray Leaf Spot,Dataset/Coconut Tree Disease Dataset/Gray Leaf Spot/GrayLeafSpot743.jpg,,,,,,disease-class=2_foliar_disease
GrayLeafSpot744,disease/Gray Leaf Spot,Dataset/Coconut Tree Disease Dataset/Gray Leaf Spot/GrayLeafSpot744.jpg,,,,,,disease-class=2_foliar_disease
GrayLeafSpot745,disease/Gray Leaf Spot,Dataset/Coconut Tree Disease Dataset/Gray Leaf Spot/GrayLeafSpot745.jpg,,,,,,disease-class=2_foliar_disease
GrayLeafSpot746,disease/Gray Leaf Spot,Dataset/Coconut Tree Disease Dataset/Gray Leaf Spot/GrayLeafSpot746.jpg,,,,,,disease-class=2_foliar_disease
GrayLeafSpot747,disease/Gray Leaf Spot,Dataset/Coconut Tree Disease Dataset/Gray Leaf Spot/GrayLeafSpot747.jpg,,,,,,disease-class=2_foliar_disease
GrayLeafSpot748,disease/Gray Leaf Spot,Dataset/Coconut Tree Disease Dataset/Gray Leaf Spot/GrayLeafSpot748.jpg,,,,,,disease-class=2_foliar_disease
GrayLeafSpot749,disease/Gray Leaf Spot,Dataset/Coconut Tree Disease Dataset/Gray Leaf Spot/GrayLeafSpot749.jpg,,,,,,disease-class=2_foliar_disease
GrayLeafSpot750,disease/Gray Leaf Spot,Dataset/Coconut Tree Disease Dataset/Gray Leaf Spot/GrayLeafSpot750.jpg,,,,,,disease-class=2_foliar_disease
GrayLeafSpot751,disease/Gray Leaf Spot,Dataset/Coconut Tree Disease Dataset/Gray Leaf Spot/GrayLeafSpot751.jpg,,,,,,disease-class=2_foliar_disease
GrayLeafSpot752,disease/Gray Leaf Spot,Dataset/Coconut Tree Disease Dataset/Gray Leaf Spot/GrayLeafSpot752.jpg,,,,,,disease-class=2_foliar_disease
GrayLeafSpot753,disease/Gray Leaf Spot,Dataset/Coconut Tree Disease Dataset/Gray Leaf Spot/GrayLeafSpot753.jpg,,,,,,disease-class=2_foliar_disease
GrayLeafSpot754,disease/Gray Leaf Spot,Dataset/Coconut Tree Disease Dataset/Gray Leaf Spot/GrayLeafSpot754.jpg,,,,,,disease-class=2_foliar_disease
GrayLeafSpot755,disease/Gray Leaf Spot,Dataset/Coconut Tree Disease Dataset/Gray Leaf Spot/GrayLeafSpot755.jpg,,,,,,disease-class=2_foliar_disease
GrayLeafSpot756,disease/Gray Leaf Spot,Dataset/Coconut Tree Disease Dataset/Gray Leaf Spot/GrayLeafSpot756.jpg,,,,,,disease-class=2_foliar_disease
GrayLeafSpot757,disease/Gray Leaf Spot,Dataset/Coconut Tree Disease Dataset/Gray Leaf Spot/GrayLeafSpot757.jpg,,,,,,disease-class=2_foliar_disease
GrayLeafSpot758,disease/Gray Leaf Spot,Dataset/Coconut Tree Disease Dataset/Gray Leaf Spot/GrayLeafSpot758.jpg,,,,,,disease-class=2_foliar_disease
GrayLeafSpot759,disease/Gray Leaf Spot,Dataset/Coconut Tree Disease Dataset/Gray Leaf Spot/GrayLeafSpot759.jpg,,,,,,disease-class=2_foliar_disease
GrayLeafSpot760,disease/Gray Leaf Spot,Dataset/Coconut Tree Disease Dataset/Gray Leaf Spot/GrayLeafSpot760.jpg,,,,,,disease-class=2_foliar_disease
GrayLeafSpot761,disease/Gray Leaf Spot,Dataset/Coconut Tree Disease Dataset/Gray Leaf Spot/GrayLeafSpot761.jpg,,,,,,disease-class=2_foliar_disease
GrayLeafSpot762,disease/Gray Leaf Spot,Dataset/Coconut Tree Disease Dataset/Gray Leaf Spot/GrayLeafSpot762.jpg,,,,,,disease-class=2_foliar_disease
GrayLeafSpot763,disease/Gray Leaf Spot,Dataset/Coconut Tree Disease Dataset/Gray Leaf Spot/GrayLeafSpot763.jpg,,,,,,disease-class=2_foliar_disease
GrayLeafSpot764,disease/Gray Leaf Spot,Dataset/Coconut Tree Disease Dataset/Gray Leaf Spot/GrayLeafSpot764.jpg,,,,,,disease-class=2_foliar_disease
GrayLeafSpot765,disease/Gray Leaf Spot,Dataset/Coconut Tree Disease Dataset/Gray Leaf Spot/GrayLeafSpot765.jpg,,,,,,disease-class=2_foliar_disease
GrayLeafSpot766,disease/Gray Leaf Spot,Dataset/Coconut Tree Disease Dataset/Gray Leaf Spot/GrayLeafSpot766.jpg,,,,,,disease-class=2_foliar_disease
GrayLeafSpot767,disease/Gray Leaf Spot,Dataset/Coconut Tree Disease Dataset/Gray Leaf Spot/GrayLeafSpot767.jpg,,,,,,disease-class=2_foliar_disease
GrayLeafSpot768,disease/Gray Leaf Spot,Dataset/Coconut Tree Disease Dataset/Gray Leaf Spot/GrayLeafSpot768.jpg,,,,,,disease-class=2_foliar_disease
GrayLeafSpot769,disease/Gray Leaf Spot,Dataset/Coconut Tree Disease Dataset/Gray Leaf Spot/GrayLeafSpot769.jpg,,,,,,disease-class=2_foliar_disease
GrayLeafSpot770,disease/Gray Leaf Spot,Dataset/Coconut Tree Disease Dataset/Gray Leaf Spot/GrayLeafSpot770.jpg,,,,,,disease-class=2_foliar_disease
GrayLeafSpot771,disease/Gray Leaf Spot,Dataset/Coconut Tree Disease Dataset/Gray Leaf Spot/GrayLeafSpot771.jpg,,,,,,disease-class=2_foliar_disease
GrayLeafSpot772,disease/Gray Leaf Spot,Dataset/Coconut Tree Disease Dataset/Gray Leaf Spot/GrayLeafSpot772.jpg,,,,,,disease-class=2_foliar_disease
GrayLeafSpot773,disease/Gray Leaf Spot,Dataset/Coconut Tree Disease Dataset/Gray Leaf Spot/GrayLeafSpot773.jpg,,,,,,disease-class=2_foliar_disease
GrayLeafSpot774,disease/Gray Leaf Spot,Dataset/Coconut Tree Disease Dataset/Gray Leaf Spot/GrayLeafSpot774.jpg,,,,,,disease-class=2_foliar_disease
GrayLeafSpot775,disease/Gray Leaf Spot,Dataset/Coconut Tree Disease Dataset/Gray Leaf Spot/GrayLeafSpot775.jpg,,,,,,disease-class=2_foliar_disease
GrayLeafSpot776,disease/Gray Leaf Spot,Dataset/Coconut Tree Disease Dataset/Gray Leaf Spot/GrayLeafSpot776.jpg,,,,,,disease-class=2_foliar_disease
GrayLeafSpot777,disease/Gray Leaf Spot,Dataset/Coconut Tree Disease Dataset/Gray Leaf Spot/GrayLeafSpot777.jpg,,,,,,disease-class=2_foliar_disease
GrayLeafSpot778,disease/Gray Leaf Spot,Dataset/Coconut Tree Disease Dataset/Gray Leaf Spot/GrayLeafSpot778.jpg,,,,,,disease-class=2_foliar_disease
GrayLeafSpot779,disease/Gray Leaf Spot,Dataset/Coconut Tree Disease Dataset/Gray Leaf Spot/GrayLeafSpot779.jpg,,,,,,disease-class=2_foliar_disease
GrayLeafSpot780,disease/Gray Leaf Spot,Dataset/Coconut Tree Disease Dataset/Gray Leaf Spot/GrayLeafSpot780.jpg,,,,,,disease-class=2_foliar_disease
GrayLeafSpot781,disease/Gray Leaf Spot,Dataset/Coconut Tree Disease Dataset/Gray Leaf Spot/GrayLeafSpot781.jpg,,,,,,disease-class=2_foliar_disease
GrayLeafSpot782,disease/Gray Leaf Spot,Dataset/Coconut Tree Disease Dataset/Gray Leaf Spot/GrayLeafSpot782.jpg,,,,,,disease-class=2_foliar_disease
GrayLeafSpot783,disease/Gray Leaf Spot,Dataset/Coconut Tree Disease Dataset/Gray Leaf Spot/GrayLeafSpot783.jpg,,,,,,disease-class=2_foliar_disease
GrayLeafSpot784,disease/Gray Leaf Spot,Dataset/Coconut Tree Disease Dataset/Gray Leaf Spot/GrayLeafSpot784.jpg,,,,,,disease-class=2_foliar_disease
GrayLeafSpot785,disease/Gray Leaf Spot,Dataset/Coconut Tree Disease Dataset/Gray Leaf Spot/GrayLeafSpot785.jpg,,,,,,disease-class=2_foliar_disease
GrayLeafSpot786,disease/Gray Leaf Spot,Dataset/Coconut Tree Disease Dataset/Gray Leaf Spot/GrayLeafSpot786.jpg,,,,,,disease-class=2_foliar_disease
GrayLeafSpot787,disease/Gray Leaf Spot,Dataset/Coconut Tree Disease Dataset/Gray Leaf Spot/GrayLeafSpot787.jpg,,,,,,disease-class=2_foliar_disease
GrayLeafSpot788,disease/Gray Leaf Spot,Dataset/Coconut Tree Disease Dataset/Gray Leaf Spot/GrayLeafSpot788.jpg,,,,,,disease-class=2_foliar_disease
GrayLeafSpot789,disease/Gray Leaf Spot,Dataset/Coconut Tree Disease Dataset/Gray Leaf Spot/GrayLeafSpot789.jpg,,,,,,disease-class=2_foliar_disease
GrayLeafSpot790,disease/Gray Leaf Spot,Dataset/Coconut Tree Disease Dataset/Gray Leaf Spot/GrayLeafSpot790.jpg,,,,,,disease-class=2_foliar_disease
GrayLeafSpot791,disease/Gray Leaf Spot,Dataset/Coconut Tree Disease Dataset/Gray Leaf Spot/GrayLeafSpot791.jpg,,,,,,disease-class=2_foliar_disease
GrayLeafSpot792,disease/Gray Leaf Spot,Dataset/Coconut Tree Disease Dataset/Gray Leaf Spot/GrayLeafSpot792.jpg,,,,,,disease-class=2_foliar_disease
GrayLeafSpot793,disease/Gray Leaf Spot,Dataset/Coconut Tree Disease Dataset/Gray Leaf Spot/GrayLeafSpot793.jpg,,,,,,disease-class=2_foliar_disease
GrayLeafSpot794,disease/Gray Leaf Spot,Dataset/Coconut Tree Disease Dataset/Gray Leaf Spot/GrayLeafSpot794.jpg,,,,,,disease-class=2_foliar_disease
GrayLeafSpot795,disease/Gray Leaf Spot,Dataset/Coconut Tree Disease Dataset/Gray Leaf Spot/GrayLeafSpot795.jpg,,,,,,disease-class=2_foliar_disease
GrayLeafSpot796,disease/Gray Leaf Spot,Dataset/Coconut Tree Disease Dataset/Gray Leaf Spot/GrayLeafSpot796.jpg,,,,,,disease-class=2_foliar_disease
GrayLeafSpot797,disease/Gray Leaf Spot,Dataset/Coconut Tree Disease Dataset/Gray Leaf Spot/GrayLeafSpot797.jpg,,,,,,disease-class=2_foliar_disease
GrayLeafSpot798,disease/Gray Leaf Spot,Dataset/Coconut Tree Disease Dataset/Gray Leaf Spot/GrayLeafSpot798.jpg,,,,,,disease-class=2_foliar_disease
GrayLeafSpot799,disease/Gray Leaf Spot,Dataset/Coconut Tree Disease Dataset/Gray Leaf Spot/GrayLeafSpot799.jpg,,,,,,disease-class=2_foliar_disease
GrayLeafSpot800,disease/Gray Leaf Spot,Dataset/Coconut Tree Disease Dataset/Gray Leaf Spot/GrayLeafSpot800.jpg,,,,,,disease-class=2_foliar_disease
GrayLeafSpot801,disease/Gray Leaf Spot,Dataset/Coconut Tree Disease Dataset/Gray Leaf Spot/GrayLeafSpot801.jpg,,,,,,disease-class=2_foliar_disease
GrayLeafSpot802,disease/Gray Leaf Spot,Dataset/Coconut Tree Disease Dataset/Gray Leaf Spot/GrayLeafSpot802.jpg,,,,,,disease-class=2_foliar_disease
GrayLeafSpot803,disease/Gray Leaf Spot,Dataset/Coconut Tree Disease Dataset/Gray Leaf Spot/GrayLeafSpot803.jpg,,,,,,disease-class=2_foliar_disease
GrayLeafSpot804,disease/Gray Leaf Spot,Dataset/Coconut Tree Disease Dataset/Gray Leaf Spot/GrayLeafSpot804.jpg,,,,,,disease-class=2_foliar_disease
GrayLeafSpot805,disease/Gray Leaf Spot,Dataset/Coconut Tree Disease Dataset/Gray Leaf Spot/GrayLeafSpot805.jpg,,,,,,disease-class=2_foliar_disease
GrayLeafSpot806,disease/Gray Leaf Spot,Dataset/Coconut Tree Disease Dataset/Gray Leaf Spot/GrayLeafSpot806.jpg,,,,,,disease-class=2_foliar_disease
GrayLeafSpot807,disease/Gray Leaf Spot,Dataset/Coconut Tree Disease Dataset/Gray Leaf Spot/GrayLeafSpot807.jpg,,,,,,disease-class=2_foliar_disease
GrayLeafSpot808,disease/Gray Leaf Spot,Dataset/Coconut Tree Disease Dataset/Gray Leaf Spot/GrayLeafSpot808.jpg,,,,,,disease-class=2_foliar_disease
GrayLeafSpot809,disease/Gray Leaf Spot,Dataset/Coconut Tree Disease Dataset/Gray Leaf Spot/GrayLeafSpot809.jpg,,,,,,disease-class=2_foliar_disease
GrayLeafSpot810,disease/Gray Leaf Spot,Dataset/Coconut Tree Disease Dataset/Gray Leaf Spot/GrayLeafSpot810.jpg,,,,,,disease-class=2_foliar_disease
GrayLeafSpot811,disease/Gray Leaf Spot,Dataset/Coconut Tree Disease Dataset/Gray Leaf Spot/GrayLeafSpot811.jpg,,,,,,disease-class=2_foliar_disease
GrayLeafSpot812,disease/Gray Leaf Spot,Dataset/Coconut Tree Disease Dataset/Gray Leaf Spot/GrayLeafSpot812.jpg,,,,,,disease-class=2_foliar_disease
GrayLeafSpot813,disease/Gray Leaf Spot,Dataset/Coconut Tree Disease Dataset/Gray Leaf Spot/GrayLeafSpot813.jpg,,,,,,disease-class=2_foliar_disease
GrayLeafSpot814,disease/Gray Leaf Spot,Dataset/Coconut Tree Disease Dataset/Gray Leaf Spot/GrayLeafSpot814.jpg,,,,,,disease-class=2_foliar_disease
GrayLeafSpot815,disease/Gray Leaf Spot,Dataset/Coconut Tree Disease Dataset/Gray Leaf Spot/GrayLeafSpot815.jpg,,,,,,disease-class=2_foliar_disease
GrayLeafSpot816,disease/Gray Leaf Spot,Dataset/Coconut Tree Disease Dataset/Gray Leaf Spot/GrayLeafSpot816.jpg,,,,,,disease-class=2_foliar_disease
GrayLeafSpot817,disease/Gray Leaf Spot,Dataset/Coconut Tree Disease Dataset/Gray Leaf Spot/GrayLeafSpot817.jpg,,,,,,disease-class=2_foliar_disease
GrayLeafSpot818,disease/Gray Leaf Spot,Dataset/Coconut Tree Disease Dataset/Gray Leaf Spot/GrayLeafSpot818.jpg,,,,,,disease-class=2_foliar_disease
GrayLeafSpot819,disease/Gray Leaf Spot,Dataset/Coconut Tree Disease Dataset/Gray Leaf Spot/GrayLeafSpot819.jpg,,,,,,disease-class=2_foliar_disease
GrayLeafSpot820,disease/Gray Leaf Spot,Dataset/Coconut Tree Disease Dataset/Gray Leaf Spot/GrayLeafSpot820.jpg,,,,,,disease-class=2_foliar_disease
GrayLeafSpot821,disease/Gray Leaf Spot,Dataset/Coconut Tree Disease Dataset/Gray Leaf Spot/GrayLeafSpot821.jpg,,,,,,disease-class=2_foliar_disease
GrayLeafSpot822,disease/Gray Leaf Spot,Dataset/Coconut Tree Disease Dataset/Gray Leaf Spot/GrayLeafSpot822.jpg,,,,,,disease-class=2_foliar_disease
GrayLeafSpot823,disease/Gray Leaf Spot,Dataset/Coconut Tree Disease Dataset/Gray Leaf Spot/GrayLeafSpot823.jpg,,,,,,disease-class=2_foliar_disease
GrayLeafSpot824,disease/Gray Leaf Spot,Dataset/Coconut Tree Disease Dataset/Gray Leaf Spot/GrayLeafSpot824.jpg,,,,,,disease-class=2_foliar_disease
GrayLeafSpot825,disease/Gray Leaf Spot,Dataset/Coconut Tree Disease Dataset/Gray Leaf Spot/GrayLeafSpot825.jpg,,,,,,disease-class=2_foliar_disease
GrayLeafSpot826,disease/Gray Leaf Spot,Dataset/Coconut Tree Disease Dataset/Gray Leaf Spot/GrayLeafSpot826.jpg,,,,,,disease-class=2_foliar_disease
GrayLeafSpot827,disease/Gray Leaf Spot,Dataset/Coconut Tree Disease Dataset/Gray Leaf Spot/GrayLeafSpot827.jpg,,,,,,disease-class=2_foliar_disease
GrayLeafSpot828,disease/Gray Leaf Spot,Dataset/Coconut Tree Disease Dataset/Gray Leaf Spot/GrayLeafSpot828.jpg,,,,,,disease-class=2_foliar_disease
GrayLeafSpot829,disease/Gray Leaf Spot,Dataset/Coconut Tree Disease Dataset/Gray Leaf Spot/GrayLeafSpot829.jpg,,,,,,disease-class=2_foliar_disease
GrayLeafSpot830,disease/Gray Leaf Spot,Dataset/Coconut Tree Disease Dataset/Gray Leaf Spot/GrayLeafSpot830.jpg,,,,,,disease-class=2_foliar_disease
GrayLeafSpot831,disease/Gray Leaf Spot,Dataset/Coconut Tree Disease Dataset/Gray Leaf Spot/GrayLeafSpot831.jpg,,,,,,disease-class=2_foliar_disease
GrayLeafSpot832,disease/Gray Leaf Spot,Dataset/Coconut Tree Disease Dataset/Gray Leaf Spot/GrayLeafSpot832.jpg,,,,,,disease-class=2_foliar_disease
GrayLeafSpot833,disease/Gray Leaf Spot,Dataset/Coconut Tree Disease Dataset/Gray Leaf Spot/GrayLeafSpot833.jpg,,,,,,disease-class=2_foliar_disease
GrayLeafSpot834,disease/Gray Leaf Spot,Dataset/Coconut Tree Disease Dataset/Gray Leaf Spot/GrayLeafSpot834.jpg,,,,,,disease-class=2_foliar_disease
GrayLeafSpot835,disease/Gray Leaf Spot,Dataset/Coconut Tree Disease Dataset/Gray Leaf Spot/GrayLeafSpot835.jpg,,,,,,disease-class=2_foliar_disease
GrayLeafSpot836,disease/Gray Leaf Spot,Dataset/Coconut Tree Disease Dataset/Gray Leaf Spot/GrayLeafSpot836.jpg,,,,,,disease-class=2_foliar_disease
GrayLeafSpot837,disease/Gray Leaf Spot,Dataset/Coconut Tree Disease Dataset/Gray Leaf Spot/GrayLeafSpot837.jpg,,,,,,disease-class=2_foliar_disease
GrayLeafSpot838,disease/Gray Leaf Spot,Dataset/Coconut Tree Disease Dataset/Gray Leaf Spot/GrayLeafSpot838.jpg,,,,,,disease-class=2_foliar_disease
GrayLeafSpot839,disease/Gray Leaf Spot,Dataset/Coconut Tree Disease Dataset/Gray Leaf Spot/GrayLeafSpot839.jpg,,,,,,disease-class=2_foliar_disease
GrayLeafSpot840,disease/Gray Leaf Spot,Dataset/Coconut Tree Disease Dataset/Gray Leaf Spot/GrayLeafSpot840.jpg,,,,,,disease-class=2_foliar_disease
GrayLeafSpot841,disease/Gray Leaf Spot,Dataset/Coconut Tree Disease Dataset/Gray Leaf Spot/GrayLeafSpot841.jpg,,,,,,disease-class=2_foliar_disease
GrayLeafSpot842,disease/Gray Leaf Spot,Dataset/Coconut Tree Disease Dataset/Gray Leaf Spot/GrayLeafSpot842.jpg,,,,,,disease-class=2_foliar_disease
GrayLeafSpot843,disease/Gray Leaf Spot,Dataset/Coconut Tree Disease Dataset/Gray Leaf Spot/GrayLeafSpot843.jpg,,,,,,disease-class=2_foliar_disease
GrayLeafSpot844,disease/Gray Leaf Spot,Dataset/Coconut Tree Disease Dataset/Gray Leaf Spot/GrayLeafSpot844.jpg,,,,,,disease-class=2_foliar_disease
GrayLeafSpot845,disease/Gray Leaf Spot,Dataset/Coconut Tree Disease Dataset/Gray Leaf Spot/GrayLeafSpot845.jpg,,,,,,disease-class=2_foliar_disease
GrayLeafSpot846,disease/Gray Leaf Spot,Dataset/Coconut Tree Disease Dataset/Gray Leaf Spot/GrayLeafSpot846.jpg,,,,,,disease-class=2_foliar_disease
GrayLeafSpot847,disease/Gray Leaf Spot,Dataset/Coconut Tree Disease Dataset/Gray Leaf Spot/GrayLeafSpot847.jpg,,,,,,disease-class=2_foliar_disease
GrayLeafSpot848,disease/Gray Leaf Spot,Dataset/Coconut Tree Disease Dataset/Gray Leaf Spot/GrayLeafSpot848.jpg,,,,,,disease-class=2_foliar_disease
GrayLeafSpot849,disease/Gray Leaf Spot,Dataset/Coconut Tree Disease Dataset/Gray Leaf Spot/GrayLeafSpot849.jpg,,,,,,disease-class=2_foliar_disease
GrayLeafSpot850,disease/Gray Leaf Spot,Dataset/Coconut Tree Disease Dataset/Gray Leaf Spot/GrayLeafSpot850.jpg,,,,,,disease-class=2_foliar_disease
GrayLeafSpot851,disease/Gray Leaf Spot,Dataset/Coconut Tree Disease Dataset/Gray Leaf Spot/GrayLeafSpot851.jpg,,,,,,disease-class=2_foliar_disease
GrayLeafSpot852,disease/Gray Leaf Spot,Dataset/Coconut Tree Disease Dataset/Gray Leaf Spot/GrayLeafSpot852.jpg,,,,,,disease-class=2_foliar_disease
GrayLeafSpot853,disease/Gray Leaf Spot,Dataset/Coconut Tree Disease Dataset/Gray Leaf Spot/GrayLeafSpot853.jpg,,,,,,disease-class=2_foliar_disease
GrayLeafSpot854,disease/Gray Leaf Spot,Dataset/Coconut Tree Disease Dataset/Gray Leaf Spot/GrayLeafSpot854.jpg,,,,,,disease-class=2_foliar_disease
GrayLeafSpot855,disease/Gray Leaf Spot,Dataset/Coconut Tree Disease Dataset/Gray Leaf Spot/GrayLeafSpot855.jpg,,,,,,disease-class=2_foliar_disease
GrayLeafSpot856,disease/Gray Leaf Spot,Dataset/Coconut Tree Disease Dataset/Gray Leaf Spot/GrayLeafSpot856.jpg,,,,,,disease-class=2_foliar_disease
GrayLeafSpot857,disease/Gray Leaf Spot,Dataset/Coconut Tree Disease Dataset/Gray Leaf Spot/GrayLeafSpot857.jpg,,,,,,disease-class=2_foliar_disease
GrayLeafSpot858,disease/Gray Leaf Spot,Dataset/Coconut Tree Disease Dataset/Gray Leaf Spot/GrayLeafSpot858.jpg,,,,,,disease-class=2_foliar_disease
GrayLeafSpot859,disease/Gray Leaf Spot,Dataset/Coconut Tree Disease Dataset/Gray Leaf Spot/GrayLeafSpot859.jpg,,,,,,disease-class=2_foliar_disease
GrayLeafSpot860,disease/Gray Leaf Spot,Dataset/Coconut Tree Disease Dataset/Gray Leaf Spot/GrayLeafSpot860.jpg,,,,,,disease-class=2_foliar_disease
GrayLeafSpot861,disease/Gray Leaf Spot,Dataset/Coconut Tree Disease Dataset/Gray Leaf Spot/GrayLeafSpot861.jpg,,,,,,disease-class=2_foliar_disease
GrayLeafSpot862,disease/Gray Leaf Spot,Dataset/Coconut Tree Disease Dataset/Gray Leaf Spot/GrayLeafSpot862.jpg,,,,,,disease-class=2_foliar_disease
GrayLeafSpot863,disease/Gray Leaf Spot,Dataset/Coconut Tree Disease Dataset/Gray Leaf Spot/GrayLeafSpot863.jpg,,,,,,disease-class=2_foliar_disease
GrayLeafSpot864,disease/Gray Leaf Spot,Dataset/Coconut Tree Disease Dataset/Gray Leaf Spot/GrayLeafSpot864.jpg,,,,,,disease-class=2_foliar_disease
GrayLeafSpot865,disease/Gray Leaf Spot,Dataset/Coconut Tree Disease Dataset/Gray Leaf Spot/GrayLeafSpot865.jpg,,,,,,disease-class=2_foliar_disease
GrayLeafSpot866,disease/Gray Leaf Spot,Dataset/Coconut Tree Disease Dataset/Gray Leaf Spot/GrayLeafSpot866.jpg,,,,,,disease-class=2_foliar_disease
GrayLeafSpot867,disease/Gray Leaf Spot,Dataset/Coconut Tree Disease Dataset/Gray Leaf Spot/GrayLeafSpot867.jpg,,,,,,disease-class=2_foliar_disease
GrayLeafSpot868,disease/Gray Leaf Spot,Dataset/Coconut Tree Disease Dataset/Gray Leaf Spot/GrayLeafSpot868.jpg,,,,,,disease-class=2_foliar_disease
GrayLeafSpot869,disease/Gray Leaf Spot,Dataset/Coconut Tree Disease Dataset/Gray Leaf Spot/GrayLeafSpot869.jpg,,,,,,disease-class=2_foliar_disease
GrayLeafSpot870,disease/Gray Leaf Spot,Dataset/Coconut Tree Disease Dataset/Gray Leaf Spot/GrayLeafSpot870.jpg,,,,,,disease-class=2_foliar_disease
GrayLeafSpot871,disease/Gray Leaf Spot,Dataset/Coconut Tree Disease Dataset/Gray Leaf Spot/GrayLeafSpot871.jpg,,,,,,disease-class=2_foliar_disease
GrayLeafSpot872,disease/Gray Leaf Spot,Dataset/Coconut Tree Disease Dataset/Gray Leaf Spot/GrayLeafSpot872.jpg,,,,,,disease-class=2_foliar_disease
GrayLeafSpot873,disease/Gray Leaf Spot,Dataset/Coconut Tree Disease Dataset/Gray Leaf Spot/GrayLeafSpot873.jpg,,,,,,disease-class=2_foliar_disease
GrayLeafSpot874,disease/Gray Leaf Spot,Dataset/Coconut Tree Disease Dataset/Gray Leaf Spot/GrayLeafSpot874.jpg,,,,,,disease-class=2_foliar_disease
GrayLeafSpot875,disease/Gray Leaf Spot,Dataset/Coconut Tree Disease Dataset/Gray Leaf Spot/GrayLeafSpot875.jpg,,,,,,disease-class=2_foliar_disease
GrayLeafSpot876,disease/Gray Leaf Spot,Dataset/Coconut Tree Disease Dataset/Gray Leaf Spot/GrayLeafSpot876.jpg,,,,,,disease-class=2_foliar_disease
GrayLeafSpot877,disease/Gray Leaf Spot,Dataset/Coconut Tree Disease Dataset/Gray Leaf Spot/GrayLeafSpot877.jpg,,,,,,disease-class=2_foliar_disease
GrayLeafSpot878,disease/Gray Leaf Spot,Dataset/Coconut Tree Disease Dataset/Gray Leaf Spot/GrayLeafSpot878.jpg,,,,,,disease-class=2_foliar_disease
GrayLeafSpot879,disease/Gray Leaf Spot,Dataset/Coconut Tree Disease Dataset/Gray Leaf Spot/GrayLeafSpot879.jpg,,,,,,disease-class=2_foliar_disease
GrayLeafSpot880,disease/Gray Leaf Spot,Dataset/Coconut Tree Disease Dataset/Gray Leaf Spot/GrayLeafSpot880.jpg,,,,,,disease-class=2_foliar_disease
GrayLeafSpot881,disease/Gray Leaf Spot,Dataset/Coconut Tree Disease Dataset/Gray Leaf Spot/GrayLeafSpot881.jpg,,,,,,disease-class=2_foliar_disease
GrayLeafSpot882,disease/Gray Leaf Spot,Dataset/Coconut Tree Disease Dataset/Gray Leaf Spot/GrayLeafSpot882.jpg,,,,,,disease-class=2_foliar_disease
GrayLeafSpot883,disease/Gray Leaf Spot,Dataset/Coconut Tree Disease Dataset/Gray Leaf Spot/GrayLeafSpot883.jpg,,,,,,disease-class=2_foliar_disease
GrayLeafSpot884,disease/Gray Leaf Spot,Dataset/Coconut Tree Disease Dataset/Gray Leaf Spot/GrayLeafSpot884.jpg,,,,,,disease-class=2_foliar_disease
GrayLeafSpot885,disease/Gray Leaf Spot,Dataset/Coconut Tree Disease Dataset/Gray Leaf Spot/GrayLeafSpot885.jpg,,,,,,disease-class=2_foliar_disease
GrayLeafSpot886,disease/Gray Leaf Spot,Dataset/Coconut Tree Disease Dataset/Gray Leaf Spot/GrayLeafSpot886.jpg,,,,,,disease-class=2_foliar_disease
GrayLeafSpot887,disease/Gray Leaf Spot,Dataset/Coconut Tree Disease Dataset/Gray Leaf Spot/GrayLeafSpot887.jpg,,,,,,disease-class=2_foliar_disease
GrayLeafSpot888,disease/Gray Leaf Spot,Dataset/Coconut Tree Disease Dataset/Gray Leaf Spot/GrayLeafSpot888.jpg,,,,,,disease-class=2_foliar_disease
GrayLeafSpot889,disease/Gray Leaf Spot,Dataset/Coconut Tree Disease Dataset/Gray Leaf Spot/GrayLeafSpot889.jpg,,,,,,disease-class=2_foliar_disease
GrayLeafSpot890,disease/Gray Leaf Spot,Dataset/Coconut Tree Disease Dataset/Gray Leaf Spot/GrayLeafSpot890.jpg,,,,,,disease-class=2_foliar_disease
GrayLeafSpot891,disease/Gray Leaf Spot,Dataset/Coconut Tree Disease Dataset/Gray Leaf Spot/GrayLeafSpot891.jpg,,,,,,disease-class=2_foliar_disease
GrayLeafSpot892,disease/Gray Leaf Spot,Dataset/Coconut Tree Disease Dataset/Gray Leaf Spot/GrayLeafSpot892.jpg,,,,,,disease-class=2_foliar_disease
GrayLeafSpot893,disease/Gray Leaf Spot,Dataset/Coconut Tree Disease Dataset/Gray Leaf Spot/GrayLeafSpot893.jpg,,,,,,disease-class=2_foliar_disease
GrayLeafSpot894,disease/Gray Leaf Spot,Dataset/Coconut Tree Disease Dataset/Gray Leaf Spot/GrayLeafSpot894.jpg,,,,,,disease-class=2_foliar_disease
GrayLeafSpot895,disease/Gray Leaf Spot,Dataset/Coconut Tree Disease Dataset/Gray Leaf Spot/GrayLeafSpot895.jpg,,,,,,disease-class=2_foliar_disease
GrayLeafSpot896,disease/Gray Leaf Spot,Dataset/Coconut Tree Disease Dataset/Gray Leaf Spot/GrayLeafSpot896.jpg,,,,,,disease-class=2_foliar_disease
GrayLeafSpot897,disease/Gray Leaf Spot,Dataset/Coconut Tree Disease Dataset/Gray Leaf Spot/GrayLeafSpot897.jpg,,,,,,disease-class=2_foliar_disease
GrayLeafSpot898,disease/Gray Leaf Spot,Dataset/Coconut Tree Disease Dataset/Gray Leaf Spot/GrayLeafSpot898.jpg,,,,,,disease-class=2_foliar_disease
GrayLeafSpot899,disease/Gray Leaf Spot,Dataset/Coconut Tree Disease Dataset/Gray Leaf Spot/GrayLeafSpot899.jpg,,,,,,disease-class=2_foliar_disease
GrayLeafSpot900,disease/Gray Leaf Spot,Dataset/Coconut Tree Disease Dataset/Gray Leaf Spot/GrayLeafSpot900.jpg,,,,,,disease-class=2_foliar_disease
GrayLeafSpot901,disease/Gray Leaf Spot,Dataset/Coconut Tree Disease Dataset/Gray Leaf Spot/GrayLeafSpot901.jpg,,,,,,disease-class=2_foliar_disease
GrayLeafSpot902,disease/Gray Leaf Spot,Dataset/Coconut Tree Disease Dataset/Gray Leaf Spot/GrayLeafSpot902.jpg,,,,,,disease-class=2_foliar_disease
GrayLeafSpot903,disease/Gray Leaf Spot,Dataset/Coconut Tree Disease Dataset/Gray Leaf Spot/GrayLeafSpot903.jpg,,,,,,disease-class=2_foliar_disease
GrayLeafSpot904,disease/Gray Leaf Spot,Dataset/Coconut Tree Disease Dataset/Gray Leaf Spot/GrayLeafSpot904.jpg,,,,,,disease-class=2_foliar_disease
GrayLeafSpot905,disease/Gray Leaf Spot,Dataset/Coconut Tree Disease Dataset/Gray Leaf Spot/GrayLeafSpot905.jpg,,,,,,disease-class=2_foliar_disease
GrayLeafSpot906,disease/Gray Leaf Spot,Dataset/Coconut Tree Disease Dataset/Gray Leaf Spot/GrayLeafSpot906.jpg,,,,,,disease-class=2_foliar_disease
GrayLeafSpot907,disease/Gray Leaf Spot,Dataset/Coconut Tree Disease Dataset/Gray Leaf Spot/GrayLeafSpot907.jpg,,,,,,disease-class=2_foliar_disease
GrayLeafSpot908,disease/Gray Leaf Spot,Dataset/Coconut Tree Disease Dataset/Gray Leaf Spot/GrayLeafSpot908.jpg,,,,,,disease-class=2_foliar_disease
GrayLeafSpot909,disease/Gray Leaf Spot,Dataset/Coconut Tree Disease Dataset/Gray Leaf Spot/GrayLeafSpot909.jpg,,,,,,disease-class=2_foliar_disease
GrayLeafSpot910,disease/Gray Leaf Spot,Dataset/Coconut Tree Disease Dataset/Gray Leaf Spot/GrayLeafSpot910.jpg,,,,,,disease-class=2_foliar_disease
GrayLeafSpot911,disease/Gray Leaf Spot,Dataset/Coconut Tree Disease Dataset/Gray Leaf Spot/GrayLeafSpot911.jpg,,,,,,disease-class=2_foliar_disease
GrayLeafSpot912,disease/Gray Leaf Spot,Dataset/Coconut Tree Disease Dataset/Gray Leaf Spot/GrayLeafSpot912.jpg,,,,,,disease-class=2_foliar_disease
GrayLeafSpot913,disease/Gray Leaf Spot,Dataset/Coconut Tree Disease Dataset/Gray Leaf Spot/GrayLeafSpot913.jpg,,,,,,disease-class=2_foliar_disease
GrayLeafSpot914,disease/Gray Leaf Spot,Dataset/Coconut Tree Disease Dataset/Gray Leaf Spot/GrayLeafSpot914.jpg,,,,,,disease-class=2_foliar_disease
GrayLeafSpot915,disease/Gray Leaf Spot,Dataset/Coconut Tree Disease Dataset/Gray Leaf Spot/GrayLeafSpot915.jpg,,,,,,disease-class=2_foliar_disease
GrayLeafSpot916,disease/Gray Leaf Spot,Dataset/Coconut Tree Disease Dataset/Gray Leaf Spot/GrayLeafSpot916.jpg,,,,,,disease-class=2_foliar_disease
GrayLeafSpot917,disease/Gray Leaf Spot,Dataset/Coconut Tree Disease Dataset/Gray Leaf Spot/GrayLeafSpot917.jpg,,,,,,disease-class=2_foliar_disease
GrayLeafSpot918,disease/Gray Leaf Spot,Dataset/Coconut Tree Disease Dataset/Gray Leaf Spot/GrayLeafSpot918.jpg,,,,,,disease-class=2_foliar_disease
GrayLeafSpot919,disease/Gray Leaf Spot,Dataset/Coconut Tree Disease Dataset/Gray Leaf Spot/GrayLeafSpot919.jpg,,,,,,disease-class=2_foliar_disease
GrayLeafSpot920,disease/Gray Leaf Spot,Dataset/Coconut Tree Disease Dataset/Gray Leaf Spot/GrayLeafSpot920.jpg,,,,,,disease-class=2_foliar_disease
GrayLeafSpot921,disease/Gray Leaf Spot,Dataset/Coconut Tree Disease Dataset/Gray Leaf Spot/GrayLeafSpot921.jpg,,,,,,disease-class=2_foliar_disease
GrayLeafSpot922,disease/Gray Leaf Spot,Dataset/Coconut Tree Disease Dataset/Gray Leaf Spot/GrayLeafSpot922.jpg,,,,,,disease-class=2_foliar_disease
GrayLeafSpot923,disease/Gray Leaf Spot,Dataset/Coconut Tree Disease Dataset/Gray Leaf Spot/GrayLeafSpot923.jpg,,,,,,disease-class=2_foliar_disease
GrayLeafSpot924,disease/Gray Leaf Spot,Dataset/Coconut Tree Disease Dataset/Gray Leaf Spot/GrayLeafSpot924.jpg,,,,,,disease-class=2_foliar_disease
GrayLeafSpot925,disease/Gray Leaf Spot,Dataset/Coconut Tree Disease Dataset/Gray Leaf Spot/GrayLeafSpot925.jpg,,,,,,disease-class=2_foliar_disease
GrayLeafSpot926,disease/Gray Leaf Spot,Dataset/Coconut Tree Disease Dataset/Gray Leaf Spot/GrayLeafSpot926.jpg,,,,,,disease-class=2_foliar_disease
GrayLeafSpot927,disease/Gray Leaf Spot,Dataset/Coconut Tree Disease Dataset/Gray Leaf Spot/GrayLeafSpot927.jpg,,,,,,disease-class=2_foliar_disease
GrayLeafSpot928,disease/Gray Leaf Spot,Dataset/Coconut Tree Disease Dataset/Gray Leaf Spot/GrayLeafSpot928.jpg,,,,,,disease-class=2_foliar_disease
GrayLeafSpot929,disease/Gray Leaf Spot,Dataset/Coconut Tree Disease Dataset/Gray Leaf Spot/GrayLeafSpot929.jpg,,,,,,disease-class=2_foliar_disease
GrayLeafSpot930,disease/Gray Leaf Spot,Dataset/Coconut Tree Disease Dataset/Gray Leaf Spot/GrayLeafSpot930.jpg,,,,,,disease-class=2_foliar_disease
GrayLeafSpot931,disease/Gray Leaf Spot,Dataset/Coconut Tree Disease Dataset/Gray Leaf Spot/GrayLeafSpot931.jpg,,,,,,disease-class=2_foliar_disease
GrayLeafSpot932,disease/Gray Leaf Spot,Dataset/Coconut Tree Disease Dataset/Gray Leaf Spot/GrayLeafSpot932.jpg,,,,,,disease-class=2_foliar_disease
GrayLeafSpot933,disease/Gray Leaf Spot,Dataset/Coconut Tree Disease Dataset/Gray Leaf Spot/GrayLeafSpot933.jpg,,,,,,disease-class=2_foliar_disease
GrayLeafSpot934,disease/Gray Leaf Spot,Dataset/Coconut Tree Disease Dataset/Gray Leaf Spot/GrayLeafSpot934.jpg,,,,,,disease-class=2_foliar_disease
GrayLeafSpot935,disease/Gray Leaf Spot,Dataset/Coconut Tree Disease Dataset/Gray Leaf Spot/GrayLeafSpot935.jpg,,,,,,disease-class=2_foliar_disease
GrayLeafSpot936,disease/Gray Leaf Spot,Dataset/Coconut Tree Disease Dataset/Gray Leaf Spot/GrayLeafSpot936.jpg,,,,,,disease-class=2_foliar_disease
GrayLeafSpot937,disease/Gray Leaf Spot,Dataset/Coconut Tree Disease Dataset/Gray Leaf Spot/GrayLeafSpot937.jpg,,,,,,disease-class=2_foliar_disease
GrayLeafSpot938,disease/Gray Leaf Spot,Dataset/Coconut Tree Disease Dataset/Gray Leaf Spot/GrayLeafSpot938.jpg,,,,,,disease-class=2_foliar_disease
GrayLeafSpot939,disease/Gray Leaf Spot,Dataset/Coconut Tree Disease Dataset/Gray Leaf Spot/GrayLeafSpot939.jpg,,,,,,disease-class=2_foliar_disease
GrayLeafSpot940,disease/Gray Leaf Spot,Dataset/Coconut Tree Disease Dataset/Gray Leaf Spot/GrayLeafSpot940.jpg,,,,,,disease-class=2_foliar_disease
GrayLeafSpot941,disease/Gray Leaf Spot,Dataset/Coconut Tree Disease Dataset/Gray Leaf Spot/GrayLeafSpot941.jpg,,,,,,disease-class=2_foliar_disease
GrayLeafSpot942,disease/Gray Leaf Spot,Dataset/Coconut Tree Disease Dataset/Gray Leaf Spot/GrayLeafSpot942.jpg,,,,,,disease-class=2_foliar_disease
GrayLeafSpot943,disease/Gray Leaf Spot,Dataset/Coconut Tree Disease Dataset/Gray Leaf Spot/GrayLeafSpot943.jpg,,,,,,disease-class=2_foliar_disease
GrayLeafSpot944,disease/Gray Leaf Spot,Dataset/Coconut Tree Disease Dataset/Gray Leaf Spot/GrayLeafSpot944.jpg,,,,,,disease-class=2_foliar_disease
GrayLeafSpot945,disease/Gray Leaf Spot,Dataset/Coconut Tree Disease Dataset/Gray Leaf Spot/GrayLeafSpot945.jpg,,,,,,disease-class=2_foliar_disease
GrayLeafSpot946,disease/Gray Leaf Spot,Dataset/Coconut Tree Disease Dataset/Gray Leaf Spot/GrayLeafSpot946.jpg,,,,,,disease-class=2_foliar_disease
GrayLeafSpot947,disease/Gray Leaf Spot,Dataset/Coconut Tree Disease Dataset/Gray Leaf Spot/GrayLeafSpot947.jpg,,,,,,disease-class=2_foliar_disease
GrayLeafSpot948,disease/Gray Leaf Spot,Dataset/Coconut Tree Disease Dataset/Gray Leaf Spot/GrayLeafSpot948.jpg,,,,,,disease-class=2_foliar_disease
GrayLeafSpot949,disease/Gray Leaf Spot,Dataset/Coconut Tree Disease Dataset/Gray Leaf Spot/GrayLeafSpot949.jpg,,,,,,disease-class=2_foliar_disease
GrayLeafSpot950,disease/Gray Leaf Spot,Dataset/Coconut Tree Disease Dataset/Gray Leaf Spot/GrayLeafSpot950.jpg,,,,,,disease-class=2_foliar_disease
GrayLeafSpot951,disease/Gray Leaf Spot,Dataset/Coconut Tree Disease Dataset/Gray Leaf Spot/GrayLeafSpot951.jpg,,,,,,disease-class=2_foliar_disease
GrayLeafSpot952,disease/Gray Leaf Spot,Dataset/Coconut Tree Disease Dataset/Gray Leaf Spot/GrayLeafSpot952.jpg,,,,,,disease-class=2_foliar_disease
GrayLeafSpot953,disease/Gray Leaf Spot,Dataset/Coconut Tree Disease Dataset/Gray Leaf Spot/GrayLeafSpot953.jpg,,,,,,disease-class=2_foliar_disease
GrayLeafSpot954,disease/Gray Leaf Spot,Dataset/Coconut Tree Disease Dataset/Gray Leaf Spot/GrayLeafSpot954.jpg,,,,,,disease-class=2_foliar_disease
GrayLeafSpot955,disease/Gray Leaf Spot,Dataset/Coconut Tree Disease Dataset/Gray Leaf Spot/GrayLeafSpot955.jpg,,,,,,disease-class=2_foliar_disease
GrayLeafSpot956,disease/Gray Leaf Spot,Dataset/Coconut Tree Disease Dataset/Gray Leaf Spot/GrayLeafSpot956.jpg,,,,,,disease-class=2_foliar_disease
GrayLeafSpot957,disease/Gray Leaf Spot,Dataset/Coconut Tree Disease Dataset/Gray Leaf Spot/GrayLeafSpot957.jpg,,,,,,disease-class=2_foliar_disease
GrayLeafSpot958,disease/Gray Leaf Spot,Dataset/Coconut Tree Disease Dataset/Gray Leaf Spot/GrayLeafSpot958.jpg,,,,,,disease-class=2_foliar_disease
GrayLeafSpot959,disease/Gray Leaf Spot,Dataset/Coconut Tree Disease Dataset/Gray Leaf Spot/GrayLeafSpot959.jpg,,,,,,disease-class=2_foliar_disease
GrayLeafSpot960,disease/Gray Leaf Spot,Dataset/Coconut Tree Disease Dataset/Gray Leaf Spot/GrayLeafSpot960.jpg,,,,,,disease-class=2_foliar_disease
GrayLeafSpot961,disease/Gray Leaf Spot,Dataset/Coconut Tree Disease Dataset/Gray Leaf Spot/GrayLeafSpot961.jpg,,,,,,disease-class=2_foliar_disease
GrayLeafSpot962,disease/Gray Leaf Spot,Dataset/Coconut Tree Disease Dataset/Gray Leaf Spot/GrayLeafSpot962.jpg,,,,,,disease-class=2_foliar_disease
GrayLeafSpot963,disease/Gray Leaf Spot,Dataset/Coconut Tree Disease Dataset/Gray Leaf Spot/GrayLeafSpot963.jpg,,,,,,disease-class=2_foliar_disease
GrayLeafSpot964,disease/Gray Leaf Spot,Dataset/Coconut Tree Disease Dataset/Gray Leaf Spot/GrayLeafSpot964.jpg,,,,,,disease-class=2_foliar_disease
GrayLeafSpot965,disease/Gray Leaf Spot,Dataset/Coconut Tree Disease Dataset/Gray Leaf Spot/GrayLeafSpot965.jpg,,,,,,disease-class=2_foliar_disease
GrayLeafSpot966,disease/Gray Leaf Spot,Dataset/Coconut Tree Disease Dataset/Gray Leaf Spot/GrayLeafSpot966.jpg,,,,,,disease-class=2_foliar_disease
GrayLeafSpot967,disease/Gray Leaf Spot,Dataset/Coconut Tree Disease Dataset/Gray Leaf Spot/GrayLeafSpot967.jpg,,,,,,disease-class=2_foliar_disease
GrayLeafSpot968,disease/Gray Leaf Spot,Dataset/Coconut Tree Disease Dataset/Gray Leaf Spot/GrayLeafSpot968.jpg,,,,,,disease-class=2_foliar_disease
GrayLeafSpot969,disease/Gray Leaf Spot,Dataset/Coconut Tree Disease Dataset/Gray Leaf Spot/GrayLeafSpot969.jpg,,,,,,disease-class=2_foliar_disease
GrayLeafSpot970,disease/Gray Leaf Spot,Dataset/Coconut Tree Disease Dataset/Gray Leaf Spot/GrayLeafSpot970.jpg,,,,,,disease-class=2_foliar_disease
GrayLeafSpot971,disease/Gray Leaf Spot,Dataset/Coconut Tree Disease Dataset/Gray Leaf Spot/GrayLeafSpot971.jpg,,,,,,disease-class=2_foliar_disease
GrayLeafSpot972,disease/Gray Leaf Spot,Dataset/Coconut Tree Disease Dataset/Gray Leaf Spot/GrayLeafSpot972.jpg,,,,,,disease-class=2_foliar_disease
GrayLeafSpot973,disease/Gray Leaf Spot,Dataset/Coconut Tree Disease Dataset/Gray Leaf Spot/GrayLeafSpot973.jpg,,,,,,disease-class=2_foliar_disease
GrayLeafSpot974,disease/Gray Leaf Spot,Dataset/Coconut Tree Disease Dataset/Gray Leaf Spot/GrayLeafSpot974.jpg,,,,,,disease-class=2_foliar_disease
GrayLeafSpot975,disease/Gray Leaf Spot,Dataset/Coconut Tree Disease Dataset/Gray Leaf Spot/GrayLeafSpot975.jpg,,,,,,disease-class=2_foliar_disease
GrayLeafSpot976,disease/Gray Leaf Spot,Dataset/Coconut Tree Disease Dataset/Gray Leaf Spot/GrayLeafSpot976.jpg,,,,,,disease-class=2_foliar_disease
GrayLeafSpot977,disease/Gray Leaf Spot,Dataset/Coconut Tree Disease Dataset/Gray Leaf Spot/GrayLeafSpot977.jpg,,,,,,disease-class=2_foliar_disease
GrayLeafSpot978,disease/Gray Leaf Spot,Dataset/Coconut Tree Disease Dataset/Gray Leaf Spot/GrayLeafSpot978.jpg,,,,,,disease-class=2_foliar_disease
GrayLeafSpot979,disease/Gray Leaf Spot,Dataset/Coconut Tree Disease Dataset/Gray Leaf Spot/GrayLeafSpot979.jpg,,,,,,disease-class=2_foliar_disease
GrayLeafSpot980,disease/Gray Leaf Spot,Dataset/Coconut Tree Disease Dataset/Gray Leaf Spot/GrayLeafSpot980.jpg,,,,,,disease-class=2_foliar_disease
GrayLeafSpot981,disease/Gray Leaf Spot,Dataset/Coconut Tree Disease Dataset/Gray Leaf Spot/GrayLeafSpot981.jpg,,,,,,disease-class=2_foliar_disease
GrayLeafSpot982,disease/Gray Leaf Spot,Dataset/Coconut Tree Disease Dataset/Gray Leaf Spot/GrayLeafSpot982.jpg,,,,,,disease-class=2_foliar_disease
GrayLeafSpot983,disease/Gray Leaf Spot,Dataset/Coconut Tree Disease Dataset/Gray Leaf Spot/GrayLeafSpot983.jpg,,,,,,disease-class=2_foliar_disease
GrayLeafSpot984,disease/Gray Leaf Spot,Dataset/Coconut Tree Disease Dataset/Gray Leaf Spot/GrayLeafSpot984.jpg,,,,,,disease-class=2_foliar_disease
GrayLeafSpot985,disease/Gray Leaf Spot,Dataset/Coconut Tree Disease Dataset/Gray Leaf Spot/GrayLeafSpot985.jpg,,,,,,disease-class=2_foliar_disease
GrayLeafSpot986,disease/Gray Leaf Spot,Dataset/Coconut Tree Disease Dataset/Gray Leaf Spot/GrayLeafSpot986.jpg,,,,,,disease-class=2_foliar_disease
GrayLeafSpot987,disease/Gray Leaf Spot,Dataset/Coconut Tree Disease Dataset/Gray Leaf Spot/GrayLeafSpot987.jpg,,,,,,disease-class=2_foliar_disease
GrayLeafSpot988,disease/Gray Leaf Spot,Dataset/Coconut Tree Disease Dataset/Gray Leaf Spot/GrayLeafSpot988.jpg,,,,,,disease-class=2_foliar_disease
GrayLeafSpot989,disease/Gray Leaf Spot,Dataset/Coconut Tree Disease Dataset/Gray Leaf Spot/GrayLeafSpot989.jpg,,,,,,disease-class=2_foliar_disease
GrayLeafSpot990,disease/Gray Leaf Spot,Dataset/Coconut Tree Disease Dataset/Gray Leaf Spot/GrayLeafSpot990.jpg,,,,,,disease-class=2_foliar_disease
GrayLeafSpot991,disease/Gray Leaf Spot,Dataset/Coconut Tree Disease Dataset/Gray Leaf Spot/GrayLeafSpot991.jpg,,,,,,disease-class=2_foliar_disease
GrayLeafSpot992,disease/Gray Leaf Spot,Dataset/Coconut Tree Disease Dataset/Gray Leaf Spot/GrayLeafSpot992.jpg,,,,,,disease-class=2_foliar_disease
GrayLeafSpot993,disease/Gray Leaf Spot,Dataset/Coconut Tree Disease Dataset/Gray Leaf Spot/GrayLeafSpot993.jpg,,,,,,disease-class=2_foliar_disease
GrayLeafSpot994,disease/Gray Leaf Spot,Dataset/Coconut Tree Disease Dataset/Gray Leaf Spot/GrayLeafSpot994.jpg,,,,,,disease-class=2_foliar_disease
GrayLeafSpot995,disease/Gray Leaf Spot,Dataset/Coconut Tree Disease Dataset/Gray Leaf Spot/GrayLeafSpot995.jpg,,,,,,disease-class=2_foliar_disease
GrayLeafSpot996,disease/Gray Leaf Spot,Dataset/Coconut Tree Disease Dataset/Gray Leaf Spot/GrayLeafSpot996.jpg,,,,,,disease-class=2_foliar_disease
GrayLeafSpot997,disease/Gray Leaf Spot,Dataset/Coconut Tree Disease Dataset/Gray Leaf Spot/GrayLeafSpot997.jpg,,,,,,disease-class=2_foliar_disease
GrayLeafSpot998,disease/Gray Leaf Spot,Dataset/Coconut Tree Disease Dataset/Gray Leaf Spot/GrayLeafSpot998.jpg,,,,,,disease-class=2_foliar_disease
GrayLeafSpot999,disease/Gray Leaf Spot,Dataset/Coconut Tree Disease Dataset/Gray Leaf Spot/GrayLeafSpot999.jpg,,,,,,disease-class=2_foliar_disease
LeafRot001,disease/Leaf Rot,Dataset/Coconut Tree Disease Dataset/Leaf Rot/LeafRot001.jpg,,,,,,disease-class=2_foliar_disease
LeafRot002,disease/Leaf Rot,Dataset/Coconut Tree Disease Dataset/Leaf Rot/LeafRot002.jpg,,,,,,disease-class=2_foliar_disease
LeafRot003,disease/Leaf Rot,Dataset/Coconut Tree Disease Dataset/Leaf Rot/LeafRot003.jpg,,,,,,disease-class=2_foliar_disease
LeafRot004,disease/Leaf Rot,Dataset/Coconut Tree Disease Dataset/Leaf Rot/LeafRot004.jpg,,,,,,disease-class=2_foliar_disease
LeafRot005,disease/Leaf Rot,Dataset/Coconut Tree Disease Dataset/Leaf Rot/LeafRot005.jpg,,,,,,disease-class=2_foliar_disease
LeafRot006,disease/Leaf Rot,Dataset/Coconut Tree Disease Dataset/Leaf Rot/LeafRot006.jpg,,,,,,disease-class=2_foliar_disease
LeafRot007,disease/Leaf Rot,Dataset/Coconut Tree Disease Dataset/Leaf Rot/LeafRot007.jpg,,,,,,disease-class=2_foliar_disease
LeafRot008,disease/Leaf Rot,Dataset/Coconut Tree Disease Dataset/Leaf Rot/LeafRot008.jpg,,,,,,disease-class=2_foliar_disease
LeafRot009,disease/Leaf Rot,Dataset/Coconut Tree Disease Dataset/Leaf Rot/LeafRot009.jpg,,,,,,disease-class=2_foliar_disease
LeafRot010,disease/Leaf Rot,Dataset/Coconut Tree Disease Dataset/Leaf Rot/LeafRot010.jpg,,,,,,disease-class=2_foliar_disease
LeafRot011,disease/Leaf Rot,Dataset/Coconut Tree Disease Dataset/Leaf Rot/LeafRot011.jpg,,,,,,disease-class=2_foliar_disease
LeafRot012,disease/Leaf Rot,Dataset/Coconut Tree Disease Dataset/Leaf Rot/LeafRot012.jpg,,,,,,disease-class=2_foliar_disease
LeafRot013,disease/Leaf Rot,Dataset/Coconut Tree Disease Dataset/Leaf Rot/LeafRot013.jpg,,,,,,disease-class=2_foliar_disease
LeafRot014,disease/Leaf Rot,Dataset/Coconut Tree Disease Dataset/Leaf Rot/LeafRot014.jpg,,,,,,disease-class=2_foliar_disease
LeafRot015,disease/Leaf Rot,Dataset/Coconut Tree Disease Dataset/Leaf Rot/LeafRot015.jpg,,,,,,disease-class=2_foliar_disease
LeafRot016,disease/Leaf Rot,Dataset/Coconut Tree Disease Dataset/Leaf Rot/LeafRot016.jpg,,,,,,disease-class=2_foliar_disease
LeafRot017,disease/Leaf Rot,Dataset/Coconut Tree Disease Dataset/Leaf Rot/LeafRot017.jpg,,,,,,disease-class=2_foliar_disease
LeafRot018,disease/Leaf Rot,Dataset/Coconut Tree Disease Dataset/Leaf Rot/LeafRot018.jpg,,,,,,disease-class=2_foliar_disease
LeafRot019,disease/Leaf Rot,Dataset/Coconut Tree Disease Dataset/Leaf Rot/LeafRot019.jpg,,,,,,disease-class=2_foliar_disease
LeafRot020,disease/Leaf Rot,Dataset/Coconut Tree Disease Dataset/Leaf Rot/LeafRot020.jpg,,,,,,disease-class=2_foliar_disease
LeafRot021,disease/Leaf Rot,Dataset/Coconut Tree Disease Dataset/Leaf Rot/LeafRot021.jpg,,,,,,disease-class=2_foliar_disease
LeafRot022,disease/Leaf Rot,Dataset/Coconut Tree Disease Dataset/Leaf Rot/LeafRot022.jpg,,,,,,disease-class=2_foliar_disease
LeafRot023,disease/Leaf Rot,Dataset/Coconut Tree Disease Dataset/Leaf Rot/LeafRot023.jpg,,,,,,disease-class=2_foliar_disease
LeafRot024,disease/Leaf Rot,Dataset/Coconut Tree Disease Dataset/Leaf Rot/LeafRot024.jpg,,,,,,disease-class=2_foliar_disease
LeafRot025,disease/Leaf Rot,Dataset/Coconut Tree Disease Dataset/Leaf Rot/LeafRot025.jpg,,,,,,disease-class=2_foliar_disease
LeafRot026,disease/Leaf Rot,Dataset/Coconut Tree Disease Dataset/Leaf Rot/LeafRot026.jpg,,,,,,disease-class=2_foliar_disease
LeafRot027,disease/Leaf Rot,Dataset/Coconut Tree Disease Dataset/Leaf Rot/LeafRot027.jpg,,,,,,disease-class=2_foliar_disease
LeafRot028,disease/Leaf Rot,Dataset/Coconut Tree Disease Dataset/Leaf Rot/LeafRot028.jpg,,,,,,disease-class=2_foliar_disease
LeafRot029,disease/Leaf Rot,Dataset/Coconut Tree Disease Dataset/Leaf Rot/LeafRot029.jpg,,,,,,disease-class=2_foliar_disease
LeafRot030,disease/Leaf Rot,Dataset/Coconut Tree Disease Dataset/Leaf Rot/LeafRot030.jpg,,,,,,disease-class=2_foliar_disease
LeafRot031,disease/Leaf Rot,Dataset/Coconut Tree Disease Dataset/Leaf Rot/LeafRot031.jpg,,,,,,disease-class=2_foliar_disease
LeafRot032,disease/Leaf Rot,Dataset/Coconut Tree Disease Dataset/Leaf Rot/LeafRot032.jpg,,,,,,disease-class=2_foliar_disease
LeafRot033,disease/Leaf Rot,Dataset/Coconut Tree Disease Dataset/Leaf Rot/LeafRot033.jpg,,,,,,disease-class=2_foliar_disease
LeafRot034,disease/Leaf Rot,Dataset/Coconut Tree Disease Dataset/Leaf Rot/LeafRot034.jpg,,,,,,disease-class=2_foliar_disease
LeafRot035,disease/Leaf Rot,Dataset/Coconut Tree Disease Dataset/Leaf Rot/LeafRot035.jpg,,,,,,disease-class=2_foliar_disease
LeafRot036,disease/Leaf Rot,Dataset/Coconut Tree Disease Dataset/Leaf Rot/LeafRot036.jpg,,,,,,disease-class=2_foliar_disease
LeafRot037,disease/Leaf Rot,Dataset/Coconut Tree Disease Dataset/Leaf Rot/LeafRot037.jpg,,,,,,disease-class=2_foliar_disease
LeafRot038,disease/Leaf Rot,Dataset/Coconut Tree Disease Dataset/Leaf Rot/LeafRot038.jpg,,,,,,disease-class=2_foliar_disease
LeafRot039,disease/Leaf Rot,Dataset/Coconut Tree Disease Dataset/Leaf Rot/LeafRot039.jpg,,,,,,disease-class=2_foliar_disease
LeafRot040,disease/Leaf Rot,Dataset/Coconut Tree Disease Dataset/Leaf Rot/LeafRot040.jpg,,,,,,disease-class=2_foliar_disease
LeafRot041,disease/Leaf Rot,Dataset/Coconut Tree Disease Dataset/Leaf Rot/LeafRot041.jpg,,,,,,disease-class=2_foliar_disease
LeafRot042,disease/Leaf Rot,Dataset/Coconut Tree Disease Dataset/Leaf Rot/LeafRot042.jpg,,,,,,disease-class=2_foliar_disease
LeafRot043,disease/Leaf Rot,Dataset/Coconut Tree Disease Dataset/Leaf Rot/LeafRot043.jpg,,,,,,disease-class=2_foliar_disease
LeafRot044,disease/Leaf Rot,Dataset/Coconut Tree Disease Dataset/Leaf Rot/LeafRot044.jpg,,,,,,disease-class=2_foliar_disease
LeafRot045,disease/Leaf Rot,Dataset/Coconut Tree Disease Dataset/Leaf Rot/LeafRot045.jpg,,,,,,disease-class=2_foliar_disease
LeafRot046,disease/Leaf Rot,Dataset/Coconut Tree Disease Dataset/Leaf Rot/LeafRot046.jpg,,,,,,disease-class=2_foliar_disease
LeafRot047,disease/Leaf Rot,Dataset/Coconut Tree Disease Dataset/Leaf Rot/LeafRot047.jpg,,,,,,disease-class=2_foliar_disease
LeafRot048,disease/Leaf Rot,Dataset/Coconut Tree Disease Dataset/Leaf Rot/LeafRot048.jpg,,,,,,disease-class=2_foliar_disease
LeafRot049,disease/Leaf Rot,Dataset/Coconut Tree Disease Dataset/Leaf Rot/LeafRot049.jpg,,,,,,disease-class=2_foliar_disease
LeafRot050,disease/Leaf Rot,Dataset/Coconut Tree Disease Dataset/Leaf Rot/LeafRot050.jpg,,,,,,disease-class=2_foliar_disease
LeafRot051,disease/Leaf Rot,Dataset/Coconut Tree Disease Dataset/Leaf Rot/LeafRot051.jpg,,,,,,disease-class=2_foliar_disease
LeafRot052,disease/Leaf Rot,Dataset/Coconut Tree Disease Dataset/Leaf Rot/LeafRot052.jpg,,,,,,disease-class=2_foliar_disease
LeafRot053,disease/Leaf Rot,Dataset/Coconut Tree Disease Dataset/Leaf Rot/LeafRot053.jpg,,,,,,disease-class=2_foliar_disease
LeafRot054,disease/Leaf Rot,Dataset/Coconut Tree Disease Dataset/Leaf Rot/LeafRot054.jpg,,,,,,disease-class=2_foliar_disease
LeafRot055,disease/Leaf Rot,Dataset/Coconut Tree Disease Dataset/Leaf Rot/LeafRot055.jpg,,,,,,disease-class=2_foliar_disease
LeafRot056,disease/Leaf Rot,Dataset/Coconut Tree Disease Dataset/Leaf Rot/LeafRot056.jpg,,,,,,disease-class=2_foliar_disease
LeafRot057,disease/Leaf Rot,Dataset/Coconut Tree Disease Dataset/Leaf Rot/LeafRot057.jpg,,,,,,disease-class=2_foliar_disease
LeafRot058,disease/Leaf Rot,Dataset/Coconut Tree Disease Dataset/Leaf Rot/LeafRot058.jpg,,,,,,disease-class=2_foliar_disease
LeafRot059,disease/Leaf Rot,Dataset/Coconut Tree Disease Dataset/Leaf Rot/LeafRot059.jpg,,,,,,disease-class=2_foliar_disease
LeafRot060,disease/Leaf Rot,Dataset/Coconut Tree Disease Dataset/Leaf Rot/LeafRot060.jpg,,,,,,disease-class=2_foliar_disease
LeafRot061,disease/Leaf Rot,Dataset/Coconut Tree Disease Dataset/Leaf Rot/LeafRot061.jpg,,,,,,disease-class=2_foliar_disease
LeafRot062,disease/Leaf Rot,Dataset/Coconut Tree Disease Dataset/Leaf Rot/LeafRot062.jpg,,,,,,disease-class=2_foliar_disease
LeafRot063,disease/Leaf Rot,Dataset/Coconut Tree Disease Dataset/Leaf Rot/LeafRot063.jpg,,,,,,disease-class=2_foliar_disease
LeafRot064,disease/Leaf Rot,Dataset/Coconut Tree Disease Dataset/Leaf Rot/LeafRot064.jpg,,,,,,disease-class=2_foliar_disease
LeafRot065,disease/Leaf Rot,Dataset/Coconut Tree Disease Dataset/Leaf Rot/LeafRot065.jpg,,,,,,disease-class=2_foliar_disease
LeafRot066,disease/Leaf Rot,Dataset/Coconut Tree Disease Dataset/Leaf Rot/LeafRot066.jpg,,,,,,disease-class=2_foliar_disease
LeafRot067,disease/Leaf Rot,Dataset/Coconut Tree Disease Dataset/Leaf Rot/LeafRot067.jpg,,,,,,disease-class=2_foliar_disease
LeafRot068,disease/Leaf Rot,Dataset/Coconut Tree Disease Dataset/Leaf Rot/LeafRot068.jpg,,,,,,disease-class=2_foliar_disease
LeafRot069,disease/Leaf Rot,Dataset/Coconut Tree Disease Dataset/Leaf Rot/LeafRot069.jpg,,,,,,disease-class=2_foliar_disease
LeafRot070,disease/Leaf Rot,Dataset/Coconut Tree Disease Dataset/Leaf Rot/LeafRot070.jpg,,,,,,disease-class=2_foliar_disease
LeafRot071,disease/Leaf Rot,Dataset/Coconut Tree Disease Dataset/Leaf Rot/LeafRot071.jpg,,,,,,disease-class=2_foliar_disease
LeafRot072,disease/Leaf Rot,Dataset/Coconut Tree Disease Dataset/Leaf Rot/LeafRot072.jpg,,,,,,disease-class=2_foliar_disease
LeafRot073,disease/Leaf Rot,Dataset/Coconut Tree Disease Dataset/Leaf Rot/LeafRot073.jpg,,,,,,disease-class=2_foliar_disease
LeafRot074,disease/Leaf Rot,Dataset/Coconut Tree Disease Dataset/Leaf Rot/LeafRot074.jpg,,,,,,disease-class=2_foliar_disease
LeafRot075,disease/Leaf Rot,Dataset/Coconut Tree Disease Dataset/Leaf Rot/LeafRot075.jpg,,,,,,disease-class=2_foliar_disease
LeafRot076,disease/Leaf Rot,Dataset/Coconut Tree Disease Dataset/Leaf Rot/LeafRot076.jpg,,,,,,disease-class=2_foliar_disease
LeafRot077,disease/Leaf Rot,Dataset/Coconut Tree Disease Dataset/Leaf Rot/LeafRot077.jpg,,,,,,disease-class=2_foliar_disease
LeafRot078,disease/Leaf Rot,Dataset/Coconut Tree Disease Dataset/Leaf Rot/LeafRot078.jpg,,,,,,disease-class=2_foliar_disease
LeafRot079,disease/Leaf Rot,Dataset/Coconut Tree Disease Dataset/Leaf Rot/LeafRot079.jpg,,,,,,disease-class=2_foliar_disease
LeafRot080,disease/Leaf Rot,Dataset/Coconut Tree Disease Dataset/Leaf Rot/LeafRot080.jpg,,,,,,disease-class=2_foliar_disease
LeafRot081,disease/Leaf Rot,Dataset/Coconut Tree Disease Dataset/Leaf Rot/LeafRot081.jpg,,,,,,disease-class=2_foliar_disease
LeafRot082,disease/Leaf Rot,Dataset/Coconut Tree Disease Dataset/Leaf Rot/LeafRot082.jpg,,,,,,disease-class=2_foliar_disease
LeafRot083,disease/Leaf Rot,Dataset/Coconut Tree Disease Dataset/Leaf Rot/LeafRot083.jpg,,,,,,disease-class=2_foliar_disease
LeafRot084,disease/Leaf Rot,Dataset/Coconut Tree Disease Dataset/Leaf Rot/LeafRot084.jpg,,,,,,disease-class=2_foliar_disease
LeafRot085,disease/Leaf Rot,Dataset/Coconut Tree Disease Dataset/Leaf Rot/LeafRot085.jpg,,,,,,disease-class=2_foliar_disease
LeafRot086,disease/Leaf Rot,Dataset/Coconut Tree Disease Dataset/Leaf Rot/LeafRot086.jpg,,,,,,disease-class=2_foliar_disease
LeafRot087,disease/Leaf Rot,Dataset/Coconut Tree Disease Dataset/Leaf Rot/LeafRot087.jpg,,,,,,disease-class=2_foliar_disease
LeafRot088,disease/Leaf Rot,Dataset/Coconut Tree Disease Dataset/Leaf Rot/LeafRot088.jpg,,,,,,disease-class=2_foliar_disease
LeafRot089,disease/Leaf Rot,Dataset/Coconut Tree Disease Dataset/Leaf Rot/LeafRot089.jpg,,,,,,disease-class=2_foliar_disease
LeafRot090,disease/Leaf Rot,Dataset/Coconut Tree Disease Dataset/Leaf Rot/LeafRot090.jpg,,,,,,disease-class=2_foliar_disease
LeafRot091,disease/Leaf Rot,Dataset/Coconut Tree Disease Dataset/Leaf Rot/LeafRot091.jpg,,,,,,disease-class=2_foliar_disease
LeafRot092,disease/Leaf Rot,Dataset/Coconut Tree Disease Dataset/Leaf Rot/LeafRot092.jpg,,,,,,disease-class=2_foliar_disease
LeafRot093,disease/Leaf Rot,Dataset/Coconut Tree Disease Dataset/Leaf Rot/LeafRot093.jpg,,,,,,disease-class=2_foliar_disease
LeafRot094,disease/Leaf Rot,Dataset/Coconut Tree Disease Dataset/Leaf Rot/LeafRot094.jpg,,,,,,disease-class=2_foliar_disease
LeafRot095,disease/Leaf Rot,Dataset/Coconut Tree Disease Dataset/Leaf Rot/LeafRot095.jpg,,,,,,disease-class=2_foliar_disease
LeafRot096,disease/Leaf Rot,Dataset/Coconut Tree Disease Dataset/Leaf Rot/LeafRot096.jpg,,,,,,disease-class=2_foliar_disease
LeafRot097,disease/Leaf Rot,Dataset/Coconut Tree Disease Dataset/Leaf Rot/LeafRot097.jpg,,,,,,disease-class=2_foliar_disease
LeafRot098,disease/Leaf Rot,Dataset/Coconut Tree Disease Dataset/Leaf Rot/LeafRot098.jpg,,,,,,disease-class=2_foliar_disease
LeafRot099,disease/Leaf Rot,Dataset/Coconut Tree Disease Dataset/Leaf Rot/LeafRot099.jpg,,,,,,disease-class=2_foliar_disease
LeafRot100,disease/Leaf Rot,Dataset/Coconut Tree Disease Dataset/Leaf Rot/LeafRot100.jpg,,,,,,disease-class=2_foliar_disease
LeafRot1000,disease/Leaf Rot,Dataset/Coconut Tree Disease Dataset/Leaf Rot/LeafRot1000.jpg,,,,,,disease-class=2_foliar_disease
LeafRot1001,disease/Leaf Rot,Dataset/Coconut Tree Disease Dataset/Leaf Rot/LeafRot1001.jpg,,,,,,disease-class=2_foliar_disease
LeafRot1002,disease/Leaf Rot,Dataset/Coconut Tree Disease Dataset/Leaf Rot/LeafRot1002.jpg,,,,,,disease-class=2_foliar_disease
LeafRot1003,disease/Leaf Rot,Dataset/Coconut Tree Disease Dataset/Leaf Rot/LeafRot1003.jpg,,,,,,disease-class=2_foliar_disease
LeafRot1004,disease/Leaf Rot,Dataset/Coconut Tree Disease Dataset/Leaf Rot/LeafRot1004.jpg,,,,,,disease-class=2_foliar_disease
LeafRot1005,disease/Leaf Rot,Dataset/Coconut Tree Disease Dataset/Leaf Rot/LeafRot1005.jpg,,,,,,disease-class=2_foliar_disease
LeafRot1006,disease/Leaf Rot,Dataset/Coconut Tree Disease Dataset/Leaf Rot/LeafRot1006.jpg,,,,,,disease-class=2_foliar_disease
LeafRot1007,disease/Leaf Rot,Dataset/Coconut Tree Disease Dataset/Leaf Rot/LeafRot1007.jpg,,,,,,disease-class=2_foliar_disease
LeafRot1008,disease/Leaf Rot,Dataset/Coconut Tree Disease Dataset/Leaf Rot/LeafRot1008.jpg,,,,,,disease-class=2_foliar_disease
LeafRot1009,disease/Leaf Rot,Dataset/Coconut Tree Disease Dataset/Leaf Rot/LeafRot1009.jpg,,,,,,disease-class=2_foliar_disease
LeafRot101,disease/Leaf Rot,Dataset/Coconut Tree Disease Dataset/Leaf Rot/LeafRot101.jpg,,,,,,disease-class=2_foliar_disease
LeafRot1010,disease/Leaf Rot,Dataset/Coconut Tree Disease Dataset/Leaf Rot/LeafRot1010.jpg,,,,,,disease-class=2_foliar_disease
LeafRot1011,disease/Leaf Rot,Dataset/Coconut Tree Disease Dataset/Leaf Rot/LeafRot1011.jpg,,,,,,disease-class=2_foliar_disease
LeafRot1012,disease/Leaf Rot,Dataset/Coconut Tree Disease Dataset/Leaf Rot/LeafRot1012.jpg,,,,,,disease-class=2_foliar_disease
LeafRot1013,disease/Leaf Rot,Dataset/Coconut Tree Disease Dataset/Leaf Rot/LeafRot1013.jpg,,,,,,disease-class=2_foliar_disease
LeafRot1014,disease/Leaf Rot,Dataset/Coconut Tree Disease Dataset/Leaf Rot/LeafRot1014.jpg,,,,,,disease-class=2_foliar_disease
LeafRot1015,disease/Leaf Rot,Dataset/Coconut Tree Disease Dataset/Leaf Rot/LeafRot1015.jpg,,,,,,disease-class=2_foliar_disease
LeafRot1016,disease/Leaf Rot,Dataset/Coconut Tree Disease Dataset/Leaf Rot/LeafRot1016.jpg,,,,,,disease-class=2_foliar_disease
LeafRot1017,disease/Leaf Rot,Dataset/Coconut Tree Disease Dataset/Leaf Rot/LeafRot1017.jpg,,,,,,disease-class=2_foliar_disease
LeafRot1018,disease/Leaf Rot,Dataset/Coconut Tree Disease Dataset/Leaf Rot/LeafRot1018.jpg,,,,,,disease-class=2_foliar_disease
LeafRot1019,disease/Leaf Rot,Dataset/Coconut Tree Disease Dataset/Leaf Rot/LeafRot1019.jpg,,,,,,disease-class=2_foliar_disease
LeafRot102,disease/Leaf Rot,Dataset/Coconut Tree Disease Dataset/Leaf Rot/LeafRot102.jpg,,,,,,disease-class=2_foliar_disease
LeafRot1020,disease/Leaf Rot,Dataset/Coconut Tree Disease Dataset/Leaf Rot/LeafRot1020.jpg,,,,,,disease-class=2_foliar_disease
LeafRot1021,disease/Leaf Rot,Dataset/Coconut Tree Disease Dataset/Leaf Rot/LeafRot1021.jpg,,,,,,disease-class=2_foliar_disease
LeafRot1022,disease/Leaf Rot,Dataset/Coconut Tree Disease Dataset/Leaf Rot/LeafRot1022.jpg,,,,,,disease-class=2_foliar_disease
LeafRot1023,disease/Leaf Rot,Dataset/Coconut Tree Disease Dataset/Leaf Rot/LeafRot1023.jpg,,,,,,disease-class=2_foliar_disease
LeafRot1024,disease/Leaf Rot,Dataset/Coconut Tree Disease Dataset/Leaf Rot/LeafRot1024.jpg,,,,,,disease-class=2_foliar_disease
LeafRot1025,disease/Leaf Rot,Dataset/Coconut Tree Disease Dataset/Leaf Rot/LeafRot1025.jpg,,,,,,disease-class=2_foliar_disease
LeafRot1026,disease/Leaf Rot,Dataset/Coconut Tree Disease Dataset/Leaf Rot/LeafRot1026.jpg,,,,,,disease-class=2_foliar_disease
LeafRot1027,disease/Leaf Rot,Dataset/Coconut Tree Disease Dataset/Leaf Rot/LeafRot1027.jpg,,,,,,disease-class=2_foliar_disease
LeafRot1028,disease/Leaf Rot,Dataset/Coconut Tree Disease Dataset/Leaf Rot/LeafRot1028.jpg,,,,,,disease-class=2_foliar_disease
LeafRot1029,disease/Leaf Rot,Dataset/Coconut Tree Disease Dataset/Leaf Rot/LeafRot1029.jpg,,,,,,disease-class=2_foliar_disease
LeafRot103,disease/Leaf Rot,Dataset/Coconut Tree Disease Dataset/Leaf Rot/LeafRot103.jpg,,,,,,disease-class=2_foliar_disease
LeafRot1030,disease/Leaf Rot,Dataset/Coconut Tree Disease Dataset/Leaf Rot/LeafRot1030.jpg,,,,,,disease-class=2_foliar_disease
LeafRot1031,disease/Leaf Rot,Dataset/Coconut Tree Disease Dataset/Leaf Rot/LeafRot1031.jpg,,,,,,disease-class=2_foliar_disease
LeafRot1032,disease/Leaf Rot,Dataset/Coconut Tree Disease Dataset/Leaf Rot/LeafRot1032.jpg,,,,,,disease-class=2_foliar_disease
LeafRot1033,disease/Leaf Rot,Dataset/Coconut Tree Disease Dataset/Leaf Rot/LeafRot1033.jpg,,,,,,disease-class=2_foliar_disease
LeafRot1034,disease/Leaf Rot,Dataset/Coconut Tree Disease Dataset/Leaf Rot/LeafRot1034.jpg,,,,,,disease-class=2_foliar_disease
LeafRot1035,disease/Leaf Rot,Dataset/Coconut Tree Disease Dataset/Leaf Rot/LeafRot1035.jpg,,,,,,disease-class=2_foliar_disease
LeafRot1036,disease/Leaf Rot,Dataset/Coconut Tree Disease Dataset/Leaf Rot/LeafRot1036.jpg,,,,,,disease-class=2_foliar_disease
LeafRot1037,disease/Leaf Rot,Dataset/Coconut Tree Disease Dataset/Leaf Rot/LeafRot1037.jpg,,,,,,disease-class=2_foliar_disease
LeafRot1038,disease/Leaf Rot,Dataset/Coconut Tree Disease Dataset/Leaf Rot/LeafRot1038.jpg,,,,,,disease-class=2_foliar_disease
LeafRot1039,disease/Leaf Rot,Dataset/Coconut Tree Disease Dataset/Leaf Rot/LeafRot1039.jpg,,,,,,disease-class=2_foliar_disease
LeafRot104,disease/Leaf Rot,Dataset/Coconut Tree Disease Dataset/Leaf Rot/LeafRot104.jpg,,,,,,disease-class=2_foliar_disease
LeafRot1040,disease/Leaf Rot,Dataset/Coconut Tree Disease Dataset/Leaf Rot/LeafRot1040.jpg,,,,,,disease-class=2_foliar_disease
LeafRot1041,disease/Leaf Rot,Dataset/Coconut Tree Disease Dataset/Leaf Rot/LeafRot1041.jpg,,,,,,disease-class=2_foliar_disease
LeafRot1042,disease/Leaf Rot,Dataset/Coconut Tree Disease Dataset/Leaf Rot/LeafRot1042.jpg,,,,,,disease-class=2_foliar_disease
LeafRot1043,disease/Leaf Rot,Dataset/Coconut Tree Disease Dataset/Leaf Rot/LeafRot1043.jpg,,,,,,disease-class=2_foliar_disease
LeafRot1044,disease/Leaf Rot,Dataset/Coconut Tree Disease Dataset/Leaf Rot/LeafRot1044.jpg,,,,,,disease-class=2_foliar_disease
LeafRot1045,disease/Leaf Rot,Dataset/Coconut Tree Disease Dataset/Leaf Rot/LeafRot1045.jpg,,,,,,disease-class=2_foliar_disease
LeafRot1046,disease/Leaf Rot,Dataset/Coconut Tree Disease Dataset/Leaf Rot/LeafRot1046.jpg,,,,,,disease-class=2_foliar_disease
LeafRot1047,disease/Leaf Rot,Dataset/Coconut Tree Disease Dataset/Leaf Rot/LeafRot1047.jpg,,,,,,disease-class=2_foliar_disease
LeafRot1048,disease/Leaf Rot,Dataset/Coconut Tree Disease Dataset/Leaf Rot/LeafRot1048.jpg,,,,,,disease-class=2_foliar_disease
LeafRot1049,disease/Leaf Rot,Dataset/Coconut Tree Disease Dataset/Leaf Rot/LeafRot1049.jpg,,,,,,disease-class=2_foliar_disease
LeafRot105,disease/Leaf Rot,Dataset/Coconut Tree Disease Dataset/Leaf Rot/LeafRot105.jpg,,,,,,disease-class=2_foliar_disease
LeafRot1050,disease/Leaf Rot,Dataset/Coconut Tree Disease Dataset/Leaf Rot/LeafRot1050.jpg,,,,,,disease-class=2_foliar_disease
LeafRot1051,disease/Leaf Rot,Dataset/Coconut Tree Disease Dataset/Leaf Rot/LeafRot1051.jpg,,,,,,disease-class=2_foliar_disease
LeafRot1052,disease/Leaf Rot,Dataset/Coconut Tree Disease Dataset/Leaf Rot/LeafRot1052.jpg,,,,,,disease-class=2_foliar_disease
LeafRot1053,disease/Leaf Rot,Dataset/Coconut Tree Disease Dataset/Leaf Rot/LeafRot1053.jpg,,,,,,disease-class=2_foliar_disease
LeafRot1054,disease/Leaf Rot,Dataset/Coconut Tree Disease Dataset/Leaf Rot/LeafRot1054.jpg,,,,,,disease-class=2_foliar_disease
LeafRot1055,disease/Leaf Rot,Dataset/Coconut Tree Disease Dataset/Leaf Rot/LeafRot1055.jpg,,,,,,disease-class=2_foliar_disease
LeafRot1056,disease/Leaf Rot,Dataset/Coconut Tree Disease Dataset/Leaf Rot/LeafRot1056.jpg,,,,,,disease-class=2_foliar_disease
LeafRot1057,disease/Leaf Rot,Dataset/Coconut Tree Disease Dataset/Leaf Rot/LeafRot1057.jpg,,,,,,disease-class=2_foliar_disease
LeafRot1058,disease/Leaf Rot,Dataset/Coconut Tree Disease Dataset/Leaf Rot/LeafRot1058.jpg,,,,,,disease-class=2_foliar_disease
LeafRot1059,disease/Leaf Rot,Dataset/Coconut Tree Disease Dataset/Leaf Rot/LeafRot1059.jpg,,,,,,disease-class=2_foliar_disease
LeafRot106,disease/Leaf Rot,Dataset/Coconut Tree Disease Dataset/Leaf Rot/LeafRot106.jpg,,,,,,disease-class=2_foliar_disease
LeafRot1060,disease/Leaf Rot,Dataset/Coconut Tree Disease Dataset/Leaf Rot/LeafRot1060.jpg,,,,,,disease-class=2_foliar_disease
LeafRot1061,disease/Leaf Rot,Dataset/Coconut Tree Disease Dataset/Leaf Rot/LeafRot1061.jpg,,,,,,disease-class=2_foliar_disease
LeafRot1062,disease/Leaf Rot,Dataset/Coconut Tree Disease Dataset/Leaf Rot/LeafRot1062.jpg,,,,,,disease-class=2_foliar_disease
LeafRot1063,disease/Leaf Rot,Dataset/Coconut Tree Disease Dataset/Leaf Rot/LeafRot1063.jpg,,,,,,disease-class=2_foliar_disease
LeafRot1064,disease/Leaf Rot,Dataset/Coconut Tree Disease Dataset/Leaf Rot/LeafRot1064.jpg,,,,,,disease-class=2_foliar_disease
LeafRot1065,disease/Leaf Rot,Dataset/Coconut Tree Disease Dataset/Leaf Rot/LeafRot1065.jpg,,,,,,disease-class=2_foliar_disease
LeafRot1066,disease/Leaf Rot,Dataset/Coconut Tree Disease Dataset/Leaf Rot/LeafRot1066.jpg,,,,,,disease-class=2_foliar_disease
LeafRot1067,disease/Leaf Rot,Dataset/Coconut Tree Disease Dataset/Leaf Rot/LeafRot1067.jpg,,,,,,disease-class=2_foliar_disease
LeafRot1068,disease/Leaf Rot,Dataset/Coconut Tree Disease Dataset/Leaf Rot/LeafRot1068.jpg,,,,,,disease-class=2_foliar_disease
LeafRot1069,disease/Leaf Rot,Dataset/Coconut Tree Disease Dataset/Leaf Rot/LeafRot1069.jpg,,,,,,disease-class=2_foliar_disease
LeafRot107,disease/Leaf Rot,Dataset/Coconut Tree Disease Dataset/Leaf Rot/LeafRot107.jpg,,,,,,disease-class=2_foliar_disease
LeafRot1070,disease/Leaf Rot,Dataset/Coconut Tree Disease Dataset/Leaf Rot/LeafRot1070.jpg,,,,,,disease-class=2_foliar_disease
LeafRot1071,disease/Leaf Rot,Dataset/Coconut Tree Disease Dataset/Leaf Rot/LeafRot1071.jpg,,,,,,disease-class=2_foliar_disease
LeafRot1072,disease/Leaf Rot,Dataset/Coconut Tree Disease Dataset/Leaf Rot/LeafRot1072.jpg,,,,,,disease-class=2_foliar_disease
LeafRot1073,disease/Leaf Rot,Dataset/Coconut Tree Disease Dataset/Leaf Rot/LeafRot1073.jpg,,,,,,disease-class=2_foliar_disease
LeafRot1074,disease/Leaf Rot,Dataset/Coconut Tree Disease Dataset/Leaf Rot/LeafRot1074.jpg,,,,,,disease-class=2_foliar_disease
LeafRot1075,disease/Leaf Rot,Dataset/Coconut Tree Disease Dataset/Leaf Rot/LeafRot1075.jpg,,,,,,disease-class=2_foliar_disease
LeafRot1076,disease/Leaf Rot,Dataset/Coconut Tree Disease Dataset/Leaf Rot/LeafRot1076.jpg,,,,,,disease-class=2_foliar_disease
LeafRot1077,disease/Leaf Rot,Dataset/Coconut Tree Disease Dataset/Leaf Rot/LeafRot1077.jpg,,,,,,disease-class=2_foliar_disease
LeafRot1078,disease/Leaf Rot,Dataset/Coconut Tree Disease Dataset/Leaf Rot/LeafRot1078.jpg,,,,,,disease-class=2_foliar_disease
LeafRot1079,disease/Leaf Rot,Dataset/Coconut Tree Disease Dataset/Leaf Rot/LeafRot1079.jpg,,,,,,disease-class=2_foliar_disease
LeafRot108,disease/Leaf Rot,Dataset/Coconut Tree Disease Dataset/Leaf Rot/LeafRot108.jpg,,,,,,disease-class=2_foliar_disease
LeafRot1080,disease/Leaf Rot,Dataset/Coconut Tree Disease Dataset/Leaf Rot/LeafRot1080.jpg,,,,,,disease-class=2_foliar_disease
LeafRot1081,disease/Leaf Rot,Dataset/Coconut Tree Disease Dataset/Leaf Rot/LeafRot1081.jpg,,,,,,disease-class=2_foliar_disease
LeafRot1082,disease/Leaf Rot,Dataset/Coconut Tree Disease Dataset/Leaf Rot/LeafRot1082.jpg,,,,,,disease-class=2_foliar_disease
LeafRot1083,disease/Leaf Rot,Dataset/Coconut Tree Disease Dataset/Leaf Rot/LeafRot1083.jpg,,,,,,disease-class=2_foliar_disease
LeafRot1084,disease/Leaf Rot,Dataset/Coconut Tree Disease Dataset/Leaf Rot/LeafRot1084.jpg,,,,,,disease-class=2_foliar_disease
LeafRot1085,disease/Leaf Rot,Dataset/Coconut Tree Disease Dataset/Leaf Rot/LeafRot1085.jpg,,,,,,disease-class=2_foliar_disease
LeafRot1086,disease/Leaf Rot,Dataset/Coconut Tree Disease Dataset/Leaf Rot/LeafRot1086.jpg,,,,,,disease-class=2_foliar_disease
LeafRot1087,disease/Leaf Rot,Dataset/Coconut Tree Disease Dataset/Leaf Rot/LeafRot1087.jpg,,,,,,disease-class=2_foliar_disease
LeafRot1088,disease/Leaf Rot,Dataset/Coconut Tree Disease Dataset/Leaf Rot/LeafRot1088.jpg,,,,,,disease-class=2_foliar_disease
LeafRot1089,disease/Leaf Rot,Dataset/Coconut Tree Disease Dataset/Leaf Rot/LeafRot1089.jpg,,,,,,disease-class=2_foliar_disease
LeafRot109,disease/Leaf Rot,Dataset/Coconut Tree Disease Dataset/Leaf Rot/LeafRot109.jpg,,,,,,disease-class=2_foliar_disease
LeafRot1090,disease/Leaf Rot,Dataset/Coconut Tree Disease Dataset/Leaf Rot/LeafRot1090.jpg,,,,,,disease-class=2_foliar_disease
LeafRot1091,disease/Leaf Rot,Dataset/Coconut Tree Disease Dataset/Leaf Rot/LeafRot1091.jpg,,,,,,disease-class=2_foliar_disease
LeafRot1092,disease/Leaf Rot,Dataset/Coconut Tree Disease Dataset/Leaf Rot/LeafRot1092.jpg,,,,,,disease-class=2_foliar_disease
LeafRot1093,disease/Leaf Rot,Dataset/Coconut Tree Disease Dataset/Leaf Rot/LeafRot1093.jpg,,,,,,disease-class=2_foliar_disease
LeafRot1094,disease/Leaf Rot,Dataset/Coconut Tree Disease Dataset/Leaf Rot/LeafRot1094.jpg,,,,,,disease-class=2_foliar_disease
LeafRot1095,disease/Leaf Rot,Dataset/Coconut Tree Disease Dataset/Leaf Rot/LeafRot1095.jpg,,,,,,disease-class=2_foliar_disease
LeafRot1096,disease/Leaf Rot,Dataset/Coconut Tree Disease Dataset/Leaf Rot/LeafRot1096.jpg,,,,,,disease-class=2_foliar_disease
LeafRot1097,disease/Leaf Rot,Dataset/Coconut Tree Disease Dataset/Leaf Rot/LeafRot1097.jpg,,,,,,disease-class=2_foliar_disease
LeafRot1098,disease/Leaf Rot,Dataset/Coconut Tree Disease Dataset/Leaf Rot/LeafRot1098.jpg,,,,,,disease-class=2_foliar_disease
LeafRot1099,disease/Leaf Rot,Dataset/Coconut Tree Disease Dataset/Leaf Rot/LeafRot1099.jpg,,,,,,disease-class=2_foliar_disease
LeafRot110,disease/Leaf Rot,Dataset/Coconut Tree Disease Dataset/Leaf Rot/LeafRot110.jpg,,,,,,disease-class=2_foliar_disease
LeafRot1100,disease/Leaf Rot,Dataset/Coconut Tree Disease Dataset/Leaf Rot/LeafRot1100.jpg,,,,,,disease-class=2_foliar_disease
LeafRot1101,disease/Leaf Rot,Dataset/Coconut Tree Disease Dataset/Leaf Rot/LeafRot1101.jpg,,,,,,disease-class=2_foliar_disease
LeafRot1102,disease/Leaf Rot,Dataset/Coconut Tree Disease Dataset/Leaf Rot/LeafRot1102.jpg,,,,,,disease-class=2_foliar_disease
LeafRot1103,disease/Leaf Rot,Dataset/Coconut Tree Disease Dataset/Leaf Rot/LeafRot1103.jpg,,,,,,disease-class=2_foliar_disease
LeafRot1104,disease/Leaf Rot,Dataset/Coconut Tree Disease Dataset/Leaf Rot/LeafRot1104.jpg,,,,,,disease-class=2_foliar_disease
LeafRot1105,disease/Leaf Rot,Dataset/Coconut Tree Disease Dataset/Leaf Rot/LeafRot1105.jpg,,,,,,disease-class=2_foliar_disease
LeafRot1106,disease/Leaf Rot,Dataset/Coconut Tree Disease Dataset/Leaf Rot/LeafRot1106.jpg,,,,,,disease-class=2_foliar_disease
LeafRot1107,disease/Leaf Rot,Dataset/Coconut Tree Disease Dataset/Leaf Rot/LeafRot1107.jpg,,,,,,disease-class=2_foliar_disease
LeafRot1108,disease/Leaf Rot,Dataset/Coconut Tree Disease Dataset/Leaf Rot/LeafRot1108.jpg,,,,,,disease-class=2_foliar_disease
LeafRot1109,disease/Leaf Rot,Dataset/Coconut Tree Disease Dataset/Leaf Rot/LeafRot1109.jpg,,,,,,disease-class=2_foliar_disease
LeafRot111,disease/Leaf Rot,Dataset/Coconut Tree Disease Dataset/Leaf Rot/LeafRot111.jpg,,,,,,disease-class=2_foliar_disease
LeafRot1110,disease/Leaf Rot,Dataset/Coconut Tree Disease Dataset/Leaf Rot/LeafRot1110.jpg,,,,,,disease-class=2_foliar_disease
LeafRot1111,disease/Leaf Rot,Dataset/Coconut Tree Disease Dataset/Leaf Rot/LeafRot1111.jpg,,,,,,disease-class=2_foliar_disease
LeafRot1112,disease/Leaf Rot,Dataset/Coconut Tree Disease Dataset/Leaf Rot/LeafRot1112.jpg,,,,,,disease-class=2_foliar_disease
LeafRot1113,disease/Leaf Rot,Dataset/Coconut Tree Disease Dataset/Leaf Rot/LeafRot1113.jpg,,,,,,disease-class=2_foliar_disease
LeafRot1114,disease/Leaf Rot,Dataset/Coconut Tree Disease Dataset/Leaf Rot/LeafRot1114.jpg,,,,,,disease-class=2_foliar_disease
LeafRot1115,disease/Leaf Rot,Dataset/Coconut Tree Disease Dataset/Leaf Rot/LeafRot1115.jpg,,,,,,disease-class=2_foliar_disease
LeafRot1116,disease/Leaf Rot,Dataset/Coconut Tree Disease Dataset/Leaf Rot/LeafRot1116.jpg,,,,,,disease-class=2_foliar_disease
LeafRot1117,disease/Leaf Rot,Dataset/Coconut Tree Disease Dataset/Leaf Rot/LeafRot1117.jpg,,,,,,disease-class=2_foliar_disease
LeafRot1118,disease/Leaf Rot,Dataset/Coconut Tree Disease Dataset/Leaf Rot/LeafRot1118.jpg,,,,,,disease-class=2_foliar_disease
LeafRot1119,disease/Leaf Rot,Dataset/Coconut Tree Disease Dataset/Leaf Rot/LeafRot1119.jpg,,,,,,disease-class=2_foliar_disease
LeafRot112,disease/Leaf Rot,Dataset/Coconut Tree Disease Dataset/Leaf Rot/LeafRot112.jpg,,,,,,disease-class=2_foliar_disease
LeafRot1120,disease/Leaf Rot,Dataset/Coconut Tree Disease Dataset/Leaf Rot/LeafRot1120.jpg,,,,,,disease-class=2_foliar_disease
LeafRot1121,disease/Leaf Rot,Dataset/Coconut Tree Disease Dataset/Leaf Rot/LeafRot1121.jpg,,,,,,disease-class=2_foliar_disease
LeafRot1122,disease/Leaf Rot,Dataset/Coconut Tree Disease Dataset/Leaf Rot/LeafRot1122.jpg,,,,,,disease-class=2_foliar_disease
LeafRot1123,disease/Leaf Rot,Dataset/Coconut Tree Disease Dataset/Leaf Rot/LeafRot1123.jpg,,,,,,disease-class=2_foliar_disease
LeafRot1124,disease/Leaf Rot,Dataset/Coconut Tree Disease Dataset/Leaf Rot/LeafRot1124.jpg,,,,,,disease-class=2_foliar_disease
LeafRot1125,disease/Leaf Rot,Dataset/Coconut Tree Disease Dataset/Leaf Rot/LeafRot1125.jpg,,,,,,disease-class=2_foliar_disease
LeafRot1126,disease/Leaf Rot,Dataset/Coconut Tree Disease Dataset/Leaf Rot/LeafRot1126.jpg,,,,,,disease-class=2_foliar_disease
LeafRot1127,disease/Leaf Rot,Dataset/Coconut Tree Disease Dataset/Leaf Rot/LeafRot1127.jpg,,,,,,disease-class=2_foliar_disease
LeafRot1128,disease/Leaf Rot,Dataset/Coconut Tree Disease Dataset/Leaf Rot/LeafRot1128.jpg,,,,,,disease-class=2_foliar_disease
LeafRot1129,disease/Leaf Rot,Dataset/Coconut Tree Disease Dataset/Leaf Rot/LeafRot1129.jpg,,,,,,disease-class=2_foliar_disease
LeafRot113,disease/Leaf Rot,Dataset/Coconut Tree Disease Dataset/Leaf Rot/LeafRot113.jpg,,,,,,disease-class=2_foliar_disease
LeafRot1130,disease/Leaf Rot,Dataset/Coconut Tree Disease Dataset/Leaf Rot/LeafRot1130.jpg,,,,,,disease-class=2_foliar_disease
LeafRot1131,disease/Leaf Rot,Dataset/Coconut Tree Disease Dataset/Leaf Rot/LeafRot1131.jpg,,,,,,disease-class=2_foliar_disease
LeafRot1132,disease/Leaf Rot,Dataset/Coconut Tree Disease Dataset/Leaf Rot/LeafRot1132.jpg,,,,,,disease-class=2_foliar_disease
LeafRot1133,disease/Leaf Rot,Dataset/Coconut Tree Disease Dataset/Leaf Rot/LeafRot1133.jpg,,,,,,disease-class=2_foliar_disease
LeafRot1134,disease/Leaf Rot,Dataset/Coconut Tree Disease Dataset/Leaf Rot/LeafRot1134.jpg,,,,,,disease-class=2_foliar_disease
LeafRot1135,disease/Leaf Rot,Dataset/Coconut Tree Disease Dataset/Leaf Rot/LeafRot1135.jpg,,,,,,disease-class=2_foliar_disease
LeafRot1136,disease/Leaf Rot,Dataset/Coconut Tree Disease Dataset/Leaf Rot/LeafRot1136.jpg,,,,,,disease-class=2_foliar_disease
LeafRot1137,disease/Leaf Rot,Dataset/Coconut Tree Disease Dataset/Leaf Rot/LeafRot1137.jpg,,,,,,disease-class=2_foliar_disease
LeafRot1138,disease/Leaf Rot,Dataset/Coconut Tree Disease Dataset/Leaf Rot/LeafRot1138.jpg,,,,,,disease-class=2_foliar_disease
LeafRot1139,disease/Leaf Rot,Dataset/Coconut Tree Disease Dataset/Leaf Rot/LeafRot1139.jpg,,,,,,disease-class=2_foliar_disease
LeafRot114,disease/Leaf Rot,Dataset/Coconut Tree Disease Dataset/Leaf Rot/LeafRot114.jpg,,,,,,disease-class=2_foliar_disease
LeafRot1140,disease/Leaf Rot,Dataset/Coconut Tree Disease Dataset/Leaf Rot/LeafRot1140.jpg,,,,,,disease-class=2_foliar_disease
LeafRot1141,disease/Leaf Rot,Dataset/Coconut Tree Disease Dataset/Leaf Rot/LeafRot1141.jpg,,,,,,disease-class=2_foliar_disease
LeafRot1142,disease/Leaf Rot,Dataset/Coconut Tree Disease Dataset/Leaf Rot/LeafRot1142.jpg,,,,,,disease-class=2_foliar_disease
LeafRot1143,disease/Leaf Rot,Dataset/Coconut Tree Disease Dataset/Leaf Rot/LeafRot1143.jpg,,,,,,disease-class=2_foliar_disease
LeafRot1144,disease/Leaf Rot,Dataset/Coconut Tree Disease Dataset/Leaf Rot/LeafRot1144.jpg,,,,,,disease-class=2_foliar_disease
LeafRot1145,disease/Leaf Rot,Dataset/Coconut Tree Disease Dataset/Leaf Rot/LeafRot1145.jpg,,,,,,disease-class=2_foliar_disease
LeafRot1146,disease/Leaf Rot,Dataset/Coconut Tree Disease Dataset/Leaf Rot/LeafRot1146.jpg,,,,,,disease-class=2_foliar_disease
LeafRot1147,disease/Leaf Rot,Dataset/Coconut Tree Disease Dataset/Leaf Rot/LeafRot1147.jpg,,,,,,disease-class=2_foliar_disease
LeafRot1148,disease/Leaf Rot,Dataset/Coconut Tree Disease Dataset/Leaf Rot/LeafRot1148.jpg,,,,,,disease-class=2_foliar_disease
LeafRot1149,disease/Leaf Rot,Dataset/Coconut Tree Disease Dataset/Leaf Rot/LeafRot1149.jpg,,,,,,disease-class=2_foliar_disease
LeafRot115,disease/Leaf Rot,Dataset/Coconut Tree Disease Dataset/Leaf Rot/LeafRot115.jpg,,,,,,disease-class=2_foliar_disease
LeafRot1150,disease/Leaf Rot,Dataset/Coconut Tree Disease Dataset/Leaf Rot/LeafRot1150.jpg,,,,,,disease-class=2_foliar_disease
LeafRot1151,disease/Leaf Rot,Dataset/Coconut Tree Disease Dataset/Leaf Rot/LeafRot1151.jpg,,,,,,disease-class=2_foliar_disease
LeafRot1152,disease/Leaf Rot,Dataset/Coconut Tree Disease Dataset/Leaf Rot/LeafRot1152.jpg,,,,,,disease-class=2_foliar_disease
LeafRot1153,disease/Leaf Rot,Dataset/Coconut Tree Disease Dataset/Leaf Rot/LeafRot1153.jpg,,,,,,disease-class=2_foliar_disease
LeafRot1154,disease/Leaf Rot,Dataset/Coconut Tree Disease Dataset/Leaf Rot/LeafRot1154.jpg,,,,,,disease-class=2_foliar_disease
LeafRot1155,disease/Leaf Rot,Dataset/Coconut Tree Disease Dataset/Leaf Rot/LeafRot1155.jpg,,,,,,disease-class=2_foliar_disease
LeafRot1156,disease/Leaf Rot,Dataset/Coconut Tree Disease Dataset/Leaf Rot/LeafRot1156.jpg,,,,,,disease-class=2_foliar_disease
LeafRot1157,disease/Leaf Rot,Dataset/Coconut Tree Disease Dataset/Leaf Rot/LeafRot1157.jpg,,,,,,disease-class=2_foliar_disease
LeafRot1158,disease/Leaf Rot,Dataset/Coconut Tree Disease Dataset/Leaf Rot/LeafRot1158.jpg,,,,,,disease-class=2_foliar_disease
LeafRot1159,disease/Leaf Rot,Dataset/Coconut Tree Disease Dataset/Leaf Rot/LeafRot1159.jpg,,,,,,disease-class=2_foliar_disease
LeafRot116,disease/Leaf Rot,Dataset/Coconut Tree Disease Dataset/Leaf Rot/LeafRot116.jpg,,,,,,disease-class=2_foliar_disease
LeafRot1160,disease/Leaf Rot,Dataset/Coconut Tree Disease Dataset/Leaf Rot/LeafRot1160.jpg,,,,,,disease-class=2_foliar_disease
LeafRot1161,disease/Leaf Rot,Dataset/Coconut Tree Disease Dataset/Leaf Rot/LeafRot1161.jpg,,,,,,disease-class=2_foliar_disease
LeafRot1162,disease/Leaf Rot,Dataset/Coconut Tree Disease Dataset/Leaf Rot/LeafRot1162.jpg,,,,,,disease-class=2_foliar_disease
LeafRot1163,disease/Leaf Rot,Dataset/Coconut Tree Disease Dataset/Leaf Rot/LeafRot1163.jpg,,,,,,disease-class=2_foliar_disease
LeafRot1164,disease/Leaf Rot,Dataset/Coconut Tree Disease Dataset/Leaf Rot/LeafRot1164.jpg,,,,,,disease-class=2_foliar_disease
LeafRot1165,disease/Leaf Rot,Dataset/Coconut Tree Disease Dataset/Leaf Rot/LeafRot1165.jpg,,,,,,disease-class=2_foliar_disease
LeafRot1166,disease/Leaf Rot,Dataset/Coconut Tree Disease Dataset/Leaf Rot/LeafRot1166.jpg,,,,,,disease-class=2_foliar_disease
LeafRot1167,disease/Leaf Rot,Dataset/Coconut Tree Disease Dataset/Leaf Rot/LeafRot1167.jpg,,,,,,disease-class=2_foliar_disease
LeafRot1168,disease/Leaf Rot,Dataset/Coconut Tree Disease Dataset/Leaf Rot/LeafRot1168.jpg,,,,,,disease-class=2_foliar_disease
LeafRot1169,disease/Leaf Rot,Dataset/Coconut Tree Disease Dataset/Leaf Rot/LeafRot1169.jpg,,,,,,disease-class=2_foliar_disease
LeafRot117,disease/Leaf Rot,Dataset/Coconut Tree Disease Dataset/Leaf Rot/LeafRot117.jpg,,,,,,disease-class=2_foliar_disease
LeafRot1170,disease/Leaf Rot,Dataset/Coconut Tree Disease Dataset/Leaf Rot/LeafRot1170.jpg,,,,,,disease-class=2_foliar_disease
LeafRot1171,disease/Leaf Rot,Dataset/Coconut Tree Disease Dataset/Leaf Rot/LeafRot1171.jpg,,,,,,disease-class=2_foliar_disease
LeafRot1172,disease/Leaf Rot,Dataset/Coconut Tree Disease Dataset/Leaf Rot/LeafRot1172.jpg,,,,,,disease-class=2_foliar_disease
LeafRot1173,disease/Leaf Rot,Dataset/Coconut Tree Disease Dataset/Leaf Rot/LeafRot1173.jpg,,,,,,disease-class=2_foliar_disease
LeafRot1174,disease/Leaf Rot,Dataset/Coconut Tree Disease Dataset/Leaf Rot/LeafRot1174.jpg,,,,,,disease-class=2_foliar_disease
LeafRot1175,disease/Leaf Rot,Dataset/Coconut Tree Disease Dataset/Leaf Rot/LeafRot1175.jpg,,,,,,disease-class=2_foliar_disease
LeafRot1176,disease/Leaf Rot,Dataset/Coconut Tree Disease Dataset/Leaf Rot/LeafRot1176.jpg,,,,,,disease-class=2_foliar_disease
LeafRot1177,disease/Leaf Rot,Dataset/Coconut Tree Disease Dataset/Leaf Rot/LeafRot1177.jpg,,,,,,disease-class=2_foliar_disease
LeafRot1178,disease/Leaf Rot,Dataset/Coconut Tree Disease Dataset/Leaf Rot/LeafRot1178.jpg,,,,,,disease-class=2_foliar_disease
LeafRot1179,disease/Leaf Rot,Dataset/Coconut Tree Disease Dataset/Leaf Rot/LeafRot1179.jpg,,,,,,disease-class=2_foliar_disease
LeafRot118,disease/Leaf Rot,Dataset/Coconut Tree Disease Dataset/Leaf Rot/LeafRot118.jpg,,,,,,disease-class=2_foliar_disease
LeafRot1180,disease/Leaf Rot,Dataset/Coconut Tree Disease Dataset/Leaf Rot/LeafRot1180.jpg,,,,,,disease-class=2_foliar_disease
LeafRot1181,disease/Leaf Rot,Dataset/Coconut Tree Disease Dataset/Leaf Rot/LeafRot1181.jpg,,,,,,disease-class=2_foliar_disease
LeafRot1182,disease/Leaf Rot,Dataset/Coconut Tree Disease Dataset/Leaf Rot/LeafRot1182.jpg,,,,,,disease-class=2_foliar_disease
LeafRot1183,disease/Leaf Rot,Dataset/Coconut Tree Disease Dataset/Leaf Rot/LeafRot1183.jpg,,,,,,disease-class=2_foliar_disease
LeafRot1184,disease/Leaf Rot,Dataset/Coconut Tree Disease Dataset/Leaf Rot/LeafRot1184.jpg,,,,,,disease-class=2_foliar_disease
LeafRot1185,disease/Leaf Rot,Dataset/Coconut Tree Disease Dataset/Leaf Rot/LeafRot1185.jpg,,,,,,disease-class=2_foliar_disease
LeafRot1186,disease/Leaf Rot,Dataset/Coconut Tree Disease Dataset/Leaf Rot/LeafRot1186.jpg,,,,,,disease-class=2_foliar_disease
LeafRot1187,disease/Leaf Rot,Dataset/Coconut Tree Disease Dataset/Leaf Rot/LeafRot1187.jpg,,,,,,disease-class=2_foliar_disease
LeafRot1188,disease/Leaf Rot,Dataset/Coconut Tree Disease Dataset/Leaf Rot/LeafRot1188.jpg,,,,,,disease-class=2_foliar_disease
LeafRot1189,disease/Leaf Rot,Dataset/Coconut Tree Disease Dataset/Leaf Rot/LeafRot1189.jpg,,,,,,disease-class=2_foliar_disease
LeafRot119,disease/Leaf Rot,Dataset/Coconut Tree Disease Dataset/Leaf Rot/LeafRot119.jpg,,,,,,disease-class=2_foliar_disease
LeafRot1190,disease/Leaf Rot,Dataset/Coconut Tree Disease Dataset/Leaf Rot/LeafRot1190.jpg,,,,,,disease-class=2_foliar_disease
LeafRot1191,disease/Leaf Rot,Dataset/Coconut Tree Disease Dataset/Leaf Rot/LeafRot1191.jpg,,,,,,disease-class=2_foliar_disease
LeafRot1192,disease/Leaf Rot,Dataset/Coconut Tree Disease Dataset/Leaf Rot/LeafRot1192.jpg,,,,,,disease-class=2_foliar_disease
LeafRot1193,disease/Leaf Rot,Dataset/Coconut Tree Disease Dataset/Leaf Rot/LeafRot1193.jpg,,,,,,disease-class=2_foliar_disease
LeafRot1194,disease/Leaf Rot,Dataset/Coconut Tree Disease Dataset/Leaf Rot/LeafRot1194.jpg,,,,,,disease-class=2_foliar_disease
LeafRot1195,disease/Leaf Rot,Dataset/Coconut Tree Disease Dataset/Leaf Rot/LeafRot1195.jpg,,,,,,disease-class=2_foliar_disease
LeafRot1196,disease/Leaf Rot,Dataset/Coconut Tree Disease Dataset/Leaf Rot/LeafRot1196.jpg,,,,,,disease-class=2_foliar_disease
LeafRot1197,disease/Leaf Rot,Dataset/Coconut Tree Disease Dataset/Leaf Rot/LeafRot1197.jpg,,,,,,disease-class=2_foliar_disease
LeafRot1198,disease/Leaf Rot,Dataset/Coconut Tree Disease Dataset/Leaf Rot/LeafRot1198.jpg,,,,,,disease-class=2_foliar_disease
LeafRot1199,disease/Leaf Rot,Dataset/Coconut Tree Disease Dataset/Leaf Rot/LeafRot1199.jpg,,,,,,disease-class=2_foliar_disease
LeafRot120,disease/Leaf Rot,Dataset/Coconut Tree Disease Dataset/Leaf Rot/LeafRot120.jpg,,,,,,disease-class=2_foliar_disease
LeafRot1200,disease/Leaf Rot,Dataset/Coconut Tree Disease Dataset/Leaf Rot/LeafRot1200.jpg,,,,,,disease-class=2_foliar_disease
LeafRot1201,disease/Leaf Rot,Dataset/Coconut Tree Disease Dataset/Leaf Rot/LeafRot1201.jpg,,,,,,disease-class=2_foliar_disease
LeafRot1202,disease/Leaf Rot,Dataset/Coconut Tree Disease Dataset/Leaf Rot/LeafRot1202.jpg,,,,,,disease-class=2_foliar_disease
LeafRot1203,disease/Leaf Rot,Dataset/Coconut Tree Disease Dataset/Leaf Rot/LeafRot1203.jpg,,,,,,disease-class=2_foliar_disease
LeafRot1204,disease/Leaf Rot,Dataset/Coconut Tree Disease Dataset/Leaf Rot/LeafRot1204.jpg,,,,,,disease-class=2_foliar_disease
LeafRot1205,disease/Leaf Rot,Dataset/Coconut Tree Disease Dataset/Leaf Rot/LeafRot1205.jpg,,,,,,disease-class=2_foliar_disease
LeafRot1206,disease/Leaf Rot,Dataset/Coconut Tree Disease Dataset/Leaf Rot/LeafRot1206.jpg,,,,,,disease-class=2_foliar_disease
LeafRot1207,disease/Leaf Rot,Dataset/Coconut Tree Disease Dataset/Leaf Rot/LeafRot1207.jpg,,,,,,disease-class=2_foliar_disease
LeafRot1208,disease/Leaf Rot,Dataset/Coconut Tree Disease Dataset/Leaf Rot/LeafRot1208.jpg,,,,,,disease-class=2_foliar_disease
LeafRot1209,disease/Leaf Rot,Dataset/Coconut Tree Disease Dataset/Leaf Rot/LeafRot1209.jpg,,,,,,disease-class=2_foliar_disease
LeafRot121,disease/Leaf Rot,Dataset/Coconut Tree Disease Dataset/Leaf Rot/LeafRot121.jpg,,,,,,disease-class=2_foliar_disease
LeafRot1210,disease/Leaf Rot,Dataset/Coconut Tree Disease Dataset/Leaf Rot/LeafRot1210.jpg,,,,,,disease-class=2_foliar_disease
LeafRot1211,disease/Leaf Rot,Dataset/Coconut Tree Disease Dataset/Leaf Rot/LeafRot1211.jpg,,,,,,disease-class=2_foliar_disease
LeafRot1212,disease/Leaf Rot,Dataset/Coconut Tree Disease Dataset/Leaf Rot/LeafRot1212.jpg,,,,,,disease-class=2_foliar_disease
LeafRot1213,disease/Leaf Rot,Dataset/Coconut Tree Disease Dataset/Leaf Rot/LeafRot1213.jpg,,,,,,disease-class=2_foliar_disease
LeafRot1214,disease/Leaf Rot,Dataset/Coconut Tree Disease Dataset/Leaf Rot/LeafRot1214.jpg,,,,,,disease-class=2_foliar_disease
LeafRot1215,disease/Leaf Rot,Dataset/Coconut Tree Disease Dataset/Leaf Rot/LeafRot1215.jpg,,,,,,disease-class=2_foliar_disease
LeafRot1216,disease/Leaf Rot,Dataset/Coconut Tree Disease Dataset/Leaf Rot/LeafRot1216.jpg,,,,,,disease-class=2_foliar_disease
LeafRot1217,disease/Leaf Rot,Dataset/Coconut Tree Disease Dataset/Leaf Rot/LeafRot1217.jpg,,,,,,disease-class=2_foliar_disease
LeafRot1218,disease/Leaf Rot,Dataset/Coconut Tree Disease Dataset/Leaf Rot/LeafRot1218.jpg,,,,,,disease-class=2_foliar_disease
LeafRot1219,disease/Leaf Rot,Dataset/Coconut Tree Disease Dataset/Leaf Rot/LeafRot1219.jpg,,,,,,disease-class=2_foliar_disease
LeafRot122,disease/Leaf Rot,Dataset/Coconut Tree Disease Dataset/Leaf Rot/LeafRot122.jpg,,,,,,disease-class=2_foliar_disease
LeafRot1220,disease/Leaf Rot,Dataset/Coconut Tree Disease Dataset/Leaf Rot/LeafRot1220.jpg,,,,,,disease-class=2_foliar_disease
LeafRot1221,disease/Leaf Rot,Dataset/Coconut Tree Disease Dataset/Leaf Rot/LeafRot1221.jpg,,,,,,disease-class=2_foliar_disease
LeafRot1222,disease/Leaf Rot,Dataset/Coconut Tree Disease Dataset/Leaf Rot/LeafRot1222.jpg,,,,,,disease-class=2_foliar_disease
LeafRot1223,disease/Leaf Rot,Dataset/Coconut Tree Disease Dataset/Leaf Rot/LeafRot1223.jpg,,,,,,disease-class=2_foliar_disease
LeafRot1224,disease/Leaf Rot,Dataset/Coconut Tree Disease Dataset/Leaf Rot/LeafRot1224.jpg,,,,,,disease-class=2_foliar_disease
LeafRot1225,disease/Leaf Rot,Dataset/Coconut Tree Disease Dataset/Leaf Rot/LeafRot1225.jpg,,,,,,disease-class=2_foliar_disease
LeafRot1226,disease/Leaf Rot,Dataset/Coconut Tree Disease Dataset/Leaf Rot/LeafRot1226.jpg,,,,,,disease-class=2_foliar_disease
LeafRot1227,disease/Leaf Rot,Dataset/Coconut Tree Disease Dataset/Leaf Rot/LeafRot1227.jpg,,,,,,disease-class=2_foliar_disease
LeafRot1228,disease/Leaf Rot,Dataset/Coconut Tree Disease Dataset/Leaf Rot/LeafRot1228.jpg,,,,,,disease-class=2_foliar_disease
LeafRot1229,disease/Leaf Rot,Dataset/Coconut Tree Disease Dataset/Leaf Rot/LeafRot1229.jpg,,,,,,disease-class=2_foliar_disease
LeafRot123,disease/Leaf Rot,Dataset/Coconut Tree Disease Dataset/Leaf Rot/LeafRot123.jpg,,,,,,disease-class=2_foliar_disease
LeafRot1230,disease/Leaf Rot,Dataset/Coconut Tree Disease Dataset/Leaf Rot/LeafRot1230.jpg,,,,,,disease-class=2_foliar_disease
LeafRot1231,disease/Leaf Rot,Dataset/Coconut Tree Disease Dataset/Leaf Rot/LeafRot1231.jpg,,,,,,disease-class=2_foliar_disease
LeafRot1232,disease/Leaf Rot,Dataset/Coconut Tree Disease Dataset/Leaf Rot/LeafRot1232.jpg,,,,,,disease-class=2_foliar_disease
LeafRot1233,disease/Leaf Rot,Dataset/Coconut Tree Disease Dataset/Leaf Rot/LeafRot1233.jpg,,,,,,disease-class=2_foliar_disease
LeafRot1234,disease/Leaf Rot,Dataset/Coconut Tree Disease Dataset/Leaf Rot/LeafRot1234.jpg,,,,,,disease-class=2_foliar_disease
LeafRot1235,disease/Leaf Rot,Dataset/Coconut Tree Disease Dataset/Leaf Rot/LeafRot1235.jpg,,,,,,disease-class=2_foliar_disease
LeafRot1236,disease/Leaf Rot,Dataset/Coconut Tree Disease Dataset/Leaf Rot/LeafRot1236.jpg,,,,,,disease-class=2_foliar_disease
LeafRot1237,disease/Leaf Rot,Dataset/Coconut Tree Disease Dataset/Leaf Rot/LeafRot1237.jpg,,,,,,disease-class=2_foliar_disease
LeafRot1238,disease/Leaf Rot,Dataset/Coconut Tree Disease Dataset/Leaf Rot/LeafRot1238.jpg,,,,,,disease-class=2_foliar_disease
LeafRot1239,disease/Leaf Rot,Dataset/Coconut Tree Disease Dataset/Leaf Rot/LeafRot1239.jpg,,,,,,disease-class=2_foliar_disease
LeafRot124,disease/Leaf Rot,Dataset/Coconut Tree Disease Dataset/Leaf Rot/LeafRot124.jpg,,,,,,disease-class=2_foliar_disease
LeafRot1240,disease/Leaf Rot,Dataset/Coconut Tree Disease Dataset/Leaf Rot/LeafRot1240.jpg,,,,,,disease-class=2_foliar_disease
LeafRot1241,disease/Leaf Rot,Dataset/Coconut Tree Disease Dataset/Leaf Rot/LeafRot1241.jpg,,,,,,disease-class=2_foliar_disease
LeafRot1242,disease/Leaf Rot,Dataset/Coconut Tree Disease Dataset/Leaf Rot/LeafRot1242.jpg,,,,,,disease-class=2_foliar_disease
LeafRot1243,disease/Leaf Rot,Dataset/Coconut Tree Disease Dataset/Leaf Rot/LeafRot1243.jpg,,,,,,disease-class=2_foliar_disease
LeafRot1244,disease/Leaf Rot,Dataset/Coconut Tree Disease Dataset/Leaf Rot/LeafRot1244.jpg,,,,,,disease-class=2_foliar_disease
LeafRot1245,disease/Leaf Rot,Dataset/Coconut Tree Disease Dataset/Leaf Rot/LeafRot1245.jpg,,,,,,disease-class=2_foliar_disease
LeafRot1246,disease/Leaf Rot,Dataset/Coconut Tree Disease Dataset/Leaf Rot/LeafRot1246.jpg,,,,,,disease-class=2_foliar_disease
LeafRot1247,disease/Leaf Rot,Dataset/Coconut Tree Disease Dataset/Leaf Rot/LeafRot1247.jpg,,,,,,disease-class=2_foliar_disease
LeafRot1248,disease/Leaf Rot,Dataset/Coconut Tree Disease Dataset/Leaf Rot/LeafRot1248.jpg,,,,,,disease-class=2_foliar_disease
LeafRot1249,disease/Leaf Rot,Dataset/Coconut Tree Disease Dataset/Leaf Rot/LeafRot1249.jpg,,,,,,disease-class=2_foliar_disease
LeafRot125,disease/Leaf Rot,Dataset/Coconut Tree Disease Dataset/Leaf Rot/LeafRot125.jpg,,,,,,disease-class=2_foliar_disease
LeafRot1250,disease/Leaf Rot,Dataset/Coconut Tree Disease Dataset/Leaf Rot/LeafRot1250.jpg,,,,,,disease-class=2_foliar_disease
LeafRot1251,disease/Leaf Rot,Dataset/Coconut Tree Disease Dataset/Leaf Rot/LeafRot1251.jpg,,,,,,disease-class=2_foliar_disease
LeafRot1252,disease/Leaf Rot,Dataset/Coconut Tree Disease Dataset/Leaf Rot/LeafRot1252.jpg,,,,,,disease-class=2_foliar_disease
LeafRot1253,disease/Leaf Rot,Dataset/Coconut Tree Disease Dataset/Leaf Rot/LeafRot1253.jpg,,,,,,disease-class=2_foliar_disease
LeafRot1254,disease/Leaf Rot,Dataset/Coconut Tree Disease Dataset/Leaf Rot/LeafRot1254.jpg,,,,,,disease-class=2_foliar_disease
LeafRot1255,disease/Leaf Rot,Dataset/Coconut Tree Disease Dataset/Leaf Rot/LeafRot1255.jpg,,,,,,disease-class=2_foliar_disease
LeafRot1256,disease/Leaf Rot,Dataset/Coconut Tree Disease Dataset/Leaf Rot/LeafRot1256.jpg,,,,,,disease-class=2_foliar_disease
LeafRot1257,disease/Leaf Rot,Dataset/Coconut Tree Disease Dataset/Leaf Rot/LeafRot1257.jpg,,,,,,disease-class=2_foliar_disease
LeafRot1258,disease/Leaf Rot,Dataset/Coconut Tree Disease Dataset/Leaf Rot/LeafRot1258.jpg,,,,,,disease-class=2_foliar_disease
LeafRot1259,disease/Leaf Rot,Dataset/Coconut Tree Disease Dataset/Leaf Rot/LeafRot1259.jpg,,,,,,disease-class=2_foliar_disease
LeafRot126,disease/Leaf Rot,Dataset/Coconut Tree Disease Dataset/Leaf Rot/LeafRot126.jpg,,,,,,disease-class=2_foliar_disease
LeafRot1260,disease/Leaf Rot,Dataset/Coconut Tree Disease Dataset/Leaf Rot/LeafRot1260.jpg,,,,,,disease-class=2_foliar_disease
LeafRot1261,disease/Leaf Rot,Dataset/Coconut Tree Disease Dataset/Leaf Rot/LeafRot1261.jpg,,,,,,disease-class=2_foliar_disease
LeafRot1262,disease/Leaf Rot,Dataset/Coconut Tree Disease Dataset/Leaf Rot/LeafRot1262.jpg,,,,,,disease-class=2_foliar_disease
LeafRot1263,disease/Leaf Rot,Dataset/Coconut Tree Disease Dataset/Leaf Rot/LeafRot1263.jpg,,,,,,disease-class=2_foliar_disease
LeafRot1264,disease/Leaf Rot,Dataset/Coconut Tree Disease Dataset/Leaf Rot/LeafRot1264.jpg,,,,,,disease-class=2_foliar_disease
LeafRot1265,disease/Leaf Rot,Dataset/Coconut Tree Disease Dataset/Leaf Rot/LeafRot1265.jpg,,,,,,disease-class=2_foliar_disease
LeafRot1266,disease/Leaf Rot,Dataset/Coconut Tree Disease Dataset/Leaf Rot/LeafRot1266.jpg,,,,,,disease-class=2_foliar_disease
LeafRot1267,disease/Leaf Rot,Dataset/Coconut Tree Disease Dataset/Leaf Rot/LeafRot1267.jpg,,,,,,disease-class=2_foliar_disease
LeafRot1268,disease/Leaf Rot,Dataset/Coconut Tree Disease Dataset/Leaf Rot/LeafRot1268.jpg,,,,,,disease-class=2_foliar_disease
LeafRot1269,disease/Leaf Rot,Dataset/Coconut Tree Disease Dataset/Leaf Rot/LeafRot1269.jpg,,,,,,disease-class=2_foliar_disease
LeafRot127,disease/Leaf Rot,Dataset/Coconut Tree Disease Dataset/Leaf Rot/LeafRot127.jpg,,,,,,disease-class=2_foliar_disease
LeafRot1270,disease/Leaf Rot,Dataset/Coconut Tree Disease Dataset/Leaf Rot/LeafRot1270.jpg,,,,,,disease-class=2_foliar_disease
LeafRot1271,disease/Leaf Rot,Dataset/Coconut Tree Disease Dataset/Leaf Rot/LeafRot1271.jpg,,,,,,disease-class=2_foliar_disease
LeafRot1272,disease/Leaf Rot,Dataset/Coconut Tree Disease Dataset/Leaf Rot/LeafRot1272.jpg,,,,,,disease-class=2_foliar_disease
LeafRot1273,disease/Leaf Rot,Dataset/Coconut Tree Disease Dataset/Leaf Rot/LeafRot1273.jpg,,,,,,disease-class=2_foliar_disease
LeafRot1274,disease/Leaf Rot,Dataset/Coconut Tree Disease Dataset/Leaf Rot/LeafRot1274.jpg,,,,,,disease-class=2_foliar_disease
LeafRot1275,disease/Leaf Rot,Dataset/Coconut Tree Disease Dataset/Leaf Rot/LeafRot1275.jpg,,,,,,disease-class=2_foliar_disease
LeafRot1276,disease/Leaf Rot,Dataset/Coconut Tree Disease Dataset/Leaf Rot/LeafRot1276.jpg,,,,,,disease-class=2_foliar_disease
LeafRot1277,disease/Leaf Rot,Dataset/Coconut Tree Disease Dataset/Leaf Rot/LeafRot1277.jpg,,,,,,disease-class=2_foliar_disease
LeafRot1278,disease/Leaf Rot,Dataset/Coconut Tree Disease Dataset/Leaf Rot/LeafRot1278.jpg,,,,,,disease-class=2_foliar_disease
LeafRot1279,disease/Leaf Rot,Dataset/Coconut Tree Disease Dataset/Leaf Rot/LeafRot1279.jpg,,,,,,disease-class=2_foliar_disease
LeafRot128,disease/Leaf Rot,Dataset/Coconut Tree Disease Dataset/Leaf Rot/LeafRot128.jpg,,,,,,disease-class=2_foliar_disease
LeafRot1280,disease/Leaf Rot,Dataset/Coconut Tree Disease Dataset/Leaf Rot/LeafRot1280.jpg,,,,,,disease-class=2_foliar_disease
LeafRot1281,disease/Leaf Rot,Dataset/Coconut Tree Disease Dataset/Leaf Rot/LeafRot1281.jpg,,,,,,disease-class=2_foliar_disease
LeafRot1282,disease/Leaf Rot,Dataset/Coconut Tree Disease Dataset/Leaf Rot/LeafRot1282.jpg,,,,,,disease-class=2_foliar_disease
LeafRot1283,disease/Leaf Rot,Dataset/Coconut Tree Disease Dataset/Leaf Rot/LeafRot1283.jpg,,,,,,disease-class=2_foliar_disease
LeafRot1284,disease/Leaf Rot,Dataset/Coconut Tree Disease Dataset/Leaf Rot/LeafRot1284.jpg,,,,,,disease-class=2_foliar_disease
LeafRot1285,disease/Leaf Rot,Dataset/Coconut Tree Disease Dataset/Leaf Rot/LeafRot1285.jpg,,,,,,disease-class=2_foliar_disease
LeafRot1286,disease/Leaf Rot,Dataset/Coconut Tree Disease Dataset/Leaf Rot/LeafRot1286.jpg,,,,,,disease-class=2_foliar_disease
LeafRot1287,disease/Leaf Rot,Dataset/Coconut Tree Disease Dataset/Leaf Rot/LeafRot1287.jpg,,,,,,disease-class=2_foliar_disease
LeafRot1288,disease/Leaf Rot,Dataset/Coconut Tree Disease Dataset/Leaf Rot/LeafRot1288.jpg,,,,,,disease-class=2_foliar_disease
LeafRot1289,disease/Leaf Rot,Dataset/Coconut Tree Disease Dataset/Leaf Rot/LeafRot1289.jpg,,,,,,disease-class=2_foliar_disease
LeafRot129,disease/Leaf Rot,Dataset/Coconut Tree Disease Dataset/Leaf Rot/LeafRot129.jpg,,,,,,disease-class=2_foliar_disease
LeafRot1290,disease/Leaf Rot,Dataset/Coconut Tree Disease Dataset/Leaf Rot/LeafRot1290.jpg,,,,,,disease-class=2_foliar_disease
LeafRot1291,disease/Leaf Rot,Dataset/Coconut Tree Disease Dataset/Leaf Rot/LeafRot1291.jpg,,,,,,disease-class=2_foliar_disease
LeafRot1292,disease/Leaf Rot,Dataset/Coconut Tree Disease Dataset/Leaf Rot/LeafRot1292.jpg,,,,,,disease-class=2_foliar_disease
LeafRot1293,disease/Leaf Rot,Dataset/Coconut Tree Disease Dataset/Leaf Rot/LeafRot1293.jpg,,,,,,disease-class=2_foliar_disease
LeafRot1294,disease/Leaf Rot,Dataset/Coconut Tree Disease Dataset/Leaf Rot/LeafRot1294.jpg,,,,,,disease-class=2_foliar_disease
LeafRot1295,disease/Leaf Rot,Dataset/Coconut Tree Disease Dataset/Leaf Rot/LeafRot1295.jpg,,,,,,disease-class=2_foliar_disease
LeafRot1296,disease/Leaf Rot,Dataset/Coconut Tree Disease Dataset/Leaf Rot/LeafRot1296.jpg,,,,,,disease-class=2_foliar_disease
LeafRot1297,disease/Leaf Rot,Dataset/Coconut Tree Disease Dataset/Leaf Rot/LeafRot1297.jpg,,,,,,disease-class=2_foliar_disease
LeafRot1298,disease/Leaf Rot,Dataset/Coconut Tree Disease Dataset/Leaf Rot/LeafRot1298.jpg,,,,,,disease-class=2_foliar_disease
LeafRot1299,disease/Leaf Rot,Dataset/Coconut Tree Disease Dataset/Leaf Rot/LeafRot1299.jpg,,,,,,disease-class=2_foliar_disease
LeafRot130,disease/Leaf Rot,Dataset/Coconut Tree Disease Dataset/Leaf Rot/LeafRot130.jpg,,,,,,disease-class=2_foliar_disease
LeafRot1300,disease/Leaf Rot,Dataset/Coconut Tree Disease Dataset/Leaf Rot/LeafRot1300.jpg,,,,,,disease-class=2_foliar_disease
LeafRot1301,disease/Leaf Rot,Dataset/Coconut Tree Disease Dataset/Leaf Rot/LeafRot1301.jpg,,,,,,disease-class=2_foliar_disease
LeafRot1302,disease/Leaf Rot,Dataset/Coconut Tree Disease Dataset/Leaf Rot/LeafRot1302.jpg,,,,,,disease-class=2_foliar_disease
LeafRot1303,disease/Leaf Rot,Dataset/Coconut Tree Disease Dataset/Leaf Rot/LeafRot1303.jpg,,,,,,disease-class=2_foliar_disease
LeafRot1304,disease/Leaf Rot,Dataset/Coconut Tree Disease Dataset/Leaf Rot/LeafRot1304.jpg,,,,,,disease-class=2_foliar_disease
LeafRot1305,disease/Leaf Rot,Dataset/Coconut Tree Disease Dataset/Leaf Rot/LeafRot1305.jpg,,,,,,disease-class=2_foliar_disease
LeafRot1306,disease/Leaf Rot,Dataset/Coconut Tree Disease Dataset/Leaf Rot/LeafRot1306.jpg,,,,,,disease-class=2_foliar_disease
LeafRot1307,disease/Leaf Rot,Dataset/Coconut Tree Disease Dataset/Leaf Rot/LeafRot1307.jpg,,,,,,disease-class=2_foliar_disease
LeafRot1308,disease/Leaf Rot,Dataset/Coconut Tree Disease Dataset/Leaf Rot/LeafRot1308.jpg,,,,,,disease-class=2_foliar_disease
LeafRot1309,disease/Leaf Rot,Dataset/Coconut Tree Disease Dataset/Leaf Rot/LeafRot1309.jpg,,,,,,disease-class=2_foliar_disease
LeafRot131,disease/Leaf Rot,Dataset/Coconut Tree Disease Dataset/Leaf Rot/LeafRot131.jpg,,,,,,disease-class=2_foliar_disease
LeafRot1310,disease/Leaf Rot,Dataset/Coconut Tree Disease Dataset/Leaf Rot/LeafRot1310.jpg,,,,,,disease-class=2_foliar_disease
LeafRot1311,disease/Leaf Rot,Dataset/Coconut Tree Disease Dataset/Leaf Rot/LeafRot1311.jpg,,,,,,disease-class=2_foliar_disease
LeafRot1312,disease/Leaf Rot,Dataset/Coconut Tree Disease Dataset/Leaf Rot/LeafRot1312.jpg,,,,,,disease-class=2_foliar_disease
LeafRot1313,disease/Leaf Rot,Dataset/Coconut Tree Disease Dataset/Leaf Rot/LeafRot1313.jpg,,,,,,disease-class=2_foliar_disease
LeafRot1314,disease/Leaf Rot,Dataset/Coconut Tree Disease Dataset/Leaf Rot/LeafRot1314.jpg,,,,,,disease-class=2_foliar_disease
LeafRot1315,disease/Leaf Rot,Dataset/Coconut Tree Disease Dataset/Leaf Rot/LeafRot1315.jpg,,,,,,disease-class=2_foliar_disease
LeafRot1316,disease/Leaf Rot,Dataset/Coconut Tree Disease Dataset/Leaf Rot/LeafRot1316.jpg,,,,,,disease-class=2_foliar_disease
LeafRot1317,disease/Leaf Rot,Dataset/Coconut Tree Disease Dataset/Leaf Rot/LeafRot1317.jpg,,,,,,disease-class=2_foliar_disease
LeafRot1318,disease/Leaf Rot,Dataset/Coconut Tree Disease Dataset/Leaf Rot/LeafRot1318.jpg,,,,,,disease-class=2_foliar_disease
LeafRot1319,disease/Leaf Rot,Dataset/Coconut Tree Disease Dataset/Leaf Rot/LeafRot1319.jpg,,,,,,disease-class=2_foliar_disease
LeafRot132,disease/Leaf Rot,Dataset/Coconut Tree Disease Dataset/Leaf Rot/LeafRot132.jpg,,,,,,disease-class=2_foliar_disease
LeafRot1320,disease/Leaf Rot,Dataset/Coconut Tree Disease Dataset/Leaf Rot/LeafRot1320.jpg,,,,,,disease-class=2_foliar_disease
LeafRot1321,disease/Leaf Rot,Dataset/Coconut Tree Disease Dataset/Leaf Rot/LeafRot1321.jpg,,,,,,disease-class=2_foliar_disease
LeafRot1322,disease/Leaf Rot,Dataset/Coconut Tree Disease Dataset/Leaf Rot/LeafRot1322.jpg,,,,,,disease-class=2_foliar_disease
LeafRot1323,disease/Leaf Rot,Dataset/Coconut Tree Disease Dataset/Leaf Rot/LeafRot1323.jpg,,,,,,disease-class=2_foliar_disease
LeafRot1324,disease/Leaf Rot,Dataset/Coconut Tree Disease Dataset/Leaf Rot/LeafRot1324.jpg,,,,,,disease-class=2_foliar_disease
LeafRot1325,disease/Leaf Rot,Dataset/Coconut Tree Disease Dataset/Leaf Rot/LeafRot1325.jpg,,,,,,disease-class=2_foliar_disease
LeafRot1326,disease/Leaf Rot,Dataset/Coconut Tree Disease Dataset/Leaf Rot/LeafRot1326.jpg,,,,,,disease-class=2_foliar_disease
LeafRot1327,disease/Leaf Rot,Dataset/Coconut Tree Disease Dataset/Leaf Rot/LeafRot1327.jpg,,,,,,disease-class=2_foliar_disease
LeafRot1328,disease/Leaf Rot,Dataset/Coconut Tree Disease Dataset/Leaf Rot/LeafRot1328.jpg,,,,,,disease-class=2_foliar_disease
LeafRot1329,disease/Leaf Rot,Dataset/Coconut Tree Disease Dataset/Leaf Rot/LeafRot1329.jpg,,,,,,disease-class=2_foliar_disease
LeafRot133,disease/Leaf Rot,Dataset/Coconut Tree Disease Dataset/Leaf Rot/LeafRot133.jpg,,,,,,disease-class=2_foliar_disease
LeafRot1330,disease/Leaf Rot,Dataset/Coconut Tree Disease Dataset/Leaf Rot/LeafRot1330.jpg,,,,,,disease-class=2_foliar_disease
LeafRot1331,disease/Leaf Rot,Dataset/Coconut Tree Disease Dataset/Leaf Rot/LeafRot1331.jpg,,,,,,disease-class=2_foliar_disease
LeafRot1332,disease/Leaf Rot,Dataset/Coconut Tree Disease Dataset/Leaf Rot/LeafRot1332.jpg,,,,,,disease-class=2_foliar_disease
LeafRot1333,disease/Leaf Rot,Dataset/Coconut Tree Disease Dataset/Leaf Rot/LeafRot1333.jpg,,,,,,disease-class=2_foliar_disease
LeafRot1334,disease/Leaf Rot,Dataset/Coconut Tree Disease Dataset/Leaf Rot/LeafRot1334.jpg,,,,,,disease-class=2_foliar_disease
LeafRot1335,disease/Leaf Rot,Dataset/Coconut Tree Disease Dataset/Leaf Rot/LeafRot1335.jpg,,,,,,disease-class=2_foliar_disease
LeafRot1336,disease/Leaf Rot,Dataset/Coconut Tree Disease Dataset/Leaf Rot/LeafRot1336.jpg,,,,,,disease-class=2_foliar_disease
LeafRot1337,disease/Leaf Rot,Dataset/Coconut Tree Disease Dataset/Leaf Rot/LeafRot1337.jpg,,,,,,disease-class=2_foliar_disease
LeafRot1338,disease/Leaf Rot,Dataset/Coconut Tree Disease Dataset/Leaf Rot/LeafRot1338.jpg,,,,,,disease-class=2_foliar_disease
LeafRot1339,disease/Leaf Rot,Dataset/Coconut Tree Disease Dataset/Leaf Rot/LeafRot1339.jpg,,,,,,disease-class=2_foliar_disease
LeafRot134,disease/Leaf Rot,Dataset/Coconut Tree Disease Dataset/Leaf Rot/LeafRot134.jpg,,,,,,disease-class=2_foliar_disease
LeafRot1340,disease/Leaf Rot,Dataset/Coconut Tree Disease Dataset/Leaf Rot/LeafRot1340.jpg,,,,,,disease-class=2_foliar_disease
LeafRot1341,disease/Leaf Rot,Dataset/Coconut Tree Disease Dataset/Leaf Rot/LeafRot1341.jpg,,,,,,disease-class=2_foliar_disease
LeafRot1342,disease/Leaf Rot,Dataset/Coconut Tree Disease Dataset/Leaf Rot/LeafRot1342.jpg,,,,,,disease-class=2_foliar_disease
LeafRot1343,disease/Leaf Rot,Dataset/Coconut Tree Disease Dataset/Leaf Rot/LeafRot1343.jpg,,,,,,disease-class=2_foliar_disease
LeafRot1344,disease/Leaf Rot,Dataset/Coconut Tree Disease Dataset/Leaf Rot/LeafRot1344.jpg,,,,,,disease-class=2_foliar_disease
LeafRot1345,disease/Leaf Rot,Dataset/Coconut Tree Disease Dataset/Leaf Rot/LeafRot1345.jpg,,,,,,disease-class=2_foliar_disease
LeafRot1346,disease/Leaf Rot,Dataset/Coconut Tree Disease Dataset/Leaf Rot/LeafRot1346.jpg,,,,,,disease-class=2_foliar_disease
LeafRot1347,disease/Leaf Rot,Dataset/Coconut Tree Disease Dataset/Leaf Rot/LeafRot1347.jpg,,,,,,disease-class=2_foliar_disease
LeafRot1348,disease/Leaf Rot,Dataset/Coconut Tree Disease Dataset/Leaf Rot/LeafRot1348.jpg,,,,,,disease-class=2_foliar_disease
LeafRot1349,disease/Leaf Rot,Dataset/Coconut Tree Disease Dataset/Leaf Rot/LeafRot1349.jpg,,,,,,disease-class=2_foliar_disease
LeafRot135,disease/Leaf Rot,Dataset/Coconut Tree Disease Dataset/Leaf Rot/LeafRot135.jpg,,,,,,disease-class=2_foliar_disease
LeafRot1350,disease/Leaf Rot,Dataset/Coconut Tree Disease Dataset/Leaf Rot/LeafRot1350.jpg,,,,,,disease-class=2_foliar_disease
LeafRot1351,disease/Leaf Rot,Dataset/Coconut Tree Disease Dataset/Leaf Rot/LeafRot1351.jpg,,,,,,disease-class=2_foliar_disease
LeafRot1352,disease/Leaf Rot,Dataset/Coconut Tree Disease Dataset/Leaf Rot/LeafRot1352.jpg,,,,,,disease-class=2_foliar_disease
LeafRot1353,disease/Leaf Rot,Dataset/Coconut Tree Disease Dataset/Leaf Rot/LeafRot1353.jpg,,,,,,disease-class=2_foliar_disease
LeafRot1354,disease/Leaf Rot,Dataset/Coconut Tree Disease Dataset/Leaf Rot/LeafRot1354.jpg,,,,,,disease-class=2_foliar_disease
LeafRot1355,disease/Leaf Rot,Dataset/Coconut Tree Disease Dataset/Leaf Rot/LeafRot1355.jpg,,,,,,disease-class=2_foliar_disease
LeafRot1356,disease/Leaf Rot,Dataset/Coconut Tree Disease Dataset/Leaf Rot/LeafRot1356.jpg,,,,,,disease-class=2_foliar_disease
LeafRot1357,disease/Leaf Rot,Dataset/Coconut Tree Disease Dataset/Leaf Rot/LeafRot1357.jpg,,,,,,disease-class=2_foliar_disease
LeafRot1358,disease/Leaf Rot,Dataset/Coconut Tree Disease Dataset/Leaf Rot/LeafRot1358.jpg,,,,,,disease-class=2_foliar_disease
LeafRot1359,disease/Leaf Rot,Dataset/Coconut Tree Disease Dataset/Leaf Rot/LeafRot1359.jpg,,,,,,disease-class=2_foliar_disease
LeafRot136,disease/Leaf Rot,Dataset/Coconut Tree Disease Dataset/Leaf Rot/LeafRot136.jpg,,,,,,disease-class=2_foliar_disease
LeafRot1360,disease/Leaf Rot,Dataset/Coconut Tree Disease Dataset/Leaf Rot/LeafRot1360.jpg,,,,,,disease-class=2_foliar_disease
LeafRot1361,disease/Leaf Rot,Dataset/Coconut Tree Disease Dataset/Leaf Rot/LeafRot1361.jpg,,,,,,disease-class=2_foliar_disease
LeafRot1362,disease/Leaf Rot,Dataset/Coconut Tree Disease Dataset/Leaf Rot/LeafRot1362.jpg,,,,,,disease-class=2_foliar_disease
LeafRot1363,disease/Leaf Rot,Dataset/Coconut Tree Disease Dataset/Leaf Rot/LeafRot1363.jpg,,,,,,disease-class=2_foliar_disease
LeafRot1364,disease/Leaf Rot,Dataset/Coconut Tree Disease Dataset/Leaf Rot/LeafRot1364.jpg,,,,,,disease-class=2_foliar_disease
LeafRot1365,disease/Leaf Rot,Dataset/Coconut Tree Disease Dataset/Leaf Rot/LeafRot1365.jpg,,,,,,disease-class=2_foliar_disease
LeafRot1366,disease/Leaf Rot,Dataset/Coconut Tree Disease Dataset/Leaf Rot/LeafRot1366.jpg,,,,,,disease-class=2_foliar_disease
LeafRot1367,disease/Leaf Rot,Dataset/Coconut Tree Disease Dataset/Leaf Rot/LeafRot1367.jpg,,,,,,disease-class=2_foliar_disease
LeafRot1368,disease/Leaf Rot,Dataset/Coconut Tree Disease Dataset/Leaf Rot/LeafRot1368.jpg,,,,,,disease-class=2_foliar_disease
LeafRot1369,disease/Leaf Rot,Dataset/Coconut Tree Disease Dataset/Leaf Rot/LeafRot1369.jpg,,,,,,disease-class=2_foliar_disease
LeafRot137,disease/Leaf Rot,Dataset/Coconut Tree Disease Dataset/Leaf Rot/LeafRot137.jpg,,,,,,disease-class=2_foliar_disease
LeafRot1370,disease/Leaf Rot,Dataset/Coconut Tree Disease Dataset/Leaf Rot/LeafRot1370.jpg,,,,,,disease-class=2_foliar_disease
LeafRot1371,disease/Leaf Rot,Dataset/Coconut Tree Disease Dataset/Leaf Rot/LeafRot1371.jpg,,,,,,disease-class=2_foliar_disease
LeafRot1372,disease/Leaf Rot,Dataset/Coconut Tree Disease Dataset/Leaf Rot/LeafRot1372.jpg,,,,,,disease-class=2_foliar_disease
LeafRot1373,disease/Leaf Rot,Dataset/Coconut Tree Disease Dataset/Leaf Rot/LeafRot1373.jpg,,,,,,disease-class=2_foliar_disease
LeafRot1374,disease/Leaf Rot,Dataset/Coconut Tree Disease Dataset/Leaf Rot/LeafRot1374.jpg,,,,,,disease-class=2_foliar_disease
LeafRot1375,disease/Leaf Rot,Dataset/Coconut Tree Disease Dataset/Leaf Rot/LeafRot1375.jpg,,,,,,disease-class=2_foliar_disease
LeafRot1376,disease/Leaf Rot,Dataset/Coconut Tree Disease Dataset/Leaf Rot/LeafRot1376.jpg,,,,,,disease-class=2_foliar_disease
LeafRot1377,disease/Leaf Rot,Dataset/Coconut Tree Disease Dataset/Leaf Rot/LeafRot1377.jpg,,,,,,disease-class=2_foliar_disease
LeafRot1378,disease/Leaf Rot,Dataset/Coconut Tree Disease Dataset/Leaf Rot/LeafRot1378.jpg,,,,,,disease-class=2_foliar_disease
LeafRot1379,disease/Leaf Rot,Dataset/Coconut Tree Disease Dataset/Leaf Rot/LeafRot1379.jpg,,,,,,disease-class=2_foliar_disease
LeafRot138,disease/Leaf Rot,Dataset/Coconut Tree Disease Dataset/Leaf Rot/LeafRot138.jpg,,,,,,disease-class=2_foliar_disease
LeafRot1380,disease/Leaf Rot,Dataset/Coconut Tree Disease Dataset/Leaf Rot/LeafRot1380.jpg,,,,,,disease-class=2_foliar_disease
LeafRot1381,disease/Leaf Rot,Dataset/Coconut Tree Disease Dataset/Leaf Rot/LeafRot1381.jpg,,,,,,disease-class=2_foliar_disease
LeafRot1382,disease/Leaf Rot,Dataset/Coconut Tree Disease Dataset/Leaf Rot/LeafRot1382.jpg,,,,,,disease-class=2_foliar_disease
LeafRot1383,disease/Leaf Rot,Dataset/Coconut Tree Disease Dataset/Leaf Rot/LeafRot1383.jpg,,,,,,disease-class=2_foliar_disease
LeafRot1384,disease/Leaf Rot,Dataset/Coconut Tree Disease Dataset/Leaf Rot/LeafRot1384.jpg,,,,,,disease-class=2_foliar_disease
LeafRot1385,disease/Leaf Rot,Dataset/Coconut Tree Disease Dataset/Leaf Rot/LeafRot1385.jpg,,,,,,disease-class=2_foliar_disease
LeafRot1386,disease/Leaf Rot,Dataset/Coconut Tree Disease Dataset/Leaf Rot/LeafRot1386.jpg,,,,,,disease-class=2_foliar_disease
LeafRot1387,disease/Leaf Rot,Dataset/Coconut Tree Disease Dataset/Leaf Rot/LeafRot1387.jpg,,,,,,disease-class=2_foliar_disease
LeafRot1388,disease/Leaf Rot,Dataset/Coconut Tree Disease Dataset/Leaf Rot/LeafRot1388.jpg,,,,,,disease-class=2_foliar_disease
LeafRot1389,disease/Leaf Rot,Dataset/Coconut Tree Disease Dataset/Leaf Rot/LeafRot1389.jpg,,,,,,disease-class=2_foliar_disease
LeafRot139,disease/Leaf Rot,Dataset/Coconut Tree Disease Dataset/Leaf Rot/LeafRot139.jpg,,,,,,disease-class=2_foliar_disease
LeafRot1390,disease/Leaf Rot,Dataset/Coconut Tree Disease Dataset/Leaf Rot/LeafRot1390.jpg,,,,,,disease-class=2_foliar_disease
LeafRot1391,disease/Leaf Rot,Dataset/Coconut Tree Disease Dataset/Leaf Rot/LeafRot1391.jpg,,,,,,disease-class=2_foliar_disease
LeafRot1392,disease/Leaf Rot,Dataset/Coconut Tree Disease Dataset/Leaf Rot/LeafRot1392.jpg,,,,,,disease-class=2_foliar_disease
LeafRot1393,disease/Leaf Rot,Dataset/Coconut Tree Disease Dataset/Leaf Rot/LeafRot1393.jpg,,,,,,disease-class=2_foliar_disease
LeafRot1394,disease/Leaf Rot,Dataset/Coconut Tree Disease Dataset/Leaf Rot/LeafRot1394.jpg,,,,,,disease-class=2_foliar_disease
LeafRot1395,disease/Leaf Rot,Dataset/Coconut Tree Disease Dataset/Leaf Rot/LeafRot1395.jpg,,,,,,disease-class=2_foliar_disease
LeafRot1396,disease/Leaf Rot,Dataset/Coconut Tree Disease Dataset/Leaf Rot/LeafRot1396.jpg,,,,,,disease-class=2_foliar_disease
LeafRot1397,disease/Leaf Rot,Dataset/Coconut Tree Disease Dataset/Leaf Rot/LeafRot1397.jpg,,,,,,disease-class=2_foliar_disease
LeafRot1398,disease/Leaf Rot,Dataset/Coconut Tree Disease Dataset/Leaf Rot/LeafRot1398.jpg,,,,,,disease-class=2_foliar_disease
LeafRot1399,disease/Leaf Rot,Dataset/Coconut Tree Disease Dataset/Leaf Rot/LeafRot1399.jpg,,,,,,disease-class=2_foliar_disease
LeafRot140,disease/Leaf Rot,Dataset/Coconut Tree Disease Dataset/Leaf Rot/LeafRot140.jpg,,,,,,disease-class=2_foliar_disease
LeafRot1400,disease/Leaf Rot,Dataset/Coconut Tree Disease Dataset/Leaf Rot/LeafRot1400.jpg,,,,,,disease-class=2_foliar_disease
LeafRot1401,disease/Leaf Rot,Dataset/Coconut Tree Disease Dataset/Leaf Rot/LeafRot1401.jpg,,,,,,disease-class=2_foliar_disease
LeafRot1402,disease/Leaf Rot,Dataset/Coconut Tree Disease Dataset/Leaf Rot/LeafRot1402.jpg,,,,,,disease-class=2_foliar_disease
LeafRot1403,disease/Leaf Rot,Dataset/Coconut Tree Disease Dataset/Leaf Rot/LeafRot1403.jpg,,,,,,disease-class=2_foliar_disease
LeafRot1404,disease/Leaf Rot,Dataset/Coconut Tree Disease Dataset/Leaf Rot/LeafRot1404.jpg,,,,,,disease-class=2_foliar_disease
LeafRot1405,disease/Leaf Rot,Dataset/Coconut Tree Disease Dataset/Leaf Rot/LeafRot1405.jpg,,,,,,disease-class=2_foliar_disease
LeafRot1406,disease/Leaf Rot,Dataset/Coconut Tree Disease Dataset/Leaf Rot/LeafRot1406.jpg,,,,,,disease-class=2_foliar_disease
LeafRot1407,disease/Leaf Rot,Dataset/Coconut Tree Disease Dataset/Leaf Rot/LeafRot1407.jpg,,,,,,disease-class=2_foliar_disease
LeafRot1408,disease/Leaf Rot,Dataset/Coconut Tree Disease Dataset/Leaf Rot/LeafRot1408.jpg,,,,,,disease-class=2_foliar_disease
LeafRot1409,disease/Leaf Rot,Dataset/Coconut Tree Disease Dataset/Leaf Rot/LeafRot1409.jpg,,,,,,disease-class=2_foliar_disease
LeafRot141,disease/Leaf Rot,Dataset/Coconut Tree Disease Dataset/Leaf Rot/LeafRot141.jpg,,,,,,disease-class=2_foliar_disease
LeafRot1410,disease/Leaf Rot,Dataset/Coconut Tree Disease Dataset/Leaf Rot/LeafRot1410.jpg,,,,,,disease-class=2_foliar_disease
LeafRot1411,disease/Leaf Rot,Dataset/Coconut Tree Disease Dataset/Leaf Rot/LeafRot1411.jpg,,,,,,disease-class=2_foliar_disease
LeafRot1412,disease/Leaf Rot,Dataset/Coconut Tree Disease Dataset/Leaf Rot/LeafRot1412.jpg,,,,,,disease-class=2_foliar_disease
LeafRot1413,disease/Leaf Rot,Dataset/Coconut Tree Disease Dataset/Leaf Rot/LeafRot1413.jpg,,,,,,disease-class=2_foliar_disease
LeafRot1414,disease/Leaf Rot,Dataset/Coconut Tree Disease Dataset/Leaf Rot/LeafRot1414.jpg,,,,,,disease-class=2_foliar_disease
LeafRot1415,disease/Leaf Rot,Dataset/Coconut Tree Disease Dataset/Leaf Rot/LeafRot1415.jpg,,,,,,disease-class=2_foliar_disease
LeafRot1416,disease/Leaf Rot,Dataset/Coconut Tree Disease Dataset/Leaf Rot/LeafRot1416.jpg,,,,,,disease-class=2_foliar_disease
LeafRot1417,disease/Leaf Rot,Dataset/Coconut Tree Disease Dataset/Leaf Rot/LeafRot1417.jpg,,,,,,disease-class=2_foliar_disease
LeafRot1418,disease/Leaf Rot,Dataset/Coconut Tree Disease Dataset/Leaf Rot/LeafRot1418.jpg,,,,,,disease-class=2_foliar_disease
LeafRot1419,disease/Leaf Rot,Dataset/Coconut Tree Disease Dataset/Leaf Rot/LeafRot1419.jpg,,,,,,disease-class=2_foliar_disease
LeafRot142,disease/Leaf Rot,Dataset/Coconut Tree Disease Dataset/Leaf Rot/LeafRot142.jpg,,,,,,disease-class=2_foliar_disease
LeafRot1420,disease/Leaf Rot,Dataset/Coconut Tree Disease Dataset/Leaf Rot/LeafRot1420.jpg,,,,,,disease-class=2_foliar_disease
LeafRot1421,disease/Leaf Rot,Dataset/Coconut Tree Disease Dataset/Leaf Rot/LeafRot1421.jpg,,,,,,disease-class=2_foliar_disease
LeafRot1422,disease/Leaf Rot,Dataset/Coconut Tree Disease Dataset/Leaf Rot/LeafRot1422.jpg,,,,,,disease-class=2_foliar_disease
LeafRot1423,disease/Leaf Rot,Dataset/Coconut Tree Disease Dataset/Leaf Rot/LeafRot1423.jpg,,,,,,disease-class=2_foliar_disease
LeafRot1424,disease/Leaf Rot,Dataset/Coconut Tree Disease Dataset/Leaf Rot/LeafRot1424.jpg,,,,,,disease-class=2_foliar_disease
LeafRot1425,disease/Leaf Rot,Dataset/Coconut Tree Disease Dataset/Leaf Rot/LeafRot1425.jpg,,,,,,disease-class=2_foliar_disease
LeafRot1426,disease/Leaf Rot,Dataset/Coconut Tree Disease Dataset/Leaf Rot/LeafRot1426.jpg,,,,,,disease-class=2_foliar_disease
LeafRot1427,disease/Leaf Rot,Dataset/Coconut Tree Disease Dataset/Leaf Rot/LeafRot1427.jpg,,,,,,disease-class=2_foliar_disease
LeafRot1428,disease/Leaf Rot,Dataset/Coconut Tree Disease Dataset/Leaf Rot/LeafRot1428.jpg,,,,,,disease-class=2_foliar_disease
LeafRot1429,disease/Leaf Rot,Dataset/Coconut Tree Disease Dataset/Leaf Rot/LeafRot1429.jpg,,,,,,disease-class=2_foliar_disease
LeafRot143,disease/Leaf Rot,Dataset/Coconut Tree Disease Dataset/Leaf Rot/LeafRot143.jpg,,,,,,disease-class=2_foliar_disease
LeafRot1430,disease/Leaf Rot,Dataset/Coconut Tree Disease Dataset/Leaf Rot/LeafRot1430.jpg,,,,,,disease-class=2_foliar_disease
LeafRot1431,disease/Leaf Rot,Dataset/Coconut Tree Disease Dataset/Leaf Rot/LeafRot1431.jpg,,,,,,disease-class=2_foliar_disease
LeafRot1432,disease/Leaf Rot,Dataset/Coconut Tree Disease Dataset/Leaf Rot/LeafRot1432.jpg,,,,,,disease-class=2_foliar_disease
LeafRot1433,disease/Leaf Rot,Dataset/Coconut Tree Disease Dataset/Leaf Rot/LeafRot1433.jpg,,,,,,disease-class=2_foliar_disease
LeafRot1434,disease/Leaf Rot,Dataset/Coconut Tree Disease Dataset/Leaf Rot/LeafRot1434.jpg,,,,,,disease-class=2_foliar_disease
LeafRot1435,disease/Leaf Rot,Dataset/Coconut Tree Disease Dataset/Leaf Rot/LeafRot1435.jpg,,,,,,disease-class=2_foliar_disease
LeafRot1436,disease/Leaf Rot,Dataset/Coconut Tree Disease Dataset/Leaf Rot/LeafRot1436.jpg,,,,,,disease-class=2_foliar_disease
LeafRot1437,disease/Leaf Rot,Dataset/Coconut Tree Disease Dataset/Leaf Rot/LeafRot1437.jpg,,,,,,disease-class=2_foliar_disease
LeafRot1438,disease/Leaf Rot,Dataset/Coconut Tree Disease Dataset/Leaf Rot/LeafRot1438.jpg,,,,,,disease-class=2_foliar_disease
LeafRot1439,disease/Leaf Rot,Dataset/Coconut Tree Disease Dataset/Leaf Rot/LeafRot1439.jpg,,,,,,disease-class=2_foliar_disease
LeafRot144,disease/Leaf Rot,Dataset/Coconut Tree Disease Dataset/Leaf Rot/LeafRot144.jpg,,,,,,disease-class=2_foliar_disease
LeafRot1440,disease/Leaf Rot,Dataset/Coconut Tree Disease Dataset/Leaf Rot/LeafRot1440.jpg,,,,,,disease-class=2_foliar_disease
LeafRot1441,disease/Leaf Rot,Dataset/Coconut Tree Disease Dataset/Leaf Rot/LeafRot1441.jpg,,,,,,disease-class=2_foliar_disease
LeafRot1442,disease/Leaf Rot,Dataset/Coconut Tree Disease Dataset/Leaf Rot/LeafRot1442.jpg,,,,,,disease-class=2_foliar_disease
LeafRot1443,disease/Leaf Rot,Dataset/Coconut Tree Disease Dataset/Leaf Rot/LeafRot1443.jpg,,,,,,disease-class=2_foliar_disease
LeafRot1444,disease/Leaf Rot,Dataset/Coconut Tree Disease Dataset/Leaf Rot/LeafRot1444.jpg,,,,,,disease-class=2_foliar_disease
LeafRot1445,disease/Leaf Rot,Dataset/Coconut Tree Disease Dataset/Leaf Rot/LeafRot1445.jpg,,,,,,disease-class=2_foliar_disease
LeafRot1446,disease/Leaf Rot,Dataset/Coconut Tree Disease Dataset/Leaf Rot/LeafRot1446.jpg,,,,,,disease-class=2_foliar_disease
LeafRot1447,disease/Leaf Rot,Dataset/Coconut Tree Disease Dataset/Leaf Rot/LeafRot1447.jpg,,,,,,disease-class=2_foliar_disease
LeafRot1448,disease/Leaf Rot,Dataset/Coconut Tree Disease Dataset/Leaf Rot/LeafRot1448.jpg,,,,,,disease-class=2_foliar_disease
LeafRot1449,disease/Leaf Rot,Dataset/Coconut Tree Disease Dataset/Leaf Rot/LeafRot1449.jpg,,,,,,disease-class=2_foliar_disease
LeafRot145,disease/Leaf Rot,Dataset/Coconut Tree Disease Dataset/Leaf Rot/LeafRot145.jpg,,,,,,disease-class=2_foliar_disease
LeafRot1450,disease/Leaf Rot,Dataset/Coconut Tree Disease Dataset/Leaf Rot/LeafRot1450.jpg,,,,,,disease-class=2_foliar_disease
LeafRot1451,disease/Leaf Rot,Dataset/Coconut Tree Disease Dataset/Leaf Rot/LeafRot1451.jpg,,,,,,disease-class=2_foliar_disease
LeafRot1452,disease/Leaf Rot,Dataset/Coconut Tree Disease Dataset/Leaf Rot/LeafRot1452.jpg,,,,,,disease-class=2_foliar_disease
LeafRot1453,disease/Leaf Rot,Dataset/Coconut Tree Disease Dataset/Leaf Rot/LeafRot1453.jpg,,,,,,disease-class=2_foliar_disease
LeafRot1454,disease/Leaf Rot,Dataset/Coconut Tree Disease Dataset/Leaf Rot/LeafRot1454.jpg,,,,,,disease-class=2_foliar_disease
LeafRot1455,disease/Leaf Rot,Dataset/Coconut Tree Disease Dataset/Leaf Rot/LeafRot1455.jpg,,,,,,disease-class=2_foliar_disease
LeafRot1456,disease/Leaf Rot,Dataset/Coconut Tree Disease Dataset/Leaf Rot/LeafRot1456.jpg,,,,,,disease-class=2_foliar_disease
LeafRot1457,disease/Leaf Rot,Dataset/Coconut Tree Disease Dataset/Leaf Rot/LeafRot1457.jpg,,,,,,disease-class=2_foliar_disease
LeafRot1458,disease/Leaf Rot,Dataset/Coconut Tree Disease Dataset/Leaf Rot/LeafRot1458.jpg,,,,,,disease-class=2_foliar_disease
LeafRot1459,disease/Leaf Rot,Dataset/Coconut Tree Disease Dataset/Leaf Rot/LeafRot1459.jpg,,,,,,disease-class=2_foliar_disease
LeafRot146,disease/Leaf Rot,Dataset/Coconut Tree Disease Dataset/Leaf Rot/LeafRot146.jpg,,,,,,disease-class=2_foliar_disease
LeafRot1460,disease/Leaf Rot,Dataset/Coconut Tree Disease Dataset/Leaf Rot/LeafRot1460.jpg,,,,,,disease-class=2_foliar_disease
LeafRot1461,disease/Leaf Rot,Dataset/Coconut Tree Disease Dataset/Leaf Rot/LeafRot1461.jpg,,,,,,disease-class=2_foliar_disease
LeafRot1462,disease/Leaf Rot,Dataset/Coconut Tree Disease Dataset/Leaf Rot/LeafRot1462.jpg,,,,,,disease-class=2_foliar_disease
LeafRot1463,disease/Leaf Rot,Dataset/Coconut Tree Disease Dataset/Leaf Rot/LeafRot1463.jpg,,,,,,disease-class=2_foliar_disease
LeafRot1464,disease/Leaf Rot,Dataset/Coconut Tree Disease Dataset/Leaf Rot/LeafRot1464.jpg,,,,,,disease-class=2_foliar_disease
LeafRot1465,disease/Leaf Rot,Dataset/Coconut Tree Disease Dataset/Leaf Rot/LeafRot1465.jpg,,,,,,disease-class=2_foliar_disease
LeafRot1466,disease/Leaf Rot,Dataset/Coconut Tree Disease Dataset/Leaf Rot/LeafRot1466.jpg,,,,,,disease-class=2_foliar_disease
LeafRot1467,disease/Leaf Rot,Dataset/Coconut Tree Disease Dataset/Leaf Rot/LeafRot1467.jpg,,,,,,disease-class=2_foliar_disease
LeafRot1468,disease/Leaf Rot,Dataset/Coconut Tree Disease Dataset/Leaf Rot/LeafRot1468.jpg,,,,,,disease-class=2_foliar_disease
LeafRot1469,disease/Leaf Rot,Dataset/Coconut Tree Disease Dataset/Leaf Rot/LeafRot1469.jpg,,,,,,disease-class=2_foliar_disease
LeafRot147,disease/Leaf Rot,Dataset/Coconut Tree Disease Dataset/Leaf Rot/LeafRot147.jpg,,,,,,disease-class=2_foliar_disease
LeafRot1470,disease/Leaf Rot,Dataset/Coconut Tree Disease Dataset/Leaf Rot/LeafRot1470.jpg,,,,,,disease-class=2_foliar_disease
LeafRot1471,disease/Leaf Rot,Dataset/Coconut Tree Disease Dataset/Leaf Rot/LeafRot1471.jpg,,,,,,disease-class=2_foliar_disease
LeafRot1472,disease/Leaf Rot,Dataset/Coconut Tree Disease Dataset/Leaf Rot/LeafRot1472.jpg,,,,,,disease-class=2_foliar_disease
LeafRot1473,disease/Leaf Rot,Dataset/Coconut Tree Disease Dataset/Leaf Rot/LeafRot1473.jpg,,,,,,disease-class=2_foliar_disease
LeafRot1474,disease/Leaf Rot,Dataset/Coconut Tree Disease Dataset/Leaf Rot/LeafRot1474.jpg,,,,,,disease-class=2_foliar_disease
LeafRot1475,disease/Leaf Rot,Dataset/Coconut Tree Disease Dataset/Leaf Rot/LeafRot1475.jpg,,,,,,disease-class=2_foliar_disease
LeafRot1476,disease/Leaf Rot,Dataset/Coconut Tree Disease Dataset/Leaf Rot/LeafRot1476.jpg,,,,,,disease-class=2_foliar_disease
LeafRot1477,disease/Leaf Rot,Dataset/Coconut Tree Disease Dataset/Leaf Rot/LeafRot1477.jpg,,,,,,disease-class=2_foliar_disease
LeafRot1478,disease/Leaf Rot,Dataset/Coconut Tree Disease Dataset/Leaf Rot/LeafRot1478.jpg,,,,,,disease-class=2_foliar_disease
LeafRot1479,disease/Leaf Rot,Dataset/Coconut Tree Disease Dataset/Leaf Rot/LeafRot1479.jpg,,,,,,disease-class=2_foliar_disease
LeafRot148,disease/Leaf Rot,Dataset/Coconut Tree Disease Dataset/Leaf Rot/LeafRot148.jpg,,,,,,disease-class=2_foliar_disease
LeafRot1480,disease/Leaf Rot,Dataset/Coconut Tree Disease Dataset/Leaf Rot/LeafRot1480.jpg,,,,,,disease-class=2_foliar_disease
LeafRot1481,disease/Leaf Rot,Dataset/Coconut Tree Disease Dataset/Leaf Rot/LeafRot1481.jpg,,,,,,disease-class=2_foliar_disease
LeafRot1482,disease/Leaf Rot,Dataset/Coconut Tree Disease Dataset/Leaf Rot/LeafRot1482.jpg,,,,,,disease-class=2_foliar_disease
LeafRot1483,disease/Leaf Rot,Dataset/Coconut Tree Disease Dataset/Leaf Rot/LeafRot1483.jpg,,,,,,disease-class=2_foliar_disease
LeafRot1484,disease/Leaf Rot,Dataset/Coconut Tree Disease Dataset/Leaf Rot/LeafRot1484.jpg,,,,,,disease-class=2_foliar_disease
LeafRot1485,disease/Leaf Rot,Dataset/Coconut Tree Disease Dataset/Leaf Rot/LeafRot1485.jpg,,,,,,disease-class=2_foliar_disease
LeafRot1486,disease/Leaf Rot,Dataset/Coconut Tree Disease Dataset/Leaf Rot/LeafRot1486.jpg,,,,,,disease-class=2_foliar_disease
LeafRot1487,disease/Leaf Rot,Dataset/Coconut Tree Disease Dataset/Leaf Rot/LeafRot1487.jpg,,,,,,disease-class=2_foliar_disease
LeafRot1488,disease/Leaf Rot,Dataset/Coconut Tree Disease Dataset/Leaf Rot/LeafRot1488.jpg,,,,,,disease-class=2_foliar_disease
LeafRot1489,disease/Leaf Rot,Dataset/Coconut Tree Disease Dataset/Leaf Rot/LeafRot1489.jpg,,,,,,disease-class=2_foliar_disease
LeafRot149,disease/Leaf Rot,Dataset/Coconut Tree Disease Dataset/Leaf Rot/LeafRot149.jpg,,,,,,disease-class=2_foliar_disease
LeafRot1490,disease/Leaf Rot,Dataset/Coconut Tree Disease Dataset/Leaf Rot/LeafRot1490.jpg,,,,,,disease-class=2_foliar_disease
LeafRot1491,disease/Leaf Rot,Dataset/Coconut Tree Disease Dataset/Leaf Rot/LeafRot1491.jpg,,,,,,disease-class=2_foliar_disease
LeafRot1492,disease/Leaf Rot,Dataset/Coconut Tree Disease Dataset/Leaf Rot/LeafRot1492.jpg,,,,,,disease-class=2_foliar_disease
LeafRot1493,disease/Leaf Rot,Dataset/Coconut Tree Disease Dataset/Leaf Rot/LeafRot1493.jpg,,,,,,disease-class=2_foliar_disease
LeafRot1494,disease/Leaf Rot,Dataset/Coconut Tree Disease Dataset/Leaf Rot/LeafRot1494.jpg,,,,,,disease-class=2_foliar_disease
LeafRot1495,disease/Leaf Rot,Dataset/Coconut Tree Disease Dataset/Leaf Rot/LeafRot1495.jpg,,,,,,disease-class=2_foliar_disease
LeafRot1496,disease/Leaf Rot,Dataset/Coconut Tree Disease Dataset/Leaf Rot/LeafRot1496.jpg,,,,,,disease-class=2_foliar_disease
LeafRot1497,disease/Leaf Rot,Dataset/Coconut Tree Disease Dataset/Leaf Rot/LeafRot1497.jpg,,,,,,disease-class=2_foliar_disease
LeafRot1498,disease/Leaf Rot,Dataset/Coconut Tree Disease Dataset/Leaf Rot/LeafRot1498.jpg,,,,,,disease-class=2_foliar_disease
LeafRot1499,disease/Leaf Rot,Dataset/Coconut Tree Disease Dataset/Leaf Rot/LeafRot1499.jpg,,,,,,disease-class=2_foliar_disease
LeafRot150,disease/Leaf Rot,Dataset/Coconut Tree Disease Dataset/Leaf Rot/LeafRot150.jpg,,,,,,disease-class=2_foliar_disease
LeafRot1500,disease/Leaf Rot,Dataset/Coconut Tree Disease Dataset/Leaf Rot/LeafRot1500.jpg,,,,,,disease-class=2_foliar_disease
LeafRot1501,disease/Leaf Rot,Dataset/Coconut Tree Disease Dataset/Leaf Rot/LeafRot1501.jpg,,,,,,disease-class=2_foliar_disease
LeafRot1502,disease/Leaf Rot,Dataset/Coconut Tree Disease Dataset/Leaf Rot/LeafRot1502.jpg,,,,,,disease-class=2_foliar_disease
LeafRot1503,disease/Leaf Rot,Dataset/Coconut Tree Disease Dataset/Leaf Rot/LeafRot1503.jpg,,,,,,disease-class=2_foliar_disease
LeafRot1504,disease/Leaf Rot,Dataset/Coconut Tree Disease Dataset/Leaf Rot/LeafRot1504.jpg,,,,,,disease-class=2_foliar_disease
LeafRot1505,disease/Leaf Rot,Dataset/Coconut Tree Disease Dataset/Leaf Rot/LeafRot1505.jpg,,,,,,disease-class=2_foliar_disease
LeafRot1506,disease/Leaf Rot,Dataset/Coconut Tree Disease Dataset/Leaf Rot/LeafRot1506.jpg,,,,,,disease-class=2_foliar_disease
LeafRot1507,disease/Leaf Rot,Dataset/Coconut Tree Disease Dataset/Leaf Rot/LeafRot1507.jpg,,,,,,disease-class=2_foliar_disease
LeafRot1508,disease/Leaf Rot,Dataset/Coconut Tree Disease Dataset/Leaf Rot/LeafRot1508.jpg,,,,,,disease-class=2_foliar_disease
LeafRot1509,disease/Leaf Rot,Dataset/Coconut Tree Disease Dataset/Leaf Rot/LeafRot1509.jpg,,,,,,disease-class=2_foliar_disease
LeafRot151,disease/Leaf Rot,Dataset/Coconut Tree Disease Dataset/Leaf Rot/LeafRot151.jpg,,,,,,disease-class=2_foliar_disease
LeafRot1510,disease/Leaf Rot,Dataset/Coconut Tree Disease Dataset/Leaf Rot/LeafRot1510.jpg,,,,,,disease-class=2_foliar_disease
LeafRot1511,disease/Leaf Rot,Dataset/Coconut Tree Disease Dataset/Leaf Rot/LeafRot1511.jpg,,,,,,disease-class=2_foliar_disease
LeafRot1512,disease/Leaf Rot,Dataset/Coconut Tree Disease Dataset/Leaf Rot/LeafRot1512.jpg,,,,,,disease-class=2_foliar_disease
LeafRot1513,disease/Leaf Rot,Dataset/Coconut Tree Disease Dataset/Leaf Rot/LeafRot1513.jpg,,,,,,disease-class=2_foliar_disease
LeafRot1514,disease/Leaf Rot,Dataset/Coconut Tree Disease Dataset/Leaf Rot/LeafRot1514.jpg,,,,,,disease-class=2_foliar_disease
LeafRot1515,disease/Leaf Rot,Dataset/Coconut Tree Disease Dataset/Leaf Rot/LeafRot1515.jpg,,,,,,disease-class=2_foliar_disease
LeafRot1516,disease/Leaf Rot,Dataset/Coconut Tree Disease Dataset/Leaf Rot/LeafRot1516.jpg,,,,,,disease-class=2_foliar_disease
LeafRot1517,disease/Leaf Rot,Dataset/Coconut Tree Disease Dataset/Leaf Rot/LeafRot1517.jpg,,,,,,disease-class=2_foliar_disease
LeafRot1518,disease/Leaf Rot,Dataset/Coconut Tree Disease Dataset/Leaf Rot/LeafRot1518.jpg,,,,,,disease-class=2_foliar_disease
LeafRot1519,disease/Leaf Rot,Dataset/Coconut Tree Disease Dataset/Leaf Rot/LeafRot1519.jpg,,,,,,disease-class=2_foliar_disease
LeafRot152,disease/Leaf Rot,Dataset/Coconut Tree Disease Dataset/Leaf Rot/LeafRot152.jpg,,,,,,disease-class=2_foliar_disease
LeafRot1520,disease/Leaf Rot,Dataset/Coconut Tree Disease Dataset/Leaf Rot/LeafRot1520.jpg,,,,,,disease-class=2_foliar_disease
LeafRot1521,disease/Leaf Rot,Dataset/Coconut Tree Disease Dataset/Leaf Rot/LeafRot1521.jpg,,,,,,disease-class=2_foliar_disease
LeafRot1522,disease/Leaf Rot,Dataset/Coconut Tree Disease Dataset/Leaf Rot/LeafRot1522.jpg,,,,,,disease-class=2_foliar_disease
LeafRot1523,disease/Leaf Rot,Dataset/Coconut Tree Disease Dataset/Leaf Rot/LeafRot1523.jpg,,,,,,disease-class=2_foliar_disease
LeafRot1524,disease/Leaf Rot,Dataset/Coconut Tree Disease Dataset/Leaf Rot/LeafRot1524.jpg,,,,,,disease-class=2_foliar_disease
LeafRot1525,disease/Leaf Rot,Dataset/Coconut Tree Disease Dataset/Leaf Rot/LeafRot1525.jpg,,,,,,disease-class=2_foliar_disease
LeafRot1526,disease/Leaf Rot,Dataset/Coconut Tree Disease Dataset/Leaf Rot/LeafRot1526.jpg,,,,,,disease-class=2_foliar_disease
LeafRot1527,disease/Leaf Rot,Dataset/Coconut Tree Disease Dataset/Leaf Rot/LeafRot1527.jpg,,,,,,disease-class=2_foliar_disease
LeafRot1528,disease/Leaf Rot,Dataset/Coconut Tree Disease Dataset/Leaf Rot/LeafRot1528.jpg,,,,,,disease-class=2_foliar_disease
LeafRot1529,disease/Leaf Rot,Dataset/Coconut Tree Disease Dataset/Leaf Rot/LeafRot1529.jpg,,,,,,disease-class=2_foliar_disease
LeafRot153,disease/Leaf Rot,Dataset/Coconut Tree Disease Dataset/Leaf Rot/LeafRot153.jpg,,,,,,disease-class=2_foliar_disease
LeafRot1530,disease/Leaf Rot,Dataset/Coconut Tree Disease Dataset/Leaf Rot/LeafRot1530.jpg,,,,,,disease-class=2_foliar_disease
LeafRot1531,disease/Leaf Rot,Dataset/Coconut Tree Disease Dataset/Leaf Rot/LeafRot1531.jpg,,,,,,disease-class=2_foliar_disease
LeafRot1532,disease/Leaf Rot,Dataset/Coconut Tree Disease Dataset/Leaf Rot/LeafRot1532.jpg,,,,,,disease-class=2_foliar_disease
LeafRot1533,disease/Leaf Rot,Dataset/Coconut Tree Disease Dataset/Leaf Rot/LeafRot1533.jpg,,,,,,disease-class=2_foliar_disease
LeafRot1534,disease/Leaf Rot,Dataset/Coconut Tree Disease Dataset/Leaf Rot/LeafRot1534.jpg,,,,,,disease-class=2_foliar_disease
LeafRot1535,disease/Leaf Rot,Dataset/Coconut Tree Disease Dataset/Leaf Rot/LeafRot1535.jpg,,,,,,disease-class=2_foliar_disease
LeafRot1536,disease/Leaf Rot,Dataset/Coconut Tree Disease Dataset/Leaf Rot/LeafRot1536.jpg,,,,,,disease-class=2_foliar_disease
LeafRot1537,disease/Leaf Rot,Dataset/Coconut Tree Disease Dataset/Leaf Rot/LeafRot1537.jpg,,,,,,disease-class=2_foliar_disease
LeafRot1538,disease/Leaf Rot,Dataset/Coconut Tree Disease Dataset/Leaf Rot/LeafRot1538.jpg,,,,,,disease-class=2_foliar_disease
LeafRot1539,disease/Leaf Rot,Dataset/Coconut Tree Disease Dataset/Leaf Rot/LeafRot1539.jpg,,,,,,disease-class=2_foliar_disease
LeafRot154,disease/Leaf Rot,Dataset/Coconut Tree Disease Dataset/Leaf Rot/LeafRot154.jpg,,,,,,disease-class=2_foliar_disease
LeafRot1540,disease/Leaf Rot,Dataset/Coconut Tree Disease Dataset/Leaf Rot/LeafRot1540.jpg,,,,,,disease-class=2_foliar_disease
LeafRot1541,disease/Leaf Rot,Dataset/Coconut Tree Disease Dataset/Leaf Rot/LeafRot1541.jpg,,,,,,disease-class=2_foliar_disease
LeafRot1542,disease/Leaf Rot,Dataset/Coconut Tree Disease Dataset/Leaf Rot/LeafRot1542.jpg,,,,,,disease-class=2_foliar_disease
LeafRot1543,disease/Leaf Rot,Dataset/Coconut Tree Disease Dataset/Leaf Rot/LeafRot1543.jpg,,,,,,disease-class=2_foliar_disease
LeafRot1544,disease/Leaf Rot,Dataset/Coconut Tree Disease Dataset/Leaf Rot/LeafRot1544.jpg,,,,,,disease-class=2_foliar_disease
LeafRot1545,disease/Leaf Rot,Dataset/Coconut Tree Disease Dataset/Leaf Rot/LeafRot1545.jpg,,,,,,disease-class=2_foliar_disease
LeafRot1546,disease/Leaf Rot,Dataset/Coconut Tree Disease Dataset/Leaf Rot/LeafRot1546.jpg,,,,,,disease-class=2_foliar_disease
LeafRot1547,disease/Leaf Rot,Dataset/Coconut Tree Disease Dataset/Leaf Rot/LeafRot1547.jpg,,,,,,disease-class=2_foliar_disease
LeafRot1548,disease/Leaf Rot,Dataset/Coconut Tree Disease Dataset/Leaf Rot/LeafRot1548.jpg,,,,,,disease-class=2_foliar_disease
LeafRot1549,disease/Leaf Rot,Dataset/Coconut Tree Disease Dataset/Leaf Rot/LeafRot1549.jpg,,,,,,disease-class=2_foliar_disease
LeafRot155,disease/Leaf Rot,Dataset/Coconut Tree Disease Dataset/Leaf Rot/LeafRot155.jpg,,,,,,disease-class=2_foliar_disease
LeafRot1550,disease/Leaf Rot,Dataset/Coconut Tree Disease Dataset/Leaf Rot/LeafRot1550.jpg,,,,,,disease-class=2_foliar_disease
LeafRot1551,disease/Leaf Rot,Dataset/Coconut Tree Disease Dataset/Leaf Rot/LeafRot1551.jpg,,,,,,disease-class=2_foliar_disease
LeafRot1552,disease/Leaf Rot,Dataset/Coconut Tree Disease Dataset/Leaf Rot/LeafRot1552.jpg,,,,,,disease-class=2_foliar_disease
LeafRot1553,disease/Leaf Rot,Dataset/Coconut Tree Disease Dataset/Leaf Rot/LeafRot1553.jpg,,,,,,disease-class=2_foliar_disease
LeafRot1554,disease/Leaf Rot,Dataset/Coconut Tree Disease Dataset/Leaf Rot/LeafRot1554.jpg,,,,,,disease-class=2_foliar_disease
LeafRot1555,disease/Leaf Rot,Dataset/Coconut Tree Disease Dataset/Leaf Rot/LeafRot1555.jpg,,,,,,disease-class=2_foliar_disease
LeafRot1556,disease/Leaf Rot,Dataset/Coconut Tree Disease Dataset/Leaf Rot/LeafRot1556.jpg,,,,,,disease-class=2_foliar_disease
LeafRot1557,disease/Leaf Rot,Dataset/Coconut Tree Disease Dataset/Leaf Rot/LeafRot1557.jpg,,,,,,disease-class=2_foliar_disease
LeafRot1558,disease/Leaf Rot,Dataset/Coconut Tree Disease Dataset/Leaf Rot/LeafRot1558.jpg,,,,,,disease-class=2_foliar_disease
LeafRot1559,disease/Leaf Rot,Dataset/Coconut Tree Disease Dataset/Leaf Rot/LeafRot1559.jpg,,,,,,disease-class=2_foliar_disease
LeafRot156,disease/Leaf Rot,Dataset/Coconut Tree Disease Dataset/Leaf Rot/LeafRot156.jpg,,,,,,disease-class=2_foliar_disease
LeafRot1560,disease/Leaf Rot,Dataset/Coconut Tree Disease Dataset/Leaf Rot/LeafRot1560.jpg,,,,,,disease-class=2_foliar_disease
LeafRot1561,disease/Leaf Rot,Dataset/Coconut Tree Disease Dataset/Leaf Rot/LeafRot1561.jpg,,,,,,disease-class=2_foliar_disease
LeafRot1562,disease/Leaf Rot,Dataset/Coconut Tree Disease Dataset/Leaf Rot/LeafRot1562.jpg,,,,,,disease-class=2_foliar_disease
LeafRot1563,disease/Leaf Rot,Dataset/Coconut Tree Disease Dataset/Leaf Rot/LeafRot1563.jpg,,,,,,disease-class=2_foliar_disease
LeafRot1564,disease/Leaf Rot,Dataset/Coconut Tree Disease Dataset/Leaf Rot/LeafRot1564.jpg,,,,,,disease-class=2_foliar_disease
LeafRot1565,disease/Leaf Rot,Dataset/Coconut Tree Disease Dataset/Leaf Rot/LeafRot1565.jpg,,,,,,disease-class=2_foliar_disease
LeafRot1566,disease/Leaf Rot,Dataset/Coconut Tree Disease Dataset/Leaf Rot/LeafRot1566.jpg,,,,,,disease-class=2_foliar_disease
LeafRot1567,disease/Leaf Rot,Dataset/Coconut Tree Disease Dataset/Leaf Rot/LeafRot1567.jpg,,,,,,disease-class=2_foliar_disease
LeafRot1568,disease/Leaf Rot,Dataset/Coconut Tree Disease Dataset/Leaf Rot/LeafRot1568.jpg,,,,,,disease-class=2_foliar_disease
LeafRot1569,disease/Leaf Rot,Dataset/Coconut Tree Disease Dataset/Leaf Rot/LeafRot1569.jpg,,,,,,disease-class=2_foliar_disease
LeafRot157,disease/Leaf Rot,Dataset/Coconut Tree Disease Dataset/Leaf Rot/LeafRot157.jpg,,,,,,disease-class=2_foliar_disease
LeafRot1570,disease/Leaf Rot,Dataset/Coconut Tree Disease Dataset/Leaf Rot/LeafRot1570.jpg,,,,,,disease-class=2_foliar_disease
LeafRot1571,disease/Leaf Rot,Dataset/Coconut Tree Disease Dataset/Leaf Rot/LeafRot1571.jpg,,,,,,disease-class=2_foliar_disease
LeafRot1572,disease/Leaf Rot,Dataset/Coconut Tree Disease Dataset/Leaf Rot/LeafRot1572.jpg,,,,,,disease-class=2_foliar_disease
LeafRot1573,disease/Leaf Rot,Dataset/Coconut Tree Disease Dataset/Leaf Rot/LeafRot1573.jpg,,,,,,disease-class=2_foliar_disease
LeafRot1574,disease/Leaf Rot,Dataset/Coconut Tree Disease Dataset/Leaf Rot/LeafRot1574.jpg,,,,,,disease-class=2_foliar_disease
LeafRot1575,disease/Leaf Rot,Dataset/Coconut Tree Disease Dataset/Leaf Rot/LeafRot1575.jpg,,,,,,disease-class=2_foliar_disease
LeafRot1576,disease/Leaf Rot,Dataset/Coconut Tree Disease Dataset/Leaf Rot/LeafRot1576.jpg,,,,,,disease-class=2_foliar_disease
LeafRot1577,disease/Leaf Rot,Dataset/Coconut Tree Disease Dataset/Leaf Rot/LeafRot1577.jpg,,,,,,disease-class=2_foliar_disease
LeafRot1578,disease/Leaf Rot,Dataset/Coconut Tree Disease Dataset/Leaf Rot/LeafRot1578.jpg,,,,,,disease-class=2_foliar_disease
LeafRot1579,disease/Leaf Rot,Dataset/Coconut Tree Disease Dataset/Leaf Rot/LeafRot1579.jpg,,,,,,disease-class=2_foliar_disease
LeafRot158,disease/Leaf Rot,Dataset/Coconut Tree Disease Dataset/Leaf Rot/LeafRot158.jpg,,,,,,disease-class=2_foliar_disease
LeafRot1580,disease/Leaf Rot,Dataset/Coconut Tree Disease Dataset/Leaf Rot/LeafRot1580.jpg,,,,,,disease-class=2_foliar_disease
LeafRot1581,disease/Leaf Rot,Dataset/Coconut Tree Disease Dataset/Leaf Rot/LeafRot1581.jpg,,,,,,disease-class=2_foliar_disease
LeafRot1582,disease/Leaf Rot,Dataset/Coconut Tree Disease Dataset/Leaf Rot/LeafRot1582.jpg,,,,,,disease-class=2_foliar_disease
LeafRot1583,disease/Leaf Rot,Dataset/Coconut Tree Disease Dataset/Leaf Rot/LeafRot1583.jpg,,,,,,disease-class=2_foliar_disease
LeafRot1584,disease/Leaf Rot,Dataset/Coconut Tree Disease Dataset/Leaf Rot/LeafRot1584.jpg,,,,,,disease-class=2_foliar_disease
LeafRot1585,disease/Leaf Rot,Dataset/Coconut Tree Disease Dataset/Leaf Rot/LeafRot1585.jpg,,,,,,disease-class=2_foliar_disease
LeafRot1586,disease/Leaf Rot,Dataset/Coconut Tree Disease Dataset/Leaf Rot/LeafRot1586.jpg,,,,,,disease-class=2_foliar_disease
LeafRot1587,disease/Leaf Rot,Dataset/Coconut Tree Disease Dataset/Leaf Rot/LeafRot1587.jpg,,,,,,disease-class=2_foliar_disease
LeafRot1588,disease/Leaf Rot,Dataset/Coconut Tree Disease Dataset/Leaf Rot/LeafRot1588.jpg,,,,,,disease-class=2_foliar_disease
LeafRot1589,disease/Leaf Rot,Dataset/Coconut Tree Disease Dataset/Leaf Rot/LeafRot1589.jpg,,,,,,disease-class=2_foliar_disease
LeafRot159,disease/Leaf Rot,Dataset/Coconut Tree Disease Dataset/Leaf Rot/LeafRot159.jpg,,,,,,disease-class=2_foliar_disease
LeafRot1590,disease/Leaf Rot,Dataset/Coconut Tree Disease Dataset/Leaf Rot/LeafRot1590.jpg,,,,,,disease-class=2_foliar_disease
LeafRot1591,disease/Leaf Rot,Dataset/Coconut Tree Disease Dataset/Leaf Rot/LeafRot1591.jpg,,,,,,disease-class=2_foliar_disease
LeafRot1592,disease/Leaf Rot,Dataset/Coconut Tree Disease Dataset/Leaf Rot/LeafRot1592.jpg,,,,,,disease-class=2_foliar_disease
LeafRot1593,disease/Leaf Rot,Dataset/Coconut Tree Disease Dataset/Leaf Rot/LeafRot1593.jpg,,,,,,disease-class=2_foliar_disease
LeafRot1594,disease/Leaf Rot,Dataset/Coconut Tree Disease Dataset/Leaf Rot/LeafRot1594.jpg,,,,,,disease-class=2_foliar_disease
LeafRot1595,disease/Leaf Rot,Dataset/Coconut Tree Disease Dataset/Leaf Rot/LeafRot1595.jpg,,,,,,disease-class=2_foliar_disease
LeafRot1596,disease/Leaf Rot,Dataset/Coconut Tree Disease Dataset/Leaf Rot/LeafRot1596.jpg,,,,,,disease-class=2_foliar_disease
LeafRot1597,disease/Leaf Rot,Dataset/Coconut Tree Disease Dataset/Leaf Rot/LeafRot1597.jpg,,,,,,disease-class=2_foliar_disease
LeafRot1598,disease/Leaf Rot,Dataset/Coconut Tree Disease Dataset/Leaf Rot/LeafRot1598.jpg,,,,,,disease-class=2_foliar_disease
LeafRot1599,disease/Leaf Rot,Dataset/Coconut Tree Disease Dataset/Leaf Rot/LeafRot1599.jpg,,,,,,disease-class=2_foliar_disease
LeafRot160,disease/Leaf Rot,Dataset/Coconut Tree Disease Dataset/Leaf Rot/LeafRot160.jpg,,,,,,disease-class=2_foliar_disease
LeafRot1600,disease/Leaf Rot,Dataset/Coconut Tree Disease Dataset/Leaf Rot/LeafRot1600.jpg,,,,,,disease-class=2_foliar_disease
LeafRot1601,disease/Leaf Rot,Dataset/Coconut Tree Disease Dataset/Leaf Rot/LeafRot1601.jpg,,,,,,disease-class=2_foliar_disease
LeafRot1602,disease/Leaf Rot,Dataset/Coconut Tree Disease Dataset/Leaf Rot/LeafRot1602.jpg,,,,,,disease-class=2_foliar_disease
LeafRot1603,disease/Leaf Rot,Dataset/Coconut Tree Disease Dataset/Leaf Rot/LeafRot1603.jpg,,,,,,disease-class=2_foliar_disease
LeafRot1604,disease/Leaf Rot,Dataset/Coconut Tree Disease Dataset/Leaf Rot/LeafRot1604.jpg,,,,,,disease-class=2_foliar_disease
LeafRot1605,disease/Leaf Rot,Dataset/Coconut Tree Disease Dataset/Leaf Rot/LeafRot1605.jpg,,,,,,disease-class=2_foliar_disease
LeafRot1606,disease/Leaf Rot,Dataset/Coconut Tree Disease Dataset/Leaf Rot/LeafRot1606.jpg,,,,,,disease-class=2_foliar_disease
LeafRot1607,disease/Leaf Rot,Dataset/Coconut Tree Disease Dataset/Leaf Rot/LeafRot1607.jpg,,,,,,disease-class=2_foliar_disease
LeafRot1608,disease/Leaf Rot,Dataset/Coconut Tree Disease Dataset/Leaf Rot/LeafRot1608.jpg,,,,,,disease-class=2_foliar_disease
LeafRot1609,disease/Leaf Rot,Dataset/Coconut Tree Disease Dataset/Leaf Rot/LeafRot1609.jpg,,,,,,disease-class=2_foliar_disease
LeafRot161,disease/Leaf Rot,Dataset/Coconut Tree Disease Dataset/Leaf Rot/LeafRot161.jpg,,,,,,disease-class=2_foliar_disease
LeafRot1610,disease/Leaf Rot,Dataset/Coconut Tree Disease Dataset/Leaf Rot/LeafRot1610.jpg,,,,,,disease-class=2_foliar_disease
LeafRot1611,disease/Leaf Rot,Dataset/Coconut Tree Disease Dataset/Leaf Rot/LeafRot1611.jpg,,,,,,disease-class=2_foliar_disease
LeafRot1612,disease/Leaf Rot,Dataset/Coconut Tree Disease Dataset/Leaf Rot/LeafRot1612.jpg,,,,,,disease-class=2_foliar_disease
LeafRot1613,disease/Leaf Rot,Dataset/Coconut Tree Disease Dataset/Leaf Rot/LeafRot1613.jpg,,,,,,disease-class=2_foliar_disease
LeafRot1614,disease/Leaf Rot,Dataset/Coconut Tree Disease Dataset/Leaf Rot/LeafRot1614.jpg,,,,,,disease-class=2_foliar_disease
LeafRot1615,disease/Leaf Rot,Dataset/Coconut Tree Disease Dataset/Leaf Rot/LeafRot1615.jpg,,,,,,disease-class=2_foliar_disease
LeafRot1616,disease/Leaf Rot,Dataset/Coconut Tree Disease Dataset/Leaf Rot/LeafRot1616.jpg,,,,,,disease-class=2_foliar_disease
LeafRot1617,disease/Leaf Rot,Dataset/Coconut Tree Disease Dataset/Leaf Rot/LeafRot1617.jpg,,,,,,disease-class=2_foliar_disease
LeafRot1618,disease/Leaf Rot,Dataset/Coconut Tree Disease Dataset/Leaf Rot/LeafRot1618.jpg,,,,,,disease-class=2_foliar_disease
LeafRot1619,disease/Leaf Rot,Dataset/Coconut Tree Disease Dataset/Leaf Rot/LeafRot1619.jpg,,,,,,disease-class=2_foliar_disease
LeafRot162,disease/Leaf Rot,Dataset/Coconut Tree Disease Dataset/Leaf Rot/LeafRot162.jpg,,,,,,disease-class=2_foliar_disease
LeafRot1620,disease/Leaf Rot,Dataset/Coconut Tree Disease Dataset/Leaf Rot/LeafRot1620.jpg,,,,,,disease-class=2_foliar_disease
LeafRot1621,disease/Leaf Rot,Dataset/Coconut Tree Disease Dataset/Leaf Rot/LeafRot1621.jpg,,,,,,disease-class=2_foliar_disease
LeafRot1622,disease/Leaf Rot,Dataset/Coconut Tree Disease Dataset/Leaf Rot/LeafRot1622.jpg,,,,,,disease-class=2_foliar_disease
LeafRot1623,disease/Leaf Rot,Dataset/Coconut Tree Disease Dataset/Leaf Rot/LeafRot1623.jpg,,,,,,disease-class=2_foliar_disease
LeafRot1624,disease/Leaf Rot,Dataset/Coconut Tree Disease Dataset/Leaf Rot/LeafRot1624.jpg,,,,,,disease-class=2_foliar_disease
LeafRot1625,disease/Leaf Rot,Dataset/Coconut Tree Disease Dataset/Leaf Rot/LeafRot1625.jpg,,,,,,disease-class=2_foliar_disease
LeafRot1626,disease/Leaf Rot,Dataset/Coconut Tree Disease Dataset/Leaf Rot/LeafRot1626.jpg,,,,,,disease-class=2_foliar_disease
LeafRot1627,disease/Leaf Rot,Dataset/Coconut Tree Disease Dataset/Leaf Rot/LeafRot1627.jpg,,,,,,disease-class=2_foliar_disease
LeafRot1628,disease/Leaf Rot,Dataset/Coconut Tree Disease Dataset/Leaf Rot/LeafRot1628.jpg,,,,,,disease-class=2_foliar_disease
LeafRot1629,disease/Leaf Rot,Dataset/Coconut Tree Disease Dataset/Leaf Rot/LeafRot1629.jpg,,,,,,disease-class=2_foliar_disease
LeafRot163,disease/Leaf Rot,Dataset/Coconut Tree Disease Dataset/Leaf Rot/LeafRot163.jpg,,,,,,disease-class=2_foliar_disease
LeafRot1630,disease/Leaf Rot,Dataset/Coconut Tree Disease Dataset/Leaf Rot/LeafRot1630.jpg,,,,,,disease-class=2_foliar_disease
LeafRot1631,disease/Leaf Rot,Dataset/Coconut Tree Disease Dataset/Leaf Rot/LeafRot1631.jpg,,,,,,disease-class=2_foliar_disease
LeafRot1632,disease/Leaf Rot,Dataset/Coconut Tree Disease Dataset/Leaf Rot/LeafRot1632.jpg,,,,,,disease-class=2_foliar_disease
LeafRot1633,disease/Leaf Rot,Dataset/Coconut Tree Disease Dataset/Leaf Rot/LeafRot1633.jpg,,,,,,disease-class=2_foliar_disease
LeafRot1634,disease/Leaf Rot,Dataset/Coconut Tree Disease Dataset/Leaf Rot/LeafRot1634.jpg,,,,,,disease-class=2_foliar_disease
LeafRot1635,disease/Leaf Rot,Dataset/Coconut Tree Disease Dataset/Leaf Rot/LeafRot1635.jpg,,,,,,disease-class=2_foliar_disease
LeafRot1636,disease/Leaf Rot,Dataset/Coconut Tree Disease Dataset/Leaf Rot/LeafRot1636.jpg,,,,,,disease-class=2_foliar_disease
LeafRot1637,disease/Leaf Rot,Dataset/Coconut Tree Disease Dataset/Leaf Rot/LeafRot1637.jpg,,,,,,disease-class=2_foliar_disease
LeafRot1638,disease/Leaf Rot,Dataset/Coconut Tree Disease Dataset/Leaf Rot/LeafRot1638.jpg,,,,,,disease-class=2_foliar_disease
LeafRot1639,disease/Leaf Rot,Dataset/Coconut Tree Disease Dataset/Leaf Rot/LeafRot1639.jpg,,,,,,disease-class=2_foliar_disease
LeafRot164,disease/Leaf Rot,Dataset/Coconut Tree Disease Dataset/Leaf Rot/LeafRot164.jpg,,,,,,disease-class=2_foliar_disease
LeafRot1640,disease/Leaf Rot,Dataset/Coconut Tree Disease Dataset/Leaf Rot/LeafRot1640.jpg,,,,,,disease-class=2_foliar_disease
LeafRot1641,disease/Leaf Rot,Dataset/Coconut Tree Disease Dataset/Leaf Rot/LeafRot1641.jpg,,,,,,disease-class=2_foliar_disease
LeafRot1642,disease/Leaf Rot,Dataset/Coconut Tree Disease Dataset/Leaf Rot/LeafRot1642.jpg,,,,,,disease-class=2_foliar_disease
LeafRot1643,disease/Leaf Rot,Dataset/Coconut Tree Disease Dataset/Leaf Rot/LeafRot1643.jpg,,,,,,disease-class=2_foliar_disease
LeafRot1644,disease/Leaf Rot,Dataset/Coconut Tree Disease Dataset/Leaf Rot/LeafRot1644.jpg,,,,,,disease-class=2_foliar_disease
LeafRot1645,disease/Leaf Rot,Dataset/Coconut Tree Disease Dataset/Leaf Rot/LeafRot1645.jpg,,,,,,disease-class=2_foliar_disease
LeafRot1646,disease/Leaf Rot,Dataset/Coconut Tree Disease Dataset/Leaf Rot/LeafRot1646.jpg,,,,,,disease-class=2_foliar_disease
LeafRot1647,disease/Leaf Rot,Dataset/Coconut Tree Disease Dataset/Leaf Rot/LeafRot1647.jpg,,,,,,disease-class=2_foliar_disease
LeafRot1648,disease/Leaf Rot,Dataset/Coconut Tree Disease Dataset/Leaf Rot/LeafRot1648.jpg,,,,,,disease-class=2_foliar_disease
LeafRot1649,disease/Leaf Rot,Dataset/Coconut Tree Disease Dataset/Leaf Rot/LeafRot1649.jpg,,,,,,disease-class=2_foliar_disease
LeafRot165,disease/Leaf Rot,Dataset/Coconut Tree Disease Dataset/Leaf Rot/LeafRot165.jpg,,,,,,disease-class=2_foliar_disease
LeafRot1650,disease/Leaf Rot,Dataset/Coconut Tree Disease Dataset/Leaf Rot/LeafRot1650.jpg,,,,,,disease-class=2_foliar_disease
LeafRot1651,disease/Leaf Rot,Dataset/Coconut Tree Disease Dataset/Leaf Rot/LeafRot1651.jpg,,,,,,disease-class=2_foliar_disease
LeafRot1652,disease/Leaf Rot,Dataset/Coconut Tree Disease Dataset/Leaf Rot/LeafRot1652.jpg,,,,,,disease-class=2_foliar_disease
LeafRot1653,disease/Leaf Rot,Dataset/Coconut Tree Disease Dataset/Leaf Rot/LeafRot1653.jpg,,,,,,disease-class=2_foliar_disease
LeafRot1654,disease/Leaf Rot,Dataset/Coconut Tree Disease Dataset/Leaf Rot/LeafRot1654.jpg,,,,,,disease-class=2_foliar_disease
LeafRot1655,disease/Leaf Rot,Dataset/Coconut Tree Disease Dataset/Leaf Rot/LeafRot1655.jpg,,,,,,disease-class=2_foliar_disease
LeafRot1656,disease/Leaf Rot,Dataset/Coconut Tree Disease Dataset/Leaf Rot/LeafRot1656.jpg,,,,,,disease-class=2_foliar_disease
LeafRot1657,disease/Leaf Rot,Dataset/Coconut Tree Disease Dataset/Leaf Rot/LeafRot1657.jpg,,,,,,disease-class=2_foliar_disease
LeafRot1658,disease/Leaf Rot,Dataset/Coconut Tree Disease Dataset/Leaf Rot/LeafRot1658.jpg,,,,,,disease-class=2_foliar_disease
LeafRot1659,disease/Leaf Rot,Dataset/Coconut Tree Disease Dataset/Leaf Rot/LeafRot1659.jpg,,,,,,disease-class=2_foliar_disease
LeafRot166,disease/Leaf Rot,Dataset/Coconut Tree Disease Dataset/Leaf Rot/LeafRot166.jpg,,,,,,disease-class=2_foliar_disease
LeafRot1660,disease/Leaf Rot,Dataset/Coconut Tree Disease Dataset/Leaf Rot/LeafRot1660.jpg,,,,,,disease-class=2_foliar_disease
LeafRot1661,disease/Leaf Rot,Dataset/Coconut Tree Disease Dataset/Leaf Rot/LeafRot1661.jpg,,,,,,disease-class=2_foliar_disease
LeafRot1662,disease/Leaf Rot,Dataset/Coconut Tree Disease Dataset/Leaf Rot/LeafRot1662.jpg,,,,,,disease-class=2_foliar_disease
LeafRot1663,disease/Leaf Rot,Dataset/Coconut Tree Disease Dataset/Leaf Rot/LeafRot1663.jpg,,,,,,disease-class=2_foliar_disease
LeafRot1664,disease/Leaf Rot,Dataset/Coconut Tree Disease Dataset/Leaf Rot/LeafRot1664.jpg,,,,,,disease-class=2_foliar_disease
LeafRot1665,disease/Leaf Rot,Dataset/Coconut Tree Disease Dataset/Leaf Rot/LeafRot1665.jpg,,,,,,disease-class=2_foliar_disease
LeafRot1666,disease/Leaf Rot,Dataset/Coconut Tree Disease Dataset/Leaf Rot/LeafRot1666.jpg,,,,,,disease-class=2_foliar_disease
LeafRot1667,disease/Leaf Rot,Dataset/Coconut Tree Disease Dataset/Leaf Rot/LeafRot1667.jpg,,,,,,disease-class=2_foliar_disease
LeafRot1668,disease/Leaf Rot,Dataset/Coconut Tree Disease Dataset/Leaf Rot/LeafRot1668.jpg,,,,,,disease-class=2_foliar_disease
LeafRot1669,disease/Leaf Rot,Dataset/Coconut Tree Disease Dataset/Leaf Rot/LeafRot1669.jpg,,,,,,disease-class=2_foliar_disease
LeafRot167,disease/Leaf Rot,Dataset/Coconut Tree Disease Dataset/Leaf Rot/LeafRot167.jpg,,,,,,disease-class=2_foliar_disease
LeafRot1670,disease/Leaf Rot,Dataset/Coconut Tree Disease Dataset/Leaf Rot/LeafRot1670.jpg,,,,,,disease-class=2_foliar_disease
LeafRot1671,disease/Leaf Rot,Dataset/Coconut Tree Disease Dataset/Leaf Rot/LeafRot1671.jpg,,,,,,disease-class=2_foliar_disease
LeafRot1672,disease/Leaf Rot,Dataset/Coconut Tree Disease Dataset/Leaf Rot/LeafRot1672.jpg,,,,,,disease-class=2_foliar_disease
LeafRot1673,disease/Leaf Rot,Dataset/Coconut Tree Disease Dataset/Leaf Rot/LeafRot1673.jpg,,,,,,disease-class=2_foliar_disease
LeafRot168,disease/Leaf Rot,Dataset/Coconut Tree Disease Dataset/Leaf Rot/LeafRot168.jpg,,,,,,disease-class=2_foliar_disease
LeafRot169,disease/Leaf Rot,Dataset/Coconut Tree Disease Dataset/Leaf Rot/LeafRot169.jpg,,,,,,disease-class=2_foliar_disease
LeafRot170,disease/Leaf Rot,Dataset/Coconut Tree Disease Dataset/Leaf Rot/LeafRot170.jpg,,,,,,disease-class=2_foliar_disease
LeafRot171,disease/Leaf Rot,Dataset/Coconut Tree Disease Dataset/Leaf Rot/LeafRot171.jpg,,,,,,disease-class=2_foliar_disease
LeafRot172,disease/Leaf Rot,Dataset/Coconut Tree Disease Dataset/Leaf Rot/LeafRot172.jpg,,,,,,disease-class=2_foliar_disease
LeafRot173,disease/Leaf Rot,Dataset/Coconut Tree Disease Dataset/Leaf Rot/LeafRot173.jpg,,,,,,disease-class=2_foliar_disease
LeafRot174,disease/Leaf Rot,Dataset/Coconut Tree Disease Dataset/Leaf Rot/LeafRot174.jpg,,,,,,disease-class=2_foliar_disease
LeafRot175,disease/Leaf Rot,Dataset/Coconut Tree Disease Dataset/Leaf Rot/LeafRot175.jpg,,,,,,disease-class=2_foliar_disease
LeafRot176,disease/Leaf Rot,Dataset/Coconut Tree Disease Dataset/Leaf Rot/LeafRot176.jpg,,,,,,disease-class=2_foliar_disease
LeafRot177,disease/Leaf Rot,Dataset/Coconut Tree Disease Dataset/Leaf Rot/LeafRot177.jpg,,,,,,disease-class=2_foliar_disease
LeafRot178,disease/Leaf Rot,Dataset/Coconut Tree Disease Dataset/Leaf Rot/LeafRot178.jpg,,,,,,disease-class=2_foliar_disease
LeafRot179,disease/Leaf Rot,Dataset/Coconut Tree Disease Dataset/Leaf Rot/LeafRot179.jpg,,,,,,disease-class=2_foliar_disease
LeafRot180,disease/Leaf Rot,Dataset/Coconut Tree Disease Dataset/Leaf Rot/LeafRot180.jpg,,,,,,disease-class=2_foliar_disease
LeafRot181,disease/Leaf Rot,Dataset/Coconut Tree Disease Dataset/Leaf Rot/LeafRot181.jpg,,,,,,disease-class=2_foliar_disease
LeafRot182,disease/Leaf Rot,Dataset/Coconut Tree Disease Dataset/Leaf Rot/LeafRot182.jpg,,,,,,disease-class=2_foliar_disease
LeafRot183,disease/Leaf Rot,Dataset/Coconut Tree Disease Dataset/Leaf Rot/LeafRot183.jpg,,,,,,disease-class=2_foliar_disease
LeafRot184,disease/Leaf Rot,Dataset/Coconut Tree Disease Dataset/Leaf Rot/LeafRot184.jpg,,,,,,disease-class=2_foliar_disease
LeafRot185,disease/Leaf Rot,Dataset/Coconut Tree Disease Dataset/Leaf Rot/LeafRot185.jpg,,,,,,disease-class=2_foliar_disease
LeafRot186,disease/Leaf Rot,Dataset/Coconut Tree Disease Dataset/Leaf Rot/LeafRot186.jpg,,,,,,disease-class=2_foliar_disease
LeafRot187,disease/Leaf Rot,Dataset/Coconut Tree Disease Dataset/Leaf Rot/LeafRot187.jpg,,,,,,disease-class=2_foliar_disease
LeafRot188,disease/Leaf Rot,Dataset/Coconut Tree Disease Dataset/Leaf Rot/LeafRot188.jpg,,,,,,disease-class=2_foliar_disease
LeafRot189,disease/Leaf Rot,Dataset/Coconut Tree Disease Dataset/Leaf Rot/LeafRot189.jpg,,,,,,disease-class=2_foliar_disease
LeafRot190,disease/Leaf Rot,Dataset/Coconut Tree Disease Dataset/Leaf Rot/LeafRot190.jpg,,,,,,disease-class=2_foliar_disease
LeafRot191,disease/Leaf Rot,Dataset/Coconut Tree Disease Dataset/Leaf Rot/LeafRot191.jpg,,,,,,disease-class=2_foliar_disease
LeafRot192,disease/Leaf Rot,Dataset/Coconut Tree Disease Dataset/Leaf Rot/LeafRot192.jpg,,,,,,disease-class=2_foliar_disease
LeafRot193,disease/Leaf Rot,Dataset/Coconut Tree Disease Dataset/Leaf Rot/LeafRot193.jpg,,,,,,disease-class=2_foliar_disease
LeafRot194,disease/Leaf Rot,Dataset/Coconut Tree Disease Dataset/Leaf Rot/LeafRot194.jpg,,,,,,disease-class=2_foliar_disease
LeafRot195,disease/Leaf Rot,Dataset/Coconut Tree Disease Dataset/Leaf Rot/LeafRot195.jpg,,,,,,disease-class=2_foliar_disease
LeafRot196,disease/Leaf Rot,Dataset/Coconut Tree Disease Dataset/Leaf Rot/LeafRot196.jpg,,,,,,disease-class=2_foliar_disease
LeafRot197,disease/Leaf Rot,Dataset/Coconut Tree Disease Dataset/Leaf Rot/LeafRot197.jpg,,,,,,disease-class=2_foliar_disease
LeafRot198,disease/Leaf Rot,Dataset/Coconut Tree Disease Dataset/Leaf Rot/LeafRot198.jpg,,,,,,disease-class=2_foliar_disease
LeafRot199,disease/Leaf Rot,Dataset/Coconut Tree Disease Dataset/Leaf Rot/LeafRot199.jpg,,,,,,disease-class=2_foliar_disease
LeafRot200,disease/Leaf Rot,Dataset/Coconut Tree Disease Dataset/Leaf Rot/LeafRot200.jpg,,,,,,disease-class=2_foliar_disease
LeafRot201,disease/Leaf Rot,Dataset/Coconut Tree Disease Dataset/Leaf Rot/LeafRot201.jpg,,,,,,disease-class=2_foliar_disease
LeafRot202,disease/Leaf Rot,Dataset/Coconut Tree Disease Dataset/Leaf Rot/LeafRot202.jpg,,,,,,disease-class=2_foliar_disease
LeafRot203,disease/Leaf Rot,Dataset/Coconut Tree Disease Dataset/Leaf Rot/LeafRot203.jpg,,,,,,disease-class=2_foliar_disease
LeafRot204,disease/Leaf Rot,Dataset/Coconut Tree Disease Dataset/Leaf Rot/LeafRot204.jpg,,,,,,disease-class=2_foliar_disease
LeafRot205,disease/Leaf Rot,Dataset/Coconut Tree Disease Dataset/Leaf Rot/LeafRot205.jpg,,,,,,disease-class=2_foliar_disease
LeafRot206,disease/Leaf Rot,Dataset/Coconut Tree Disease Dataset/Leaf Rot/LeafRot206.jpg,,,,,,disease-class=2_foliar_disease
LeafRot207,disease/Leaf Rot,Dataset/Coconut Tree Disease Dataset/Leaf Rot/LeafRot207.jpg,,,,,,disease-class=2_foliar_disease
LeafRot208,disease/Leaf Rot,Dataset/Coconut Tree Disease Dataset/Leaf Rot/LeafRot208.jpg,,,,,,disease-class=2_foliar_disease
LeafRot209,disease/Leaf Rot,Dataset/Coconut Tree Disease Dataset/Leaf Rot/LeafRot209.jpg,,,,,,disease-class=2_foliar_disease
LeafRot210,disease/Leaf Rot,Dataset/Coconut Tree Disease Dataset/Leaf Rot/LeafRot210.jpg,,,,,,disease-class=2_foliar_disease
LeafRot211,disease/Leaf Rot,Dataset/Coconut Tree Disease Dataset/Leaf Rot/LeafRot211.jpg,,,,,,disease-class=2_foliar_disease
LeafRot212,disease/Leaf Rot,Dataset/Coconut Tree Disease Dataset/Leaf Rot/LeafRot212.jpg,,,,,,disease-class=2_foliar_disease
LeafRot213,disease/Leaf Rot,Dataset/Coconut Tree Disease Dataset/Leaf Rot/LeafRot213.jpg,,,,,,disease-class=2_foliar_disease
LeafRot214,disease/Leaf Rot,Dataset/Coconut Tree Disease Dataset/Leaf Rot/LeafRot214.jpg,,,,,,disease-class=2_foliar_disease
LeafRot215,disease/Leaf Rot,Dataset/Coconut Tree Disease Dataset/Leaf Rot/LeafRot215.jpg,,,,,,disease-class=2_foliar_disease
LeafRot216,disease/Leaf Rot,Dataset/Coconut Tree Disease Dataset/Leaf Rot/LeafRot216.jpg,,,,,,disease-class=2_foliar_disease
LeafRot217,disease/Leaf Rot,Dataset/Coconut Tree Disease Dataset/Leaf Rot/LeafRot217.jpg,,,,,,disease-class=2_foliar_disease
LeafRot218,disease/Leaf Rot,Dataset/Coconut Tree Disease Dataset/Leaf Rot/LeafRot218.jpg,,,,,,disease-class=2_foliar_disease
LeafRot219,disease/Leaf Rot,Dataset/Coconut Tree Disease Dataset/Leaf Rot/LeafRot219.jpg,,,,,,disease-class=2_foliar_disease
LeafRot220,disease/Leaf Rot,Dataset/Coconut Tree Disease Dataset/Leaf Rot/LeafRot220.jpg,,,,,,disease-class=2_foliar_disease
LeafRot221,disease/Leaf Rot,Dataset/Coconut Tree Disease Dataset/Leaf Rot/LeafRot221.jpg,,,,,,disease-class=2_foliar_disease
LeafRot222,disease/Leaf Rot,Dataset/Coconut Tree Disease Dataset/Leaf Rot/LeafRot222.jpg,,,,,,disease-class=2_foliar_disease
LeafRot223,disease/Leaf Rot,Dataset/Coconut Tree Disease Dataset/Leaf Rot/LeafRot223.jpg,,,,,,disease-class=2_foliar_disease
LeafRot224,disease/Leaf Rot,Dataset/Coconut Tree Disease Dataset/Leaf Rot/LeafRot224.jpg,,,,,,disease-class=2_foliar_disease
LeafRot225,disease/Leaf Rot,Dataset/Coconut Tree Disease Dataset/Leaf Rot/LeafRot225.jpg,,,,,,disease-class=2_foliar_disease
LeafRot226,disease/Leaf Rot,Dataset/Coconut Tree Disease Dataset/Leaf Rot/LeafRot226.jpg,,,,,,disease-class=2_foliar_disease
LeafRot227,disease/Leaf Rot,Dataset/Coconut Tree Disease Dataset/Leaf Rot/LeafRot227.jpg,,,,,,disease-class=2_foliar_disease
LeafRot228,disease/Leaf Rot,Dataset/Coconut Tree Disease Dataset/Leaf Rot/LeafRot228.jpg,,,,,,disease-class=2_foliar_disease
LeafRot229,disease/Leaf Rot,Dataset/Coconut Tree Disease Dataset/Leaf Rot/LeafRot229.jpg,,,,,,disease-class=2_foliar_disease
LeafRot230,disease/Leaf Rot,Dataset/Coconut Tree Disease Dataset/Leaf Rot/LeafRot230.jpg,,,,,,disease-class=2_foliar_disease
LeafRot231,disease/Leaf Rot,Dataset/Coconut Tree Disease Dataset/Leaf Rot/LeafRot231.jpg,,,,,,disease-class=2_foliar_disease
LeafRot232,disease/Leaf Rot,Dataset/Coconut Tree Disease Dataset/Leaf Rot/LeafRot232.jpg,,,,,,disease-class=2_foliar_disease
LeafRot233,disease/Leaf Rot,Dataset/Coconut Tree Disease Dataset/Leaf Rot/LeafRot233.jpg,,,,,,disease-class=2_foliar_disease
LeafRot234,disease/Leaf Rot,Dataset/Coconut Tree Disease Dataset/Leaf Rot/LeafRot234.jpg,,,,,,disease-class=2_foliar_disease
LeafRot235,disease/Leaf Rot,Dataset/Coconut Tree Disease Dataset/Leaf Rot/LeafRot235.jpg,,,,,,disease-class=2_foliar_disease
LeafRot236,disease/Leaf Rot,Dataset/Coconut Tree Disease Dataset/Leaf Rot/LeafRot236.jpg,,,,,,disease-class=2_foliar_disease
LeafRot237,disease/Leaf Rot,Dataset/Coconut Tree Disease Dataset/Leaf Rot/LeafRot237.jpg,,,,,,disease-class=2_foliar_disease
LeafRot238,disease/Leaf Rot,Dataset/Coconut Tree Disease Dataset/Leaf Rot/LeafRot238.jpg,,,,,,disease-class=2_foliar_disease
LeafRot239,disease/Leaf Rot,Dataset/Coconut Tree Disease Dataset/Leaf Rot/LeafRot239.jpg,,,,,,disease-class=2_foliar_disease
LeafRot240,disease/Leaf Rot,Dataset/Coconut Tree Disease Dataset/Leaf Rot/LeafRot240.jpg,,,,,,disease-class=2_foliar_disease
LeafRot241,disease/Leaf Rot,Dataset/Coconut Tree Disease Dataset/Leaf Rot/LeafRot241.jpg,,,,,,disease-class=2_foliar_disease
LeafRot242,disease/Leaf Rot,Dataset/Coconut Tree Disease Dataset/Leaf Rot/LeafRot242.jpg,,,,,,disease-class=2_foliar_disease
LeafRot243,disease/Leaf Rot,Dataset/Coconut Tree Disease Dataset/Leaf Rot/LeafRot243.jpg,,,,,,disease-class=2_foliar_disease
LeafRot244,disease/Leaf Rot,Dataset/Coconut Tree Disease Dataset/Leaf Rot/LeafRot244.jpg,,,,,,disease-class=2_foliar_disease
LeafRot245,disease/Leaf Rot,Dataset/Coconut Tree Disease Dataset/Leaf Rot/LeafRot245.jpg,,,,,,disease-class=2_foliar_disease
LeafRot246,disease/Leaf Rot,Dataset/Coconut Tree Disease Dataset/Leaf Rot/LeafRot246.jpg,,,,,,disease-class=2_foliar_disease
LeafRot247,disease/Leaf Rot,Dataset/Coconut Tree Disease Dataset/Leaf Rot/LeafRot247.jpg,,,,,,disease-class=2_foliar_disease
LeafRot248,disease/Leaf Rot,Dataset/Coconut Tree Disease Dataset/Leaf Rot/LeafRot248.jpg,,,,,,disease-class=2_foliar_disease
LeafRot249,disease/Leaf Rot,Dataset/Coconut Tree Disease Dataset/Leaf Rot/LeafRot249.jpg,,,,,,disease-class=2_foliar_disease
LeafRot250,disease/Leaf Rot,Dataset/Coconut Tree Disease Dataset/Leaf Rot/LeafRot250.jpg,,,,,,disease-class=2_foliar_disease
LeafRot251,disease/Leaf Rot,Dataset/Coconut Tree Disease Dataset/Leaf Rot/LeafRot251.jpg,,,,,,disease-class=2_foliar_disease
LeafRot252,disease/Leaf Rot,Dataset/Coconut Tree Disease Dataset/Leaf Rot/LeafRot252.jpg,,,,,,disease-class=2_foliar_disease
LeafRot253,disease/Leaf Rot,Dataset/Coconut Tree Disease Dataset/Leaf Rot/LeafRot253.jpg,,,,,,disease-class=2_foliar_disease
LeafRot254,disease/Leaf Rot,Dataset/Coconut Tree Disease Dataset/Leaf Rot/LeafRot254.jpg,,,,,,disease-class=2_foliar_disease
LeafRot255,disease/Leaf Rot,Dataset/Coconut Tree Disease Dataset/Leaf Rot/LeafRot255.jpg,,,,,,disease-class=2_foliar_disease
LeafRot256,disease/Leaf Rot,Dataset/Coconut Tree Disease Dataset/Leaf Rot/LeafRot256.jpg,,,,,,disease-class=2_foliar_disease
LeafRot257,disease/Leaf Rot,Dataset/Coconut Tree Disease Dataset/Leaf Rot/LeafRot257.jpg,,,,,,disease-class=2_foliar_disease
LeafRot258,disease/Leaf Rot,Dataset/Coconut Tree Disease Dataset/Leaf Rot/LeafRot258.jpg,,,,,,disease-class=2_foliar_disease
LeafRot259,disease/Leaf Rot,Dataset/Coconut Tree Disease Dataset/Leaf Rot/LeafRot259.jpg,,,,,,disease-class=2_foliar_disease
LeafRot260,disease/Leaf Rot,Dataset/Coconut Tree Disease Dataset/Leaf Rot/LeafRot260.jpg,,,,,,disease-class=2_foliar_disease
LeafRot261,disease/Leaf Rot,Dataset/Coconut Tree Disease Dataset/Leaf Rot/LeafRot261.jpg,,,,,,disease-class=2_foliar_disease
LeafRot262,disease/Leaf Rot,Dataset/Coconut Tree Disease Dataset/Leaf Rot/LeafRot262.jpg,,,,,,disease-class=2_foliar_disease
LeafRot263,disease/Leaf Rot,Dataset/Coconut Tree Disease Dataset/Leaf Rot/LeafRot263.jpg,,,,,,disease-class=2_foliar_disease
LeafRot264,disease/Leaf Rot,Dataset/Coconut Tree Disease Dataset/Leaf Rot/LeafRot264.jpg,,,,,,disease-class=2_foliar_disease
LeafRot265,disease/Leaf Rot,Dataset/Coconut Tree Disease Dataset/Leaf Rot/LeafRot265.jpg,,,,,,disease-class=2_foliar_disease
LeafRot266,disease/Leaf Rot,Dataset/Coconut Tree Disease Dataset/Leaf Rot/LeafRot266.jpg,,,,,,disease-class=2_foliar_disease
LeafRot267,disease/Leaf Rot,Dataset/Coconut Tree Disease Dataset/Leaf Rot/LeafRot267.jpg,,,,,,disease-class=2_foliar_disease
LeafRot268,disease/Leaf Rot,Dataset/Coconut Tree Disease Dataset/Leaf Rot/LeafRot268.jpg,,,,,,disease-class=2_foliar_disease
LeafRot269,disease/Leaf Rot,Dataset/Coconut Tree Disease Dataset/Leaf Rot/LeafRot269.jpg,,,,,,disease-class=2_foliar_disease
LeafRot270,disease/Leaf Rot,Dataset/Coconut Tree Disease Dataset/Leaf Rot/LeafRot270.jpg,,,,,,disease-class=2_foliar_disease
LeafRot271,disease/Leaf Rot,Dataset/Coconut Tree Disease Dataset/Leaf Rot/LeafRot271.jpg,,,,,,disease-class=2_foliar_disease
LeafRot272,disease/Leaf Rot,Dataset/Coconut Tree Disease Dataset/Leaf Rot/LeafRot272.jpg,,,,,,disease-class=2_foliar_disease
LeafRot273,disease/Leaf Rot,Dataset/Coconut Tree Disease Dataset/Leaf Rot/LeafRot273.jpg,,,,,,disease-class=2_foliar_disease
LeafRot274,disease/Leaf Rot,Dataset/Coconut Tree Disease Dataset/Leaf Rot/LeafRot274.jpg,,,,,,disease-class=2_foliar_disease
LeafRot275,disease/Leaf Rot,Dataset/Coconut Tree Disease Dataset/Leaf Rot/LeafRot275.jpg,,,,,,disease-class=2_foliar_disease
LeafRot276,disease/Leaf Rot,Dataset/Coconut Tree Disease Dataset/Leaf Rot/LeafRot276.jpg,,,,,,disease-class=2_foliar_disease
LeafRot277,disease/Leaf Rot,Dataset/Coconut Tree Disease Dataset/Leaf Rot/LeafRot277.jpg,,,,,,disease-class=2_foliar_disease
LeafRot278,disease/Leaf Rot,Dataset/Coconut Tree Disease Dataset/Leaf Rot/LeafRot278.jpg,,,,,,disease-class=2_foliar_disease
LeafRot279,disease/Leaf Rot,Dataset/Coconut Tree Disease Dataset/Leaf Rot/LeafRot279.jpg,,,,,,disease-class=2_foliar_disease
LeafRot280,disease/Leaf Rot,Dataset/Coconut Tree Disease Dataset/Leaf Rot/LeafRot280.jpg,,,,,,disease-class=2_foliar_disease
LeafRot281,disease/Leaf Rot,Dataset/Coconut Tree Disease Dataset/Leaf Rot/LeafRot281.jpg,,,,,,disease-class=2_foliar_disease
LeafRot282,disease/Leaf Rot,Dataset/Coconut Tree Disease Dataset/Leaf Rot/LeafRot282.jpg,,,,,,disease-class=2_foliar_disease
LeafRot283,disease/Leaf Rot,Dataset/Coconut Tree Disease Dataset/Leaf Rot/LeafRot283.jpg,,,,,,disease-class=2_foliar_disease
LeafRot284,disease/Leaf Rot,Dataset/Coconut Tree Disease Dataset/Leaf Rot/LeafRot284.jpg,,,,,,disease-class=2_foliar_disease
LeafRot285,disease/Leaf Rot,Dataset/Coconut Tree Disease Dataset/Leaf Rot/LeafRot285.jpg,,,,,,disease-class=2_foliar_disease
LeafRot286,disease/Leaf Rot,Dataset/Coconut Tree Disease Dataset/Leaf Rot/LeafRot286.jpg,,,,,,disease-class=2_foliar_disease
LeafRot287,disease/Leaf Rot,Dataset/Coconut Tree Disease Dataset/Leaf Rot/LeafRot287.jpg,,,,,,disease-class=2_foliar_disease
LeafRot288,disease/Leaf Rot,Dataset/Coconut Tree Disease Dataset/Leaf Rot/LeafRot288.jpg,,,,,,disease-class=2_foliar_disease
LeafRot289,disease/Leaf Rot,Dataset/Coconut Tree Disease Dataset/Leaf Rot/LeafRot289.jpg,,,,,,disease-class=2_foliar_disease
LeafRot290,disease/Leaf Rot,Dataset/Coconut Tree Disease Dataset/Leaf Rot/LeafRot290.jpg,,,,,,disease-class=2_foliar_disease
LeafRot291,disease/Leaf Rot,Dataset/Coconut Tree Disease Dataset/Leaf Rot/LeafRot291.jpg,,,,,,disease-class=2_foliar_disease
LeafRot292,disease/Leaf Rot,Dataset/Coconut Tree Disease Dataset/Leaf Rot/LeafRot292.jpg,,,,,,disease-class=2_foliar_disease
LeafRot293,disease/Leaf Rot,Dataset/Coconut Tree Disease Dataset/Leaf Rot/LeafRot293.jpg,,,,,,disease-class=2_foliar_disease
LeafRot294,disease/Leaf Rot,Dataset/Coconut Tree Disease Dataset/Leaf Rot/LeafRot294.jpg,,,,,,disease-class=2_foliar_disease
LeafRot295,disease/Leaf Rot,Dataset/Coconut Tree Disease Dataset/Leaf Rot/LeafRot295.jpg,,,,,,disease-class=2_foliar_disease
LeafRot296,disease/Leaf Rot,Dataset/Coconut Tree Disease Dataset/Leaf Rot/LeafRot296.jpg,,,,,,disease-class=2_foliar_disease
LeafRot297,disease/Leaf Rot,Dataset/Coconut Tree Disease Dataset/Leaf Rot/LeafRot297.jpg,,,,,,disease-class=2_foliar_disease
LeafRot298,disease/Leaf Rot,Dataset/Coconut Tree Disease Dataset/Leaf Rot/LeafRot298.jpg,,,,,,disease-class=2_foliar_disease
LeafRot299,disease/Leaf Rot,Dataset/Coconut Tree Disease Dataset/Leaf Rot/LeafRot299.jpg,,,,,,disease-class=2_foliar_disease
LeafRot300,disease/Leaf Rot,Dataset/Coconut Tree Disease Dataset/Leaf Rot/LeafRot300.jpg,,,,,,disease-class=2_foliar_disease
LeafRot301,disease/Leaf Rot,Dataset/Coconut Tree Disease Dataset/Leaf Rot/LeafRot301.jpg,,,,,,disease-class=2_foliar_disease
LeafRot302,disease/Leaf Rot,Dataset/Coconut Tree Disease Dataset/Leaf Rot/LeafRot302.jpg,,,,,,disease-class=2_foliar_disease
LeafRot303,disease/Leaf Rot,Dataset/Coconut Tree Disease Dataset/Leaf Rot/LeafRot303.jpg,,,,,,disease-class=2_foliar_disease
LeafRot304,disease/Leaf Rot,Dataset/Coconut Tree Disease Dataset/Leaf Rot/LeafRot304.jpg,,,,,,disease-class=2_foliar_disease
LeafRot305,disease/Leaf Rot,Dataset/Coconut Tree Disease Dataset/Leaf Rot/LeafRot305.jpg,,,,,,disease-class=2_foliar_disease
LeafRot306,disease/Leaf Rot,Dataset/Coconut Tree Disease Dataset/Leaf Rot/LeafRot306.jpg,,,,,,disease-class=2_foliar_disease
LeafRot307,disease/Leaf Rot,Dataset/Coconut Tree Disease Dataset/Leaf Rot/LeafRot307.jpg,,,,,,disease-class=2_foliar_disease
LeafRot308,disease/Leaf Rot,Dataset/Coconut Tree Disease Dataset/Leaf Rot/LeafRot308.jpg,,,,,,disease-class=2_foliar_disease
LeafRot309,disease/Leaf Rot,Dataset/Coconut Tree Disease Dataset/Leaf Rot/LeafRot309.jpg,,,,,,disease-class=2_foliar_disease
LeafRot310,disease/Leaf Rot,Dataset/Coconut Tree Disease Dataset/Leaf Rot/LeafRot310.jpg,,,,,,disease-class=2_foliar_disease
LeafRot311,disease/Leaf Rot,Dataset/Coconut Tree Disease Dataset/Leaf Rot/LeafRot311.jpg,,,,,,disease-class=2_foliar_disease
LeafRot312,disease/Leaf Rot,Dataset/Coconut Tree Disease Dataset/Leaf Rot/LeafRot312.jpg,,,,,,disease-class=2_foliar_disease
LeafRot313,disease/Leaf Rot,Dataset/Coconut Tree Disease Dataset/Leaf Rot/LeafRot313.jpg,,,,,,disease-class=2_foliar_disease
LeafRot314,disease/Leaf Rot,Dataset/Coconut Tree Disease Dataset/Leaf Rot/LeafRot314.jpg,,,,,,disease-class=2_foliar_disease
LeafRot315,disease/Leaf Rot,Dataset/Coconut Tree Disease Dataset/Leaf Rot/LeafRot315.jpg,,,,,,disease-class=2_foliar_disease
LeafRot316,disease/Leaf Rot,Dataset/Coconut Tree Disease Dataset/Leaf Rot/LeafRot316.jpg,,,,,,disease-class=2_foliar_disease
LeafRot317,disease/Leaf Rot,Dataset/Coconut Tree Disease Dataset/Leaf Rot/LeafRot317.jpg,,,,,,disease-class=2_foliar_disease
LeafRot318,disease/Leaf Rot,Dataset/Coconut Tree Disease Dataset/Leaf Rot/LeafRot318.jpg,,,,,,disease-class=2_foliar_disease
LeafRot319,disease/Leaf Rot,Dataset/Coconut Tree Disease Dataset/Leaf Rot/LeafRot319.jpg,,,,,,disease-class=2_foliar_disease
LeafRot320,disease/Leaf Rot,Dataset/Coconut Tree Disease Dataset/Leaf Rot/LeafRot320.jpg,,,,,,disease-class=2_foliar_disease
LeafRot321,disease/Leaf Rot,Dataset/Coconut Tree Disease Dataset/Leaf Rot/LeafRot321.jpg,,,,,,disease-class=2_foliar_disease
LeafRot322,disease/Leaf Rot,Dataset/Coconut Tree Disease Dataset/Leaf Rot/LeafRot322.jpg,,,,,,disease-class=2_foliar_disease
LeafRot323,disease/Leaf Rot,Dataset/Coconut Tree Disease Dataset/Leaf Rot/LeafRot323.jpg,,,,,,disease-class=2_foliar_disease
LeafRot324,disease/Leaf Rot,Dataset/Coconut Tree Disease Dataset/Leaf Rot/LeafRot324.jpg,,,,,,disease-class=2_foliar_disease
LeafRot325,disease/Leaf Rot,Dataset/Coconut Tree Disease Dataset/Leaf Rot/LeafRot325.jpg,,,,,,disease-class=2_foliar_disease
LeafRot326,disease/Leaf Rot,Dataset/Coconut Tree Disease Dataset/Leaf Rot/LeafRot326.jpg,,,,,,disease-class=2_foliar_disease
LeafRot327,disease/Leaf Rot,Dataset/Coconut Tree Disease Dataset/Leaf Rot/LeafRot327.jpg,,,,,,disease-class=2_foliar_disease
LeafRot328,disease/Leaf Rot,Dataset/Coconut Tree Disease Dataset/Leaf Rot/LeafRot328.jpg,,,,,,disease-class=2_foliar_disease
LeafRot329,disease/Leaf Rot,Dataset/Coconut Tree Disease Dataset/Leaf Rot/LeafRot329.jpg,,,,,,disease-class=2_foliar_disease
LeafRot330,disease/Leaf Rot,Dataset/Coconut Tree Disease Dataset/Leaf Rot/LeafRot330.jpg,,,,,,disease-class=2_foliar_disease
LeafRot331,disease/Leaf Rot,Dataset/Coconut Tree Disease Dataset/Leaf Rot/LeafRot331.jpg,,,,,,disease-class=2_foliar_disease
LeafRot332,disease/Leaf Rot,Dataset/Coconut Tree Disease Dataset/Leaf Rot/LeafRot332.jpg,,,,,,disease-class=2_foliar_disease
LeafRot333,disease/Leaf Rot,Dataset/Coconut Tree Disease Dataset/Leaf Rot/LeafRot333.jpg,,,,,,disease-class=2_foliar_disease
LeafRot334,disease/Leaf Rot,Dataset/Coconut Tree Disease Dataset/Leaf Rot/LeafRot334.jpg,,,,,,disease-class=2_foliar_disease
LeafRot335,disease/Leaf Rot,Dataset/Coconut Tree Disease Dataset/Leaf Rot/LeafRot335.jpg,,,,,,disease-class=2_foliar_disease
LeafRot336,disease/Leaf Rot,Dataset/Coconut Tree Disease Dataset/Leaf Rot/LeafRot336.jpg,,,,,,disease-class=2_foliar_disease
LeafRot337,disease/Leaf Rot,Dataset/Coconut Tree Disease Dataset/Leaf Rot/LeafRot337.jpg,,,,,,disease-class=2_foliar_disease
LeafRot338,disease/Leaf Rot,Dataset/Coconut Tree Disease Dataset/Leaf Rot/LeafRot338.jpg,,,,,,disease-class=2_foliar_disease
LeafRot339,disease/Leaf Rot,Dataset/Coconut Tree Disease Dataset/Leaf Rot/LeafRot339.jpg,,,,,,disease-class=2_foliar_disease
LeafRot340,disease/Leaf Rot,Dataset/Coconut Tree Disease Dataset/Leaf Rot/LeafRot340.jpg,,,,,,disease-class=2_foliar_disease
LeafRot341,disease/Leaf Rot,Dataset/Coconut Tree Disease Dataset/Leaf Rot/LeafRot341.jpg,,,,,,disease-class=2_foliar_disease
LeafRot342,disease/Leaf Rot,Dataset/Coconut Tree Disease Dataset/Leaf Rot/LeafRot342.jpg,,,,,,disease-class=2_foliar_disease
LeafRot343,disease/Leaf Rot,Dataset/Coconut Tree Disease Dataset/Leaf Rot/LeafRot343.jpg,,,,,,disease-class=2_foliar_disease
LeafRot344,disease/Leaf Rot,Dataset/Coconut Tree Disease Dataset/Leaf Rot/LeafRot344.jpg,,,,,,disease-class=2_foliar_disease
LeafRot345,disease/Leaf Rot,Dataset/Coconut Tree Disease Dataset/Leaf Rot/LeafRot345.jpg,,,,,,disease-class=2_foliar_disease
LeafRot346,disease/Leaf Rot,Dataset/Coconut Tree Disease Dataset/Leaf Rot/LeafRot346.jpg,,,,,,disease-class=2_foliar_disease
LeafRot347,disease/Leaf Rot,Dataset/Coconut Tree Disease Dataset/Leaf Rot/LeafRot347.jpg,,,,,,disease-class=2_foliar_disease
LeafRot348,disease/Leaf Rot,Dataset/Coconut Tree Disease Dataset/Leaf Rot/LeafRot348.jpg,,,,,,disease-class=2_foliar_disease
LeafRot349,disease/Leaf Rot,Dataset/Coconut Tree Disease Dataset/Leaf Rot/LeafRot349.jpg,,,,,,disease-class=2_foliar_disease
LeafRot350,disease/Leaf Rot,Dataset/Coconut Tree Disease Dataset/Leaf Rot/LeafRot350.jpg,,,,,,disease-class=2_foliar_disease
LeafRot351,disease/Leaf Rot,Dataset/Coconut Tree Disease Dataset/Leaf Rot/LeafRot351.jpg,,,,,,disease-class=2_foliar_disease
LeafRot352,disease/Leaf Rot,Dataset/Coconut Tree Disease Dataset/Leaf Rot/LeafRot352.jpg,,,,,,disease-class=2_foliar_disease
LeafRot353,disease/Leaf Rot,Dataset/Coconut Tree Disease Dataset/Leaf Rot/LeafRot353.jpg,,,,,,disease-class=2_foliar_disease
LeafRot354,disease/Leaf Rot,Dataset/Coconut Tree Disease Dataset/Leaf Rot/LeafRot354.jpg,,,,,,disease-class=2_foliar_disease
LeafRot355,disease/Leaf Rot,Dataset/Coconut Tree Disease Dataset/Leaf Rot/LeafRot355.jpg,,,,,,disease-class=2_foliar_disease
LeafRot356,disease/Leaf Rot,Dataset/Coconut Tree Disease Dataset/Leaf Rot/LeafRot356.jpg,,,,,,disease-class=2_foliar_disease
LeafRot357,disease/Leaf Rot,Dataset/Coconut Tree Disease Dataset/Leaf Rot/LeafRot357.jpg,,,,,,disease-class=2_foliar_disease
LeafRot358,disease/Leaf Rot,Dataset/Coconut Tree Disease Dataset/Leaf Rot/LeafRot358.jpg,,,,,,disease-class=2_foliar_disease
LeafRot359,disease/Leaf Rot,Dataset/Coconut Tree Disease Dataset/Leaf Rot/LeafRot359.jpg,,,,,,disease-class=2_foliar_disease
LeafRot360,disease/Leaf Rot,Dataset/Coconut Tree Disease Dataset/Leaf Rot/LeafRot360.jpg,,,,,,disease-class=2_foliar_disease
LeafRot361,disease/Leaf Rot,Dataset/Coconut Tree Disease Dataset/Leaf Rot/LeafRot361.jpg,,,,,,disease-class=2_foliar_disease
LeafRot362,disease/Leaf Rot,Dataset/Coconut Tree Disease Dataset/Leaf Rot/LeafRot362.jpg,,,,,,disease-class=2_foliar_disease
LeafRot363,disease/Leaf Rot,Dataset/Coconut Tree Disease Dataset/Leaf Rot/LeafRot363.jpg,,,,,,disease-class=2_foliar_disease
LeafRot364,disease/Leaf Rot,Dataset/Coconut Tree Disease Dataset/Leaf Rot/LeafRot364.jpg,,,,,,disease-class=2_foliar_disease
LeafRot365,disease/Leaf Rot,Dataset/Coconut Tree Disease Dataset/Leaf Rot/LeafRot365.jpg,,,,,,disease-class=2_foliar_disease
LeafRot366,disease/Leaf Rot,Dataset/Coconut Tree Disease Dataset/Leaf Rot/LeafRot366.jpg,,,,,,disease-class=2_foliar_disease
LeafRot367,disease/Leaf Rot,Dataset/Coconut Tree Disease Dataset/Leaf Rot/LeafRot367.jpg,,,,,,disease-class=2_foliar_disease
LeafRot368,disease/Leaf Rot,Dataset/Coconut Tree Disease Dataset/Leaf Rot/LeafRot368.jpg,,,,,,disease-class=2_foliar_disease
LeafRot369,disease/Leaf Rot,Dataset/Coconut Tree Disease Dataset/Leaf Rot/LeafRot369.jpg,,,,,,disease-class=2_foliar_disease
LeafRot370,disease/Leaf Rot,Dataset/Coconut Tree Disease Dataset/Leaf Rot/LeafRot370.jpg,,,,,,disease-class=2_foliar_disease
LeafRot371,disease/Leaf Rot,Dataset/Coconut Tree Disease Dataset/Leaf Rot/LeafRot371.jpg,,,,,,disease-class=2_foliar_disease
LeafRot372,disease/Leaf Rot,Dataset/Coconut Tree Disease Dataset/Leaf Rot/LeafRot372.jpg,,,,,,disease-class=2_foliar_disease
LeafRot373,disease/Leaf Rot,Dataset/Coconut Tree Disease Dataset/Leaf Rot/LeafRot373.jpg,,,,,,disease-class=2_foliar_disease
LeafRot374,disease/Leaf Rot,Dataset/Coconut Tree Disease Dataset/Leaf Rot/LeafRot374.jpg,,,,,,disease-class=2_foliar_disease
LeafRot375,disease/Leaf Rot,Dataset/Coconut Tree Disease Dataset/Leaf Rot/LeafRot375.jpg,,,,,,disease-class=2_foliar_disease
LeafRot376,disease/Leaf Rot,Dataset/Coconut Tree Disease Dataset/Leaf Rot/LeafRot376.jpg,,,,,,disease-class=2_foliar_disease
LeafRot377,disease/Leaf Rot,Dataset/Coconut Tree Disease Dataset/Leaf Rot/LeafRot377.jpg,,,,,,disease-class=2_foliar_disease
LeafRot378,disease/Leaf Rot,Dataset/Coconut Tree Disease Dataset/Leaf Rot/LeafRot378.jpg,,,,,,disease-class=2_foliar_disease
LeafRot379,disease/Leaf Rot,Dataset/Coconut Tree Disease Dataset/Leaf Rot/LeafRot379.jpg,,,,,,disease-class=2_foliar_disease
LeafRot380,disease/Leaf Rot,Dataset/Coconut Tree Disease Dataset/Leaf Rot/LeafRot380.jpg,,,,,,disease-class=2_foliar_disease
LeafRot381,disease/Leaf Rot,Dataset/Coconut Tree Disease Dataset/Leaf Rot/LeafRot381.jpg,,,,,,disease-class=2_foliar_disease
LeafRot382,disease/Leaf Rot,Dataset/Coconut Tree Disease Dataset/Leaf Rot/LeafRot382.jpg,,,,,,disease-class=2_foliar_disease
LeafRot383,disease/Leaf Rot,Dataset/Coconut Tree Disease Dataset/Leaf Rot/LeafRot383.jpg,,,,,,disease-class=2_foliar_disease
LeafRot384,disease/Leaf Rot,Dataset/Coconut Tree Disease Dataset/Leaf Rot/LeafRot384.jpg,,,,,,disease-class=2_foliar_disease
LeafRot385,disease/Leaf Rot,Dataset/Coconut Tree Disease Dataset/Leaf Rot/LeafRot385.jpg,,,,,,disease-class=2_foliar_disease
LeafRot386,disease/Leaf Rot,Dataset/Coconut Tree Disease Dataset/Leaf Rot/LeafRot386.jpg,,,,,,disease-class=2_foliar_disease
LeafRot387,disease/Leaf Rot,Dataset/Coconut Tree Disease Dataset/Leaf Rot/LeafRot387.jpg,,,,,,disease-class=2_foliar_disease
LeafRot388,disease/Leaf Rot,Dataset/Coconut Tree Disease Dataset/Leaf Rot/LeafRot388.jpg,,,,,,disease-class=2_foliar_disease
LeafRot389,disease/Leaf Rot,Dataset/Coconut Tree Disease Dataset/Leaf Rot/LeafRot389.jpg,,,,,,disease-class=2_foliar_disease
LeafRot390,disease/Leaf Rot,Dataset/Coconut Tree Disease Dataset/Leaf Rot/LeafRot390.jpg,,,,,,disease-class=2_foliar_disease
LeafRot391,disease/Leaf Rot,Dataset/Coconut Tree Disease Dataset/Leaf Rot/LeafRot391.jpg,,,,,,disease-class=2_foliar_disease
LeafRot392,disease/Leaf Rot,Dataset/Coconut Tree Disease Dataset/Leaf Rot/LeafRot392.jpg,,,,,,disease-class=2_foliar_disease
LeafRot393,disease/Leaf Rot,Dataset/Coconut Tree Disease Dataset/Leaf Rot/LeafRot393.jpg,,,,,,disease-class=2_foliar_disease
LeafRot394,disease/Leaf Rot,Dataset/Coconut Tree Disease Dataset/Leaf Rot/LeafRot394.jpg,,,,,,disease-class=2_foliar_disease
LeafRot395,disease/Leaf Rot,Dataset/Coconut Tree Disease Dataset/Leaf Rot/LeafRot395.jpg,,,,,,disease-class=2_foliar_disease
LeafRot396,disease/Leaf Rot,Dataset/Coconut Tree Disease Dataset/Leaf Rot/LeafRot396.jpg,,,,,,disease-class=2_foliar_disease
LeafRot397,disease/Leaf Rot,Dataset/Coconut Tree Disease Dataset/Leaf Rot/LeafRot397.jpg,,,,,,disease-class=2_foliar_disease
LeafRot398,disease/Leaf Rot,Dataset/Coconut Tree Disease Dataset/Leaf Rot/LeafRot398.jpg,,,,,,disease-class=2_foliar_disease
LeafRot399,disease/Leaf Rot,Dataset/Coconut Tree Disease Dataset/Leaf Rot/LeafRot399.jpg,,,,,,disease-class=2_foliar_disease
LeafRot400,disease/Leaf Rot,Dataset/Coconut Tree Disease Dataset/Leaf Rot/LeafRot400.jpg,,,,,,disease-class=2_foliar_disease
LeafRot401,disease/Leaf Rot,Dataset/Coconut Tree Disease Dataset/Leaf Rot/LeafRot401.jpg,,,,,,disease-class=2_foliar_disease
LeafRot402,disease/Leaf Rot,Dataset/Coconut Tree Disease Dataset/Leaf Rot/LeafRot402.jpg,,,,,,disease-class=2_foliar_disease
LeafRot403,disease/Leaf Rot,Dataset/Coconut Tree Disease Dataset/Leaf Rot/LeafRot403.jpg,,,,,,disease-class=2_foliar_disease
LeafRot404,disease/Leaf Rot,Dataset/Coconut Tree Disease Dataset/Leaf Rot/LeafRot404.jpg,,,,,,disease-class=2_foliar_disease
LeafRot405,disease/Leaf Rot,Dataset/Coconut Tree Disease Dataset/Leaf Rot/LeafRot405.jpg,,,,,,disease-class=2_foliar_disease
LeafRot406,disease/Leaf Rot,Dataset/Coconut Tree Disease Dataset/Leaf Rot/LeafRot406.jpg,,,,,,disease-class=2_foliar_disease
LeafRot407,disease/Leaf Rot,Dataset/Coconut Tree Disease Dataset/Leaf Rot/LeafRot407.jpg,,,,,,disease-class=2_foliar_disease
LeafRot408,disease/Leaf Rot,Dataset/Coconut Tree Disease Dataset/Leaf Rot/LeafRot408.jpg,,,,,,disease-class=2_foliar_disease
LeafRot409,disease/Leaf Rot,Dataset/Coconut Tree Disease Dataset/Leaf Rot/LeafRot409.jpg,,,,,,disease-class=2_foliar_disease
LeafRot410,disease/Leaf Rot,Dataset/Coconut Tree Disease Dataset/Leaf Rot/LeafRot410.jpg,,,,,,disease-class=2_foliar_disease
LeafRot411,disease/Leaf Rot,Dataset/Coconut Tree Disease Dataset/Leaf Rot/LeafRot411.jpg,,,,,,disease-class=2_foliar_disease
LeafRot412,disease/Leaf Rot,Dataset/Coconut Tree Disease Dataset/Leaf Rot/LeafRot412.jpg,,,,,,disease-class=2_foliar_disease
LeafRot413,disease/Leaf Rot,Dataset/Coconut Tree Disease Dataset/Leaf Rot/LeafRot413.jpg,,,,,,disease-class=2_foliar_disease
LeafRot414,disease/Leaf Rot,Dataset/Coconut Tree Disease Dataset/Leaf Rot/LeafRot414.jpg,,,,,,disease-class=2_foliar_disease
LeafRot415,disease/Leaf Rot,Dataset/Coconut Tree Disease Dataset/Leaf Rot/LeafRot415.jpg,,,,,,disease-class=2_foliar_disease
LeafRot416,disease/Leaf Rot,Dataset/Coconut Tree Disease Dataset/Leaf Rot/LeafRot416.jpg,,,,,,disease-class=2_foliar_disease
LeafRot417,disease/Leaf Rot,Dataset/Coconut Tree Disease Dataset/Leaf Rot/LeafRot417.jpg,,,,,,disease-class=2_foliar_disease
LeafRot418,disease/Leaf Rot,Dataset/Coconut Tree Disease Dataset/Leaf Rot/LeafRot418.jpg,,,,,,disease-class=2_foliar_disease
LeafRot419,disease/Leaf Rot,Dataset/Coconut Tree Disease Dataset/Leaf Rot/LeafRot419.jpg,,,,,,disease-class=2_foliar_disease
LeafRot420,disease/Leaf Rot,Dataset/Coconut Tree Disease Dataset/Leaf Rot/LeafRot420.jpg,,,,,,disease-class=2_foliar_disease
LeafRot421,disease/Leaf Rot,Dataset/Coconut Tree Disease Dataset/Leaf Rot/LeafRot421.jpg,,,,,,disease-class=2_foliar_disease
LeafRot422,disease/Leaf Rot,Dataset/Coconut Tree Disease Dataset/Leaf Rot/LeafRot422.jpg,,,,,,disease-class=2_foliar_disease
LeafRot423,disease/Leaf Rot,Dataset/Coconut Tree Disease Dataset/Leaf Rot/LeafRot423.jpg,,,,,,disease-class=2_foliar_disease
LeafRot424,disease/Leaf Rot,Dataset/Coconut Tree Disease Dataset/Leaf Rot/LeafRot424.jpg,,,,,,disease-class=2_foliar_disease
LeafRot425,disease/Leaf Rot,Dataset/Coconut Tree Disease Dataset/Leaf Rot/LeafRot425.jpg,,,,,,disease-class=2_foliar_disease
LeafRot426,disease/Leaf Rot,Dataset/Coconut Tree Disease Dataset/Leaf Rot/LeafRot426.jpg,,,,,,disease-class=2_foliar_disease
LeafRot427,disease/Leaf Rot,Dataset/Coconut Tree Disease Dataset/Leaf Rot/LeafRot427.jpg,,,,,,disease-class=2_foliar_disease
LeafRot428,disease/Leaf Rot,Dataset/Coconut Tree Disease Dataset/Leaf Rot/LeafRot428.jpg,,,,,,disease-class=2_foliar_disease
LeafRot429,disease/Leaf Rot,Dataset/Coconut Tree Disease Dataset/Leaf Rot/LeafRot429.jpg,,,,,,disease-class=2_foliar_disease
LeafRot430,disease/Leaf Rot,Dataset/Coconut Tree Disease Dataset/Leaf Rot/LeafRot430.jpg,,,,,,disease-class=2_foliar_disease
LeafRot431,disease/Leaf Rot,Dataset/Coconut Tree Disease Dataset/Leaf Rot/LeafRot431.jpg,,,,,,disease-class=2_foliar_disease
LeafRot432,disease/Leaf Rot,Dataset/Coconut Tree Disease Dataset/Leaf Rot/LeafRot432.jpg,,,,,,disease-class=2_foliar_disease
LeafRot433,disease/Leaf Rot,Dataset/Coconut Tree Disease Dataset/Leaf Rot/LeafRot433.jpg,,,,,,disease-class=2_foliar_disease
LeafRot434,disease/Leaf Rot,Dataset/Coconut Tree Disease Dataset/Leaf Rot/LeafRot434.jpg,,,,,,disease-class=2_foliar_disease
LeafRot435,disease/Leaf Rot,Dataset/Coconut Tree Disease Dataset/Leaf Rot/LeafRot435.jpg,,,,,,disease-class=2_foliar_disease
LeafRot436,disease/Leaf Rot,Dataset/Coconut Tree Disease Dataset/Leaf Rot/LeafRot436.jpg,,,,,,disease-class=2_foliar_disease
LeafRot437,disease/Leaf Rot,Dataset/Coconut Tree Disease Dataset/Leaf Rot/LeafRot437.jpg,,,,,,disease-class=2_foliar_disease
LeafRot438,disease/Leaf Rot,Dataset/Coconut Tree Disease Dataset/Leaf Rot/LeafRot438.jpg,,,,,,disease-class=2_foliar_disease
LeafRot439,disease/Leaf Rot,Dataset/Coconut Tree Disease Dataset/Leaf Rot/LeafRot439.jpg,,,,,,disease-class=2_foliar_disease
LeafRot440,disease/Leaf Rot,Dataset/Coconut Tree Disease Dataset/Leaf Rot/LeafRot440.jpg,,,,,,disease-class=2_foliar_disease
LeafRot441,disease/Leaf Rot,Dataset/Coconut Tree Disease Dataset/Leaf Rot/LeafRot441.jpg,,,,,,disease-class=2_foliar_disease
LeafRot442,disease/Leaf Rot,Dataset/Coconut Tree Disease Dataset/Leaf Rot/LeafRot442.jpg,,,,,,disease-class=2_foliar_disease
LeafRot443,disease/Leaf Rot,Dataset/Coconut Tree Disease Dataset/Leaf Rot/LeafRot443.jpg,,,,,,disease-class=2_foliar_disease
LeafRot444,disease/Leaf Rot,Dataset/Coconut Tree Disease Dataset/Leaf Rot/LeafRot444.jpg,,,,,,disease-class=2_foliar_disease
LeafRot445,disease/Leaf Rot,Dataset/Coconut Tree Disease Dataset/Leaf Rot/LeafRot445.jpg,,,,,,disease-class=2_foliar_disease
LeafRot446,disease/Leaf Rot,Dataset/Coconut Tree Disease Dataset/Leaf Rot/LeafRot446.jpg,,,,,,disease-class=2_foliar_disease
LeafRot447,disease/Leaf Rot,Dataset/Coconut Tree Disease Dataset/Leaf Rot/LeafRot447.jpg,,,,,,disease-class=2_foliar_disease
LeafRot448,disease/Leaf Rot,Dataset/Coconut Tree Disease Dataset/Leaf Rot/LeafRot448.jpg,,,,,,disease-class=2_foliar_disease
LeafRot449,disease/Leaf Rot,Dataset/Coconut Tree Disease Dataset/Leaf Rot/LeafRot449.jpg,,,,,,disease-class=2_foliar_disease
LeafRot450,disease/Leaf Rot,Dataset/Coconut Tree Disease Dataset/Leaf Rot/LeafRot450.jpg,,,,,,disease-class=2_foliar_disease
LeafRot451,disease/Leaf Rot,Dataset/Coconut Tree Disease Dataset/Leaf Rot/LeafRot451.jpg,,,,,,disease-class=2_foliar_disease
LeafRot452,disease/Leaf Rot,Dataset/Coconut Tree Disease Dataset/Leaf Rot/LeafRot452.jpg,,,,,,disease-class=2_foliar_disease
LeafRot453,disease/Leaf Rot,Dataset/Coconut Tree Disease Dataset/Leaf Rot/LeafRot453.jpg,,,,,,disease-class=2_foliar_disease
LeafRot454,disease/Leaf Rot,Dataset/Coconut Tree Disease Dataset/Leaf Rot/LeafRot454.jpg,,,,,,disease-class=2_foliar_disease
LeafRot455,disease/Leaf Rot,Dataset/Coconut Tree Disease Dataset/Leaf Rot/LeafRot455.jpg,,,,,,disease-class=2_foliar_disease
LeafRot456,disease/Leaf Rot,Dataset/Coconut Tree Disease Dataset/Leaf Rot/LeafRot456.jpg,,,,,,disease-class=2_foliar_disease
LeafRot457,disease/Leaf Rot,Dataset/Coconut Tree Disease Dataset/Leaf Rot/LeafRot457.jpg,,,,,,disease-class=2_foliar_disease
LeafRot458,disease/Leaf Rot,Dataset/Coconut Tree Disease Dataset/Leaf Rot/LeafRot458.jpg,,,,,,disease-class=2_foliar_disease
LeafRot459,disease/Leaf Rot,Dataset/Coconut Tree Disease Dataset/Leaf Rot/LeafRot459.jpg,,,,,,disease-class=2_foliar_disease
LeafRot460,disease/Leaf Rot,Dataset/Coconut Tree Disease Dataset/Leaf Rot/LeafRot460.jpg,,,,,,disease-class=2_foliar_disease
LeafRot461,disease/Leaf Rot,Dataset/Coconut Tree Disease Dataset/Leaf Rot/LeafRot461.jpg,,,,,,disease-class=2_foliar_disease
LeafRot462,disease/Leaf Rot,Dataset/Coconut Tree Disease Dataset/Leaf Rot/LeafRot462.jpg,,,,,,disease-class=2_foliar_disease
LeafRot463,disease/Leaf Rot,Dataset/Coconut Tree Disease Dataset/Leaf Rot/LeafRot463.jpg,,,,,,disease-class=2_foliar_disease
LeafRot464,disease/Leaf Rot,Dataset/Coconut Tree Disease Dataset/Leaf Rot/LeafRot464.jpg,,,,,,disease-class=2_foliar_disease
LeafRot465,disease/Leaf Rot,Dataset/Coconut Tree Disease Dataset/Leaf Rot/LeafRot465.jpg,,,,,,disease-class=2_foliar_disease
LeafRot466,disease/Leaf Rot,Dataset/Coconut Tree Disease Dataset/Leaf Rot/LeafRot466.jpg,,,,,,disease-class=2_foliar_disease
LeafRot467,disease/Leaf Rot,Dataset/Coconut Tree Disease Dataset/Leaf Rot/LeafRot467.jpg,,,,,,disease-class=2_foliar_disease
LeafRot468,disease/Leaf Rot,Dataset/Coconut Tree Disease Dataset/Leaf Rot/LeafRot468.jpg,,,,,,disease-class=2_foliar_disease
LeafRot469,disease/Leaf Rot,Dataset/Coconut Tree Disease Dataset/Leaf Rot/LeafRot469.jpg,,,,,,disease-class=2_foliar_disease
LeafRot470,disease/Leaf Rot,Dataset/Coconut Tree Disease Dataset/Leaf Rot/LeafRot470.jpg,,,,,,disease-class=2_foliar_disease
LeafRot471,disease/Leaf Rot,Dataset/Coconut Tree Disease Dataset/Leaf Rot/LeafRot471.jpg,,,,,,disease-class=2_foliar_disease
LeafRot472,disease/Leaf Rot,Dataset/Coconut Tree Disease Dataset/Leaf Rot/LeafRot472.jpg,,,,,,disease-class=2_foliar_disease
LeafRot473,disease/Leaf Rot,Dataset/Coconut Tree Disease Dataset/Leaf Rot/LeafRot473.jpg,,,,,,disease-class=2_foliar_disease
LeafRot474,disease/Leaf Rot,Dataset/Coconut Tree Disease Dataset/Leaf Rot/LeafRot474.jpg,,,,,,disease-class=2_foliar_disease
LeafRot475,disease/Leaf Rot,Dataset/Coconut Tree Disease Dataset/Leaf Rot/LeafRot475.jpg,,,,,,disease-class=2_foliar_disease
LeafRot476,disease/Leaf Rot,Dataset/Coconut Tree Disease Dataset/Leaf Rot/LeafRot476.jpg,,,,,,disease-class=2_foliar_disease
LeafRot477,disease/Leaf Rot,Dataset/Coconut Tree Disease Dataset/Leaf Rot/LeafRot477.jpg,,,,,,disease-class=2_foliar_disease
LeafRot478,disease/Leaf Rot,Dataset/Coconut Tree Disease Dataset/Leaf Rot/LeafRot478.jpg,,,,,,disease-class=2_foliar_disease
LeafRot479,disease/Leaf Rot,Dataset/Coconut Tree Disease Dataset/Leaf Rot/LeafRot479.jpg,,,,,,disease-class=2_foliar_disease
LeafRot480,disease/Leaf Rot,Dataset/Coconut Tree Disease Dataset/Leaf Rot/LeafRot480.jpg,,,,,,disease-class=2_foliar_disease
LeafRot481,disease/Leaf Rot,Dataset/Coconut Tree Disease Dataset/Leaf Rot/LeafRot481.jpg,,,,,,disease-class=2_foliar_disease
LeafRot482,disease/Leaf Rot,Dataset/Coconut Tree Disease Dataset/Leaf Rot/LeafRot482.jpg,,,,,,disease-class=2_foliar_disease
LeafRot483,disease/Leaf Rot,Dataset/Coconut Tree Disease Dataset/Leaf Rot/LeafRot483.jpg,,,,,,disease-class=2_foliar_disease
LeafRot484,disease/Leaf Rot,Dataset/Coconut Tree Disease Dataset/Leaf Rot/LeafRot484.jpg,,,,,,disease-class=2_foliar_disease
LeafRot485,disease/Leaf Rot,Dataset/Coconut Tree Disease Dataset/Leaf Rot/LeafRot485.jpg,,,,,,disease-class=2_foliar_disease
LeafRot486,disease/Leaf Rot,Dataset/Coconut Tree Disease Dataset/Leaf Rot/LeafRot486.jpg,,,,,,disease-class=2_foliar_disease
LeafRot487,disease/Leaf Rot,Dataset/Coconut Tree Disease Dataset/Leaf Rot/LeafRot487.jpg,,,,,,disease-class=2_foliar_disease
LeafRot488,disease/Leaf Rot,Dataset/Coconut Tree Disease Dataset/Leaf Rot/LeafRot488.jpg,,,,,,disease-class=2_foliar_disease
LeafRot489,disease/Leaf Rot,Dataset/Coconut Tree Disease Dataset/Leaf Rot/LeafRot489.jpg,,,,,,disease-class=2_foliar_disease
LeafRot490,disease/Leaf Rot,Dataset/Coconut Tree Disease Dataset/Leaf Rot/LeafRot490.jpg,,,,,,disease-class=2_foliar_disease
LeafRot491,disease/Leaf Rot,Dataset/Coconut Tree Disease Dataset/Leaf Rot/LeafRot491.jpg,,,,,,disease-class=2_foliar_disease
LeafRot492,disease/Leaf Rot,Dataset/Coconut Tree Disease Dataset/Leaf Rot/LeafRot492.jpg,,,,,,disease-class=2_foliar_disease
LeafRot493,disease/Leaf Rot,Dataset/Coconut Tree Disease Dataset/Leaf Rot/LeafRot493.jpg,,,,,,disease-class=2_foliar_disease
LeafRot494,disease/Leaf Rot,Dataset/Coconut Tree Disease Dataset/Leaf Rot/LeafRot494.jpg,,,,,,disease-class=2_foliar_disease
LeafRot495,disease/Leaf Rot,Dataset/Coconut Tree Disease Dataset/Leaf Rot/LeafRot495.jpg,,,,,,disease-class=2_foliar_disease
LeafRot496,disease/Leaf Rot,Dataset/Coconut Tree Disease Dataset/Leaf Rot/LeafRot496.jpg,,,,,,disease-class=2_foliar_disease
LeafRot497,disease/Leaf Rot,Dataset/Coconut Tree Disease Dataset/Leaf Rot/LeafRot497.jpg,,,,,,disease-class=2_foliar_disease
LeafRot498,disease/Leaf Rot,Dataset/Coconut Tree Disease Dataset/Leaf Rot/LeafRot498.jpg,,,,,,disease-class=2_foliar_disease
LeafRot499,disease/Leaf Rot,Dataset/Coconut Tree Disease Dataset/Leaf Rot/LeafRot499.jpg,,,,,,disease-class=2_foliar_disease
LeafRot500,disease/Leaf Rot,Dataset/Coconut Tree Disease Dataset/Leaf Rot/LeafRot500.jpg,,,,,,disease-class=2_foliar_disease
LeafRot501,disease/Leaf Rot,Dataset/Coconut Tree Disease Dataset/Leaf Rot/LeafRot501.jpg,,,,,,disease-class=2_foliar_disease
LeafRot502,disease/Leaf Rot,Dataset/Coconut Tree Disease Dataset/Leaf Rot/LeafRot502.jpg,,,,,,disease-class=2_foliar_disease
LeafRot503,disease/Leaf Rot,Dataset/Coconut Tree Disease Dataset/Leaf Rot/LeafRot503.jpg,,,,,,disease-class=2_foliar_disease
LeafRot504,disease/Leaf Rot,Dataset/Coconut Tree Disease Dataset/Leaf Rot/LeafRot504.jpg,,,,,,disease-class=2_foliar_disease
LeafRot505,disease/Leaf Rot,Dataset/Coconut Tree Disease Dataset/Leaf Rot/LeafRot505.jpg,,,,,,disease-class=2_foliar_disease
LeafRot506,disease/Leaf Rot,Dataset/Coconut Tree Disease Dataset/Leaf Rot/LeafRot506.jpg,,,,,,disease-class=2_foliar_disease
LeafRot507,disease/Leaf Rot,Dataset/Coconut Tree Disease Dataset/Leaf Rot/LeafRot507.jpg,,,,,,disease-class=2_foliar_disease
LeafRot508,disease/Leaf Rot,Dataset/Coconut Tree Disease Dataset/Leaf Rot/LeafRot508.jpg,,,,,,disease-class=2_foliar_disease
LeafRot509,disease/Leaf Rot,Dataset/Coconut Tree Disease Dataset/Leaf Rot/LeafRot509.jpg,,,,,,disease-class=2_foliar_disease
LeafRot510,disease/Leaf Rot,Dataset/Coconut Tree Disease Dataset/Leaf Rot/LeafRot510.jpg,,,,,,disease-class=2_foliar_disease
LeafRot511,disease/Leaf Rot,Dataset/Coconut Tree Disease Dataset/Leaf Rot/LeafRot511.jpg,,,,,,disease-class=2_foliar_disease
LeafRot512,disease/Leaf Rot,Dataset/Coconut Tree Disease Dataset/Leaf Rot/LeafRot512.jpg,,,,,,disease-class=2_foliar_disease
LeafRot513,disease/Leaf Rot,Dataset/Coconut Tree Disease Dataset/Leaf Rot/LeafRot513.jpg,,,,,,disease-class=2_foliar_disease
LeafRot514,disease/Leaf Rot,Dataset/Coconut Tree Disease Dataset/Leaf Rot/LeafRot514.jpg,,,,,,disease-class=2_foliar_disease
LeafRot515,disease/Leaf Rot,Dataset/Coconut Tree Disease Dataset/Leaf Rot/LeafRot515.jpg,,,,,,disease-class=2_foliar_disease
LeafRot516,disease/Leaf Rot,Dataset/Coconut Tree Disease Dataset/Leaf Rot/LeafRot516.jpg,,,,,,disease-class=2_foliar_disease
LeafRot517,disease/Leaf Rot,Dataset/Coconut Tree Disease Dataset/Leaf Rot/LeafRot517.jpg,,,,,,disease-class=2_foliar_disease
LeafRot518,disease/Leaf Rot,Dataset/Coconut Tree Disease Dataset/Leaf Rot/LeafRot518.jpg,,,,,,disease-class=2_foliar_disease
LeafRot519,disease/Leaf Rot,Dataset/Coconut Tree Disease Dataset/Leaf Rot/LeafRot519.jpg,,,,,,disease-class=2_foliar_disease
LeafRot520,disease/Leaf Rot,Dataset/Coconut Tree Disease Dataset/Leaf Rot/LeafRot520.jpg,,,,,,disease-class=2_foliar_disease
LeafRot521,disease/Leaf Rot,Dataset/Coconut Tree Disease Dataset/Leaf Rot/LeafRot521.jpg,,,,,,disease-class=2_foliar_disease
LeafRot522,disease/Leaf Rot,Dataset/Coconut Tree Disease Dataset/Leaf Rot/LeafRot522.jpg,,,,,,disease-class=2_foliar_disease
LeafRot523,disease/Leaf Rot,Dataset/Coconut Tree Disease Dataset/Leaf Rot/LeafRot523.jpg,,,,,,disease-class=2_foliar_disease
LeafRot524,disease/Leaf Rot,Dataset/Coconut Tree Disease Dataset/Leaf Rot/LeafRot524.jpg,,,,,,disease-class=2_foliar_disease
LeafRot525,disease/Leaf Rot,Dataset/Coconut Tree Disease Dataset/Leaf Rot/LeafRot525.jpg,,,,,,disease-class=2_foliar_disease
LeafRot526,disease/Leaf Rot,Dataset/Coconut Tree Disease Dataset/Leaf Rot/LeafRot526.jpg,,,,,,disease-class=2_foliar_disease
LeafRot527,disease/Leaf Rot,Dataset/Coconut Tree Disease Dataset/Leaf Rot/LeafRot527.jpg,,,,,,disease-class=2_foliar_disease
LeafRot528,disease/Leaf Rot,Dataset/Coconut Tree Disease Dataset/Leaf Rot/LeafRot528.jpg,,,,,,disease-class=2_foliar_disease
LeafRot529,disease/Leaf Rot,Dataset/Coconut Tree Disease Dataset/Leaf Rot/LeafRot529.jpg,,,,,,disease-class=2_foliar_disease
LeafRot530,disease/Leaf Rot,Dataset/Coconut Tree Disease Dataset/Leaf Rot/LeafRot530.jpg,,,,,,disease-class=2_foliar_disease
LeafRot531,disease/Leaf Rot,Dataset/Coconut Tree Disease Dataset/Leaf Rot/LeafRot531.jpg,,,,,,disease-class=2_foliar_disease
LeafRot532,disease/Leaf Rot,Dataset/Coconut Tree Disease Dataset/Leaf Rot/LeafRot532.jpg,,,,,,disease-class=2_foliar_disease
LeafRot533,disease/Leaf Rot,Dataset/Coconut Tree Disease Dataset/Leaf Rot/LeafRot533.jpg,,,,,,disease-class=2_foliar_disease
LeafRot534,disease/Leaf Rot,Dataset/Coconut Tree Disease Dataset/Leaf Rot/LeafRot534.jpg,,,,,,disease-class=2_foliar_disease
LeafRot535,disease/Leaf Rot,Dataset/Coconut Tree Disease Dataset/Leaf Rot/LeafRot535.jpg,,,,,,disease-class=2_foliar_disease
LeafRot536,disease/Leaf Rot,Dataset/Coconut Tree Disease Dataset/Leaf Rot/LeafRot536.jpg,,,,,,disease-class=2_foliar_disease
LeafRot537,disease/Leaf Rot,Dataset/Coconut Tree Disease Dataset/Leaf Rot/LeafRot537.jpg,,,,,,disease-class=2_foliar_disease
LeafRot538,disease/Leaf Rot,Dataset/Coconut Tree Disease Dataset/Leaf Rot/LeafRot538.jpg,,,,,,disease-class=2_foliar_disease
LeafRot539,disease/Leaf Rot,Dataset/Coconut Tree Disease Dataset/Leaf Rot/LeafRot539.jpg,,,,,,disease-class=2_foliar_disease
LeafRot540,disease/Leaf Rot,Dataset/Coconut Tree Disease Dataset/Leaf Rot/LeafRot540.jpg,,,,,,disease-class=2_foliar_disease
LeafRot541,disease/Leaf Rot,Dataset/Coconut Tree Disease Dataset/Leaf Rot/LeafRot541.jpg,,,,,,disease-class=2_foliar_disease
LeafRot542,disease/Leaf Rot,Dataset/Coconut Tree Disease Dataset/Leaf Rot/LeafRot542.jpg,,,,,,disease-class=2_foliar_disease
LeafRot543,disease/Leaf Rot,Dataset/Coconut Tree Disease Dataset/Leaf Rot/LeafRot543.jpg,,,,,,disease-class=2_foliar_disease
LeafRot544,disease/Leaf Rot,Dataset/Coconut Tree Disease Dataset/Leaf Rot/LeafRot544.jpg,,,,,,disease-class=2_foliar_disease
LeafRot545,disease/Leaf Rot,Dataset/Coconut Tree Disease Dataset/Leaf Rot/LeafRot545.jpg,,,,,,disease-class=2_foliar_disease
LeafRot546,disease/Leaf Rot,Dataset/Coconut Tree Disease Dataset/Leaf Rot/LeafRot546.jpg,,,,,,disease-class=2_foliar_disease
LeafRot547,disease/Leaf Rot,Dataset/Coconut Tree Disease Dataset/Leaf Rot/LeafRot547.jpg,,,,,,disease-class=2_foliar_disease
LeafRot548,disease/Leaf Rot,Dataset/Coconut Tree Disease Dataset/Leaf Rot/LeafRot548.jpg,,,,,,disease-class=2_foliar_disease
LeafRot549,disease/Leaf Rot,Dataset/Coconut Tree Disease Dataset/Leaf Rot/LeafRot549.jpg,,,,,,disease-class=2_foliar_disease
LeafRot550,disease/Leaf Rot,Dataset/Coconut Tree Disease Dataset/Leaf Rot/LeafRot550.jpg,,,,,,disease-class=2_foliar_disease
LeafRot551,disease/Leaf Rot,Dataset/Coconut Tree Disease Dataset/Leaf Rot/LeafRot551.jpg,,,,,,disease-class=2_foliar_disease
LeafRot552,disease/Leaf Rot,Dataset/Coconut Tree Disease Dataset/Leaf Rot/LeafRot552.jpg,,,,,,disease-class=2_foliar_disease
LeafRot553,disease/Leaf Rot,Dataset/Coconut Tree Disease Dataset/Leaf Rot/LeafRot553.jpg,,,,,,disease-class=2_foliar_disease
LeafRot554,disease/Leaf Rot,Dataset/Coconut Tree Disease Dataset/Leaf Rot/LeafRot554.jpg,,,,,,disease-class=2_foliar_disease
LeafRot555,disease/Leaf Rot,Dataset/Coconut Tree Disease Dataset/Leaf Rot/LeafRot555.jpg,,,,,,disease-class=2_foliar_disease
LeafRot556,disease/Leaf Rot,Dataset/Coconut Tree Disease Dataset/Leaf Rot/LeafRot556.jpg,,,,,,disease-class=2_foliar_disease
LeafRot557,disease/Leaf Rot,Dataset/Coconut Tree Disease Dataset/Leaf Rot/LeafRot557.jpg,,,,,,disease-class=2_foliar_disease
LeafRot558,disease/Leaf Rot,Dataset/Coconut Tree Disease Dataset/Leaf Rot/LeafRot558.jpg,,,,,,disease-class=2_foliar_disease
LeafRot559,disease/Leaf Rot,Dataset/Coconut Tree Disease Dataset/Leaf Rot/LeafRot559.jpg,,,,,,disease-class=2_foliar_disease
LeafRot560,disease/Leaf Rot,Dataset/Coconut Tree Disease Dataset/Leaf Rot/LeafRot560.jpg,,,,,,disease-class=2_foliar_disease
LeafRot561,disease/Leaf Rot,Dataset/Coconut Tree Disease Dataset/Leaf Rot/LeafRot561.jpg,,,,,,disease-class=2_foliar_disease
LeafRot562,disease/Leaf Rot,Dataset/Coconut Tree Disease Dataset/Leaf Rot/LeafRot562.jpg,,,,,,disease-class=2_foliar_disease
LeafRot563,disease/Leaf Rot,Dataset/Coconut Tree Disease Dataset/Leaf Rot/LeafRot563.jpg,,,,,,disease-class=2_foliar_disease
LeafRot564,disease/Leaf Rot,Dataset/Coconut Tree Disease Dataset/Leaf Rot/LeafRot564.jpg,,,,,,disease-class=2_foliar_disease
LeafRot565,disease/Leaf Rot,Dataset/Coconut Tree Disease Dataset/Leaf Rot/LeafRot565.jpg,,,,,,disease-class=2_foliar_disease
LeafRot566,disease/Leaf Rot,Dataset/Coconut Tree Disease Dataset/Leaf Rot/LeafRot566.jpg,,,,,,disease-class=2_foliar_disease
LeafRot567,disease/Leaf Rot,Dataset/Coconut Tree Disease Dataset/Leaf Rot/LeafRot567.jpg,,,,,,disease-class=2_foliar_disease
LeafRot568,disease/Leaf Rot,Dataset/Coconut Tree Disease Dataset/Leaf Rot/LeafRot568.jpg,,,,,,disease-class=2_foliar_disease
LeafRot569,disease/Leaf Rot,Dataset/Coconut Tree Disease Dataset/Leaf Rot/LeafRot569.jpg,,,,,,disease-class=2_foliar_disease
LeafRot570,disease/Leaf Rot,Dataset/Coconut Tree Disease Dataset/Leaf Rot/LeafRot570.jpg,,,,,,disease-class=2_foliar_disease
LeafRot571,disease/Leaf Rot,Dataset/Coconut Tree Disease Dataset/Leaf Rot/LeafRot571.jpg,,,,,,disease-class=2_foliar_disease
LeafRot572,disease/Leaf Rot,Dataset/Coconut Tree Disease Dataset/Leaf Rot/LeafRot572.jpg,,,,,,disease-class=2_foliar_disease
LeafRot573,disease/Leaf Rot,Dataset/Coconut Tree Disease Dataset/Leaf Rot/LeafRot573.jpg,,,,,,disease-class=2_foliar_disease
LeafRot574,disease/Leaf Rot,Dataset/Coconut Tree Disease Dataset/Leaf Rot/LeafRot574.jpg,,,,,,disease-class=2_foliar_disease
LeafRot575,disease/Leaf Rot,Dataset/Coconut Tree Disease Dataset/Leaf Rot/LeafRot575.jpg,,,,,,disease-class=2_foliar_disease
LeafRot576,disease/Leaf Rot,Dataset/Coconut Tree Disease Dataset/Leaf Rot/LeafRot576.jpg,,,,,,disease-class=2_foliar_disease
LeafRot577,disease/Leaf Rot,Dataset/Coconut Tree Disease Dataset/Leaf Rot/LeafRot577.jpg,,,,,,disease-class=2_foliar_disease
LeafRot578,disease/Leaf Rot,Dataset/Coconut Tree Disease Dataset/Leaf Rot/LeafRot578.jpg,,,,,,disease-class=2_foliar_disease
LeafRot579,disease/Leaf Rot,Dataset/Coconut Tree Disease Dataset/Leaf Rot/LeafRot579.jpg,,,,,,disease-class=2_foliar_disease
LeafRot580,disease/Leaf Rot,Dataset/Coconut Tree Disease Dataset/Leaf Rot/LeafRot580.jpg,,,,,,disease-class=2_foliar_disease
LeafRot581,disease/Leaf Rot,Dataset/Coconut Tree Disease Dataset/Leaf Rot/LeafRot581.jpg,,,,,,disease-class=2_foliar_disease
LeafRot582,disease/Leaf Rot,Dataset/Coconut Tree Disease Dataset/Leaf Rot/LeafRot582.jpg,,,,,,disease-class=2_foliar_disease
LeafRot583,disease/Leaf Rot,Dataset/Coconut Tree Disease Dataset/Leaf Rot/LeafRot583.jpg,,,,,,disease-class=2_foliar_disease
LeafRot584,disease/Leaf Rot,Dataset/Coconut Tree Disease Dataset/Leaf Rot/LeafRot584.jpg,,,,,,disease-class=2_foliar_disease
LeafRot585,disease/Leaf Rot,Dataset/Coconut Tree Disease Dataset/Leaf Rot/LeafRot585.jpg,,,,,,disease-class=2_foliar_disease
LeafRot586,disease/Leaf Rot,Dataset/Coconut Tree Disease Dataset/Leaf Rot/LeafRot586.jpg,,,,,,disease-class=2_foliar_disease
LeafRot587,disease/Leaf Rot,Dataset/Coconut Tree Disease Dataset/Leaf Rot/LeafRot587.jpg,,,,,,disease-class=2_foliar_disease
LeafRot588,disease/Leaf Rot,Dataset/Coconut Tree Disease Dataset/Leaf Rot/LeafRot588.jpg,,,,,,disease-class=2_foliar_disease
LeafRot589,disease/Leaf Rot,Dataset/Coconut Tree Disease Dataset/Leaf Rot/LeafRot589.jpg,,,,,,disease-class=2_foliar_disease
LeafRot590,disease/Leaf Rot,Dataset/Coconut Tree Disease Dataset/Leaf Rot/LeafRot590.jpg,,,,,,disease-class=2_foliar_disease
LeafRot591,disease/Leaf Rot,Dataset/Coconut Tree Disease Dataset/Leaf Rot/LeafRot591.jpg,,,,,,disease-class=2_foliar_disease
LeafRot592,disease/Leaf Rot,Dataset/Coconut Tree Disease Dataset/Leaf Rot/LeafRot592.jpg,,,,,,disease-class=2_foliar_disease
LeafRot593,disease/Leaf Rot,Dataset/Coconut Tree Disease Dataset/Leaf Rot/LeafRot593.jpg,,,,,,disease-class=2_foliar_disease
LeafRot594,disease/Leaf Rot,Dataset/Coconut Tree Disease Dataset/Leaf Rot/LeafRot594.jpg,,,,,,disease-class=2_foliar_disease
LeafRot595,disease/Leaf Rot,Dataset/Coconut Tree Disease Dataset/Leaf Rot/LeafRot595.jpg,,,,,,disease-class=2_foliar_disease
LeafRot596,disease/Leaf Rot,Dataset/Coconut Tree Disease Dataset/Leaf Rot/LeafRot596.jpg,,,,,,disease-class=2_foliar_disease
LeafRot597,disease/Leaf Rot,Dataset/Coconut Tree Disease Dataset/Leaf Rot/LeafRot597.jpg,,,,,,disease-class=2_foliar_disease
LeafRot598,disease/Leaf Rot,Dataset/Coconut Tree Disease Dataset/Leaf Rot/LeafRot598.jpg,,,,,,disease-class=2_foliar_disease
LeafRot599,disease/Leaf Rot,Dataset/Coconut Tree Disease Dataset/Leaf Rot/LeafRot599.jpg,,,,,,disease-class=2_foliar_disease
LeafRot600,disease/Leaf Rot,Dataset/Coconut Tree Disease Dataset/Leaf Rot/LeafRot600.jpg,,,,,,disease-class=2_foliar_disease
LeafRot601,disease/Leaf Rot,Dataset/Coconut Tree Disease Dataset/Leaf Rot/LeafRot601.jpg,,,,,,disease-class=2_foliar_disease
LeafRot602,disease/Leaf Rot,Dataset/Coconut Tree Disease Dataset/Leaf Rot/LeafRot602.jpg,,,,,,disease-class=2_foliar_disease
LeafRot603,disease/Leaf Rot,Dataset/Coconut Tree Disease Dataset/Leaf Rot/LeafRot603.jpg,,,,,,disease-class=2_foliar_disease
LeafRot604,disease/Leaf Rot,Dataset/Coconut Tree Disease Dataset/Leaf Rot/LeafRot604.jpg,,,,,,disease-class=2_foliar_disease
LeafRot605,disease/Leaf Rot,Dataset/Coconut Tree Disease Dataset/Leaf Rot/LeafRot605.jpg,,,,,,disease-class=2_foliar_disease
LeafRot606,disease/Leaf Rot,Dataset/Coconut Tree Disease Dataset/Leaf Rot/LeafRot606.jpg,,,,,,disease-class=2_foliar_disease
LeafRot607,disease/Leaf Rot,Dataset/Coconut Tree Disease Dataset/Leaf Rot/LeafRot607.jpg,,,,,,disease-class=2_foliar_disease
LeafRot608,disease/Leaf Rot,Dataset/Coconut Tree Disease Dataset/Leaf Rot/LeafRot608.jpg,,,,,,disease-class=2_foliar_disease
LeafRot609,disease/Leaf Rot,Dataset/Coconut Tree Disease Dataset/Leaf Rot/LeafRot609.jpg,,,,,,disease-class=2_foliar_disease
LeafRot610,disease/Leaf Rot,Dataset/Coconut Tree Disease Dataset/Leaf Rot/LeafRot610.jpg,,,,,,disease-class=2_foliar_disease
LeafRot611,disease/Leaf Rot,Dataset/Coconut Tree Disease Dataset/Leaf Rot/LeafRot611.jpg,,,,,,disease-class=2_foliar_disease
LeafRot612,disease/Leaf Rot,Dataset/Coconut Tree Disease Dataset/Leaf Rot/LeafRot612.jpg,,,,,,disease-class=2_foliar_disease
LeafRot613,disease/Leaf Rot,Dataset/Coconut Tree Disease Dataset/Leaf Rot/LeafRot613.jpg,,,,,,disease-class=2_foliar_disease
LeafRot614,disease/Leaf Rot,Dataset/Coconut Tree Disease Dataset/Leaf Rot/LeafRot614.jpg,,,,,,disease-class=2_foliar_disease
LeafRot615,disease/Leaf Rot,Dataset/Coconut Tree Disease Dataset/Leaf Rot/LeafRot615.jpg,,,,,,disease-class=2_foliar_disease
LeafRot616,disease/Leaf Rot,Dataset/Coconut Tree Disease Dataset/Leaf Rot/LeafRot616.jpg,,,,,,disease-class=2_foliar_disease
LeafRot617,disease/Leaf Rot,Dataset/Coconut Tree Disease Dataset/Leaf Rot/LeafRot617.jpg,,,,,,disease-class=2_foliar_disease
LeafRot618,disease/Leaf Rot,Dataset/Coconut Tree Disease Dataset/Leaf Rot/LeafRot618.jpg,,,,,,disease-class=2_foliar_disease
LeafRot619,disease/Leaf Rot,Dataset/Coconut Tree Disease Dataset/Leaf Rot/LeafRot619.jpg,,,,,,disease-class=2_foliar_disease
LeafRot620,disease/Leaf Rot,Dataset/Coconut Tree Disease Dataset/Leaf Rot/LeafRot620.jpg,,,,,,disease-class=2_foliar_disease
LeafRot621,disease/Leaf Rot,Dataset/Coconut Tree Disease Dataset/Leaf Rot/LeafRot621.jpg,,,,,,disease-class=2_foliar_disease
LeafRot622,disease/Leaf Rot,Dataset/Coconut Tree Disease Dataset/Leaf Rot/LeafRot622.jpg,,,,,,disease-class=2_foliar_disease
LeafRot623,disease/Leaf Rot,Dataset/Coconut Tree Disease Dataset/Leaf Rot/LeafRot623.jpg,,,,,,disease-class=2_foliar_disease
LeafRot624,disease/Leaf Rot,Dataset/Coconut Tree Disease Dataset/Leaf Rot/LeafRot624.jpg,,,,,,disease-class=2_foliar_disease
LeafRot625,disease/Leaf Rot,Dataset/Coconut Tree Disease Dataset/Leaf Rot/LeafRot625.jpg,,,,,,disease-class=2_foliar_disease
LeafRot626,disease/Leaf Rot,Dataset/Coconut Tree Disease Dataset/Leaf Rot/LeafRot626.jpg,,,,,,disease-class=2_foliar_disease
LeafRot627,disease/Leaf Rot,Dataset/Coconut Tree Disease Dataset/Leaf Rot/LeafRot627.jpg,,,,,,disease-class=2_foliar_disease
LeafRot628,disease/Leaf Rot,Dataset/Coconut Tree Disease Dataset/Leaf Rot/LeafRot628.jpg,,,,,,disease-class=2_foliar_disease
LeafRot629,disease/Leaf Rot,Dataset/Coconut Tree Disease Dataset/Leaf Rot/LeafRot629.jpg,,,,,,disease-class=2_foliar_disease
LeafRot630,disease/Leaf Rot,Dataset/Coconut Tree Disease Dataset/Leaf Rot/LeafRot630.jpg,,,,,,disease-class=2_foliar_disease
LeafRot631,disease/Leaf Rot,Dataset/Coconut Tree Disease Dataset/Leaf Rot/LeafRot631.jpg,,,,,,disease-class=2_foliar_disease
LeafRot632,disease/Leaf Rot,Dataset/Coconut Tree Disease Dataset/Leaf Rot/LeafRot632.jpg,,,,,,disease-class=2_foliar_disease
LeafRot633,disease/Leaf Rot,Dataset/Coconut Tree Disease Dataset/Leaf Rot/LeafRot633.jpg,,,,,,disease-class=2_foliar_disease
LeafRot634,disease/Leaf Rot,Dataset/Coconut Tree Disease Dataset/Leaf Rot/LeafRot634.jpg,,,,,,disease-class=2_foliar_disease
LeafRot635,disease/Leaf Rot,Dataset/Coconut Tree Disease Dataset/Leaf Rot/LeafRot635.jpg,,,,,,disease-class=2_foliar_disease
LeafRot636,disease/Leaf Rot,Dataset/Coconut Tree Disease Dataset/Leaf Rot/LeafRot636.jpg,,,,,,disease-class=2_foliar_disease
LeafRot637,disease/Leaf Rot,Dataset/Coconut Tree Disease Dataset/Leaf Rot/LeafRot637.jpg,,,,,,disease-class=2_foliar_disease
LeafRot638,disease/Leaf Rot,Dataset/Coconut Tree Disease Dataset/Leaf Rot/LeafRot638.jpg,,,,,,disease-class=2_foliar_disease
LeafRot639,disease/Leaf Rot,Dataset/Coconut Tree Disease Dataset/Leaf Rot/LeafRot639.jpg,,,,,,disease-class=2_foliar_disease
LeafRot640,disease/Leaf Rot,Dataset/Coconut Tree Disease Dataset/Leaf Rot/LeafRot640.jpg,,,,,,disease-class=2_foliar_disease
LeafRot641,disease/Leaf Rot,Dataset/Coconut Tree Disease Dataset/Leaf Rot/LeafRot641.jpg,,,,,,disease-class=2_foliar_disease
LeafRot642,disease/Leaf Rot,Dataset/Coconut Tree Disease Dataset/Leaf Rot/LeafRot642.jpg,,,,,,disease-class=2_foliar_disease
LeafRot643,disease/Leaf Rot,Dataset/Coconut Tree Disease Dataset/Leaf Rot/LeafRot643.jpg,,,,,,disease-class=2_foliar_disease
LeafRot644,disease/Leaf Rot,Dataset/Coconut Tree Disease Dataset/Leaf Rot/LeafRot644.jpg,,,,,,disease-class=2_foliar_disease
LeafRot645,disease/Leaf Rot,Dataset/Coconut Tree Disease Dataset/Leaf Rot/LeafRot645.jpg,,,,,,disease-class=2_foliar_disease
LeafRot646,disease/Leaf Rot,Dataset/Coconut Tree Disease Dataset/Leaf Rot/LeafRot646.jpg,,,,,,disease-class=2_foliar_disease
LeafRot647,disease/Leaf Rot,Dataset/Coconut Tree Disease Dataset/Leaf Rot/LeafRot647.jpg,,,,,,disease-class=2_foliar_disease
LeafRot648,disease/Leaf Rot,Dataset/Coconut Tree Disease Dataset/Leaf Rot/LeafRot648.jpg,,,,,,disease-class=2_foliar_disease
LeafRot649,disease/Leaf Rot,Dataset/Coconut Tree Disease Dataset/Leaf Rot/LeafRot649.jpg,,,,,,disease-class=2_foliar_disease
LeafRot650,disease/Leaf Rot,Dataset/Coconut Tree Disease Dataset/Leaf Rot/LeafRot650.jpg,,,,,,disease-class=2_foliar_disease
LeafRot651,disease/Leaf Rot,Dataset/Coconut Tree Disease Dataset/Leaf Rot/LeafRot651.jpg,,,,,,disease-class=2_foliar_disease
LeafRot652,disease/Leaf Rot,Dataset/Coconut Tree Disease Dataset/Leaf Rot/LeafRot652.jpg,,,,,,disease-class=2_foliar_disease
LeafRot653,disease/Leaf Rot,Dataset/Coconut Tree Disease Dataset/Leaf Rot/LeafRot653.jpg,,,,,,disease-class=2_foliar_disease
LeafRot654,disease/Leaf Rot,Dataset/Coconut Tree Disease Dataset/Leaf Rot/LeafRot654.jpg,,,,,,disease-class=2_foliar_disease
LeafRot655,disease/Leaf Rot,Dataset/Coconut Tree Disease Dataset/Leaf Rot/LeafRot655.jpg,,,,,,disease-class=2_foliar_disease
LeafRot656,disease/Leaf Rot,Dataset/Coconut Tree Disease Dataset/Leaf Rot/LeafRot656.jpg,,,,,,disease-class=2_foliar_disease
LeafRot657,disease/Leaf Rot,Dataset/Coconut Tree Disease Dataset/Leaf Rot/LeafRot657.jpg,,,,,,disease-class=2_foliar_disease
LeafRot658,disease/Leaf Rot,Dataset/Coconut Tree Disease Dataset/Leaf Rot/LeafRot658.jpg,,,,,,disease-class=2_foliar_disease
LeafRot659,disease/Leaf Rot,Dataset/Coconut Tree Disease Dataset/Leaf Rot/LeafRot659.jpg,,,,,,disease-class=2_foliar_disease
LeafRot660,disease/Leaf Rot,Dataset/Coconut Tree Disease Dataset/Leaf Rot/LeafRot660.jpg,,,,,,disease-class=2_foliar_disease
LeafRot661,disease/Leaf Rot,Dataset/Coconut Tree Disease Dataset/Leaf Rot/LeafRot661.jpg,,,,,,disease-class=2_foliar_disease
LeafRot662,disease/Leaf Rot,Dataset/Coconut Tree Disease Dataset/Leaf Rot/LeafRot662.jpg,,,,,,disease-class=2_foliar_disease
LeafRot663,disease/Leaf Rot,Dataset/Coconut Tree Disease Dataset/Leaf Rot/LeafRot663.jpg,,,,,,disease-class=2_foliar_disease
LeafRot664,disease/Leaf Rot,Dataset/Coconut Tree Disease Dataset/Leaf Rot/LeafRot664.jpg,,,,,,disease-class=2_foliar_disease
LeafRot665,disease/Leaf Rot,Dataset/Coconut Tree Disease Dataset/Leaf Rot/LeafRot665.jpg,,,,,,disease-class=2_foliar_disease
LeafRot666,disease/Leaf Rot,Dataset/Coconut Tree Disease Dataset/Leaf Rot/LeafRot666.jpg,,,,,,disease-class=2_foliar_disease
LeafRot667,disease/Leaf Rot,Dataset/Coconut Tree Disease Dataset/Leaf Rot/LeafRot667.jpg,,,,,,disease-class=2_foliar_disease
LeafRot668,disease/Leaf Rot,Dataset/Coconut Tree Disease Dataset/Leaf Rot/LeafRot668.jpg,,,,,,disease-class=2_foliar_disease
LeafRot669,disease/Leaf Rot,Dataset/Coconut Tree Disease Dataset/Leaf Rot/LeafRot669.jpg,,,,,,disease-class=2_foliar_disease
LeafRot670,disease/Leaf Rot,Dataset/Coconut Tree Disease Dataset/Leaf Rot/LeafRot670.jpg,,,,,,disease-class=2_foliar_disease
LeafRot671,disease/Leaf Rot,Dataset/Coconut Tree Disease Dataset/Leaf Rot/LeafRot671.jpg,,,,,,disease-class=2_foliar_disease
LeafRot672,disease/Leaf Rot,Dataset/Coconut Tree Disease Dataset/Leaf Rot/LeafRot672.jpg,,,,,,disease-class=2_foliar_disease
LeafRot673,disease/Leaf Rot,Dataset/Coconut Tree Disease Dataset/Leaf Rot/LeafRot673.jpg,,,,,,disease-class=2_foliar_disease
LeafRot674,disease/Leaf Rot,Dataset/Coconut Tree Disease Dataset/Leaf Rot/LeafRot674.jpg,,,,,,disease-class=2_foliar_disease
LeafRot675,disease/Leaf Rot,Dataset/Coconut Tree Disease Dataset/Leaf Rot/LeafRot675.jpg,,,,,,disease-class=2_foliar_disease
LeafRot676,disease/Leaf Rot,Dataset/Coconut Tree Disease Dataset/Leaf Rot/LeafRot676.jpg,,,,,,disease-class=2_foliar_disease
LeafRot677,disease/Leaf Rot,Dataset/Coconut Tree Disease Dataset/Leaf Rot/LeafRot677.jpg,,,,,,disease-class=2_foliar_disease
LeafRot678,disease/Leaf Rot,Dataset/Coconut Tree Disease Dataset/Leaf Rot/LeafRot678.jpg,,,,,,disease-class=2_foliar_disease
LeafRot679,disease/Leaf Rot,Dataset/Coconut Tree Disease Dataset/Leaf Rot/LeafRot679.jpg,,,,,,disease-class=2_foliar_disease
LeafRot680,disease/Leaf Rot,Dataset/Coconut Tree Disease Dataset/Leaf Rot/LeafRot680.jpg,,,,,,disease-class=2_foliar_disease
LeafRot681,disease/Leaf Rot,Dataset/Coconut Tree Disease Dataset/Leaf Rot/LeafRot681.jpg,,,,,,disease-class=2_foliar_disease
LeafRot682,disease/Leaf Rot,Dataset/Coconut Tree Disease Dataset/Leaf Rot/LeafRot682.jpg,,,,,,disease-class=2_foliar_disease
LeafRot683,disease/Leaf Rot,Dataset/Coconut Tree Disease Dataset/Leaf Rot/LeafRot683.jpg,,,,,,disease-class=2_foliar_disease
LeafRot684,disease/Leaf Rot,Dataset/Coconut Tree Disease Dataset/Leaf Rot/LeafRot684.jpg,,,,,,disease-class=2_foliar_disease
LeafRot685,disease/Leaf Rot,Dataset/Coconut Tree Disease Dataset/Leaf Rot/LeafRot685.jpg,,,,,,disease-class=2_foliar_disease
LeafRot686,disease/Leaf Rot,Dataset/Coconut Tree Disease Dataset/Leaf Rot/LeafRot686.jpg,,,,,,disease-class=2_foliar_disease
LeafRot687,disease/Leaf Rot,Dataset/Coconut Tree Disease Dataset/Leaf Rot/LeafRot687.jpg,,,,,,disease-class=2_foliar_disease
LeafRot688,disease/Leaf Rot,Dataset/Coconut Tree Disease Dataset/Leaf Rot/LeafRot688.jpg,,,,,,disease-class=2_foliar_disease
LeafRot689,disease/Leaf Rot,Dataset/Coconut Tree Disease Dataset/Leaf Rot/LeafRot689.jpg,,,,,,disease-class=2_foliar_disease
LeafRot690,disease/Leaf Rot,Dataset/Coconut Tree Disease Dataset/Leaf Rot/LeafRot690.jpg,,,,,,disease-class=2_foliar_disease
LeafRot691,disease/Leaf Rot,Dataset/Coconut Tree Disease Dataset/Leaf Rot/LeafRot691.jpg,,,,,,disease-class=2_foliar_disease
LeafRot692,disease/Leaf Rot,Dataset/Coconut Tree Disease Dataset/Leaf Rot/LeafRot692.jpg,,,,,,disease-class=2_foliar_disease
LeafRot693,disease/Leaf Rot,Dataset/Coconut Tree Disease Dataset/Leaf Rot/LeafRot693.jpg,,,,,,disease-class=2_foliar_disease
LeafRot694,disease/Leaf Rot,Dataset/Coconut Tree Disease Dataset/Leaf Rot/LeafRot694.jpg,,,,,,disease-class=2_foliar_disease
LeafRot695,disease/Leaf Rot,Dataset/Coconut Tree Disease Dataset/Leaf Rot/LeafRot695.jpg,,,,,,disease-class=2_foliar_disease
LeafRot696,disease/Leaf Rot,Dataset/Coconut Tree Disease Dataset/Leaf Rot/LeafRot696.jpg,,,,,,disease-class=2_foliar_disease
LeafRot697,disease/Leaf Rot,Dataset/Coconut Tree Disease Dataset/Leaf Rot/LeafRot697.jpg,,,,,,disease-class=2_foliar_disease
LeafRot698,disease/Leaf Rot,Dataset/Coconut Tree Disease Dataset/Leaf Rot/LeafRot698.jpg,,,,,,disease-class=2_foliar_disease
LeafRot699,disease/Leaf Rot,Dataset/Coconut Tree Disease Dataset/Leaf Rot/LeafRot699.jpg,,,,,,disease-class=2_foliar_disease
LeafRot700,disease/Leaf Rot,Dataset/Coconut Tree Disease Dataset/Leaf Rot/LeafRot700.jpg,,,,,,disease-class=2_foliar_disease
LeafRot701,disease/Leaf Rot,Dataset/Coconut Tree Disease Dataset/Leaf Rot/LeafRot701.jpg,,,,,,disease-class=2_foliar_disease
LeafRot702,disease/Leaf Rot,Dataset/Coconut Tree Disease Dataset/Leaf Rot/LeafRot702.jpg,,,,,,disease-class=2_foliar_disease
LeafRot703,disease/Leaf Rot,Dataset/Coconut Tree Disease Dataset/Leaf Rot/LeafRot703.jpg,,,,,,disease-class=2_foliar_disease
LeafRot704,disease/Leaf Rot,Dataset/Coconut Tree Disease Dataset/Leaf Rot/LeafRot704.jpg,,,,,,disease-class=2_foliar_disease
LeafRot705,disease/Leaf Rot,Dataset/Coconut Tree Disease Dataset/Leaf Rot/LeafRot705.jpg,,,,,,disease-class=2_foliar_disease
LeafRot706,disease/Leaf Rot,Dataset/Coconut Tree Disease Dataset/Leaf Rot/LeafRot706.jpg,,,,,,disease-class=2_foliar_disease
LeafRot707,disease/Leaf Rot,Dataset/Coconut Tree Disease Dataset/Leaf Rot/LeafRot707.jpg,,,,,,disease-class=2_foliar_disease
LeafRot708,disease/Leaf Rot,Dataset/Coconut Tree Disease Dataset/Leaf Rot/LeafRot708.jpg,,,,,,disease-class=2_foliar_disease
LeafRot709,disease/Leaf Rot,Dataset/Coconut Tree Disease Dataset/Leaf Rot/LeafRot709.jpg,,,,,,disease-class=2_foliar_disease
LeafRot710,disease/Leaf Rot,Dataset/Coconut Tree Disease Dataset/Leaf Rot/LeafRot710.jpg,,,,,,disease-class=2_foliar_disease
LeafRot711,disease/Leaf Rot,Dataset/Coconut Tree Disease Dataset/Leaf Rot/LeafRot711.jpg,,,,,,disease-class=2_foliar_disease
LeafRot712,disease/Leaf Rot,Dataset/Coconut Tree Disease Dataset/Leaf Rot/LeafRot712.jpg,,,,,,disease-class=2_foliar_disease
LeafRot713,disease/Leaf Rot,Dataset/Coconut Tree Disease Dataset/Leaf Rot/LeafRot713.jpg,,,,,,disease-class=2_foliar_disease
LeafRot714,disease/Leaf Rot,Dataset/Coconut Tree Disease Dataset/Leaf Rot/LeafRot714.jpg,,,,,,disease-class=2_foliar_disease
LeafRot715,disease/Leaf Rot,Dataset/Coconut Tree Disease Dataset/Leaf Rot/LeafRot715.jpg,,,,,,disease-class=2_foliar_disease
LeafRot716,disease/Leaf Rot,Dataset/Coconut Tree Disease Dataset/Leaf Rot/LeafRot716.jpg,,,,,,disease-class=2_foliar_disease
LeafRot717,disease/Leaf Rot,Dataset/Coconut Tree Disease Dataset/Leaf Rot/LeafRot717.jpg,,,,,,disease-class=2_foliar_disease
LeafRot718,disease/Leaf Rot,Dataset/Coconut Tree Disease Dataset/Leaf Rot/LeafRot718.jpg,,,,,,disease-class=2_foliar_disease
LeafRot719,disease/Leaf Rot,Dataset/Coconut Tree Disease Dataset/Leaf Rot/LeafRot719.jpg,,,,,,disease-class=2_foliar_disease
LeafRot720,disease/Leaf Rot,Dataset/Coconut Tree Disease Dataset/Leaf Rot/LeafRot720.jpg,,,,,,disease-class=2_foliar_disease
LeafRot721,disease/Leaf Rot,Dataset/Coconut Tree Disease Dataset/Leaf Rot/LeafRot721.jpg,,,,,,disease-class=2_foliar_disease
LeafRot722,disease/Leaf Rot,Dataset/Coconut Tree Disease Dataset/Leaf Rot/LeafRot722.jpg,,,,,,disease-class=2_foliar_disease
LeafRot723,disease/Leaf Rot,Dataset/Coconut Tree Disease Dataset/Leaf Rot/LeafRot723.jpg,,,,,,disease-class=2_foliar_disease
LeafRot724,disease/Leaf Rot,Dataset/Coconut Tree Disease Dataset/Leaf Rot/LeafRot724.jpg,,,,,,disease-class=2_foliar_disease
LeafRot725,disease/Leaf Rot,Dataset/Coconut Tree Disease Dataset/Leaf Rot/LeafRot725.jpg,,,,,,disease-class=2_foliar_disease
LeafRot726,disease/Leaf Rot,Dataset/Coconut Tree Disease Dataset/Leaf Rot/LeafRot726.jpg,,,,,,disease-class=2_foliar_disease
LeafRot727,disease/Leaf Rot,Dataset/Coconut Tree Disease Dataset/Leaf Rot/LeafRot727.jpg,,,,,,disease-class=2_foliar_disease
LeafRot728,disease/Leaf Rot,Dataset/Coconut Tree Disease Dataset/Leaf Rot/LeafRot728.jpg,,,,,,disease-class=2_foliar_disease
LeafRot729,disease/Leaf Rot,Dataset/Coconut Tree Disease Dataset/Leaf Rot/LeafRot729.jpg,,,,,,disease-class=2_foliar_disease
LeafRot730,disease/Leaf Rot,Dataset/Coconut Tree Disease Dataset/Leaf Rot/LeafRot730.jpg,,,,,,disease-class=2_foliar_disease
LeafRot731,disease/Leaf Rot,Dataset/Coconut Tree Disease Dataset/Leaf Rot/LeafRot731.jpg,,,,,,disease-class=2_foliar_disease
LeafRot732,disease/Leaf Rot,Dataset/Coconut Tree Disease Dataset/Leaf Rot/LeafRot732.jpg,,,,,,disease-class=2_foliar_disease
LeafRot733,disease/Leaf Rot,Dataset/Coconut Tree Disease Dataset/Leaf Rot/LeafRot733.jpg,,,,,,disease-class=2_foliar_disease
LeafRot734,disease/Leaf Rot,Dataset/Coconut Tree Disease Dataset/Leaf Rot/LeafRot734.jpg,,,,,,disease-class=2_foliar_disease
LeafRot735,disease/Leaf Rot,Dataset/Coconut Tree Disease Dataset/Leaf Rot/LeafRot735.jpg,,,,,,disease-class=2_foliar_disease
LeafRot736,disease/Leaf Rot,Dataset/Coconut Tree Disease Dataset/Leaf Rot/LeafRot736.jpg,,,,,,disease-class=2_foliar_disease
LeafRot737,disease/Leaf Rot,Dataset/Coconut Tree Disease Dataset/Leaf Rot/LeafRot737.jpg,,,,,,disease-class=2_foliar_disease
LeafRot738,disease/Leaf Rot,Dataset/Coconut Tree Disease Dataset/Leaf Rot/LeafRot738.jpg,,,,,,disease-class=2_foliar_disease
LeafRot739,disease/Leaf Rot,Dataset/Coconut Tree Disease Dataset/Leaf Rot/LeafRot739.jpg,,,,,,disease-class=2_foliar_disease
LeafRot740,disease/Leaf Rot,Dataset/Coconut Tree Disease Dataset/Leaf Rot/LeafRot740.jpg,,,,,,disease-class=2_foliar_disease
LeafRot741,disease/Leaf Rot,Dataset/Coconut Tree Disease Dataset/Leaf Rot/LeafRot741.jpg,,,,,,disease-class=2_foliar_disease
LeafRot742,disease/Leaf Rot,Dataset/Coconut Tree Disease Dataset/Leaf Rot/LeafRot742.jpg,,,,,,disease-class=2_foliar_disease
LeafRot743,disease/Leaf Rot,Dataset/Coconut Tree Disease Dataset/Leaf Rot/LeafRot743.jpg,,,,,,disease-class=2_foliar_disease
LeafRot744,disease/Leaf Rot,Dataset/Coconut Tree Disease Dataset/Leaf Rot/LeafRot744.jpg,,,,,,disease-class=2_foliar_disease
LeafRot745,disease/Leaf Rot,Dataset/Coconut Tree Disease Dataset/Leaf Rot/LeafRot745.jpg,,,,,,disease-class=2_foliar_disease
LeafRot746,disease/Leaf Rot,Dataset/Coconut Tree Disease Dataset/Leaf Rot/LeafRot746.jpg,,,,,,disease-class=2_foliar_disease
LeafRot747,disease/Leaf Rot,Dataset/Coconut Tree Disease Dataset/Leaf Rot/LeafRot747.jpg,,,,,,disease-class=2_foliar_disease
LeafRot748,disease/Leaf Rot,Dataset/Coconut Tree Disease Dataset/Leaf Rot/LeafRot748.jpg,,,,,,disease-class=2_foliar_disease
LeafRot749,disease/Leaf Rot,Dataset/Coconut Tree Disease Dataset/Leaf Rot/LeafRot749.jpg,,,,,,disease-class=2_foliar_disease
LeafRot750,disease/Leaf Rot,Dataset/Coconut Tree Disease Dataset/Leaf Rot/LeafRot750.jpg,,,,,,disease-class=2_foliar_disease
LeafRot751,disease/Leaf Rot,Dataset/Coconut Tree Disease Dataset/Leaf Rot/LeafRot751.jpg,,,,,,disease-class=2_foliar_disease
LeafRot752,disease/Leaf Rot,Dataset/Coconut Tree Disease Dataset/Leaf Rot/LeafRot752.jpg,,,,,,disease-class=2_foliar_disease
LeafRot753,disease/Leaf Rot,Dataset/Coconut Tree Disease Dataset/Leaf Rot/LeafRot753.jpg,,,,,,disease-class=2_foliar_disease
LeafRot754,disease/Leaf Rot,Dataset/Coconut Tree Disease Dataset/Leaf Rot/LeafRot754.jpg,,,,,,disease-class=2_foliar_disease
LeafRot755,disease/Leaf Rot,Dataset/Coconut Tree Disease Dataset/Leaf Rot/LeafRot755.jpg,,,,,,disease-class=2_foliar_disease
LeafRot756,disease/Leaf Rot,Dataset/Coconut Tree Disease Dataset/Leaf Rot/LeafRot756.jpg,,,,,,disease-class=2_foliar_disease
LeafRot757,disease/Leaf Rot,Dataset/Coconut Tree Disease Dataset/Leaf Rot/LeafRot757.jpg,,,,,,disease-class=2_foliar_disease
LeafRot758,disease/Leaf Rot,Dataset/Coconut Tree Disease Dataset/Leaf Rot/LeafRot758.jpg,,,,,,disease-class=2_foliar_disease
LeafRot759,disease/Leaf Rot,Dataset/Coconut Tree Disease Dataset/Leaf Rot/LeafRot759.jpg,,,,,,disease-class=2_foliar_disease
LeafRot760,disease/Leaf Rot,Dataset/Coconut Tree Disease Dataset/Leaf Rot/LeafRot760.jpg,,,,,,disease-class=2_foliar_disease
LeafRot761,disease/Leaf Rot,Dataset/Coconut Tree Disease Dataset/Leaf Rot/LeafRot761.jpg,,,,,,disease-class=2_foliar_disease
LeafRot762,disease/Leaf Rot,Dataset/Coconut Tree Disease Dataset/Leaf Rot/LeafRot762.jpg,,,,,,disease-class=2_foliar_disease
LeafRot763,disease/Leaf Rot,Dataset/Coconut Tree Disease Dataset/Leaf Rot/LeafRot763.jpg,,,,,,disease-class=2_foliar_disease
LeafRot764,disease/Leaf Rot,Dataset/Coconut Tree Disease Dataset/Leaf Rot/LeafRot764.jpg,,,,,,disease-class=2_foliar_disease
LeafRot765,disease/Leaf Rot,Dataset/Coconut Tree Disease Dataset/Leaf Rot/LeafRot765.jpg,,,,,,disease-class=2_foliar_disease
LeafRot766,disease/Leaf Rot,Dataset/Coconut Tree Disease Dataset/Leaf Rot/LeafRot766.jpg,,,,,,disease-class=2_foliar_disease
LeafRot767,disease/Leaf Rot,Dataset/Coconut Tree Disease Dataset/Leaf Rot/LeafRot767.jpg,,,,,,disease-class=2_foliar_disease
LeafRot768,disease/Leaf Rot,Dataset/Coconut Tree Disease Dataset/Leaf Rot/LeafRot768.jpg,,,,,,disease-class=2_foliar_disease
LeafRot769,disease/Leaf Rot,Dataset/Coconut Tree Disease Dataset/Leaf Rot/LeafRot769.jpg,,,,,,disease-class=2_foliar_disease
LeafRot770,disease/Leaf Rot,Dataset/Coconut Tree Disease Dataset/Leaf Rot/LeafRot770.jpg,,,,,,disease-class=2_foliar_disease
LeafRot771,disease/Leaf Rot,Dataset/Coconut Tree Disease Dataset/Leaf Rot/LeafRot771.jpg,,,,,,disease-class=2_foliar_disease
LeafRot772,disease/Leaf Rot,Dataset/Coconut Tree Disease Dataset/Leaf Rot/LeafRot772.jpg,,,,,,disease-class=2_foliar_disease
LeafRot773,disease/Leaf Rot,Dataset/Coconut Tree Disease Dataset/Leaf Rot/LeafRot773.jpg,,,,,,disease-class=2_foliar_disease
LeafRot774,disease/Leaf Rot,Dataset/Coconut Tree Disease Dataset/Leaf Rot/LeafRot774.jpg,,,,,,disease-class=2_foliar_disease
LeafRot775,disease/Leaf Rot,Dataset/Coconut Tree Disease Dataset/Leaf Rot/LeafRot775.jpg,,,,,,disease-class=2_foliar_disease
LeafRot776,disease/Leaf Rot,Dataset/Coconut Tree Disease Dataset/Leaf Rot/LeafRot776.jpg,,,,,,disease-class=2_foliar_disease
LeafRot777,disease/Leaf Rot,Dataset/Coconut Tree Disease Dataset/Leaf Rot/LeafRot777.jpg,,,,,,disease-class=2_foliar_disease
LeafRot778,disease/Leaf Rot,Dataset/Coconut Tree Disease Dataset/Leaf Rot/LeafRot778.jpg,,,,,,disease-class=2_foliar_disease
LeafRot779,disease/Leaf Rot,Dataset/Coconut Tree Disease Dataset/Leaf Rot/LeafRot779.jpg,,,,,,disease-class=2_foliar_disease
LeafRot780,disease/Leaf Rot,Dataset/Coconut Tree Disease Dataset/Leaf Rot/LeafRot780.jpg,,,,,,disease-class=2_foliar_disease
LeafRot781,disease/Leaf Rot,Dataset/Coconut Tree Disease Dataset/Leaf Rot/LeafRot781.jpg,,,,,,disease-class=2_foliar_disease
LeafRot782,disease/Leaf Rot,Dataset/Coconut Tree Disease Dataset/Leaf Rot/LeafRot782.jpg,,,,,,disease-class=2_foliar_disease
LeafRot783,disease/Leaf Rot,Dataset/Coconut Tree Disease Dataset/Leaf Rot/LeafRot783.jpg,,,,,,disease-class=2_foliar_disease
LeafRot784,disease/Leaf Rot,Dataset/Coconut Tree Disease Dataset/Leaf Rot/LeafRot784.jpg,,,,,,disease-class=2_foliar_disease
LeafRot785,disease/Leaf Rot,Dataset/Coconut Tree Disease Dataset/Leaf Rot/LeafRot785.jpg,,,,,,disease-class=2_foliar_disease
LeafRot786,disease/Leaf Rot,Dataset/Coconut Tree Disease Dataset/Leaf Rot/LeafRot786.jpg,,,,,,disease-class=2_foliar_disease
LeafRot787,disease/Leaf Rot,Dataset/Coconut Tree Disease Dataset/Leaf Rot/LeafRot787.jpg,,,,,,disease-class=2_foliar_disease
LeafRot788,disease/Leaf Rot,Dataset/Coconut Tree Disease Dataset/Leaf Rot/LeafRot788.jpg,,,,,,disease-class=2_foliar_disease
LeafRot789,disease/Leaf Rot,Dataset/Coconut Tree Disease Dataset/Leaf Rot/LeafRot789.jpg,,,,,,disease-class=2_foliar_disease
LeafRot790,disease/Leaf Rot,Dataset/Coconut Tree Disease Dataset/Leaf Rot/LeafRot790.jpg,,,,,,disease-class=2_foliar_disease
LeafRot791,disease/Leaf Rot,Dataset/Coconut Tree Disease Dataset/Leaf Rot/LeafRot791.jpg,,,,,,disease-class=2_foliar_disease
LeafRot792,disease/Leaf Rot,Dataset/Coconut Tree Disease Dataset/Leaf Rot/LeafRot792.jpg,,,,,,disease-class=2_foliar_disease
LeafRot793,disease/Leaf Rot,Dataset/Coconut Tree Disease Dataset/Leaf Rot/LeafRot793.jpg,,,,,,disease-class=2_foliar_disease
LeafRot794,disease/Leaf Rot,Dataset/Coconut Tree Disease Dataset/Leaf Rot/LeafRot794.jpg,,,,,,disease-class=2_foliar_disease
LeafRot795,disease/Leaf Rot,Dataset/Coconut Tree Disease Dataset/Leaf Rot/LeafRot795.jpg,,,,,,disease-class=2_foliar_disease
LeafRot796,disease/Leaf Rot,Dataset/Coconut Tree Disease Dataset/Leaf Rot/LeafRot796.jpg,,,,,,disease-class=2_foliar_disease
LeafRot797,disease/Leaf Rot,Dataset/Coconut Tree Disease Dataset/Leaf Rot/LeafRot797.jpg,,,,,,disease-class=2_foliar_disease
LeafRot798,disease/Leaf Rot,Dataset/Coconut Tree Disease Dataset/Leaf Rot/LeafRot798.jpg,,,,,,disease-class=2_foliar_disease
LeafRot799,disease/Leaf Rot,Dataset/Coconut Tree Disease Dataset/Leaf Rot/LeafRot799.jpg,,,,,,disease-class=2_foliar_disease
LeafRot800,disease/Leaf Rot,Dataset/Coconut Tree Disease Dataset/Leaf Rot/LeafRot800.jpg,,,,,,disease-class=2_foliar_disease
LeafRot801,disease/Leaf Rot,Dataset/Coconut Tree Disease Dataset/Leaf Rot/LeafRot801.jpg,,,,,,disease-class=2_foliar_disease
LeafRot802,disease/Leaf Rot,Dataset/Coconut Tree Disease Dataset/Leaf Rot/LeafRot802.jpg,,,,,,disease-class=2_foliar_disease
LeafRot803,disease/Leaf Rot,Dataset/Coconut Tree Disease Dataset/Leaf Rot/LeafRot803.jpg,,,,,,disease-class=2_foliar_disease
LeafRot804,disease/Leaf Rot,Dataset/Coconut Tree Disease Dataset/Leaf Rot/LeafRot804.jpg,,,,,,disease-class=2_foliar_disease
LeafRot805,disease/Leaf Rot,Dataset/Coconut Tree Disease Dataset/Leaf Rot/LeafRot805.jpg,,,,,,disease-class=2_foliar_disease
LeafRot806,disease/Leaf Rot,Dataset/Coconut Tree Disease Dataset/Leaf Rot/LeafRot806.jpg,,,,,,disease-class=2_foliar_disease
LeafRot807,disease/Leaf Rot,Dataset/Coconut Tree Disease Dataset/Leaf Rot/LeafRot807.jpg,,,,,,disease-class=2_foliar_disease
LeafRot808,disease/Leaf Rot,Dataset/Coconut Tree Disease Dataset/Leaf Rot/LeafRot808.jpg,,,,,,disease-class=2_foliar_disease
LeafRot809,disease/Leaf Rot,Dataset/Coconut Tree Disease Dataset/Leaf Rot/LeafRot809.jpg,,,,,,disease-class=2_foliar_disease
LeafRot810,disease/Leaf Rot,Dataset/Coconut Tree Disease Dataset/Leaf Rot/LeafRot810.jpg,,,,,,disease-class=2_foliar_disease
LeafRot811,disease/Leaf Rot,Dataset/Coconut Tree Disease Dataset/Leaf Rot/LeafRot811.jpg,,,,,,disease-class=2_foliar_disease
LeafRot812,disease/Leaf Rot,Dataset/Coconut Tree Disease Dataset/Leaf Rot/LeafRot812.jpg,,,,,,disease-class=2_foliar_disease
LeafRot813,disease/Leaf Rot,Dataset/Coconut Tree Disease Dataset/Leaf Rot/LeafRot813.jpg,,,,,,disease-class=2_foliar_disease
LeafRot814,disease/Leaf Rot,Dataset/Coconut Tree Disease Dataset/Leaf Rot/LeafRot814.jpg,,,,,,disease-class=2_foliar_disease
LeafRot815,disease/Leaf Rot,Dataset/Coconut Tree Disease Dataset/Leaf Rot/LeafRot815.jpg,,,,,,disease-class=2_foliar_disease
LeafRot816,disease/Leaf Rot,Dataset/Coconut Tree Disease Dataset/Leaf Rot/LeafRot816.jpg,,,,,,disease-class=2_foliar_disease
LeafRot817,disease/Leaf Rot,Dataset/Coconut Tree Disease Dataset/Leaf Rot/LeafRot817.jpg,,,,,,disease-class=2_foliar_disease
LeafRot818,disease/Leaf Rot,Dataset/Coconut Tree Disease Dataset/Leaf Rot/LeafRot818.jpg,,,,,,disease-class=2_foliar_disease
LeafRot819,disease/Leaf Rot,Dataset/Coconut Tree Disease Dataset/Leaf Rot/LeafRot819.jpg,,,,,,disease-class=2_foliar_disease
LeafRot820,disease/Leaf Rot,Dataset/Coconut Tree Disease Dataset/Leaf Rot/LeafRot820.jpg,,,,,,disease-class=2_foliar_disease
LeafRot821,disease/Leaf Rot,Dataset/Coconut Tree Disease Dataset/Leaf Rot/LeafRot821.jpg,,,,,,disease-class=2_foliar_disease
LeafRot822,disease/Leaf Rot,Dataset/Coconut Tree Disease Dataset/Leaf Rot/LeafRot822.jpg,,,,,,disease-class=2_foliar_disease
LeafRot823,disease/Leaf Rot,Dataset/Coconut Tree Disease Dataset/Leaf Rot/LeafRot823.jpg,,,,,,disease-class=2_foliar_disease
LeafRot824,disease/Leaf Rot,Dataset/Coconut Tree Disease Dataset/Leaf Rot/LeafRot824.jpg,,,,,,disease-class=2_foliar_disease
LeafRot825,disease/Leaf Rot,Dataset/Coconut Tree Disease Dataset/Leaf Rot/LeafRot825.jpg,,,,,,disease-class=2_foliar_disease
LeafRot826,disease/Leaf Rot,Dataset/Coconut Tree Disease Dataset/Leaf Rot/LeafRot826.jpg,,,,,,disease-class=2_foliar_disease
LeafRot827,disease/Leaf Rot,Dataset/Coconut Tree Disease Dataset/Leaf Rot/LeafRot827.jpg,,,,,,disease-class=2_foliar_disease
LeafRot828,disease/Leaf Rot,Dataset/Coconut Tree Disease Dataset/Leaf Rot/LeafRot828.jpg,,,,,,disease-class=2_foliar_disease
LeafRot829,disease/Leaf Rot,Dataset/Coconut Tree Disease Dataset/Leaf Rot/LeafRot829.jpg,,,,,,disease-class=2_foliar_disease
LeafRot830,disease/Leaf Rot,Dataset/Coconut Tree Disease Dataset/Leaf Rot/LeafRot830.jpg,,,,,,disease-class=2_foliar_disease
LeafRot831,disease/Leaf Rot,Dataset/Coconut Tree Disease Dataset/Leaf Rot/LeafRot831.jpg,,,,,,disease-class=2_foliar_disease
LeafRot832,disease/Leaf Rot,Dataset/Coconut Tree Disease Dataset/Leaf Rot/LeafRot832.jpg,,,,,,disease-class=2_foliar_disease
LeafRot833,disease/Leaf Rot,Dataset/Coconut Tree Disease Dataset/Leaf Rot/LeafRot833.jpg,,,,,,disease-class=2_foliar_disease
LeafRot834,disease/Leaf Rot,Dataset/Coconut Tree Disease Dataset/Leaf Rot/LeafRot834.jpg,,,,,,disease-class=2_foliar_disease
LeafRot835,disease/Leaf Rot,Dataset/Coconut Tree Disease Dataset/Leaf Rot/LeafRot835.jpg,,,,,,disease-class=2_foliar_disease
LeafRot836,disease/Leaf Rot,Dataset/Coconut Tree Disease Dataset/Leaf Rot/LeafRot836.jpg,,,,,,disease-class=2_foliar_disease
LeafRot837,disease/Leaf Rot,Dataset/Coconut Tree Disease Dataset/Leaf Rot/LeafRot837.jpg,,,,,,disease-class=2_foliar_disease
LeafRot838,disease/Leaf Rot,Dataset/Coconut Tree Disease Dataset/Leaf Rot/LeafRot838.jpg,,,,,,disease-class=2_foliar_disease
LeafRot839,disease/Leaf Rot,Dataset/Coconut Tree Disease Dataset/Leaf Rot/LeafRot839.jpg,,,,,,disease-class=2_foliar_disease
LeafRot840,disease/Leaf Rot,Dataset/Coconut Tree Disease Dataset/Leaf Rot/LeafRot840.jpg,,,,,,disease-class=2_foliar_disease
LeafRot841,disease/Leaf Rot,Dataset/Coconut Tree Disease Dataset/Leaf Rot/LeafRot841.jpg,,,,,,disease-class=2_foliar_disease
LeafRot842,disease/Leaf Rot,Dataset/Coconut Tree Disease Dataset/Leaf Rot/LeafRot842.jpg,,,,,,disease-class=2_foliar_disease
LeafRot843,disease/Leaf Rot,Dataset/Coconut Tree Disease Dataset/Leaf Rot/LeafRot843.jpg,,,,,,disease-class=2_foliar_disease
LeafRot844,disease/Leaf Rot,Dataset/Coconut Tree Disease Dataset/Leaf Rot/LeafRot844.jpg,,,,,,disease-class=2_foliar_disease
LeafRot845,disease/Leaf Rot,Dataset/Coconut Tree Disease Dataset/Leaf Rot/LeafRot845.jpg,,,,,,disease-class=2_foliar_disease
LeafRot846,disease/Leaf Rot,Dataset/Coconut Tree Disease Dataset/Leaf Rot/LeafRot846.jpg,,,,,,disease-class=2_foliar_disease
LeafRot847,disease/Leaf Rot,Dataset/Coconut Tree Disease Dataset/Leaf Rot/LeafRot847.jpg,,,,,,disease-class=2_foliar_disease
LeafRot848,disease/Leaf Rot,Dataset/Coconut Tree Disease Dataset/Leaf Rot/LeafRot848.jpg,,,,,,disease-class=2_foliar_disease
LeafRot849,disease/Leaf Rot,Dataset/Coconut Tree Disease Dataset/Leaf Rot/LeafRot849.jpg,,,,,,disease-class=2_foliar_disease
LeafRot850,disease/Leaf Rot,Dataset/Coconut Tree Disease Dataset/Leaf Rot/LeafRot850.jpg,,,,,,disease-class=2_foliar_disease
LeafRot851,disease/Leaf Rot,Dataset/Coconut Tree Disease Dataset/Leaf Rot/LeafRot851.jpg,,,,,,disease-class=2_foliar_disease
LeafRot852,disease/Leaf Rot,Dataset/Coconut Tree Disease Dataset/Leaf Rot/LeafRot852.jpg,,,,,,disease-class=2_foliar_disease
LeafRot853,disease/Leaf Rot,Dataset/Coconut Tree Disease Dataset/Leaf Rot/LeafRot853.jpg,,,,,,disease-class=2_foliar_disease
LeafRot854,disease/Leaf Rot,Dataset/Coconut Tree Disease Dataset/Leaf Rot/LeafRot854.jpg,,,,,,disease-class=2_foliar_disease
LeafRot855,disease/Leaf Rot,Dataset/Coconut Tree Disease Dataset/Leaf Rot/LeafRot855.jpg,,,,,,disease-class=2_foliar_disease
LeafRot856,disease/Leaf Rot,Dataset/Coconut Tree Disease Dataset/Leaf Rot/LeafRot856.jpg,,,,,,disease-class=2_foliar_disease
LeafRot857,disease/Leaf Rot,Dataset/Coconut Tree Disease Dataset/Leaf Rot/LeafRot857.jpg,,,,,,disease-class=2_foliar_disease
LeafRot858,disease/Leaf Rot,Dataset/Coconut Tree Disease Dataset/Leaf Rot/LeafRot858.jpg,,,,,,disease-class=2_foliar_disease
LeafRot859,disease/Leaf Rot,Dataset/Coconut Tree Disease Dataset/Leaf Rot/LeafRot859.jpg,,,,,,disease-class=2_foliar_disease
LeafRot860,disease/Leaf Rot,Dataset/Coconut Tree Disease Dataset/Leaf Rot/LeafRot860.jpg,,,,,,disease-class=2_foliar_disease
LeafRot861,disease/Leaf Rot,Dataset/Coconut Tree Disease Dataset/Leaf Rot/LeafRot861.jpg,,,,,,disease-class=2_foliar_disease
LeafRot862,disease/Leaf Rot,Dataset/Coconut Tree Disease Dataset/Leaf Rot/LeafRot862.jpg,,,,,,disease-class=2_foliar_disease
LeafRot863,disease/Leaf Rot,Dataset/Coconut Tree Disease Dataset/Leaf Rot/LeafRot863.jpg,,,,,,disease-class=2_foliar_disease
LeafRot864,disease/Leaf Rot,Dataset/Coconut Tree Disease Dataset/Leaf Rot/LeafRot864.jpg,,,,,,disease-class=2_foliar_disease
LeafRot865,disease/Leaf Rot,Dataset/Coconut Tree Disease Dataset/Leaf Rot/LeafRot865.jpg,,,,,,disease-class=2_foliar_disease
LeafRot866,disease/Leaf Rot,Dataset/Coconut Tree Disease Dataset/Leaf Rot/LeafRot866.jpg,,,,,,disease-class=2_foliar_disease
LeafRot867,disease/Leaf Rot,Dataset/Coconut Tree Disease Dataset/Leaf Rot/LeafRot867.jpg,,,,,,disease-class=2_foliar_disease
LeafRot868,disease/Leaf Rot,Dataset/Coconut Tree Disease Dataset/Leaf Rot/LeafRot868.jpg,,,,,,disease-class=2_foliar_disease
LeafRot869,disease/Leaf Rot,Dataset/Coconut Tree Disease Dataset/Leaf Rot/LeafRot869.jpg,,,,,,disease-class=2_foliar_disease
LeafRot870,disease/Leaf Rot,Dataset/Coconut Tree Disease Dataset/Leaf Rot/LeafRot870.jpg,,,,,,disease-class=2_foliar_disease
LeafRot871,disease/Leaf Rot,Dataset/Coconut Tree Disease Dataset/Leaf Rot/LeafRot871.jpg,,,,,,disease-class=2_foliar_disease
LeafRot872,disease/Leaf Rot,Dataset/Coconut Tree Disease Dataset/Leaf Rot/LeafRot872.jpg,,,,,,disease-class=2_foliar_disease
LeafRot873,disease/Leaf Rot,Dataset/Coconut Tree Disease Dataset/Leaf Rot/LeafRot873.jpg,,,,,,disease-class=2_foliar_disease
LeafRot874,disease/Leaf Rot,Dataset/Coconut Tree Disease Dataset/Leaf Rot/LeafRot874.jpg,,,,,,disease-class=2_foliar_disease
LeafRot875,disease/Leaf Rot,Dataset/Coconut Tree Disease Dataset/Leaf Rot/LeafRot875.jpg,,,,,,disease-class=2_foliar_disease
LeafRot876,disease/Leaf Rot,Dataset/Coconut Tree Disease Dataset/Leaf Rot/LeafRot876.jpg,,,,,,disease-class=2_foliar_disease
LeafRot877,disease/Leaf Rot,Dataset/Coconut Tree Disease Dataset/Leaf Rot/LeafRot877.jpg,,,,,,disease-class=2_foliar_disease
LeafRot878,disease/Leaf Rot,Dataset/Coconut Tree Disease Dataset/Leaf Rot/LeafRot878.jpg,,,,,,disease-class=2_foliar_disease
LeafRot879,disease/Leaf Rot,Dataset/Coconut Tree Disease Dataset/Leaf Rot/LeafRot879.jpg,,,,,,disease-class=2_foliar_disease
LeafRot880,disease/Leaf Rot,Dataset/Coconut Tree Disease Dataset/Leaf Rot/LeafRot880.jpg,,,,,,disease-class=2_foliar_disease
LeafRot881,disease/Leaf Rot,Dataset/Coconut Tree Disease Dataset/Leaf Rot/LeafRot881.jpg,,,,,,disease-class=2_foliar_disease
LeafRot882,disease/Leaf Rot,Dataset/Coconut Tree Disease Dataset/Leaf Rot/LeafRot882.jpg,,,,,,disease-class=2_foliar_disease
LeafRot883,disease/Leaf Rot,Dataset/Coconut Tree Disease Dataset/Leaf Rot/LeafRot883.jpg,,,,,,disease-class=2_foliar_disease
LeafRot884,disease/Leaf Rot,Dataset/Coconut Tree Disease Dataset/Leaf Rot/LeafRot884.jpg,,,,,,disease-class=2_foliar_disease
LeafRot885,disease/Leaf Rot,Dataset/Coconut Tree Disease Dataset/Leaf Rot/LeafRot885.jpg,,,,,,disease-class=2_foliar_disease
LeafRot886,disease/Leaf Rot,Dataset/Coconut Tree Disease Dataset/Leaf Rot/LeafRot886.jpg,,,,,,disease-class=2_foliar_disease
LeafRot887,disease/Leaf Rot,Dataset/Coconut Tree Disease Dataset/Leaf Rot/LeafRot887.jpg,,,,,,disease-class=2_foliar_disease
LeafRot888,disease/Leaf Rot,Dataset/Coconut Tree Disease Dataset/Leaf Rot/LeafRot888.jpg,,,,,,disease-class=2_foliar_disease
LeafRot889,disease/Leaf Rot,Dataset/Coconut Tree Disease Dataset/Leaf Rot/LeafRot889.jpg,,,,,,disease-class=2_foliar_disease
LeafRot890,disease/Leaf Rot,Dataset/Coconut Tree Disease Dataset/Leaf Rot/LeafRot890.jpg,,,,,,disease-class=2_foliar_disease
LeafRot891,disease/Leaf Rot,Dataset/Coconut Tree Disease Dataset/Leaf Rot/LeafRot891.jpg,,,,,,disease-class=2_foliar_disease
LeafRot892,disease/Leaf Rot,Dataset/Coconut Tree Disease Dataset/Leaf Rot/LeafRot892.jpg,,,,,,disease-class=2_foliar_disease
LeafRot893,disease/Leaf Rot,Dataset/Coconut Tree Disease Dataset/Leaf Rot/LeafRot893.jpg,,,,,,disease-class=2_foliar_disease
LeafRot894,disease/Leaf Rot,Dataset/Coconut Tree Disease Dataset/Leaf Rot/LeafRot894.jpg,,,,,,disease-class=2_foliar_disease
LeafRot895,disease/Leaf Rot,Dataset/Coconut Tree Disease Dataset/Leaf Rot/LeafRot895.jpg,,,,,,disease-class=2_foliar_disease
LeafRot896,disease/Leaf Rot,Dataset/Coconut Tree Disease Dataset/Leaf Rot/LeafRot896.jpg,,,,,,disease-class=2_foliar_disease
LeafRot897,disease/Leaf Rot,Dataset/Coconut Tree Disease Dataset/Leaf Rot/LeafRot897.jpg,,,,,,disease-class=2_foliar_disease
LeafRot898,disease/Leaf Rot,Dataset/Coconut Tree Disease Dataset/Leaf Rot/LeafRot898.jpg,,,,,,disease-class=2_foliar_disease
LeafRot899,disease/Leaf Rot,Dataset/Coconut Tree Disease Dataset/Leaf Rot/LeafRot899.jpg,,,,,,disease-class=2_foliar_disease
LeafRot900,disease/Leaf Rot,Dataset/Coconut Tree Disease Dataset/Leaf Rot/LeafRot900.jpg,,,,,,disease-class=2_foliar_disease
LeafRot901,disease/Leaf Rot,Dataset/Coconut Tree Disease Dataset/Leaf Rot/LeafRot901.jpg,,,,,,disease-class=2_foliar_disease
LeafRot902,disease/Leaf Rot,Dataset/Coconut Tree Disease Dataset/Leaf Rot/LeafRot902.jpg,,,,,,disease-class=2_foliar_disease
LeafRot903,disease/Leaf Rot,Dataset/Coconut Tree Disease Dataset/Leaf Rot/LeafRot903.jpg,,,,,,disease-class=2_foliar_disease
LeafRot904,disease/Leaf Rot,Dataset/Coconut Tree Disease Dataset/Leaf Rot/LeafRot904.jpg,,,,,,disease-class=2_foliar_disease
LeafRot905,disease/Leaf Rot,Dataset/Coconut Tree Disease Dataset/Leaf Rot/LeafRot905.jpg,,,,,,disease-class=2_foliar_disease
LeafRot906,disease/Leaf Rot,Dataset/Coconut Tree Disease Dataset/Leaf Rot/LeafRot906.jpg,,,,,,disease-class=2_foliar_disease
LeafRot907,disease/Leaf Rot,Dataset/Coconut Tree Disease Dataset/Leaf Rot/LeafRot907.jpg,,,,,,disease-class=2_foliar_disease
LeafRot908,disease/Leaf Rot,Dataset/Coconut Tree Disease Dataset/Leaf Rot/LeafRot908.jpg,,,,,,disease-class=2_foliar_disease
LeafRot909,disease/Leaf Rot,Dataset/Coconut Tree Disease Dataset/Leaf Rot/LeafRot909.jpg,,,,,,disease-class=2_foliar_disease
LeafRot910,disease/Leaf Rot,Dataset/Coconut Tree Disease Dataset/Leaf Rot/LeafRot910.jpg,,,,,,disease-class=2_foliar_disease
LeafRot911,disease/Leaf Rot,Dataset/Coconut Tree Disease Dataset/Leaf Rot/LeafRot911.jpg,,,,,,disease-class=2_foliar_disease
LeafRot912,disease/Leaf Rot,Dataset/Coconut Tree Disease Dataset/Leaf Rot/LeafRot912.jpg,,,,,,disease-class=2_foliar_disease
LeafRot913,disease/Leaf Rot,Dataset/Coconut Tree Disease Dataset/Leaf Rot/LeafRot913.jpg,,,,,,disease-class=2_foliar_disease
LeafRot914,disease/Leaf Rot,Dataset/Coconut Tree Disease Dataset/Leaf Rot/LeafRot914.jpg,,,,,,disease-class=2_foliar_disease
LeafRot915,disease/Leaf Rot,Dataset/Coconut Tree Disease Dataset/Leaf Rot/LeafRot915.jpg,,,,,,disease-class=2_foliar_disease
LeafRot916,disease/Leaf Rot,Dataset/Coconut Tree Disease Dataset/Leaf Rot/LeafRot916.jpg,,,,,,disease-class=2_foliar_disease
LeafRot917,disease/Leaf Rot,Dataset/Coconut Tree Disease Dataset/Leaf Rot/LeafRot917.jpg,,,,,,disease-class=2_foliar_disease
LeafRot918,disease/Leaf Rot,Dataset/Coconut Tree Disease Dataset/Leaf Rot/LeafRot918.jpg,,,,,,disease-class=2_foliar_disease
LeafRot919,disease/Leaf Rot,Dataset/Coconut Tree Disease Dataset/Leaf Rot/LeafRot919.jpg,,,,,,disease-class=2_foliar_disease
LeafRot920,disease/Leaf Rot,Dataset/Coconut Tree Disease Dataset/Leaf Rot/LeafRot920.jpg,,,,,,disease-class=2_foliar_disease
LeafRot921,disease/Leaf Rot,Dataset/Coconut Tree Disease Dataset/Leaf Rot/LeafRot921.jpg,,,,,,disease-class=2_foliar_disease
LeafRot922,disease/Leaf Rot,Dataset/Coconut Tree Disease Dataset/Leaf Rot/LeafRot922.jpg,,,,,,disease-class=2_foliar_disease
LeafRot923,disease/Leaf Rot,Dataset/Coconut Tree Disease Dataset/Leaf Rot/LeafRot923.jpg,,,,,,disease-class=2_foliar_disease
LeafRot924,disease/Leaf Rot,Dataset/Coconut Tree Disease Dataset/Leaf Rot/LeafRot924.jpg,,,,,,disease-class=2_foliar_disease
LeafRot925,disease/Leaf Rot,Dataset/Coconut Tree Disease Dataset/Leaf Rot/LeafRot925.jpg,,,,,,disease-class=2_foliar_disease
LeafRot926,disease/Leaf Rot,Dataset/Coconut Tree Disease Dataset/Leaf Rot/LeafRot926.jpg,,,,,,disease-class=2_foliar_disease
LeafRot927,disease/Leaf Rot,Dataset/Coconut Tree Disease Dataset/Leaf Rot/LeafRot927.jpg,,,,,,disease-class=2_foliar_disease
LeafRot928,disease/Leaf Rot,Dataset/Coconut Tree Disease Dataset/Leaf Rot/LeafRot928.jpg,,,,,,disease-class=2_foliar_disease
LeafRot929,disease/Leaf Rot,Dataset/Coconut Tree Disease Dataset/Leaf Rot/LeafRot929.jpg,,,,,,disease-class=2_foliar_disease
LeafRot930,disease/Leaf Rot,Dataset/Coconut Tree Disease Dataset/Leaf Rot/LeafRot930.jpg,,,,,,disease-class=2_foliar_disease
LeafRot931,disease/Leaf Rot,Dataset/Coconut Tree Disease Dataset/Leaf Rot/LeafRot931.jpg,,,,,,disease-class=2_foliar_disease
LeafRot932,disease/Leaf Rot,Dataset/Coconut Tree Disease Dataset/Leaf Rot/LeafRot932.jpg,,,,,,disease-class=2_foliar_disease
LeafRot933,disease/Leaf Rot,Dataset/Coconut Tree Disease Dataset/Leaf Rot/LeafRot933.jpg,,,,,,disease-class=2_foliar_disease
LeafRot934,disease/Leaf Rot,Dataset/Coconut Tree Disease Dataset/Leaf Rot/LeafRot934.jpg,,,,,,disease-class=2_foliar_disease
LeafRot935,disease/Leaf Rot,Dataset/Coconut Tree Disease Dataset/Leaf Rot/LeafRot935.jpg,,,,,,disease-class=2_foliar_disease
LeafRot936,disease/Leaf Rot,Dataset/Coconut Tree Disease Dataset/Leaf Rot/LeafRot936.jpg,,,,,,disease-class=2_foliar_disease
LeafRot937,disease/Leaf Rot,Dataset/Coconut Tree Disease Dataset/Leaf Rot/LeafRot937.jpg,,,,,,disease-class=2_foliar_disease
LeafRot938,disease/Leaf Rot,Dataset/Coconut Tree Disease Dataset/Leaf Rot/LeafRot938.jpg,,,,,,disease-class=2_foliar_disease
LeafRot939,disease/Leaf Rot,Dataset/Coconut Tree Disease Dataset/Leaf Rot/LeafRot939.jpg,,,,,,disease-class=2_foliar_disease
LeafRot940,disease/Leaf Rot,Dataset/Coconut Tree Disease Dataset/Leaf Rot/LeafRot940.jpg,,,,,,disease-class=2_foliar_disease
LeafRot941,disease/Leaf Rot,Dataset/Coconut Tree Disease Dataset/Leaf Rot/LeafRot941.jpg,,,,,,disease-class=2_foliar_disease
LeafRot942,disease/Leaf Rot,Dataset/Coconut Tree Disease Dataset/Leaf Rot/LeafRot942.jpg,,,,,,disease-class=2_foliar_disease
LeafRot943,disease/Leaf Rot,Dataset/Coconut Tree Disease Dataset/Leaf Rot/LeafRot943.jpg,,,,,,disease-class=2_foliar_disease
LeafRot944,disease/Leaf Rot,Dataset/Coconut Tree Disease Dataset/Leaf Rot/LeafRot944.jpg,,,,,,disease-class=2_foliar_disease
LeafRot945,disease/Leaf Rot,Dataset/Coconut Tree Disease Dataset/Leaf Rot/LeafRot945.jpg,,,,,,disease-class=2_foliar_disease
LeafRot946,disease/Leaf Rot,Dataset/Coconut Tree Disease Dataset/Leaf Rot/LeafRot946.jpg,,,,,,disease-class=2_foliar_disease
LeafRot947,disease/Leaf Rot,Dataset/Coconut Tree Disease Dataset/Leaf Rot/LeafRot947.jpg,,,,,,disease-class=2_foliar_disease
LeafRot948,disease/Leaf Rot,Dataset/Coconut Tree Disease Dataset/Leaf Rot/LeafRot948.jpg,,,,,,disease-class=2_foliar_disease
LeafRot949,disease/Leaf Rot,Dataset/Coconut Tree Disease Dataset/Leaf Rot/LeafRot949.jpg,,,,,,disease-class=2_foliar_disease
LeafRot950,disease/Leaf Rot,Dataset/Coconut Tree Disease Dataset/Leaf Rot/LeafRot950.jpg,,,,,,disease-class=2_foliar_disease
LeafRot951,disease/Leaf Rot,Dataset/Coconut Tree Disease Dataset/Leaf Rot/LeafRot951.jpg,,,,,,disease-class=2_foliar_disease
LeafRot952,disease/Leaf Rot,Dataset/Coconut Tree Disease Dataset/Leaf Rot/LeafRot952.jpg,,,,,,disease-class=2_foliar_disease
LeafRot953,disease/Leaf Rot,Dataset/Coconut Tree Disease Dataset/Leaf Rot/LeafRot953.jpg,,,,,,disease-class=2_foliar_disease
LeafRot954,disease/Leaf Rot,Dataset/Coconut Tree Disease Dataset/Leaf Rot/LeafRot954.jpg,,,,,,disease-class=2_foliar_disease
LeafRot955,disease/Leaf Rot,Dataset/Coconut Tree Disease Dataset/Leaf Rot/LeafRot955.jpg,,,,,,disease-class=2_foliar_disease
LeafRot956,disease/Leaf Rot,Dataset/Coconut Tree Disease Dataset/Leaf Rot/LeafRot956.jpg,,,,,,disease-class=2_foliar_disease
LeafRot957,disease/Leaf Rot,Dataset/Coconut Tree Disease Dataset/Leaf Rot/LeafRot957.jpg,,,,,,disease-class=2_foliar_disease
LeafRot958,disease/Leaf Rot,Dataset/Coconut Tree Disease Dataset/Leaf Rot/LeafRot958.jpg,,,,,,disease-class=2_foliar_disease
LeafRot959,disease/Leaf Rot,Dataset/Coconut Tree Disease Dataset/Leaf Rot/LeafRot959.jpg,,,,,,disease-class=2_foliar_disease
LeafRot960,disease/Leaf Rot,Dataset/Coconut Tree Disease Dataset/Leaf Rot/LeafRot960.jpg,,,,,,disease-class=2_foliar_disease
LeafRot961,disease/Leaf Rot,Dataset/Coconut Tree Disease Dataset/Leaf Rot/LeafRot961.jpg,,,,,,disease-class=2_foliar_disease
LeafRot962,disease/Leaf Rot,Dataset/Coconut Tree Disease Dataset/Leaf Rot/LeafRot962.jpg,,,,,,disease-class=2_foliar_disease
LeafRot963,disease/Leaf Rot,Dataset/Coconut Tree Disease Dataset/Leaf Rot/LeafRot963.jpg,,,,,,disease-class=2_foliar_disease
LeafRot964,disease/Leaf Rot,Dataset/Coconut Tree Disease Dataset/Leaf Rot/LeafRot964.jpg,,,,,,disease-class=2_foliar_disease
LeafRot965,disease/Leaf Rot,Dataset/Coconut Tree Disease Dataset/Leaf Rot/LeafRot965.jpg,,,,,,disease-class=2_foliar_disease
LeafRot966,disease/Leaf Rot,Dataset/Coconut Tree Disease Dataset/Leaf Rot/LeafRot966.jpg,,,,,,disease-class=2_foliar_disease
LeafRot967,disease/Leaf Rot,Dataset/Coconut Tree Disease Dataset/Leaf Rot/LeafRot967.jpg,,,,,,disease-class=2_foliar_disease
LeafRot968,disease/Leaf Rot,Dataset/Coconut Tree Disease Dataset/Leaf Rot/LeafRot968.jpg,,,,,,disease-class=2_foliar_disease
LeafRot969,disease/Leaf Rot,Dataset/Coconut Tree Disease Dataset/Leaf Rot/LeafRot969.jpg,,,,,,disease-class=2_foliar_disease
LeafRot970,disease/Leaf Rot,Dataset/Coconut Tree Disease Dataset/Leaf Rot/LeafRot970.jpg,,,,,,disease-class=2_foliar_disease
LeafRot971,disease/Leaf Rot,Dataset/Coconut Tree Disease Dataset/Leaf Rot/LeafRot971.jpg,,,,,,disease-class=2_foliar_disease
LeafRot972,disease/Leaf Rot,Dataset/Coconut Tree Disease Dataset/Leaf Rot/LeafRot972.jpg,,,,,,disease-class=2_foliar_disease
LeafRot973,disease/Leaf Rot,Dataset/Coconut Tree Disease Dataset/Leaf Rot/LeafRot973.jpg,,,,,,disease-class=2_foliar_disease
LeafRot974,disease/Leaf Rot,Dataset/Coconut Tree Disease Dataset/Leaf Rot/LeafRot974.jpg,,,,,,disease-class=2_foliar_disease
LeafRot975,disease/Leaf Rot,Dataset/Coconut Tree Disease Dataset/Leaf Rot/LeafRot975.jpg,,,,,,disease-class=2_foliar_disease
LeafRot976,disease/Leaf Rot,Dataset/Coconut Tree Disease Dataset/Leaf Rot/LeafRot976.jpg,,,,,,disease-class=2_foliar_disease
LeafRot977,disease/Leaf Rot,Dataset/Coconut Tree Disease Dataset/Leaf Rot/LeafRot977.jpg,,,,,,disease-class=2_foliar_disease
LeafRot978,disease/Leaf Rot,Dataset/Coconut Tree Disease Dataset/Leaf Rot/LeafRot978.jpg,,,,,,disease-class=2_foliar_disease
LeafRot979,disease/Leaf Rot,Dataset/Coconut Tree Disease Dataset/Leaf Rot/LeafRot979.jpg,,,,,,disease-class=2_foliar_disease
LeafRot980,disease/Leaf Rot,Dataset/Coconut Tree Disease Dataset/Leaf Rot/LeafRot980.jpg,,,,,,disease-class=2_foliar_disease
LeafRot981,disease/Leaf Rot,Dataset/Coconut Tree Disease Dataset/Leaf Rot/LeafRot981.jpg,,,,,,disease-class=2_foliar_disease
LeafRot982,disease/Leaf Rot,Dataset/Coconut Tree Disease Dataset/Leaf Rot/LeafRot982.jpg,,,,,,disease-class=2_foliar_disease
LeafRot983,disease/Leaf Rot,Dataset/Coconut Tree Disease Dataset/Leaf Rot/LeafRot983.jpg,,,,,,disease-class=2_foliar_disease
LeafRot984,disease/Leaf Rot,Dataset/Coconut Tree Disease Dataset/Leaf Rot/LeafRot984.jpg,,,,,,disease-class=2_foliar_disease
LeafRot985,disease/Leaf Rot,Dataset/Coconut Tree Disease Dataset/Leaf Rot/LeafRot985.jpg,,,,,,disease-class=2_foliar_disease
LeafRot986,disease/Leaf Rot,Dataset/Coconut Tree Disease Dataset/Leaf Rot/LeafRot986.jpg,,,,,,disease-class=2_foliar_disease
LeafRot987,disease/Leaf Rot,Dataset/Coconut Tree Disease Dataset/Leaf Rot/LeafRot987.jpg,,,,,,disease-class=2_foliar_disease
LeafRot988,disease/Leaf Rot,Dataset/Coconut Tree Disease Dataset/Leaf Rot/LeafRot988.jpg,,,,,,disease-class=2_foliar_disease
LeafRot989,disease/Leaf Rot,Dataset/Coconut Tree Disease Dataset/Leaf Rot/LeafRot989.jpg,,,,,,disease-class=2_foliar_disease
LeafRot990,disease/Leaf Rot,Dataset/Coconut Tree Disease Dataset/Leaf Rot/LeafRot990.jpg,,,,,,disease-class=2_foliar_disease
LeafRot991,disease/Leaf Rot,Dataset/Coconut Tree Disease Dataset/Leaf Rot/LeafRot991.jpg,,,,,,disease-class=2_foliar_disease
LeafRot992,disease/Leaf Rot,Dataset/Coconut Tree Disease Dataset/Leaf Rot/LeafRot992.jpg,,,,,,disease-class=2_foliar_disease
LeafRot993,disease/Leaf Rot,Dataset/Coconut Tree Disease Dataset/Leaf Rot/LeafRot993.jpg,,,,,,disease-class=2_foliar_disease
LeafRot994,disease/Leaf Rot,Dataset/Coconut Tree Disease Dataset/Leaf Rot/LeafRot994.jpg,,,,,,disease-class=2_foliar_disease
LeafRot995,disease/Leaf Rot,Dataset/Coconut Tree Disease Dataset/Leaf Rot/LeafRot995.jpg,,,,,,disease-class=2_foliar_disease
LeafRot996,disease/Leaf Rot,Dataset/Coconut Tree Disease Dataset/Leaf Rot/LeafRot996.jpg,,,,,,disease-class=2_foliar_disease
LeafRot997,disease/Leaf Rot,Dataset/Coconut Tree Disease Dataset/Leaf Rot/LeafRot997.jpg,,,,,,disease-class=2_foliar_disease
LeafRot998,disease/Leaf Rot,Dataset/Coconut Tree Disease Dataset/Leaf Rot/LeafRot998.jpg,,,,,,disease-class=2_foliar_disease
LeafRot999,disease/Leaf Rot,Dataset/Coconut Tree Disease Dataset/Leaf Rot/LeafRot999.jpg,,,,,,disease-class=2_foliar_disease
StemBleeding001,disease/Stem Bleeding,Dataset/Coconut Tree Disease Dataset/Stem Bleeding/StemBleeding001.jpg,,,,,,disease-class=3_trunk_disease
StemBleeding002,disease/Stem Bleeding,Dataset/Coconut Tree Disease Dataset/Stem Bleeding/StemBleeding002.jpg,,,,,,disease-class=3_trunk_disease
StemBleeding003,disease/Stem Bleeding,Dataset/Coconut Tree Disease Dataset/Stem Bleeding/StemBleeding003.jpg,,,,,,disease-class=3_trunk_disease
StemBleeding004,disease/Stem Bleeding,Dataset/Coconut Tree Disease Dataset/Stem Bleeding/StemBleeding004.jpg,,,,,,disease-class=3_trunk_disease
StemBleeding005,disease/Stem Bleeding,Dataset/Coconut Tree Disease Dataset/Stem Bleeding/StemBleeding005.jpg,,,,,,disease-class=3_trunk_disease
StemBleeding006,disease/Stem Bleeding,Dataset/Coconut Tree Disease Dataset/Stem Bleeding/StemBleeding006.jpg,,,,,,disease-class=3_trunk_disease
StemBleeding007,disease/Stem Bleeding,Dataset/Coconut Tree Disease Dataset/Stem Bleeding/StemBleeding007.jpg,,,,,,disease-class=3_trunk_disease
StemBleeding008,disease/Stem Bleeding,Dataset/Coconut Tree Disease Dataset/Stem Bleeding/StemBleeding008.jpg,,,,,,disease-class=3_trunk_disease
StemBleeding009,disease/Stem Bleeding,Dataset/Coconut Tree Disease Dataset/Stem Bleeding/StemBleeding009.jpg,,,,,,disease-class=3_trunk_disease
StemBleeding010,disease/Stem Bleeding,Dataset/Coconut Tree Disease Dataset/Stem Bleeding/StemBleeding010.jpg,,,,,,disease-class=3_trunk_disease
StemBleeding011,disease/Stem Bleeding,Dataset/Coconut Tree Disease Dataset/Stem Bleeding/StemBleeding011.jpg,,,,,,disease-class=3_trunk_disease
StemBleeding012,disease/Stem Bleeding,Dataset/Coconut Tree Disease Dataset/Stem Bleeding/StemBleeding012.jpg,,,,,,disease-class=3_trunk_disease
StemBleeding013,disease/Stem Bleeding,Dataset/Coconut Tree Disease Dataset/Stem Bleeding/StemBleeding013.jpg,,,,,,disease-class=3_trunk_disease
StemBleeding014,disease/Stem Bleeding,Dataset/Coconut Tree Disease Dataset/Stem Bleeding/StemBleeding014.jpg,,,,,,disease-class=3_trunk_disease
StemBleeding015,disease/Stem Bleeding,Dataset/Coconut Tree Disease Dataset/Stem Bleeding/StemBleeding015.jpg,,,,,,disease-class=3_trunk_disease
StemBleeding016,disease/Stem Bleeding,Dataset/Coconut Tree Disease Dataset/Stem Bleeding/StemBleeding016.jpg,,,,,,disease-class=3_trunk_disease
StemBleeding017,disease/Stem Bleeding,Dataset/Coconut Tree Disease Dataset/Stem Bleeding/StemBleeding017.jpg,,,,,,disease-class=3_trunk_disease
StemBleeding018,disease/Stem Bleeding,Dataset/Coconut Tree Disease Dataset/Stem Bleeding/StemBleeding018.jpg,,,,,,disease-class=3_trunk_disease
StemBleeding019,disease/Stem Bleeding,Dataset/Coconut Tree Disease Dataset/Stem Bleeding/StemBleeding019.jpg,,,,,,disease-class=3_trunk_disease
StemBleeding020,disease/Stem Bleeding,Dataset/Coconut Tree Disease Dataset/Stem Bleeding/StemBleeding020.jpg,,,,,,disease-class=3_trunk_disease
StemBleeding021,disease/Stem Bleeding,Dataset/Coconut Tree Disease Dataset/Stem Bleeding/StemBleeding021.jpg,,,,,,disease-class=3_trunk_disease
StemBleeding022,disease/Stem Bleeding,Dataset/Coconut Tree Disease Dataset/Stem Bleeding/StemBleeding022.jpg,,,,,,disease-class=3_trunk_disease
StemBleeding023,disease/Stem Bleeding,Dataset/Coconut Tree Disease Dataset/Stem Bleeding/StemBleeding023.jpg,,,,,,disease-class=3_trunk_disease
StemBleeding024,disease/Stem Bleeding,Dataset/Coconut Tree Disease Dataset/Stem Bleeding/StemBleeding024.jpg,,,,,,disease-class=3_trunk_disease
StemBleeding025,disease/Stem Bleeding,Dataset/Coconut Tree Disease Dataset/Stem Bleeding/StemBleeding025.jpg,,,,,,disease-class=3_trunk_disease
StemBleeding026,disease/Stem Bleeding,Dataset/Coconut Tree Disease Dataset/Stem Bleeding/StemBleeding026.jpg,,,,,,disease-class=3_trunk_disease
StemBleeding027,disease/Stem Bleeding,Dataset/Coconut Tree Disease Dataset/Stem Bleeding/StemBleeding027.jpg,,,,,,disease-class=3_trunk_disease
StemBleeding028,disease/Stem Bleeding,Dataset/Coconut Tree Disease Dataset/Stem Bleeding/StemBleeding028.jpg,,,,,,disease-class=3_trunk_disease
StemBleeding029,disease/Stem Bleeding,Dataset/Coconut Tree Disease Dataset/Stem Bleeding/StemBleeding029.jpg,,,,,,disease-class=3_trunk_disease
StemBleeding030,disease/Stem Bleeding,Dataset/Coconut Tree Disease Dataset/Stem Bleeding/StemBleeding030.jpg,,,,,,disease-class=3_trunk_disease
StemBleeding031,disease/Stem Bleeding,Dataset/Coconut Tree Disease Dataset/Stem Bleeding/StemBleeding031.jpg,,,,,,disease-class=3_trunk_disease
StemBleeding032,disease/Stem Bleeding,Dataset/Coconut Tree Disease Dataset/Stem Bleeding/StemBleeding032.jpg,,,,,,disease-class=3_trunk_disease
StemBleeding033,disease/Stem Bleeding,Dataset/Coconut Tree Disease Dataset/Stem Bleeding/StemBleeding033.jpg,,,,,,disease-class=3_trunk_disease
StemBleeding034,disease/Stem Bleeding,Dataset/Coconut Tree Disease Dataset/Stem Bleeding/StemBleeding034.jpg,,,,,,disease-class=3_trunk_disease
StemBleeding035,disease/Stem Bleeding,Dataset/Coconut Tree Disease Dataset/Stem Bleeding/StemBleeding035.jpg,,,,,,disease-class=3_trunk_disease
StemBleeding036,disease/Stem Bleeding,Dataset/Coconut Tree Disease Dataset/Stem Bleeding/StemBleeding036.jpg,,,,,,disease-class=3_trunk_disease
StemBleeding037,disease/Stem Bleeding,Dataset/Coconut Tree Disease Dataset/Stem Bleeding/StemBleeding037.jpg,,,,,,disease-class=3_trunk_disease
StemBleeding038,disease/Stem Bleeding,Dataset/Coconut Tree Disease Dataset/Stem Bleeding/StemBleeding038.jpg,,,,,,disease-class=3_trunk_disease
StemBleeding039,disease/Stem Bleeding,Dataset/Coconut Tree Disease Dataset/Stem Bleeding/StemBleeding039.jpg,,,,,,disease-class=3_trunk_disease
StemBleeding040,disease/Stem Bleeding,Dataset/Coconut Tree Disease Dataset/Stem Bleeding/StemBleeding040.jpg,,,,,,disease-class=3_trunk_disease
StemBleeding041,disease/Stem Bleeding,Dataset/Coconut Tree Disease Dataset/Stem Bleeding/StemBleeding041.jpg,,,,,,disease-class=3_trunk_disease
StemBleeding042,disease/Stem Bleeding,Dataset/Coconut Tree Disease Dataset/Stem Bleeding/StemBleeding042.jpg,,,,,,disease-class=3_trunk_disease
StemBleeding043,disease/Stem Bleeding,Dataset/Coconut Tree Disease Dataset/Stem Bleeding/StemBleeding043.jpg,,,,,,disease-class=3_trunk_disease
StemBleeding044,disease/Stem Bleeding,Dataset/Coconut Tree Disease Dataset/Stem Bleeding/StemBleeding044.jpg,,,,,,disease-class=3_trunk_disease
StemBleeding045,disease/Stem Bleeding,Dataset/Coconut Tree Disease Dataset/Stem Bleeding/StemBleeding045.jpg,,,,,,disease-class=3_trunk_disease
StemBleeding046,disease/Stem Bleeding,Dataset/Coconut Tree Disease Dataset/Stem Bleeding/StemBleeding046.jpg,,,,,,disease-class=3_trunk_disease
StemBleeding047,disease/Stem Bleeding,Dataset/Coconut Tree Disease Dataset/Stem Bleeding/StemBleeding047.jpg,,,,,,disease-class=3_trunk_disease
StemBleeding048,disease/Stem Bleeding,Dataset/Coconut Tree Disease Dataset/Stem Bleeding/StemBleeding048.jpg,,,,,,disease-class=3_trunk_disease
StemBleeding049,disease/Stem Bleeding,Dataset/Coconut Tree Disease Dataset/Stem Bleeding/StemBleeding049.jpg,,,,,,disease-class=3_trunk_disease
StemBleeding050,disease/Stem Bleeding,Dataset/Coconut Tree Disease Dataset/Stem Bleeding/StemBleeding050.jpg,,,,,,disease-class=3_trunk_disease
StemBleeding051,disease/Stem Bleeding,Dataset/Coconut Tree Disease Dataset/Stem Bleeding/StemBleeding051.jpg,,,,,,disease-class=3_trunk_disease
StemBleeding052,disease/Stem Bleeding,Dataset/Coconut Tree Disease Dataset/Stem Bleeding/StemBleeding052.jpg,,,,,,disease-class=3_trunk_disease
StemBleeding053,disease/Stem Bleeding,Dataset/Coconut Tree Disease Dataset/Stem Bleeding/StemBleeding053.jpg,,,,,,disease-class=3_trunk_disease
StemBleeding054,disease/Stem Bleeding,Dataset/Coconut Tree Disease Dataset/Stem Bleeding/StemBleeding054.jpg,,,,,,disease-class=3_trunk_disease
StemBleeding055,disease/Stem Bleeding,Dataset/Coconut Tree Disease Dataset/Stem Bleeding/StemBleeding055.jpg,,,,,,disease-class=3_trunk_disease
StemBleeding056,disease/Stem Bleeding,Dataset/Coconut Tree Disease Dataset/Stem Bleeding/StemBleeding056.jpg,,,,,,disease-class=3_trunk_disease
StemBleeding057,disease/Stem Bleeding,Dataset/Coconut Tree Disease Dataset/Stem Bleeding/StemBleeding057.jpg,,,,,,disease-class=3_trunk_disease
StemBleeding058,disease/Stem Bleeding,Dataset/Coconut Tree Disease Dataset/Stem Bleeding/StemBleeding058.jpg,,,,,,disease-class=3_trunk_disease
StemBleeding059,disease/Stem Bleeding,Dataset/Coconut Tree Disease Dataset/Stem Bleeding/StemBleeding059.jpg,,,,,,disease-class=3_trunk_disease
StemBleeding060,disease/Stem Bleeding,Dataset/Coconut Tree Disease Dataset/Stem Bleeding/StemBleeding060.jpg,,,,,,disease-class=3_trunk_disease
StemBleeding061,disease/Stem Bleeding,Dataset/Coconut Tree Disease Dataset/Stem Bleeding/StemBleeding061.jpg,,,,,,disease-class=3_trunk_disease
StemBleeding062,disease/Stem Bleeding,Dataset/Coconut Tree Disease Dataset/Stem Bleeding/StemBleeding062.jpg,,,,,,disease-class=3_trunk_disease
StemBleeding063,disease/Stem Bleeding,Dataset/Coconut Tree Disease Dataset/Stem Bleeding/StemBleeding063.jpg,,,,,,disease-class=3_trunk_disease
StemBleeding064,disease/Stem Bleeding,Dataset/Coconut Tree Disease Dataset/Stem Bleeding/StemBleeding064.jpg,,,,,,disease-class=3_trunk_disease
StemBleeding065,disease/Stem Bleeding,Dataset/Coconut Tree Disease Dataset/Stem Bleeding/StemBleeding065.jpg,,,,,,disease-class=3_trunk_disease
StemBleeding066,disease/Stem Bleeding,Dataset/Coconut Tree Disease Dataset/Stem Bleeding/StemBleeding066.jpg,,,,,,disease-class=3_trunk_disease
StemBleeding067,disease/Stem Bleeding,Dataset/Coconut Tree Disease Dataset/Stem Bleeding/StemBleeding067.jpg,,,,,,disease-class=3_trunk_disease
StemBleeding068,disease/Stem Bleeding,Dataset/Coconut Tree Disease Dataset/Stem Bleeding/StemBleeding068.jpg,,,,,,disease-class=3_trunk_disease
StemBleeding069,disease/Stem Bleeding,Dataset/Coconut Tree Disease Dataset/Stem Bleeding/StemBleeding069.jpg,,,,,,disease-class=3_trunk_disease
StemBleeding070,disease/Stem Bleeding,Dataset/Coconut Tree Disease Dataset/Stem Bleeding/StemBleeding070.jpg,,,,,,disease-class=3_trunk_disease
StemBleeding071,disease/Stem Bleeding,Dataset/Coconut Tree Disease Dataset/Stem Bleeding/StemBleeding071.jpg,,,,,,disease-class=3_trunk_disease
StemBleeding072,disease/Stem Bleeding,Dataset/Coconut Tree Disease Dataset/Stem Bleeding/StemBleeding072.jpg,,,,,,disease-class=3_trunk_disease
StemBleeding073,disease/Stem Bleeding,Dataset/Coconut Tree Disease Dataset/Stem Bleeding/StemBleeding073.jpg,,,,,,disease-class=3_trunk_disease
StemBleeding074,disease/Stem Bleeding,Dataset/Coconut Tree Disease Dataset/Stem Bleeding/StemBleeding074.jpg,,,,,,disease-class=3_trunk_disease
StemBleeding075,disease/Stem Bleeding,Dataset/Coconut Tree Disease Dataset/Stem Bleeding/StemBleeding075.jpg,,,,,,disease-class=3_trunk_disease
StemBleeding076,disease/Stem Bleeding,Dataset/Coconut Tree Disease Dataset/Stem Bleeding/StemBleeding076.jpg,,,,,,disease-class=3_trunk_disease
StemBleeding077,disease/Stem Bleeding,Dataset/Coconut Tree Disease Dataset/Stem Bleeding/StemBleeding077.jpg,,,,,,disease-class=3_trunk_disease
StemBleeding078,disease/Stem Bleeding,Dataset/Coconut Tree Disease Dataset/Stem Bleeding/StemBleeding078.jpg,,,,,,disease-class=3_trunk_disease
StemBleeding079,disease/Stem Bleeding,Dataset/Coconut Tree Disease Dataset/Stem Bleeding/StemBleeding079.jpg,,,,,,disease-class=3_trunk_disease
StemBleeding080,disease/Stem Bleeding,Dataset/Coconut Tree Disease Dataset/Stem Bleeding/StemBleeding080.jpg,,,,,,disease-class=3_trunk_disease
StemBleeding081,disease/Stem Bleeding,Dataset/Coconut Tree Disease Dataset/Stem Bleeding/StemBleeding081.jpg,,,,,,disease-class=3_trunk_disease
StemBleeding082,disease/Stem Bleeding,Dataset/Coconut Tree Disease Dataset/Stem Bleeding/StemBleeding082.jpg,,,,,,disease-class=3_trunk_disease
StemBleeding083,disease/Stem Bleeding,Dataset/Coconut Tree Disease Dataset/Stem Bleeding/StemBleeding083.jpg,,,,,,disease-class=3_trunk_disease
StemBleeding084,disease/Stem Bleeding,Dataset/Coconut Tree Disease Dataset/Stem Bleeding/StemBleeding084.jpg,,,,,,disease-class=3_trunk_disease
StemBleeding085,disease/Stem Bleeding,Dataset/Coconut Tree Disease Dataset/Stem Bleeding/StemBleeding085.jpg,,,,,,disease-class=3_trunk_disease
StemBleeding086,disease/Stem Bleeding,Dataset/Coconut Tree Disease Dataset/Stem Bleeding/StemBleeding086.jpg,,,,,,disease-class=3_trunk_disease
StemBleeding087,disease/Stem Bleeding,Dataset/Coconut Tree Disease Dataset/Stem Bleeding/StemBleeding087.jpg,,,,,,disease-class=3_trunk_disease
StemBleeding088,disease/Stem Bleeding,Dataset/Coconut Tree Disease Dataset/Stem Bleeding/StemBleeding088.jpg,,,,,,disease-class=3_trunk_disease
StemBleeding089,disease/Stem Bleeding,Dataset/Coconut Tree Disease Dataset/Stem Bleeding/StemBleeding089.jpg,,,,,,disease-class=3_trunk_disease
StemBleeding090,disease/Stem Bleeding,Dataset/Coconut Tree Disease Dataset/Stem Bleeding/StemBleeding090.jpg,,,,,,disease-class=3_trunk_disease
StemBleeding091,disease/Stem Bleeding,Dataset/Coconut Tree Disease Dataset/Stem Bleeding/StemBleeding091.jpg,,,,,,disease-class=3_trunk_disease
StemBleeding092,disease/Stem Bleeding,Dataset/Coconut Tree Disease Dataset/Stem Bleeding/StemBleeding092.jpg,,,,,,disease-class=3_trunk_disease
StemBleeding093,disease/Stem Bleeding,Dataset/Coconut Tree Disease Dataset/Stem Bleeding/StemBleeding093.jpg,,,,,,disease-class=3_trunk_disease
StemBleeding094,disease/Stem Bleeding,Dataset/Coconut Tree Disease Dataset/Stem Bleeding/StemBleeding094.jpg,,,,,,disease-class=3_trunk_disease
StemBleeding095,disease/Stem Bleeding,Dataset/Coconut Tree Disease Dataset/Stem Bleeding/StemBleeding095.jpg,,,,,,disease-class=3_trunk_disease
StemBleeding096,disease/Stem Bleeding,Dataset/Coconut Tree Disease Dataset/Stem Bleeding/StemBleeding096.jpg,,,,,,disease-class=3_trunk_disease
StemBleeding097,disease/Stem Bleeding,Dataset/Coconut Tree Disease Dataset/Stem Bleeding/StemBleeding097.jpg,,,,,,disease-class=3_trunk_disease
StemBleeding098,disease/Stem Bleeding,Dataset/Coconut Tree Disease Dataset/Stem Bleeding/StemBleeding098.jpg,,,,,,disease-class=3_trunk_disease
StemBleeding099,disease/Stem Bleeding,Dataset/Coconut Tree Disease Dataset/Stem Bleeding/StemBleeding099.jpg,,,,,,disease-class=3_trunk_disease
StemBleeding100,disease/Stem Bleeding,Dataset/Coconut Tree Disease Dataset/Stem Bleeding/StemBleeding100.jpg,,,,,,disease-class=3_trunk_disease
StemBleeding1000,disease/Stem Bleeding,Dataset/Coconut Tree Disease Dataset/Stem Bleeding/StemBleeding1000.jpg,,,,,,disease-class=3_trunk_disease
StemBleeding1001,disease/Stem Bleeding,Dataset/Coconut Tree Disease Dataset/Stem Bleeding/StemBleeding1001.jpg,,,,,,disease-class=3_trunk_disease
StemBleeding1002,disease/Stem Bleeding,Dataset/Coconut Tree Disease Dataset/Stem Bleeding/StemBleeding1002.jpg,,,,,,disease-class=3_trunk_disease
StemBleeding1003,disease/Stem Bleeding,Dataset/Coconut Tree Disease Dataset/Stem Bleeding/StemBleeding1003.jpg,,,,,,disease-class=3_trunk_disease
StemBleeding1004,disease/Stem Bleeding,Dataset/Coconut Tree Disease Dataset/Stem Bleeding/StemBleeding1004.jpg,,,,,,disease-class=3_trunk_disease
StemBleeding1005,disease/Stem Bleeding,Dataset/Coconut Tree Disease Dataset/Stem Bleeding/StemBleeding1005.jpg,,,,,,disease-class=3_trunk_disease
StemBleeding1006,disease/Stem Bleeding,Dataset/Coconut Tree Disease Dataset/Stem Bleeding/StemBleeding1006.jpg,,,,,,disease-class=3_trunk_disease
StemBleeding101,disease/Stem Bleeding,Dataset/Coconut Tree Disease Dataset/Stem Bleeding/StemBleeding101.jpg,,,,,,disease-class=3_trunk_disease
StemBleeding102,disease/Stem Bleeding,Dataset/Coconut Tree Disease Dataset/Stem Bleeding/StemBleeding102.jpg,,,,,,disease-class=3_trunk_disease
StemBleeding103,disease/Stem Bleeding,Dataset/Coconut Tree Disease Dataset/Stem Bleeding/StemBleeding103.jpg,,,,,,disease-class=3_trunk_disease
StemBleeding104,disease/Stem Bleeding,Dataset/Coconut Tree Disease Dataset/Stem Bleeding/StemBleeding104.jpg,,,,,,disease-class=3_trunk_disease
StemBleeding105,disease/Stem Bleeding,Dataset/Coconut Tree Disease Dataset/Stem Bleeding/StemBleeding105.jpg,,,,,,disease-class=3_trunk_disease
StemBleeding106,disease/Stem Bleeding,Dataset/Coconut Tree Disease Dataset/Stem Bleeding/StemBleeding106.jpg,,,,,,disease-class=3_trunk_disease
StemBleeding107,disease/Stem Bleeding,Dataset/Coconut Tree Disease Dataset/Stem Bleeding/StemBleeding107.jpg,,,,,,disease-class=3_trunk_disease
StemBleeding108,disease/Stem Bleeding,Dataset/Coconut Tree Disease Dataset/Stem Bleeding/StemBleeding108.jpg,,,,,,disease-class=3_trunk_disease
StemBleeding109,disease/Stem Bleeding,Dataset/Coconut Tree Disease Dataset/Stem Bleeding/StemBleeding109.jpg,,,,,,disease-class=3_trunk_disease
StemBleeding110,disease/Stem Bleeding,Dataset/Coconut Tree Disease Dataset/Stem Bleeding/StemBleeding110.jpg,,,,,,disease-class=3_trunk_disease
StemBleeding111,disease/Stem Bleeding,Dataset/Coconut Tree Disease Dataset/Stem Bleeding/StemBleeding111.jpg,,,,,,disease-class=3_trunk_disease
StemBleeding112,disease/Stem Bleeding,Dataset/Coconut Tree Disease Dataset/Stem Bleeding/StemBleeding112.jpg,,,,,,disease-class=3_trunk_disease
StemBleeding113,disease/Stem Bleeding,Dataset/Coconut Tree Disease Dataset/Stem Bleeding/StemBleeding113.jpg,,,,,,disease-class=3_trunk_disease
StemBleeding114,disease/Stem Bleeding,Dataset/Coconut Tree Disease Dataset/Stem Bleeding/StemBleeding114.jpg,,,,,,disease-class=3_trunk_disease
StemBleeding115,disease/Stem Bleeding,Dataset/Coconut Tree Disease Dataset/Stem Bleeding/StemBleeding115.jpg,,,,,,disease-class=3_trunk_disease
StemBleeding116,disease/Stem Bleeding,Dataset/Coconut Tree Disease Dataset/Stem Bleeding/StemBleeding116.jpg,,,,,,disease-class=3_trunk_disease
StemBleeding117,disease/Stem Bleeding,Dataset/Coconut Tree Disease Dataset/Stem Bleeding/StemBleeding117.jpg,,,,,,disease-class=3_trunk_disease
StemBleeding118,disease/Stem Bleeding,Dataset/Coconut Tree Disease Dataset/Stem Bleeding/StemBleeding118.jpg,,,,,,disease-class=3_trunk_disease
StemBleeding119,disease/Stem Bleeding,Dataset/Coconut Tree Disease Dataset/Stem Bleeding/StemBleeding119.jpg,,,,,,disease-class=3_trunk_disease
StemBleeding120,disease/Stem Bleeding,Dataset/Coconut Tree Disease Dataset/Stem Bleeding/StemBleeding120.jpg,,,,,,disease-class=3_trunk_disease
StemBleeding121,disease/Stem Bleeding,Dataset/Coconut Tree Disease Dataset/Stem Bleeding/StemBleeding121.jpg,,,,,,disease-class=3_trunk_disease
StemBleeding122,disease/Stem Bleeding,Dataset/Coconut Tree Disease Dataset/Stem Bleeding/StemBleeding122.jpg,,,,,,disease-class=3_trunk_disease
StemBleeding123,disease/Stem Bleeding,Dataset/Coconut Tree Disease Dataset/Stem Bleeding/StemBleeding123.jpg,,,,,,disease-class=3_trunk_disease
StemBleeding124,disease/Stem Bleeding,Dataset/Coconut Tree Disease Dataset/Stem Bleeding/StemBleeding124.jpg,,,,,,disease-class=3_trunk_disease
StemBleeding125,disease/Stem Bleeding,Dataset/Coconut Tree Disease Dataset/Stem Bleeding/StemBleeding125.jpg,,,,,,disease-class=3_trunk_disease
StemBleeding126,disease/Stem Bleeding,Dataset/Coconut Tree Disease Dataset/Stem Bleeding/StemBleeding126.jpg,,,,,,disease-class=3_trunk_disease
StemBleeding127,disease/Stem Bleeding,Dataset/Coconut Tree Disease Dataset/Stem Bleeding/StemBleeding127.jpg,,,,,,disease-class=3_trunk_disease
StemBleeding128,disease/Stem Bleeding,Dataset/Coconut Tree Disease Dataset/Stem Bleeding/StemBleeding128.jpg,,,,,,disease-class=3_trunk_disease
StemBleeding129,disease/Stem Bleeding,Dataset/Coconut Tree Disease Dataset/Stem Bleeding/StemBleeding129.jpg,,,,,,disease-class=3_trunk_disease
StemBleeding130,disease/Stem Bleeding,Dataset/Coconut Tree Disease Dataset/Stem Bleeding/StemBleeding130.jpg,,,,,,disease-class=3_trunk_disease
StemBleeding131,disease/Stem Bleeding,Dataset/Coconut Tree Disease Dataset/Stem Bleeding/StemBleeding131.jpg,,,,,,disease-class=3_trunk_disease
StemBleeding132,disease/Stem Bleeding,Dataset/Coconut Tree Disease Dataset/Stem Bleeding/StemBleeding132.jpg,,,,,,disease-class=3_trunk_disease
StemBleeding133,disease/Stem Bleeding,Dataset/Coconut Tree Disease Dataset/Stem Bleeding/StemBleeding133.jpg,,,,,,disease-class=3_trunk_disease
StemBleeding134,disease/Stem Bleeding,Dataset/Coconut Tree Disease Dataset/Stem Bleeding/StemBleeding134.jpg,,,,,,disease-class=3_trunk_disease
StemBleeding135,disease/Stem Bleeding,Dataset/Coconut Tree Disease Dataset/Stem Bleeding/StemBleeding135.jpg,,,,,,disease-class=3_trunk_disease
StemBleeding136,disease/Stem Bleeding,Dataset/Coconut Tree Disease Dataset/Stem Bleeding/StemBleeding136.jpg,,,,,,disease-class=3_trunk_disease
StemBleeding137,disease/Stem Bleeding,Dataset/Coconut Tree Disease Dataset/Stem Bleeding/StemBleeding137.jpg,,,,,,disease-class=3_trunk_disease
StemBleeding138,disease/Stem Bleeding,Dataset/Coconut Tree Disease Dataset/Stem Bleeding/StemBleeding138.jpg,,,,,,disease-class=3_trunk_disease
StemBleeding139,disease/Stem Bleeding,Dataset/Coconut Tree Disease Dataset/Stem Bleeding/StemBleeding139.jpg,,,,,,disease-class=3_trunk_disease
StemBleeding140,disease/Stem Bleeding,Dataset/Coconut Tree Disease Dataset/Stem Bleeding/StemBleeding140.jpg,,,,,,disease-class=3_trunk_disease
StemBleeding141,disease/Stem Bleeding,Dataset/Coconut Tree Disease Dataset/Stem Bleeding/StemBleeding141.jpg,,,,,,disease-class=3_trunk_disease
StemBleeding142,disease/Stem Bleeding,Dataset/Coconut Tree Disease Dataset/Stem Bleeding/StemBleeding142.jpg,,,,,,disease-class=3_trunk_disease
StemBleeding143,disease/Stem Bleeding,Dataset/Coconut Tree Disease Dataset/Stem Bleeding/StemBleeding143.jpg,,,,,,disease-class=3_trunk_disease
StemBleeding144,disease/Stem Bleeding,Dataset/Coconut Tree Disease Dataset/Stem Bleeding/StemBleeding144.jpg,,,,,,disease-class=3_trunk_disease
StemBleeding145,disease/Stem Bleeding,Dataset/Coconut Tree Disease Dataset/Stem Bleeding/StemBleeding145.jpg,,,,,,disease-class=3_trunk_disease
StemBleeding146,disease/Stem Bleeding,Dataset/Coconut Tree Disease Dataset/Stem Bleeding/StemBleeding146.jpg,,,,,,disease-class=3_trunk_disease
StemBleeding147,disease/Stem Bleeding,Dataset/Coconut Tree Disease Dataset/Stem Bleeding/StemBleeding147.jpg,,,,,,disease-class=3_trunk_disease
StemBleeding148,disease/Stem Bleeding,Dataset/Coconut Tree Disease Dataset/Stem Bleeding/StemBleeding148.jpg,,,,,,disease-class=3_trunk_disease
StemBleeding149,disease/Stem Bleeding,Dataset/Coconut Tree Disease Dataset/Stem Bleeding/StemBleeding149.jpg,,,,,,disease-class=3_trunk_disease
StemBleeding150,disease/Stem Bleeding,Dataset/Coconut Tree Disease Dataset/Stem Bleeding/StemBleeding150.jpg,,,,,,disease-class=3_trunk_disease
StemBleeding151,disease/Stem Bleeding,Dataset/Coconut Tree Disease Dataset/Stem Bleeding/StemBleeding151.jpg,,,,,,disease-class=3_trunk_disease
StemBleeding152,disease/Stem Bleeding,Dataset/Coconut Tree Disease Dataset/Stem Bleeding/StemBleeding152.jpg,,,,,,disease-class=3_trunk_disease
StemBleeding153,disease/Stem Bleeding,Dataset/Coconut Tree Disease Dataset/Stem Bleeding/StemBleeding153.jpg,,,,,,disease-class=3_trunk_disease
StemBleeding154,disease/Stem Bleeding,Dataset/Coconut Tree Disease Dataset/Stem Bleeding/StemBleeding154.jpg,,,,,,disease-class=3_trunk_disease
StemBleeding155,disease/Stem Bleeding,Dataset/Coconut Tree Disease Dataset/Stem Bleeding/StemBleeding155.jpg,,,,,,disease-class=3_trunk_disease
StemBleeding156,disease/Stem Bleeding,Dataset/Coconut Tree Disease Dataset/Stem Bleeding/StemBleeding156.jpg,,,,,,disease-class=3_trunk_disease
StemBleeding157,disease/Stem Bleeding,Dataset/Coconut Tree Disease Dataset/Stem Bleeding/StemBleeding157.jpg,,,,,,disease-class=3_trunk_disease
StemBleeding158,disease/Stem Bleeding,Dataset/Coconut Tree Disease Dataset/Stem Bleeding/StemBleeding158.jpg,,,,,,disease-class=3_trunk_disease
StemBleeding159,disease/Stem Bleeding,Dataset/Coconut Tree Disease Dataset/Stem Bleeding/StemBleeding159.jpg,,,,,,disease-class=3_trunk_disease
StemBleeding160,disease/Stem Bleeding,Dataset/Coconut Tree Disease Dataset/Stem Bleeding/StemBleeding160.jpg,,,,,,disease-class=3_trunk_disease
StemBleeding161,disease/Stem Bleeding,Dataset/Coconut Tree Disease Dataset/Stem Bleeding/StemBleeding161.jpg,,,,,,disease-class=3_trunk_disease
StemBleeding162,disease/Stem Bleeding,Dataset/Coconut Tree Disease Dataset/Stem Bleeding/StemBleeding162.jpg,,,,,,disease-class=3_trunk_disease
StemBleeding163,disease/Stem Bleeding,Dataset/Coconut Tree Disease Dataset/Stem Bleeding/StemBleeding163.jpg,,,,,,disease-class=3_trunk_disease
StemBleeding164,disease/Stem Bleeding,Dataset/Coconut Tree Disease Dataset/Stem Bleeding/StemBleeding164.jpg,,,,,,disease-class=3_trunk_disease
StemBleeding165,disease/Stem Bleeding,Dataset/Coconut Tree Disease Dataset/Stem Bleeding/StemBleeding165.jpg,,,,,,disease-class=3_trunk_disease
StemBleeding166,disease/Stem Bleeding,Dataset/Coconut Tree Disease Dataset/Stem Bleeding/StemBleeding166.jpg,,,,,,disease-class=3_trunk_disease
StemBleeding167,disease/Stem Bleeding,Dataset/Coconut Tree Disease Dataset/Stem Bleeding/StemBleeding167.jpg,,,,,,disease-class=3_trunk_disease
StemBleeding168,disease/Stem Bleeding,Dataset/Coconut Tree Disease Dataset/Stem Bleeding/StemBleeding168.jpg,,,,,,disease-class=3_trunk_disease
StemBleeding169,disease/Stem Bleeding,Dataset/Coconut Tree Disease Dataset/Stem Bleeding/StemBleeding169.jpg,,,,,,disease-class=3_trunk_disease
StemBleeding170,disease/Stem Bleeding,Dataset/Coconut Tree Disease Dataset/Stem Bleeding/StemBleeding170.jpg,,,,,,disease-class=3_trunk_disease
StemBleeding171,disease/Stem Bleeding,Dataset/Coconut Tree Disease Dataset/Stem Bleeding/StemBleeding171.jpg,,,,,,disease-class=3_trunk_disease
StemBleeding172,disease/Stem Bleeding,Dataset/Coconut Tree Disease Dataset/Stem Bleeding/StemBleeding172.jpg,,,,,,disease-class=3_trunk_disease
StemBleeding173,disease/Stem Bleeding,Dataset/Coconut Tree Disease Dataset/Stem Bleeding/StemBleeding173.jpg,,,,,,disease-class=3_trunk_disease
StemBleeding174,disease/Stem Bleeding,Dataset/Coconut Tree Disease Dataset/Stem Bleeding/StemBleeding174.jpg,,,,,,disease-class=3_trunk_disease
StemBleeding175,disease/Stem Bleeding,Dataset/Coconut Tree Disease Dataset/Stem Bleeding/StemBleeding175.jpg,,,,,,disease-class=3_trunk_disease
StemBleeding176,disease/Stem Bleeding,Dataset/Coconut Tree Disease Dataset/Stem Bleeding/StemBleeding176.jpg,,,,,,disease-class=3_trunk_disease
StemBleeding177,disease/Stem Bleeding,Dataset/Coconut Tree Disease Dataset/Stem Bleeding/StemBleeding177.jpg,,,,,,disease-class=3_trunk_disease
StemBleeding178,disease/Stem Bleeding,Dataset/Coconut Tree Disease Dataset/Stem Bleeding/StemBleeding178.jpg,,,,,,disease-class=3_trunk_disease
StemBleeding179,disease/Stem Bleeding,Dataset/Coconut Tree Disease Dataset/Stem Bleeding/StemBleeding179.jpg,,,,,,disease-class=3_trunk_disease
StemBleeding180,disease/Stem Bleeding,Dataset/Coconut Tree Disease Dataset/Stem Bleeding/StemBleeding180.jpg,,,,,,disease-class=3_trunk_disease
StemBleeding181,disease/Stem Bleeding,Dataset/Coconut Tree Disease Dataset/Stem Bleeding/StemBleeding181.jpg,,,,,,disease-class=3_trunk_disease
StemBleeding182,disease/Stem Bleeding,Dataset/Coconut Tree Disease Dataset/Stem Bleeding/StemBleeding182.jpg,,,,,,disease-class=3_trunk_disease
StemBleeding183,disease/Stem Bleeding,Dataset/Coconut Tree Disease Dataset/Stem Bleeding/StemBleeding183.jpg,,,,,,disease-class=3_trunk_disease
StemBleeding184,disease/Stem Bleeding,Dataset/Coconut Tree Disease Dataset/Stem Bleeding/StemBleeding184.jpg,,,,,,disease-class=3_trunk_disease
StemBleeding185,disease/Stem Bleeding,Dataset/Coconut Tree Disease Dataset/Stem Bleeding/StemBleeding185.jpg,,,,,,disease-class=3_trunk_disease
StemBleeding186,disease/Stem Bleeding,Dataset/Coconut Tree Disease Dataset/Stem Bleeding/StemBleeding186.jpg,,,,,,disease-class=3_trunk_disease
StemBleeding187,disease/Stem Bleeding,Dataset/Coconut Tree Disease Dataset/Stem Bleeding/StemBleeding187.jpg,,,,,,disease-class=3_trunk_disease
StemBleeding188,disease/Stem Bleeding,Dataset/Coconut Tree Disease Dataset/Stem Bleeding/StemBleeding188.jpg,,,,,,disease-class=3_trunk_disease
StemBleeding189,disease/Stem Bleeding,Dataset/Coconut Tree Disease Dataset/Stem Bleeding/StemBleeding189.jpg,,,,,,disease-class=3_trunk_disease
StemBleeding190,disease/Stem Bleeding,Dataset/Coconut Tree Disease Dataset/Stem Bleeding/StemBleeding190.jpg,,,,,,disease-class=3_trunk_disease
StemBleeding191,disease/Stem Bleeding,Dataset/Coconut Tree Disease Dataset/Stem Bleeding/StemBleeding191.jpg,,,,,,disease-class=3_trunk_disease
StemBleeding192,disease/Stem Bleeding,Dataset/Coconut Tree Disease Dataset/Stem Bleeding/StemBleeding192.jpg,,,,,,disease-class=3_trunk_disease
StemBleeding193,disease/Stem Bleeding,Dataset/Coconut Tree Disease Dataset/Stem Bleeding/StemBleeding193.jpg,,,,,,disease-class=3_trunk_disease
StemBleeding194,disease/Stem Bleeding,Dataset/Coconut Tree Disease Dataset/Stem Bleeding/StemBleeding194.jpg,,,,,,disease-class=3_trunk_disease
StemBleeding195,disease/Stem Bleeding,Dataset/Coconut Tree Disease Dataset/Stem Bleeding/StemBleeding195.jpg,,,,,,disease-class=3_trunk_disease
StemBleeding196,disease/Stem Bleeding,Dataset/Coconut Tree Disease Dataset/Stem Bleeding/StemBleeding196.jpg,,,,,,disease-class=3_trunk_disease
StemBleeding197,disease/Stem Bleeding,Dataset/Coconut Tree Disease Dataset/Stem Bleeding/StemBleeding197.jpg,,,,,,disease-class=3_trunk_disease
StemBleeding198,disease/Stem Bleeding,Dataset/Coconut Tree Disease Dataset/Stem Bleeding/StemBleeding198.jpg,,,,,,disease-class=3_trunk_disease
StemBleeding199,disease/Stem Bleeding,Dataset/Coconut Tree Disease Dataset/Stem Bleeding/StemBleeding199.jpg,,,,,,disease-class=3_trunk_disease
StemBleeding200,disease/Stem Bleeding,Dataset/Coconut Tree Disease Dataset/Stem Bleeding/StemBleeding200.jpg,,,,,,disease-class=3_trunk_disease
StemBleeding201,disease/Stem Bleeding,Dataset/Coconut Tree Disease Dataset/Stem Bleeding/StemBleeding201.jpg,,,,,,disease-class=3_trunk_disease
StemBleeding202,disease/Stem Bleeding,Dataset/Coconut Tree Disease Dataset/Stem Bleeding/StemBleeding202.jpg,,,,,,disease-class=3_trunk_disease
StemBleeding203,disease/Stem Bleeding,Dataset/Coconut Tree Disease Dataset/Stem Bleeding/StemBleeding203.jpg,,,,,,disease-class=3_trunk_disease
StemBleeding204,disease/Stem Bleeding,Dataset/Coconut Tree Disease Dataset/Stem Bleeding/StemBleeding204.jpg,,,,,,disease-class=3_trunk_disease
StemBleeding205,disease/Stem Bleeding,Dataset/Coconut Tree Disease Dataset/Stem Bleeding/StemBleeding205.jpg,,,,,,disease-class=3_trunk_disease
StemBleeding206,disease/Stem Bleeding,Dataset/Coconut Tree Disease Dataset/Stem Bleeding/StemBleeding206.jpg,,,,,,disease-class=3_trunk_disease
StemBleeding207,disease/Stem Bleeding,Dataset/Coconut Tree Disease Dataset/Stem Bleeding/StemBleeding207.jpg,,,,,,disease-class=3_trunk_disease
StemBleeding208,disease/Stem Bleeding,Dataset/Coconut Tree Disease Dataset/Stem Bleeding/StemBleeding208.jpg,,,,,,disease-class=3_trunk_disease
StemBleeding209,disease/Stem Bleeding,Dataset/Coconut Tree Disease Dataset/Stem Bleeding/StemBleeding209.jpg,,,,,,disease-class=3_trunk_disease
StemBleeding210,disease/Stem Bleeding,Dataset/Coconut Tree Disease Dataset/Stem Bleeding/StemBleeding210.jpg,,,,,,disease-class=3_trunk_disease
StemBleeding211,disease/Stem Bleeding,Dataset/Coconut Tree Disease Dataset/Stem Bleeding/StemBleeding211.jpg,,,,,,disease-class=3_trunk_disease
StemBleeding212,disease/Stem Bleeding,Dataset/Coconut Tree Disease Dataset/Stem Bleeding/StemBleeding212.jpg,,,,,,disease-class=3_trunk_disease
StemBleeding213,disease/Stem Bleeding,Dataset/Coconut Tree Disease Dataset/Stem Bleeding/StemBleeding213.jpg,,,,,,disease-class=3_trunk_disease
StemBleeding214,disease/Stem Bleeding,Dataset/Coconut Tree Disease Dataset/Stem Bleeding/StemBleeding214.jpg,,,,,,disease-class=3_trunk_disease
StemBleeding215,disease/Stem Bleeding,Dataset/Coconut Tree Disease Dataset/Stem Bleeding/StemBleeding215.jpg,,,,,,disease-class=3_trunk_disease
StemBleeding216,disease/Stem Bleeding,Dataset/Coconut Tree Disease Dataset/Stem Bleeding/StemBleeding216.jpg,,,,,,disease-class=3_trunk_disease
StemBleeding217,disease/Stem Bleeding,Dataset/Coconut Tree Disease Dataset/Stem Bleeding/StemBleeding217.jpg,,,,,,disease-class=3_trunk_disease
StemBleeding218,disease/Stem Bleeding,Dataset/Coconut Tree Disease Dataset/Stem Bleeding/StemBleeding218.jpg,,,,,,disease-class=3_trunk_disease
StemBleeding219,disease/Stem Bleeding,Dataset/Coconut Tree Disease Dataset/Stem Bleeding/StemBleeding219.jpg,,,,,,disease-class=3_trunk_disease
StemBleeding220,disease/Stem Bleeding,Dataset/Coconut Tree Disease Dataset/Stem Bleeding/StemBleeding220.jpg,,,,,,disease-class=3_trunk_disease
StemBleeding221,disease/Stem Bleeding,Dataset/Coconut Tree Disease Dataset/Stem Bleeding/StemBleeding221.jpg,,,,,,disease-class=3_trunk_disease
StemBleeding222,disease/Stem Bleeding,Dataset/Coconut Tree Disease Dataset/Stem Bleeding/StemBleeding222.jpg,,,,,,disease-class=3_trunk_disease
StemBleeding223,disease/Stem Bleeding,Dataset/Coconut Tree Disease Dataset/Stem Bleeding/StemBleeding223.jpg,,,,,,disease-class=3_trunk_disease
StemBleeding224,disease/Stem Bleeding,Dataset/Coconut Tree Disease Dataset/Stem Bleeding/StemBleeding224.jpg,,,,,,disease-class=3_trunk_disease
StemBleeding225,disease/Stem Bleeding,Dataset/Coconut Tree Disease Dataset/Stem Bleeding/StemBleeding225.jpg,,,,,,disease-class=3_trunk_disease
StemBleeding226,disease/Stem Bleeding,Dataset/Coconut Tree Disease Dataset/Stem Bleeding/StemBleeding226.jpg,,,,,,disease-class=3_trunk_disease
StemBleeding227,disease/Stem Bleeding,Dataset/Coconut Tree Disease Dataset/Stem Bleeding/StemBleeding227.jpg,,,,,,disease-class=3_trunk_disease
StemBleeding228,disease/Stem Bleeding,Dataset/Coconut Tree Disease Dataset/Stem Bleeding/StemBleeding228.jpg,,,,,,disease-class=3_trunk_disease
StemBleeding229,disease/Stem Bleeding,Dataset/Coconut Tree Disease Dataset/Stem Bleeding/StemBleeding229.jpg,,,,,,disease-class=3_trunk_disease
StemBleeding230,disease/Stem Bleeding,Dataset/Coconut Tree Disease Dataset/Stem Bleeding/StemBleeding230.jpg,,,,,,disease-class=3_trunk_disease
StemBleeding231,disease/Stem Bleeding,Dataset/Coconut Tree Disease Dataset/Stem Bleeding/StemBleeding231.jpg,,,,,,disease-class=3_trunk_disease
StemBleeding232,disease/Stem Bleeding,Dataset/Coconut Tree Disease Dataset/Stem Bleeding/StemBleeding232.jpg,,,,,,disease-class=3_trunk_disease
StemBleeding233,disease/Stem Bleeding,Dataset/Coconut Tree Disease Dataset/Stem Bleeding/StemBleeding233.jpg,,,,,,disease-class=3_trunk_disease
StemBleeding234,disease/Stem Bleeding,Dataset/Coconut Tree Disease Dataset/Stem Bleeding/StemBleeding234.jpg,,,,,,disease-class=3_trunk_disease
StemBleeding235,disease/Stem Bleeding,Dataset/Coconut Tree Disease Dataset/Stem Bleeding/StemBleeding235.jpg,,,,,,disease-class=3_trunk_disease
StemBleeding236,disease/Stem Bleeding,Dataset/Coconut Tree Disease Dataset/Stem Bleeding/StemBleeding236.jpg,,,,,,disease-class=3_trunk_disease
StemBleeding237,disease/Stem Bleeding,Dataset/Coconut Tree Disease Dataset/Stem Bleeding/StemBleeding237.jpg,,,,,,disease-class=3_trunk_disease
StemBleeding238,disease/Stem Bleeding,Dataset/Coconut Tree Disease Dataset/Stem Bleeding/StemBleeding238.jpg,,,,,,disease-class=3_trunk_disease
StemBleeding239,disease/Stem Bleeding,Dataset/Coconut Tree Disease Dataset/Stem Bleeding/StemBleeding239.jpg,,,,,,disease-class=3_trunk_disease
StemBleeding240,disease/Stem Bleeding,Dataset/Coconut Tree Disease Dataset/Stem Bleeding/StemBleeding240.jpg,,,,,,disease-class=3_trunk_disease
StemBleeding241,disease/Stem Bleeding,Dataset/Coconut Tree Disease Dataset/Stem Bleeding/StemBleeding241.jpg,,,,,,disease-class=3_trunk_disease
StemBleeding242,disease/Stem Bleeding,Dataset/Coconut Tree Disease Dataset/Stem Bleeding/StemBleeding242.jpg,,,,,,disease-class=3_trunk_disease
StemBleeding243,disease/Stem Bleeding,Dataset/Coconut Tree Disease Dataset/Stem Bleeding/StemBleeding243.jpg,,,,,,disease-class=3_trunk_disease
StemBleeding244,disease/Stem Bleeding,Dataset/Coconut Tree Disease Dataset/Stem Bleeding/StemBleeding244.jpg,,,,,,disease-class=3_trunk_disease
StemBleeding245,disease/Stem Bleeding,Dataset/Coconut Tree Disease Dataset/Stem Bleeding/StemBleeding245.jpg,,,,,,disease-class=3_trunk_disease
StemBleeding246,disease/Stem Bleeding,Dataset/Coconut Tree Disease Dataset/Stem Bleeding/StemBleeding246.jpg,,,,,,disease-class=3_trunk_disease
StemBleeding247,disease/Stem Bleeding,Dataset/Coconut Tree Disease Dataset/Stem Bleeding/StemBleeding247.jpg,,,,,,disease-class=3_trunk_disease
StemBleeding248,disease/Stem Bleeding,Dataset/Coconut Tree Disease Dataset/Stem Bleeding/StemBleeding248.jpg,,,,,,disease-class=3_trunk_disease
StemBleeding249,disease/Stem Bleeding,Dataset/Coconut Tree Disease Dataset/Stem Bleeding/StemBleeding249.jpg,,,,,,disease-class=3_trunk_disease
StemBleeding250,disease/Stem Bleeding,Dataset/Coconut Tree Disease Dataset/Stem Bleeding/StemBleeding250.jpg,,,,,,disease-class=3_trunk_disease
StemBleeding251,disease/Stem Bleeding,Dataset/Coconut Tree Disease Dataset/Stem Bleeding/StemBleeding251.jpg,,,,,,disease-class=3_trunk_disease
StemBleeding252,disease/Stem Bleeding,Dataset/Coconut Tree Disease Dataset/Stem Bleeding/StemBleeding252.jpg,,,,,,disease-class=3_trunk_disease
StemBleeding253,disease/Stem Bleeding,Dataset/Coconut Tree Disease Dataset/Stem Bleeding/StemBleeding253.jpg,,,,,,disease-class=3_trunk_disease
StemBleeding254,disease/Stem Bleeding,Dataset/Coconut Tree Disease Dataset/Stem Bleeding/StemBleeding254.jpg,,,,,,disease-class=3_trunk_disease
StemBleeding255,disease/Stem Bleeding,Dataset/Coconut Tree Disease Dataset/Stem Bleeding/StemBleeding255.jpg,,,,,,disease-class=3_trunk_disease
StemBleeding256,disease/Stem Bleeding,Dataset/Coconut Tree Disease Dataset/Stem Bleeding/StemBleeding256.jpg,,,,,,disease-class=3_trunk_disease
StemBleeding257,disease/Stem Bleeding,Dataset/Coconut Tree Disease Dataset/Stem Bleeding/StemBleeding257.jpg,,,,,,disease-class=3_trunk_disease
StemBleeding258,disease/Stem Bleeding,Dataset/Coconut Tree Disease Dataset/Stem Bleeding/StemBleeding258.jpg,,,,,,disease-class=3_trunk_disease
StemBleeding259,disease/Stem Bleeding,Dataset/Coconut Tree Disease Dataset/Stem Bleeding/StemBleeding259.jpg,,,,,,disease-class=3_trunk_disease
StemBleeding260,disease/Stem Bleeding,Dataset/Coconut Tree Disease Dataset/Stem Bleeding/StemBleeding260.jpg,,,,,,disease-class=3_trunk_disease
StemBleeding261,disease/Stem Bleeding,Dataset/Coconut Tree Disease Dataset/Stem Bleeding/StemBleeding261.jpg,,,,,,disease-class=3_trunk_disease
StemBleeding262,disease/Stem Bleeding,Dataset/Coconut Tree Disease Dataset/Stem Bleeding/StemBleeding262.jpg,,,,,,disease-class=3_trunk_disease
StemBleeding263,disease/Stem Bleeding,Dataset/Coconut Tree Disease Dataset/Stem Bleeding/StemBleeding263.jpg,,,,,,disease-class=3_trunk_disease
StemBleeding264,disease/Stem Bleeding,Dataset/Coconut Tree Disease Dataset/Stem Bleeding/StemBleeding264.jpg,,,,,,disease-class=3_trunk_disease
StemBleeding265,disease/Stem Bleeding,Dataset/Coconut Tree Disease Dataset/Stem Bleeding/StemBleeding265.jpg,,,,,,disease-class=3_trunk_disease
StemBleeding266,disease/Stem Bleeding,Dataset/Coconut Tree Disease Dataset/Stem Bleeding/StemBleeding266.jpg,,,,,,disease-class=3_trunk_disease
StemBleeding267,disease/Stem Bleeding,Dataset/Coconut Tree Disease Dataset/Stem Bleeding/StemBleeding267.jpg,,,,,,disease-class=3_trunk_disease
StemBleeding268,disease/Stem Bleeding,Dataset/Coconut Tree Disease Dataset/Stem Bleeding/StemBleeding268.jpg,,,,,,disease-class=3_trunk_disease
StemBleeding269,disease/Stem Bleeding,Dataset/Coconut Tree Disease Dataset/Stem Bleeding/StemBleeding269.jpg,,,,,,disease-class=3_trunk_disease
StemBleeding270,disease/Stem Bleeding,Dataset/Coconut Tree Disease Dataset/Stem Bleeding/StemBleeding270.jpg,,,,,,disease-class=3_trunk_disease
StemBleeding271,disease/Stem Bleeding,Dataset/Coconut Tree Disease Dataset/Stem Bleeding/StemBleeding271.jpg,,,,,,disease-class=3_trunk_disease
StemBleeding272,disease/Stem Bleeding,Dataset/Coconut Tree Disease Dataset/Stem Bleeding/StemBleeding272.jpg,,,,,,disease-class=3_trunk_disease
StemBleeding273,disease/Stem Bleeding,Dataset/Coconut Tree Disease Dataset/Stem Bleeding/StemBleeding273.jpg,,,,,,disease-class=3_trunk_disease
StemBleeding274,disease/Stem Bleeding,Dataset/Coconut Tree Disease Dataset/Stem Bleeding/StemBleeding274.jpg,,,,,,disease-class=3_trunk_disease
StemBleeding275,disease/Stem Bleeding,Dataset/Coconut Tree Disease Dataset/Stem Bleeding/StemBleeding275.jpg,,,,,,disease-class=3_trunk_disease
StemBleeding276,disease/Stem Bleeding,Dataset/Coconut Tree Disease Dataset/Stem Bleeding/StemBleeding276.jpg,,,,,,disease-class=3_trunk_disease
StemBleeding277,disease/Stem Bleeding,Dataset/Coconut Tree Disease Dataset/Stem Bleeding/StemBleeding277.jpg,,,,,,disease-class=3_trunk_disease
StemBleeding278,disease/Stem Bleeding,Dataset/Coconut Tree Disease Dataset/Stem Bleeding/StemBleeding278.jpg,,,,,,disease-class=3_trunk_disease
StemBleeding279,disease/Stem Bleeding,Dataset/Coconut Tree Disease Dataset/Stem Bleeding/StemBleeding279.jpg,,,,,,disease-class=3_trunk_disease
StemBleeding280,disease/Stem Bleeding,Dataset/Coconut Tree Disease Dataset/Stem Bleeding/StemBleeding280.jpg,,,,,,disease-class=3_trunk_disease
StemBleeding281,disease/Stem Bleeding,Dataset/Coconut Tree Disease Dataset/Stem Bleeding/StemBleeding281.jpg,,,,,,disease-class=3_trunk_disease
StemBleeding282,disease/Stem Bleeding,Dataset/Coconut Tree Disease Dataset/Stem Bleeding/StemBleeding282.jpg,,,,,,disease-class=3_trunk_disease
StemBleeding283,disease/Stem Bleeding,Dataset/Coconut Tree Disease Dataset/Stem Bleeding/StemBleeding283.jpg,,,,,,disease-class=3_trunk_disease
StemBleeding284,disease/Stem Bleeding,Dataset/Coconut Tree Disease Dataset/Stem Bleeding/StemBleeding284.jpg,,,,,,disease-class=3_trunk_disease
StemBleeding285,disease/Stem Bleeding,Dataset/Coconut Tree Disease Dataset/Stem Bleeding/StemBleeding285.jpg,,,,,,disease-class=3_trunk_disease
StemBleeding286,disease/Stem Bleeding,Dataset/Coconut Tree Disease Dataset/Stem Bleeding/StemBleeding286.jpg,,,,,,disease-class=3_trunk_disease
StemBleeding287,disease/Stem Bleeding,Dataset/Coconut Tree Disease Dataset/Stem Bleeding/StemBleeding287.jpg,,,,,,disease-class=3_trunk_disease
StemBleeding288,disease/Stem Bleeding,Dataset/Coconut Tree Disease Dataset/Stem Bleeding/StemBleeding288.jpg,,,,,,disease-class=3_trunk_disease
StemBleeding289,disease/Stem Bleeding,Dataset/Coconut Tree Disease Dataset/Stem Bleeding/StemBleeding289.jpg,,,,,,disease-class=3_trunk_disease
StemBleeding290,disease/Stem Bleeding,Dataset/Coconut Tree Disease Dataset/Stem Bleeding/StemBleeding290.jpg,,,,,,disease-class=3_trunk_disease
StemBleeding291,disease/Stem Bleeding,Dataset/Coconut Tree Disease Dataset/Stem Bleeding/StemBleeding291.jpg,,,,,,disease-class=3_trunk_disease
StemBleeding292,disease/Stem Bleeding,Dataset/Coconut Tree Disease Dataset/Stem Bleeding/StemBleeding292.jpg,,,,,,disease-class=3_trunk_disease
StemBleeding293,disease/Stem Bleeding,Dataset/Coconut Tree Disease Dataset/Stem Bleeding/StemBleeding293.jpg,,,,,,disease-class=3_trunk_disease
StemBleeding294,disease/Stem Bleeding,Dataset/Coconut Tree Disease Dataset/Stem Bleeding/StemBleeding294.jpg,,,,,,disease-class=3_trunk_disease
StemBleeding295,disease/Stem Bleeding,Dataset/Coconut Tree Disease Dataset/Stem Bleeding/StemBleeding295.jpg,,,,,,disease-class=3_trunk_disease
StemBleeding296,disease/Stem Bleeding,Dataset/Coconut Tree Disease Dataset/Stem Bleeding/StemBleeding296.jpg,,,,,,disease-class=3_trunk_disease
StemBleeding297,disease/Stem Bleeding,Dataset/Coconut Tree Disease Dataset/Stem Bleeding/StemBleeding297.jpg,,,,,,disease-class=3_trunk_disease
StemBleeding298,disease/Stem Bleeding,Dataset/Coconut Tree Disease Dataset/Stem Bleeding/StemBleeding298.jpg,,,,,,disease-class=3_trunk_disease
StemBleeding299,disease/Stem Bleeding,Dataset/Coconut Tree Disease Dataset/Stem Bleeding/StemBleeding299.jpg,,,,,,disease-class=3_trunk_disease
StemBleeding300,disease/Stem Bleeding,Dataset/Coconut Tree Disease Dataset/Stem Bleeding/StemBleeding300.jpg,,,,,,disease-class=3_trunk_disease
StemBleeding301,disease/Stem Bleeding,Dataset/Coconut Tree Disease Dataset/Stem Bleeding/StemBleeding301.jpg,,,,,,disease-class=3_trunk_disease
StemBleeding302,disease/Stem Bleeding,Dataset/Coconut Tree Disease Dataset/Stem Bleeding/StemBleeding302.jpg,,,,,,disease-class=3_trunk_disease
StemBleeding303,disease/Stem Bleeding,Dataset/Coconut Tree Disease Dataset/Stem Bleeding/StemBleeding303.jpg,,,,,,disease-class=3_trunk_disease
StemBleeding304,disease/Stem Bleeding,Dataset/Coconut Tree Disease Dataset/Stem Bleeding/StemBleeding304.jpg,,,,,,disease-class=3_trunk_disease
StemBleeding305,disease/Stem Bleeding,Dataset/Coconut Tree Disease Dataset/Stem Bleeding/StemBleeding305.jpg,,,,,,disease-class=3_trunk_disease
StemBleeding306,disease/Stem Bleeding,Dataset/Coconut Tree Disease Dataset/Stem Bleeding/StemBleeding306.jpg,,,,,,disease-class=3_trunk_disease
StemBleeding307,disease/Stem Bleeding,Dataset/Coconut Tree Disease Dataset/Stem Bleeding/StemBleeding307.jpg,,,,,,disease-class=3_trunk_disease
StemBleeding308,disease/Stem Bleeding,Dataset/Coconut Tree Disease Dataset/Stem Bleeding/StemBleeding308.jpg,,,,,,disease-class=3_trunk_disease
StemBleeding309,disease/Stem Bleeding,Dataset/Coconut Tree Disease Dataset/Stem Bleeding/StemBleeding309.jpg,,,,,,disease-class=3_trunk_disease
StemBleeding310,disease/Stem Bleeding,Dataset/Coconut Tree Disease Dataset/Stem Bleeding/StemBleeding310.jpg,,,,,,disease-class=3_trunk_disease
StemBleeding311,disease/Stem Bleeding,Dataset/Coconut Tree Disease Dataset/Stem Bleeding/StemBleeding311.jpg,,,,,,disease-class=3_trunk_disease
StemBleeding312,disease/Stem Bleeding,Dataset/Coconut Tree Disease Dataset/Stem Bleeding/StemBleeding312.jpg,,,,,,disease-class=3_trunk_disease
StemBleeding313,disease/Stem Bleeding,Dataset/Coconut Tree Disease Dataset/Stem Bleeding/StemBleeding313.jpg,,,,,,disease-class=3_trunk_disease
StemBleeding314,disease/Stem Bleeding,Dataset/Coconut Tree Disease Dataset/Stem Bleeding/StemBleeding314.jpg,,,,,,disease-class=3_trunk_disease
StemBleeding315,disease/Stem Bleeding,Dataset/Coconut Tree Disease Dataset/Stem Bleeding/StemBleeding315.jpg,,,,,,disease-class=3_trunk_disease
StemBleeding316,disease/Stem Bleeding,Dataset/Coconut Tree Disease Dataset/Stem Bleeding/StemBleeding316.jpg,,,,,,disease-class=3_trunk_disease
StemBleeding317,disease/Stem Bleeding,Dataset/Coconut Tree Disease Dataset/Stem Bleeding/StemBleeding317.jpg,,,,,,disease-class=3_trunk_disease
StemBleeding318,disease/Stem Bleeding,Dataset/Coconut Tree Disease Dataset/Stem Bleeding/StemBleeding318.jpg,,,,,,disease-class=3_trunk_disease
StemBleeding319,disease/Stem Bleeding,Dataset/Coconut Tree Disease Dataset/Stem Bleeding/StemBleeding319.jpg,,,,,,disease-class=3_trunk_disease
StemBleeding320,disease/Stem Bleeding,Dataset/Coconut Tree Disease Dataset/Stem Bleeding/StemBleeding320.jpg,,,,,,disease-class=3_trunk_disease
StemBleeding321,disease/Stem Bleeding,Dataset/Coconut Tree Disease Dataset/Stem Bleeding/StemBleeding321.jpg,,,,,,disease-class=3_trunk_disease
StemBleeding322,disease/Stem Bleeding,Dataset/Coconut Tree Disease Dataset/Stem Bleeding/StemBleeding322.jpg,,,,,,disease-class=3_trunk_disease
StemBleeding323,disease/Stem Bleeding,Dataset/Coconut Tree Disease Dataset/Stem Bleeding/StemBleeding323.jpg,,,,,,disease-class=3_trunk_disease
StemBleeding324,disease/Stem Bleeding,Dataset/Coconut Tree Disease Dataset/Stem Bleeding/StemBleeding324.jpg,,,,,,disease-class=3_trunk_disease
StemBleeding325,disease/Stem Bleeding,Dataset/Coconut Tree Disease Dataset/Stem Bleeding/StemBleeding325.jpg,,,,,,disease-class=3_trunk_disease
StemBleeding326,disease/Stem Bleeding,Dataset/Coconut Tree Disease Dataset/Stem Bleeding/StemBleeding326.jpg,,,,,,disease-class=3_trunk_disease
StemBleeding327,disease/Stem Bleeding,Dataset/Coconut Tree Disease Dataset/Stem Bleeding/StemBleeding327.jpg,,,,,,disease-class=3_trunk_disease
StemBleeding328,disease/Stem Bleeding,Dataset/Coconut Tree Disease Dataset/Stem Bleeding/StemBleeding328.jpg,,,,,,disease-class=3_trunk_disease
StemBleeding329,disease/Stem Bleeding,Dataset/Coconut Tree Disease Dataset/Stem Bleeding/StemBleeding329.jpg,,,,,,disease-class=3_trunk_disease
StemBleeding330,disease/Stem Bleeding,Dataset/Coconut Tree Disease Dataset/Stem Bleeding/StemBleeding330.jpg,,,,,,disease-class=3_trunk_disease
StemBleeding331,disease/Stem Bleeding,Dataset/Coconut Tree Disease Dataset/Stem Bleeding/StemBleeding331.jpg,,,,,,disease-class=3_trunk_disease
StemBleeding332,disease/Stem Bleeding,Dataset/Coconut Tree Disease Dataset/Stem Bleeding/StemBleeding332.jpg,,,,,,disease-class=3_trunk_disease
StemBleeding333,disease/Stem Bleeding,Dataset/Coconut Tree Disease Dataset/Stem Bleeding/StemBleeding333.jpg,,,,,,disease-class=3_trunk_disease
StemBleeding334,disease/Stem Bleeding,Dataset/Coconut Tree Disease Dataset/Stem Bleeding/StemBleeding334.jpg,,,,,,disease-class=3_trunk_disease
StemBleeding335,disease/Stem Bleeding,Dataset/Coconut Tree Disease Dataset/Stem Bleeding/StemBleeding335.jpg,,,,,,disease-class=3_trunk_disease
StemBleeding336,disease/Stem Bleeding,Dataset/Coconut Tree Disease Dataset/Stem Bleeding/StemBleeding336.jpg,,,,,,disease-class=3_trunk_disease
StemBleeding337,disease/Stem Bleeding,Dataset/Coconut Tree Disease Dataset/Stem Bleeding/StemBleeding337.jpg,,,,,,disease-class=3_trunk_disease
StemBleeding338,disease/Stem Bleeding,Dataset/Coconut Tree Disease Dataset/Stem Bleeding/StemBleeding338.jpg,,,,,,disease-class=3_trunk_disease
StemBleeding339,disease/Stem Bleeding,Dataset/Coconut Tree Disease Dataset/Stem Bleeding/StemBleeding339.jpg,,,,,,disease-class=3_trunk_disease
StemBleeding340,disease/Stem Bleeding,Dataset/Coconut Tree Disease Dataset/Stem Bleeding/StemBleeding340.jpg,,,,,,disease-class=3_trunk_disease
StemBleeding341,disease/Stem Bleeding,Dataset/Coconut Tree Disease Dataset/Stem Bleeding/StemBleeding341.jpg,,,,,,disease-class=3_trunk_disease
StemBleeding342,disease/Stem Bleeding,Dataset/Coconut Tree Disease Dataset/Stem Bleeding/StemBleeding342.jpg,,,,,,disease-class=3_trunk_disease
StemBleeding343,disease/Stem Bleeding,Dataset/Coconut Tree Disease Dataset/Stem Bleeding/StemBleeding343.jpg,,,,,,disease-class=3_trunk_disease
StemBleeding344,disease/Stem Bleeding,Dataset/Coconut Tree Disease Dataset/Stem Bleeding/StemBleeding344.jpg,,,,,,disease-class=3_trunk_disease
StemBleeding345,disease/Stem Bleeding,Dataset/Coconut Tree Disease Dataset/Stem Bleeding/StemBleeding345.jpg,,,,,,disease-class=3_trunk_disease
StemBleeding346,disease/Stem Bleeding,Dataset/Coconut Tree Disease Dataset/Stem Bleeding/StemBleeding346.jpg,,,,,,disease-class=3_trunk_disease
StemBleeding347,disease/Stem Bleeding,Dataset/Coconut Tree Disease Dataset/Stem Bleeding/StemBleeding347.jpg,,,,,,disease-class=3_trunk_disease
StemBleeding348,disease/Stem Bleeding,Dataset/Coconut Tree Disease Dataset/Stem Bleeding/StemBleeding348.jpg,,,,,,disease-class=3_trunk_disease
StemBleeding349,disease/Stem Bleeding,Dataset/Coconut Tree Disease Dataset/Stem Bleeding/StemBleeding349.jpg,,,,,,disease-class=3_trunk_disease
StemBleeding350,disease/Stem Bleeding,Dataset/Coconut Tree Disease Dataset/Stem Bleeding/StemBleeding350.jpg,,,,,,disease-class=3_trunk_disease
StemBleeding351,disease/Stem Bleeding,Dataset/Coconut Tree Disease Dataset/Stem Bleeding/StemBleeding351.jpg,,,,,,disease-class=3_trunk_disease
StemBleeding352,disease/Stem Bleeding,Dataset/Coconut Tree Disease Dataset/Stem Bleeding/StemBleeding352.jpg,,,,,,disease-class=3_trunk_disease
StemBleeding353,disease/Stem Bleeding,Dataset/Coconut Tree Disease Dataset/Stem Bleeding/StemBleeding353.jpg,,,,,,disease-class=3_trunk_disease
StemBleeding354,disease/Stem Bleeding,Dataset/Coconut Tree Disease Dataset/Stem Bleeding/StemBleeding354.jpg,,,,,,disease-class=3_trunk_disease
StemBleeding355,disease/Stem Bleeding,Dataset/Coconut Tree Disease Dataset/Stem Bleeding/StemBleeding355.jpg,,,,,,disease-class=3_trunk_disease
StemBleeding356,disease/Stem Bleeding,Dataset/Coconut Tree Disease Dataset/Stem Bleeding/StemBleeding356.jpg,,,,,,disease-class=3_trunk_disease
StemBleeding357,disease/Stem Bleeding,Dataset/Coconut Tree Disease Dataset/Stem Bleeding/StemBleeding357.jpg,,,,,,disease-class=3_trunk_disease
StemBleeding358,disease/Stem Bleeding,Dataset/Coconut Tree Disease Dataset/Stem Bleeding/StemBleeding358.jpg,,,,,,disease-class=3_trunk_disease
StemBleeding359,disease/Stem Bleeding,Dataset/Coconut Tree Disease Dataset/Stem Bleeding/StemBleeding359.jpg,,,,,,disease-class=3_trunk_disease
StemBleeding360,disease/Stem Bleeding,Dataset/Coconut Tree Disease Dataset/Stem Bleeding/StemBleeding360.jpg,,,,,,disease-class=3_trunk_disease
StemBleeding361,disease/Stem Bleeding,Dataset/Coconut Tree Disease Dataset/Stem Bleeding/StemBleeding361.jpg,,,,,,disease-class=3_trunk_disease
StemBleeding362,disease/Stem Bleeding,Dataset/Coconut Tree Disease Dataset/Stem Bleeding/StemBleeding362.jpg,,,,,,disease-class=3_trunk_disease
StemBleeding363,disease/Stem Bleeding,Dataset/Coconut Tree Disease Dataset/Stem Bleeding/StemBleeding363.jpg,,,,,,disease-class=3_trunk_disease
StemBleeding364,disease/Stem Bleeding,Dataset/Coconut Tree Disease Dataset/Stem Bleeding/StemBleeding364.jpg,,,,,,disease-class=3_trunk_disease
StemBleeding365,disease/Stem Bleeding,Dataset/Coconut Tree Disease Dataset/Stem Bleeding/StemBleeding365.jpg,,,,,,disease-class=3_trunk_disease
StemBleeding366,disease/Stem Bleeding,Dataset/Coconut Tree Disease Dataset/Stem Bleeding/StemBleeding366.jpg,,,,,,disease-class=3_trunk_disease
StemBleeding367,disease/Stem Bleeding,Dataset/Coconut Tree Disease Dataset/Stem Bleeding/StemBleeding367.jpg,,,,,,disease-class=3_trunk_disease
StemBleeding368,disease/Stem Bleeding,Dataset/Coconut Tree Disease Dataset/Stem Bleeding/StemBleeding368.jpg,,,,,,disease-class=3_trunk_disease
StemBleeding369,disease/Stem Bleeding,Dataset/Coconut Tree Disease Dataset/Stem Bleeding/StemBleeding369.jpg,,,,,,disease-class=3_trunk_disease
StemBleeding370,disease/Stem Bleeding,Dataset/Coconut Tree Disease Dataset/Stem Bleeding/StemBleeding370.jpg,,,,,,disease-class=3_trunk_disease
StemBleeding371,disease/Stem Bleeding,Dataset/Coconut Tree Disease Dataset/Stem Bleeding/StemBleeding371.jpg,,,,,,disease-class=3_trunk_disease
StemBleeding372,disease/Stem Bleeding,Dataset/Coconut Tree Disease Dataset/Stem Bleeding/StemBleeding372.jpg,,,,,,disease-class=3_trunk_disease
StemBleeding373,disease/Stem Bleeding,Dataset/Coconut Tree Disease Dataset/Stem Bleeding/StemBleeding373.jpg,,,,,,disease-class=3_trunk_disease
StemBleeding374,disease/Stem Bleeding,Dataset/Coconut Tree Disease Dataset/Stem Bleeding/StemBleeding374.jpg,,,,,,disease-class=3_trunk_disease
StemBleeding375,disease/Stem Bleeding,Dataset/Coconut Tree Disease Dataset/Stem Bleeding/StemBleeding375.jpg,,,,,,disease-class=3_trunk_disease
StemBleeding376,disease/Stem Bleeding,Dataset/Coconut Tree Disease Dataset/Stem Bleeding/StemBleeding376.jpg,,,,,,disease-class=3_trunk_disease
StemBleeding377,disease/Stem Bleeding,Dataset/Coconut Tree Disease Dataset/Stem Bleeding/StemBleeding377.jpg,,,,,,disease-class=3_trunk_disease
StemBleeding378,disease/Stem Bleeding,Dataset/Coconut Tree Disease Dataset/Stem Bleeding/StemBleeding378.jpg,,,,,,disease-class=3_trunk_disease
StemBleeding379,disease/Stem Bleeding,Dataset/Coconut Tree Disease Dataset/Stem Bleeding/StemBleeding379.jpg,,,,,,disease-class=3_trunk_disease
StemBleeding380,disease/Stem Bleeding,Dataset/Coconut Tree Disease Dataset/Stem Bleeding/StemBleeding380.jpg,,,,,,disease-class=3_trunk_disease
StemBleeding381,disease/Stem Bleeding,Dataset/Coconut Tree Disease Dataset/Stem Bleeding/StemBleeding381.jpg,,,,,,disease-class=3_trunk_disease
StemBleeding382,disease/Stem Bleeding,Dataset/Coconut Tree Disease Dataset/Stem Bleeding/StemBleeding382.jpg,,,,,,disease-class=3_trunk_disease
StemBleeding383,disease/Stem Bleeding,Dataset/Coconut Tree Disease Dataset/Stem Bleeding/StemBleeding383.jpg,,,,,,disease-class=3_trunk_disease
StemBleeding384,disease/Stem Bleeding,Dataset/Coconut Tree Disease Dataset/Stem Bleeding/StemBleeding384.jpg,,,,,,disease-class=3_trunk_disease
StemBleeding385,disease/Stem Bleeding,Dataset/Coconut Tree Disease Dataset/Stem Bleeding/StemBleeding385.jpg,,,,,,disease-class=3_trunk_disease
StemBleeding386,disease/Stem Bleeding,Dataset/Coconut Tree Disease Dataset/Stem Bleeding/StemBleeding386.jpg,,,,,,disease-class=3_trunk_disease
StemBleeding387,disease/Stem Bleeding,Dataset/Coconut Tree Disease Dataset/Stem Bleeding/StemBleeding387.jpg,,,,,,disease-class=3_trunk_disease
StemBleeding388,disease/Stem Bleeding,Dataset/Coconut Tree Disease Dataset/Stem Bleeding/StemBleeding388.jpg,,,,,,disease-class=3_trunk_disease
StemBleeding389,disease/Stem Bleeding,Dataset/Coconut Tree Disease Dataset/Stem Bleeding/StemBleeding389.jpg,,,,,,disease-class=3_trunk_disease
StemBleeding390,disease/Stem Bleeding,Dataset/Coconut Tree Disease Dataset/Stem Bleeding/StemBleeding390.jpg,,,,,,disease-class=3_trunk_disease
StemBleeding391,disease/Stem Bleeding,Dataset/Coconut Tree Disease Dataset/Stem Bleeding/StemBleeding391.jpg,,,,,,disease-class=3_trunk_disease
StemBleeding392,disease/Stem Bleeding,Dataset/Coconut Tree Disease Dataset/Stem Bleeding/StemBleeding392.jpg,,,,,,disease-class=3_trunk_disease
StemBleeding393,disease/Stem Bleeding,Dataset/Coconut Tree Disease Dataset/Stem Bleeding/StemBleeding393.jpg,,,,,,disease-class=3_trunk_disease
StemBleeding394,disease/Stem Bleeding,Dataset/Coconut Tree Disease Dataset/Stem Bleeding/StemBleeding394.jpg,,,,,,disease-class=3_trunk_disease
StemBleeding395,disease/Stem Bleeding,Dataset/Coconut Tree Disease Dataset/Stem Bleeding/StemBleeding395.jpg,,,,,,disease-class=3_trunk_disease
StemBleeding396,disease/Stem Bleeding,Dataset/Coconut Tree Disease Dataset/Stem Bleeding/StemBleeding396.jpg,,,,,,disease-class=3_trunk_disease
StemBleeding397,disease/Stem Bleeding,Dataset/Coconut Tree Disease Dataset/Stem Bleeding/StemBleeding397.jpg,,,,,,disease-class=3_trunk_disease
StemBleeding398,disease/Stem Bleeding,Dataset/Coconut Tree Disease Dataset/Stem Bleeding/StemBleeding398.jpg,,,,,,disease-class=3_trunk_disease
StemBleeding399,disease/Stem Bleeding,Dataset/Coconut Tree Disease Dataset/Stem Bleeding/StemBleeding399.jpg,,,,,,disease-class=3_trunk_disease
StemBleeding400,disease/Stem Bleeding,Dataset/Coconut Tree Disease Dataset/Stem Bleeding/StemBleeding400.jpg,,,,,,disease-class=3_trunk_disease
StemBleeding401,disease/Stem Bleeding,Dataset/Coconut Tree Disease Dataset/Stem Bleeding/StemBleeding401.jpg,,,,,,disease-class=3_trunk_disease
StemBleeding402,disease/Stem Bleeding,Dataset/Coconut Tree Disease Dataset/Stem Bleeding/StemBleeding402.jpg,,,,,,disease-class=3_trunk_disease
StemBleeding403,disease/Stem Bleeding,Dataset/Coconut Tree Disease Dataset/Stem Bleeding/StemBleeding403.jpg,,,,,,disease-class=3_trunk_disease
StemBleeding404,disease/Stem Bleeding,Dataset/Coconut Tree Disease Dataset/Stem Bleeding/StemBleeding404.jpg,,,,,,disease-class=3_trunk_disease
StemBleeding405,disease/Stem Bleeding,Dataset/Coconut Tree Disease Dataset/Stem Bleeding/StemBleeding405.jpg,,,,,,disease-class=3_trunk_disease
StemBleeding406,disease/Stem Bleeding,Dataset/Coconut Tree Disease Dataset/Stem Bleeding/StemBleeding406.jpg,,,,,,disease-class=3_trunk_disease
StemBleeding407,disease/Stem Bleeding,Dataset/Coconut Tree Disease Dataset/Stem Bleeding/StemBleeding407.jpg,,,,,,disease-class=3_trunk_disease
StemBleeding408,disease/Stem Bleeding,Dataset/Coconut Tree Disease Dataset/Stem Bleeding/StemBleeding408.jpg,,,,,,disease-class=3_trunk_disease
StemBleeding409,disease/Stem Bleeding,Dataset/Coconut Tree Disease Dataset/Stem Bleeding/StemBleeding409.jpg,,,,,,disease-class=3_trunk_disease
StemBleeding410,disease/Stem Bleeding,Dataset/Coconut Tree Disease Dataset/Stem Bleeding/StemBleeding410.jpg,,,,,,disease-class=3_trunk_disease
StemBleeding411,disease/Stem Bleeding,Dataset/Coconut Tree Disease Dataset/Stem Bleeding/StemBleeding411.jpg,,,,,,disease-class=3_trunk_disease
StemBleeding412,disease/Stem Bleeding,Dataset/Coconut Tree Disease Dataset/Stem Bleeding/StemBleeding412.jpg,,,,,,disease-class=3_trunk_disease
StemBleeding413,disease/Stem Bleeding,Dataset/Coconut Tree Disease Dataset/Stem Bleeding/StemBleeding413.jpg,,,,,,disease-class=3_trunk_disease
StemBleeding414,disease/Stem Bleeding,Dataset/Coconut Tree Disease Dataset/Stem Bleeding/StemBleeding414.jpg,,,,,,disease-class=3_trunk_disease
StemBleeding415,disease/Stem Bleeding,Dataset/Coconut Tree Disease Dataset/Stem Bleeding/StemBleeding415.jpg,,,,,,disease-class=3_trunk_disease
StemBleeding416,disease/Stem Bleeding,Dataset/Coconut Tree Disease Dataset/Stem Bleeding/StemBleeding416.jpg,,,,,,disease-class=3_trunk_disease
StemBleeding417,disease/Stem Bleeding,Dataset/Coconut Tree Disease Dataset/Stem Bleeding/StemBleeding417.jpg,,,,,,disease-class=3_trunk_disease
StemBleeding418,disease/Stem Bleeding,Dataset/Coconut Tree Disease Dataset/Stem Bleeding/StemBleeding418.jpg,,,,,,disease-class=3_trunk_disease
StemBleeding419,disease/Stem Bleeding,Dataset/Coconut Tree Disease Dataset/Stem Bleeding/StemBleeding419.jpg,,,,,,disease-class=3_trunk_disease
StemBleeding420,disease/Stem Bleeding,Dataset/Coconut Tree Disease Dataset/Stem Bleeding/StemBleeding420.jpg,,,,,,disease-class=3_trunk_disease
StemBleeding421,disease/Stem Bleeding,Dataset/Coconut Tree Disease Dataset/Stem Bleeding/StemBleeding421.jpg,,,,,,disease-class=3_trunk_disease
StemBleeding422,disease/Stem Bleeding,Dataset/Coconut Tree Disease Dataset/Stem Bleeding/StemBleeding422.jpg,,,,,,disease-class=3_trunk_disease
StemBleeding423,disease/Stem Bleeding,Dataset/Coconut Tree Disease Dataset/Stem Bleeding/StemBleeding423.jpg,,,,,,disease-class=3_trunk_disease
StemBleeding424,disease/Stem Bleeding,Dataset/Coconut Tree Disease Dataset/Stem Bleeding/StemBleeding424.jpg,,,,,,disease-class=3_trunk_disease
StemBleeding425,disease/Stem Bleeding,Dataset/Coconut Tree Disease Dataset/Stem Bleeding/StemBleeding425.jpg,,,,,,disease-class=3_trunk_disease
StemBleeding426,disease/Stem Bleeding,Dataset/Coconut Tree Disease Dataset/Stem Bleeding/StemBleeding426.jpg,,,,,,disease-class=3_trunk_disease
StemBleeding427,disease/Stem Bleeding,Dataset/Coconut Tree Disease Dataset/Stem Bleeding/StemBleeding427.jpg,,,,,,disease-class=3_trunk_disease
StemBleeding428,disease/Stem Bleeding,Dataset/Coconut Tree Disease Dataset/Stem Bleeding/StemBleeding428.jpg,,,,,,disease-class=3_trunk_disease
StemBleeding429,disease/Stem Bleeding,Dataset/Coconut Tree Disease Dataset/Stem Bleeding/StemBleeding429.jpg,,,,,,disease-class=3_trunk_disease
StemBleeding430,disease/Stem Bleeding,Dataset/Coconut Tree Disease Dataset/Stem Bleeding/StemBleeding430.jpg,,,,,,disease-class=3_trunk_disease
StemBleeding431,disease/Stem Bleeding,Dataset/Coconut Tree Disease Dataset/Stem Bleeding/StemBleeding431.jpg,,,,,,disease-class=3_trunk_disease
StemBleeding432,disease/Stem Bleeding,Dataset/Coconut Tree Disease Dataset/Stem Bleeding/StemBleeding432.jpg,,,,,,disease-class=3_trunk_disease
StemBleeding433,disease/Stem Bleeding,Dataset/Coconut Tree Disease Dataset/Stem Bleeding/StemBleeding433.jpg,,,,,,disease-class=3_trunk_disease
StemBleeding434,disease/Stem Bleeding,Dataset/Coconut Tree Disease Dataset/Stem Bleeding/StemBleeding434.jpg,,,,,,disease-class=3_trunk_disease
StemBleeding435,disease/Stem Bleeding,Dataset/Coconut Tree Disease Dataset/Stem Bleeding/StemBleeding435.jpg,,,,,,disease-class=3_trunk_disease
StemBleeding436,disease/Stem Bleeding,Dataset/Coconut Tree Disease Dataset/Stem Bleeding/StemBleeding436.jpg,,,,,,disease-class=3_trunk_disease
StemBleeding437,disease/Stem Bleeding,Dataset/Coconut Tree Disease Dataset/Stem Bleeding/StemBleeding437.jpg,,,,,,disease-class=3_trunk_disease
StemBleeding438,disease/Stem Bleeding,Dataset/Coconut Tree Disease Dataset/Stem Bleeding/StemBleeding438.jpg,,,,,,disease-class=3_trunk_disease
StemBleeding439,disease/Stem Bleeding,Dataset/Coconut Tree Disease Dataset/Stem Bleeding/StemBleeding439.jpg,,,,,,disease-class=3_trunk_disease
StemBleeding440,disease/Stem Bleeding,Dataset/Coconut Tree Disease Dataset/Stem Bleeding/StemBleeding440.jpg,,,,,,disease-class=3_trunk_disease
StemBleeding441,disease/Stem Bleeding,Dataset/Coconut Tree Disease Dataset/Stem Bleeding/StemBleeding441.jpg,,,,,,disease-class=3_trunk_disease
StemBleeding442,disease/Stem Bleeding,Dataset/Coconut Tree Disease Dataset/Stem Bleeding/StemBleeding442.jpg,,,,,,disease-class=3_trunk_disease
StemBleeding443,disease/Stem Bleeding,Dataset/Coconut Tree Disease Dataset/Stem Bleeding/StemBleeding443.jpg,,,,,,disease-class=3_trunk_disease
StemBleeding444,disease/Stem Bleeding,Dataset/Coconut Tree Disease Dataset/Stem Bleeding/StemBleeding444.jpg,,,,,,disease-class=3_trunk_disease
StemBleeding445,disease/Stem Bleeding,Dataset/Coconut Tree Disease Dataset/Stem Bleeding/StemBleeding445.jpg,,,,,,disease-class=3_trunk_disease
StemBleeding446,disease/Stem Bleeding,Dataset/Coconut Tree Disease Dataset/Stem Bleeding/StemBleeding446.jpg,,,,,,disease-class=3_trunk_disease
StemBleeding447,disease/Stem Bleeding,Dataset/Coconut Tree Disease Dataset/Stem Bleeding/StemBleeding447.jpg,,,,,,disease-class=3_trunk_disease
StemBleeding448,disease/Stem Bleeding,Dataset/Coconut Tree Disease Dataset/Stem Bleeding/StemBleeding448.jpg,,,,,,disease-class=3_trunk_disease
StemBleeding449,disease/Stem Bleeding,Dataset/Coconut Tree Disease Dataset/Stem Bleeding/StemBleeding449.jpg,,,,,,disease-class=3_trunk_disease
StemBleeding450,disease/Stem Bleeding,Dataset/Coconut Tree Disease Dataset/Stem Bleeding/StemBleeding450.jpg,,,,,,disease-class=3_trunk_disease
StemBleeding451,disease/Stem Bleeding,Dataset/Coconut Tree Disease Dataset/Stem Bleeding/StemBleeding451.jpg,,,,,,disease-class=3_trunk_disease
StemBleeding452,disease/Stem Bleeding,Dataset/Coconut Tree Disease Dataset/Stem Bleeding/StemBleeding452.jpg,,,,,,disease-class=3_trunk_disease
StemBleeding453,disease/Stem Bleeding,Dataset/Coconut Tree Disease Dataset/Stem Bleeding/StemBleeding453.jpg,,,,,,disease-class=3_trunk_disease
StemBleeding454,disease/Stem Bleeding,Dataset/Coconut Tree Disease Dataset/Stem Bleeding/StemBleeding454.jpg,,,,,,disease-class=3_trunk_disease
StemBleeding455,disease/Stem Bleeding,Dataset/Coconut Tree Disease Dataset/Stem Bleeding/StemBleeding455.jpg,,,,,,disease-class=3_trunk_disease
StemBleeding456,disease/Stem Bleeding,Dataset/Coconut Tree Disease Dataset/Stem Bleeding/StemBleeding456.jpg,,,,,,disease-class=3_trunk_disease
StemBleeding457,disease/Stem Bleeding,Dataset/Coconut Tree Disease Dataset/Stem Bleeding/StemBleeding457.jpg,,,,,,disease-class=3_trunk_disease
StemBleeding458,disease/Stem Bleeding,Dataset/Coconut Tree Disease Dataset/Stem Bleeding/StemBleeding458.jpg,,,,,,disease-class=3_trunk_disease
StemBleeding459,disease/Stem Bleeding,Dataset/Coconut Tree Disease Dataset/Stem Bleeding/StemBleeding459.jpg,,,,,,disease-class=3_trunk_disease
StemBleeding460,disease/Stem Bleeding,Dataset/Coconut Tree Disease Dataset/Stem Bleeding/StemBleeding460.jpg,,,,,,disease-class=3_trunk_disease
StemBleeding461,disease/Stem Bleeding,Dataset/Coconut Tree Disease Dataset/Stem Bleeding/StemBleeding461.jpg,,,,,,disease-class=3_trunk_disease
StemBleeding462,disease/Stem Bleeding,Dataset/Coconut Tree Disease Dataset/Stem Bleeding/StemBleeding462.jpg,,,,,,disease-class=3_trunk_disease
StemBleeding463,disease/Stem Bleeding,Dataset/Coconut Tree Disease Dataset/Stem Bleeding/StemBleeding463.jpg,,,,,,disease-class=3_trunk_disease
StemBleeding464,disease/Stem Bleeding,Dataset/Coconut Tree Disease Dataset/Stem Bleeding/StemBleeding464.jpg,,,,,,disease-class=3_trunk_disease
StemBleeding465,disease/Stem Bleeding,Dataset/Coconut Tree Disease Dataset/Stem Bleeding/StemBleeding465.jpg,,,,,,disease-class=3_trunk_disease
StemBleeding466,disease/Stem Bleeding,Dataset/Coconut Tree Disease Dataset/Stem Bleeding/StemBleeding466.jpg,,,,,,disease-class=3_trunk_disease
StemBleeding467,disease/Stem Bleeding,Dataset/Coconut Tree Disease Dataset/Stem Bleeding/StemBleeding467.jpg,,,,,,disease-class=3_trunk_disease
StemBleeding468,disease/Stem Bleeding,Dataset/Coconut Tree Disease Dataset/Stem Bleeding/StemBleeding468.jpg,,,,,,disease-class=3_trunk_disease
StemBleeding469,disease/Stem Bleeding,Dataset/Coconut Tree Disease Dataset/Stem Bleeding/StemBleeding469.jpg,,,,,,disease-class=3_trunk_disease
StemBleeding470,disease/Stem Bleeding,Dataset/Coconut Tree Disease Dataset/Stem Bleeding/StemBleeding470.jpg,,,,,,disease-class=3_trunk_disease
StemBleeding471,disease/Stem Bleeding,Dataset/Coconut Tree Disease Dataset/Stem Bleeding/StemBleeding471.jpg,,,,,,disease-class=3_trunk_disease
StemBleeding472,disease/Stem Bleeding,Dataset/Coconut Tree Disease Dataset/Stem Bleeding/StemBleeding472.jpg,,,,,,disease-class=3_trunk_disease
StemBleeding473,disease/Stem Bleeding,Dataset/Coconut Tree Disease Dataset/Stem Bleeding/StemBleeding473.jpg,,,,,,disease-class=3_trunk_disease
StemBleeding474,disease/Stem Bleeding,Dataset/Coconut Tree Disease Dataset/Stem Bleeding/StemBleeding474.jpg,,,,,,disease-class=3_trunk_disease
StemBleeding475,disease/Stem Bleeding,Dataset/Coconut Tree Disease Dataset/Stem Bleeding/StemBleeding475.jpg,,,,,,disease-class=3_trunk_disease
StemBleeding476,disease/Stem Bleeding,Dataset/Coconut Tree Disease Dataset/Stem Bleeding/StemBleeding476.jpg,,,,,,disease-class=3_trunk_disease
StemBleeding477,disease/Stem Bleeding,Dataset/Coconut Tree Disease Dataset/Stem Bleeding/StemBleeding477.jpg,,,,,,disease-class=3_trunk_disease
StemBleeding478,disease/Stem Bleeding,Dataset/Coconut Tree Disease Dataset/Stem Bleeding/StemBleeding478.jpg,,,,,,disease-class=3_trunk_disease
StemBleeding479,disease/Stem Bleeding,Dataset/Coconut Tree Disease Dataset/Stem Bleeding/StemBleeding479.jpg,,,,,,disease-class=3_trunk_disease
StemBleeding480,disease/Stem Bleeding,Dataset/Coconut Tree Disease Dataset/Stem Bleeding/StemBleeding480.jpg,,,,,,disease-class=3_trunk_disease
StemBleeding481,disease/Stem Bleeding,Dataset/Coconut Tree Disease Dataset/Stem Bleeding/StemBleeding481.jpg,,,,,,disease-class=3_trunk_disease
StemBleeding482,disease/Stem Bleeding,Dataset/Coconut Tree Disease Dataset/Stem Bleeding/StemBleeding482.jpg,,,,,,disease-class=3_trunk_disease
StemBleeding483,disease/Stem Bleeding,Dataset/Coconut Tree Disease Dataset/Stem Bleeding/StemBleeding483.jpg,,,,,,disease-class=3_trunk_disease
StemBleeding484,disease/Stem Bleeding,Dataset/Coconut Tree Disease Dataset/Stem Bleeding/StemBleeding484.jpg,,,,,,disease-class=3_trunk_disease
StemBleeding485,disease/Stem Bleeding,Dataset/Coconut Tree Disease Dataset/Stem Bleeding/StemBleeding485.jpg,,,,,,disease-class=3_trunk_disease
StemBleeding486,disease/Stem Bleeding,Dataset/Coconut Tree Disease Dataset/Stem Bleeding/StemBleeding486.jpg,,,,,,disease-class=3_trunk_disease
StemBleeding487,disease/Stem Bleeding,Dataset/Coconut Tree Disease Dataset/Stem Bleeding/StemBleeding487.jpg,,,,,,disease-class=3_trunk_disease
StemBleeding488,disease/Stem Bleeding,Dataset/Coconut Tree Disease Dataset/Stem Bleeding/StemBleeding488.jpg,,,,,,disease-class=3_trunk_disease
StemBleeding489,disease/Stem Bleeding,Dataset/Coconut Tree Disease Dataset/Stem Bleeding/StemBleeding489.jpg,,,,,,disease-class=3_trunk_disease
StemBleeding490,disease/Stem Bleeding,Dataset/Coconut Tree Disease Dataset/Stem Bleeding/StemBleeding490.jpg,,,,,,disease-class=3_trunk_disease
StemBleeding491,disease/Stem Bleeding,Dataset/Coconut Tree Disease Dataset/Stem Bleeding/StemBleeding491.jpg,,,,,,disease-class=3_trunk_disease
StemBleeding492,disease/Stem Bleeding,Dataset/Coconut Tree Disease Dataset/Stem Bleeding/StemBleeding492.jpg,,,,,,disease-class=3_trunk_disease
StemBleeding493,disease/Stem Bleeding,Dataset/Coconut Tree Disease Dataset/Stem Bleeding/StemBleeding493.jpg,,,,,,disease-class=3_trunk_disease
StemBleeding494,disease/Stem Bleeding,Dataset/Coconut Tree Disease Dataset/Stem Bleeding/StemBleeding494.jpg,,,,,,disease-class=3_trunk_disease
StemBleeding495,disease/Stem Bleeding,Dataset/Coconut Tree Disease Dataset/Stem Bleeding/StemBleeding495.jpg,,,,,,disease-class=3_trunk_disease
StemBleeding496,disease/Stem Bleeding,Dataset/Coconut Tree Disease Dataset/Stem Bleeding/StemBleeding496.jpg,,,,,,disease-class=3_trunk_disease
StemBleeding497,disease/Stem Bleeding,Dataset/Coconut Tree Disease Dataset/Stem Bleeding/StemBleeding497.jpg,,,,,,disease-class=3_trunk_disease
StemBleeding498,disease/Stem Bleeding,Dataset/Coconut Tree Disease Dataset/Stem Bleeding/StemBleeding498.jpg,,,,,,disease-class=3_trunk_disease
StemBleeding499,disease/Stem Bleeding,Dataset/Coconut Tree Disease Dataset/Stem Bleeding/StemBleeding499.jpg,,,,,,disease-class=3_trunk_disease
StemBleeding500,disease/Stem Bleeding,Dataset/Coconut Tree Disease Dataset/Stem Bleeding/StemBleeding500.jpg,,,,,,disease-class=3_trunk_disease
StemBleeding501,disease/Stem Bleeding,Dataset/Coconut Tree Disease Dataset/Stem Bleeding/StemBleeding501.jpg,,,,,,disease-class=3_trunk_disease
StemBleeding502,disease/Stem Bleeding,Dataset/Coconut Tree Disease Dataset/Stem Bleeding/StemBleeding502.jpg,,,,,,disease-class=3_trunk_disease
StemBleeding503,disease/Stem Bleeding,Dataset/Coconut Tree Disease Dataset/Stem Bleeding/StemBleeding503.jpg,,,,,,disease-class=3_trunk_disease
StemBleeding504,disease/Stem Bleeding,Dataset/Coconut Tree Disease Dataset/Stem Bleeding/StemBleeding504.jpg,,,,,,disease-class=3_trunk_disease
StemBleeding505,disease/Stem Bleeding,Dataset/Coconut Tree Disease Dataset/Stem Bleeding/StemBleeding505.jpg,,,,,,disease-class=3_trunk_disease
StemBleeding506,disease/Stem Bleeding,Dataset/Coconut Tree Disease Dataset/Stem Bleeding/StemBleeding506.jpg,,,,,,disease-class=3_trunk_disease
StemBleeding507,disease/Stem Bleeding,Dataset/Coconut Tree Disease Dataset/Stem Bleeding/StemBleeding507.jpg,,,,,,disease-class=3_trunk_disease
StemBleeding508,disease/Stem Bleeding,Dataset/Coconut Tree Disease Dataset/Stem Bleeding/StemBleeding508.jpg,,,,,,disease-class=3_trunk_disease
StemBleeding509,disease/Stem Bleeding,Dataset/Coconut Tree Disease Dataset/Stem Bleeding/StemBleeding509.jpg,,,,,,disease-class=3_trunk_disease
StemBleeding510,disease/Stem Bleeding,Dataset/Coconut Tree Disease Dataset/Stem Bleeding/StemBleeding510.jpg,,,,,,disease-class=3_trunk_disease
StemBleeding511,disease/Stem Bleeding,Dataset/Coconut Tree Disease Dataset/Stem Bleeding/StemBleeding511.jpg,,,,,,disease-class=3_trunk_disease
StemBleeding512,disease/Stem Bleeding,Dataset/Coconut Tree Disease Dataset/Stem Bleeding/StemBleeding512.jpg,,,,,,disease-class=3_trunk_disease
StemBleeding513,disease/Stem Bleeding,Dataset/Coconut Tree Disease Dataset/Stem Bleeding/StemBleeding513.jpg,,,,,,disease-class=3_trunk_disease
StemBleeding514,disease/Stem Bleeding,Dataset/Coconut Tree Disease Dataset/Stem Bleeding/StemBleeding514.jpg,,,,,,disease-class=3_trunk_disease
StemBleeding515,disease/Stem Bleeding,Dataset/Coconut Tree Disease Dataset/Stem Bleeding/StemBleeding515.jpg,,,,,,disease-class=3_trunk_disease
StemBleeding516,disease/Stem Bleeding,Dataset/Coconut Tree Disease Dataset/Stem Bleeding/StemBleeding516.jpg,,,,,,disease-class=3_trunk_disease
StemBleeding517,disease/Stem Bleeding,Dataset/Coconut Tree Disease Dataset/Stem Bleeding/StemBleeding517.jpg,,,,,,disease-class=3_trunk_disease
StemBleeding518,disease/Stem Bleeding,Dataset/Coconut Tree Disease Dataset/Stem Bleeding/StemBleeding518.jpg,,,,,,disease-class=3_trunk_disease
StemBleeding519,disease/Stem Bleeding,Dataset/Coconut Tree Disease Dataset/Stem Bleeding/StemBleeding519.jpg,,,,,,disease-class=3_trunk_disease
StemBleeding520,disease/Stem Bleeding,Dataset/Coconut Tree Disease Dataset/Stem Bleeding/StemBleeding520.jpg,,,,,,disease-class=3_trunk_disease
StemBleeding521,disease/Stem Bleeding,Dataset/Coconut Tree Disease Dataset/Stem Bleeding/StemBleeding521.jpg,,,,,,disease-class=3_trunk_disease
StemBleeding522,disease/Stem Bleeding,Dataset/Coconut Tree Disease Dataset/Stem Bleeding/StemBleeding522.jpg,,,,,,disease-class=3_trunk_disease
StemBleeding523,disease/Stem Bleeding,Dataset/Coconut Tree Disease Dataset/Stem Bleeding/StemBleeding523.jpg,,,,,,disease-class=3_trunk_disease
StemBleeding524,disease/Stem Bleeding,Dataset/Coconut Tree Disease Dataset/Stem Bleeding/StemBleeding524.jpg,,,,,,disease-class=3_trunk_disease
StemBleeding525,disease/Stem Bleeding,Dataset/Coconut Tree Disease Dataset/Stem Bleeding/StemBleeding525.jpg,,,,,,disease-class=3_trunk_disease
StemBleeding526,disease/Stem Bleeding,Dataset/Coconut Tree Disease Dataset/Stem Bleeding/StemBleeding526.jpg,,,,,,disease-class=3_trunk_disease
StemBleeding527,disease/Stem Bleeding,Dataset/Coconut Tree Disease Dataset/Stem Bleeding/StemBleeding527.jpg,,,,,,disease-class=3_trunk_disease
StemBleeding528,disease/Stem Bleeding,Dataset/Coconut Tree Disease Dataset/Stem Bleeding/StemBleeding528.jpg,,,,,,disease-class=3_trunk_disease
StemBleeding529,disease/Stem Bleeding,Dataset/Coconut Tree Disease Dataset/Stem Bleeding/StemBleeding529.jpg,,,,,,disease-class=3_trunk_disease
StemBleeding530,disease/Stem Bleeding,Dataset/Coconut Tree Disease Dataset/Stem Bleeding/StemBleeding530.jpg,,,,,,disease-class=3_trunk_disease
StemBleeding531,disease/Stem Bleeding,Dataset/Coconut Tree Disease Dataset/Stem Bleeding/StemBleeding531.jpg,,,,,,disease-class=3_trunk_disease
StemBleeding532,disease/Stem Bleeding,Dataset/Coconut Tree Disease Dataset/Stem Bleeding/StemBleeding532.jpg,,,,,,disease-class=3_trunk_disease
StemBleeding533,disease/Stem Bleeding,Dataset/Coconut Tree Disease Dataset/Stem Bleeding/StemBleeding533.jpg,,,,,,disease-class=3_trunk_disease
StemBleeding534,disease/Stem Bleeding,Dataset/Coconut Tree Disease Dataset/Stem Bleeding/StemBleeding534.jpg,,,,,,disease-class=3_trunk_disease
StemBleeding535,disease/Stem Bleeding,Dataset/Coconut Tree Disease Dataset/Stem Bleeding/StemBleeding535.jpg,,,,,,disease-class=3_trunk_disease
StemBleeding536,disease/Stem Bleeding,Dataset/Coconut Tree Disease Dataset/Stem Bleeding/StemBleeding536.jpg,,,,,,disease-class=3_trunk_disease
StemBleeding537,disease/Stem Bleeding,Dataset/Coconut Tree Disease Dataset/Stem Bleeding/StemBleeding537.jpg,,,,,,disease-class=3_trunk_disease
StemBleeding538,disease/Stem Bleeding,Dataset/Coconut Tree Disease Dataset/Stem Bleeding/StemBleeding538.jpg,,,,,,disease-class=3_trunk_disease
StemBleeding539,disease/Stem Bleeding,Dataset/Coconut Tree Disease Dataset/Stem Bleeding/StemBleeding539.jpg,,,,,,disease-class=3_trunk_disease
StemBleeding540,disease/Stem Bleeding,Dataset/Coconut Tree Disease Dataset/Stem Bleeding/StemBleeding540.jpg,,,,,,disease-class=3_trunk_disease
StemBleeding541,disease/Stem Bleeding,Dataset/Coconut Tree Disease Dataset/Stem Bleeding/StemBleeding541.jpg,,,,,,disease-class=3_trunk_disease
StemBleeding542,disease/Stem Bleeding,Dataset/Coconut Tree Disease Dataset/Stem Bleeding/StemBleeding542.jpg,,,,,,disease-class=3_trunk_disease
StemBleeding543,disease/Stem Bleeding,Dataset/Coconut Tree Disease Dataset/Stem Bleeding/StemBleeding543.jpg,,,,,,disease-class=3_trunk_disease
StemBleeding544,disease/Stem Bleeding,Dataset/Coconut Tree Disease Dataset/Stem Bleeding/StemBleeding544.jpg,,,,,,disease-class=3_trunk_disease
StemBleeding545,disease/Stem Bleeding,Dataset/Coconut Tree Disease Dataset/Stem Bleeding/StemBleeding545.jpg,,,,,,disease-class=3_trunk_disease
StemBleeding546,disease/Stem Bleeding,Dataset/Coconut Tree Disease Dataset/Stem Bleeding/StemBleeding546.jpg,,,,,,disease-class=3_trunk_disease
StemBleeding547,disease/Stem Bleeding,Dataset/Coconut Tree Disease Dataset/Stem Bleeding/StemBleeding547.jpg,,,,,,disease-class=3_trunk_disease
StemBleeding548,disease/Stem Bleeding,Dataset/Coconut Tree Disease Dataset/Stem Bleeding/StemBleeding548.jpg,,,,,,disease-class=3_trunk_disease
StemBleeding549,disease/Stem Bleeding,Dataset/Coconut Tree Disease Dataset/Stem Bleeding/StemBleeding549.jpg,,,,,,disease-class=3_trunk_disease
StemBleeding550,disease/Stem Bleeding,Dataset/Coconut Tree Disease Dataset/Stem Bleeding/StemBleeding550.jpg,,,,,,disease-class=3_trunk_disease
StemBleeding551,disease/Stem Bleeding,Dataset/Coconut Tree Disease Dataset/Stem Bleeding/StemBleeding551.jpg,,,,,,disease-class=3_trunk_disease
StemBleeding552,disease/Stem Bleeding,Dataset/Coconut Tree Disease Dataset/Stem Bleeding/StemBleeding552.jpg,,,,,,disease-class=3_trunk_disease
StemBleeding553,disease/Stem Bleeding,Dataset/Coconut Tree Disease Dataset/Stem Bleeding/StemBleeding553.jpg,,,,,,disease-class=3_trunk_disease
StemBleeding554,disease/Stem Bleeding,Dataset/Coconut Tree Disease Dataset/Stem Bleeding/StemBleeding554.jpg,,,,,,disease-class=3_trunk_disease
StemBleeding555,disease/Stem Bleeding,Dataset/Coconut Tree Disease Dataset/Stem Bleeding/StemBleeding555.jpg,,,,,,disease-class=3_trunk_disease
StemBleeding556,disease/Stem Bleeding,Dataset/Coconut Tree Disease Dataset/Stem Bleeding/StemBleeding556.jpg,,,,,,disease-class=3_trunk_disease
StemBleeding557,disease/Stem Bleeding,Dataset/Coconut Tree Disease Dataset/Stem Bleeding/StemBleeding557.jpg,,,,,,disease-class=3_trunk_disease
StemBleeding558,disease/Stem Bleeding,Dataset/Coconut Tree Disease Dataset/Stem Bleeding/StemBleeding558.jpg,,,,,,disease-class=3_trunk_disease
StemBleeding559,disease/Stem Bleeding,Dataset/Coconut Tree Disease Dataset/Stem Bleeding/StemBleeding559.jpg,,,,,,disease-class=3_trunk_disease
StemBleeding560,disease/Stem Bleeding,Dataset/Coconut Tree Disease Dataset/Stem Bleeding/StemBleeding560.jpg,,,,,,disease-class=3_trunk_disease
StemBleeding561,disease/Stem Bleeding,Dataset/Coconut Tree Disease Dataset/Stem Bleeding/StemBleeding561.jpg,,,,,,disease-class=3_trunk_disease
StemBleeding562,disease/Stem Bleeding,Dataset/Coconut Tree Disease Dataset/Stem Bleeding/StemBleeding562.jpg,,,,,,disease-class=3_trunk_disease
StemBleeding563,disease/Stem Bleeding,Dataset/Coconut Tree Disease Dataset/Stem Bleeding/StemBleeding563.jpg,,,,,,disease-class=3_trunk_disease
StemBleeding564,disease/Stem Bleeding,Dataset/Coconut Tree Disease Dataset/Stem Bleeding/StemBleeding564.jpg,,,,,,disease-class=3_trunk_disease
StemBleeding565,disease/Stem Bleeding,Dataset/Coconut Tree Disease Dataset/Stem Bleeding/StemBleeding565.jpg,,,,,,disease-class=3_trunk_disease
StemBleeding566,disease/Stem Bleeding,Dataset/Coconut Tree Disease Dataset/Stem Bleeding/StemBleeding566.jpg,,,,,,disease-class=3_trunk_disease
StemBleeding567,disease/Stem Bleeding,Dataset/Coconut Tree Disease Dataset/Stem Bleeding/StemBleeding567.jpg,,,,,,disease-class=3_trunk_disease
StemBleeding568,disease/Stem Bleeding,Dataset/Coconut Tree Disease Dataset/Stem Bleeding/StemBleeding568.jpg,,,,,,disease-class=3_trunk_disease
StemBleeding569,disease/Stem Bleeding,Dataset/Coconut Tree Disease Dataset/Stem Bleeding/StemBleeding569.jpg,,,,,,disease-class=3_trunk_disease
StemBleeding570,disease/Stem Bleeding,Dataset/Coconut Tree Disease Dataset/Stem Bleeding/StemBleeding570.jpg,,,,,,disease-class=3_trunk_disease
StemBleeding571,disease/Stem Bleeding,Dataset/Coconut Tree Disease Dataset/Stem Bleeding/StemBleeding571.jpg,,,,,,disease-class=3_trunk_disease
StemBleeding572,disease/Stem Bleeding,Dataset/Coconut Tree Disease Dataset/Stem Bleeding/StemBleeding572.jpg,,,,,,disease-class=3_trunk_disease
StemBleeding573,disease/Stem Bleeding,Dataset/Coconut Tree Disease Dataset/Stem Bleeding/StemBleeding573.jpg,,,,,,disease-class=3_trunk_disease
StemBleeding574,disease/Stem Bleeding,Dataset/Coconut Tree Disease Dataset/Stem Bleeding/StemBleeding574.jpg,,,,,,disease-class=3_trunk_disease
StemBleeding575,disease/Stem Bleeding,Dataset/Coconut Tree Disease Dataset/Stem Bleeding/StemBleeding575.jpg,,,,,,disease-class=3_trunk_disease
StemBleeding576,disease/Stem Bleeding,Dataset/Coconut Tree Disease Dataset/Stem Bleeding/StemBleeding576.jpg,,,,,,disease-class=3_trunk_disease
StemBleeding577,disease/Stem Bleeding,Dataset/Coconut Tree Disease Dataset/Stem Bleeding/StemBleeding577.jpg,,,,,,disease-class=3_trunk_disease
StemBleeding578,disease/Stem Bleeding,Dataset/Coconut Tree Disease Dataset/Stem Bleeding/StemBleeding578.jpg,,,,,,disease-class=3_trunk_disease
StemBleeding579,disease/Stem Bleeding,Dataset/Coconut Tree Disease Dataset/Stem Bleeding/StemBleeding579.jpg,,,,,,disease-class=3_trunk_disease
StemBleeding580,disease/Stem Bleeding,Dataset/Coconut Tree Disease Dataset/Stem Bleeding/StemBleeding580.jpg,,,,,,disease-class=3_trunk_disease
StemBleeding581,disease/Stem Bleeding,Dataset/Coconut Tree Disease Dataset/Stem Bleeding/StemBleeding581.jpg,,,,,,disease-class=3_trunk_disease
StemBleeding582,disease/Stem Bleeding,Dataset/Coconut Tree Disease Dataset/Stem Bleeding/StemBleeding582.jpg,,,,,,disease-class=3_trunk_disease
StemBleeding583,disease/Stem Bleeding,Dataset/Coconut Tree Disease Dataset/Stem Bleeding/StemBleeding583.jpg,,,,,,disease-class=3_trunk_disease
StemBleeding584,disease/Stem Bleeding,Dataset/Coconut Tree Disease Dataset/Stem Bleeding/StemBleeding584.jpg,,,,,,disease-class=3_trunk_disease
StemBleeding585,disease/Stem Bleeding,Dataset/Coconut Tree Disease Dataset/Stem Bleeding/StemBleeding585.jpg,,,,,,disease-class=3_trunk_disease
StemBleeding586,disease/Stem Bleeding,Dataset/Coconut Tree Disease Dataset/Stem Bleeding/StemBleeding586.jpg,,,,,,disease-class=3_trunk_disease
StemBleeding587,disease/Stem Bleeding,Dataset/Coconut Tree Disease Dataset/Stem Bleeding/StemBleeding587.jpg,,,,,,disease-class=3_trunk_disease
StemBleeding588,disease/Stem Bleeding,Dataset/Coconut Tree Disease Dataset/Stem Bleeding/StemBleeding588.jpg,,,,,,disease-class=3_trunk_disease
StemBleeding589,disease/Stem Bleeding,Dataset/Coconut Tree Disease Dataset/Stem Bleeding/StemBleeding589.jpg,,,,,,disease-class=3_trunk_disease
StemBleeding590,disease/Stem Bleeding,Dataset/Coconut Tree Disease Dataset/Stem Bleeding/StemBleeding590.jpg,,,,,,disease-class=3_trunk_disease
StemBleeding591,disease/Stem Bleeding,Dataset/Coconut Tree Disease Dataset/Stem Bleeding/StemBleeding591.jpg,,,,,,disease-class=3_trunk_disease
StemBleeding592,disease/Stem Bleeding,Dataset/Coconut Tree Disease Dataset/Stem Bleeding/StemBleeding592.jpg,,,,,,disease-class=3_trunk_disease
StemBleeding593,disease/Stem Bleeding,Dataset/Coconut Tree Disease Dataset/Stem Bleeding/StemBleeding593.jpg,,,,,,disease-class=3_trunk_disease
StemBleeding594,disease/Stem Bleeding,Dataset/Coconut Tree Disease Dataset/Stem Bleeding/StemBleeding594.jpg,,,,,,disease-class=3_trunk_disease
StemBleeding595,disease/Stem Bleeding,Dataset/Coconut Tree Disease Dataset/Stem Bleeding/StemBleeding595.jpg,,,,,,disease-class=3_trunk_disease
StemBleeding596,disease/Stem Bleeding,Dataset/Coconut Tree Disease Dataset/Stem Bleeding/StemBleeding596.jpg,,,,,,disease-class=3_trunk_disease
StemBleeding597,disease/Stem Bleeding,Dataset/Coconut Tree Disease Dataset/Stem Bleeding/StemBleeding597.jpg,,,,,,disease-class=3_trunk_disease
StemBleeding598,disease/Stem Bleeding,Dataset/Coconut Tree Disease Dataset/Stem Bleeding/StemBleeding598.jpg,,,,,,disease-class=3_trunk_disease
StemBleeding599,disease/Stem Bleeding,Dataset/Coconut Tree Disease Dataset/Stem Bleeding/StemBleeding599.jpg,,,,,,disease-class=3_trunk_disease
StemBleeding600,disease/Stem Bleeding,Dataset/Coconut Tree Disease Dataset/Stem Bleeding/StemBleeding600.jpg,,,,,,disease-class=3_trunk_disease
StemBleeding601,disease/Stem Bleeding,Dataset/Coconut Tree Disease Dataset/Stem Bleeding/StemBleeding601.jpg,,,,,,disease-class=3_trunk_disease
StemBleeding602,disease/Stem Bleeding,Dataset/Coconut Tree Disease Dataset/Stem Bleeding/StemBleeding602.jpg,,,,,,disease-class=3_trunk_disease
StemBleeding603,disease/Stem Bleeding,Dataset/Coconut Tree Disease Dataset/Stem Bleeding/StemBleeding603.jpg,,,,,,disease-class=3_trunk_disease
StemBleeding604,disease/Stem Bleeding,Dataset/Coconut Tree Disease Dataset/Stem Bleeding/StemBleeding604.jpg,,,,,,disease-class=3_trunk_disease
StemBleeding605,disease/Stem Bleeding,Dataset/Coconut Tree Disease Dataset/Stem Bleeding/StemBleeding605.jpg,,,,,,disease-class=3_trunk_disease
StemBleeding606,disease/Stem Bleeding,Dataset/Coconut Tree Disease Dataset/Stem Bleeding/StemBleeding606.jpg,,,,,,disease-class=3_trunk_disease
StemBleeding607,disease/Stem Bleeding,Dataset/Coconut Tree Disease Dataset/Stem Bleeding/StemBleeding607.jpg,,,,,,disease-class=3_trunk_disease
StemBleeding608,disease/Stem Bleeding,Dataset/Coconut Tree Disease Dataset/Stem Bleeding/StemBleeding608.jpg,,,,,,disease-class=3_trunk_disease
StemBleeding609,disease/Stem Bleeding,Dataset/Coconut Tree Disease Dataset/Stem Bleeding/StemBleeding609.jpg,,,,,,disease-class=3_trunk_disease
StemBleeding610,disease/Stem Bleeding,Dataset/Coconut Tree Disease Dataset/Stem Bleeding/StemBleeding610.jpg,,,,,,disease-class=3_trunk_disease
StemBleeding611,disease/Stem Bleeding,Dataset/Coconut Tree Disease Dataset/Stem Bleeding/StemBleeding611.jpg,,,,,,disease-class=3_trunk_disease
StemBleeding612,disease/Stem Bleeding,Dataset/Coconut Tree Disease Dataset/Stem Bleeding/StemBleeding612.jpg,,,,,,disease-class=3_trunk_disease
StemBleeding613,disease/Stem Bleeding,Dataset/Coconut Tree Disease Dataset/Stem Bleeding/StemBleeding613.jpg,,,,,,disease-class=3_trunk_disease
StemBleeding614,disease/Stem Bleeding,Dataset/Coconut Tree Disease Dataset/Stem Bleeding/StemBleeding614.jpg,,,,,,disease-class=3_trunk_disease
StemBleeding615,disease/Stem Bleeding,Dataset/Coconut Tree Disease Dataset/Stem Bleeding/StemBleeding615.jpg,,,,,,disease-class=3_trunk_disease
StemBleeding616,disease/Stem Bleeding,Dataset/Coconut Tree Disease Dataset/Stem Bleeding/StemBleeding616.jpg,,,,,,disease-class=3_trunk_disease
StemBleeding617,disease/Stem Bleeding,Dataset/Coconut Tree Disease Dataset/Stem Bleeding/StemBleeding617.jpg,,,,,,disease-class=3_trunk_disease
StemBleeding618,disease/Stem Bleeding,Dataset/Coconut Tree Disease Dataset/Stem Bleeding/StemBleeding618.jpg,,,,,,disease-class=3_trunk_disease
StemBleeding619,disease/Stem Bleeding,Dataset/Coconut Tree Disease Dataset/Stem Bleeding/StemBleeding619.jpg,,,,,,disease-class=3_trunk_disease
StemBleeding620,disease/Stem Bleeding,Dataset/Coconut Tree Disease Dataset/Stem Bleeding/StemBleeding620.jpg,,,,,,disease-class=3_trunk_disease
StemBleeding621,disease/Stem Bleeding,Dataset/Coconut Tree Disease Dataset/Stem Bleeding/StemBleeding621.jpg,,,,,,disease-class=3_trunk_disease
StemBleeding622,disease/Stem Bleeding,Dataset/Coconut Tree Disease Dataset/Stem Bleeding/StemBleeding622.jpg,,,,,,disease-class=3_trunk_disease
StemBleeding623,disease/Stem Bleeding,Dataset/Coconut Tree Disease Dataset/Stem Bleeding/StemBleeding623.jpg,,,,,,disease-class=3_trunk_disease
StemBleeding624,disease/Stem Bleeding,Dataset/Coconut Tree Disease Dataset/Stem Bleeding/StemBleeding624.jpg,,,,,,disease-class=3_trunk_disease
StemBleeding625,disease/Stem Bleeding,Dataset/Coconut Tree Disease Dataset/Stem Bleeding/StemBleeding625.jpg,,,,,,disease-class=3_trunk_disease
StemBleeding626,disease/Stem Bleeding,Dataset/Coconut Tree Disease Dataset/Stem Bleeding/StemBleeding626.jpg,,,,,,disease-class=3_trunk_disease
StemBleeding627,disease/Stem Bleeding,Dataset/Coconut Tree Disease Dataset/Stem Bleeding/StemBleeding627.jpg,,,,,,disease-class=3_trunk_disease
StemBleeding628,disease/Stem Bleeding,Dataset/Coconut Tree Disease Dataset/Stem Bleeding/StemBleeding628.jpg,,,,,,disease-class=3_trunk_disease
StemBleeding629,disease/Stem Bleeding,Dataset/Coconut Tree Disease Dataset/Stem Bleeding/StemBleeding629.jpg,,,,,,disease-class=3_trunk_disease
StemBleeding630,disease/Stem Bleeding,Dataset/Coconut Tree Disease Dataset/Stem Bleeding/StemBleeding630.jpg,,,,,,disease-class=3_trunk_disease
StemBleeding631,disease/Stem Bleeding,Dataset/Coconut Tree Disease Dataset/Stem Bleeding/StemBleeding631.jpg,,,,,,disease-class=3_trunk_disease
StemBleeding632,disease/Stem Bleeding,Dataset/Coconut Tree Disease Dataset/Stem Bleeding/StemBleeding632.jpg,,,,,,disease-class=3_trunk_disease
StemBleeding633,disease/Stem Bleeding,Dataset/Coconut Tree Disease Dataset/Stem Bleeding/StemBleeding633.jpg,,,,,,disease-class=3_trunk_disease
StemBleeding634,disease/Stem Bleeding,Dataset/Coconut Tree Disease Dataset/Stem Bleeding/StemBleeding634.jpg,,,,,,disease-class=3_trunk_disease
StemBleeding635,disease/Stem Bleeding,Dataset/Coconut Tree Disease Dataset/Stem Bleeding/StemBleeding635.jpg,,,,,,disease-class=3_trunk_disease
StemBleeding636,disease/Stem Bleeding,Dataset/Coconut Tree Disease Dataset/Stem Bleeding/StemBleeding636.jpg,,,,,,disease-class=3_trunk_disease
StemBleeding637,disease/Stem Bleeding,Dataset/Coconut Tree Disease Dataset/Stem Bleeding/StemBleeding637.jpg,,,,,,disease-class=3_trunk_disease
StemBleeding638,disease/Stem Bleeding,Dataset/Coconut Tree Disease Dataset/Stem Bleeding/StemBleeding638.jpg,,,,,,disease-class=3_trunk_disease
StemBleeding639,disease/Stem Bleeding,Dataset/Coconut Tree Disease Dataset/Stem Bleeding/StemBleeding639.jpg,,,,,,disease-class=3_trunk_disease
StemBleeding640,disease/Stem Bleeding,Dataset/Coconut Tree Disease Dataset/Stem Bleeding/StemBleeding640.jpg,,,,,,disease-class=3_trunk_disease
StemBleeding641,disease/Stem Bleeding,Dataset/Coconut Tree Disease Dataset/Stem Bleeding/StemBleeding641.jpg,,,,,,disease-class=3_trunk_disease
StemBleeding642,disease/Stem Bleeding,Dataset/Coconut Tree Disease Dataset/Stem Bleeding/StemBleeding642.jpg,,,,,,disease-class=3_trunk_disease
StemBleeding643,disease/Stem Bleeding,Dataset/Coconut Tree Disease Dataset/Stem Bleeding/StemBleeding643.jpg,,,,,,disease-class=3_trunk_disease
StemBleeding644,disease/Stem Bleeding,Dataset/Coconut Tree Disease Dataset/Stem Bleeding/StemBleeding644.jpg,,,,,,disease-class=3_trunk_disease
StemBleeding645,disease/Stem Bleeding,Dataset/Coconut Tree Disease Dataset/Stem Bleeding/StemBleeding645.jpg,,,,,,disease-class=3_trunk_disease
StemBleeding646,disease/Stem Bleeding,Dataset/Coconut Tree Disease Dataset/Stem Bleeding/StemBleeding646.jpg,,,,,,disease-class=3_trunk_disease
StemBleeding647,disease/Stem Bleeding,Dataset/Coconut Tree Disease Dataset/Stem Bleeding/StemBleeding647.jpg,,,,,,disease-class=3_trunk_disease
StemBleeding648,disease/Stem Bleeding,Dataset/Coconut Tree Disease Dataset/Stem Bleeding/StemBleeding648.jpg,,,,,,disease-class=3_trunk_disease
StemBleeding649,disease/Stem Bleeding,Dataset/Coconut Tree Disease Dataset/Stem Bleeding/StemBleeding649.jpg,,,,,,disease-class=3_trunk_disease
StemBleeding650,disease/Stem Bleeding,Dataset/Coconut Tree Disease Dataset/Stem Bleeding/StemBleeding650.jpg,,,,,,disease-class=3_trunk_disease
StemBleeding651,disease/Stem Bleeding,Dataset/Coconut Tree Disease Dataset/Stem Bleeding/StemBleeding651.jpg,,,,,,disease-class=3_trunk_disease
StemBleeding652,disease/Stem Bleeding,Dataset/Coconut Tree Disease Dataset/Stem Bleeding/StemBleeding652.jpg,,,,,,disease-class=3_trunk_disease
StemBleeding653,disease/Stem Bleeding,Dataset/Coconut Tree Disease Dataset/Stem Bleeding/StemBleeding653.jpg,,,,,,disease-class=3_trunk_disease
StemBleeding654,disease/Stem Bleeding,Dataset/Coconut Tree Disease Dataset/Stem Bleeding/StemBleeding654.jpg,,,,,,disease-class=3_trunk_disease
StemBleeding655,disease/Stem Bleeding,Dataset/Coconut Tree Disease Dataset/Stem Bleeding/StemBleeding655.jpg,,,,,,disease-class=3_trunk_disease
StemBleeding656,disease/Stem Bleeding,Dataset/Coconut Tree Disease Dataset/Stem Bleeding/StemBleeding656.jpg,,,,,,disease-class=3_trunk_disease
StemBleeding657,disease/Stem Bleeding,Dataset/Coconut Tree Disease Dataset/Stem Bleeding/StemBleeding657.jpg,,,,,,disease-class=3_trunk_disease
StemBleeding658,disease/Stem Bleeding,Dataset/Coconut Tree Disease Dataset/Stem Bleeding/StemBleeding658.jpg,,,,,,disease-class=3_trunk_disease
StemBleeding659,disease/Stem Bleeding,Dataset/Coconut Tree Disease Dataset/Stem Bleeding/StemBleeding659.jpg,,,,,,disease-class=3_trunk_disease
StemBleeding660,disease/Stem Bleeding,Dataset/Coconut Tree Disease Dataset/Stem Bleeding/StemBleeding660.jpg,,,,,,disease-class=3_trunk_disease
StemBleeding661,disease/Stem Bleeding,Dataset/Coconut Tree Disease Dataset/Stem Bleeding/StemBleeding661.jpg,,,,,,disease-class=3_trunk_disease
StemBleeding662,disease/Stem Bleeding,Dataset/Coconut Tree Disease Dataset/Stem Bleeding/StemBleeding662.jpg,,,,,,disease-class=3_trunk_disease
StemBleeding663,disease/Stem Bleeding,Dataset/Coconut Tree Disease Dataset/Stem Bleeding/StemBleeding663.jpg,,,,,,disease-class=3_trunk_disease
StemBleeding664,disease/Stem Bleeding,Dataset/Coconut Tree Disease Dataset/Stem Bleeding/StemBleeding664.jpg,,,,,,disease-class=3_trunk_disease
StemBleeding665,disease/Stem Bleeding,Dataset/Coconut Tree Disease Dataset/Stem Bleeding/StemBleeding665.jpg,,,,,,disease-class=3_trunk_disease
StemBleeding666,disease/Stem Bleeding,Dataset/Coconut Tree Disease Dataset/Stem Bleeding/StemBleeding666.jpg,,,,,,disease-class=3_trunk_disease
StemBleeding667,disease/Stem Bleeding,Dataset/Coconut Tree Disease Dataset/Stem Bleeding/StemBleeding667.jpg,,,,,,disease-class=3_trunk_disease
StemBleeding668,disease/Stem Bleeding,Dataset/Coconut Tree Disease Dataset/Stem Bleeding/StemBleeding668.jpg,,,,,,disease-class=3_trunk_disease
StemBleeding669,disease/Stem Bleeding,Dataset/Coconut Tree Disease Dataset/Stem Bleeding/StemBleeding669.jpg,,,,,,disease-class=3_trunk_disease
StemBleeding670,disease/Stem Bleeding,Dataset/Coconut Tree Disease Dataset/Stem Bleeding/StemBleeding670.jpg,,,,,,disease-class=3_trunk_disease
StemBleeding671,disease/Stem Bleeding,Dataset/Coconut Tree Disease Dataset/Stem Bleeding/StemBleeding671.jpg,,,,,,disease-class=3_trunk_disease
StemBleeding672,disease/Stem Bleeding,Dataset/Coconut Tree Disease Dataset/Stem Bleeding/StemBleeding672.jpg,,,,,,disease-class=3_trunk_disease
StemBleeding673,disease/Stem Bleeding,Dataset/Coconut Tree Disease Dataset/Stem Bleeding/StemBleeding673.jpg,,,,,,disease-class=3_trunk_disease
StemBleeding674,disease/Stem Bleeding,Dataset/Coconut Tree Disease Dataset/Stem Bleeding/StemBleeding674.jpg,,,,,,disease-class=3_trunk_disease
StemBleeding675,disease/Stem Bleeding,Dataset/Coconut Tree Disease Dataset/Stem Bleeding/StemBleeding675.jpg,,,,,,disease-class=3_trunk_disease
StemBleeding676,disease/Stem Bleeding,Dataset/Coconut Tree Disease Dataset/Stem Bleeding/StemBleeding676.jpg,,,,,,disease-class=3_trunk_disease
StemBleeding677,disease/Stem Bleeding,Dataset/Coconut Tree Disease Dataset/Stem Bleeding/StemBleeding677.jpg,,,,,,disease-class=3_trunk_disease
StemBleeding678,disease/Stem Bleeding,Dataset/Coconut Tree Disease Dataset/Stem Bleeding/StemBleeding678.jpg,,,,,,disease-class=3_trunk_disease
StemBleeding679,disease/Stem Bleeding,Dataset/Coconut Tree Disease Dataset/Stem Bleeding/StemBleeding679.jpg,,,,,,disease-class=3_trunk_disease
StemBleeding680,disease/Stem Bleeding,Dataset/Coconut Tree Disease Dataset/Stem Bleeding/StemBleeding680.jpg,,,,,,disease-class=3_trunk_disease
StemBleeding681,disease/Stem Bleeding,Dataset/Coconut Tree Disease Dataset/Stem Bleeding/StemBleeding681.jpg,,,,,,disease-class=3_trunk_disease
StemBleeding682,disease/Stem Bleeding,Dataset/Coconut Tree Disease Dataset/Stem Bleeding/StemBleeding682.jpg,,,,,,disease-class=3_trunk_disease
StemBleeding683,disease/Stem Bleeding,Dataset/Coconut Tree Disease Dataset/Stem Bleeding/StemBleeding683.jpg,,,,,,disease-class=3_trunk_disease
StemBleeding684,disease/Stem Bleeding,Dataset/Coconut Tree Disease Dataset/Stem Bleeding/StemBleeding684.jpg,,,,,,disease-class=3_trunk_disease
StemBleeding685,disease/Stem Bleeding,Dataset/Coconut Tree Disease Dataset/Stem Bleeding/StemBleeding685.jpg,,,,,,disease-class=3_trunk_disease
StemBleeding686,disease/Stem Bleeding,Dataset/Coconut Tree Disease Dataset/Stem Bleeding/StemBleeding686.jpg,,,,,,disease-class=3_trunk_disease
StemBleeding687,disease/Stem Bleeding,Dataset/Coconut Tree Disease Dataset/Stem Bleeding/StemBleeding687.jpg,,,,,,disease-class=3_trunk_disease
StemBleeding688,disease/Stem Bleeding,Dataset/Coconut Tree Disease Dataset/Stem Bleeding/StemBleeding688.jpg,,,,,,disease-class=3_trunk_disease
StemBleeding689,disease/Stem Bleeding,Dataset/Coconut Tree Disease Dataset/Stem Bleeding/StemBleeding689.jpg,,,,,,disease-class=3_trunk_disease
StemBleeding690,disease/Stem Bleeding,Dataset/Coconut Tree Disease Dataset/Stem Bleeding/StemBleeding690.jpg,,,,,,disease-class=3_trunk_disease
StemBleeding691,disease/Stem Bleeding,Dataset/Coconut Tree Disease Dataset/Stem Bleeding/StemBleeding691.jpg,,,,,,disease-class=3_trunk_disease
StemBleeding692,disease/Stem Bleeding,Dataset/Coconut Tree Disease Dataset/Stem Bleeding/StemBleeding692.jpg,,,,,,disease-class=3_trunk_disease
StemBleeding693,disease/Stem Bleeding,Dataset/Coconut Tree Disease Dataset/Stem Bleeding/StemBleeding693.jpg,,,,,,disease-class=3_trunk_disease
StemBleeding694,disease/Stem Bleeding,Dataset/Coconut Tree Disease Dataset/Stem Bleeding/StemBleeding694.jpg,,,,,,disease-class=3_trunk_disease
StemBleeding695,disease/Stem Bleeding,Dataset/Coconut Tree Disease Dataset/Stem Bleeding/StemBleeding695.jpg,,,,,,disease-class=3_trunk_disease
StemBleeding696,disease/Stem Bleeding,Dataset/Coconut Tree Disease Dataset/Stem Bleeding/StemBleeding696.jpg,,,,,,disease-class=3_trunk_disease
StemBleeding697,disease/Stem Bleeding,Dataset/Coconut Tree Disease Dataset/Stem Bleeding/StemBleeding697.jpg,,,,,,disease-class=3_trunk_disease
StemBleeding698,disease/Stem Bleeding,Dataset/Coconut Tree Disease Dataset/Stem Bleeding/StemBleeding698.jpg,,,,,,disease-class=3_trunk_disease
StemBleeding699,disease/Stem Bleeding,Dataset/Coconut Tree Disease Dataset/Stem Bleeding/StemBleeding699.jpg,,,,,,disease-class=3_trunk_disease
StemBleeding700,disease/Stem Bleeding,Dataset/Coconut Tree Disease Dataset/Stem Bleeding/StemBleeding700.jpg,,,,,,disease-class=3_trunk_disease
StemBleeding701,disease/Stem Bleeding,Dataset/Coconut Tree Disease Dataset/Stem Bleeding/StemBleeding701.jpg,,,,,,disease-class=3_trunk_disease
StemBleeding702,disease/Stem Bleeding,Dataset/Coconut Tree Disease Dataset/Stem Bleeding/StemBleeding702.jpg,,,,,,disease-class=3_trunk_disease
StemBleeding703,disease/Stem Bleeding,Dataset/Coconut Tree Disease Dataset/Stem Bleeding/StemBleeding703.jpg,,,,,,disease-class=3_trunk_disease
StemBleeding704,disease/Stem Bleeding,Dataset/Coconut Tree Disease Dataset/Stem Bleeding/StemBleeding704.jpg,,,,,,disease-class=3_trunk_disease
StemBleeding705,disease/Stem Bleeding,Dataset/Coconut Tree Disease Dataset/Stem Bleeding/StemBleeding705.jpg,,,,,,disease-class=3_trunk_disease
StemBleeding706,disease/Stem Bleeding,Dataset/Coconut Tree Disease Dataset/Stem Bleeding/StemBleeding706.jpg,,,,,,disease-class=3_trunk_disease
StemBleeding707,disease/Stem Bleeding,Dataset/Coconut Tree Disease Dataset/Stem Bleeding/StemBleeding707.jpg,,,,,,disease-class=3_trunk_disease
StemBleeding708,disease/Stem Bleeding,Dataset/Coconut Tree Disease Dataset/Stem Bleeding/StemBleeding708.jpg,,,,,,disease-class=3_trunk_disease
StemBleeding709,disease/Stem Bleeding,Dataset/Coconut Tree Disease Dataset/Stem Bleeding/StemBleeding709.jpg,,,,,,disease-class=3_trunk_disease
StemBleeding710,disease/Stem Bleeding,Dataset/Coconut Tree Disease Dataset/Stem Bleeding/StemBleeding710.jpg,,,,,,disease-class=3_trunk_disease
StemBleeding711,disease/Stem Bleeding,Dataset/Coconut Tree Disease Dataset/Stem Bleeding/StemBleeding711.jpg,,,,,,disease-class=3_trunk_disease
StemBleeding712,disease/Stem Bleeding,Dataset/Coconut Tree Disease Dataset/Stem Bleeding/StemBleeding712.jpg,,,,,,disease-class=3_trunk_disease
StemBleeding713,disease/Stem Bleeding,Dataset/Coconut Tree Disease Dataset/Stem Bleeding/StemBleeding713.jpg,,,,,,disease-class=3_trunk_disease
StemBleeding714,disease/Stem Bleeding,Dataset/Coconut Tree Disease Dataset/Stem Bleeding/StemBleeding714.jpg,,,,,,disease-class=3_trunk_disease
StemBleeding715,disease/Stem Bleeding,Dataset/Coconut Tree Disease Dataset/Stem Bleeding/StemBleeding715.jpg,,,,,,disease-class=3_trunk_disease
StemBleeding716,disease/Stem Bleeding,Dataset/Coconut Tree Disease Dataset/Stem Bleeding/StemBleeding716.jpg,,,,,,disease-class=3_trunk_disease
StemBleeding717,disease/Stem Bleeding,Dataset/Coconut Tree Disease Dataset/Stem Bleeding/StemBleeding717.jpg,,,,,,disease-class=3_trunk_disease
StemBleeding718,disease/Stem Bleeding,Dataset/Coconut Tree Disease Dataset/Stem Bleeding/StemBleeding718.jpg,,,,,,disease-class=3_trunk_disease
StemBleeding719,disease/Stem Bleeding,Dataset/Coconut Tree Disease Dataset/Stem Bleeding/StemBleeding719.jpg,,,,,,disease-class=3_trunk_disease
StemBleeding720,disease/Stem Bleeding,Dataset/Coconut Tree Disease Dataset/Stem Bleeding/StemBleeding720.jpg,,,,,,disease-class=3_trunk_disease
StemBleeding721,disease/Stem Bleeding,Dataset/Coconut Tree Disease Dataset/Stem Bleeding/StemBleeding721.jpg,,,,,,disease-class=3_trunk_disease
StemBleeding722,disease/Stem Bleeding,Dataset/Coconut Tree Disease Dataset/Stem Bleeding/StemBleeding722.jpg,,,,,,disease-class=3_trunk_disease
StemBleeding723,disease/Stem Bleeding,Dataset/Coconut Tree Disease Dataset/Stem Bleeding/StemBleeding723.jpg,,,,,,disease-class=3_trunk_disease
StemBleeding724,disease/Stem Bleeding,Dataset/Coconut Tree Disease Dataset/Stem Bleeding/StemBleeding724.jpg,,,,,,disease-class=3_trunk_disease
StemBleeding725,disease/Stem Bleeding,Dataset/Coconut Tree Disease Dataset/Stem Bleeding/StemBleeding725.jpg,,,,,,disease-class=3_trunk_disease
StemBleeding726,disease/Stem Bleeding,Dataset/Coconut Tree Disease Dataset/Stem Bleeding/StemBleeding726.jpg,,,,,,disease-class=3_trunk_disease
StemBleeding727,disease/Stem Bleeding,Dataset/Coconut Tree Disease Dataset/Stem Bleeding/StemBleeding727.jpg,,,,,,disease-class=3_trunk_disease
StemBleeding728,disease/Stem Bleeding,Dataset/Coconut Tree Disease Dataset/Stem Bleeding/StemBleeding728.jpg,,,,,,disease-class=3_trunk_disease
StemBleeding729,disease/Stem Bleeding,Dataset/Coconut Tree Disease Dataset/Stem Bleeding/StemBleeding729.jpg,,,,,,disease-class=3_trunk_disease
StemBleeding730,disease/Stem Bleeding,Dataset/Coconut Tree Disease Dataset/Stem Bleeding/StemBleeding730.jpg,,,,,,disease-class=3_trunk_disease
StemBleeding731,disease/Stem Bleeding,Dataset/Coconut Tree Disease Dataset/Stem Bleeding/StemBleeding731.jpg,,,,,,disease-class=3_trunk_disease
StemBleeding732,disease/Stem Bleeding,Dataset/Coconut Tree Disease Dataset/Stem Bleeding/StemBleeding732.jpg,,,,,,disease-class=3_trunk_disease
StemBleeding733,disease/Stem Bleeding,Dataset/Coconut Tree Disease Dataset/Stem Bleeding/StemBleeding733.jpg,,,,,,disease-class=3_trunk_disease
StemBleeding734,disease/Stem Bleeding,Dataset/Coconut Tree Disease Dataset/Stem Bleeding/StemBleeding734.jpg,,,,,,disease-class=3_trunk_disease
StemBleeding735,disease/Stem Bleeding,Dataset/Coconut Tree Disease Dataset/Stem Bleeding/StemBleeding735.jpg,,,,,,disease-class=3_trunk_disease
StemBleeding736,disease/Stem Bleeding,Dataset/Coconut Tree Disease Dataset/Stem Bleeding/StemBleeding736.jpg,,,,,,disease-class=3_trunk_disease
StemBleeding737,disease/Stem Bleeding,Dataset/Coconut Tree Disease Dataset/Stem Bleeding/StemBleeding737.jpg,,,,,,disease-class=3_trunk_disease
StemBleeding738,disease/Stem Bleeding,Dataset/Coconut Tree Disease Dataset/Stem Bleeding/StemBleeding738.jpg,,,,,,disease-class=3_trunk_disease
StemBleeding739,disease/Stem Bleeding,Dataset/Coconut Tree Disease Dataset/Stem Bleeding/StemBleeding739.jpg,,,,,,disease-class=3_trunk_disease
StemBleeding740,disease/Stem Bleeding,Dataset/Coconut Tree Disease Dataset/Stem Bleeding/StemBleeding740.jpg,,,,,,disease-class=3_trunk_disease
StemBleeding741,disease/Stem Bleeding,Dataset/Coconut Tree Disease Dataset/Stem Bleeding/StemBleeding741.jpg,,,,,,disease-class=3_trunk_disease
StemBleeding742,disease/Stem Bleeding,Dataset/Coconut Tree Disease Dataset/Stem Bleeding/StemBleeding742.jpg,,,,,,disease-class=3_trunk_disease
StemBleeding743,disease/Stem Bleeding,Dataset/Coconut Tree Disease Dataset/Stem Bleeding/StemBleeding743.jpg,,,,,,disease-class=3_trunk_disease
StemBleeding744,disease/Stem Bleeding,Dataset/Coconut Tree Disease Dataset/Stem Bleeding/StemBleeding744.jpg,,,,,,disease-class=3_trunk_disease
StemBleeding745,disease/Stem Bleeding,Dataset/Coconut Tree Disease Dataset/Stem Bleeding/StemBleeding745.jpg,,,,,,disease-class=3_trunk_disease
StemBleeding746,disease/Stem Bleeding,Dataset/Coconut Tree Disease Dataset/Stem Bleeding/StemBleeding746.jpg,,,,,,disease-class=3_trunk_disease
StemBleeding747,disease/Stem Bleeding,Dataset/Coconut Tree Disease Dataset/Stem Bleeding/StemBleeding747.jpg,,,,,,disease-class=3_trunk_disease
StemBleeding748,disease/Stem Bleeding,Dataset/Coconut Tree Disease Dataset/Stem Bleeding/StemBleeding748.jpg,,,,,,disease-class=3_trunk_disease
StemBleeding749,disease/Stem Bleeding,Dataset/Coconut Tree Disease Dataset/Stem Bleeding/StemBleeding749.jpg,,,,,,disease-class=3_trunk_disease
StemBleeding750,disease/Stem Bleeding,Dataset/Coconut Tree Disease Dataset/Stem Bleeding/StemBleeding750.jpg,,,,,,disease-class=3_trunk_disease
StemBleeding751,disease/Stem Bleeding,Dataset/Coconut Tree Disease Dataset/Stem Bleeding/StemBleeding751.jpg,,,,,,disease-class=3_trunk_disease
StemBleeding752,disease/Stem Bleeding,Dataset/Coconut Tree Disease Dataset/Stem Bleeding/StemBleeding752.jpg,,,,,,disease-class=3_trunk_disease
StemBleeding753,disease/Stem Bleeding,Dataset/Coconut Tree Disease Dataset/Stem Bleeding/StemBleeding753.jpg,,,,,,disease-class=3_trunk_disease
StemBleeding754,disease/Stem Bleeding,Dataset/Coconut Tree Disease Dataset/Stem Bleeding/StemBleeding754.jpg,,,,,,disease-class=3_trunk_disease
StemBleeding755,disease/Stem Bleeding,Dataset/Coconut Tree Disease Dataset/Stem Bleeding/StemBleeding755.jpg,,,,,,disease-class=3_trunk_disease
StemBleeding756,disease/Stem Bleeding,Dataset/Coconut Tree Disease Dataset/Stem Bleeding/StemBleeding756.jpg,,,,,,disease-class=3_trunk_disease
StemBleeding757,disease/Stem Bleeding,Dataset/Coconut Tree Disease Dataset/Stem Bleeding/StemBleeding757.jpg,,,,,,disease-class=3_trunk_disease
StemBleeding758,disease/Stem Bleeding,Dataset/Coconut Tree Disease Dataset/Stem Bleeding/StemBleeding758.jpg,,,,,,disease-class=3_trunk_disease
StemBleeding759,disease/Stem Bleeding,Dataset/Coconut Tree Disease Dataset/Stem Bleeding/StemBleeding759.jpg,,,,,,disease-class=3_trunk_disease
StemBleeding760,disease/Stem Bleeding,Dataset/Coconut Tree Disease Dataset/Stem Bleeding/StemBleeding760.jpg,,,,,,disease-class=3_trunk_disease
StemBleeding761,disease/Stem Bleeding,Dataset/Coconut Tree Disease Dataset/Stem Bleeding/StemBleeding761.jpg,,,,,,disease-class=3_trunk_disease
StemBleeding762,disease/Stem Bleeding,Dataset/Coconut Tree Disease Dataset/Stem Bleeding/StemBleeding762.jpg,,,,,,disease-class=3_trunk_disease
StemBleeding763,disease/Stem Bleeding,Dataset/Coconut Tree Disease Dataset/Stem Bleeding/StemBleeding763.jpg,,,,,,disease-class=3_trunk_disease
StemBleeding764,disease/Stem Bleeding,Dataset/Coconut Tree Disease Dataset/Stem Bleeding/StemBleeding764.jpg,,,,,,disease-class=3_trunk_disease
StemBleeding765,disease/Stem Bleeding,Dataset/Coconut Tree Disease Dataset/Stem Bleeding/StemBleeding765.jpg,,,,,,disease-class=3_trunk_disease
StemBleeding766,disease/Stem Bleeding,Dataset/Coconut Tree Disease Dataset/Stem Bleeding/StemBleeding766.jpg,,,,,,disease-class=3_trunk_disease
StemBleeding767,disease/Stem Bleeding,Dataset/Coconut Tree Disease Dataset/Stem Bleeding/StemBleeding767.jpg,,,,,,disease-class=3_trunk_disease
StemBleeding768,disease/Stem Bleeding,Dataset/Coconut Tree Disease Dataset/Stem Bleeding/StemBleeding768.jpg,,,,,,disease-class=3_trunk_disease
StemBleeding769,disease/Stem Bleeding,Dataset/Coconut Tree Disease Dataset/Stem Bleeding/StemBleeding769.jpg,,,,,,disease-class=3_trunk_disease
StemBleeding770,disease/Stem Bleeding,Dataset/Coconut Tree Disease Dataset/Stem Bleeding/StemBleeding770.jpg,,,,,,disease-class=3_trunk_disease
StemBleeding771,disease/Stem Bleeding,Dataset/Coconut Tree Disease Dataset/Stem Bleeding/StemBleeding771.jpg,,,,,,disease-class=3_trunk_disease
StemBleeding772,disease/Stem Bleeding,Dataset/Coconut Tree Disease Dataset/Stem Bleeding/StemBleeding772.jpg,,,,,,disease-class=3_trunk_disease
StemBleeding773,disease/Stem Bleeding,Dataset/Coconut Tree Disease Dataset/Stem Bleeding/StemBleeding773.jpg,,,,,,disease-class=3_trunk_disease
StemBleeding774,disease/Stem Bleeding,Dataset/Coconut Tree Disease Dataset/Stem Bleeding/StemBleeding774.jpg,,,,,,disease-class=3_trunk_disease
StemBleeding775,disease/Stem Bleeding,Dataset/Coconut Tree Disease Dataset/Stem Bleeding/StemBleeding775.jpg,,,,,,disease-class=3_trunk_disease
StemBleeding776,disease/Stem Bleeding,Dataset/Coconut Tree Disease Dataset/Stem Bleeding/StemBleeding776.jpg,,,,,,disease-class=3_trunk_disease
StemBleeding777,disease/Stem Bleeding,Dataset/Coconut Tree Disease Dataset/Stem Bleeding/StemBleeding777.jpg,,,,,,disease-class=3_trunk_disease
StemBleeding778,disease/Stem Bleeding,Dataset/Coconut Tree Disease Dataset/Stem Bleeding/StemBleeding778.jpg,,,,,,disease-class=3_trunk_disease
StemBleeding779,disease/Stem Bleeding,Dataset/Coconut Tree Disease Dataset/Stem Bleeding/StemBleeding779.jpg,,,,,,disease-class=3_trunk_disease
StemBleeding780,disease/Stem Bleeding,Dataset/Coconut Tree Disease Dataset/Stem Bleeding/StemBleeding780.jpg,,,,,,disease-class=3_trunk_disease
StemBleeding781,disease/Stem Bleeding,Dataset/Coconut Tree Disease Dataset/Stem Bleeding/StemBleeding781.jpg,,,,,,disease-class=3_trunk_disease
StemBleeding782,disease/Stem Bleeding,Dataset/Coconut Tree Disease Dataset/Stem Bleeding/StemBleeding782.jpg,,,,,,disease-class=3_trunk_disease
StemBleeding783,disease/Stem Bleeding,Dataset/Coconut Tree Disease Dataset/Stem Bleeding/StemBleeding783.jpg,,,,,,disease-class=3_trunk_disease
StemBleeding784,disease/Stem Bleeding,Dataset/Coconut Tree Disease Dataset/Stem Bleeding/StemBleeding784.jpg,,,,,,disease-class=3_trunk_disease
StemBleeding785,disease/Stem Bleeding,Dataset/Coconut Tree Disease Dataset/Stem Bleeding/StemBleeding785.jpg,,,,,,disease-class=3_trunk_disease
StemBleeding786,disease/Stem Bleeding,Dataset/Coconut Tree Disease Dataset/Stem Bleeding/StemBleeding786.jpg,,,,,,disease-class=3_trunk_disease
StemBleeding787,disease/Stem Bleeding,Dataset/Coconut Tree Disease Dataset/Stem Bleeding/StemBleeding787.jpg,,,,,,disease-class=3_trunk_disease
StemBleeding788,disease/Stem Bleeding,Dataset/Coconut Tree Disease Dataset/Stem Bleeding/StemBleeding788.jpg,,,,,,disease-class=3_trunk_disease
StemBleeding789,disease/Stem Bleeding,Dataset/Coconut Tree Disease Dataset/Stem Bleeding/StemBleeding789.jpg,,,,,,disease-class=3_trunk_disease
StemBleeding790,disease/Stem Bleeding,Dataset/Coconut Tree Disease Dataset/Stem Bleeding/StemBleeding790.jpg,,,,,,disease-class=3_trunk_disease
StemBleeding791,disease/Stem Bleeding,Dataset/Coconut Tree Disease Dataset/Stem Bleeding/StemBleeding791.jpg,,,,,,disease-class=3_trunk_disease
StemBleeding792,disease/Stem Bleeding,Dataset/Coconut Tree Disease Dataset/Stem Bleeding/StemBleeding792.jpg,,,,,,disease-class=3_trunk_disease
StemBleeding793,disease/Stem Bleeding,Dataset/Coconut Tree Disease Dataset/Stem Bleeding/StemBleeding793.jpg,,,,,,disease-class=3_trunk_disease
StemBleeding794,disease/Stem Bleeding,Dataset/Coconut Tree Disease Dataset/Stem Bleeding/StemBleeding794.jpg,,,,,,disease-class=3_trunk_disease
StemBleeding795,disease/Stem Bleeding,Dataset/Coconut Tree Disease Dataset/Stem Bleeding/StemBleeding795.jpg,,,,,,disease-class=3_trunk_disease
StemBleeding796,disease/Stem Bleeding,Dataset/Coconut Tree Disease Dataset/Stem Bleeding/StemBleeding796.jpg,,,,,,disease-class=3_trunk_disease
StemBleeding797,disease/Stem Bleeding,Dataset/Coconut Tree Disease Dataset/Stem Bleeding/StemBleeding797.jpg,,,,,,disease-class=3_trunk_disease
StemBleeding798,disease/Stem Bleeding,Dataset/Coconut Tree Disease Dataset/Stem Bleeding/StemBleeding798.jpg,,,,,,disease-class=3_trunk_disease
StemBleeding799,disease/Stem Bleeding,Dataset/Coconut Tree Disease Dataset/Stem Bleeding/StemBleeding799.jpg,,,,,,disease-class=3_trunk_disease
StemBleeding800,disease/Stem Bleeding,Dataset/Coconut Tree Disease Dataset/Stem Bleeding/StemBleeding800.jpg,,,,,,disease-class=3_trunk_disease
StemBleeding801,disease/Stem Bleeding,Dataset/Coconut Tree Disease Dataset/Stem Bleeding/StemBleeding801.jpg,,,,,,disease-class=3_trunk_disease
StemBleeding802,disease/Stem Bleeding,Dataset/Coconut Tree Disease Dataset/Stem Bleeding/StemBleeding802.jpg,,,,,,disease-class=3_trunk_disease
StemBleeding803,disease/Stem Bleeding,Dataset/Coconut Tree Disease Dataset/Stem Bleeding/StemBleeding803.jpg,,,,,,disease-class=3_trunk_disease
StemBleeding804,disease/Stem Bleeding,Dataset/Coconut Tree Disease Dataset/Stem Bleeding/StemBleeding804.jpg,,,,,,disease-class=3_trunk_disease
StemBleeding805,disease/Stem Bleeding,Dataset/Coconut Tree Disease Dataset/Stem Bleeding/StemBleeding805.jpg,,,,,,disease-class=3_trunk_disease
StemBleeding806,disease/Stem Bleeding,Dataset/Coconut Tree Disease Dataset/Stem Bleeding/StemBleeding806.jpg,,,,,,disease-class=3_trunk_disease
StemBleeding807,disease/Stem Bleeding,Dataset/Coconut Tree Disease Dataset/Stem Bleeding/StemBleeding807.jpg,,,,,,disease-class=3_trunk_disease
StemBleeding808,disease/Stem Bleeding,Dataset/Coconut Tree Disease Dataset/Stem Bleeding/StemBleeding808.jpg,,,,,,disease-class=3_trunk_disease
StemBleeding809,disease/Stem Bleeding,Dataset/Coconut Tree Disease Dataset/Stem Bleeding/StemBleeding809.jpg,,,,,,disease-class=3_trunk_disease
StemBleeding810,disease/Stem Bleeding,Dataset/Coconut Tree Disease Dataset/Stem Bleeding/StemBleeding810.jpg,,,,,,disease-class=3_trunk_disease
StemBleeding811,disease/Stem Bleeding,Dataset/Coconut Tree Disease Dataset/Stem Bleeding/StemBleeding811.jpg,,,,,,disease-class=3_trunk_disease
StemBleeding812,disease/Stem Bleeding,Dataset/Coconut Tree Disease Dataset/Stem Bleeding/StemBleeding812.jpg,,,,,,disease-class=3_trunk_disease
StemBleeding813,disease/Stem Bleeding,Dataset/Coconut Tree Disease Dataset/Stem Bleeding/StemBleeding813.jpg,,,,,,disease-class=3_trunk_disease
StemBleeding814,disease/Stem Bleeding,Dataset/Coconut Tree Disease Dataset/Stem Bleeding/StemBleeding814.jpg,,,,,,disease-class=3_trunk_disease
StemBleeding815,disease/Stem Bleeding,Dataset/Coconut Tree Disease Dataset/Stem Bleeding/StemBleeding815.jpg,,,,,,disease-class=3_trunk_disease
StemBleeding816,disease/Stem Bleeding,Dataset/Coconut Tree Disease Dataset/Stem Bleeding/StemBleeding816.jpg,,,,,,disease-class=3_trunk_disease
StemBleeding817,disease/Stem Bleeding,Dataset/Coconut Tree Disease Dataset/Stem Bleeding/StemBleeding817.jpg,,,,,,disease-class=3_trunk_disease
StemBleeding818,disease/Stem Bleeding,Dataset/Coconut Tree Disease Dataset/Stem Bleeding/StemBleeding818.jpg,,,,,,disease-class=3_trunk_disease
StemBleeding819,disease/Stem Bleeding,Dataset/Coconut Tree Disease Dataset/Stem Bleeding/StemBleeding819.jpg,,,,,,disease-class=3_trunk_disease
StemBleeding820,disease/Stem Bleeding,Dataset/Coconut Tree Disease Dataset/Stem Bleeding/StemBleeding820.jpg,,,,,,disease-class=3_trunk_disease
StemBleeding821,disease/Stem Bleeding,Dataset/Coconut Tree Disease Dataset/Stem Bleeding/StemBleeding821.jpg,,,,,,disease-class=3_trunk_disease
StemBleeding822,disease/Stem Bleeding,Dataset/Coconut Tree Disease Dataset/Stem Bleeding/StemBleeding822.jpg,,,,,,disease-class=3_trunk_disease
StemBleeding823,disease/Stem Bleeding,Dataset/Coconut Tree Disease Dataset/Stem Bleeding/StemBleeding823.jpg,,,,,,disease-class=3_trunk_disease
StemBleeding824,disease/Stem Bleeding,Dataset/Coconut Tree Disease Dataset/Stem Bleeding/StemBleeding824.jpg,,,,,,disease-class=3_trunk_disease
StemBleeding825,disease/Stem Bleeding,Dataset/Coconut Tree Disease Dataset/Stem Bleeding/StemBleeding825.jpg,,,,,,disease-class=3_trunk_disease
StemBleeding826,disease/Stem Bleeding,Dataset/Coconut Tree Disease Dataset/Stem Bleeding/StemBleeding826.jpg,,,,,,disease-class=3_trunk_disease
StemBleeding827,disease/Stem Bleeding,Dataset/Coconut Tree Disease Dataset/Stem Bleeding/StemBleeding827.jpg,,,,,,disease-class=3_trunk_disease
StemBleeding828,disease/Stem Bleeding,Dataset/Coconut Tree Disease Dataset/Stem Bleeding/StemBleeding828.jpg,,,,,,disease-class=3_trunk_disease
StemBleeding829,disease/Stem Bleeding,Dataset/Coconut Tree Disease Dataset/Stem Bleeding/StemBleeding829.jpg,,,,,,disease-class=3_trunk_disease
StemBleeding830,disease/Stem Bleeding,Dataset/Coconut Tree Disease Dataset/Stem Bleeding/StemBleeding830.jpg,,,,,,disease-class=3_trunk_disease
StemBleeding831,disease/Stem Bleeding,Dataset/Coconut Tree Disease Dataset/Stem Bleeding/StemBleeding831.jpg,,,,,,disease-class=3_trunk_disease
StemBleeding832,disease/Stem Bleeding,Dataset/Coconut Tree Disease Dataset/Stem Bleeding/StemBleeding832.jpg,,,,,,disease-class=3_trunk_disease
StemBleeding833,disease/Stem Bleeding,Dataset/Coconut Tree Disease Dataset/Stem Bleeding/StemBleeding833.jpg,,,,,,disease-class=3_trunk_disease
StemBleeding834,disease/Stem Bleeding,Dataset/Coconut Tree Disease Dataset/Stem Bleeding/StemBleeding834.jpg,,,,,,disease-class=3_trunk_disease
StemBleeding835,disease/Stem Bleeding,Dataset/Coconut Tree Disease Dataset/Stem Bleeding/StemBleeding835.jpg,,,,,,disease-class=3_trunk_disease
StemBleeding836,disease/Stem Bleeding,Dataset/Coconut Tree Disease Dataset/Stem Bleeding/StemBleeding836.jpg,,,,,,disease-class=3_trunk_disease
StemBleeding837,disease/Stem Bleeding,Dataset/Coconut Tree Disease Dataset/Stem Bleeding/StemBleeding837.jpg,,,,,,disease-class=3_trunk_disease
StemBleeding838,disease/Stem Bleeding,Dataset/Coconut Tree Disease Dataset/Stem Bleeding/StemBleeding838.jpg,,,,,,disease-class=3_trunk_disease
StemBleeding839,disease/Stem Bleeding,Dataset/Coconut Tree Disease Dataset/Stem Bleeding/StemBleeding839.jpg,,,,,,disease-class=3_trunk_disease
StemBleeding840,disease/Stem Bleeding,Dataset/Coconut Tree Disease Dataset/Stem Bleeding/StemBleeding840.jpg,,,,,,disease-class=3_trunk_disease
StemBleeding841,disease/Stem Bleeding,Dataset/Coconut Tree Disease Dataset/Stem Bleeding/StemBleeding841.jpg,,,,,,disease-class=3_trunk_disease
StemBleeding842,disease/Stem Bleeding,Dataset/Coconut Tree Disease Dataset/Stem Bleeding/StemBleeding842.jpg,,,,,,disease-class=3_trunk_disease
StemBleeding843,disease/Stem Bleeding,Dataset/Coconut Tree Disease Dataset/Stem Bleeding/StemBleeding843.jpg,,,,,,disease-class=3_trunk_disease
StemBleeding844,disease/Stem Bleeding,Dataset/Coconut Tree Disease Dataset/Stem Bleeding/StemBleeding844.jpg,,,,,,disease-class=3_trunk_disease
StemBleeding845,disease/Stem Bleeding,Dataset/Coconut Tree Disease Dataset/Stem Bleeding/StemBleeding845.jpg,,,,,,disease-class=3_trunk_disease
StemBleeding846,disease/Stem Bleeding,Dataset/Coconut Tree Disease Dataset/Stem Bleeding/StemBleeding846.jpg,,,,,,disease-class=3_trunk_disease
StemBleeding847,disease/Stem Bleeding,Dataset/Coconut Tree Disease Dataset/Stem Bleeding/StemBleeding847.jpg,,,,,,disease-class=3_trunk_disease
StemBleeding848,disease/Stem Bleeding,Dataset/Coconut Tree Disease Dataset/Stem Bleeding/StemBleeding848.jpg,,,,,,disease-class=3_trunk_disease
StemBleeding849,disease/Stem Bleeding,Dataset/Coconut Tree Disease Dataset/Stem Bleeding/StemBleeding849.jpg,,,,,,disease-class=3_trunk_disease
StemBleeding850,disease/Stem Bleeding,Dataset/Coconut Tree Disease Dataset/Stem Bleeding/StemBleeding850.jpg,,,,,,disease-class=3_trunk_disease
StemBleeding851,disease/Stem Bleeding,Dataset/Coconut Tree Disease Dataset/Stem Bleeding/StemBleeding851.jpg,,,,,,disease-class=3_trunk_disease
StemBleeding852,disease/Stem Bleeding,Dataset/Coconut Tree Disease Dataset/Stem Bleeding/StemBleeding852.jpg,,,,,,disease-class=3_trunk_disease
StemBleeding853,disease/Stem Bleeding,Dataset/Coconut Tree Disease Dataset/Stem Bleeding/StemBleeding853.jpg,,,,,,disease-class=3_trunk_disease
StemBleeding854,disease/Stem Bleeding,Dataset/Coconut Tree Disease Dataset/Stem Bleeding/StemBleeding854.jpg,,,,,,disease-class=3_trunk_disease
StemBleeding855,disease/Stem Bleeding,Dataset/Coconut Tree Disease Dataset/Stem Bleeding/StemBleeding855.jpg,,,,,,disease-class=3_trunk_disease
StemBleeding856,disease/Stem Bleeding,Dataset/Coconut Tree Disease Dataset/Stem Bleeding/StemBleeding856.jpg,,,,,,disease-class=3_trunk_disease
StemBleeding857,disease/Stem Bleeding,Dataset/Coconut Tree Disease Dataset/Stem Bleeding/StemBleeding857.jpg,,,,,,disease-class=3_trunk_disease
StemBleeding858,disease/Stem Bleeding,Dataset/Coconut Tree Disease Dataset/Stem Bleeding/StemBleeding858.jpg,,,,,,disease-class=3_trunk_disease
StemBleeding859,disease/Stem Bleeding,Dataset/Coconut Tree Disease Dataset/Stem Bleeding/StemBleeding859.jpg,,,,,,disease-class=3_trunk_disease
StemBleeding860,disease/Stem Bleeding,Dataset/Coconut Tree Disease Dataset/Stem Bleeding/StemBleeding860.jpg,,,,,,disease-class=3_trunk_disease
StemBleeding861,disease/Stem Bleeding,Dataset/Coconut Tree Disease Dataset/Stem Bleeding/StemBleeding861.jpg,,,,,,disease-class=3_trunk_disease
StemBleeding862,disease/Stem Bleeding,Dataset/Coconut Tree Disease Dataset/Stem Bleeding/StemBleeding862.jpg,,,,,,disease-class=3_trunk_disease
StemBleeding863,disease/Stem Bleeding,Dataset/Coconut Tree Disease Dataset/Stem Bleeding/StemBleeding863.jpg,,,,,,disease-class=3_trunk_disease
StemBleeding864,disease/Stem Bleeding,Dataset/Coconut Tree Disease Dataset/Stem Bleeding/StemBleeding864.jpg,,,,,,disease-class=3_trunk_disease
StemBleeding865,disease/Stem Bleeding,Dataset/Coconut Tree Disease Dataset/Stem Bleeding/StemBleeding865.jpg,,,,,,disease-class=3_trunk_disease
StemBleeding866,disease/Stem Bleeding,Dataset/Coconut Tree Disease Dataset/Stem Bleeding/StemBleeding866.jpg,,,,,,disease-class=3_trunk_disease
StemBleeding867,disease/Stem Bleeding,Dataset/Coconut Tree Disease Dataset/Stem Bleeding/StemBleeding867.jpg,,,,,,disease-class=3_trunk_disease
StemBleeding868,disease/Stem Bleeding,Dataset/Coconut Tree Disease Dataset/Stem Bleeding/StemBleeding868.jpg,,,,,,disease-class=3_trunk_disease
StemBleeding869,disease/Stem Bleeding,Dataset/Coconut Tree Disease Dataset/Stem Bleeding/StemBleeding869.jpg,,,,,,disease-class=3_trunk_disease
StemBleeding870,disease/Stem Bleeding,Dataset/Coconut Tree Disease Dataset/Stem Bleeding/StemBleeding870.jpg,,,,,,disease-class=3_trunk_disease
StemBleeding871,disease/Stem Bleeding,Dataset/Coconut Tree Disease Dataset/Stem Bleeding/StemBleeding871.jpg,,,,,,disease-class=3_trunk_disease
StemBleeding872,disease/Stem Bleeding,Dataset/Coconut Tree Disease Dataset/Stem Bleeding/StemBleeding872.jpg,,,,,,disease-class=3_trunk_disease
StemBleeding873,disease/Stem Bleeding,Dataset/Coconut Tree Disease Dataset/Stem Bleeding/StemBleeding873.jpg,,,,,,disease-class=3_trunk_disease
StemBleeding874,disease/Stem Bleeding,Dataset/Coconut Tree Disease Dataset/Stem Bleeding/StemBleeding874.jpg,,,,,,disease-class=3_trunk_disease
StemBleeding875,disease/Stem Bleeding,Dataset/Coconut Tree Disease Dataset/Stem Bleeding/StemBleeding875.jpg,,,,,,disease-class=3_trunk_disease
StemBleeding876,disease/Stem Bleeding,Dataset/Coconut Tree Disease Dataset/Stem Bleeding/StemBleeding876.jpg,,,,,,disease-class=3_trunk_disease
StemBleeding877,disease/Stem Bleeding,Dataset/Coconut Tree Disease Dataset/Stem Bleeding/StemBleeding877.jpg,,,,,,disease-class=3_trunk_disease
StemBleeding878,disease/Stem Bleeding,Dataset/Coconut Tree Disease Dataset/Stem Bleeding/StemBleeding878.jpg,,,,,,disease-class=3_trunk_disease
StemBleeding879,disease/Stem Bleeding,Dataset/Coconut Tree Disease Dataset/Stem Bleeding/StemBleeding879.jpg,,,,,,disease-class=3_trunk_disease
StemBleeding880,disease/Stem Bleeding,Dataset/Coconut Tree Disease Dataset/Stem Bleeding/StemBleeding880.jpg,,,,,,disease-class=3_trunk_disease
StemBleeding881,disease/Stem Bleeding,Dataset/Coconut Tree Disease Dataset/Stem Bleeding/StemBleeding881.jpg,,,,,,disease-class=3_trunk_disease
StemBleeding882,disease/Stem Bleeding,Dataset/Coconut Tree Disease Dataset/Stem Bleeding/StemBleeding882.jpg,,,,,,disease-class=3_trunk_disease
StemBleeding883,disease/Stem Bleeding,Dataset/Coconut Tree Disease Dataset/Stem Bleeding/StemBleeding883.jpg,,,,,,disease-class=3_trunk_disease
StemBleeding884,disease/Stem Bleeding,Dataset/Coconut Tree Disease Dataset/Stem Bleeding/StemBleeding884.jpg,,,,,,disease-class=3_trunk_disease
StemBleeding885,disease/Stem Bleeding,Dataset/Coconut Tree Disease Dataset/Stem Bleeding/StemBleeding885.jpg,,,,,,disease-class=3_trunk_disease
StemBleeding886,disease/Stem Bleeding,Dataset/Coconut Tree Disease Dataset/Stem Bleeding/StemBleeding886.jpg,,,,,,disease-class=3_trunk_disease
StemBleeding887,disease/Stem Bleeding,Dataset/Coconut Tree Disease Dataset/Stem Bleeding/StemBleeding887.jpg,,,,,,disease-class=3_trunk_disease
StemBleeding888,disease/Stem Bleeding,Dataset/Coconut Tree Disease Dataset/Stem Bleeding/StemBleeding888.jpg,,,,,,disease-class=3_trunk_disease
StemBleeding889,disease/Stem Bleeding,Dataset/Coconut Tree Disease Dataset/Stem Bleeding/StemBleeding889.jpg,,,,,,disease-class=3_trunk_disease
StemBleeding890,disease/Stem Bleeding,Dataset/Coconut Tree Disease Dataset/Stem Bleeding/StemBleeding890.jpg,,,,,,disease-class=3_trunk_disease
StemBleeding891,disease/Stem Bleeding,Dataset/Coconut Tree Disease Dataset/Stem Bleeding/StemBleeding891.jpg,,,,,,disease-class=3_trunk_disease
StemBleeding892,disease/Stem Bleeding,Dataset/Coconut Tree Disease Dataset/Stem Bleeding/StemBleeding892.jpg,,,,,,disease-class=3_trunk_disease
StemBleeding893,disease/Stem Bleeding,Dataset/Coconut Tree Disease Dataset/Stem Bleeding/StemBleeding893.jpg,,,,,,disease-class=3_trunk_disease
StemBleeding894,disease/Stem Bleeding,Dataset/Coconut Tree Disease Dataset/Stem Bleeding/StemBleeding894.jpg,,,,,,disease-class=3_trunk_disease
StemBleeding895,disease/Stem Bleeding,Dataset/Coconut Tree Disease Dataset/Stem Bleeding/StemBleeding895.jpg,,,,,,disease-class=3_trunk_disease
StemBleeding896,disease/Stem Bleeding,Dataset/Coconut Tree Disease Dataset/Stem Bleeding/StemBleeding896.jpg,,,,,,disease-class=3_trunk_disease
StemBleeding897,disease/Stem Bleeding,Dataset/Coconut Tree Disease Dataset/Stem Bleeding/StemBleeding897.jpg,,,,,,disease-class=3_trunk_disease
StemBleeding898,disease/Stem Bleeding,Dataset/Coconut Tree Disease Dataset/Stem Bleeding/StemBleeding898.jpg,,,,,,disease-class=3_trunk_disease
StemBleeding899,disease/Stem Bleeding,Dataset/Coconut Tree Disease Dataset/Stem Bleeding/StemBleeding899.jpg,,,,,,disease-class=3_trunk_disease
StemBleeding900,disease/Stem Bleeding,Dataset/Coconut Tree Disease Dataset/Stem Bleeding/StemBleeding900.jpg,,,,,,disease-class=3_trunk_disease
StemBleeding901,disease/Stem Bleeding,Dataset/Coconut Tree Disease Dataset/Stem Bleeding/StemBleeding901.jpg,,,,,,disease-class=3_trunk_disease
StemBleeding902,disease/Stem Bleeding,Dataset/Coconut Tree Disease Dataset/Stem Bleeding/StemBleeding902.jpg,,,,,,disease-class=3_trunk_disease
StemBleeding903,disease/Stem Bleeding,Dataset/Coconut Tree Disease Dataset/Stem Bleeding/StemBleeding903.jpg,,,,,,disease-class=3_trunk_disease
StemBleeding904,disease/Stem Bleeding,Dataset/Coconut Tree Disease Dataset/Stem Bleeding/StemBleeding904.jpg,,,,,,disease-class=3_trunk_disease
StemBleeding905,disease/Stem Bleeding,Dataset/Coconut Tree Disease Dataset/Stem Bleeding/StemBleeding905.jpg,,,,,,disease-class=3_trunk_disease
StemBleeding906,disease/Stem Bleeding,Dataset/Coconut Tree Disease Dataset/Stem Bleeding/StemBleeding906.jpg,,,,,,disease-class=3_trunk_disease
StemBleeding907,disease/Stem Bleeding,Dataset/Coconut Tree Disease Dataset/Stem Bleeding/StemBleeding907.jpg,,,,,,disease-class=3_trunk_disease
StemBleeding908,disease/Stem Bleeding,Dataset/Coconut Tree Disease Dataset/Stem Bleeding/StemBleeding908.jpg,,,,,,disease-class=3_trunk_disease
StemBleeding909,disease/Stem Bleeding,Dataset/Coconut Tree Disease Dataset/Stem Bleeding/StemBleeding909.jpg,,,,,,disease-class=3_trunk_disease
StemBleeding910,disease/Stem Bleeding,Dataset/Coconut Tree Disease Dataset/Stem Bleeding/StemBleeding910.jpg,,,,,,disease-class=3_trunk_disease
StemBleeding911,disease/Stem Bleeding,Dataset/Coconut Tree Disease Dataset/Stem Bleeding/StemBleeding911.jpg,,,,,,disease-class=3_trunk_disease
StemBleeding912,disease/Stem Bleeding,Dataset/Coconut Tree Disease Dataset/Stem Bleeding/StemBleeding912.jpg,,,,,,disease-class=3_trunk_disease
StemBleeding913,disease/Stem Bleeding,Dataset/Coconut Tree Disease Dataset/Stem Bleeding/StemBleeding913.jpg,,,,,,disease-class=3_trunk_disease
StemBleeding914,disease/Stem Bleeding,Dataset/Coconut Tree Disease Dataset/Stem Bleeding/StemBleeding914.jpg,,,,,,disease-class=3_trunk_disease
StemBleeding915,disease/Stem Bleeding,Dataset/Coconut Tree Disease Dataset/Stem Bleeding/StemBleeding915.jpg,,,,,,disease-class=3_trunk_disease
StemBleeding916,disease/Stem Bleeding,Dataset/Coconut Tree Disease Dataset/Stem Bleeding/StemBleeding916.jpg,,,,,,disease-class=3_trunk_disease
StemBleeding917,disease/Stem Bleeding,Dataset/Coconut Tree Disease Dataset/Stem Bleeding/StemBleeding917.jpg,,,,,,disease-class=3_trunk_disease
StemBleeding918,disease/Stem Bleeding,Dataset/Coconut Tree Disease Dataset/Stem Bleeding/StemBleeding918.jpg,,,,,,disease-class=3_trunk_disease
StemBleeding919,disease/Stem Bleeding,Dataset/Coconut Tree Disease Dataset/Stem Bleeding/StemBleeding919.jpg,,,,,,disease-class=3_trunk_disease
StemBleeding920,disease/Stem Bleeding,Dataset/Coconut Tree Disease Dataset/Stem Bleeding/StemBleeding920.jpg,,,,,,disease-class=3_trunk_disease
StemBleeding921,disease/Stem Bleeding,Dataset/Coconut Tree Disease Dataset/Stem Bleeding/StemBleeding921.jpg,,,,,,disease-class=3_trunk_disease
StemBleeding922,disease/Stem Bleeding,Dataset/Coconut Tree Disease Dataset/Stem Bleeding/StemBleeding922.jpg,,,,,,disease-class=3_trunk_disease
StemBleeding923,disease/Stem Bleeding,Dataset/Coconut Tree Disease Dataset/Stem Bleeding/StemBleeding923.jpg,,,,,,disease-class=3_trunk_disease
StemBleeding924,disease/Stem Bleeding,Dataset/Coconut Tree Disease Dataset/Stem Bleeding/StemBleeding924.jpg,,,,,,disease-class=3_trunk_disease
StemBleeding925,disease/Stem Bleeding,Dataset/Coconut Tree Disease Dataset/Stem Bleeding/StemBleeding925.jpg,,,,,,disease-class=3_trunk_disease
StemBleeding926,disease/Stem Bleeding,Dataset/Coconut Tree Disease Dataset/Stem Bleeding/StemBleeding926.jpg,,,,,,disease-class=3_trunk_disease
StemBleeding927,disease/Stem Bleeding,Dataset/Coconut Tree Disease Dataset/Stem Bleeding/StemBleeding927.jpg,,,,,,disease-class=3_trunk_disease
StemBleeding928,disease/Stem Bleeding,Dataset/Coconut Tree Disease Dataset/Stem Bleeding/StemBleeding928.jpg,,,,,,disease-class=3_trunk_disease
StemBleeding929,disease/Stem Bleeding,Dataset/Coconut Tree Disease Dataset/Stem Bleeding/StemBleeding929.jpg,,,,,,disease-class=3_trunk_disease
StemBleeding930,disease/Stem Bleeding,Dataset/Coconut Tree Disease Dataset/Stem Bleeding/StemBleeding930.jpg,,,,,,disease-class=3_trunk_disease
StemBleeding931,disease/Stem Bleeding,Dataset/Coconut Tree Disease Dataset/Stem Bleeding/StemBleeding931.jpg,,,,,,disease-class=3_trunk_disease
StemBleeding932,disease/Stem Bleeding,Dataset/Coconut Tree Disease Dataset/Stem Bleeding/StemBleeding932.jpg,,,,,,disease-class=3_trunk_disease
StemBleeding933,disease/Stem Bleeding,Dataset/Coconut Tree Disease Dataset/Stem Bleeding/StemBleeding933.jpg,,,,,,disease-class=3_trunk_disease
StemBleeding934,disease/Stem Bleeding,Dataset/Coconut Tree Disease Dataset/Stem Bleeding/StemBleeding934.jpg,,,,,,disease-class=3_trunk_disease
StemBleeding935,disease/Stem Bleeding,Dataset/Coconut Tree Disease Dataset/Stem Bleeding/StemBleeding935.jpg,,,,,,disease-class=3_trunk_disease
StemBleeding936,disease/Stem Bleeding,Dataset/Coconut Tree Disease Dataset/Stem Bleeding/StemBleeding936.jpg,,,,,,disease-class=3_trunk_disease
StemBleeding937,disease/Stem Bleeding,Dataset/Coconut Tree Disease Dataset/Stem Bleeding/StemBleeding937.jpg,,,,,,disease-class=3_trunk_disease
StemBleeding938,disease/Stem Bleeding,Dataset/Coconut Tree Disease Dataset/Stem Bleeding/StemBleeding938.jpg,,,,,,disease-class=3_trunk_disease
StemBleeding939,disease/Stem Bleeding,Dataset/Coconut Tree Disease Dataset/Stem Bleeding/StemBleeding939.jpg,,,,,,disease-class=3_trunk_disease
StemBleeding940,disease/Stem Bleeding,Dataset/Coconut Tree Disease Dataset/Stem Bleeding/StemBleeding940.jpg,,,,,,disease-class=3_trunk_disease
StemBleeding941,disease/Stem Bleeding,Dataset/Coconut Tree Disease Dataset/Stem Bleeding/StemBleeding941.jpg,,,,,,disease-class=3_trunk_disease
StemBleeding942,disease/Stem Bleeding,Dataset/Coconut Tree Disease Dataset/Stem Bleeding/StemBleeding942.jpg,,,,,,disease-class=3_trunk_disease
StemBleeding943,disease/Stem Bleeding,Dataset/Coconut Tree Disease Dataset/Stem Bleeding/StemBleeding943.jpg,,,,,,disease-class=3_trunk_disease
StemBleeding944,disease/Stem Bleeding,Dataset/Coconut Tree Disease Dataset/Stem Bleeding/StemBleeding944.jpg,,,,,,disease-class=3_trunk_disease
StemBleeding945,disease/Stem Bleeding,Dataset/Coconut Tree Disease Dataset/Stem Bleeding/StemBleeding945.jpg,,,,,,disease-class=3_trunk_disease
StemBleeding946,disease/Stem Bleeding,Dataset/Coconut Tree Disease Dataset/Stem Bleeding/StemBleeding946.jpg,,,,,,disease-class=3_trunk_disease
StemBleeding947,disease/Stem Bleeding,Dataset/Coconut Tree Disease Dataset/Stem Bleeding/StemBleeding947.jpg,,,,,,disease-class=3_trunk_disease
StemBleeding948,disease/Stem Bleeding,Dataset/Coconut Tree Disease Dataset/Stem Bleeding/StemBleeding948.jpg,,,,,,disease-class=3_trunk_disease
StemBleeding949,disease/Stem Bleeding,Dataset/Coconut Tree Disease Dataset/Stem Bleeding/StemBleeding949.jpg,,,,,,disease-class=3_trunk_disease
StemBleeding950,disease/Stem Bleeding,Dataset/Coconut Tree Disease Dataset/Stem Bleeding/StemBleeding950.jpg,,,,,,disease-class=3_trunk_disease
StemBleeding951,disease/Stem Bleeding,Dataset/Coconut Tree Disease Dataset/Stem Bleeding/StemBleeding951.jpg,,,,,,disease-class=3_trunk_disease
StemBleeding952,disease/Stem Bleeding,Dataset/Coconut Tree Disease Dataset/Stem Bleeding/StemBleeding952.jpg,,,,,,disease-class=3_trunk_disease
StemBleeding953,disease/Stem Bleeding,Dataset/Coconut Tree Disease Dataset/Stem Bleeding/StemBleeding953.jpg,,,,,,disease-class=3_trunk_disease
StemBleeding954,disease/Stem Bleeding,Dataset/Coconut Tree Disease Dataset/Stem Bleeding/StemBleeding954.jpg,,,,,,disease-class=3_trunk_disease
StemBleeding955,disease/Stem Bleeding,Dataset/Coconut Tree Disease Dataset/Stem Bleeding/StemBleeding955.jpg,,,,,,disease-class=3_trunk_disease
StemBleeding956,disease/Stem Bleeding,Dataset/Coconut Tree Disease Dataset/Stem Bleeding/StemBleeding956.jpg,,,,,,disease-class=3_trunk_disease
StemBleeding957,disease/Stem Bleeding,Dataset/Coconut Tree Disease Dataset/Stem Bleeding/StemBleeding957.jpg,,,,,,disease-class=3_trunk_disease
StemBleeding958,disease/Stem Bleeding,Dataset/Coconut Tree Disease Dataset/Stem Bleeding/StemBleeding958.jpg,,,,,,disease-class=3_trunk_disease
StemBleeding959,disease/Stem Bleeding,Dataset/Coconut Tree Disease Dataset/Stem Bleeding/StemBleeding959.jpg,,,,,,disease-class=3_trunk_disease
StemBleeding960,disease/Stem Bleeding,Dataset/Coconut Tree Disease Dataset/Stem Bleeding/StemBleeding960.jpg,,,,,,disease-class=3_trunk_disease
StemBleeding961,disease/Stem Bleeding,Dataset/Coconut Tree Disease Dataset/Stem Bleeding/StemBleeding961.jpg,,,,,,disease-class=3_trunk_disease
StemBleeding962,disease/Stem Bleeding,Dataset/Coconut Tree Disease Dataset/Stem Bleeding/StemBleeding962.jpg,,,,,,disease-class=3_trunk_disease
StemBleeding963,disease/Stem Bleeding,Dataset/Coconut Tree Disease Dataset/Stem Bleeding/StemBleeding963.jpg,,,,,,disease-class=3_trunk_disease
StemBleeding964,disease/Stem Bleeding,Dataset/Coconut Tree Disease Dataset/Stem Bleeding/StemBleeding964.jpg,,,,,,disease-class=3_trunk_disease
StemBleeding965,disease/Stem Bleeding,Dataset/Coconut Tree Disease Dataset/Stem Bleeding/StemBleeding965.jpg,,,,,,disease-class=3_trunk_disease
StemBleeding966,disease/Stem Bleeding,Dataset/Coconut Tree Disease Dataset/Stem Bleeding/StemBleeding966.jpg,,,,,,disease-class=3_trunk_disease
StemBleeding967,disease/Stem Bleeding,Dataset/Coconut Tree Disease Dataset/Stem Bleeding/StemBleeding967.jpg,,,,,,disease-class=3_trunk_disease
StemBleeding968,disease/Stem Bleeding,Dataset/Coconut Tree Disease Dataset/Stem Bleeding/StemBleeding968.jpg,,,,,,disease-class=3_trunk_disease
StemBleeding969,disease/Stem Bleeding,Dataset/Coconut Tree Disease Dataset/Stem Bleeding/StemBleeding969.jpg,,,,,,disease-class=3_trunk_disease
StemBleeding970,disease/Stem Bleeding,Dataset/Coconut Tree Disease Dataset/Stem Bleeding/StemBleeding970.jpg,,,,,,disease-class=3_trunk_disease
StemBleeding971,disease/Stem Bleeding,Dataset/Coconut Tree Disease Dataset/Stem Bleeding/StemBleeding971.jpg,,,,,,disease-class=3_trunk_disease
StemBleeding972,disease/Stem Bleeding,Dataset/Coconut Tree Disease Dataset/Stem Bleeding/StemBleeding972.jpg,,,,,,disease-class=3_trunk_disease
StemBleeding973,disease/Stem Bleeding,Dataset/Coconut Tree Disease Dataset/Stem Bleeding/StemBleeding973.jpg,,,,,,disease-class=3_trunk_disease
StemBleeding974,disease/Stem Bleeding,Dataset/Coconut Tree Disease Dataset/Stem Bleeding/StemBleeding974.jpg,,,,,,disease-class=3_trunk_disease
StemBleeding975,disease/Stem Bleeding,Dataset/Coconut Tree Disease Dataset/Stem Bleeding/StemBleeding975.jpg,,,,,,disease-class=3_trunk_disease
StemBleeding976,disease/Stem Bleeding,Dataset/Coconut Tree Disease Dataset/Stem Bleeding/StemBleeding976.jpg,,,,,,disease-class=3_trunk_disease
StemBleeding977,disease/Stem Bleeding,Dataset/Coconut Tree Disease Dataset/Stem Bleeding/StemBleeding977.jpg,,,,,,disease-class=3_trunk_disease
StemBleeding978,disease/Stem Bleeding,Dataset/Coconut Tree Disease Dataset/Stem Bleeding/StemBleeding978.jpg,,,,,,disease-class=3_trunk_disease
StemBleeding979,disease/Stem Bleeding,Dataset/Coconut Tree Disease Dataset/Stem Bleeding/StemBleeding979.jpg,,,,,,disease-class=3_trunk_disease
StemBleeding980,disease/Stem Bleeding,Dataset/Coconut Tree Disease Dataset/Stem Bleeding/StemBleeding980.jpg,,,,,,disease-class=3_trunk_disease
StemBleeding981,disease/Stem Bleeding,Dataset/Coconut Tree Disease Dataset/Stem Bleeding/StemBleeding981.jpg,,,,,,disease-class=3_trunk_disease
StemBleeding982,disease/Stem Bleeding,Dataset/Coconut Tree Disease Dataset/Stem Bleeding/StemBleeding982.jpg,,,,,,disease-class=3_trunk_disease
StemBleeding983,disease/Stem Bleeding,Dataset/Coconut Tree Disease Dataset/Stem Bleeding/StemBleeding983.jpg,,,,,,disease-class=3_trunk_disease
StemBleeding984,disease/Stem Bleeding,Dataset/Coconut Tree Disease Dataset/Stem Bleeding/StemBleeding984.jpg,,,,,,disease-class=3_trunk_disease
StemBleeding985,disease/Stem Bleeding,Dataset/Coconut Tree Disease Dataset/Stem Bleeding/StemBleeding985.jpg,,,,,,disease-class=3_trunk_disease
StemBleeding986,disease/Stem Bleeding,Dataset/Coconut Tree Disease Dataset/Stem Bleeding/StemBleeding986.jpg,,,,,,disease-class=3_trunk_disease
StemBleeding987,disease/Stem Bleeding,Dataset/Coconut Tree Disease Dataset/Stem Bleeding/StemBleeding987.jpg,,,,,,disease-class=3_trunk_disease
StemBleeding988,disease/Stem Bleeding,Dataset/Coconut Tree Disease Dataset/Stem Bleeding/StemBleeding988.jpg,,,,,,disease-class=3_trunk_disease
StemBleeding989,disease/Stem Bleeding,Dataset/Coconut Tree Disease Dataset/Stem Bleeding/StemBleeding989.jpg,,,,,,disease-class=3_trunk_disease
StemBleeding990,disease/Stem Bleeding,Dataset/Coconut Tree Disease Dataset/Stem Bleeding/StemBleeding990.jpg,,,,,,disease-class=3_trunk_disease
StemBleeding991,disease/Stem Bleeding,Dataset/Coconut Tree Disease Dataset/Stem Bleeding/StemBleeding991.jpg,,,,,,disease-class=3_trunk_disease
StemBleeding992,disease/Stem Bleeding,Dataset/Coconut Tree Disease Dataset/Stem Bleeding/StemBleeding992.jpg,,,,,,disease-class=3_trunk_disease
StemBleeding993,disease/Stem Bleeding,Dataset/Coconut Tree Disease Dataset/Stem Bleeding/StemBleeding993.jpg,,,,,,disease-class=3_trunk_disease
StemBleeding994,disease/Stem Bleeding,Dataset/Coconut Tree Disease Dataset/Stem Bleeding/StemBleeding994.jpg,,,,,,disease-class=3_trunk_disease
StemBleeding995,disease/Stem Bleeding,Dataset/Coconut Tree Disease Dataset/Stem Bleeding/StemBleeding995.jpg,,,,,,disease-class=3_trunk_disease
StemBleeding996,disease/Stem Bleeding,Dataset/Coconut Tree Disease Dataset/Stem Bleeding/StemBleeding996.jpg,,,,,,disease-class=3_trunk_disease
StemBleeding997,disease/Stem Bleeding,Dataset/Coconut Tree Disease Dataset/Stem Bleeding/StemBleeding997.jpg,,,,,,disease-class=3_trunk_disease
StemBleeding998,disease/Stem Bleeding,Dataset/Coconut Tree Disease Dataset/Stem Bleeding/StemBleeding998.jpg,,,,,,disease-class=3_trunk_disease
StemBleeding999,disease/Stem Bleeding,Dataset/Coconut Tree Disease Dataset/Stem Bleeding/StemBleeding999.jpg,,,,,,disease-class=3_trunk_disease
