lf,image_id,task,vote,confidence,reason,source,path,pred,fold,original_id
lf1_maturity,010_jpg.rf.0bceb2935b70017af4f5c8f966af09ab,1_maturity_evaluation,1,0.8918628692626953,,coconut-veirf-v5/train,train/images/010_jpg.rf.0bceb2935b70017af4f5c8f966af09ab.jpg,dry,2,010
lf1_maturity,010_jpg.rf.438e09acddb8e73d2bbce4e8dbe080a3,1_maturity_evaluation,1,0.9035045504570007,,coconut-veirf-v5/train,train/images/010_jpg.rf.438e09acddb8e73d2bbce4e8dbe080a3.jpg,dry,2,010
lf1_maturity,010_jpg.rf.bc166106b70d5c7392f13edb897b33fe,1_maturity_evaluation,1,0.8947585225105286,,coconut-veirf-v5/train,train/images/010_jpg.rf.bc166106b70d5c7392f13edb897b33fe.jpg,dry,2,010
lf1_maturity,015_jpg.rf.0696ae9f97d9a7e8f642fd504e1dfccc,1_maturity_evaluation,0,0.962259829044342,,coconut-veirf-v5/train,train/images/015_jpg.rf.0696ae9f97d9a7e8f642fd504e1dfccc.jpg,green|tender,0,015
lf1_maturity,015_jpg.rf.cfbcf01b383875e14bf9c7bb8921fe08,1_maturity_evaluation,0,0.9327898621559143,,coconut-veirf-v5/train,train/images/015_jpg.rf.cfbcf01b383875e14bf9c7bb8921fe08.jpg,green|tender,0,015
lf1_maturity,015_jpg.rf.f0fe9af2487360f5ade10db38a21e87a,1_maturity_evaluation,0,0.963972806930542,,coconut-veirf-v5/train,train/images/015_jpg.rf.f0fe9af2487360f5ade10db38a21e87a.jpg,green|tender,0,015
lf1_maturity,016_jpg.rf.1c75e3c14cf0b3190250b33769414d95,1_maturity_evaluation,1,0.9413763284683228,,coconut-veirf-v5/train,train/images/016_jpg.rf.1c75e3c14cf0b3190250b33769414d95.jpg,dry,2,016
lf1_maturity,016_jpg.rf.c307f930336c424f57b36d40e9eb758a,1_maturity_evaluation,1,0.9443761110305786,,coconut-veirf-v5/train,train/images/016_jpg.rf.c307f930336c424f57b36d40e9eb758a.jpg,dry|green,2,016
lf1_maturity,016_jpg.rf.e7e5eb3b47416c3c4ee2fb3aafe53aca,1_maturity_evaluation,1,0.9300036430358887,,coconut-veirf-v5/train,train/images/016_jpg.rf.e7e5eb3b47416c3c4ee2fb3aafe53aca.jpg,dry|green,2,016
lf1_maturity,017_jpg.rf.56ee43ce0abdf695f5f4be4def2c97a1,1_maturity_evaluation,1,0.9347532987594604,,coconut-veirf-v5/train,train/images/017_jpg.rf.56ee43ce0abdf695f5f4be4def2c97a1.jpg,dry,3,017
lf1_maturity,017_jpg.rf.744a099317cd7c34727ec5f74e028f51,1_maturity_evaluation,1,0.9330196380615234,,coconut-veirf-v5/train,train/images/017_jpg.rf.744a099317cd7c34727ec5f74e028f51.jpg,dry,3,017
lf1_maturity,017_jpg.rf.d9a59ee6444d4cfbd3301079faa0dcc7,1_maturity_evaluation,1,0.9412745833396912,,coconut-veirf-v5/train,train/images/017_jpg.rf.d9a59ee6444d4cfbd3301079faa0dcc7.jpg,dry,3,017
lf1_maturity,01_jpg.rf.9a2fdd1fbadf3f0f94e9a35bf7f28f01,1_maturity_evaluation,0,0.8933948874473572,,coconut-veirf-v5/train,train/images/01_jpg.rf.9a2fdd1fbadf3f0f94e9a35bf7f28f01.jpg,dry|green,2,01
lf1_maturity,01_jpg.rf.ece606812fdb5842eb935687c6322fd3,1_maturity_evaluation,0,0.8714298009872437,,coconut-veirf-v5/train,train/images/01_jpg.rf.ece606812fdb5842eb935687c6322fd3.jpg,green,2,01
lf1_maturity,01_jpg.rf.fc88eede4194a104bda7f5c428b7c9b7,1_maturity_evaluation,0,0.8561456203460693,,coconut-veirf-v5/train,train/images/01_jpg.rf.fc88eede4194a104bda7f5c428b7c9b7.jpg,green,2,01
lf1_maturity,020_jpg.rf.934aab5db8374bbe99ef6fbc9604ff3d,1_maturity_evaluation,0,0.7474595308303833,,coconut-veirf-v5/train,train/images/020_jpg.rf.934aab5db8374bbe99ef6fbc9604ff3d.jpg,dry|green,4,020
lf1_maturity,020_jpg.rf.d679d9ac81c79060983caa8ad7e149c2,1_maturity_evaluation,0,0.84919673204422,,coconut-veirf-v5/train,train/images/020_jpg.rf.d679d9ac81c79060983caa8ad7e149c2.jpg,dry|green,4,020
lf1_maturity,020_jpg.rf.f5f0998289c04ba709de12e047444934,1_maturity_evaluation,0,0.8131855130195618,,coconut-veirf-v5/train,train/images/020_jpg.rf.f5f0998289c04ba709de12e047444934.jpg,dry|green,4,020
lf1_maturity,021_jpg.rf.24120bf2c217fad7ac3bcd9faaa6df6e,1_maturity_evaluation,1,0.7337641716003418,,coconut-veirf-v5/train,train/images/021_jpg.rf.24120bf2c217fad7ac3bcd9faaa6df6e.jpg,green,3,021
lf1_maturity,021_jpg.rf.baa2292357e865726965f74cdaf06646,1_maturity_evaluation,1,0.6370943188667297,,coconut-veirf-v5/train,train/images/021_jpg.rf.baa2292357e865726965f74cdaf06646.jpg,green,3,021
lf1_maturity,021_jpg.rf.da84d22087580791cf012fb2bf44cee3,1_maturity_evaluation,1,0.7325345873832703,,coconut-veirf-v5/train,train/images/021_jpg.rf.da84d22087580791cf012fb2bf44cee3.jpg,green,3,021
lf1_maturity,024_jpg.rf.3810930e4b3ba803033286768a43f116,1_maturity_evaluation,1,0.3140717148780823,,coconut-veirf-v5/train,train/images/024_jpg.rf.3810930e4b3ba803033286768a43f116.jpg,dry,4,024
lf1_maturity,024_jpg.rf.986e5416dcbe8f00c94be8fa6665f743,1_maturity_evaluation,1,0.3409196138381958,,coconut-veirf-v5/train,train/images/024_jpg.rf.986e5416dcbe8f00c94be8fa6665f743.jpg,dry,4,024
lf1_maturity,024_jpg.rf.bbb801416c7019f99906c3abac6ceef4,1_maturity_evaluation,1,0.3277071714401245,,coconut-veirf-v5/train,train/images/024_jpg.rf.bbb801416c7019f99906c3abac6ceef4.jpg,dry,4,024
lf1_maturity,025_jpg.rf.78b5ee68f7bd9dbc2da3c7294ad61e09,1_maturity_evaluation,0,0.9480042457580566,,coconut-veirf-v5/train,train/images/025_jpg.rf.78b5ee68f7bd9dbc2da3c7294ad61e09.jpg,dry|green|tender,0,025
lf1_maturity,025_jpg.rf.b5c41140981f89faa1897dab5da34de1,1_maturity_evaluation,0,0.9508979916572571,,coconut-veirf-v5/train,train/images/025_jpg.rf.b5c41140981f89faa1897dab5da34de1.jpg,dry|green|tender,0,025
lf1_maturity,025_jpg.rf.b99075fcfa02fb6351e9b101110571ab,1_maturity_evaluation,0,0.9480134844779968,,coconut-veirf-v5/train,train/images/025_jpg.rf.b99075fcfa02fb6351e9b101110571ab.jpg,dry|green|tender,0,025
lf1_maturity,028_jpg.rf.39a688f8e971db9974b4cf1fac321bbe,1_maturity_evaluation,1,0.8269973397254944,,coconut-veirf-v5/train,train/images/028_jpg.rf.39a688f8e971db9974b4cf1fac321bbe.jpg,dry,4,028
lf1_maturity,028_jpg.rf.81287a6187ed2da94ead99de11882007,1_maturity_evaluation,1,0.8372833728790283,,coconut-veirf-v5/train,train/images/028_jpg.rf.81287a6187ed2da94ead99de11882007.jpg,dry,4,028
lf1_maturity,028_jpg.rf.963050a8c09b0548ba61cc53d5b7d3fd,1_maturity_evaluation,1,0.7840515971183777,,coconut-veirf-v5/train,train/images/028_jpg.rf.963050a8c09b0548ba61cc53d5b7d3fd.jpg,dry,4,028
lf1_maturity,02_jpg.rf.1a1d0ce506e8a23fe8f78a880e1ba3e5,1_maturity_evaluation,1,0.9355417490005493,,coconut-veirf-v5/train,train/images/02_jpg.rf.1a1d0ce506e8a23fe8f78a880e1ba3e5.jpg,tender,2,02
lf1_maturity,02_jpg.rf.51b096275a95594ba96ae00aed305efc,1_maturity_evaluation,1,0.913021445274353,,coconut-veirf-v5/train,train/images/02_jpg.rf.51b096275a95594ba96ae00aed305efc.jpg,tender,2,02
lf1_maturity,02_jpg.rf.8eeeccd907183fe6760b5da041c6b9eb,1_maturity_evaluation,1,0.9302487969398499,,coconut-veirf-v5/train,train/images/02_jpg.rf.8eeeccd907183fe6760b5da041c6b9eb.jpg,tender,2,02
lf1_maturity,032_jpg.rf.08e6c4d8094a14f7de1eaf05221bedb6,1_maturity_evaluation,1,0.9516713619232178,,coconut-veirf-v5/train,train/images/032_jpg.rf.08e6c4d8094a14f7de1eaf05221bedb6.jpg,green,3,032
lf1_maturity,032_jpg.rf.17d881d4910f520eef369c159d9b24d6,1_maturity_evaluation,1,0.954249918460846,,coconut-veirf-v5/train,train/images/032_jpg.rf.17d881d4910f520eef369c159d9b24d6.jpg,green,3,032
lf1_maturity,032_jpg.rf.195451b49cc0e25dbdfb1313f41cbbc5,1_maturity_evaluation,1,0.9447965025901794,,coconut-veirf-v5/train,train/images/032_jpg.rf.195451b49cc0e25dbdfb1313f41cbbc5.jpg,green,3,032
lf1_maturity,036_jpg.rf.3d9aea88a3641fc29768759cdde273b6,1_maturity_evaluation,1,0.7198271751403809,,coconut-veirf-v5/train,train/images/036_jpg.rf.3d9aea88a3641fc29768759cdde273b6.jpg,green,2,036
lf1_maturity,036_jpg.rf.addccd40c1011b4098a5fe7d2a6f2f09,1_maturity_evaluation,1,0.7106696963310242,,coconut-veirf-v5/train,train/images/036_jpg.rf.addccd40c1011b4098a5fe7d2a6f2f09.jpg,green,2,036
lf1_maturity,036_jpg.rf.b9eb4de1a97ed732ef49ac14cde556c0,1_maturity_evaluation,1,0.7405093312263489,,coconut-veirf-v5/train,train/images/036_jpg.rf.b9eb4de1a97ed732ef49ac14cde556c0.jpg,green,2,036
lf1_maturity,037_jpg.rf.a977f2a6befee00d208e5f50912fa5e0,1_maturity_evaluation,1,0.7827833294868469,,coconut-veirf-v5/train,train/images/037_jpg.rf.a977f2a6befee00d208e5f50912fa5e0.jpg,green,4,037
lf1_maturity,037_jpg.rf.b4560d431e830369954ac7096dcc35c7,1_maturity_evaluation,1,0.7811716198921204,,coconut-veirf-v5/train,train/images/037_jpg.rf.b4560d431e830369954ac7096dcc35c7.jpg,green,4,037
lf1_maturity,037_jpg.rf.c04a7d706c0e4af0ed71c71ad654bc9b,1_maturity_evaluation,1,0.7517879009246826,,coconut-veirf-v5/train,train/images/037_jpg.rf.c04a7d706c0e4af0ed71c71ad654bc9b.jpg,green,4,037
lf1_maturity,038_jpg.rf.22420cdd82d6095377a8d49061d5c2fb,1_maturity_evaluation,1,0.7456369996070862,,coconut-veirf-v5/train,train/images/038_jpg.rf.22420cdd82d6095377a8d49061d5c2fb.jpg,dry,3,038
lf1_maturity,038_jpg.rf.7ae76cea4fb75e467a5d77be974185da,1_maturity_evaluation,0,0.7947869300842285,,coconut-veirf-v5/train,train/images/038_jpg.rf.7ae76cea4fb75e467a5d77be974185da.jpg,dry,3,038
lf1_maturity,038_jpg.rf.9a2970f3b5c64ecba3f0085562bf2176,1_maturity_evaluation,0,0.6584091782569885,,coconut-veirf-v5/train,train/images/038_jpg.rf.9a2970f3b5c64ecba3f0085562bf2176.jpg,dry,3,038
lf1_maturity,040_jpg.rf.2f8c9048987fc3d8cd06655c40d85a42,1_maturity_evaluation,1,0.8875759243965149,,coconut-veirf-v5/train,train/images/040_jpg.rf.2f8c9048987fc3d8cd06655c40d85a42.jpg,green,2,040
lf1_maturity,040_jpg.rf.4205c16498532d3986370e02b397f7ce,1_maturity_evaluation,1,0.9050828814506531,,coconut-veirf-v5/train,train/images/040_jpg.rf.4205c16498532d3986370e02b397f7ce.jpg,green,2,040
lf1_maturity,040_jpg.rf.e6ad0cba25d881211fcc6dee82fd8020,1_maturity_evaluation,1,0.8873167037963867,,coconut-veirf-v5/train,train/images/040_jpg.rf.e6ad0cba25d881211fcc6dee82fd8020.jpg,green,2,040
lf1_maturity,042_jpg.rf.13dba456d91a32c1f2ca946cc4800402,1_maturity_evaluation,1,0.9284272193908691,,coconut-veirf-v5/train,train/images/042_jpg.rf.13dba456d91a32c1f2ca946cc4800402.jpg,tender,2,042
lf1_maturity,042_jpg.rf.7be3067652086ef8107c12d557d88f01,1_maturity_evaluation,1,0.9363435506820679,,coconut-veirf-v5/train,train/images/042_jpg.rf.7be3067652086ef8107c12d557d88f01.jpg,tender,2,042
lf1_maturity,042_jpg.rf.b90fe9fc9b407529fa2906ee8e21ccce,1_maturity_evaluation,1,0.9348661303520203,,coconut-veirf-v5/train,train/images/042_jpg.rf.b90fe9fc9b407529fa2906ee8e21ccce.jpg,tender,2,042
lf1_maturity,043_jpg.rf.0b44b045bdbb720a01b3cc7521706cf2,1_maturity_evaluation,0,0.845760703086853,,coconut-veirf-v5/train,train/images/043_jpg.rf.0b44b045bdbb720a01b3cc7521706cf2.jpg,green,1,043
lf1_maturity,043_jpg.rf.29c37d9480db579d5e80f5a4c61fae10,1_maturity_evaluation,0,0.8341885209083557,,coconut-veirf-v5/train,train/images/043_jpg.rf.29c37d9480db579d5e80f5a4c61fae10.jpg,green,1,043
lf1_maturity,043_jpg.rf.3b879b2ec8537d93f103284ae2ca3a2b,1_maturity_evaluation,0,0.8326765298843384,,coconut-veirf-v5/train,train/images/043_jpg.rf.3b879b2ec8537d93f103284ae2ca3a2b.jpg,dry|green,1,043
lf1_maturity,044_jpg.rf.1374fd2fda0cd9e90106598dbab2c6bc,1_maturity_evaluation,0,0.38452139496803284,,coconut-veirf-v5/train,train/images/044_jpg.rf.1374fd2fda0cd9e90106598dbab2c6bc.jpg,dry,3,044
lf1_maturity,044_jpg.rf.4364c01270f0e063fe0b9c4a071e9788,1_maturity_evaluation,0,0.5988394618034363,,coconut-veirf-v5/train,train/images/044_jpg.rf.4364c01270f0e063fe0b9c4a071e9788.jpg,dry,3,044
lf1_maturity,044_jpg.rf.7e2652e821ba3b126e629a746afa70c6,1_maturity_evaluation,0,0.4158988893032074,,coconut-veirf-v5/train,train/images/044_jpg.rf.7e2652e821ba3b126e629a746afa70c6.jpg,dry,3,044
lf1_maturity,046_jpeg.rf.18fc9e843c6d9d7ff00f26f088357550,1_maturity_evaluation,1,0.966925323009491,,coconut-veirf-v5/train,train/images/046_jpeg.rf.18fc9e843c6d9d7ff00f26f088357550.jpg,tender,0,046_jpeg.rf.18fc9e843c6d9d7ff00f26f088357550
lf1_maturity,046_jpeg.rf.3e69f3b73c97628d9b885dc6ba482467,1_maturity_evaluation,1,0.9566933512687683,,coconut-veirf-v5/train,train/images/046_jpeg.rf.3e69f3b73c97628d9b885dc6ba482467.jpg,tender,2,046_jpeg.rf.3e69f3b73c97628d9b885dc6ba482467
lf1_maturity,046_jpeg.rf.b90a8166c7b1013287150fa4180698f4,1_maturity_evaluation,1,0.6367288827896118,,coconut-veirf-v5/train,train/images/046_jpeg.rf.b90a8166c7b1013287150fa4180698f4.jpg,tender,4,046_jpeg.rf.b90a8166c7b1013287150fa4180698f4
lf1_maturity,049_jpeg.rf.1b21d2bcad75110f76a7d8ea4c143ee9,1_maturity_evaluation,1,0.8470213413238525,,coconut-veirf-v5/train,train/images/049_jpeg.rf.1b21d2bcad75110f76a7d8ea4c143ee9.jpg,green,0,049_jpeg.rf.1b21d2bcad75110f76a7d8ea4c143ee9
lf1_maturity,049_jpeg.rf.5371ec437347af51f1234fc00f0ccc2f,1_maturity_evaluation,1,0.8224141597747803,,coconut-veirf-v5/train,train/images/049_jpeg.rf.5371ec437347af51f1234fc00f0ccc2f.jpg,green,0,049_jpeg.rf.5371ec437347af51f1234fc00f0ccc2f
lf1_maturity,049_jpeg.rf.f36ed434b28d85ea187db191fef0f389,1_maturity_evaluation,1,0.9226627349853516,,coconut-veirf-v5/train,train/images/049_jpeg.rf.f36ed434b28d85ea187db191fef0f389.jpg,green,2,049_jpeg.rf.f36ed434b28d85ea187db191fef0f389
lf1_maturity,04_jpg.rf.1ac4fcee4634cad16b6d444f2ec38d3c,1_maturity_evaluation,0,0.7037400007247925,,coconut-veirf-v5/train,train/images/04_jpg.rf.1ac4fcee4634cad16b6d444f2ec38d3c.jpg,green|tender,4,04
lf1_maturity,04_jpg.rf.7c237959701cf3e84050663258debb2c,1_maturity_evaluation,0,0.7395035624504089,,coconut-veirf-v5/train,train/images/04_jpg.rf.7c237959701cf3e84050663258debb2c.jpg,green|tender,4,04
lf1_maturity,04_jpg.rf.992d68ec12b365da4a32226a234dd2e7,1_maturity_evaluation,0,0.5886912941932678,,coconut-veirf-v5/train,train/images/04_jpg.rf.992d68ec12b365da4a32226a234dd2e7.jpg,green|tender,4,04
lf1_maturity,052_jpg.rf.0caaf596899b3f445159fcea15f9f7ec,1_maturity_evaluation,0,0.5448931455612183,,coconut-veirf-v5/train,train/images/052_jpg.rf.0caaf596899b3f445159fcea15f9f7ec.jpg,dry,1,052
lf1_maturity,052_jpg.rf.20c014a16b187062d1dece3f07b65293,1_maturity_evaluation,0,0.7211936712265015,,coconut-veirf-v5/train,train/images/052_jpg.rf.20c014a16b187062d1dece3f07b65293.jpg,dry|green,1,052
lf1_maturity,052_jpg.rf.d465a003604b928fd45ca6e00b4c36d4,1_maturity_evaluation,0,0.5570341944694519,,coconut-veirf-v5/train,train/images/052_jpg.rf.d465a003604b928fd45ca6e00b4c36d4.jpg,dry|green,1,052
lf1_maturity,053_jpg.rf.0a5abe5fbf66f06c41dcb869cb43248b,1_maturity_evaluation,1,0.9097503423690796,,coconut-veirf-v5/train,train/images/053_jpg.rf.0a5abe5fbf66f06c41dcb869cb43248b.jpg,green,3,053
lf1_maturity,053_jpg.rf.16a87b38237cbf12321887f8e63c85c4,1_maturity_evaluation,1,0.9041697978973389,,coconut-veirf-v5/train,train/images/053_jpg.rf.16a87b38237cbf12321887f8e63c85c4.jpg,green,3,053
lf1_maturity,053_jpg.rf.83811c2315128bad87d28f5f8a46b6ce,1_maturity_evaluation,1,0.8956009745597839,,coconut-veirf-v5/train,train/images/053_jpg.rf.83811c2315128bad87d28f5f8a46b6ce.jpg,green,3,053
lf1_maturity,054_jpg.rf.6985931b12ca60bf2189a937b2c50156,1_maturity_evaluation,1,0.9555575847625732,,coconut-veirf-v5/train,train/images/054_jpg.rf.6985931b12ca60bf2189a937b2c50156.jpg,green,2,054
lf1_maturity,054_jpg.rf.6b7ae3ea381fcc5de3ed3f4a0d74b365,1_maturity_evaluation,1,0.9472748041152954,,coconut-veirf-v5/train,train/images/054_jpg.rf.6b7ae3ea381fcc5de3ed3f4a0d74b365.jpg,green,2,054
lf1_maturity,054_jpg.rf.aec3073824f8f99b3518db16e6223ba0,1_maturity_evaluation,1,0.9663323163986206,,coconut-veirf-v5/train,train/images/054_jpg.rf.aec3073824f8f99b3518db16e6223ba0.jpg,green,2,054
lf1_maturity,057_jpg.rf.44bb885372d871dd557018b3a86e9093,1_maturity_evaluation,1,0.9098216891288757,,coconut-veirf-v5/train,train/images/057_jpg.rf.44bb885372d871dd557018b3a86e9093.jpg,tender,0,057
lf1_maturity,057_jpg.rf.7c2838abc46a6556989b2664b62f2eff,1_maturity_evaluation,1,0.9281277656555176,,coconut-veirf-v5/train,train/images/057_jpg.rf.7c2838abc46a6556989b2664b62f2eff.jpg,tender,0,057
lf1_maturity,057_jpg.rf.d84497872036225588007593a488ebb3,1_maturity_evaluation,1,0.910405158996582,,coconut-veirf-v5/train,train/images/057_jpg.rf.d84497872036225588007593a488ebb3.jpg,tender,0,057
lf1_maturity,058_jpg.rf.4468c7749beadcde397c966f11caafa5,1_maturity_evaluation,1,0.904294490814209,,coconut-veirf-v5/train,train/images/058_jpg.rf.4468c7749beadcde397c966f11caafa5.jpg,tender,0,058
lf1_maturity,058_jpg.rf.baa7f434506f55a353853f01817f9517,1_maturity_evaluation,1,0.9123750329017639,,coconut-veirf-v5/train,train/images/058_jpg.rf.baa7f434506f55a353853f01817f9517.jpg,tender,0,058
lf1_maturity,058_jpg.rf.e53e230ffc69dddd9a1950f8960991f0,1_maturity_evaluation,1,0.8857725262641907,,coconut-veirf-v5/train,train/images/058_jpg.rf.e53e230ffc69dddd9a1950f8960991f0.jpg,tender,0,058
lf1_maturity,059_jpg.rf.1366af527e37219789b57ade7b18f5ca,1_maturity_evaluation,1,0.8073201775550842,,coconut-veirf-v5/train,train/images/059_jpg.rf.1366af527e37219789b57ade7b18f5ca.jpg,dry,4,059
lf1_maturity,059_jpg.rf.21972af4bf364619536f460d795fd1d6,1_maturity_evaluation,1,0.8659074306488037,,coconut-veirf-v5/train,train/images/059_jpg.rf.21972af4bf364619536f460d795fd1d6.jpg,dry,4,059
lf1_maturity,059_jpg.rf.8b00e073b8624e12be8deb66dcb133c5,1_maturity_evaluation,1,0.8227119445800781,,coconut-veirf-v5/train,train/images/059_jpg.rf.8b00e073b8624e12be8deb66dcb133c5.jpg,dry,4,059
lf1_maturity,05_jpg.rf.205ee0c8cb4e19eeda2b6709b9af9d33,1_maturity_evaluation,1,0.8250616192817688,,coconut-veirf-v5/train,train/images/05_jpg.rf.205ee0c8cb4e19eeda2b6709b9af9d33.jpg,dry,3,05
lf1_maturity,05_jpg.rf.5a152404a6cf132f67407de3d139fa7d,1_maturity_evaluation,1,0.8669515252113342,,coconut-veirf-v5/train,train/images/05_jpg.rf.5a152404a6cf132f67407de3d139fa7d.jpg,dry,3,05
lf1_maturity,05_jpg.rf.f7f25e167da5c8ba5e1a372fb3f53d33,1_maturity_evaluation,1,0.8527258634567261,,coconut-veirf-v5/train,train/images/05_jpg.rf.f7f25e167da5c8ba5e1a372fb3f53d33.jpg,dry,3,05
lf1_maturity,060_jpg.rf.6f9604db77a3721e34fa7b8806c51211,1_maturity_evaluation,1,0.9199191331863403,,coconut-veirf-v5/train,train/images/060_jpg.rf.6f9604db77a3721e34fa7b8806c51211.jpg,tender,1,060
lf1_maturity,060_jpg.rf.9a5367eee35f0210f72ea81c45dd2b04,1_maturity_evaluation,1,0.9081397652626038,,coconut-veirf-v5/train,train/images/060_jpg.rf.9a5367eee35f0210f72ea81c45dd2b04.jpg,tender,1,060
lf1_maturity,060_jpg.rf.d8830cc9a1eb158cf405e880bb7b60c0,1_maturity_evaluation,1,0.91765958070755,,coconut-veirf-v5/train,train/images/060_jpg.rf.d8830cc9a1eb158cf405e880bb7b60c0.jpg,tender,1,060
lf1_maturity,061_jpg.rf.0047fc7c272411ab8cb5459dfc84bcd8,1_maturity_evaluation,1,0.9305133819580078,,coconut-veirf-v5/train,train/images/061_jpg.rf.0047fc7c272411ab8cb5459dfc84bcd8.jpg,tender,4,061
lf1_maturity,061_jpg.rf.02055709ae2d983524f343102687a167,1_maturity_evaluation,1,0.9477366805076599,,coconut-veirf-v5/train,train/images/061_jpg.rf.02055709ae2d983524f343102687a167.jpg,tender,4,061
lf1_maturity,061_jpg.rf.4a33f2aceb36f117d16ccc4381cbc5eb,1_maturity_evaluation,1,0.9390530586242676,,coconut-veirf-v5/train,train/images/061_jpg.rf.4a33f2aceb36f117d16ccc4381cbc5eb.jpg,tender,4,061
lf1_maturity,062_jpg.rf.ac95db25f27ea09ca0c30238c43e8095,1_maturity_evaluation,1,0.6715105772018433,,coconut-veirf-v5/train,train/images/062_jpg.rf.ac95db25f27ea09ca0c30238c43e8095.jpg,dry,4,062
lf1_maturity,062_jpg.rf.b374fed271bb813e90e6b8de6c893264,1_maturity_evaluation,1,0.7345029711723328,,coconut-veirf-v5/train,train/images/062_jpg.rf.b374fed271bb813e90e6b8de6c893264.jpg,dry,4,062
lf1_maturity,062_jpg.rf.d594e46bdf5f5165441daae6c15e3e7b,1_maturity_evaluation,1,0.723026692867279,,coconut-veirf-v5/train,train/images/062_jpg.rf.d594e46bdf5f5165441daae6c15e3e7b.jpg,dry|green,4,062
lf1_maturity,065_jpg.rf.74d068653c1483b865ce3ca36bf93714,1_maturity_evaluation,0,0.7411647439002991,,coconut-veirf-v5/train,train/images/065_jpg.rf.74d068653c1483b865ce3ca36bf93714.jpg,tender,0,065
lf1_maturity,065_jpg.rf.a18b513c2174bf6a0fe5185b6bc46341,1_maturity_evaluation,0,0.8074296712875366,,coconut-veirf-v5/train,train/images/065_jpg.rf.a18b513c2174bf6a0fe5185b6bc46341.jpg,tender,0,065
lf1_maturity,065_jpg.rf.b06d7ffbfac972059d61b1be4b9219b5,1_maturity_evaluation,0,0.8476318120956421,,coconut-veirf-v5/train,train/images/065_jpg.rf.b06d7ffbfac972059d61b1be4b9219b5.jpg,tender,0,065
lf1_maturity,067_jpg.rf.09b5ff924209d25731f8ddb5c3691c97,1_maturity_evaluation,1,0.8425517082214355,,coconut-veirf-v5/train,train/images/067_jpg.rf.09b5ff924209d25731f8ddb5c3691c97.jpg,green,2,067
lf1_maturity,067_jpg.rf.cba162f5906e14a849f29c6c2d61279b,1_maturity_evaluation,1,0.8559330105781555,,coconut-veirf-v5/train,train/images/067_jpg.rf.cba162f5906e14a849f29c6c2d61279b.jpg,green,2,067
lf1_maturity,067_jpg.rf.ecc70ae5d38791842e7d02b614112463,1_maturity_evaluation,1,0.693403959274292,,coconut-veirf-v5/train,train/images/067_jpg.rf.ecc70ae5d38791842e7d02b614112463.jpg,green,2,067
lf1_maturity,069_jpg.rf.03ec90b6a9afe9a0ac54b6853b211c29,1_maturity_evaluation,1,0.8090210556983948,,coconut-veirf-v5/train,train/images/069_jpg.rf.03ec90b6a9afe9a0ac54b6853b211c29.jpg,green,4,069
lf1_maturity,069_jpg.rf.b4722b28f23b1029a6622a6a8ae3c0b6,1_maturity_evaluation,1,0.8409729599952698,,coconut-veirf-v5/train,train/images/069_jpg.rf.b4722b28f23b1029a6622a6a8ae3c0b6.jpg,green,4,069
lf1_maturity,069_jpg.rf.d2f46165d58271ad3bea945085cac871,1_maturity_evaluation,1,0.849681556224823,,coconut-veirf-v5/train,train/images/069_jpg.rf.d2f46165d58271ad3bea945085cac871.jpg,green,4,069
lf1_maturity,072_jpg.rf.129748a6b0ce5509f141f1b91a41371a,1_maturity_evaluation,1,0.9266684651374817,,coconut-veirf-v5/train,train/images/072_jpg.rf.129748a6b0ce5509f141f1b91a41371a.jpg,green,3,072
lf1_maturity,072_jpg.rf.1857b0cbecbd7389289ca716a22794fb,1_maturity_evaluation,1,0.9205166101455688,,coconut-veirf-v5/train,train/images/072_jpg.rf.1857b0cbecbd7389289ca716a22794fb.jpg,green,3,072
lf1_maturity,072_jpg.rf.4f242e52f68c6a904a48387072357f46,1_maturity_evaluation,1,0.923976719379425,,coconut-veirf-v5/train,train/images/072_jpg.rf.4f242e52f68c6a904a48387072357f46.jpg,green,3,072
lf1_maturity,073_jpg.rf.44364eb14fc387e9f682cc248d1c0b34,1_maturity_evaluation,1,0.9443328380584717,,coconut-veirf-v5/train,train/images/073_jpg.rf.44364eb14fc387e9f682cc248d1c0b34.jpg,green,2,073
lf1_maturity,073_jpg.rf.890cb6901fbec700491e8098e7f3648f,1_maturity_evaluation,1,0.9471401572227478,,coconut-veirf-v5/train,train/images/073_jpg.rf.890cb6901fbec700491e8098e7f3648f.jpg,green,2,073
lf1_maturity,073_jpg.rf.a4b65d0d4da654e85e4c7d61bd507290,1_maturity_evaluation,1,0.9547109603881836,,coconut-veirf-v5/train,train/images/073_jpg.rf.a4b65d0d4da654e85e4c7d61bd507290.jpg,green,2,073
lf1_maturity,075_jpg.rf.8a986ed998fd3cda347c48dff38726ea,1_maturity_evaluation,1,0.921777069568634,,coconut-veirf-v5/train,train/images/075_jpg.rf.8a986ed998fd3cda347c48dff38726ea.jpg,tender,0,075
lf1_maturity,075_jpg.rf.b666e4fc7ee8c4ce505b0bab6fe7e710,1_maturity_evaluation,1,0.9353926777839661,,coconut-veirf-v5/train,train/images/075_jpg.rf.b666e4fc7ee8c4ce505b0bab6fe7e710.jpg,tender,0,075
lf1_maturity,075_jpg.rf.f4920136713ded9552210396ce2de76d,1_maturity_evaluation,1,0.8989817500114441,,coconut-veirf-v5/train,train/images/075_jpg.rf.f4920136713ded9552210396ce2de76d.jpg,tender,0,075
lf1_maturity,077_jpg.rf.15ee587cb6101e3f601bfa8c292159cf,1_maturity_evaluation,1,0.9745612144470215,,coconut-veirf-v5/train,train/images/077_jpg.rf.15ee587cb6101e3f601bfa8c292159cf.jpg,green,0,077
lf1_maturity,077_jpg.rf.ae8921a050c5740ed2e80220bf0b7d17,1_maturity_evaluation,1,0.9742233753204346,,coconut-veirf-v5/train,train/images/077_jpg.rf.ae8921a050c5740ed2e80220bf0b7d17.jpg,green,0,077
lf1_maturity,077_jpg.rf.e0397e777f032ab8a01a34b870c0c025,1_maturity_evaluation,1,0.968978762626648,,coconut-veirf-v5/train,train/images/077_jpg.rf.e0397e777f032ab8a01a34b870c0c025.jpg,green,0,077
lf1_maturity,078_jpg.rf.09cbab20676d70179f508ea037e2fed5,1_maturity_evaluation,1,0.8425836563110352,,coconut-veirf-v5/train,train/images/078_jpg.rf.09cbab20676d70179f508ea037e2fed5.jpg,green,1,078
lf1_maturity,078_jpg.rf.5c2430889e2c4a6d7c9e719eb99a1011,1_maturity_evaluation,1,0.916655421257019,,coconut-veirf-v5/train,train/images/078_jpg.rf.5c2430889e2c4a6d7c9e719eb99a1011.jpg,green,1,078
lf1_maturity,078_jpg.rf.be4cccd19ea5014f9892258fee442daa,1_maturity_evaluation,1,0.8918185830116272,,coconut-veirf-v5/train,train/images/078_jpg.rf.be4cccd19ea5014f9892258fee442daa.jpg,green,1,078
lf1_maturity,079_jpg.rf.f1e20bc316c0456c6c51b937d4af2011,1_maturity_evaluation,0,0.2936214208602905,,coconut-veirf-v5/train,train/images/079_jpg.rf.f1e20bc316c0456c6c51b937d4af2011.jpg,green,1,079
lf1_maturity,07_jpg.rf.0f23d3d4c678de04e163a34aee36da16,1_maturity_evaluation,1,0.9503244757652283,,coconut-veirf-v5/train,train/images/07_jpg.rf.0f23d3d4c678de04e163a34aee36da16.jpg,green,2,07
lf1_maturity,07_jpg.rf.859a49ad609c7023ae5346eb526eb56c,1_maturity_evaluation,1,0.9485360383987427,,coconut-veirf-v5/train,train/images/07_jpg.rf.859a49ad609c7023ae5346eb526eb56c.jpg,green,2,07
lf1_maturity,07_jpg.rf.93701b47a0e08fda75130161af969c7d,1_maturity_evaluation,1,0.943648099899292,,coconut-veirf-v5/train,train/images/07_jpg.rf.93701b47a0e08fda75130161af969c7d.jpg,green,2,07
lf1_maturity,080_jpg.rf.08f1b3f457a0dcd2ba624648e37c9462,1_maturity_evaluation,1,0.9420037865638733,,coconut-veirf-v5/train,train/images/080_jpg.rf.08f1b3f457a0dcd2ba624648e37c9462.jpg,green,0,080
lf1_maturity,080_jpg.rf.6a2b1a8079f10dd08744eaabb7470f3e,1_maturity_evaluation,1,0.9414994120597839,,coconut-veirf-v5/train,train/images/080_jpg.rf.6a2b1a8079f10dd08744eaabb7470f3e.jpg,green,0,080
lf1_maturity,080_jpg.rf.cad406ef56d7e32b0f8828e04ada9470,1_maturity_evaluation,1,0.9410437345504761,,coconut-veirf-v5/train,train/images/080_jpg.rf.cad406ef56d7e32b0f8828e04ada9470.jpg,green,0,080
lf1_maturity,081_jpg.rf.449d3c0358eaf9bec929a92fbd41a970,1_maturity_evaluation,1,0.9021700620651245,,coconut-veirf-v5/train,train/images/081_jpg.rf.449d3c0358eaf9bec929a92fbd41a970.jpg,dry,3,081
lf1_maturity,081_jpg.rf.8450f3f488d6449d6e478ad256af1e61,1_maturity_evaluation,1,0.9092133641242981,,coconut-veirf-v5/train,train/images/081_jpg.rf.8450f3f488d6449d6e478ad256af1e61.jpg,dry,3,081
lf1_maturity,081_jpg.rf.b85896cc303c63f446e561f970749ab8,1_maturity_evaluation,1,0.9087167382240295,,coconut-veirf-v5/train,train/images/081_jpg.rf.b85896cc303c63f446e561f970749ab8.jpg,dry,3,081
lf1_maturity,082_jpg.rf.662233f61856735daecb3045eeda229a,1_maturity_evaluation,1,0.9427123665809631,,coconut-veirf-v5/train,train/images/082_jpg.rf.662233f61856735daecb3045eeda229a.jpg,dry|green,0,082
lf1_maturity,082_jpg.rf.98e8f213a93183d8395aec3d6e6505dd,1_maturity_evaluation,1,0.8565782904624939,,coconut-veirf-v5/train,train/images/082_jpg.rf.98e8f213a93183d8395aec3d6e6505dd.jpg,dry,0,082
lf1_maturity,082_jpg.rf.a5c4f5b8f70dac85208dea145a0aa902,1_maturity_evaluation,1,0.9471978545188904,,coconut-veirf-v5/train,train/images/082_jpg.rf.a5c4f5b8f70dac85208dea145a0aa902.jpg,dry,0,082
lf1_maturity,085_jpg.rf.16c59ed8d283b919dcf3f6cb531a79ad,1_maturity_evaluation,1,0.7602691650390625,,coconut-veirf-v5/train,train/images/085_jpg.rf.16c59ed8d283b919dcf3f6cb531a79ad.jpg,green,4,085
lf1_maturity,085_jpg.rf.7ac87ed2792fc578848eb1e3a6ac086f,1_maturity_evaluation,1,0.7827678918838501,,coconut-veirf-v5/train,train/images/085_jpg.rf.7ac87ed2792fc578848eb1e3a6ac086f.jpg,green,4,085
lf1_maturity,085_jpg.rf.bcb283a5b4dc198245ceb72d8b8eef29,1_maturity_evaluation,1,0.7966629862785339,,coconut-veirf-v5/train,train/images/085_jpg.rf.bcb283a5b4dc198245ceb72d8b8eef29.jpg,green,4,085
lf1_maturity,087_jpg.rf.0e4f02fe34ff0f349b683e99ea53b1b9,1_maturity_evaluation,1,0.6491283774375916,,coconut-veirf-v5/train,train/images/087_jpg.rf.0e4f02fe34ff0f349b683e99ea53b1b9.jpg,green,4,087
lf1_maturity,087_jpg.rf.c0682e3deab1112ced1e6861d880eb32,1_maturity_evaluation,1,0.6439717411994934,,coconut-veirf-v5/train,train/images/087_jpg.rf.c0682e3deab1112ced1e6861d880eb32.jpg,green,4,087
lf1_maturity,087_jpg.rf.ee39d0e2229c4ecc9bd2b9c6455383a0,1_maturity_evaluation,1,0.6688815355300903,,coconut-veirf-v5/train,train/images/087_jpg.rf.ee39d0e2229c4ecc9bd2b9c6455383a0.jpg,green,4,087
lf1_maturity,088_jpg.rf.2959e01e7fc0b7160cbe76b5b2198e30,1_maturity_evaluation,0,0.8000012040138245,,coconut-veirf-v5/train,train/images/088_jpg.rf.2959e01e7fc0b7160cbe76b5b2198e30.jpg,tender,4,088
lf1_maturity,088_jpg.rf.31690d5b65ee8f5076358345607566fe,1_maturity_evaluation,0,0.8396517634391785,,coconut-veirf-v5/train,train/images/088_jpg.rf.31690d5b65ee8f5076358345607566fe.jpg,tender,4,088
lf1_maturity,088_jpg.rf.efb0d31ad7c58c988208c3d07df9333c,1_maturity_evaluation,0,0.5802202224731445,,coconut-veirf-v5/train,train/images/088_jpg.rf.efb0d31ad7c58c988208c3d07df9333c.jpg,tender,4,088
lf1_maturity,08_jpg.rf.0286ef27b25b2857d4ffab88bb5ffaad,1_maturity_evaluation,0,0.5972069501876831,,coconut-veirf-v5/train,train/images/08_jpg.rf.0286ef27b25b2857d4ffab88bb5ffaad.jpg,dry|green,2,08
lf1_maturity,08_jpg.rf.92b6c67243232bb3e35617db12a18f5e,1_maturity_evaluation,0,0.5417805910110474,,coconut-veirf-v5/train,train/images/08_jpg.rf.92b6c67243232bb3e35617db12a18f5e.jpg,dry|green,2,08
lf1_maturity,08_jpg.rf.a2ea044a34cd56db3f530ba49c0eb810,1_maturity_evaluation,0,0.5354998111724854,,coconut-veirf-v5/train,train/images/08_jpg.rf.a2ea044a34cd56db3f530ba49c0eb810.jpg,dry|green,2,08
lf1_maturity,090_jpg.rf.746355ed00064913ca06f842f30c30ca,1_maturity_evaluation,1,0.9707430601119995,,coconut-veirf-v5/train,train/images/090_jpg.rf.746355ed00064913ca06f842f30c30ca.jpg,dry,0,090
lf1_maturity,090_jpg.rf.8511ec746657d19f858fe11ba3357367,1_maturity_evaluation,1,0.9691229462623596,,coconut-veirf-v5/train,train/images/090_jpg.rf.8511ec746657d19f858fe11ba3357367.jpg,dry,0,090
lf1_maturity,090_jpg.rf.d5d39b39d9bbf9bf5642883260b853bc,1_maturity_evaluation,1,0.9699761867523193,,coconut-veirf-v5/train,train/images/090_jpg.rf.d5d39b39d9bbf9bf5642883260b853bc.jpg,dry,0,090
lf1_maturity,091_jpg.rf.0c3d7c8ac2302fe012da72e4f2f08df0,1_maturity_evaluation,1,0.9331530332565308,,coconut-veirf-v5/train,train/images/091_jpg.rf.0c3d7c8ac2302fe012da72e4f2f08df0.jpg,green,2,091
lf1_maturity,091_jpg.rf.35796d6fb0b48de809ea4796e9d9d9b8,1_maturity_evaluation,1,0.8819707632064819,,coconut-veirf-v5/train,train/images/091_jpg.rf.35796d6fb0b48de809ea4796e9d9d9b8.jpg,green,2,091
lf1_maturity,091_jpg.rf.b063ab3500215e2125484c95ca4dfc1d,1_maturity_evaluation,1,0.9336297512054443,,coconut-veirf-v5/train,train/images/091_jpg.rf.b063ab3500215e2125484c95ca4dfc1d.jpg,green,2,091
lf1_maturity,092_jpg.rf.3e536be545670c1b9ca189ab347165fc,1_maturity_evaluation,1,0.7833695411682129,,coconut-veirf-v5/train,train/images/092_jpg.rf.3e536be545670c1b9ca189ab347165fc.jpg,green,1,092
lf1_maturity,092_jpg.rf.61de8048dbf0cd09c0ac3a3ee04a154f,1_maturity_evaluation,1,0.8131535053253174,,coconut-veirf-v5/train,train/images/092_jpg.rf.61de8048dbf0cd09c0ac3a3ee04a154f.jpg,green,1,092
lf1_maturity,092_jpg.rf.dd71d718da0b265285bf8d4a90ae6b04,1_maturity_evaluation,1,0.8357083201408386,,coconut-veirf-v5/train,train/images/092_jpg.rf.dd71d718da0b265285bf8d4a90ae6b04.jpg,green,1,092
lf1_maturity,093_jpg.rf.0344206d0b6e7aade8ede091765f857d,1_maturity_evaluation,1,0.7806985974311829,,coconut-veirf-v5/train,train/images/093_jpg.rf.0344206d0b6e7aade8ede091765f857d.jpg,dry,2,093
lf1_maturity,093_jpg.rf.60384f00ce3c04dc427fb62397bbf626,1_maturity_evaluation,1,0.7920824885368347,,coconut-veirf-v5/train,train/images/093_jpg.rf.60384f00ce3c04dc427fb62397bbf626.jpg,dry,2,093
lf1_maturity,093_jpg.rf.cb69b67c0ac05b7d51cbf1a31e346f1c,1_maturity_evaluation,1,0.5989824533462524,,coconut-veirf-v5/train,train/images/093_jpg.rf.cb69b67c0ac05b7d51cbf1a31e346f1c.jpg,dry,2,093
lf1_maturity,095_jpg.rf.ac8021e6b25b5ff6ad5d36bf1e3989ea,1_maturity_evaluation,0,0.9124575257301331,,coconut-veirf-v5/train,train/images/095_jpg.rf.ac8021e6b25b5ff6ad5d36bf1e3989ea.jpg,green,0,095
lf1_maturity,095_jpg.rf.af6d1ea6cee18196652bc58ab2446325,1_maturity_evaluation,0,0.9221879243850708,,coconut-veirf-v5/train,train/images/095_jpg.rf.af6d1ea6cee18196652bc58ab2446325.jpg,green,0,095
lf1_maturity,095_jpg.rf.c875f6bf70317f7ebc5537e4a2d317e8,1_maturity_evaluation,0,0.9093738198280334,,coconut-veirf-v5/train,train/images/095_jpg.rf.c875f6bf70317f7ebc5537e4a2d317e8.jpg,green,0,095
lf1_maturity,096_jpg.rf.41d05085dd67f932e39af8c0ddbb5c8d,1_maturity_evaluation,1,0.8912157416343689,,coconut-veirf-v5/train,train/images/096_jpg.rf.41d05085dd67f932e39af8c0ddbb5c8d.jpg,green,1,096
lf1_maturity,096_jpg.rf.bc8e5ea485126ee2042a4f121156603c,1_maturity_evaluation,1,0.8879603147506714,,coconut-veirf-v5/train,train/images/096_jpg.rf.bc8e5ea485126ee2042a4f121156603c.jpg,green,1,096
lf1_maturity,096_jpg.rf.d040196a3495925290349ca67b41d4a1,1_maturity_evaluation,1,0.870581328868866,,coconut-veirf-v5/train,train/images/096_jpg.rf.d040196a3495925290349ca67b41d4a1.jpg,green,1,096
lf1_maturity,097_jpg.rf.0d76c631d3f141e6f5af5471fa6dd741,1_maturity_evaluation,1,0.8589392900466919,,coconut-veirf-v5/train,train/images/097_jpg.rf.0d76c631d3f141e6f5af5471fa6dd741.jpg,tender,1,097
lf1_maturity,097_jpg.rf.4f06cbddfce84d59d2c91328f3147f7f,1_maturity_evaluation,1,0.8190468549728394,,coconut-veirf-v5/train,train/images/097_jpg.rf.4f06cbddfce84d59d2c91328f3147f7f.jpg,tender,1,097
lf1_maturity,097_jpg.rf.db220ab08bd12b39391297abdb02deeb,1_maturity_evaluation,1,0.8617202639579773,,coconut-veirf-v5/train,train/images/097_jpg.rf.db220ab08bd12b39391297abdb02deeb.jpg,tender,1,097
lf1_maturity,09_jpg.rf.334c8d0b95bdea8afc482c6b8301da8b,1_maturity_evaluation,1,0.9698543548583984,,coconut-veirf-v5/train,train/images/09_jpg.rf.334c8d0b95bdea8afc482c6b8301da8b.jpg,green,0,09
lf1_maturity,09_jpg.rf.5d5f5c8e5056e037f4161575f18fe794,1_maturity_evaluation,1,0.9696763157844543,,coconut-veirf-v5/train,train/images/09_jpg.rf.5d5f5c8e5056e037f4161575f18fe794.jpg,green,0,09
lf1_maturity,09_jpg.rf.6396888c62ea7de5666ecdc505b906c4,1_maturity_evaluation,1,0.9689375758171082,,coconut-veirf-v5/train,train/images/09_jpg.rf.6396888c62ea7de5666ecdc505b906c4.jpg,green,0,09
lf1_maturity,100_jpg.rf.13f4df25eb834d4749dc88e32b10007c,1_maturity_evaluation,1,0.90638267993927,,coconut-veirf-v5/train,train/images/100_jpg.rf.13f4df25eb834d4749dc88e32b10007c.jpg,green,0,100
lf1_maturity,100_jpg.rf.9fc8f5bd005d066e8347ce3069bb49e1,1_maturity_evaluation,1,0.9196614027023315,,coconut-veirf-v5/train,train/images/100_jpg.rf.9fc8f5bd005d066e8347ce3069bb49e1.jpg,green,0,100
lf1_maturity,100_jpg.rf.fa2f41ff4877cdb69ad841c4c5474cb6,1_maturity_evaluation,1,0.9110561013221741,,coconut-veirf-v5/train,train/images/100_jpg.rf.fa2f41ff4877cdb69ad841c4c5474cb6.jpg,green,0,100
lf1_maturity,101_jpg.rf.384207a2c5706a096d0210403e8fc624,1_maturity_evaluation,1,0.9450056552886963,,coconut-veirf-v5/train,train/images/101_jpg.rf.384207a2c5706a096d0210403e8fc624.jpg,green,2,101
lf1_maturity,101_jpg.rf.5d597a8360ccd8ae27a1dfa8e59fe827,1_maturity_evaluation,1,0.9363438487052917,,coconut-veirf-v5/train,train/images/101_jpg.rf.5d597a8360ccd8ae27a1dfa8e59fe827.jpg,green,2,101
lf1_maturity,101_jpg.rf.8d7161a63bf0b34f65ba1d65b4f71146,1_maturity_evaluation,1,0.9421510696411133,,coconut-veirf-v5/train,train/images/101_jpg.rf.8d7161a63bf0b34f65ba1d65b4f71146.jpg,green,2,101
lf1_maturity,102_jpg.rf.28a733fba27d71952c071cf9cf389167,1_maturity_evaluation,1,0.8739234209060669,,coconut-veirf-v5/train,train/images/102_jpg.rf.28a733fba27d71952c071cf9cf389167.jpg,dry,3,102
lf1_maturity,102_jpg.rf.4b4b9553e76010020981ff475fb4890d,1_maturity_evaluation,1,0.8530248403549194,,coconut-veirf-v5/train,train/images/102_jpg.rf.4b4b9553e76010020981ff475fb4890d.jpg,dry,3,102
lf1_maturity,102_jpg.rf.5e438296c9dbcd36c20a8d35e3f2e7f1,1_maturity_evaluation,1,0.7995708584785461,,coconut-veirf-v5/train,train/images/102_jpg.rf.5e438296c9dbcd36c20a8d35e3f2e7f1.jpg,dry,3,102
lf1_maturity,103_jpg.rf.38f6ee3b1beb1749808525423527e1e0,1_maturity_evaluation,0,0.47270798683166504,,coconut-veirf-v5/train,train/images/103_jpg.rf.38f6ee3b1beb1749808525423527e1e0.jpg,dry|green,3,103
lf1_maturity,103_jpg.rf.a1d2ff13ff14ea4a0343b95628970e17,1_maturity_evaluation,1,0.6497156023979187,,coconut-veirf-v5/train,train/images/103_jpg.rf.a1d2ff13ff14ea4a0343b95628970e17.jpg,dry,3,103
lf1_maturity,103_jpg.rf.a86a1bf5d0614be8014f6c55ddcbf190,1_maturity_evaluation,0,0.6158491373062134,,coconut-veirf-v5/train,train/images/103_jpg.rf.a86a1bf5d0614be8014f6c55ddcbf190.jpg,dry|green,3,103
lf1_maturity,106_jpg.rf.1cd863804f43b1802c50bc5e879775de,1_maturity_evaluation,1,0.9485694766044617,,coconut-veirf-v5/train,train/images/106_jpg.rf.1cd863804f43b1802c50bc5e879775de.jpg,green,0,106
lf1_maturity,106_jpg.rf.e86ec5511f5323c692a23f3fb9961ff5,1_maturity_evaluation,1,0.9429606199264526,,coconut-veirf-v5/train,train/images/106_jpg.rf.e86ec5511f5323c692a23f3fb9961ff5.jpg,green,0,106
lf1_maturity,106_jpg.rf.f546c84c22ab34ef7bbf7557b464603b,1_maturity_evaluation,1,0.9387243390083313,,coconut-veirf-v5/train,train/images/106_jpg.rf.f546c84c22ab34ef7bbf7557b464603b.jpg,green,0,106
lf1_maturity,107_jpg.rf.5f9841f56e824f142c0f3f483285b93c,1_maturity_evaluation,1,0.9510836005210876,,coconut-veirf-v5/train,train/images/107_jpg.rf.5f9841f56e824f142c0f3f483285b93c.jpg,green,0,107
lf1_maturity,107_jpg.rf.75a33237915a78efb9e30d425d145a52,1_maturity_evaluation,1,0.9483292698860168,,coconut-veirf-v5/train,train/images/107_jpg.rf.75a33237915a78efb9e30d425d145a52.jpg,green,0,107
lf1_maturity,107_jpg.rf.b458e3f96264a1c410446cd4175d5455,1_maturity_evaluation,1,0.9472495317459106,,coconut-veirf-v5/train,train/images/107_jpg.rf.b458e3f96264a1c410446cd4175d5455.jpg,green,0,107
lf1_maturity,108_jpg.rf.239c9a57dd8d0b1c98e6467500b8a6c9,1_maturity_evaluation,1,0.8872403502464294,,coconut-veirf-v5/train,train/images/108_jpg.rf.239c9a57dd8d0b1c98e6467500b8a6c9.jpg,dry,3,108
lf1_maturity,108_jpg.rf.6239bba02c9cf277a0e6e6efcf466cc7,1_maturity_evaluation,1,0.8781765699386597,,coconut-veirf-v5/train,train/images/108_jpg.rf.6239bba02c9cf277a0e6e6efcf466cc7.jpg,dry,3,108
lf1_maturity,108_jpg.rf.62719b2003155a94d2eebc8650fde44d,1_maturity_evaluation,1,0.8978365659713745,,coconut-veirf-v5/train,train/images/108_jpg.rf.62719b2003155a94d2eebc8650fde44d.jpg,dry,3,108
lf1_maturity,109_jpg.rf.4b12dda522493d7013b2f3877327a802,1_maturity_evaluation,1,0.7842872738838196,,coconut-veirf-v5/train,train/images/109_jpg.rf.4b12dda522493d7013b2f3877327a802.jpg,dry,4,109
lf1_maturity,109_jpg.rf.5146aecd9c19f348f6838ca6699f0caa,1_maturity_evaluation,1,0.8464285731315613,,coconut-veirf-v5/train,train/images/109_jpg.rf.5146aecd9c19f348f6838ca6699f0caa.jpg,dry,4,109
lf1_maturity,109_jpg.rf.675f885a27e04026805c270cc1621913,1_maturity_evaluation,1,0.8429814577102661,,coconut-veirf-v5/train,train/images/109_jpg.rf.675f885a27e04026805c270cc1621913.jpg,dry,4,109
lf1_maturity,10_jpg.rf.1cea6172c6d6f9b44feafcc202fa4e7b,1_maturity_evaluation,1,0.857082188129425,,coconut-veirf-v5/train,train/images/10_jpg.rf.1cea6172c6d6f9b44feafcc202fa4e7b.jpg,dry,2,10
lf1_maturity,10_jpg.rf.8f68def0e2078b6d9cbfd7b87f3771b8,1_maturity_evaluation,1,0.83555668592453,,coconut-veirf-v5/train,train/images/10_jpg.rf.8f68def0e2078b6d9cbfd7b87f3771b8.jpg,dry,2,10
lf1_maturity,10_jpg.rf.fc5fa083406ea64c23e7796084faa615,1_maturity_evaluation,1,0.8832612633705139,,coconut-veirf-v5/train,train/images/10_jpg.rf.fc5fa083406ea64c23e7796084faa615.jpg,dry,2,10
lf1_maturity,111_jpg.rf.153d0f62cd94c6c3bf44b4d7bc967278,1_maturity_evaluation,1,0.8550975918769836,,coconut-veirf-v5/train,train/images/111_jpg.rf.153d0f62cd94c6c3bf44b4d7bc967278.jpg,green,1,111
lf1_maturity,111_jpg.rf.27deb6849d714eacd5ad9d647db92616,1_maturity_evaluation,1,0.8725232481956482,,coconut-veirf-v5/train,train/images/111_jpg.rf.27deb6849d714eacd5ad9d647db92616.jpg,green,1,111
lf1_maturity,111_jpg.rf.d2831fc8f5ca939697b41ba8f613cc83,1_maturity_evaluation,1,0.8719635605812073,,coconut-veirf-v5/train,train/images/111_jpg.rf.d2831fc8f5ca939697b41ba8f613cc83.jpg,green,1,111
lf1_maturity,112_jpg.rf.2edcc5ae0e27caf40667f68e6dfc308b,1_maturity_evaluation,1,0.936939001083374,,coconut-veirf-v5/train,train/images/112_jpg.rf.2edcc5ae0e27caf40667f68e6dfc308b.jpg,dry,0,112
lf1_maturity,112_jpg.rf.3ca353267f1048a9a553525588f414e5,1_maturity_evaluation,1,0.9632299542427063,,coconut-veirf-v5/train,train/images/112_jpg.rf.3ca353267f1048a9a553525588f414e5.jpg,dry,0,112
lf1_maturity,112_jpg.rf.a56c80658b5caf64987e6ed591b5fe04,1_maturity_evaluation,1,0.9307375550270081,,coconut-veirf-v5/train,train/images/112_jpg.rf.a56c80658b5caf64987e6ed591b5fe04.jpg,dry,0,112
lf1_maturity,113_jpg.rf.cf197cf519c1270cc96b390771a9ce9e,1_maturity_evaluation,1,0.9575194716453552,,coconut-veirf-v5/train,train/images/113_jpg.rf.cf197cf519c1270cc96b390771a9ce9e.jpg,green,2,113
lf1_maturity,113_jpg.rf.dc8cc84a2623b5717a7cba84ed26542f,1_maturity_evaluation,1,0.9601386785507202,,coconut-veirf-v5/train,train/images/113_jpg.rf.dc8cc84a2623b5717a7cba84ed26542f.jpg,green,2,113
lf1_maturity,113_jpg.rf.f93e6648742628073c28a87379b73e05,1_maturity_evaluation,1,0.9609965682029724,,coconut-veirf-v5/train,train/images/113_jpg.rf.f93e6648742628073c28a87379b73e05.jpg,green,2,113
lf1_maturity,114_jpg.rf.2db07d6494514ec3243f5299570e1702,1_maturity_evaluation,1,0.9460751414299011,,coconut-veirf-v5/train,train/images/114_jpg.rf.2db07d6494514ec3243f5299570e1702.jpg,dry,2,114
lf1_maturity,114_jpg.rf.4cddae52ef4901d47d39ef2908f40f87,1_maturity_evaluation,1,0.9347234964370728,,coconut-veirf-v5/train,train/images/114_jpg.rf.4cddae52ef4901d47d39ef2908f40f87.jpg,dry,2,114
lf1_maturity,114_jpg.rf.7a68f7ad349bcf68bbf0b4574de0361e,1_maturity_evaluation,1,0.8282756805419922,,coconut-veirf-v5/train,train/images/114_jpg.rf.7a68f7ad349bcf68bbf0b4574de0361e.jpg,dry,2,114
lf1_maturity,116_jpg.rf.c33346e88a81bcddd17633ccf46eb2ee,1_maturity_evaluation,1,0.830904483795166,,coconut-veirf-v5/train,train/images/116_jpg.rf.c33346e88a81bcddd17633ccf46eb2ee.jpg,green,2,116
lf1_maturity,116_jpg.rf.c9e2718cf534ab75e2fa0ea134ad5705,1_maturity_evaluation,0,0.5666103363037109,,coconut-veirf-v5/train,train/images/116_jpg.rf.c9e2718cf534ab75e2fa0ea134ad5705.jpg,dry|green,2,116
lf1_maturity,116_jpg.rf.f8d65639eb04f374fc655659592424d3,1_maturity_evaluation,0,0.776205837726593,,coconut-veirf-v5/train,train/images/116_jpg.rf.f8d65639eb04f374fc655659592424d3.jpg,dry,2,116
lf1_maturity,117_jpg.rf.9eb7795b405e7487ca9a0c46ab9a9225,1_maturity_evaluation,1,0.9018120765686035,,coconut-veirf-v5/train,train/images/117_jpg.rf.9eb7795b405e7487ca9a0c46ab9a9225.jpg,dry,2,117
lf1_maturity,117_jpg.rf.a506abbff38b61158b8555b0b8565043,1_maturity_evaluation,1,0.8981217741966248,,coconut-veirf-v5/train,train/images/117_jpg.rf.a506abbff38b61158b8555b0b8565043.jpg,dry,2,117
lf1_maturity,117_jpg.rf.e50d3b042681ab6333d723e32390e56e,1_maturity_evaluation,1,0.882378101348877,,coconut-veirf-v5/train,train/images/117_jpg.rf.e50d3b042681ab6333d723e32390e56e.jpg,dry,2,117
lf1_maturity,118_jpg.rf.34d9f8535a24a1f3935ab091308cbbbf,1_maturity_evaluation,1,0.891904890537262,,coconut-veirf-v5/train,train/images/118_jpg.rf.34d9f8535a24a1f3935ab091308cbbbf.jpg,dry,4,118
lf1_maturity,118_jpg.rf.498a83b56e80eb6c4e3bb819fbd3cc4f,1_maturity_evaluation,1,0.89046311378479,,coconut-veirf-v5/train,train/images/118_jpg.rf.498a83b56e80eb6c4e3bb819fbd3cc4f.jpg,dry,4,118
lf1_maturity,118_jpg.rf.ec1595ef566acff5416f1f78dbb18d16,1_maturity_evaluation,1,0.8666484355926514,,coconut-veirf-v5/train,train/images/118_jpg.rf.ec1595ef566acff5416f1f78dbb18d16.jpg,dry,4,118
lf1_maturity,119_jpg.rf.28eda55e0379167a4ea5b1facc5eb9d8,1_maturity_evaluation,0,0.6317756175994873,,coconut-veirf-v5/train,train/images/119_jpg.rf.28eda55e0379167a4ea5b1facc5eb9d8.jpg,dry|green,4,119
lf1_maturity,119_jpg.rf.36671f52248b97c83db4bf0c16bbd096,1_maturity_evaluation,1,0.5685026049613953,,coconut-veirf-v5/train,train/images/119_jpg.rf.36671f52248b97c83db4bf0c16bbd096.jpg,green,4,119
lf1_maturity,119_jpg.rf.480f46ff0894822030e9bf1566024d8a,1_maturity_evaluation,0,0.6636295318603516,,coconut-veirf-v5/train,train/images/119_jpg.rf.480f46ff0894822030e9bf1566024d8a.jpg,dry|green,4,119
lf1_maturity,120_jpg.rf.1d27b2b5175a76ab05e1552bf68f8262,1_maturity_evaluation,1,0.8763161301612854,,coconut-veirf-v5/train,train/images/120_jpg.rf.1d27b2b5175a76ab05e1552bf68f8262.jpg,green,1,120
lf1_maturity,120_jpg.rf.d35ac0fb7244b35f4dc44253f82a7f52,1_maturity_evaluation,1,0.8983996510505676,,coconut-veirf-v5/train,train/images/120_jpg.rf.d35ac0fb7244b35f4dc44253f82a7f52.jpg,green,1,120
lf1_maturity,120_jpg.rf.f0c566bc6fb331842ec8a5d8ffe60f0b,1_maturity_evaluation,1,0.8932287096977234,,coconut-veirf-v5/train,train/images/120_jpg.rf.f0c566bc6fb331842ec8a5d8ffe60f0b.jpg,green,1,120
lf1_maturity,121_jpg.rf.0091becc9cdd05d1228538c899ed30f7,1_maturity_evaluation,1,0.8641818761825562,,coconut-veirf-v5/train,train/images/121_jpg.rf.0091becc9cdd05d1228538c899ed30f7.jpg,dry,0,121
lf1_maturity,121_jpg.rf.b423debf68f33f934202d3be56c11bb1,1_maturity_evaluation,1,0.8454787731170654,,coconut-veirf-v5/train,train/images/121_jpg.rf.b423debf68f33f934202d3be56c11bb1.jpg,dry,0,121
lf1_maturity,121_jpg.rf.f7f72d8a977f755da7b08ac7b34237e3,1_maturity_evaluation,1,0.8559402227401733,,coconut-veirf-v5/train,train/images/121_jpg.rf.f7f72d8a977f755da7b08ac7b34237e3.jpg,dry,0,121
lf1_maturity,123_jpg.rf.00be6c2eab691d485813756608b68577,1_maturity_evaluation,1,0.9265723824501038,,coconut-veirf-v5/train,train/images/123_jpg.rf.00be6c2eab691d485813756608b68577.jpg,dry,2,123
lf1_maturity,123_jpg.rf.064235e2f97c43f59cee3119134d4078,1_maturity_evaluation,1,0.9230029582977295,,coconut-veirf-v5/train,train/images/123_jpg.rf.064235e2f97c43f59cee3119134d4078.jpg,dry,2,123
lf1_maturity,123_jpg.rf.394b89b9794561038e06de7b0a2992d1,1_maturity_evaluation,1,0.9176189303398132,,coconut-veirf-v5/train,train/images/123_jpg.rf.394b89b9794561038e06de7b0a2992d1.jpg,dry,2,123
lf1_maturity,124_jpg.rf.5b66f71c933fa9745f8ff165f5ae443a,1_maturity_evaluation,0,0.6091476678848267,,coconut-veirf-v5/train,train/images/124_jpg.rf.5b66f71c933fa9745f8ff165f5ae443a.jpg,dry|green,2,124
lf1_maturity,124_jpg.rf.696787780cded77d7de08d8a1ab09e90,1_maturity_evaluation,0,0.7464413046836853,,coconut-veirf-v5/train,train/images/124_jpg.rf.696787780cded77d7de08d8a1ab09e90.jpg,dry|green,2,124
lf1_maturity,124_jpg.rf.e9bb1348c9793e71426616f6c2f58c98,1_maturity_evaluation,1,0.829222559928894,,coconut-veirf-v5/train,train/images/124_jpg.rf.e9bb1348c9793e71426616f6c2f58c98.jpg,green,2,124
lf1_maturity,127_jpg.rf.a8d036d481dcbaf390fef36a5eedcb27,1_maturity_evaluation,1,0.9348970651626587,,coconut-veirf-v5/train,train/images/127_jpg.rf.a8d036d481dcbaf390fef36a5eedcb27.jpg,green,3,127
lf1_maturity,127_jpg.rf.e4385f4c0223e75b744100728ebfa636,1_maturity_evaluation,1,0.9345619082450867,,coconut-veirf-v5/train,train/images/127_jpg.rf.e4385f4c0223e75b744100728ebfa636.jpg,dry|green,3,127
lf1_maturity,127_jpg.rf.ec2e3ddb5dde93b8118194fb63dac69d,1_maturity_evaluation,1,0.9368926286697388,,coconut-veirf-v5/train,train/images/127_jpg.rf.ec2e3ddb5dde93b8118194fb63dac69d.jpg,green,3,127
lf1_maturity,128_jpg.rf.1c552598822a0005dbc387194e92b3ec,1_maturity_evaluation,0,0.8963507413864136,,coconut-veirf-v5/train,train/images/128_jpg.rf.1c552598822a0005dbc387194e92b3ec.jpg,dry|green,2,128
lf1_maturity,128_jpg.rf.74d641d9ba2ebde4c4f7feb013c92326,1_maturity_evaluation,0,0.9053447246551514,,coconut-veirf-v5/train,train/images/128_jpg.rf.74d641d9ba2ebde4c4f7feb013c92326.jpg,dry|green,2,128
lf1_maturity,128_jpg.rf.f39a81da7044dd220b5fbcb1ae6ad432,1_maturity_evaluation,0,0.8804780840873718,,coconut-veirf-v5/train,train/images/128_jpg.rf.f39a81da7044dd220b5fbcb1ae6ad432.jpg,dry|green,2,128
lf1_maturity,129_jpg.rf.04b73da7b45231e898cfa2ce979c9fc1,1_maturity_evaluation,1,0.7271806597709656,,coconut-veirf-v5/train,train/images/129_jpg.rf.04b73da7b45231e898cfa2ce979c9fc1.jpg,green,2,129
lf1_maturity,129_jpg.rf.87286141fd0af7db9a2dd014577bb2f7,1_maturity_evaluation,1,0.815419614315033,,coconut-veirf-v5/train,train/images/129_jpg.rf.87286141fd0af7db9a2dd014577bb2f7.jpg,green,2,129
lf1_maturity,129_jpg.rf.dc3933c84f31b8d10b9fb3e95417765f,1_maturity_evaluation,1,0.6746665239334106,,coconut-veirf-v5/train,train/images/129_jpg.rf.dc3933c84f31b8d10b9fb3e95417765f.jpg,green,2,129
lf1_maturity,130_jpg.rf.19c2cdfeb449ec0b7d64e98b701f4f45,1_maturity_evaluation,1,0.8970770835876465,,coconut-veirf-v5/train,train/images/130_jpg.rf.19c2cdfeb449ec0b7d64e98b701f4f45.jpg,green,2,130
lf1_maturity,130_jpg.rf.2d71931ad3eb88177e60dd5f24689887,1_maturity_evaluation,1,0.921122670173645,,coconut-veirf-v5/train,train/images/130_jpg.rf.2d71931ad3eb88177e60dd5f24689887.jpg,green,2,130
lf1_maturity,130_jpg.rf.914c2a1d31467a690eec7d6a76559d81,1_maturity_evaluation,1,0.9277997612953186,,coconut-veirf-v5/train,train/images/130_jpg.rf.914c2a1d31467a690eec7d6a76559d81.jpg,green,2,130
lf1_maturity,133_jpg.rf.1d7f40b973fb11bbcea779393360f902,1_maturity_evaluation,0,0.7694015502929688,,coconut-veirf-v5/train,train/images/133_jpg.rf.1d7f40b973fb11bbcea779393360f902.jpg,green,0,133
lf1_maturity,133_jpg.rf.9cd770393d1f37453a3c1bc8c58dc5b9,1_maturity_evaluation,0,0.593921422958374,,coconut-veirf-v5/train,train/images/133_jpg.rf.9cd770393d1f37453a3c1bc8c58dc5b9.jpg,dry|green,0,133
lf1_maturity,133_jpg.rf.f54e19ab08201f9b000998807cccf5c2,1_maturity_evaluation,0,0.6252276301383972,,coconut-veirf-v5/train,train/images/133_jpg.rf.f54e19ab08201f9b000998807cccf5c2.jpg,green,0,133
lf1_maturity,134_jpg.rf.18fcb44bcd1ff79328086053cecf90d3,1_maturity_evaluation,1,0.868660032749176,,coconut-veirf-v5/train,train/images/134_jpg.rf.18fcb44bcd1ff79328086053cecf90d3.jpg,green,3,134
lf1_maturity,134_jpg.rf.3e6bfc42de948801acffd19d4765f592,1_maturity_evaluation,1,0.8685815930366516,,coconut-veirf-v5/train,train/images/134_jpg.rf.3e6bfc42de948801acffd19d4765f592.jpg,green,3,134
lf1_maturity,134_jpg.rf.b7acb7016fd62db743338debd25783cb,1_maturity_evaluation,1,0.8074598908424377,,coconut-veirf-v5/train,train/images/134_jpg.rf.b7acb7016fd62db743338debd25783cb.jpg,green,3,134
lf1_maturity,135_jpg.rf.b210e4eec9664f6abdceb849b997b708,1_maturity_evaluation,0,0.7376874089241028,,coconut-veirf-v5/train,train/images/135_jpg.rf.b210e4eec9664f6abdceb849b997b708.jpg,green|tender,2,135
lf1_maturity,135_jpg.rf.babfbce21898f0161cfdbc2b3a93870c,1_maturity_evaluation,0,0.7068986892700195,,coconut-veirf-v5/train,train/images/135_jpg.rf.babfbce21898f0161cfdbc2b3a93870c.jpg,green|tender,2,135
lf1_maturity,135_jpg.rf.e8d18c9492a9fdbf1a29e3732179e3c5,1_maturity_evaluation,0,0.7899455428123474,,coconut-veirf-v5/train,train/images/135_jpg.rf.e8d18c9492a9fdbf1a29e3732179e3c5.jpg,green,2,135
lf1_maturity,136_jpg.rf.bb5c24f4f8f52a05fb1687b157ee825d,1_maturity_evaluation,1,0.9203181862831116,,coconut-veirf-v5/train,train/images/136_jpg.rf.bb5c24f4f8f52a05fb1687b157ee825d.jpg,green,0,136
lf1_maturity,136_jpg.rf.c13fb1f3888e126731736517a682df02,1_maturity_evaluation,1,0.9252485632896423,,coconut-veirf-v5/train,train/images/136_jpg.rf.c13fb1f3888e126731736517a682df02.jpg,green,0,136
lf1_maturity,136_jpg.rf.d3200b60c4f2d2a6550def4b720edf0f,1_maturity_evaluation,1,0.9215532541275024,,coconut-veirf-v5/train,train/images/136_jpg.rf.d3200b60c4f2d2a6550def4b720edf0f.jpg,green,0,136
lf1_maturity,137_jpg.rf.22606766ade1fd1cb454abbc0f047574,1_maturity_evaluation,1,0.8039772510528564,,coconut-veirf-v5/train,train/images/137_jpg.rf.22606766ade1fd1cb454abbc0f047574.jpg,green,0,137
lf1_maturity,137_jpg.rf.39371017caad22b4b48c6d3d49f2fe65,1_maturity_evaluation,1,0.8021037578582764,,coconut-veirf-v5/train,train/images/137_jpg.rf.39371017caad22b4b48c6d3d49f2fe65.jpg,green,0,137
lf1_maturity,137_jpg.rf.aee0e542da7460e36fde50cb9bc9322a,1_maturity_evaluation,1,0.8137527108192444,,coconut-veirf-v5/train,train/images/137_jpg.rf.aee0e542da7460e36fde50cb9bc9322a.jpg,green,0,137
lf1_maturity,138_jpg.rf.797241e1640346d4266bff9680c89b78,1_maturity_evaluation,1,0.7767103314399719,,coconut-veirf-v5/train,train/images/138_jpg.rf.797241e1640346d4266bff9680c89b78.jpg,tender,1,138
lf1_maturity,138_jpg.rf.8296aaf02f59221ed65f21e5f974ab47,1_maturity_evaluation,1,0.7485544681549072,,coconut-veirf-v5/train,train/images/138_jpg.rf.8296aaf02f59221ed65f21e5f974ab47.jpg,tender,1,138
lf1_maturity,138_jpg.rf.b4d7fb2ed3d0ff2805eb404ad1c1d192,1_maturity_evaluation,1,0.7855951189994812,,coconut-veirf-v5/train,train/images/138_jpg.rf.b4d7fb2ed3d0ff2805eb404ad1c1d192.jpg,tender,1,138
lf1_maturity,139_jpg.rf.3ff07a0d0ad4762184d6357b6826d37f,1_maturity_evaluation,1,0.8005430698394775,,coconut-veirf-v5/train,train/images/139_jpg.rf.3ff07a0d0ad4762184d6357b6826d37f.jpg,green,4,139
lf1_maturity,139_jpg.rf.95495f100bcfcebb1d3e68cceb7ad3b6,1_maturity_evaluation,1,0.8429811000823975,,coconut-veirf-v5/train,train/images/139_jpg.rf.95495f100bcfcebb1d3e68cceb7ad3b6.jpg,green,4,139
lf1_maturity,139_jpg.rf.e8e83c7b999304726f88add33899003e,1_maturity_evaluation,1,0.7752167582511902,,coconut-veirf-v5/train,train/images/139_jpg.rf.e8e83c7b999304726f88add33899003e.jpg,green,4,139
lf1_maturity,140_jpg.rf.166a37b1e678bca4d4c5363072edadad,1_maturity_evaluation,1,0.887007474899292,,coconut-veirf-v5/train,train/images/140_jpg.rf.166a37b1e678bca4d4c5363072edadad.jpg,green,1,140
lf1_maturity,140_jpg.rf.27f0273e271fc58dc8725c033578da4b,1_maturity_evaluation,1,0.8948807716369629,,coconut-veirf-v5/train,train/images/140_jpg.rf.27f0273e271fc58dc8725c033578da4b.jpg,green,1,140
lf1_maturity,140_jpg.rf.5d4efd23f1ec74696c0c0d7f1148d10c,1_maturity_evaluation,1,0.8545693159103394,,coconut-veirf-v5/train,train/images/140_jpg.rf.5d4efd23f1ec74696c0c0d7f1148d10c.jpg,green,1,140
lf1_maturity,141_jpg.rf.8918aa1b6eeba6f0908b7e7472f6f5d0,1_maturity_evaluation,1,0.9527572989463806,,coconut-veirf-v5/train,train/images/141_jpg.rf.8918aa1b6eeba6f0908b7e7472f6f5d0.jpg,tender,3,141
lf1_maturity,141_jpg.rf.d5992fbe4ce8d0f82ba24b71845fca49,1_maturity_evaluation,1,0.9512001872062683,,coconut-veirf-v5/train,train/images/141_jpg.rf.d5992fbe4ce8d0f82ba24b71845fca49.jpg,tender,3,141
lf1_maturity,141_jpg.rf.f38daf6349adab246fcbf59c05ca3a26,1_maturity_evaluation,1,0.9490543603897095,,coconut-veirf-v5/train,train/images/141_jpg.rf.f38daf6349adab246fcbf59c05ca3a26.jpg,tender,3,141
lf1_maturity,142_jpg.rf.889d10dc95901a9b0a66a7965ce231b8,1_maturity_evaluation,1,0.8590151071548462,,coconut-veirf-v5/train,train/images/142_jpg.rf.889d10dc95901a9b0a66a7965ce231b8.jpg,tender,4,142
lf1_maturity,142_jpg.rf.abc1b99e4bf3497347cb0d928fbca994,1_maturity_evaluation,1,0.8321318626403809,,coconut-veirf-v5/train,train/images/142_jpg.rf.abc1b99e4bf3497347cb0d928fbca994.jpg,tender,4,142
lf1_maturity,142_jpg.rf.b26a0e47e2f3811e8596670f9aa50e25,1_maturity_evaluation,1,0.8715155124664307,,coconut-veirf-v5/train,train/images/142_jpg.rf.b26a0e47e2f3811e8596670f9aa50e25.jpg,tender,4,142
lf1_maturity,143_jpg.rf.44644fa084629f9291a639aa7b4ccd7f,1_maturity_evaluation,1,0.8931676149368286,,coconut-veirf-v5/train,train/images/143_jpg.rf.44644fa084629f9291a639aa7b4ccd7f.jpg,dry|tender,1,143
lf1_maturity,143_jpg.rf.be29482c71b97b6265580f387e3d4dd1,1_maturity_evaluation,1,0.904578685760498,,coconut-veirf-v5/train,train/images/143_jpg.rf.be29482c71b97b6265580f387e3d4dd1.jpg,dry|tender,1,143
lf1_maturity,143_jpg.rf.e50c4b609f1350fc83d04bd9a5c19340,1_maturity_evaluation,1,0.8846248388290405,,coconut-veirf-v5/train,train/images/143_jpg.rf.e50c4b609f1350fc83d04bd9a5c19340.jpg,dry|tender,1,143
lf1_maturity,144_jpg.rf.27d75d899d8505fbd42399dc06c15c1d,1_maturity_evaluation,1,0.5888258814811707,,coconut-veirf-v5/train,train/images/144_jpg.rf.27d75d899d8505fbd42399dc06c15c1d.jpg,green,4,144
lf1_maturity,144_jpg.rf.4c0f2ee978761b30a933bf23755e3e15,1_maturity_evaluation,1,0.5617539286613464,,coconut-veirf-v5/train,train/images/144_jpg.rf.4c0f2ee978761b30a933bf23755e3e15.jpg,green,4,144
lf1_maturity,144_jpg.rf.e2cdb966ae35c22b2674637117b3993a,1_maturity_evaluation,1,0.6082146167755127,,coconut-veirf-v5/train,train/images/144_jpg.rf.e2cdb966ae35c22b2674637117b3993a.jpg,green,4,144
lf1_maturity,15_jpg.rf.4656ed0079f870384bca58fd5a64aaba,1_maturity_evaluation,0,0.8966445326805115,,coconut-veirf-v5/train,train/images/15_jpg.rf.4656ed0079f870384bca58fd5a64aaba.jpg,dry|green,3,15
lf1_maturity,15_jpg.rf.b319533cdd9740aefb3c78aaf32d28ed,1_maturity_evaluation,0,0.9008630514144897,,coconut-veirf-v5/train,train/images/15_jpg.rf.b319533cdd9740aefb3c78aaf32d28ed.jpg,dry|green,3,15
lf1_maturity,15_jpg.rf.b8ea5847961ae4d9ee33dcdfefcf8172,1_maturity_evaluation,0,0.9009377360343933,,coconut-veirf-v5/train,train/images/15_jpg.rf.b8ea5847961ae4d9ee33dcdfefcf8172.jpg,dry|green,3,15
lf1_maturity,16_jpg.rf.6641b71b4e5b94608b314d68a5fc9564,1_maturity_evaluation,1,0.9276890754699707,,coconut-veirf-v5/train,train/images/16_jpg.rf.6641b71b4e5b94608b314d68a5fc9564.jpg,dry,1,16
lf1_maturity,16_jpg.rf.c7c7dbbec279631f0772f22defa3260f,1_maturity_evaluation,1,0.939587414264679,,coconut-veirf-v5/train,train/images/16_jpg.rf.c7c7dbbec279631f0772f22defa3260f.jpg,dry|green,1,16
lf1_maturity,16_jpg.rf.fa153898c7034640fd4c036949577242,1_maturity_evaluation,1,0.9351661801338196,,coconut-veirf-v5/train,train/images/16_jpg.rf.fa153898c7034640fd4c036949577242.jpg,dry|green,1,16
lf1_maturity,18_jpg.rf.4d6b21418497e3d22be5a99f433cd03d,1_maturity_evaluation,0,0.8760650157928467,,coconut-veirf-v5/train,train/images/18_jpg.rf.4d6b21418497e3d22be5a99f433cd03d.jpg,dry,1,18
lf1_maturity,18_jpg.rf.d694ad2ee9809891303e80c211dc9759,1_maturity_evaluation,0,0.8530421257019043,,coconut-veirf-v5/train,train/images/18_jpg.rf.d694ad2ee9809891303e80c211dc9759.jpg,dry,1,18
lf1_maturity,18_jpg.rf.e98940b6e4969aa3a2a9b52ea9742e69,1_maturity_evaluation,1,0.8095982074737549,,coconut-veirf-v5/train,train/images/18_jpg.rf.e98940b6e4969aa3a2a9b52ea9742e69.jpg,dry,1,18
lf1_maturity,1_jpg.rf.0108574a03358c611c7b9b19ff45778e,1_maturity_evaluation,0,0.876800000667572,,coconut-veirf-v5/train,train/images/1_jpg.rf.0108574a03358c611c7b9b19ff45778e.jpg,green,2,1
lf1_maturity,1_jpg.rf.3b2883f5cd3dd7cd330ec85702da529e,1_maturity_evaluation,0,0.8976196050643921,,coconut-veirf-v5/train,train/images/1_jpg.rf.3b2883f5cd3dd7cd330ec85702da529e.jpg,green,2,1
lf1_maturity,1_jpg.rf.7ac84c960c85d66b6279de6157159a66,1_maturity_evaluation,0,0.8624255657196045,,coconut-veirf-v5/train,train/images/1_jpg.rf.7ac84c960c85d66b6279de6157159a66.jpg,green,2,1
lf1_maturity,20_jpg.rf.b5a1be0073f6328d9aa4298fa3723a96,1_maturity_evaluation,0,0.9626802802085876,,coconut-veirf-v5/train,train/images/20_jpg.rf.b5a1be0073f6328d9aa4298fa3723a96.jpg,dry|green,0,20
lf1_maturity,20_jpg.rf.c6858a04f436693bb48b49a28fdc9aa2,1_maturity_evaluation,0,0.9648207426071167,,coconut-veirf-v5/train,train/images/20_jpg.rf.c6858a04f436693bb48b49a28fdc9aa2.jpg,dry|green,0,20
lf1_maturity,20_jpg.rf.e3fda47c90f8340daaa1c605f75a3fc5,1_maturity_evaluation,0,0.9560906887054443,,coconut-veirf-v5/train,train/images/20_jpg.rf.e3fda47c90f8340daaa1c605f75a3fc5.jpg,dry|green,0,20
lf1_maturity,21_jpg.rf.0f33742641945158c254ad9d3360921e,1_maturity_evaluation,0,0.7828406691551208,,coconut-veirf-v5/train,train/images/21_jpg.rf.0f33742641945158c254ad9d3360921e.jpg,green,3,21
lf1_maturity,21_jpg.rf.283e9ab4083cf4ea4937bf789ab25558,1_maturity_evaluation,0,0.6188051700592041,,coconut-veirf-v5/train,train/images/21_jpg.rf.283e9ab4083cf4ea4937bf789ab25558.jpg,green,3,21
lf1_maturity,21_jpg.rf.cb204e0eaa064bf8f4da06065dd85402,1_maturity_evaluation,0,0.4323868155479431,,coconut-veirf-v5/train,train/images/21_jpg.rf.cb204e0eaa064bf8f4da06065dd85402.jpg,dry|green,3,21
lf1_maturity,24_jpg.rf.0340ba3a2a934d0e535c14b410732cad,1_maturity_evaluation,1,0.8693143725395203,,coconut-veirf-v5/train,train/images/24_jpg.rf.0340ba3a2a934d0e535c14b410732cad.jpg,dry|green,2,24
lf1_maturity,24_jpg.rf.8b86611fed63007de24bdab17f3a2313,1_maturity_evaluation,1,0.8851491212844849,,coconut-veirf-v5/train,train/images/24_jpg.rf.8b86611fed63007de24bdab17f3a2313.jpg,dry|green,2,24
lf1_maturity,24_jpg.rf.97b52b7385d8fb1983f5a2d5067dae2b,1_maturity_evaluation,1,0.8580654859542847,,coconut-veirf-v5/train,train/images/24_jpg.rf.97b52b7385d8fb1983f5a2d5067dae2b.jpg,dry|green,2,24
lf1_maturity,25_jpg.rf.580ba267f053263ea47237131ca8a1ca,1_maturity_evaluation,0,0.9409022331237793,,coconut-veirf-v5/train,train/images/25_jpg.rf.580ba267f053263ea47237131ca8a1ca.jpg,green,3,25
lf1_maturity,25_jpg.rf.b35180f7e45b455473c2427cc9c9b8b0,1_maturity_evaluation,0,0.9168667197227478,,coconut-veirf-v5/train,train/images/25_jpg.rf.b35180f7e45b455473c2427cc9c9b8b0.jpg,green,3,25
lf1_maturity,25_jpg.rf.bffc34a84b02d2f6dd305ec7d13f9b06,1_maturity_evaluation,0,0.921819806098938,,coconut-veirf-v5/train,train/images/25_jpg.rf.bffc34a84b02d2f6dd305ec7d13f9b06.jpg,green,3,25
lf1_maturity,28_jpg.rf.37a4b4ef52e28dc31f59871a6a88578b,1_maturity_evaluation,1,0.9422799944877625,,coconut-veirf-v5/train,train/images/28_jpg.rf.37a4b4ef52e28dc31f59871a6a88578b.jpg,dry,1,28
lf1_maturity,28_jpg.rf.4c52e304a29fe9091a0cbd68fda441db,1_maturity_evaluation,1,0.9526833891868591,,coconut-veirf-v5/train,train/images/28_jpg.rf.4c52e304a29fe9091a0cbd68fda441db.jpg,dry,1,28
lf1_maturity,28_jpg.rf.fab4d9e34bfdc7d501f7d131f12212bf,1_maturity_evaluation,1,0.9507533311843872,,coconut-veirf-v5/train,train/images/28_jpg.rf.fab4d9e34bfdc7d501f7d131f12212bf.jpg,dry,1,28
lf1_maturity,29_jpg.rf.70789c526dc6c93271886f85201ade25,1_maturity_evaluation,1,0.9145189523696899,,coconut-veirf-v5/train,train/images/29_jpg.rf.70789c526dc6c93271886f85201ade25.jpg,dry,0,29
lf1_maturity,29_jpg.rf.74352f0caf19bd4a8da6c4d53b118458,1_maturity_evaluation,1,0.882617175579071,,coconut-veirf-v5/train,train/images/29_jpg.rf.74352f0caf19bd4a8da6c4d53b118458.jpg,dry,0,29
lf1_maturity,29_jpg.rf.bc6e73b8e0b959d5a37188285226c6db,1_maturity_evaluation,1,0.9192618131637573,,coconut-veirf-v5/train,train/images/29_jpg.rf.bc6e73b8e0b959d5a37188285226c6db.jpg,dry,0,29
lf1_maturity,2_jpg.rf.18d4b3928d0413b944dc9938d98021b6,1_maturity_evaluation,1,0.9646101593971252,,coconut-veirf-v5/train,train/images/2_jpg.rf.18d4b3928d0413b944dc9938d98021b6.jpg,tender,0,2
lf1_maturity,2_jpg.rf.390ae3b23f8aca476dd54353d96d708d,1_maturity_evaluation,1,0.9583615660667419,,coconut-veirf-v5/train,train/images/2_jpg.rf.390ae3b23f8aca476dd54353d96d708d.jpg,tender,0,2
lf1_maturity,2_jpg.rf.c6f8333ef0d28f933aabf81dd09bb11f,1_maturity_evaluation,1,0.952983558177948,,coconut-veirf-v5/train,train/images/2_jpg.rf.c6f8333ef0d28f933aabf81dd09bb11f.jpg,tender,0,2
lf1_maturity,30_jpg.rf.0c83429c01e64eec21f2e05ad1bb3951,1_maturity_evaluation,1,0.9791334271430969,,coconut-veirf-v5/train,train/images/30_jpg.rf.0c83429c01e64eec21f2e05ad1bb3951.jpg,green,2,30
lf1_maturity,30_jpg.rf.2033ec38f2e7e425ea94fa2bae1d4d00,1_maturity_evaluation,1,0.9766814708709717,,coconut-veirf-v5/train,train/images/30_jpg.rf.2033ec38f2e7e425ea94fa2bae1d4d00.jpg,green,2,30
lf1_maturity,30_jpg.rf.983f208e5881b873b89d8a4e286a2b30,1_maturity_evaluation,1,0.9773678183555603,,coconut-veirf-v5/train,train/images/30_jpg.rf.983f208e5881b873b89d8a4e286a2b30.jpg,green,2,30
lf1_maturity,31_jpg.rf.135c137f63a919f7979c0cdcc2acb279,1_maturity_evaluation,1,0.9204113483428955,,coconut-veirf-v5/train,train/images/31_jpg.rf.135c137f63a919f7979c0cdcc2acb279.jpg,green,1,31
lf1_maturity,31_jpg.rf.696a081640be232609f3084486417059,1_maturity_evaluation,1,0.9226913452148438,,coconut-veirf-v5/train,train/images/31_jpg.rf.696a081640be232609f3084486417059.jpg,green,1,31
lf1_maturity,31_jpg.rf.db31cad22a303ba68ad48e798fad24c8,1_maturity_evaluation,1,0.9036679863929749,,coconut-veirf-v5/train,train/images/31_jpg.rf.db31cad22a303ba68ad48e798fad24c8.jpg,green,1,31
lf1_maturity,32_jpg.rf.573b5ca0cd5e94ce91c13cc50612070c,1_maturity_evaluation,1,0.9511203765869141,,coconut-veirf-v5/train,train/images/32_jpg.rf.573b5ca0cd5e94ce91c13cc50612070c.jpg,green,1,32
lf1_maturity,32_jpg.rf.9728413de19cf88af36836008a01bc07,1_maturity_evaluation,1,0.9488672614097595,,coconut-veirf-v5/train,train/images/32_jpg.rf.9728413de19cf88af36836008a01bc07.jpg,green,1,32
lf1_maturity,32_jpg.rf.ddd050b5125f3db4bb49b3bee6636def,1_maturity_evaluation,1,0.9509156346321106,,coconut-veirf-v5/train,train/images/32_jpg.rf.ddd050b5125f3db4bb49b3bee6636def.jpg,green,1,32
lf1_maturity,34_jpg.rf.0766526d70039b1035d8bf90d9d31e82,1_maturity_evaluation,1,0.9457365870475769,,coconut-veirf-v5/train,train/images/34_jpg.rf.0766526d70039b1035d8bf90d9d31e82.jpg,green,0,34
lf1_maturity,34_jpg.rf.5721c0c707ab37d2612bb209ea52d00e,1_maturity_evaluation,1,0.9396953582763672,,coconut-veirf-v5/train,train/images/34_jpg.rf.5721c0c707ab37d2612bb209ea52d00e.jpg,green,0,34
lf1_maturity,34_jpg.rf.f4c8e85955fd4bfac38b4fb64df94994,1_maturity_evaluation,1,0.9367114305496216,,coconut-veirf-v5/train,train/images/34_jpg.rf.f4c8e85955fd4bfac38b4fb64df94994.jpg,green,0,34
lf1_maturity,36_jpg.rf.7837e37c3ba45540cbfb71b462bf8486,1_maturity_evaluation,1,0.915245532989502,,coconut-veirf-v5/train,train/images/36_jpg.rf.7837e37c3ba45540cbfb71b462bf8486.jpg,green,2,36
lf1_maturity,36_jpg.rf.8a0d468fdc442c0608ef320df67ab17c,1_maturity_evaluation,1,0.9225601553916931,,coconut-veirf-v5/train,train/images/36_jpg.rf.8a0d468fdc442c0608ef320df67ab17c.jpg,green,2,36
lf1_maturity,36_jpg.rf.952962e5ac3fce069afda8e2c14fc12b,1_maturity_evaluation,1,0.8848499059677124,,coconut-veirf-v5/train,train/images/36_jpg.rf.952962e5ac3fce069afda8e2c14fc12b.jpg,green,2,36
lf1_maturity,38_jpg.rf.104c164537be4e2633e0e79ccdc6455d,1_maturity_evaluation,0,0.9514386057853699,,coconut-veirf-v5/train,train/images/38_jpg.rf.104c164537be4e2633e0e79ccdc6455d.jpg,dry,0,38
lf1_maturity,38_jpg.rf.7b64e0cb02622738a12633e7693bcf2c,1_maturity_evaluation,0,0.9476131200790405,,coconut-veirf-v5/train,train/images/38_jpg.rf.7b64e0cb02622738a12633e7693bcf2c.jpg,dry,0,38
lf1_maturity,38_jpg.rf.e000d49d1a179ea85801d4741a9407e9,1_maturity_evaluation,0,0.9495077729225159,,coconut-veirf-v5/train,train/images/38_jpg.rf.e000d49d1a179ea85801d4741a9407e9.jpg,dry,0,38
lf1_maturity,39_jpg.rf.01e3b40bbe1bd4bf8ecdb39b97e43da9,1_maturity_evaluation,0,0.9091887474060059,,coconut-veirf-v5/train,train/images/39_jpg.rf.01e3b40bbe1bd4bf8ecdb39b97e43da9.jpg,green,2,39
lf1_maturity,39_jpg.rf.1d8f5b8c30b5a56801c0f2f9b64a3779,1_maturity_evaluation,0,0.9051282405853271,,coconut-veirf-v5/train,train/images/39_jpg.rf.1d8f5b8c30b5a56801c0f2f9b64a3779.jpg,green,2,39
lf1_maturity,39_jpg.rf.9b18809ee4440f4b252c76395cdaae50,1_maturity_evaluation,0,0.892855167388916,,coconut-veirf-v5/train,train/images/39_jpg.rf.9b18809ee4440f4b252c76395cdaae50.jpg,green,2,39
lf1_maturity,3_jpg.rf.6937fa6e31479a856f78019a8ce1b908,1_maturity_evaluation,0,0.9128331542015076,,coconut-veirf-v5/train,train/images/3_jpg.rf.6937fa6e31479a856f78019a8ce1b908.jpg,green,3,3
lf1_maturity,3_jpg.rf.b31c79c6786396c03f93ed84579849a4,1_maturity_evaluation,0,0.9089077711105347,,coconut-veirf-v5/train,train/images/3_jpg.rf.b31c79c6786396c03f93ed84579849a4.jpg,green,3,3
lf1_maturity,3_jpg.rf.f227a447530ab9f95be5f4ead8b25683,1_maturity_evaluation,0,0.8520733714103699,,coconut-veirf-v5/train,train/images/3_jpg.rf.f227a447530ab9f95be5f4ead8b25683.jpg,green,3,3
lf1_maturity,40_jpg.rf.76a4805d480e15118c23b8d12afd4406,1_maturity_evaluation,1,0.9305899739265442,,coconut-veirf-v5/train,train/images/40_jpg.rf.76a4805d480e15118c23b8d12afd4406.jpg,green,2,40
lf1_maturity,40_jpg.rf.94a2cc0644850fe6adb6d8b0e8c75e44,1_maturity_evaluation,1,0.9134740829467773,,coconut-veirf-v5/train,train/images/40_jpg.rf.94a2cc0644850fe6adb6d8b0e8c75e44.jpg,green,2,40
lf1_maturity,40_jpg.rf.97aa8584e21a63a6fb76dfed1160fceb,1_maturity_evaluation,1,0.9360895156860352,,coconut-veirf-v5/train,train/images/40_jpg.rf.97aa8584e21a63a6fb76dfed1160fceb.jpg,green,2,40
lf1_maturity,42_jpg.rf.0662d18340bf533a3ffdc83369597cdd,1_maturity_evaluation,1,0.8887572288513184,,coconut-veirf-v5/train,train/images/42_jpg.rf.0662d18340bf533a3ffdc83369597cdd.jpg,tender,4,42
lf1_maturity,42_jpg.rf.5bfeb30ed6c1876a0568efb7663d76a3,1_maturity_evaluation,1,0.8976284265518188,,coconut-veirf-v5/train,train/images/42_jpg.rf.5bfeb30ed6c1876a0568efb7663d76a3.jpg,tender,4,42
lf1_maturity,42_jpg.rf.ba0aaa1d4e468da7a7182a093ae00f71,1_maturity_evaluation,1,0.8872140645980835,,coconut-veirf-v5/train,train/images/42_jpg.rf.ba0aaa1d4e468da7a7182a093ae00f71.jpg,tender,4,42
lf1_maturity,43_jpg.rf.12caf20ef00b3c78b80ce420c33c7c0d,1_maturity_evaluation,0,0.8597094416618347,,coconut-veirf-v5/train,train/images/43_jpg.rf.12caf20ef00b3c78b80ce420c33c7c0d.jpg,green,1,43
lf1_maturity,43_jpg.rf.4a5989e67be834e3ca4268b9f1b87e59,1_maturity_evaluation,0,0.8422463536262512,,coconut-veirf-v5/train,train/images/43_jpg.rf.4a5989e67be834e3ca4268b9f1b87e59.jpg,green,1,43
lf1_maturity,43_jpg.rf.fa037c3c00169e1d82a721520e802772,1_maturity_evaluation,0,0.880346417427063,,coconut-veirf-v5/train,train/images/43_jpg.rf.fa037c3c00169e1d82a721520e802772.jpg,green,1,43
lf1_maturity,46_jpeg.rf.2750d55988fa9becfcd23883bf3763e9,1_maturity_evaluation,1,0.9428372979164124,,coconut-veirf-v5/train,train/images/46_jpeg.rf.2750d55988fa9becfcd23883bf3763e9.jpg,tender,3,46_jpeg.rf.2750d55988fa9becfcd23883bf3763e9
lf1_maturity,46_jpeg.rf.64bc7c255b693d62b7b2a03ef123ba92,1_maturity_evaluation,1,0.6655220985412598,,coconut-veirf-v5/train,train/images/46_jpeg.rf.64bc7c255b693d62b7b2a03ef123ba92.jpg,tender,4,46_jpeg.rf.64bc7c255b693d62b7b2a03ef123ba92
lf1_maturity,46_jpeg.rf.89b89d4f3641e4a6f16e07e8169acef8,1_maturity_evaluation,1,0.9496106505393982,,coconut-veirf-v5/train,train/images/46_jpeg.rf.89b89d4f3641e4a6f16e07e8169acef8.jpg,tender,3,46_jpeg.rf.89b89d4f3641e4a6f16e07e8169acef8
lf1_maturity,47_jpg.rf.876ae0012f9fcdcf1b35cc5e6b89c905,1_maturity_evaluation,1,0.9325145483016968,,coconut-veirf-v5/train,train/images/47_jpg.rf.876ae0012f9fcdcf1b35cc5e6b89c905.jpg,dry,0,47
lf1_maturity,47_jpg.rf.8c282e7e950574dd99473cd103682d5a,1_maturity_evaluation,1,0.9307267665863037,,coconut-veirf-v5/train,train/images/47_jpg.rf.8c282e7e950574dd99473cd103682d5a.jpg,dry,0,47
lf1_maturity,47_jpg.rf.a4367f8a36e730e3980e3e5c27bc3702,1_maturity_evaluation,1,0.9028481841087341,,coconut-veirf-v5/train,train/images/47_jpg.rf.a4367f8a36e730e3980e3e5c27bc3702.jpg,dry,0,47
lf1_maturity,48_jpg.rf.162507dce48b48a4c6ad4644449cd8da,1_maturity_evaluation,0,0.8762799501419067,,coconut-veirf-v5/train,train/images/48_jpg.rf.162507dce48b48a4c6ad4644449cd8da.jpg,dry,0,48
lf1_maturity,48_jpg.rf.9198c4ace81b0b05437fd612a9298e89,1_maturity_evaluation,0,0.8438164591789246,,coconut-veirf-v5/train,train/images/48_jpg.rf.9198c4ace81b0b05437fd612a9298e89.jpg,dry|green,0,48
lf1_maturity,48_jpg.rf.c4475542948b60a5144502e9309d968e,1_maturity_evaluation,0,0.6457884311676025,,coconut-veirf-v5/train,train/images/48_jpg.rf.c4475542948b60a5144502e9309d968e.jpg,dry|green,0,48
lf1_maturity,4_jpg.rf.90cc60a388bbe16cf73c3f6ce4800654,1_maturity_evaluation,0,0.8567880392074585,,coconut-veirf-v5/train,train/images/4_jpg.rf.90cc60a388bbe16cf73c3f6ce4800654.jpg,green|tender,2,4
lf1_maturity,4_jpg.rf.bec8f107e36b746594eb6dfc4b5ba2a6,1_maturity_evaluation,0,0.8940836787223816,,coconut-veirf-v5/train,train/images/4_jpg.rf.bec8f107e36b746594eb6dfc4b5ba2a6.jpg,green|tender,2,4
lf1_maturity,4_jpg.rf.c2399647e4031d11797fc7348ea3effa,1_maturity_evaluation,0,0.8826168775558472,,coconut-veirf-v5/train,train/images/4_jpg.rf.c2399647e4031d11797fc7348ea3effa.jpg,green|tender,2,4
lf1_maturity,501_jpg.rf.9a5f9ac368cdeadb06940afa7f53ba83,1_maturity_evaluation,1,0.933428168296814,,coconut-veirf-v5/train,train/images/501_jpg.rf.9a5f9ac368cdeadb06940afa7f53ba83.jpg,green,3,501
lf1_maturity,501_jpg.rf.9d21625812e42028723b5b879eec2b1c,1_maturity_evaluation,1,0.9225168228149414,,coconut-veirf-v5/train,train/images/501_jpg.rf.9d21625812e42028723b5b879eec2b1c.jpg,green,3,501
lf1_maturity,501_jpg.rf.fa616f31b4a9cd2d82c525c239ce4e7e,1_maturity_evaluation,1,0.9246705770492554,,coconut-veirf-v5/train,train/images/501_jpg.rf.fa616f31b4a9cd2d82c525c239ce4e7e.jpg,green,3,501
lf1_maturity,502_jpg.rf.49cec2105f0387a9efa78757e53f053f,1_maturity_evaluation,1,0.8501423597335815,,coconut-veirf-v5/train,train/images/502_jpg.rf.49cec2105f0387a9efa78757e53f053f.jpg,dry,3,502
lf1_maturity,502_jpg.rf.91a7f9e5bc0130421224837b50e6ce8b,1_maturity_evaluation,1,0.7604478597640991,,coconut-veirf-v5/train,train/images/502_jpg.rf.91a7f9e5bc0130421224837b50e6ce8b.jpg,dry,3,502
lf1_maturity,502_jpg.rf.d66bafc527c3d14aaf5061f814d613a7,1_maturity_evaluation,1,0.8222266435623169,,coconut-veirf-v5/train,train/images/502_jpg.rf.d66bafc527c3d14aaf5061f814d613a7.jpg,dry,3,502
lf1_maturity,504_jpg.rf.7abac987b59f963f19ed4665f23874a3,1_maturity_evaluation,0,0.8421487808227539,,coconut-veirf-v5/train,train/images/504_jpg.rf.7abac987b59f963f19ed4665f23874a3.jpg,green,3,504
lf1_maturity,504_jpg.rf.f03986235faddf3d76bde2ae69c27133,1_maturity_evaluation,0,0.777845025062561,,coconut-veirf-v5/train,train/images/504_jpg.rf.f03986235faddf3d76bde2ae69c27133.jpg,green,3,504
lf1_maturity,504_jpg.rf.fb37aea635d16bca141136d01f7b8e79,1_maturity_evaluation,0,0.7970767617225647,,coconut-veirf-v5/train,train/images/504_jpg.rf.fb37aea635d16bca141136d01f7b8e79.jpg,green,3,504
lf1_maturity,506_jpg.rf.19e0fcaaadff345f7cb9f44b17e18479,1_maturity_evaluation,1,0.9133803844451904,,coconut-veirf-v5/train,train/images/506_jpg.rf.19e0fcaaadff345f7cb9f44b17e18479.jpg,green,4,506
lf1_maturity,506_jpg.rf.848ac0850b367a3dafdb882c54a05000,1_maturity_evaluation,1,0.9110473394393921,,coconut-veirf-v5/train,train/images/506_jpg.rf.848ac0850b367a3dafdb882c54a05000.jpg,green,4,506
lf1_maturity,506_jpg.rf.8daa08b56c01da69d0bf25b7e3e0d4e5,1_maturity_evaluation,1,0.7942512035369873,,coconut-veirf-v5/train,train/images/506_jpg.rf.8daa08b56c01da69d0bf25b7e3e0d4e5.jpg,green,4,506
lf1_maturity,507_jpg.rf.1e65a32574ecf50fd4c7b706ec4e186a,1_maturity_evaluation,1,0.9261279702186584,,coconut-veirf-v5/train,train/images/507_jpg.rf.1e65a32574ecf50fd4c7b706ec4e186a.jpg,green,1,507
lf1_maturity,507_jpg.rf.3b6eb6cb653f2eb94ade12c00b4de2fb,1_maturity_evaluation,1,0.9186335802078247,,coconut-veirf-v5/train,train/images/507_jpg.rf.3b6eb6cb653f2eb94ade12c00b4de2fb.jpg,green,1,507
lf1_maturity,507_jpg.rf.6737b02ca9cded911ad8a7deaffb2a7b,1_maturity_evaluation,1,0.9302436709403992,,coconut-veirf-v5/train,train/images/507_jpg.rf.6737b02ca9cded911ad8a7deaffb2a7b.jpg,green,1,507
lf1_maturity,508_jpg.rf.2d2aaeb4dc70ff23e2629495dbc607bc,1_maturity_evaluation,1,0.764464259147644,,coconut-veirf-v5/train,train/images/508_jpg.rf.2d2aaeb4dc70ff23e2629495dbc607bc.jpg,dry,4,508
lf1_maturity,508_jpg.rf.69bac82f7418734ac625a651eb5b9f0b,1_maturity_evaluation,1,0.7575646638870239,,coconut-veirf-v5/train,train/images/508_jpg.rf.69bac82f7418734ac625a651eb5b9f0b.jpg,dry,4,508
lf1_maturity,508_jpg.rf.7e37e592b4edee860014e12f17287229,1_maturity_evaluation,1,0.8465364575386047,,coconut-veirf-v5/train,train/images/508_jpg.rf.7e37e592b4edee860014e12f17287229.jpg,dry,4,508
lf1_maturity,509_jpg.rf.125178ec68e7dd7954ccb5e9915e29b3,1_maturity_evaluation,1,0.9620212912559509,,coconut-veirf-v5/train,train/images/509_jpg.rf.125178ec68e7dd7954ccb5e9915e29b3.jpg,dry,0,509
lf1_maturity,509_jpg.rf.421f962f7ad66cfb5cc48ea81ff03470,1_maturity_evaluation,1,0.9527019262313843,,coconut-veirf-v5/train,train/images/509_jpg.rf.421f962f7ad66cfb5cc48ea81ff03470.jpg,dry,0,509
lf1_maturity,509_jpg.rf.a0201056580915aa09b43d836a1e51b4,1_maturity_evaluation,1,0.9520946741104126,,coconut-veirf-v5/train,train/images/509_jpg.rf.a0201056580915aa09b43d836a1e51b4.jpg,dry,0,509
lf1_maturity,513_jpg.rf.13d24c65554ce8cfc7ab569626cf1412,1_maturity_evaluation,1,0.9163909554481506,,coconut-veirf-v5/train,train/images/513_jpg.rf.13d24c65554ce8cfc7ab569626cf1412.jpg,green,3,513
lf1_maturity,513_jpg.rf.642fda394340043b78d7bb3f76c9eb34,1_maturity_evaluation,1,0.8912935256958008,,coconut-veirf-v5/train,train/images/513_jpg.rf.642fda394340043b78d7bb3f76c9eb34.jpg,green,3,513
lf1_maturity,513_jpg.rf.67ac9206bb9d5aa02588410c4e23296d,1_maturity_evaluation,1,0.9037060737609863,,coconut-veirf-v5/train,train/images/513_jpg.rf.67ac9206bb9d5aa02588410c4e23296d.jpg,green,3,513
lf1_maturity,514_jpg.rf.2ba42d818c28242adfb4264b5f6b6438,1_maturity_evaluation,1,0.9115210771560669,,coconut-veirf-v5/train,train/images/514_jpg.rf.2ba42d818c28242adfb4264b5f6b6438.jpg,dry,1,514
lf1_maturity,514_jpg.rf.ba74feb9ee2bb0cb37be63302d110ab9,1_maturity_evaluation,1,0.9004640579223633,,coconut-veirf-v5/train,train/images/514_jpg.rf.ba74feb9ee2bb0cb37be63302d110ab9.jpg,dry,1,514
lf1_maturity,514_jpg.rf.cde5daf6474f0c7e3697a5232a941f3d,1_maturity_evaluation,1,0.9280056953430176,,coconut-veirf-v5/train,train/images/514_jpg.rf.cde5daf6474f0c7e3697a5232a941f3d.jpg,dry,1,514
lf1_maturity,516_jpg.rf.1a416d307a1d68c5962520fc6bfccc46,1_maturity_evaluation,0,0.5470228791236877,,coconut-veirf-v5/train,train/images/516_jpg.rf.1a416d307a1d68c5962520fc6bfccc46.jpg,dry,2,516
lf1_maturity,516_jpg.rf.72753618b4028203ccdb805df7af802b,1_maturity_evaluation,0,0.6860947012901306,,coconut-veirf-v5/train,train/images/516_jpg.rf.72753618b4028203ccdb805df7af802b.jpg,dry,2,516
lf1_maturity,516_jpg.rf.dd94a0c54810f7559e1b54bc49435e17,1_maturity_evaluation,1,0.7119612097740173,,coconut-veirf-v5/train,train/images/516_jpg.rf.dd94a0c54810f7559e1b54bc49435e17.jpg,green,2,516
lf1_maturity,518_jpg.rf.4329c5f3c504e873318684dab0f1811f,1_maturity_evaluation,1,0.9282946586608887,,coconut-veirf-v5/train,train/images/518_jpg.rf.4329c5f3c504e873318684dab0f1811f.jpg,dry,1,518
lf1_maturity,518_jpg.rf.463edceaf8aefe2aa0a5f8342fa0534a,1_maturity_evaluation,1,0.9448996186256409,,coconut-veirf-v5/train,train/images/518_jpg.rf.463edceaf8aefe2aa0a5f8342fa0534a.jpg,dry,1,518
lf1_maturity,518_jpg.rf.8c5a667ecb4ab16539063a81fa440c90,1_maturity_evaluation,1,0.9505228996276855,,coconut-veirf-v5/train,train/images/518_jpg.rf.8c5a667ecb4ab16539063a81fa440c90.jpg,dry,1,518
lf1_maturity,520_jpg.rf.7e6b38414bffbebfac03d0b9c62f87d9,1_maturity_evaluation,1,0.8885403275489807,,coconut-veirf-v5/train,train/images/520_jpg.rf.7e6b38414bffbebfac03d0b9c62f87d9.jpg,green,4,520
lf1_maturity,520_jpg.rf.8837fe0cbc43622cc32d832acbd0dc9d,1_maturity_evaluation,1,0.8862906694412231,,coconut-veirf-v5/train,train/images/520_jpg.rf.8837fe0cbc43622cc32d832acbd0dc9d.jpg,green,4,520
lf1_maturity,520_jpg.rf.c9df51e619e75109bffc22e782df7501,1_maturity_evaluation,1,0.8909608721733093,,coconut-veirf-v5/train,train/images/520_jpg.rf.c9df51e619e75109bffc22e782df7501.jpg,green,4,520
lf1_maturity,523_jpg.rf.1880becd8b27f0a9f10b2fc52852d344,1_maturity_evaluation,1,0.852827787399292,,coconut-veirf-v5/train,train/images/523_jpg.rf.1880becd8b27f0a9f10b2fc52852d344.jpg,dry,4,523
lf1_maturity,523_jpg.rf.2b5f817c145ccd254e72f6685a1ae693,1_maturity_evaluation,0,0.4460337162017822,,coconut-veirf-v5/train,train/images/523_jpg.rf.2b5f817c145ccd254e72f6685a1ae693.jpg,dry|green,4,523
lf1_maturity,523_jpg.rf.817915143b47ff62f61f80f47d5f676a,1_maturity_evaluation,1,0.8282142877578735,,coconut-veirf-v5/train,train/images/523_jpg.rf.817915143b47ff62f61f80f47d5f676a.jpg,dry,4,523
lf1_maturity,525_jpg.rf.403c5a83df159f1ec7e02a8578f0e302,1_maturity_evaluation,1,0.7159374952316284,,coconut-veirf-v5/train,train/images/525_jpg.rf.403c5a83df159f1ec7e02a8578f0e302.jpg,dry,2,525
lf1_maturity,525_jpg.rf.8532c2f4648da67b19c560f737a6b5a8,1_maturity_evaluation,1,0.4871985614299774,,coconut-veirf-v5/train,train/images/525_jpg.rf.8532c2f4648da67b19c560f737a6b5a8.jpg,dry,2,525
lf1_maturity,525_jpg.rf.b63bf8ea1d4b05552a9d8c1b2add0c2f,1_maturity_evaluation,1,0.7557744979858398,,coconut-veirf-v5/train,train/images/525_jpg.rf.b63bf8ea1d4b05552a9d8c1b2add0c2f.jpg,dry,2,525
lf1_maturity,527_jpg.rf.37261b6d3a935e058983b6629152994a,1_maturity_evaluation,1,0.9530537128448486,,coconut-veirf-v5/train,train/images/527_jpg.rf.37261b6d3a935e058983b6629152994a.jpg,dry|green,0,527
lf1_maturity,527_jpg.rf.70f0c17f9e460089b2fa17a2a97b3a98,1_maturity_evaluation,1,0.9387937784194946,,coconut-veirf-v5/train,train/images/527_jpg.rf.70f0c17f9e460089b2fa17a2a97b3a98.jpg,dry|green,0,527
lf1_maturity,527_jpg.rf.e41a2ad931c9e7c65e0325caae8d1e79,1_maturity_evaluation,1,0.9507960081100464,,coconut-veirf-v5/train,train/images/527_jpg.rf.e41a2ad931c9e7c65e0325caae8d1e79.jpg,dry|green,0,527
lf1_maturity,531_jpg.rf.3361befe8070c6e7264e0d53a883882a,1_maturity_evaluation,1,0.917809784412384,,coconut-veirf-v5/train,train/images/531_jpg.rf.3361befe8070c6e7264e0d53a883882a.jpg,green,2,531
lf1_maturity,531_jpg.rf.b982c21d8a4493b267d29463815cdf32,1_maturity_evaluation,1,0.8944883942604065,,coconut-veirf-v5/train,train/images/531_jpg.rf.b982c21d8a4493b267d29463815cdf32.jpg,green,2,531
lf1_maturity,531_jpg.rf.d94e02e36bcc39260ddf3a64910c39fc,1_maturity_evaluation,1,0.8989557027816772,,coconut-veirf-v5/train,train/images/531_jpg.rf.d94e02e36bcc39260ddf3a64910c39fc.jpg,green,2,531
lf1_maturity,536_jpg.rf.2b30660021b1bf5575670cf96ce2b134,1_maturity_evaluation,1,0.9455671310424805,,coconut-veirf-v5/train,train/images/536_jpg.rf.2b30660021b1bf5575670cf96ce2b134.jpg,green,0,536
lf1_maturity,536_jpg.rf.b6c4622b5c347da5034168168250c6db,1_maturity_evaluation,1,0.9474363327026367,,coconut-veirf-v5/train,train/images/536_jpg.rf.b6c4622b5c347da5034168168250c6db.jpg,green|tender,0,536
lf1_maturity,536_jpg.rf.daf8b0e6be9984425605349b09b12e3b,1_maturity_evaluation,1,0.921778678894043,,coconut-veirf-v5/train,train/images/536_jpg.rf.daf8b0e6be9984425605349b09b12e3b.jpg,green,0,536
lf1_maturity,539_jpg.rf.878008acc47baaf78c19b5205290a4f8,1_maturity_evaluation,1,0.7704694867134094,,coconut-veirf-v5/train,train/images/539_jpg.rf.878008acc47baaf78c19b5205290a4f8.jpg,green,4,539
lf1_maturity,539_jpg.rf.a9f8d5d5f4795dd18d6a26b54409b2a1,1_maturity_evaluation,1,0.8181902170181274,,coconut-veirf-v5/train,train/images/539_jpg.rf.a9f8d5d5f4795dd18d6a26b54409b2a1.jpg,green,4,539
lf1_maturity,539_jpg.rf.e28bdc652238a5f95f070581717482b2,1_maturity_evaluation,1,0.7649697661399841,,coconut-veirf-v5/train,train/images/539_jpg.rf.e28bdc652238a5f95f070581717482b2.jpg,green,4,539
lf1_maturity,53_jpg.rf.03b5f16024d3d42300c2c78baa12c48f,1_maturity_evaluation,1,0.95639568567276,,coconut-veirf-v5/train,train/images/53_jpg.rf.03b5f16024d3d42300c2c78baa12c48f.jpg,green,0,53
lf1_maturity,53_jpg.rf.dbdc74b629286a563a40a8a4af17ec39,1_maturity_evaluation,1,0.948677659034729,,coconut-veirf-v5/train,train/images/53_jpg.rf.dbdc74b629286a563a40a8a4af17ec39.jpg,green,0,53
lf1_maturity,53_jpg.rf.e5298499c271a314b33d851c0bf911ce,1_maturity_evaluation,1,0.9525147676467896,,coconut-veirf-v5/train,train/images/53_jpg.rf.e5298499c271a314b33d851c0bf911ce.jpg,green,0,53
lf1_maturity,540_jpg.rf.93d96a1fde5e691b07018ab34385029c,1_maturity_evaluation,1,0.8832086324691772,,coconut-veirf-v5/train,train/images/540_jpg.rf.93d96a1fde5e691b07018ab34385029c.jpg,green,3,540
lf1_maturity,540_jpg.rf.b1a316e088d3b5fb13c21ec380087012,1_maturity_evaluation,1,0.892166018486023,,coconut-veirf-v5/train,train/images/540_jpg.rf.b1a316e088d3b5fb13c21ec380087012.jpg,green,3,540
lf1_maturity,540_jpg.rf.d770c07eeee5b9d2fb82938bd426750c,1_maturity_evaluation,1,0.8796676993370056,,coconut-veirf-v5/train,train/images/540_jpg.rf.d770c07eeee5b9d2fb82938bd426750c.jpg,green,3,540
lf1_maturity,541_jpg.rf.38298aa5326e97cf5ea0fd58efa545f9,1_maturity_evaluation,1,0.7906525135040283,,coconut-veirf-v5/train,train/images/541_jpg.rf.38298aa5326e97cf5ea0fd58efa545f9.jpg,tender,4,541
lf1_maturity,541_jpg.rf.89e6749fa7ed55922e04b4d42c24c678,1_maturity_evaluation,1,0.7896339297294617,,coconut-veirf-v5/train,train/images/541_jpg.rf.89e6749fa7ed55922e04b4d42c24c678.jpg,tender,4,541
lf1_maturity,541_jpg.rf.8fcb1b46e99504546017c2d4b2a5a02c,1_maturity_evaluation,1,0.7844043970108032,,coconut-veirf-v5/train,train/images/541_jpg.rf.8fcb1b46e99504546017c2d4b2a5a02c.jpg,tender,4,541
lf1_maturity,542_jpg.rf.00c57ec342d09a86b90a160bc5069dea,1_maturity_evaluation,1,0.8350287079811096,,coconut-veirf-v5/train,train/images/542_jpg.rf.00c57ec342d09a86b90a160bc5069dea.jpg,tender,4,542
lf1_maturity,542_jpg.rf.5244bcdc243009a81bd4795689ced37d,1_maturity_evaluation,1,0.8412543535232544,,coconut-veirf-v5/train,train/images/542_jpg.rf.5244bcdc243009a81bd4795689ced37d.jpg,tender,4,542
lf1_maturity,542_jpg.rf.c18d969b65116b6c933bb462085b28cb,1_maturity_evaluation,1,0.8591647744178772,,coconut-veirf-v5/train,train/images/542_jpg.rf.c18d969b65116b6c933bb462085b28cb.jpg,tender,4,542
lf1_maturity,543_jpg.rf.63bd4fcb715cc4096c87c2d0f6ca9841,1_maturity_evaluation,1,0.9608035683631897,,coconut-veirf-v5/train,train/images/543_jpg.rf.63bd4fcb715cc4096c87c2d0f6ca9841.jpg,green|tender,3,543
lf1_maturity,543_jpg.rf.baabbb1549c39b76243fcbfceb6d98d9,1_maturity_evaluation,1,0.9653584957122803,,coconut-veirf-v5/train,train/images/543_jpg.rf.baabbb1549c39b76243fcbfceb6d98d9.jpg,dry|green|tender,3,543
lf1_maturity,543_jpg.rf.fbd27bc0f3f35ac44ad06b8312d6b972,1_maturity_evaluation,1,0.967325747013092,,coconut-veirf-v5/train,train/images/543_jpg.rf.fbd27bc0f3f35ac44ad06b8312d6b972.jpg,green|tender,3,543
lf1_maturity,544_jpg.rf.02669eb649287ed8e9d3a97bb86d91c6,1_maturity_evaluation,1,0.9556993246078491,,coconut-veirf-v5/train,train/images/544_jpg.rf.02669eb649287ed8e9d3a97bb86d91c6.jpg,green,0,544
lf1_maturity,544_jpg.rf.749eab67e22772f0008e4a48d5b7fb9b,1_maturity_evaluation,1,0.9360602498054504,,coconut-veirf-v5/train,train/images/544_jpg.rf.749eab67e22772f0008e4a48d5b7fb9b.jpg,green,0,544
lf1_maturity,544_jpg.rf.7c11bf9f121da77e03deb57a79d318c3,1_maturity_evaluation,1,0.9512078762054443,,coconut-veirf-v5/train,train/images/544_jpg.rf.7c11bf9f121da77e03deb57a79d318c3.jpg,green,0,544
lf1_maturity,54_jpg.rf.0a35edb71587caf593e6ef256d3fa0e4,1_maturity_evaluation,1,0.9600670337677002,,coconut-veirf-v5/train,train/images/54_jpg.rf.0a35edb71587caf593e6ef256d3fa0e4.jpg,green,0,54
lf1_maturity,54_jpg.rf.2465508ed468ec39719c83c7989dacc0,1_maturity_evaluation,1,0.9619765877723694,,coconut-veirf-v5/train,train/images/54_jpg.rf.2465508ed468ec39719c83c7989dacc0.jpg,green,0,54
lf1_maturity,54_jpg.rf.e5ad4efb0d9b3dde6082da86cff17df1,1_maturity_evaluation,1,0.9381764531135559,,coconut-veirf-v5/train,train/images/54_jpg.rf.e5ad4efb0d9b3dde6082da86cff17df1.jpg,green,0,54
lf1_maturity,55_jpeg.rf.1b2dd7bacf946b5ba085df8a1d4e7869,1_maturity_evaluation,1,0.8054234981536865,,coconut-veirf-v5/train,train/images/55_jpeg.rf.1b2dd7bacf946b5ba085df8a1d4e7869.jpg,dry,2,55_jpeg.rf.1b2dd7bacf946b5ba085df8a1d4e7869
lf1_maturity,55_jpeg.rf.618cc26f1f2def545f56759838958473,1_maturity_evaluation,1,0.8438090682029724,,coconut-veirf-v5/train,train/images/55_jpeg.rf.618cc26f1f2def545f56759838958473.jpg,dry,0,55_jpeg.rf.618cc26f1f2def545f56759838958473
lf1_maturity,55_jpeg.rf.be602dc4edfb08528ff573962392ccca,1_maturity_evaluation,1,0.7846540808677673,,coconut-veirf-v5/train,train/images/55_jpeg.rf.be602dc4edfb08528ff573962392ccca.jpg,dry,2,55_jpeg.rf.be602dc4edfb08528ff573962392ccca
lf1_maturity,56_jpg.rf.587e69ffcef686e2631f3dcdb569fee8,1_maturity_evaluation,1,0.8433402180671692,,coconut-veirf-v5/train,train/images/56_jpg.rf.587e69ffcef686e2631f3dcdb569fee8.jpg,green,3,56
lf1_maturity,56_jpg.rf.ce1409e428763b5415873e3dcfc1a726,1_maturity_evaluation,1,0.8622415065765381,,coconut-veirf-v5/train,train/images/56_jpg.rf.ce1409e428763b5415873e3dcfc1a726.jpg,green,3,56
lf1_maturity,56_jpg.rf.ec3a06eb922ab197f7dab49bde465202,1_maturity_evaluation,1,0.8720978498458862,,coconut-veirf-v5/train,train/images/56_jpg.rf.ec3a06eb922ab197f7dab49bde465202.jpg,green,3,56
lf1_maturity,58_jpg.rf.04ec6de6b183c7dacc6f7bde7cb42774,1_maturity_evaluation,1,0.9030044674873352,,coconut-veirf-v5/train,train/images/58_jpg.rf.04ec6de6b183c7dacc6f7bde7cb42774.jpg,dry|tender,2,58
lf1_maturity,58_jpg.rf.7680f50bbb1f24b301756017a01aa382,1_maturity_evaluation,1,0.9213521480560303,,coconut-veirf-v5/train,train/images/58_jpg.rf.7680f50bbb1f24b301756017a01aa382.jpg,tender,2,58
lf1_maturity,58_jpg.rf.96c5842b03800fb507cb3fc9e9a4814c,1_maturity_evaluation,1,0.9154621958732605,,coconut-veirf-v5/train,train/images/58_jpg.rf.96c5842b03800fb507cb3fc9e9a4814c.jpg,tender,2,58
lf1_maturity,59_jpg.rf.249dd57533fc4712d9d736a92007b613,1_maturity_evaluation,1,0.9504916667938232,,coconut-veirf-v5/train,train/images/59_jpg.rf.249dd57533fc4712d9d736a92007b613.jpg,dry,2,59
lf1_maturity,59_jpg.rf.2877b849b5b8f8c4f4073f011a0f4067,1_maturity_evaluation,1,0.9521124958992004,,coconut-veirf-v5/train,train/images/59_jpg.rf.2877b849b5b8f8c4f4073f011a0f4067.jpg,dry,2,59
lf1_maturity,59_jpg.rf.a6c3d79c0de623b2e2d86ebb99aa966a,1_maturity_evaluation,1,0.9446030855178833,,coconut-veirf-v5/train,train/images/59_jpg.rf.a6c3d79c0de623b2e2d86ebb99aa966a.jpg,dry,2,59
lf1_maturity,601_jpg.rf.3e4c772567ccc26f3eb77b04cf1a8c5f,1_maturity_evaluation,1,0.9370649456977844,,coconut-veirf-v5/train,train/images/601_jpg.rf.3e4c772567ccc26f3eb77b04cf1a8c5f.jpg,green|tender,0,601
lf1_maturity,601_jpg.rf.5efbaf83401e82fa00d2fbefe92b29c4,1_maturity_evaluation,1,0.9482482671737671,,coconut-veirf-v5/train,train/images/601_jpg.rf.5efbaf83401e82fa00d2fbefe92b29c4.jpg,green|tender,0,601
lf1_maturity,601_jpg.rf.b871a6a047410195b66ab19f36a155d9,1_maturity_evaluation,1,0.9305045008659363,,coconut-veirf-v5/train,train/images/601_jpg.rf.b871a6a047410195b66ab19f36a155d9.jpg,green|tender,0,601
lf1_maturity,602_jpg.rf.2eca14d89b5f3bbbd47779e70f94d9a3,1_maturity_evaluation,1,0.8994565606117249,,coconut-veirf-v5/train,train/images/602_jpg.rf.2eca14d89b5f3bbbd47779e70f94d9a3.jpg,green|tender,0,602
lf1_maturity,602_jpg.rf.a5dbc24cea7819cecd74fd15666f5299,1_maturity_evaluation,1,0.8810669779777527,,coconut-veirf-v5/train,train/images/602_jpg.rf.a5dbc24cea7819cecd74fd15666f5299.jpg,tender,0,602
lf1_maturity,602_jpg.rf.f9221b428432c72aa8d31415f143c1b6,1_maturity_evaluation,1,0.8587418794631958,,coconut-veirf-v5/train,train/images/602_jpg.rf.f9221b428432c72aa8d31415f143c1b6.jpg,tender,0,602
lf1_maturity,603_jpg.rf.1e765b6a458bd691d144bf4f2cc4f507,1_maturity_evaluation,1,0.8154451847076416,,coconut-veirf-v5/train,train/images/603_jpg.rf.1e765b6a458bd691d144bf4f2cc4f507.jpg,tender,3,603
lf1_maturity,603_jpg.rf.453ba7d6994d73c3379ffa4c9ef75150,1_maturity_evaluation,1,0.7318234443664551,,coconut-veirf-v5/train,train/images/603_jpg.rf.453ba7d6994d73c3379ffa4c9ef75150.jpg,tender,3,603
lf1_maturity,605_jpg.rf.c8d0045fe5b3c4493bec73f038c67a7d,1_maturity_evaluation,1,0.8572693467140198,,coconut-veirf-v5/train,train/images/605_jpg.rf.c8d0045fe5b3c4493bec73f038c67a7d.jpg,tender,4,605
lf1_maturity,605_jpg.rf.e2ac58671dbd256dc68cf3160c62dd58,1_maturity_evaluation,1,0.8129347562789917,,coconut-veirf-v5/train,train/images/605_jpg.rf.e2ac58671dbd256dc68cf3160c62dd58.jpg,tender,4,605
lf1_maturity,605_jpg.rf.e734c20dd5a4b6ccdff3f8d056d54b00,1_maturity_evaluation,1,0.81185382604599,,coconut-veirf-v5/train,train/images/605_jpg.rf.e734c20dd5a4b6ccdff3f8d056d54b00.jpg,tender,4,605
lf1_maturity,607_jpg.rf.0cdaca42d4ebd1e7d162f04a11d3a3ef,1_maturity_evaluation,1,0.9104710817337036,,coconut-veirf-v5/train,train/images/607_jpg.rf.0cdaca42d4ebd1e7d162f04a11d3a3ef.jpg,tender,2,607
lf1_maturity,607_jpg.rf.4a9a54203c5b8cbb77c73fc45c5f5e3d,1_maturity_evaluation,1,0.9086312055587769,,coconut-veirf-v5/train,train/images/607_jpg.rf.4a9a54203c5b8cbb77c73fc45c5f5e3d.jpg,tender,2,607
lf1_maturity,607_jpg.rf.a194d81fc1efd254b241fa018ef3a15c,1_maturity_evaluation,1,0.8903625011444092,,coconut-veirf-v5/train,train/images/607_jpg.rf.a194d81fc1efd254b241fa018ef3a15c.jpg,tender,2,607
lf1_maturity,609_jpg.rf.595749b5b2c7443219cfd5d2c9eb9a33,1_maturity_evaluation,1,0.8465249538421631,,coconut-veirf-v5/train,train/images/609_jpg.rf.595749b5b2c7443219cfd5d2c9eb9a33.jpg,tender,1,609
lf1_maturity,609_jpg.rf.c4d390c8b6b33268474c246deec7be99,1_maturity_evaluation,1,0.8569810390472412,,coconut-veirf-v5/train,train/images/609_jpg.rf.c4d390c8b6b33268474c246deec7be99.jpg,tender,1,609
lf1_maturity,609_jpg.rf.cf048376f98c7dc031e69a1b156323a7,1_maturity_evaluation,1,0.8404272794723511,,coconut-veirf-v5/train,train/images/609_jpg.rf.cf048376f98c7dc031e69a1b156323a7.jpg,tender,1,609
lf1_maturity,60_jpg.rf.8512e6620ce2d5b0a21855361256c18d,1_maturity_evaluation,1,0.9683175086975098,,coconut-veirf-v5/train,train/images/60_jpg.rf.8512e6620ce2d5b0a21855361256c18d.jpg,tender,0,60
lf1_maturity,60_jpg.rf.b23ad82acd44895fc221376e02a2f901,1_maturity_evaluation,1,0.9712892770767212,,coconut-veirf-v5/train,train/images/60_jpg.rf.b23ad82acd44895fc221376e02a2f901.jpg,tender,0,60
lf1_maturity,60_jpg.rf.dde692e4c34abfba9bbc265849bce687,1_maturity_evaluation,1,0.9786205291748047,,coconut-veirf-v5/train,train/images/60_jpg.rf.dde692e4c34abfba9bbc265849bce687.jpg,tender,0,60
lf1_maturity,610_jpg.rf.bcedcb944da9918420f3e98abe2e9ad0,1_maturity_evaluation,1,0.8658448457717896,,coconut-veirf-v5/train,train/images/610_jpg.rf.bcedcb944da9918420f3e98abe2e9ad0.jpg,tender,1,610
lf1_maturity,610_jpg.rf.d1b0838fd4f37e6fe60c155b6b33106c,1_maturity_evaluation,1,0.8834800720214844,,coconut-veirf-v5/train,train/images/610_jpg.rf.d1b0838fd4f37e6fe60c155b6b33106c.jpg,tender,1,610
lf1_maturity,610_jpg.rf.f36149d158b89194062dd317dc7ec030,1_maturity_evaluation,1,0.8744053840637207,,coconut-veirf-v5/train,train/images/610_jpg.rf.f36149d158b89194062dd317dc7ec030.jpg,tender,1,610
lf1_maturity,612_jpg.rf.3637976aeb727ff87995e468c1ee4dcf,1_maturity_evaluation,1,0.908755362033844,,coconut-veirf-v5/train,train/images/612_jpg.rf.3637976aeb727ff87995e468c1ee4dcf.jpg,tender,0,612
lf1_maturity,612_jpg.rf.d487b79caf271969553b6f0ab916f66e,1_maturity_evaluation,1,0.9417558312416077,,coconut-veirf-v5/train,train/images/612_jpg.rf.d487b79caf271969553b6f0ab916f66e.jpg,tender,0,612
lf1_maturity,612_jpg.rf.dc299a1b03bc00ba23703c0a7fd9b7b0,1_maturity_evaluation,1,0.9440757632255554,,coconut-veirf-v5/train,train/images/612_jpg.rf.dc299a1b03bc00ba23703c0a7fd9b7b0.jpg,tender,0,612
lf1_maturity,614_jpg.rf.3b800ac8ce0efae6bdb1cb432488c855,1_maturity_evaluation,1,0.9282993078231812,,coconut-veirf-v5/train,train/images/614_jpg.rf.3b800ac8ce0efae6bdb1cb432488c855.jpg,tender,3,614
lf1_maturity,614_jpg.rf.b37134ad0a4182f09a09081c0c74a963,1_maturity_evaluation,1,0.9335848093032837,,coconut-veirf-v5/train,train/images/614_jpg.rf.b37134ad0a4182f09a09081c0c74a963.jpg,tender,3,614
lf1_maturity,614_jpg.rf.c045dd2e9a4f1b4faee42ceb1363dfb1,1_maturity_evaluation,1,0.9277589321136475,,coconut-veirf-v5/train,train/images/614_jpg.rf.c045dd2e9a4f1b4faee42ceb1363dfb1.jpg,tender,3,614
lf1_maturity,616_jpg.rf.4035ce0e3872d6d3fd9f57b9c8612655,1_maturity_evaluation,1,0.794891357421875,,coconut-veirf-v5/train,train/images/616_jpg.rf.4035ce0e3872d6d3fd9f57b9c8612655.jpg,tender,1,616
lf1_maturity,616_jpg.rf.67c6629282d69f15767658466b9a50b7,1_maturity_evaluation,1,0.7978988885879517,,coconut-veirf-v5/train,train/images/616_jpg.rf.67c6629282d69f15767658466b9a50b7.jpg,tender,1,616
lf1_maturity,616_jpg.rf.96ea00abbf4374eda0da8319e4894dbf,1_maturity_evaluation,1,0.7843178510665894,,coconut-veirf-v5/train,train/images/616_jpg.rf.96ea00abbf4374eda0da8319e4894dbf.jpg,tender,1,616
lf1_maturity,618_jpg.rf.07943739d399d962cc5ef5c1b456874e,1_maturity_evaluation,1,0.9063100218772888,,coconut-veirf-v5/train,train/images/618_jpg.rf.07943739d399d962cc5ef5c1b456874e.jpg,tender,3,618
lf1_maturity,618_jpg.rf.0cf4c7d877ef0f18df5d06dabd1b1358,1_maturity_evaluation,1,0.8959119319915771,,coconut-veirf-v5/train,train/images/618_jpg.rf.0cf4c7d877ef0f18df5d06dabd1b1358.jpg,tender,3,618
lf1_maturity,618_jpg.rf.25191328aeaea15aafa125a5aa5d29bb,1_maturity_evaluation,1,0.9043020606040955,,coconut-veirf-v5/train,train/images/618_jpg.rf.25191328aeaea15aafa125a5aa5d29bb.jpg,tender,3,618
lf1_maturity,619_jpg.rf.230268573d9a27eb3e13327cf60a5dea,1_maturity_evaluation,1,0.8872389197349548,,coconut-veirf-v5/train,train/images/619_jpg.rf.230268573d9a27eb3e13327cf60a5dea.jpg,tender,0,619
lf1_maturity,619_jpg.rf.9b092f3fbf33c494e11a4ebec956146b,1_maturity_evaluation,1,0.884118914604187,,coconut-veirf-v5/train,train/images/619_jpg.rf.9b092f3fbf33c494e11a4ebec956146b.jpg,tender,0,619
lf1_maturity,619_jpg.rf.a0ff3e5a30936fbda84f4889729447b4,1_maturity_evaluation,1,0.880346953868866,,coconut-veirf-v5/train,train/images/619_jpg.rf.a0ff3e5a30936fbda84f4889729447b4.jpg,tender,0,619
lf1_maturity,61_jpg.rf.764cccbc5950a7fc696ee3adf4c99c38,1_maturity_evaluation,1,0.9168171286582947,,coconut-veirf-v5/train,train/images/61_jpg.rf.764cccbc5950a7fc696ee3adf4c99c38.jpg,tender,1,61
lf1_maturity,61_jpg.rf.ad98d8f508e25cd28fee98454ead2bf7,1_maturity_evaluation,1,0.9247649908065796,,coconut-veirf-v5/train,train/images/61_jpg.rf.ad98d8f508e25cd28fee98454ead2bf7.jpg,tender,1,61
lf1_maturity,61_jpg.rf.ea0485b0512ef99f25b0287782ec3824,1_maturity_evaluation,1,0.9204412698745728,,coconut-veirf-v5/train,train/images/61_jpg.rf.ea0485b0512ef99f25b0287782ec3824.jpg,tender,1,61
lf1_maturity,621_jpg.rf.75e1eca1e6f189aac32355293a0bbeac,1_maturity_evaluation,1,0.8709278702735901,,coconut-veirf-v5/train,train/images/621_jpg.rf.75e1eca1e6f189aac32355293a0bbeac.jpg,tender,2,621
lf1_maturity,621_jpg.rf.91edc6ecf45bab3899d77d24dbf84157,1_maturity_evaluation,1,0.8542880415916443,,coconut-veirf-v5/train,train/images/621_jpg.rf.91edc6ecf45bab3899d77d24dbf84157.jpg,tender,2,621
lf1_maturity,621_jpg.rf.e413e4a6efacba916f3db1d244a12730,1_maturity_evaluation,1,0.8758447170257568,,coconut-veirf-v5/train,train/images/621_jpg.rf.e413e4a6efacba916f3db1d244a12730.jpg,tender,2,621
lf1_maturity,622_jpg.rf.62df9e598cf1187eb34629d11fcdf27f,1_maturity_evaluation,1,0.9159749150276184,,coconut-veirf-v5/train,train/images/622_jpg.rf.62df9e598cf1187eb34629d11fcdf27f.jpg,tender,2,622
lf1_maturity,622_jpg.rf.ac9af591cd802bdc4102008a7d3b7451,1_maturity_evaluation,1,0.9206625819206238,,coconut-veirf-v5/train,train/images/622_jpg.rf.ac9af591cd802bdc4102008a7d3b7451.jpg,tender,2,622
lf1_maturity,622_jpg.rf.bee996ca13fd56d20170121c896eb603,1_maturity_evaluation,1,0.9200534224510193,,coconut-veirf-v5/train,train/images/622_jpg.rf.bee996ca13fd56d20170121c896eb603.jpg,tender,2,622
lf1_maturity,625_jpg.rf.cf54311c745684bdbdfd415d4c451049,1_maturity_evaluation,1,0.9005731344223022,,coconut-veirf-v5/train,train/images/625_jpg.rf.cf54311c745684bdbdfd415d4c451049.jpg,tender,1,625
lf1_maturity,625_jpg.rf.d2c2111cd909f87af79229d50a1b8fbf,1_maturity_evaluation,1,0.8826319575309753,,coconut-veirf-v5/train,train/images/625_jpg.rf.d2c2111cd909f87af79229d50a1b8fbf.jpg,tender,1,625
lf1_maturity,625_jpg.rf.f7434de31e67e80fd929112e2e577c20,1_maturity_evaluation,1,0.8958613872528076,,coconut-veirf-v5/train,train/images/625_jpg.rf.f7434de31e67e80fd929112e2e577c20.jpg,tender,1,625
lf1_maturity,627_jpg.rf.69a533c9d3cec69a3175d38e4680e182,1_maturity_evaluation,1,0.8569478988647461,,coconut-veirf-v5/train,train/images/627_jpg.rf.69a533c9d3cec69a3175d38e4680e182.jpg,tender,1,627
lf1_maturity,627_jpg.rf.924497b38b26eb1403173f37af35226c,1_maturity_evaluation,1,0.8567401766777039,,coconut-veirf-v5/train,train/images/627_jpg.rf.924497b38b26eb1403173f37af35226c.jpg,tender,1,627
lf1_maturity,627_jpg.rf.dec0df2e7010974ca8e885386bb3f8d6,1_maturity_evaluation,1,0.8382430076599121,,coconut-veirf-v5/train,train/images/627_jpg.rf.dec0df2e7010974ca8e885386bb3f8d6.jpg,tender,1,627
lf1_maturity,628_jpg.rf.58b7d747f5224c697f10a19cf863e091,1_maturity_evaluation,1,0.8863308429718018,,coconut-veirf-v5/train,train/images/628_jpg.rf.58b7d747f5224c697f10a19cf863e091.jpg,tender,4,628
lf1_maturity,628_jpg.rf.9418568cd85c0756dac13613d76f506f,1_maturity_evaluation,1,0.881504476070404,,coconut-veirf-v5/train,train/images/628_jpg.rf.9418568cd85c0756dac13613d76f506f.jpg,tender,4,628
lf1_maturity,628_jpg.rf.f88f2ae07239839237a4541f7cedb71c,1_maturity_evaluation,1,0.8646580576896667,,coconut-veirf-v5/train,train/images/628_jpg.rf.f88f2ae07239839237a4541f7cedb71c.jpg,tender,4,628
lf1_maturity,629_jpg.rf.20d7d60339bcdfccb53f55ff730007a2,1_maturity_evaluation,1,0.9140825867652893,,coconut-veirf-v5/train,train/images/629_jpg.rf.20d7d60339bcdfccb53f55ff730007a2.jpg,tender,3,629
lf1_maturity,629_jpg.rf.2ac68bb1bd9788d0c7b677b88b4fad9b,1_maturity_evaluation,1,0.9119077920913696,,coconut-veirf-v5/train,train/images/629_jpg.rf.2ac68bb1bd9788d0c7b677b88b4fad9b.jpg,tender,3,629
lf1_maturity,629_jpg.rf.4629e10de60dbfd12c27a716e6a09b99,1_maturity_evaluation,1,0.9105697870254517,,coconut-veirf-v5/train,train/images/629_jpg.rf.4629e10de60dbfd12c27a716e6a09b99.jpg,tender,3,629
lf1_maturity,62_jpg.rf.179f788a0cd4b32c17eb383993a1e911,1_maturity_evaluation,0,0.501009464263916,,coconut-veirf-v5/train,train/images/62_jpg.rf.179f788a0cd4b32c17eb383993a1e911.jpg,dry|green,4,62
lf1_maturity,62_jpg.rf.52a8f52c5b254ed8a323c6bfc314ee2c,1_maturity_evaluation,0,0.5846887826919556,,coconut-veirf-v5/train,train/images/62_jpg.rf.52a8f52c5b254ed8a323c6bfc314ee2c.jpg,dry|green,4,62
lf1_maturity,62_jpg.rf.81d015b32ba9e4c397a4175319a6f486,1_maturity_evaluation,0,0.8462655544281006,,coconut-veirf-v5/train,train/images/62_jpg.rf.81d015b32ba9e4c397a4175319a6f486.jpg,dry,4,62
lf1_maturity,631_jpg.rf.37becedc41eec2729f5118284c33e49d,1_maturity_evaluation,1,0.9096618890762329,,coconut-veirf-v5/train,train/images/631_jpg.rf.37becedc41eec2729f5118284c33e49d.jpg,tender,1,631
lf1_maturity,631_jpg.rf.60b42426138f83015fecb3e7c09719a4,1_maturity_evaluation,1,0.884276807308197,,coconut-veirf-v5/train,train/images/631_jpg.rf.60b42426138f83015fecb3e7c09719a4.jpg,tender,1,631
lf1_maturity,631_jpg.rf.b853fc20812568a553294b9588182500,1_maturity_evaluation,1,0.8935145139694214,,coconut-veirf-v5/train,train/images/631_jpg.rf.b853fc20812568a553294b9588182500.jpg,tender,1,631
lf1_maturity,633_jpg.rf.3e5e5d996ab2b4d734e49e1423edd487,1_maturity_evaluation,1,0.8695608377456665,,coconut-veirf-v5/train,train/images/633_jpg.rf.3e5e5d996ab2b4d734e49e1423edd487.jpg,tender,2,633
lf1_maturity,633_jpg.rf.842b3af1fb2b8dcb22a7e45e4ad6055e,1_maturity_evaluation,1,0.8477720618247986,,coconut-veirf-v5/train,train/images/633_jpg.rf.842b3af1fb2b8dcb22a7e45e4ad6055e.jpg,tender,2,633
lf1_maturity,633_jpg.rf.babc6c7f5bee6afa65a5025e59f00be6,1_maturity_evaluation,1,0.8653119206428528,,coconut-veirf-v5/train,train/images/633_jpg.rf.babc6c7f5bee6afa65a5025e59f00be6.jpg,tender,2,633
lf1_maturity,634_jpg.rf.2c9dcb27d2692de3f57c4a7413cfd7f3,1_maturity_evaluation,1,0.8587587475776672,,coconut-veirf-v5/train,train/images/634_jpg.rf.2c9dcb27d2692de3f57c4a7413cfd7f3.jpg,tender,1,634
lf1_maturity,634_jpg.rf.90a2a031090b844b45f23997d7697cda,1_maturity_evaluation,1,0.8496752977371216,,coconut-veirf-v5/train,train/images/634_jpg.rf.90a2a031090b844b45f23997d7697cda.jpg,tender,1,634
lf1_maturity,634_jpg.rf.9be71571393e3c3330a01002082434cd,1_maturity_evaluation,1,0.8438497185707092,,coconut-veirf-v5/train,train/images/634_jpg.rf.9be71571393e3c3330a01002082434cd.jpg,tender,1,634
lf1_maturity,635_jpg.rf.a059885df2bce4a69f2999e926631bc3,1_maturity_evaluation,1,0.8987331390380859,,coconut-veirf-v5/train,train/images/635_jpg.rf.a059885df2bce4a69f2999e926631bc3.jpg,tender,3,635
lf1_maturity,635_jpg.rf.b78d140914e2535bc8048e33aeb46675,1_maturity_evaluation,1,0.8916118741035461,,coconut-veirf-v5/train,train/images/635_jpg.rf.b78d140914e2535bc8048e33aeb46675.jpg,tender,3,635
lf1_maturity,635_jpg.rf.d7f7c4c1fbe0784792ea2f8323ff9bb3,1_maturity_evaluation,1,0.8997536301612854,,coconut-veirf-v5/train,train/images/635_jpg.rf.d7f7c4c1fbe0784792ea2f8323ff9bb3.jpg,tender,3,635
lf1_maturity,636_jpg.rf.175cd7721b128962c225d50ffcaf0fe7,1_maturity_evaluation,1,0.9220432043075562,,coconut-veirf-v5/train,train/images/636_jpg.rf.175cd7721b128962c225d50ffcaf0fe7.jpg,tender,0,636
lf1_maturity,636_jpg.rf.37362187e21f0ac09b679c135ffc22bf,1_maturity_evaluation,1,0.9220513105392456,,coconut-veirf-v5/train,train/images/636_jpg.rf.37362187e21f0ac09b679c135ffc22bf.jpg,tender,0,636
lf1_maturity,636_jpg.rf.69e85855f0e2e97b4461b24f245e00e7,1_maturity_evaluation,1,0.9143253564834595,,coconut-veirf-v5/train,train/images/636_jpg.rf.69e85855f0e2e97b4461b24f245e00e7.jpg,tender,0,636
lf1_maturity,637_jpg.rf.314812f2336cd2096a42f2e2ed60c2b6,1_maturity_evaluation,1,0.909588098526001,,coconut-veirf-v5/train,train/images/637_jpg.rf.314812f2336cd2096a42f2e2ed60c2b6.jpg,tender,3,637
lf1_maturity,637_jpg.rf.50f0db19c904e14346c99ca11d6f18d4,1_maturity_evaluation,1,0.8123074173927307,,coconut-veirf-v5/train,train/images/637_jpg.rf.50f0db19c904e14346c99ca11d6f18d4.jpg,tender,3,637
lf1_maturity,637_jpg.rf.8f91f2809d11b506cbaa3e8fd42deba3,1_maturity_evaluation,1,0.9005911946296692,,coconut-veirf-v5/train,train/images/637_jpg.rf.8f91f2809d11b506cbaa3e8fd42deba3.jpg,tender,3,637
lf1_maturity,638_jpg.rf.373c2a5bfd336bdfa4016d4fa94a0315,1_maturity_evaluation,1,0.7414337396621704,,coconut-veirf-v5/train,train/images/638_jpg.rf.373c2a5bfd336bdfa4016d4fa94a0315.jpg,tender,0,638
lf1_maturity,638_jpg.rf.67329efceb7788319314d6b3777e2088,1_maturity_evaluation,1,0.9635169506072998,,coconut-veirf-v5/train,train/images/638_jpg.rf.67329efceb7788319314d6b3777e2088.jpg,tender,0,638
lf1_maturity,638_jpg.rf.e8adc5f728633e2fca6c568ce09cb160,1_maturity_evaluation,1,0.9646347165107727,,coconut-veirf-v5/train,train/images/638_jpg.rf.e8adc5f728633e2fca6c568ce09cb160.jpg,tender,0,638
lf1_maturity,63_jpg.rf.80a6fb58202f20939c4dc429ccf137b9,1_maturity_evaluation,0,0.8066890239715576,,coconut-veirf-v5/train,train/images/63_jpg.rf.80a6fb58202f20939c4dc429ccf137b9.jpg,green,1,63
lf1_maturity,63_jpg.rf.dd2aba3902581697d20d36d20426ae10,1_maturity_evaluation,0,0.7912226915359497,,coconut-veirf-v5/train,train/images/63_jpg.rf.dd2aba3902581697d20d36d20426ae10.jpg,green,1,63
lf1_maturity,63_jpg.rf.f19d2c6fc94b07e6d1af5d0e2a89b1b6,1_maturity_evaluation,0,0.7414023876190186,,coconut-veirf-v5/train,train/images/63_jpg.rf.f19d2c6fc94b07e6d1af5d0e2a89b1b6.jpg,green,1,63
lf1_maturity,640_jpg.rf.0f5074580b364685e21b0b492e971b80,1_maturity_evaluation,1,0.9297537207603455,,coconut-veirf-v5/train,train/images/640_jpg.rf.0f5074580b364685e21b0b492e971b80.jpg,tender,3,640
lf1_maturity,640_jpg.rf.3714f84956bad5e78af43e8fdc98ee7c,1_maturity_evaluation,1,0.9141572713851929,,coconut-veirf-v5/train,train/images/640_jpg.rf.3714f84956bad5e78af43e8fdc98ee7c.jpg,tender,3,640
lf1_maturity,640_jpg.rf.40f1f1865442a0ce457a8cef34a15475,1_maturity_evaluation,1,0.927925169467926,,coconut-veirf-v5/train,train/images/640_jpg.rf.40f1f1865442a0ce457a8cef34a15475.jpg,tender,3,640
lf1_maturity,642_jpg.rf.4fd26fe482783d44c5d6491712f0f9ab,1_maturity_evaluation,1,0.9278779625892639,,coconut-veirf-v5/train,train/images/642_jpg.rf.4fd26fe482783d44c5d6491712f0f9ab.jpg,tender,1,642
lf1_maturity,642_jpg.rf.6a0771430bf2f05372c89f897d1a2fc3,1_maturity_evaluation,1,0.9149281978607178,,coconut-veirf-v5/train,train/images/642_jpg.rf.6a0771430bf2f05372c89f897d1a2fc3.jpg,tender,1,642
lf1_maturity,642_jpg.rf.eb7f005d2f3ebd4af2c624550d937fa5,1_maturity_evaluation,1,0.9330483675003052,,coconut-veirf-v5/train,train/images/642_jpg.rf.eb7f005d2f3ebd4af2c624550d937fa5.jpg,tender,1,642
lf1_maturity,645_jpg.rf.4843d2a21ebcbfa06f67650cd64c9281,1_maturity_evaluation,1,0.953453540802002,,coconut-veirf-v5/train,train/images/645_jpg.rf.4843d2a21ebcbfa06f67650cd64c9281.jpg,tender,3,645
lf1_maturity,645_jpg.rf.aeb1c76192149c8ac45daa3aa6877a74,1_maturity_evaluation,1,0.9607495665550232,,coconut-veirf-v5/train,train/images/645_jpg.rf.aeb1c76192149c8ac45daa3aa6877a74.jpg,tender,3,645
lf1_maturity,645_jpg.rf.f80a317765cd60f3686e10dc0a80983d,1_maturity_evaluation,1,0.9488564133644104,,coconut-veirf-v5/train,train/images/645_jpg.rf.f80a317765cd60f3686e10dc0a80983d.jpg,tender,3,645
lf1_maturity,646_jpg.rf.163c6b3086ff4905a600c6af037760d1,1_maturity_evaluation,0,0.94674152135849,,coconut-veirf-v5/train,train/images/646_jpg.rf.163c6b3086ff4905a600c6af037760d1.jpg,green|tender,1,646
lf1_maturity,646_jpg.rf.1d863a9753bc9248e4d0d1fb0ec94ce0,1_maturity_evaluation,0,0.947673499584198,,coconut-veirf-v5/train,train/images/646_jpg.rf.1d863a9753bc9248e4d0d1fb0ec94ce0.jpg,green|tender,1,646
lf1_maturity,646_jpg.rf.c5b5cbaf1e7b98fdea94695f5b2786d0,1_maturity_evaluation,0,0.9389240145683289,,coconut-veirf-v5/train,train/images/646_jpg.rf.c5b5cbaf1e7b98fdea94695f5b2786d0.jpg,dry|green|tender,1,646
lf1_maturity,647_jpg.rf.022bd85f814c6ee73c1be3a9d4a857a2,1_maturity_evaluation,1,0.9033602476119995,,coconut-veirf-v5/train,train/images/647_jpg.rf.022bd85f814c6ee73c1be3a9d4a857a2.jpg,tender,4,647
lf1_maturity,647_jpg.rf.c74a9b72eb3074b750dd834d1094dd5c,1_maturity_evaluation,0,0.8760161399841309,,coconut-veirf-v5/train,train/images/647_jpg.rf.c74a9b72eb3074b750dd834d1094dd5c.jpg,tender,4,647
lf1_maturity,647_jpg.rf.eb9f86f2a47f60822f25116ae76b0d0f,1_maturity_evaluation,1,0.9211445450782776,,coconut-veirf-v5/train,train/images/647_jpg.rf.eb9f86f2a47f60822f25116ae76b0d0f.jpg,tender,4,647
lf1_maturity,649_jpg.rf.4b5d5fc44df3968dfaeb7675459187b5,1_maturity_evaluation,1,0.7896285653114319,,coconut-veirf-v5/train,train/images/649_jpg.rf.4b5d5fc44df3968dfaeb7675459187b5.jpg,tender,3,649
lf1_maturity,649_jpg.rf.521f22c3eae0bd8b5664e013470c90bd,1_maturity_evaluation,1,0.492645800113678,,coconut-veirf-v5/train,train/images/649_jpg.rf.521f22c3eae0bd8b5664e013470c90bd.jpg,tender,3,649
lf1_maturity,649_jpg.rf.cf9e44e1aa664a040fd9d6b7b621bf9c,1_maturity_evaluation,1,0.9095448851585388,,coconut-veirf-v5/train,train/images/649_jpg.rf.cf9e44e1aa664a040fd9d6b7b621bf9c.jpg,tender,3,649
lf1_maturity,64_jpg.rf.aa806dcf5ae0d4052660254a262b411d,1_maturity_evaluation,0,0.3811039328575134,,coconut-veirf-v5/train,train/images/64_jpg.rf.aa806dcf5ae0d4052660254a262b411d.jpg,green,4,64
lf1_maturity,64_jpg.rf.e552018f78544c26b70a55e1e196d238,1_maturity_evaluation,0,0.5844557881355286,,coconut-veirf-v5/train,train/images/64_jpg.rf.e552018f78544c26b70a55e1e196d238.jpg,green,4,64
lf1_maturity,64_jpg.rf.ff1fc35cbb8b313ab467aec8486e7121,1_maturity_evaluation,0,0.7287455797195435,,coconut-veirf-v5/train,train/images/64_jpg.rf.ff1fc35cbb8b313ab467aec8486e7121.jpg,green,4,64
lf1_maturity,650_jpg.rf.1fe58fced01dd321b28470edee62632a,1_maturity_evaluation,1,0.8998121023178101,,coconut-veirf-v5/train,train/images/650_jpg.rf.1fe58fced01dd321b28470edee62632a.jpg,tender,1,650
lf1_maturity,650_jpg.rf.aee7356333ff4e8e36984fc21864569a,1_maturity_evaluation,1,0.8969168663024902,,coconut-veirf-v5/train,train/images/650_jpg.rf.aee7356333ff4e8e36984fc21864569a.jpg,tender,1,650
lf1_maturity,650_jpg.rf.d175af91e7525cc40c294af20a3b1252,1_maturity_evaluation,1,0.8957792520523071,,coconut-veirf-v5/train,train/images/650_jpg.rf.d175af91e7525cc40c294af20a3b1252.jpg,tender,1,650
lf1_maturity,651_jpg.rf.4afdacf8ea8763775e04e6bfe4bb7902,1_maturity_evaluation,1,0.8076706528663635,,coconut-veirf-v5/train,train/images/651_jpg.rf.4afdacf8ea8763775e04e6bfe4bb7902.jpg,tender,2,651
lf1_maturity,651_jpg.rf.57e41378bd8c4545fa0b3a8f2edaee03,1_maturity_evaluation,1,0.7962871193885803,,coconut-veirf-v5/train,train/images/651_jpg.rf.57e41378bd8c4545fa0b3a8f2edaee03.jpg,tender,2,651
lf1_maturity,651_jpg.rf.ce46edf0b5be618797d1781b6efa8213,1_maturity_evaluation,1,0.8400103449821472,,coconut-veirf-v5/train,train/images/651_jpg.rf.ce46edf0b5be618797d1781b6efa8213.jpg,tender,2,651
lf1_maturity,653_jpg.rf.afa08fdb40ec03ad23c63e06245b22eb,1_maturity_evaluation,1,0.9399220943450928,,coconut-veirf-v5/train,train/images/653_jpg.rf.afa08fdb40ec03ad23c63e06245b22eb.jpg,tender,3,653
lf1_maturity,653_jpg.rf.b7713be3fee2b7c0fe4fb09b0c5dbdc7,1_maturity_evaluation,1,0.9552279114723206,,coconut-veirf-v5/train,train/images/653_jpg.rf.b7713be3fee2b7c0fe4fb09b0c5dbdc7.jpg,tender,3,653
lf1_maturity,653_jpg.rf.eefe3da59b9b0ce711c800bc789c104c,1_maturity_evaluation,1,0.9491274952888489,,coconut-veirf-v5/train,train/images/653_jpg.rf.eefe3da59b9b0ce711c800bc789c104c.jpg,tender,3,653
lf1_maturity,654_jpg.rf.4491895c4f875d5d07df903ab5e553b5,1_maturity_evaluation,1,0.87602299451828,,coconut-veirf-v5/train,train/images/654_jpg.rf.4491895c4f875d5d07df903ab5e553b5.jpg,tender,2,654
lf1_maturity,654_jpg.rf.4eb8d7e0df8c32bd12a10afbd0978a3e,1_maturity_evaluation,1,0.825201153755188,,coconut-veirf-v5/train,train/images/654_jpg.rf.4eb8d7e0df8c32bd12a10afbd0978a3e.jpg,tender,2,654
lf1_maturity,655_jpg.rf.3bbc3f63d68b60daa66d24b8ffd6622f,1_maturity_evaluation,1,0.737065315246582,,coconut-veirf-v5/train,train/images/655_jpg.rf.3bbc3f63d68b60daa66d24b8ffd6622f.jpg,tender,2,655
lf1_maturity,655_jpg.rf.b3c1bd58fdcb4881ec5825f73c6f683a,1_maturity_evaluation,1,0.8130155205726624,,coconut-veirf-v5/train,train/images/655_jpg.rf.b3c1bd58fdcb4881ec5825f73c6f683a.jpg,tender,2,655
lf1_maturity,655_jpg.rf.ccddfeb50a40793eb5c78bcf53ebd3e1,1_maturity_evaluation,1,0.8116120100021362,,coconut-veirf-v5/train,train/images/655_jpg.rf.ccddfeb50a40793eb5c78bcf53ebd3e1.jpg,tender,2,655
lf1_maturity,656_jpg.rf.1a93c06ca38e8e00f186c99bf6c6c569,1_maturity_evaluation,1,0.9411360025405884,,coconut-veirf-v5/train,train/images/656_jpg.rf.1a93c06ca38e8e00f186c99bf6c6c569.jpg,tender,3,656
lf1_maturity,656_jpg.rf.7f9d6904214095236a4b89f12f8f28c5,1_maturity_evaluation,1,0.8942418098449707,,coconut-veirf-v5/train,train/images/656_jpg.rf.7f9d6904214095236a4b89f12f8f28c5.jpg,tender,3,656
lf1_maturity,656_jpg.rf.db0b1700107db2245137740ddf9aa917,1_maturity_evaluation,1,0.9131522178649902,,coconut-veirf-v5/train,train/images/656_jpg.rf.db0b1700107db2245137740ddf9aa917.jpg,tender,3,656
lf1_maturity,657_jpg.rf.0d9711505e045d97085937a3dd034d02,1_maturity_evaluation,1,0.9457547068595886,,coconut-veirf-v5/train,train/images/657_jpg.rf.0d9711505e045d97085937a3dd034d02.jpg,tender,1,657
lf1_maturity,657_jpg.rf.1e5adc3971d6fc5912f07a5248bfa02d,1_maturity_evaluation,1,0.9488036036491394,,coconut-veirf-v5/train,train/images/657_jpg.rf.1e5adc3971d6fc5912f07a5248bfa02d.jpg,tender,1,657
lf1_maturity,657_jpg.rf.278be3c5aa2e27c12667806f2447addb,1_maturity_evaluation,1,0.9318822026252747,,coconut-veirf-v5/train,train/images/657_jpg.rf.278be3c5aa2e27c12667806f2447addb.jpg,tender,1,657
lf1_maturity,658_jpg.rf.93d649526267bed2a4593c6a25ce0273,1_maturity_evaluation,1,0.9560298323631287,,coconut-veirf-v5/train,train/images/658_jpg.rf.93d649526267bed2a4593c6a25ce0273.jpg,tender,2,658
lf1_maturity,658_jpg.rf.ca91316e0c4244443a68fbc09d28b9cb,1_maturity_evaluation,1,0.9564611315727234,,coconut-veirf-v5/train,train/images/658_jpg.rf.ca91316e0c4244443a68fbc09d28b9cb.jpg,tender,2,658
lf1_maturity,658_jpg.rf.ec991f874fe0d260b74ce59e0ea99b07,1_maturity_evaluation,1,0.9515268206596375,,coconut-veirf-v5/train,train/images/658_jpg.rf.ec991f874fe0d260b74ce59e0ea99b07.jpg,tender,2,658
lf1_maturity,659_jpg.rf.3eb39e71900a41066dfac461e1337c2d,1_maturity_evaluation,1,0.5059133768081665,,coconut-veirf-v5/train,train/images/659_jpg.rf.3eb39e71900a41066dfac461e1337c2d.jpg,tender,2,659
lf1_maturity,659_jpg.rf.736115c53ae0ac38187827832b213c51,1_maturity_evaluation,1,0.8569222092628479,,coconut-veirf-v5/train,train/images/659_jpg.rf.736115c53ae0ac38187827832b213c51.jpg,tender,2,659
lf1_maturity,659_jpg.rf.cc2cf93123fdb04b5862438a9a99fefd,1_maturity_evaluation,1,0.9094976782798767,,coconut-veirf-v5/train,train/images/659_jpg.rf.cc2cf93123fdb04b5862438a9a99fefd.jpg,tender,2,659
lf1_maturity,65_jpg.rf.0136e2cd871554d4724f74aca610c225,1_maturity_evaluation,0,0.8741548657417297,,coconut-veirf-v5/train,train/images/65_jpg.rf.0136e2cd871554d4724f74aca610c225.jpg,green,3,65
lf1_maturity,65_jpg.rf.3bae29aba57d58cc589ec076353ea311,1_maturity_evaluation,0,0.915164053440094,,coconut-veirf-v5/train,train/images/65_jpg.rf.3bae29aba57d58cc589ec076353ea311.jpg,green,3,65
lf1_maturity,65_jpg.rf.ff817b3f1b5e6f13d6c9253fc74ee298,1_maturity_evaluation,0,0.9075891971588135,,coconut-veirf-v5/train,train/images/65_jpg.rf.ff817b3f1b5e6f13d6c9253fc74ee298.jpg,green,3,65
lf1_maturity,660_jpg.rf.5fa700b9e91c86d7c826a46afedc5598,1_maturity_evaluation,1,0.8224367499351501,,coconut-veirf-v5/train,train/images/660_jpg.rf.5fa700b9e91c86d7c826a46afedc5598.jpg,tender,3,660
lf1_maturity,660_jpg.rf.6bcee9a43d72d1b534b27c359d879c0d,1_maturity_evaluation,1,0.8501858115196228,,coconut-veirf-v5/train,train/images/660_jpg.rf.6bcee9a43d72d1b534b27c359d879c0d.jpg,tender,3,660
lf1_maturity,660_jpg.rf.89dca503cb73a583c3fefd7c2c775590,1_maturity_evaluation,1,0.8393115997314453,,coconut-veirf-v5/train,train/images/660_jpg.rf.89dca503cb73a583c3fefd7c2c775590.jpg,tender,3,660
lf1_maturity,662_jpg.rf.2709222f75d50278371f50326ce2bd30,1_maturity_evaluation,1,0.9577211737632751,,coconut-veirf-v5/train,train/images/662_jpg.rf.2709222f75d50278371f50326ce2bd30.jpg,tender,0,662
lf1_maturity,662_jpg.rf.59d7f344fa1c718047068453e00659f4,1_maturity_evaluation,1,0.9587908387184143,,coconut-veirf-v5/train,train/images/662_jpg.rf.59d7f344fa1c718047068453e00659f4.jpg,tender,0,662
lf1_maturity,662_jpg.rf.adf87a7405f40180dc2bbb9d4905f1c4,1_maturity_evaluation,1,0.9630030393600464,,coconut-veirf-v5/train,train/images/662_jpg.rf.adf87a7405f40180dc2bbb9d4905f1c4.jpg,tender,0,662
lf1_maturity,668_jpg.rf.1f2a30ac31b4995cdae1e75ad2c18cce,1_maturity_evaluation,1,0.6839132905006409,,coconut-veirf-v5/train,train/images/668_jpg.rf.1f2a30ac31b4995cdae1e75ad2c18cce.jpg,tender,1,668
lf1_maturity,668_jpg.rf.ad22b2ea82e9568026d64dc03719d029,1_maturity_evaluation,1,0.7430145740509033,,coconut-veirf-v5/train,train/images/668_jpg.rf.ad22b2ea82e9568026d64dc03719d029.jpg,tender,1,668
lf1_maturity,668_jpg.rf.c503e31f46e22e0e34d21c09acfa5211,1_maturity_evaluation,1,0.8351492285728455,,coconut-veirf-v5/train,train/images/668_jpg.rf.c503e31f46e22e0e34d21c09acfa5211.jpg,tender,1,668
lf1_maturity,66_jpg.rf.3d52b1eb926f9b607d29da1f690bb1c2,1_maturity_evaluation,1,0.9346866607666016,,coconut-veirf-v5/train,train/images/66_jpg.rf.3d52b1eb926f9b607d29da1f690bb1c2.jpg,green,2,66
lf1_maturity,66_jpg.rf.637c4327bedd409c58deada2c1040b79,1_maturity_evaluation,1,0.9417867660522461,,coconut-veirf-v5/train,train/images/66_jpg.rf.637c4327bedd409c58deada2c1040b79.jpg,green,2,66
lf1_maturity,66_jpg.rf.bb530e6abde9117394924106377f8e23,1_maturity_evaluation,1,0.924842357635498,,coconut-veirf-v5/train,train/images/66_jpg.rf.bb530e6abde9117394924106377f8e23.jpg,green,2,66
lf1_maturity,670_jpg.rf.0b8561a87ee579a761616ab86bf05575,1_maturity_evaluation,1,0.9582629799842834,,coconut-veirf-v5/train,train/images/670_jpg.rf.0b8561a87ee579a761616ab86bf05575.jpg,tender,1,670
lf1_maturity,670_jpg.rf.252eea229549df3d790ae8703df1e386,1_maturity_evaluation,1,0.958286464214325,,coconut-veirf-v5/train,train/images/670_jpg.rf.252eea229549df3d790ae8703df1e386.jpg,tender,1,670
lf1_maturity,670_jpg.rf.98ed1ac1bd03f357304d5c738fbf38ba,1_maturity_evaluation,1,0.9528993964195251,,coconut-veirf-v5/train,train/images/670_jpg.rf.98ed1ac1bd03f357304d5c738fbf38ba.jpg,tender,1,670
lf1_maturity,673_jpg.rf.25a7badcde431c1470c6cd0d0a7e67fa,1_maturity_evaluation,1,0.8829891681671143,,coconut-veirf-v5/train,train/images/673_jpg.rf.25a7badcde431c1470c6cd0d0a7e67fa.jpg,tender,2,673
lf1_maturity,673_jpg.rf.2e61aea7ae23793935e9ef729a2cae18,1_maturity_evaluation,1,0.9073025584220886,,coconut-veirf-v5/train,train/images/673_jpg.rf.2e61aea7ae23793935e9ef729a2cae18.jpg,tender,2,673
lf1_maturity,673_jpg.rf.860395dc688da196ef59fa450f70a5a4,1_maturity_evaluation,1,0.7922140955924988,,coconut-veirf-v5/train,train/images/673_jpg.rf.860395dc688da196ef59fa450f70a5a4.jpg,tender,2,673
lf1_maturity,674_jpg.rf.b4a94d27d975d17d439c165c90d5041b,1_maturity_evaluation,1,0.8704515695571899,,coconut-veirf-v5/train,train/images/674_jpg.rf.b4a94d27d975d17d439c165c90d5041b.jpg,tender,0,674
lf1_maturity,674_jpg.rf.b9ca40ca80723998bc1181b9619bd39d,1_maturity_evaluation,1,0.8752325773239136,,coconut-veirf-v5/train,train/images/674_jpg.rf.b9ca40ca80723998bc1181b9619bd39d.jpg,tender,0,674
lf1_maturity,674_jpg.rf.c0c8c1a24bd0698f044015eb4933a716,1_maturity_evaluation,1,0.811002254486084,,coconut-veirf-v5/train,train/images/674_jpg.rf.c0c8c1a24bd0698f044015eb4933a716.jpg,tender,0,674
lf1_maturity,676_jpg.rf.adf41f42fbd37e45830b822a54e7031b,1_maturity_evaluation,1,0.8958534002304077,,coconut-veirf-v5/train,train/images/676_jpg.rf.adf41f42fbd37e45830b822a54e7031b.jpg,tender,3,676
lf1_maturity,676_jpg.rf.de178ffc6d573313f2887857002ee6ca,1_maturity_evaluation,1,0.9330562949180603,,coconut-veirf-v5/train,train/images/676_jpg.rf.de178ffc6d573313f2887857002ee6ca.jpg,tender,3,676
lf1_maturity,676_jpg.rf.e3f55a2c8b78b8e58d2d438d7cc21f31,1_maturity_evaluation,1,0.9518164992332458,,coconut-veirf-v5/train,train/images/676_jpg.rf.e3f55a2c8b78b8e58d2d438d7cc21f31.jpg,tender,3,676
lf1_maturity,678_jpg.rf.0759eef9bfc34f90ace18087c8f5ef26,1_maturity_evaluation,1,0.8661068081855774,,coconut-veirf-v5/train,train/images/678_jpg.rf.0759eef9bfc34f90ace18087c8f5ef26.jpg,tender,4,678
lf1_maturity,678_jpg.rf.145fd083cb93fbc37ea5e6458f4483b2,1_maturity_evaluation,1,0.9125792384147644,,coconut-veirf-v5/train,train/images/678_jpg.rf.145fd083cb93fbc37ea5e6458f4483b2.jpg,tender,4,678
lf1_maturity,678_jpg.rf.fa1331648468f056747c223976ae951f,1_maturity_evaluation,1,0.9098061323165894,,coconut-veirf-v5/train,train/images/678_jpg.rf.fa1331648468f056747c223976ae951f.jpg,tender,4,678
lf1_maturity,679_jpg.rf.878357e1e485e1b315b60550aafa8219,1_maturity_evaluation,1,0.9111071228981018,,coconut-veirf-v5/train,train/images/679_jpg.rf.878357e1e485e1b315b60550aafa8219.jpg,tender,0,679
lf1_maturity,679_jpg.rf.99ea879db72b210e7effb623539fc9a3,1_maturity_evaluation,1,0.9090297818183899,,coconut-veirf-v5/train,train/images/679_jpg.rf.99ea879db72b210e7effb623539fc9a3.jpg,tender,0,679
lf1_maturity,679_jpg.rf.c7e051ef921ffec3a4cb40fe57310b47,1_maturity_evaluation,1,0.8981097340583801,,coconut-veirf-v5/train,train/images/679_jpg.rf.c7e051ef921ffec3a4cb40fe57310b47.jpg,tender,0,679
lf1_maturity,67_jpg.rf.2d654b9cfdefc945b7fb789cd6d30e76,1_maturity_evaluation,0,0.6340726017951965,,coconut-veirf-v5/train,train/images/67_jpg.rf.2d654b9cfdefc945b7fb789cd6d30e76.jpg,green,2,67
lf1_maturity,67_jpg.rf.7f4707bcc04ad9836d4912d2bcb3c137,1_maturity_evaluation,0,0.5264785289764404,,coconut-veirf-v5/train,train/images/67_jpg.rf.7f4707bcc04ad9836d4912d2bcb3c137.jpg,dry|green,2,67
lf1_maturity,67_jpg.rf.d4d2da24ab35ea9c967c4205e9e27496,1_maturity_evaluation,0,0.7915088534355164,,coconut-veirf-v5/train,train/images/67_jpg.rf.d4d2da24ab35ea9c967c4205e9e27496.jpg,green,2,67
lf1_maturity,680_jpg.rf.1832a11cd27653be4f4cfd12b0d716cd,1_maturity_evaluation,1,0.9784737229347229,,coconut-veirf-v5/train,train/images/680_jpg.rf.1832a11cd27653be4f4cfd12b0d716cd.jpg,tender,0,680
lf1_maturity,680_jpg.rf.351ece78c489f46a0163272a5cd03845,1_maturity_evaluation,1,0.9716160893440247,,coconut-veirf-v5/train,train/images/680_jpg.rf.351ece78c489f46a0163272a5cd03845.jpg,tender,0,680
lf1_maturity,680_jpg.rf.36610f483176dd47e78d8b23499c7853,1_maturity_evaluation,1,0.9796812534332275,,coconut-veirf-v5/train,train/images/680_jpg.rf.36610f483176dd47e78d8b23499c7853.jpg,tender,0,680
lf1_maturity,681_jpg.rf.6d494b206e3a8a33aa7d9ad0e1c4e1d3,1_maturity_evaluation,1,0.8176707625389099,,coconut-veirf-v5/train,train/images/681_jpg.rf.6d494b206e3a8a33aa7d9ad0e1c4e1d3.jpg,tender,2,681
lf1_maturity,681_jpg.rf.8269d49612cf51e3ebd74d6830f5db8f,1_maturity_evaluation,1,0.9012320041656494,,coconut-veirf-v5/train,train/images/681_jpg.rf.8269d49612cf51e3ebd74d6830f5db8f.jpg,tender,2,681
lf1_maturity,681_jpg.rf.c0bc37a7c350fa021e628e96b6bf93d8,1_maturity_evaluation,1,0.9018035531044006,,coconut-veirf-v5/train,train/images/681_jpg.rf.c0bc37a7c350fa021e628e96b6bf93d8.jpg,tender,2,681
lf1_maturity,682_jpg.rf.5655b9181b3e9d41780cd4889be658ec,1_maturity_evaluation,1,0.8007332682609558,,coconut-veirf-v5/train,train/images/682_jpg.rf.5655b9181b3e9d41780cd4889be658ec.jpg,tender,3,682
lf1_maturity,682_jpg.rf.5da6691f043c3b72cda1e1ddbd06e162,1_maturity_evaluation,1,0.83425372838974,,coconut-veirf-v5/train,train/images/682_jpg.rf.5da6691f043c3b72cda1e1ddbd06e162.jpg,tender,3,682
lf1_maturity,682_jpg.rf.6b1273408bcf216a63b744d9aa53b968,1_maturity_evaluation,1,0.7749239206314087,,coconut-veirf-v5/train,train/images/682_jpg.rf.6b1273408bcf216a63b744d9aa53b968.jpg,tender,3,682
lf1_maturity,684_jpg.rf.6154a969b8d9f71b224d87be46ef84e2,1_maturity_evaluation,1,0.9344920516014099,,coconut-veirf-v5/train,train/images/684_jpg.rf.6154a969b8d9f71b224d87be46ef84e2.jpg,tender,0,684
lf1_maturity,684_jpg.rf.b6a49022fa301afee294b96b53e1175b,1_maturity_evaluation,1,0.940527617931366,,coconut-veirf-v5/train,train/images/684_jpg.rf.b6a49022fa301afee294b96b53e1175b.jpg,tender,0,684
lf1_maturity,684_jpg.rf.b9d684e2e7ce86bc60bfa96d252d935e,1_maturity_evaluation,1,0.9261605143547058,,coconut-veirf-v5/train,train/images/684_jpg.rf.b9d684e2e7ce86bc60bfa96d252d935e.jpg,tender,0,684
lf1_maturity,685_jpg.rf.613a884b6c5cdfab1d4c79779f29f13a,1_maturity_evaluation,1,0.8141577243804932,,coconut-veirf-v5/train,train/images/685_jpg.rf.613a884b6c5cdfab1d4c79779f29f13a.jpg,tender,3,685
lf1_maturity,685_jpg.rf.7a4ed6d3f5d621a4fbf459b6c4aebb2d,1_maturity_evaluation,1,0.6987318396568298,,coconut-veirf-v5/train,train/images/685_jpg.rf.7a4ed6d3f5d621a4fbf459b6c4aebb2d.jpg,tender,3,685
lf1_maturity,685_jpg.rf.f9ebf343c681a9f6e481bd9864276404,1_maturity_evaluation,1,0.8043442964553833,,coconut-veirf-v5/train,train/images/685_jpg.rf.f9ebf343c681a9f6e481bd9864276404.jpg,tender,3,685
lf1_maturity,686_jpg.rf.4b7585e71a78a01cbcfb430309c75e34,1_maturity_evaluation,1,0.895058274269104,,coconut-veirf-v5/train,train/images/686_jpg.rf.4b7585e71a78a01cbcfb430309c75e34.jpg,tender,2,686
lf1_maturity,686_jpg.rf.a1d0325f3249ef12c8c84e3ac9e73938,1_maturity_evaluation,1,0.9241026043891907,,coconut-veirf-v5/train,train/images/686_jpg.rf.a1d0325f3249ef12c8c84e3ac9e73938.jpg,tender,2,686
lf1_maturity,686_jpg.rf.cd3a2ddbb5f518c128ea762819d15871,1_maturity_evaluation,1,0.8926581144332886,,coconut-veirf-v5/train,train/images/686_jpg.rf.cd3a2ddbb5f518c128ea762819d15871.jpg,tender,2,686
lf1_maturity,687_jpg.rf.03b42974a681e98f7d091adc50c72b95,1_maturity_evaluation,1,0.9323781132698059,,coconut-veirf-v5/train,train/images/687_jpg.rf.03b42974a681e98f7d091adc50c72b95.jpg,tender,3,687
lf1_maturity,687_jpg.rf.3cc938fb5d4064154d036291f857c00f,1_maturity_evaluation,1,0.9313986897468567,,coconut-veirf-v5/train,train/images/687_jpg.rf.3cc938fb5d4064154d036291f857c00f.jpg,tender,3,687
lf1_maturity,687_jpg.rf.4bbdb526234b12c4d8c2fa8e436c36ad,1_maturity_evaluation,1,0.9307060241699219,,coconut-veirf-v5/train,train/images/687_jpg.rf.4bbdb526234b12c4d8c2fa8e436c36ad.jpg,tender,3,687
lf1_maturity,689_jpg.rf.171c98bb07051ad9521ec227756883d1,1_maturity_evaluation,1,0.8794111609458923,,coconut-veirf-v5/train,train/images/689_jpg.rf.171c98bb07051ad9521ec227756883d1.jpg,tender,2,689
lf1_maturity,689_jpg.rf.5e6dfb25fa76f49c0fbcd7e26c313060,1_maturity_evaluation,1,0.87054443359375,,coconut-veirf-v5/train,train/images/689_jpg.rf.5e6dfb25fa76f49c0fbcd7e26c313060.jpg,tender,2,689
lf1_maturity,689_jpg.rf.db27f4ea7d879ce7a83a830a62e727f2,1_maturity_evaluation,1,0.8737905621528625,,coconut-veirf-v5/train,train/images/689_jpg.rf.db27f4ea7d879ce7a83a830a62e727f2.jpg,tender,2,689
lf1_maturity,691_jpg.rf.6e717b67481579486183c77bccef0b80,1_maturity_evaluation,1,0.9097633957862854,,coconut-veirf-v5/train,train/images/691_jpg.rf.6e717b67481579486183c77bccef0b80.jpg,tender,3,691
lf1_maturity,691_jpg.rf.729ec67501936a136f8e9689c5ca3179,1_maturity_evaluation,1,0.908462643623352,,coconut-veirf-v5/train,train/images/691_jpg.rf.729ec67501936a136f8e9689c5ca3179.jpg,tender,3,691
lf1_maturity,691_jpg.rf.cdb18fcdd7db2d27c947429a3705b8bd,1_maturity_evaluation,1,0.8637986779212952,,coconut-veirf-v5/train,train/images/691_jpg.rf.cdb18fcdd7db2d27c947429a3705b8bd.jpg,tender,3,691
lf1_maturity,692_jpg.rf.3a5a02e7d9e5d827a587dd1f95df6595,1_maturity_evaluation,1,0.8904901742935181,,coconut-veirf-v5/train,train/images/692_jpg.rf.3a5a02e7d9e5d827a587dd1f95df6595.jpg,tender,2,692
lf1_maturity,692_jpg.rf.c1f299efb6d7be279e674532015958a3,1_maturity_evaluation,1,0.9205079078674316,,coconut-veirf-v5/train,train/images/692_jpg.rf.c1f299efb6d7be279e674532015958a3.jpg,tender,2,692
lf1_maturity,692_jpg.rf.f96f2caeda1ec36b4524c0c920a37c25,1_maturity_evaluation,1,0.9151960015296936,,coconut-veirf-v5/train,train/images/692_jpg.rf.f96f2caeda1ec36b4524c0c920a37c25.jpg,tender,2,692
lf1_maturity,693_jpg.rf.0d96bf8917120d413ed94a8ffbb4b633,1_maturity_evaluation,1,0.8393518924713135,,coconut-veirf-v5/train,train/images/693_jpg.rf.0d96bf8917120d413ed94a8ffbb4b633.jpg,tender,2,693
lf1_maturity,693_jpg.rf.150e040e1217cc97311b04026011b267,1_maturity_evaluation,1,0.7317605018615723,,coconut-veirf-v5/train,train/images/693_jpg.rf.150e040e1217cc97311b04026011b267.jpg,tender,2,693
lf1_maturity,693_jpg.rf.7b21d875d60117be364241ea9b4f17e4,1_maturity_evaluation,1,0.668250560760498,,coconut-veirf-v5/train,train/images/693_jpg.rf.7b21d875d60117be364241ea9b4f17e4.jpg,tender,2,693
lf1_maturity,697_jpg.rf.0e7b187082b159be3f4e6221cb8c3b0e,1_maturity_evaluation,1,0.8761177062988281,,coconut-veirf-v5/train,train/images/697_jpg.rf.0e7b187082b159be3f4e6221cb8c3b0e.jpg,tender,3,697
lf1_maturity,697_jpg.rf.29c2d45946ba258c0df3e87750afdb5a,1_maturity_evaluation,1,0.8815549612045288,,coconut-veirf-v5/train,train/images/697_jpg.rf.29c2d45946ba258c0df3e87750afdb5a.jpg,tender,3,697
lf1_maturity,697_jpg.rf.4b1319ea9f856661e50fb7649a173a7f,1_maturity_evaluation,1,0.8856399655342102,,coconut-veirf-v5/train,train/images/697_jpg.rf.4b1319ea9f856661e50fb7649a173a7f.jpg,tender,3,697
lf1_maturity,698_jpg.rf.0136c8e90646e009013b0c94fd555d59,1_maturity_evaluation,1,0.8533481955528259,,coconut-veirf-v5/train,train/images/698_jpg.rf.0136c8e90646e009013b0c94fd555d59.jpg,tender,4,698
lf1_maturity,698_jpg.rf.130eab3ad3fa4f47210af3e37bed6493,1_maturity_evaluation,1,0.8656488060951233,,coconut-veirf-v5/train,train/images/698_jpg.rf.130eab3ad3fa4f47210af3e37bed6493.jpg,tender,4,698
lf1_maturity,698_jpg.rf.6e48b44ab626ff7aee4163cb6baa9708,1_maturity_evaluation,1,0.8496482968330383,,coconut-veirf-v5/train,train/images/698_jpg.rf.6e48b44ab626ff7aee4163cb6baa9708.jpg,tender,4,698
lf1_maturity,69_jpg.rf.4321d00f6c8237de4d97581fcd75befa,1_maturity_evaluation,1,0.9609289765357971,,coconut-veirf-v5/train,train/images/69_jpg.rf.4321d00f6c8237de4d97581fcd75befa.jpg,green,2,69
lf1_maturity,69_jpg.rf.5fd6dd507e4c1dbe6ff69f716ab286c3,1_maturity_evaluation,1,0.962367594242096,,coconut-veirf-v5/train,train/images/69_jpg.rf.5fd6dd507e4c1dbe6ff69f716ab286c3.jpg,green,2,69
lf1_maturity,69_jpg.rf.accbdf8f5c48045bc4883bcaf2ce86cc,1_maturity_evaluation,1,0.9652081727981567,,coconut-veirf-v5/train,train/images/69_jpg.rf.accbdf8f5c48045bc4883bcaf2ce86cc.jpg,green,2,69
lf1_maturity,700_jpg.rf.4c1d37c8163e585422504bd2fda155b6,1_maturity_evaluation,1,0.8505102396011353,,coconut-veirf-v5/train,train/images/700_jpg.rf.4c1d37c8163e585422504bd2fda155b6.jpg,tender,2,700
lf1_maturity,700_jpg.rf.a6bfd341439394a40143118401ae4e17,1_maturity_evaluation,1,0.8844481110572815,,coconut-veirf-v5/train,train/images/700_jpg.rf.a6bfd341439394a40143118401ae4e17.jpg,tender,2,700
lf1_maturity,700_jpg.rf.cbc0cf064dc9556c89268bc4f56eba0b,1_maturity_evaluation,1,0.8639445900917053,,coconut-veirf-v5/train,train/images/700_jpg.rf.cbc0cf064dc9556c89268bc4f56eba0b.jpg,tender,2,700
lf1_maturity,701_jpg.rf.2fca942183db46ec63db735e69d34281,1_maturity_evaluation,1,0.9078404307365417,,coconut-veirf-v5/train,train/images/701_jpg.rf.2fca942183db46ec63db735e69d34281.jpg,tender,4,701
lf1_maturity,701_jpg.rf.825e554d03e1f5332644149e6984217f,1_maturity_evaluation,1,0.9126444458961487,,coconut-veirf-v5/train,train/images/701_jpg.rf.825e554d03e1f5332644149e6984217f.jpg,tender,4,701
lf1_maturity,701_jpg.rf.9db60b633de7b05098756e89bb7466d9,1_maturity_evaluation,1,0.9177807569503784,,coconut-veirf-v5/train,train/images/701_jpg.rf.9db60b633de7b05098756e89bb7466d9.jpg,tender,4,701
lf1_maturity,702_jpg.rf.2be588a2e9b88a3c81f4e653e3d68427,1_maturity_evaluation,1,0.8799474835395813,,coconut-veirf-v5/train,train/images/702_jpg.rf.2be588a2e9b88a3c81f4e653e3d68427.jpg,tender,1,702
lf1_maturity,702_jpg.rf.3016d789534307cee10556c46463d280,1_maturity_evaluation,1,0.8772044777870178,,coconut-veirf-v5/train,train/images/702_jpg.rf.3016d789534307cee10556c46463d280.jpg,tender,1,702
lf1_maturity,702_jpg.rf.dbcf0dba4f8981e0e78127c90cd6264e,1_maturity_evaluation,1,0.9019266963005066,,coconut-veirf-v5/train,train/images/702_jpg.rf.dbcf0dba4f8981e0e78127c90cd6264e.jpg,tender,1,702
lf1_maturity,703_jpg.rf.26db05c33c823602906477d3fd48a473,1_maturity_evaluation,1,0.8106833100318909,,coconut-veirf-v5/train,train/images/703_jpg.rf.26db05c33c823602906477d3fd48a473.jpg,tender,1,703
lf1_maturity,703_jpg.rf.696be8e156e42cee632b7d2a29709699,1_maturity_evaluation,1,0.8208178281784058,,coconut-veirf-v5/train,train/images/703_jpg.rf.696be8e156e42cee632b7d2a29709699.jpg,tender,1,703
lf1_maturity,703_jpg.rf.77c473aaa5290b04e8f111f5558c867d,1_maturity_evaluation,1,0.8084309697151184,,coconut-veirf-v5/train,train/images/703_jpg.rf.77c473aaa5290b04e8f111f5558c867d.jpg,tender,1,703
lf1_maturity,704_jpg.rf.4f984dd7235f29fbabfa09820cf8955c,1_maturity_evaluation,1,0.8534165620803833,,coconut-veirf-v5/train,train/images/704_jpg.rf.4f984dd7235f29fbabfa09820cf8955c.jpg,tender,2,704
lf1_maturity,704_jpg.rf.a808991cc00c2b3450c2799ca01c481a,1_maturity_evaluation,1,0.8868458867073059,,coconut-veirf-v5/train,train/images/704_jpg.rf.a808991cc00c2b3450c2799ca01c481a.jpg,tender,2,704
lf1_maturity,704_jpg.rf.d03b350ba3b91157be5d86b784b5eb1a,1_maturity_evaluation,1,0.7794135808944702,,coconut-veirf-v5/train,train/images/704_jpg.rf.d03b350ba3b91157be5d86b784b5eb1a.jpg,tender,2,704
lf1_maturity,705_jpg.rf.981f893cae6ed63ca5ca055c75d3e417,1_maturity_evaluation,1,0.9058609008789062,,coconut-veirf-v5/train,train/images/705_jpg.rf.981f893cae6ed63ca5ca055c75d3e417.jpg,tender,1,705
lf1_maturity,705_jpg.rf.c922806d652620a579b193f21d55e7b4,1_maturity_evaluation,1,0.9185454249382019,,coconut-veirf-v5/train,train/images/705_jpg.rf.c922806d652620a579b193f21d55e7b4.jpg,tender,1,705
lf1_maturity,705_jpg.rf.f594dd380763b6f533934174aea0eb72,1_maturity_evaluation,1,0.9235708117485046,,coconut-veirf-v5/train,train/images/705_jpg.rf.f594dd380763b6f533934174aea0eb72.jpg,tender,1,705
lf1_maturity,706_jpg.rf.55c632e28a94a01b122652c5b5c0b864,1_maturity_evaluation,1,0.8545966744422913,,coconut-veirf-v5/train,train/images/706_jpg.rf.55c632e28a94a01b122652c5b5c0b864.jpg,tender,4,706
lf1_maturity,706_jpg.rf.74ae8c98a7766c2bb5dafe9603b7c1d5,1_maturity_evaluation,1,0.8778740763664246,,coconut-veirf-v5/train,train/images/706_jpg.rf.74ae8c98a7766c2bb5dafe9603b7c1d5.jpg,tender,4,706
lf1_maturity,706_jpg.rf.914474a1eea7553330374480d67e7033,1_maturity_evaluation,1,0.8778786659240723,,coconut-veirf-v5/train,train/images/706_jpg.rf.914474a1eea7553330374480d67e7033.jpg,tender,4,706
lf1_maturity,707_jpg.rf.5578d546197409e232f20fedc066c7b2,1_maturity_evaluation,1,0.8464050889015198,,coconut-veirf-v5/train,train/images/707_jpg.rf.5578d546197409e232f20fedc066c7b2.jpg,tender,3,707
lf1_maturity,707_jpg.rf.9b824e54f8c31507b399eb562ccc7b07,1_maturity_evaluation,1,0.8310508131980896,,coconut-veirf-v5/train,train/images/707_jpg.rf.9b824e54f8c31507b399eb562ccc7b07.jpg,tender,3,707
lf1_maturity,707_jpg.rf.9bd9a367cda09b44a551d298dc7abd46,1_maturity_evaluation,1,0.8440731167793274,,coconut-veirf-v5/train,train/images/707_jpg.rf.9bd9a367cda09b44a551d298dc7abd46.jpg,tender,3,707
lf1_maturity,708_jpg.rf.777c3b7e82c8a5af2da3c47db6ba1ece,1_maturity_evaluation,1,0.8925211429595947,,coconut-veirf-v5/train,train/images/708_jpg.rf.777c3b7e82c8a5af2da3c47db6ba1ece.jpg,tender,1,708
lf1_maturity,708_jpg.rf.bd490cb2d3c8390e12530557124b0286,1_maturity_evaluation,1,0.8868617415428162,,coconut-veirf-v5/train,train/images/708_jpg.rf.bd490cb2d3c8390e12530557124b0286.jpg,tender,1,708
lf1_maturity,708_jpg.rf.d6028f635e85e0e9d909b819f275d9b3,1_maturity_evaluation,1,0.8991236686706543,,coconut-veirf-v5/train,train/images/708_jpg.rf.d6028f635e85e0e9d909b819f275d9b3.jpg,tender,1,708
lf1_maturity,709_jpg.rf.0b314ccb94848b43a64605c5aa3a1e6d,1_maturity_evaluation,1,0.8851159811019897,,coconut-veirf-v5/train,train/images/709_jpg.rf.0b314ccb94848b43a64605c5aa3a1e6d.jpg,tender,3,709
lf1_maturity,709_jpg.rf.ca095d5d25b0e9c59366678b09821cdc,1_maturity_evaluation,1,0.894279956817627,,coconut-veirf-v5/train,train/images/709_jpg.rf.ca095d5d25b0e9c59366678b09821cdc.jpg,tender,3,709
lf1_maturity,709_jpg.rf.e9538d23d3adff3bf51c9da0d8398f97,1_maturity_evaluation,1,0.872875452041626,,coconut-veirf-v5/train,train/images/709_jpg.rf.e9538d23d3adff3bf51c9da0d8398f97.jpg,tender,3,709
lf1_maturity,70_jpg.rf.b34698a45e65bb86bf361bddd7ff1e65,1_maturity_evaluation,1,0.9074791073799133,,coconut-veirf-v5/train,train/images/70_jpg.rf.b34698a45e65bb86bf361bddd7ff1e65.jpg,green,1,70
lf1_maturity,70_jpg.rf.d45b652d3cdadee4a3d9ec04b74ab319,1_maturity_evaluation,1,0.8936268091201782,,coconut-veirf-v5/train,train/images/70_jpg.rf.d45b652d3cdadee4a3d9ec04b74ab319.jpg,green,1,70
lf1_maturity,70_jpg.rf.da25f233c1f89a35b37b82539ec45b1a,1_maturity_evaluation,1,0.9181002974510193,,coconut-veirf-v5/train,train/images/70_jpg.rf.da25f233c1f89a35b37b82539ec45b1a.jpg,green,1,70
lf1_maturity,711_jpg.rf.384ff07ff2e9589ac3ebc82188bfb28b,1_maturity_evaluation,1,0.8780978322029114,,coconut-veirf-v5/train,train/images/711_jpg.rf.384ff07ff2e9589ac3ebc82188bfb28b.jpg,tender,1,711
lf1_maturity,711_jpg.rf.792be6a53c586fad7c8b262fe98b6379,1_maturity_evaluation,1,0.886640727519989,,coconut-veirf-v5/train,train/images/711_jpg.rf.792be6a53c586fad7c8b262fe98b6379.jpg,tender,1,711
lf1_maturity,711_jpg.rf.bae5a12c34a5e530996825800a139f53,1_maturity_evaluation,1,0.8898087739944458,,coconut-veirf-v5/train,train/images/711_jpg.rf.bae5a12c34a5e530996825800a139f53.jpg,tender,1,711
lf1_maturity,712_jpg.rf.7e0a0b8f3289327eb95f3a8580928667,1_maturity_evaluation,1,0.8788682818412781,,coconut-veirf-v5/train,train/images/712_jpg.rf.7e0a0b8f3289327eb95f3a8580928667.jpg,tender,1,712
lf1_maturity,712_jpg.rf.9739f244badf78958917670840d48996,1_maturity_evaluation,1,0.8856968283653259,,coconut-veirf-v5/train,train/images/712_jpg.rf.9739f244badf78958917670840d48996.jpg,tender,1,712
lf1_maturity,712_jpg.rf.e508e1102084cf87dfd8ec97ebcbaaac,1_maturity_evaluation,1,0.8860942125320435,,coconut-veirf-v5/train,train/images/712_jpg.rf.e508e1102084cf87dfd8ec97ebcbaaac.jpg,tender,1,712
lf1_maturity,716_jpg.rf.1cb9462942f1946194489cada28cf82d,1_maturity_evaluation,1,0.9409353733062744,,coconut-veirf-v5/train,train/images/716_jpg.rf.1cb9462942f1946194489cada28cf82d.jpg,tender,3,716
lf1_maturity,716_jpg.rf.4c7cd32032120b8b1c2596fff713ca28,1_maturity_evaluation,1,0.9340707063674927,,coconut-veirf-v5/train,train/images/716_jpg.rf.4c7cd32032120b8b1c2596fff713ca28.jpg,tender,3,716
lf1_maturity,716_jpg.rf.72027b8ee87cab7bbf230d2a8f5e932c,1_maturity_evaluation,1,0.932961106300354,,coconut-veirf-v5/train,train/images/716_jpg.rf.72027b8ee87cab7bbf230d2a8f5e932c.jpg,tender,3,716
lf1_maturity,717_jpg.rf.05ee4a3883c73e3e7e35a16b5d30651f,1_maturity_evaluation,1,0.8769677877426147,,coconut-veirf-v5/train,train/images/717_jpg.rf.05ee4a3883c73e3e7e35a16b5d30651f.jpg,tender,3,717
lf1_maturity,717_jpg.rf.35a8fdaaf219ca56d08e144e027a7031,1_maturity_evaluation,1,0.7960522770881653,,coconut-veirf-v5/train,train/images/717_jpg.rf.35a8fdaaf219ca56d08e144e027a7031.jpg,tender,3,717
lf1_maturity,717_jpg.rf.6eb1ab9056accc8464d54132ca1fa265,1_maturity_evaluation,1,0.8705176711082458,,coconut-veirf-v5/train,train/images/717_jpg.rf.6eb1ab9056accc8464d54132ca1fa265.jpg,tender,3,717
lf1_maturity,718_jpg.rf.23047ea4a26eeecb5d70b2db7d6c86b9,1_maturity_evaluation,1,0.8537824153900146,,coconut-veirf-v5/train,train/images/718_jpg.rf.23047ea4a26eeecb5d70b2db7d6c86b9.jpg,tender,1,718
lf1_maturity,718_jpg.rf.3d4715a660b187b3bc1fd9e348dca74f,1_maturity_evaluation,1,0.8194528818130493,,coconut-veirf-v5/train,train/images/718_jpg.rf.3d4715a660b187b3bc1fd9e348dca74f.jpg,tender,1,718
lf1_maturity,718_jpg.rf.43f878f1eff67d66ddfc1edcceaf39e6,1_maturity_evaluation,1,0.8488259315490723,,coconut-veirf-v5/train,train/images/718_jpg.rf.43f878f1eff67d66ddfc1edcceaf39e6.jpg,tender,1,718
lf1_maturity,71_jpg.rf.1c50a796cdb0b51a14f2f176d39c2988,1_maturity_evaluation,0,0.897375226020813,,coconut-veirf-v5/train,train/images/71_jpg.rf.1c50a796cdb0b51a14f2f176d39c2988.jpg,tender,3,71
lf1_maturity,71_jpg.rf.935ca8ae0a3aa33281b013a062acd954,1_maturity_evaluation,0,0.8154366612434387,,coconut-veirf-v5/train,train/images/71_jpg.rf.935ca8ae0a3aa33281b013a062acd954.jpg,tender,3,71
lf1_maturity,71_jpg.rf.fbfbd87194638069a91b0818792b31db,1_maturity_evaluation,0,0.49054351449012756,,coconut-veirf-v5/train,train/images/71_jpg.rf.fbfbd87194638069a91b0818792b31db.jpg,tender,3,71
lf1_maturity,722_jpg.rf.2f3b34b174d7c83bef0186f391e0dfb8,1_maturity_evaluation,1,0.7162117958068848,,coconut-veirf-v5/train,train/images/722_jpg.rf.2f3b34b174d7c83bef0186f391e0dfb8.jpg,tender,0,722
lf1_maturity,722_jpg.rf.ac087a24b01f93b2967269fad9b755fb,1_maturity_evaluation,1,0.7742780447006226,,coconut-veirf-v5/train,train/images/722_jpg.rf.ac087a24b01f93b2967269fad9b755fb.jpg,tender,0,722
lf1_maturity,722_jpg.rf.f6f6f27cc83855d2372f349b9dbfc827,1_maturity_evaluation,1,0.6535771489143372,,coconut-veirf-v5/train,train/images/722_jpg.rf.f6f6f27cc83855d2372f349b9dbfc827.jpg,tender,0,722
lf1_maturity,723_jpg.rf.23b196786dbf40503cab5829dd882c01,1_maturity_evaluation,1,0.8802996873855591,,coconut-veirf-v5/train,train/images/723_jpg.rf.23b196786dbf40503cab5829dd882c01.jpg,tender,0,723
lf1_maturity,723_jpg.rf.3c1a9398d07e062cd4008e5f15905701,1_maturity_evaluation,1,0.8934462666511536,,coconut-veirf-v5/train,train/images/723_jpg.rf.3c1a9398d07e062cd4008e5f15905701.jpg,tender,0,723
lf1_maturity,723_jpg.rf.d8ca038e8ec78861bc66bae3944de56a,1_maturity_evaluation,1,0.8829613924026489,,coconut-veirf-v5/train,train/images/723_jpg.rf.d8ca038e8ec78861bc66bae3944de56a.jpg,tender,0,723
lf1_maturity,725_jpg.rf.17f6a6ac3b6495cbf4aeac8a61378c06,1_maturity_evaluation,1,0.9249491691589355,,coconut-veirf-v5/train,train/images/725_jpg.rf.17f6a6ac3b6495cbf4aeac8a61378c06.jpg,tender,3,725
lf1_maturity,725_jpg.rf.6351ae6fa2a51fb660bed02798d42f5a,1_maturity_evaluation,1,0.9259152412414551,,coconut-veirf-v5/train,train/images/725_jpg.rf.6351ae6fa2a51fb660bed02798d42f5a.jpg,tender,3,725
lf1_maturity,725_jpg.rf.8e715c435a392f054be3d2a3306a837d,1_maturity_evaluation,1,0.9317918419837952,,coconut-veirf-v5/train,train/images/725_jpg.rf.8e715c435a392f054be3d2a3306a837d.jpg,tender,3,725
lf1_maturity,726_jpg.rf.84e1cf10e71211380586a1856256141e,1_maturity_evaluation,1,0.9030362367630005,,coconut-veirf-v5/train,train/images/726_jpg.rf.84e1cf10e71211380586a1856256141e.jpg,tender,4,726
lf1_maturity,726_jpg.rf.8b3e41a7f52851bf1926513d4a672ed5,1_maturity_evaluation,1,0.9282787442207336,,coconut-veirf-v5/train,train/images/726_jpg.rf.8b3e41a7f52851bf1926513d4a672ed5.jpg,tender,4,726
lf1_maturity,726_jpg.rf.9ce4d7cf5b957e69ed29fb6cbd064e69,1_maturity_evaluation,1,0.9172957539558411,,coconut-veirf-v5/train,train/images/726_jpg.rf.9ce4d7cf5b957e69ed29fb6cbd064e69.jpg,tender,4,726
lf1_maturity,728_jpg.rf.26f54f3140937435b4a68c301286ea32,1_maturity_evaluation,1,0.8752581477165222,,coconut-veirf-v5/train,train/images/728_jpg.rf.26f54f3140937435b4a68c301286ea32.jpg,tender,2,728
lf1_maturity,728_jpg.rf.3dc58653f29f305123496c97ea9376da,1_maturity_evaluation,1,0.8882984519004822,,coconut-veirf-v5/train,train/images/728_jpg.rf.3dc58653f29f305123496c97ea9376da.jpg,tender,2,728
lf1_maturity,728_jpg.rf.d66ebcd0833e8037e9c99feae7464cc8,1_maturity_evaluation,1,0.8867347240447998,,coconut-veirf-v5/train,train/images/728_jpg.rf.d66ebcd0833e8037e9c99feae7464cc8.jpg,tender,2,728
lf1_maturity,72_jpg.rf.104e6b9a1a1e49d01b8e6df6023d0267,1_maturity_evaluation,1,0.9752377271652222,,coconut-veirf-v5/train,train/images/72_jpg.rf.104e6b9a1a1e49d01b8e6df6023d0267.jpg,green,2,72
lf1_maturity,72_jpg.rf.444f165b9d18187720f77a478f734aaa,1_maturity_evaluation,1,0.9736663699150085,,coconut-veirf-v5/train,train/images/72_jpg.rf.444f165b9d18187720f77a478f734aaa.jpg,green,2,72
lf1_maturity,72_jpg.rf.d0e1a0e2a34c8555fe1536f0635b26c8,1_maturity_evaluation,1,0.963968813419342,,coconut-veirf-v5/train,train/images/72_jpg.rf.d0e1a0e2a34c8555fe1536f0635b26c8.jpg,green,2,72
lf1_maturity,732_jpg.rf.30cffc07083b4ac771c53383970bf763,1_maturity_evaluation,1,0.8969182372093201,,coconut-veirf-v5/train,train/images/732_jpg.rf.30cffc07083b4ac771c53383970bf763.jpg,tender,2,732
lf1_maturity,732_jpg.rf.4d164922ca16973a47de3365905a524a,1_maturity_evaluation,1,0.889037549495697,,coconut-veirf-v5/train,train/images/732_jpg.rf.4d164922ca16973a47de3365905a524a.jpg,tender,2,732
lf1_maturity,732_jpg.rf.9d1e04c01f5e48e19b82b36782286cda,1_maturity_evaluation,1,0.8929482102394104,,coconut-veirf-v5/train,train/images/732_jpg.rf.9d1e04c01f5e48e19b82b36782286cda.jpg,tender,2,732
lf1_maturity,733_jpg.rf.ca40ebb7eccaab3a236aa9110feab1a5,1_maturity_evaluation,1,0.8859702348709106,,coconut-veirf-v5/train,train/images/733_jpg.rf.ca40ebb7eccaab3a236aa9110feab1a5.jpg,tender,0,733
lf1_maturity,733_jpg.rf.db1e7f131b5de4f8cf9f93f8c210e74d,1_maturity_evaluation,1,0.7730407118797302,,coconut-veirf-v5/train,train/images/733_jpg.rf.db1e7f131b5de4f8cf9f93f8c210e74d.jpg,tender,0,733
lf1_maturity,733_jpg.rf.ef7af416b8929e262017fbb3fc350867,1_maturity_evaluation,1,0.8870735764503479,,coconut-veirf-v5/train,train/images/733_jpg.rf.ef7af416b8929e262017fbb3fc350867.jpg,tender,0,733
lf1_maturity,734_jpg.rf.206fe550cee485c11a1daac0750926c8,1_maturity_evaluation,1,0.8555279970169067,,coconut-veirf-v5/train,train/images/734_jpg.rf.206fe550cee485c11a1daac0750926c8.jpg,tender,1,734
lf1_maturity,734_jpg.rf.cc287ef48a2455988aeb689e3a3895db,1_maturity_evaluation,1,0.8401997685432434,,coconut-veirf-v5/train,train/images/734_jpg.rf.cc287ef48a2455988aeb689e3a3895db.jpg,tender,1,734
lf1_maturity,734_jpg.rf.da8ef7fa0ad8b6b2bd8fe7aad94df478,1_maturity_evaluation,1,0.8481127619743347,,coconut-veirf-v5/train,train/images/734_jpg.rf.da8ef7fa0ad8b6b2bd8fe7aad94df478.jpg,dry|tender,1,734
lf1_maturity,736_jpg.rf.21603b63999ebce50e1372f53d920366,1_maturity_evaluation,1,0.8470591306686401,,coconut-veirf-v5/train,train/images/736_jpg.rf.21603b63999ebce50e1372f53d920366.jpg,tender,4,736
lf1_maturity,736_jpg.rf.42a5e60355b8649ba547e0e7646e52ce,1_maturity_evaluation,1,0.860527515411377,,coconut-veirf-v5/train,train/images/736_jpg.rf.42a5e60355b8649ba547e0e7646e52ce.jpg,tender,4,736
lf1_maturity,736_jpg.rf.ad448dfb280d6be61e9906b22c6467c1,1_maturity_evaluation,1,0.8405757546424866,,coconut-veirf-v5/train,train/images/736_jpg.rf.ad448dfb280d6be61e9906b22c6467c1.jpg,tender,4,736
lf1_maturity,738_jpg.rf.424f2a820b00ebcd35e05755dcf82614,1_maturity_evaluation,1,0.886612057685852,,coconut-veirf-v5/train,train/images/738_jpg.rf.424f2a820b00ebcd35e05755dcf82614.jpg,tender,2,738
lf1_maturity,738_jpg.rf.9985279ec9ef5fad6a63745a5866365b,1_maturity_evaluation,1,0.8996016383171082,,coconut-veirf-v5/train,train/images/738_jpg.rf.9985279ec9ef5fad6a63745a5866365b.jpg,tender,2,738
lf1_maturity,738_jpg.rf.ead07fcc5f8432c0fd1a065fb529d1e5,1_maturity_evaluation,1,0.9048095345497131,,coconut-veirf-v5/train,train/images/738_jpg.rf.ead07fcc5f8432c0fd1a065fb529d1e5.jpg,tender,2,738
lf1_maturity,739_jpg.rf.12c136e156851c3adb93492497f9bde3,1_maturity_evaluation,1,0.8808960318565369,,coconut-veirf-v5/train,train/images/739_jpg.rf.12c136e156851c3adb93492497f9bde3.jpg,tender,1,739
lf1_maturity,739_jpg.rf.4eb176d76b48a04fd16473b26ee565bf,1_maturity_evaluation,1,0.8811233639717102,,coconut-veirf-v5/train,train/images/739_jpg.rf.4eb176d76b48a04fd16473b26ee565bf.jpg,tender,1,739
lf1_maturity,739_jpg.rf.c5a92e4b4ed0dc02b366a1b1d4f8c44a,1_maturity_evaluation,1,0.8920194506645203,,coconut-veirf-v5/train,train/images/739_jpg.rf.c5a92e4b4ed0dc02b366a1b1d4f8c44a.jpg,tender,1,739
lf1_maturity,742_jpg.rf.8a4681834c3d73fc82e66e395e19eef6,1_maturity_evaluation,1,0.9148512482643127,,coconut-veirf-v5/train,train/images/742_jpg.rf.8a4681834c3d73fc82e66e395e19eef6.jpg,tender,4,742
lf1_maturity,742_jpg.rf.c76254ed85d7d169c6cf3c0e6c8f68b9,1_maturity_evaluation,1,0.9361039400100708,,coconut-veirf-v5/train,train/images/742_jpg.rf.c76254ed85d7d169c6cf3c0e6c8f68b9.jpg,tender,4,742
lf1_maturity,742_jpg.rf.f0aad9e96c528df5ee276765fbb4d3bb,1_maturity_evaluation,1,0.9250400066375732,,coconut-veirf-v5/train,train/images/742_jpg.rf.f0aad9e96c528df5ee276765fbb4d3bb.jpg,tender,4,742
lf1_maturity,743_jpg.rf.ec8bc9fc52b4e6a6fdba806e64d95bd8,1_maturity_evaluation,1,0.9210258722305298,,coconut-veirf-v5/train,train/images/743_jpg.rf.ec8bc9fc52b4e6a6fdba806e64d95bd8.jpg,tender,2,743
lf1_maturity,743_jpg.rf.f1d6138d2db9839bf1c5c946adb92946,1_maturity_evaluation,1,0.9265916347503662,,coconut-veirf-v5/train,train/images/743_jpg.rf.f1d6138d2db9839bf1c5c946adb92946.jpg,tender,2,743
lf1_maturity,743_jpg.rf.f6961e11cc59419a622ced3dff90eef5,1_maturity_evaluation,1,0.9340260028839111,,coconut-veirf-v5/train,train/images/743_jpg.rf.f6961e11cc59419a622ced3dff90eef5.jpg,tender,2,743
lf1_maturity,745_jpg.rf.10bfd38f4d6867397b482d16683c1674,1_maturity_evaluation,1,0.818557620048523,,coconut-veirf-v5/train,train/images/745_jpg.rf.10bfd38f4d6867397b482d16683c1674.jpg,tender,4,745
lf1_maturity,745_jpg.rf.3f68c4a3bd54dfa1b25cd28c0411aa70,1_maturity_evaluation,1,0.8458941578865051,,coconut-veirf-v5/train,train/images/745_jpg.rf.3f68c4a3bd54dfa1b25cd28c0411aa70.jpg,dry|tender,4,745
lf1_maturity,745_jpg.rf.7a5848e25772a367fc86de537d4fd607,1_maturity_evaluation,1,0.8362019062042236,,coconut-veirf-v5/train,train/images/745_jpg.rf.7a5848e25772a367fc86de537d4fd607.jpg,tender,4,745
lf1_maturity,747_jpg.rf.54d262b5643971ceccd913272ca0f6c0,1_maturity_evaluation,1,0.9277834892272949,,coconut-veirf-v5/train,train/images/747_jpg.rf.54d262b5643971ceccd913272ca0f6c0.jpg,tender,2,747
lf1_maturity,747_jpg.rf.6e74305bf2a031c32b6e6741016d79b6,1_maturity_evaluation,1,0.9267176985740662,,coconut-veirf-v5/train,train/images/747_jpg.rf.6e74305bf2a031c32b6e6741016d79b6.jpg,tender,2,747
lf1_maturity,747_jpg.rf.7e97565abe6f5d565825581117b87037,1_maturity_evaluation,1,0.9286429286003113,,coconut-veirf-v5/train,train/images/747_jpg.rf.7e97565abe6f5d565825581117b87037.jpg,tender,2,747
lf1_maturity,748_jpg.rf.682425bc996dd9267e812025f251e96c,1_maturity_evaluation,1,0.9066596031188965,,coconut-veirf-v5/train,train/images/748_jpg.rf.682425bc996dd9267e812025f251e96c.jpg,tender,4,748
lf1_maturity,748_jpg.rf.b92428d35160edcefe02315b6c74ce55,1_maturity_evaluation,1,0.8656395077705383,,coconut-veirf-v5/train,train/images/748_jpg.rf.b92428d35160edcefe02315b6c74ce55.jpg,tender,4,748
lf1_maturity,748_jpg.rf.e79c2baca1c8e9f6faf395d455f16c8f,1_maturity_evaluation,1,0.9177647829055786,,coconut-veirf-v5/train,train/images/748_jpg.rf.e79c2baca1c8e9f6faf395d455f16c8f.jpg,tender,4,748
lf1_maturity,749_jpg.rf.1737ea66f361d7cdfafd1379b1a5f668,1_maturity_evaluation,1,0.9472895264625549,,coconut-veirf-v5/train,train/images/749_jpg.rf.1737ea66f361d7cdfafd1379b1a5f668.jpg,tender,2,749
lf1_maturity,749_jpg.rf.28a1c1f2a96bb88fc04c8692aba26571,1_maturity_evaluation,1,0.8572923541069031,,coconut-veirf-v5/train,train/images/749_jpg.rf.28a1c1f2a96bb88fc04c8692aba26571.jpg,tender,2,749
lf1_maturity,749_jpg.rf.9bc11f47f4ec1717b19208c5bde47ccb,1_maturity_evaluation,1,0.936553955078125,,coconut-veirf-v5/train,train/images/749_jpg.rf.9bc11f47f4ec1717b19208c5bde47ccb.jpg,tender,2,749
lf1_maturity,750_jpg.rf.3547caf16ca62c821360a6c347b325b2,1_maturity_evaluation,1,0.8746855854988098,,coconut-veirf-v5/train,train/images/750_jpg.rf.3547caf16ca62c821360a6c347b325b2.jpg,tender,2,750
lf1_maturity,750_jpg.rf.3e34bc3c89e982d205d688e24eabb7a9,1_maturity_evaluation,1,0.8690986633300781,,coconut-veirf-v5/train,train/images/750_jpg.rf.3e34bc3c89e982d205d688e24eabb7a9.jpg,tender,2,750
lf1_maturity,750_jpg.rf.e603228b83813458e2fc23e336fae8dc,1_maturity_evaluation,1,0.8737882375717163,,coconut-veirf-v5/train,train/images/750_jpg.rf.e603228b83813458e2fc23e336fae8dc.jpg,tender,2,750
lf1_maturity,751_jpg.rf.6073c3463e98d79a65dd287979a69cd6,1_maturity_evaluation,1,0.7279937863349915,,coconut-veirf-v5/train,train/images/751_jpg.rf.6073c3463e98d79a65dd287979a69cd6.jpg,tender,2,751
lf1_maturity,751_jpg.rf.b29a1c59e583af929fe8117581d53eb2,1_maturity_evaluation,1,0.7552249431610107,,coconut-veirf-v5/train,train/images/751_jpg.rf.b29a1c59e583af929fe8117581d53eb2.jpg,tender,2,751
lf1_maturity,751_jpg.rf.e707676416bb16af4f5d1287b8568afc,1_maturity_evaluation,1,0.7444339394569397,,coconut-veirf-v5/train,train/images/751_jpg.rf.e707676416bb16af4f5d1287b8568afc.jpg,tender,2,751
lf1_maturity,755_jpg.rf.05858db5cd24f4dd6c7e35905d81a1b8,1_maturity_evaluation,1,0.9473079442977905,,coconut-veirf-v5/train,train/images/755_jpg.rf.05858db5cd24f4dd6c7e35905d81a1b8.jpg,tender,2,755
lf1_maturity,755_jpg.rf.63c5f56d0fb4df790aa5627e385e57d6,1_maturity_evaluation,1,0.9172148108482361,,coconut-veirf-v5/train,train/images/755_jpg.rf.63c5f56d0fb4df790aa5627e385e57d6.jpg,tender,2,755
lf1_maturity,755_jpg.rf.ca2c7b403df53d1ae86a97bf8bdd6540,1_maturity_evaluation,1,0.9440883994102478,,coconut-veirf-v5/train,train/images/755_jpg.rf.ca2c7b403df53d1ae86a97bf8bdd6540.jpg,tender,2,755
lf1_maturity,756_jpg.rf.6310ca62273111c54bd451111b485f7d,1_maturity_evaluation,1,0.8628599643707275,,coconut-veirf-v5/train,train/images/756_jpg.rf.6310ca62273111c54bd451111b485f7d.jpg,tender,2,756
lf1_maturity,756_jpg.rf.79207623c7a1571426f3b878868a3d10,1_maturity_evaluation,1,0.8499513268470764,,coconut-veirf-v5/train,train/images/756_jpg.rf.79207623c7a1571426f3b878868a3d10.jpg,tender,2,756
lf1_maturity,756_jpg.rf.a88098c064736b06c01ebe97f4036ed9,1_maturity_evaluation,1,0.860905110836029,,coconut-veirf-v5/train,train/images/756_jpg.rf.a88098c064736b06c01ebe97f4036ed9.jpg,tender,2,756
lf1_maturity,757_jpg.rf.22ac0c9431289496601e452c8607b49b,1_maturity_evaluation,0,0.8090556859970093,,coconut-veirf-v5/train,train/images/757_jpg.rf.22ac0c9431289496601e452c8607b49b.jpg,tender,2,757
lf1_maturity,757_jpg.rf.a576301b7761bd58bfd6341821135a14,1_maturity_evaluation,0,0.8513768911361694,,coconut-veirf-v5/train,train/images/757_jpg.rf.a576301b7761bd58bfd6341821135a14.jpg,tender,2,757
lf1_maturity,757_jpg.rf.bf1f1759e8322d7034a7a6e7f8a3a258,1_maturity_evaluation,0,0.8281787633895874,,coconut-veirf-v5/train,train/images/757_jpg.rf.bf1f1759e8322d7034a7a6e7f8a3a258.jpg,green|tender,2,757
lf1_maturity,758_jpg.rf.43cbab9d8140cf0a9fc68c885a9e4cd0,1_maturity_evaluation,1,0.9432328939437866,,coconut-veirf-v5/train,train/images/758_jpg.rf.43cbab9d8140cf0a9fc68c885a9e4cd0.jpg,tender,0,758
lf1_maturity,758_jpg.rf.676bccf60bd7aab443ff1458c3503c2d,1_maturity_evaluation,1,0.9561324715614319,,coconut-veirf-v5/train,train/images/758_jpg.rf.676bccf60bd7aab443ff1458c3503c2d.jpg,green|tender,0,758
lf1_maturity,758_jpg.rf.93e8bc629e1a7c9c153b3b4b39e5e96c,1_maturity_evaluation,1,0.946071207523346,,coconut-veirf-v5/train,train/images/758_jpg.rf.93e8bc629e1a7c9c153b3b4b39e5e96c.jpg,tender,0,758
lf1_maturity,759_jpg.rf.438a83fcceb26e7bfe098373f5177db1,1_maturity_evaluation,1,0.9067667722702026,,coconut-veirf-v5/train,train/images/759_jpg.rf.438a83fcceb26e7bfe098373f5177db1.jpg,tender,3,759
lf1_maturity,759_jpg.rf.67ad8333fc1189ba94ae171def00c108,1_maturity_evaluation,1,0.9251920580863953,,coconut-veirf-v5/train,train/images/759_jpg.rf.67ad8333fc1189ba94ae171def00c108.jpg,tender,3,759
lf1_maturity,759_jpg.rf.bbb52dea6fed4b35970d2bc6952da6b6,1_maturity_evaluation,1,0.8154962062835693,,coconut-veirf-v5/train,train/images/759_jpg.rf.bbb52dea6fed4b35970d2bc6952da6b6.jpg,tender,3,759
lf1_maturity,75_jpg.rf.a3aa9842ff3c0776a7ba6412ede7184f,1_maturity_evaluation,1,0.890920877456665,,coconut-veirf-v5/train,train/images/75_jpg.rf.a3aa9842ff3c0776a7ba6412ede7184f.jpg,green|tender,2,75
lf1_maturity,75_jpg.rf.b9970a039c1275c06ae5d2ebc40c927e,1_maturity_evaluation,1,0.936013400554657,,coconut-veirf-v5/train,train/images/75_jpg.rf.b9970a039c1275c06ae5d2ebc40c927e.jpg,green|tender,2,75
lf1_maturity,75_jpg.rf.f0cde20dfe3cf7ebc9ce05b56f577b5a,1_maturity_evaluation,1,0.9400808811187744,,coconut-veirf-v5/train,train/images/75_jpg.rf.f0cde20dfe3cf7ebc9ce05b56f577b5a.jpg,tender,2,75
lf1_maturity,760_jpg.rf.21d3a052345e5adb8120bafa08742120,1_maturity_evaluation,1,0.8130833506584167,,coconut-veirf-v5/train,train/images/760_jpg.rf.21d3a052345e5adb8120bafa08742120.jpg,tender,4,760
lf1_maturity,760_jpg.rf.935a3e872ed5b7887d3faeafd7a16cac,1_maturity_evaluation,1,0.8007515072822571,,coconut-veirf-v5/train,train/images/760_jpg.rf.935a3e872ed5b7887d3faeafd7a16cac.jpg,tender,4,760
lf1_maturity,760_jpg.rf.b7376193a778fc40b4630b1b4b2a59c8,1_maturity_evaluation,1,0.8002547025680542,,coconut-veirf-v5/train,train/images/760_jpg.rf.b7376193a778fc40b4630b1b4b2a59c8.jpg,tender,4,760
lf1_maturity,77_jpg.rf.2065235ede5ee2840e03a3f5ba601ff2,1_maturity_evaluation,1,0.9787532091140747,,coconut-veirf-v5/train,train/images/77_jpg.rf.2065235ede5ee2840e03a3f5ba601ff2.jpg,green,2,77
lf1_maturity,77_jpg.rf.f0b46e11670d4c946e54c142fd3d1ba3,1_maturity_evaluation,1,0.9823639392852783,,coconut-veirf-v5/train,train/images/77_jpg.rf.f0b46e11670d4c946e54c142fd3d1ba3.jpg,green,2,77
lf1_maturity,77_jpg.rf.f90d09593bdc4b17158ed91446cc8e99,1_maturity_evaluation,1,0.9672814607620239,,coconut-veirf-v5/train,train/images/77_jpg.rf.f90d09593bdc4b17158ed91446cc8e99.jpg,green,2,77
lf1_maturity,78_jpg.rf.730181db81978efc9b1228db75137fa3,1_maturity_evaluation,1,0.940172553062439,,coconut-veirf-v5/train,train/images/78_jpg.rf.730181db81978efc9b1228db75137fa3.jpg,green,3,78
lf1_maturity,78_jpg.rf.80cc1e07c1ff036ab269e2490aa7d5cc,1_maturity_evaluation,1,0.9453043341636658,,coconut-veirf-v5/train,train/images/78_jpg.rf.80cc1e07c1ff036ab269e2490aa7d5cc.jpg,green,3,78
lf1_maturity,78_jpg.rf.860cf6edf966e2b7607b4c205f91d770,1_maturity_evaluation,1,0.9418094158172607,,coconut-veirf-v5/train,train/images/78_jpg.rf.860cf6edf966e2b7607b4c205f91d770.jpg,green,3,78
lf1_maturity,79_jpg.rf.1630b9c10b69cc07ee086fd24e59d124,1_maturity_evaluation,1,0.3934670686721802,,coconut-veirf-v5/train,train/images/79_jpg.rf.1630b9c10b69cc07ee086fd24e59d124.jpg,dry,1,79
lf1_maturity,79_jpg.rf.778532524e0d262bd469d1a79c70acb8,1_maturity_evaluation,0,0.2943704426288605,,coconut-veirf-v5/train,train/images/79_jpg.rf.778532524e0d262bd469d1a79c70acb8.jpg,dry|green,1,79
lf1_maturity,79_jpg.rf.7cb13bc0517b8c22c713479c91fb7c10,1_maturity_evaluation,1,0.26709291338920593,,coconut-veirf-v5/train,train/images/79_jpg.rf.7cb13bc0517b8c22c713479c91fb7c10.jpg,dry,1,79
lf1_maturity,7_jpg.rf.093e05a1474afcd8e6a4acbdb20d4348,1_maturity_evaluation,1,0.9429827928543091,,coconut-veirf-v5/train,train/images/7_jpg.rf.093e05a1474afcd8e6a4acbdb20d4348.jpg,green,1,7
lf1_maturity,7_jpg.rf.dd827dff8a5462c5946917a6f778fd54,1_maturity_evaluation,1,0.9429802298545837,,coconut-veirf-v5/train,train/images/7_jpg.rf.dd827dff8a5462c5946917a6f778fd54.jpg,green,1,7
lf1_maturity,7_jpg.rf.f8874e75c5ac784b374f7c4fa4e862b2,1_maturity_evaluation,1,0.9411532282829285,,coconut-veirf-v5/train,train/images/7_jpg.rf.f8874e75c5ac784b374f7c4fa4e862b2.jpg,green,1,7
lf1_maturity,81_jpg.rf.0beadb2a8ccdad59cc7dabd237cef178,1_maturity_evaluation,1,0.9252683520317078,,coconut-veirf-v5/train,train/images/81_jpg.rf.0beadb2a8ccdad59cc7dabd237cef178.jpg,dry,1,81
lf1_maturity,81_jpg.rf.6b73b4f2086bdf52f22229b26e49abbf,1_maturity_evaluation,1,0.9281476736068726,,coconut-veirf-v5/train,train/images/81_jpg.rf.6b73b4f2086bdf52f22229b26e49abbf.jpg,dry,1,81
lf1_maturity,81_jpg.rf.82e766bb96d4584790b6fb83e898928b,1_maturity_evaluation,1,0.9228596687316895,,coconut-veirf-v5/train,train/images/81_jpg.rf.82e766bb96d4584790b6fb83e898928b.jpg,dry,1,81
lf1_maturity,83_jpg.rf.03a5bf00b973a837e57436b022b96c64,1_maturity_evaluation,1,0.9561857581138611,,coconut-veirf-v5/train,train/images/83_jpg.rf.03a5bf00b973a837e57436b022b96c64.jpg,tender,1,83
lf1_maturity,83_jpg.rf.2a820191637902f7541ccde6949b3451,1_maturity_evaluation,1,0.950650691986084,,coconut-veirf-v5/train,train/images/83_jpg.rf.2a820191637902f7541ccde6949b3451.jpg,tender,1,83
lf1_maturity,83_jpg.rf.396d1f1926d366e6c243f0082be75225,1_maturity_evaluation,1,0.9520494937896729,,coconut-veirf-v5/train,train/images/83_jpg.rf.396d1f1926d366e6c243f0082be75225.jpg,tender,1,83
lf1_maturity,85_jpg.rf.8d2d5ea75e6701843381e74b682a9b28,1_maturity_evaluation,1,0.7676520943641663,,coconut-veirf-v5/train,train/images/85_jpg.rf.8d2d5ea75e6701843381e74b682a9b28.jpg,green,4,85
lf1_maturity,85_jpg.rf.91a4a56ad6f78868ab7aed877f5dd575,1_maturity_evaluation,1,0.7820637226104736,,coconut-veirf-v5/train,train/images/85_jpg.rf.91a4a56ad6f78868ab7aed877f5dd575.jpg,green,4,85
lf1_maturity,85_jpg.rf.d3ee2c13b0521dfe37dfebc83cde8217,1_maturity_evaluation,1,0.7508518099784851,,coconut-veirf-v5/train,train/images/85_jpg.rf.d3ee2c13b0521dfe37dfebc83cde8217.jpg,green,4,85
lf1_maturity,87_jpg.rf.3acdd93d68f0d178c66e22d05aeffe7c,1_maturity_evaluation,0,0.5984547734260559,,coconut-veirf-v5/train,train/images/87_jpg.rf.3acdd93d68f0d178c66e22d05aeffe7c.jpg,green,4,87
lf1_maturity,87_jpg.rf.8d9555d3708bc9623a387ab85150ae88,1_maturity_evaluation,0,0.6223390102386475,,coconut-veirf-v5/train,train/images/87_jpg.rf.8d9555d3708bc9623a387ab85150ae88.jpg,green,4,87
lf1_maturity,87_jpg.rf.facce9ddb9d5f1ecb78df64046fff026,1_maturity_evaluation,0,0.5094960331916809,,coconut-veirf-v5/train,train/images/87_jpg.rf.facce9ddb9d5f1ecb78df64046fff026.jpg,green,4,87
lf1_maturity,88_jpg.rf.08ec1f6f2f0d6170b4fc018f72a12543,1_maturity_evaluation,0,0.9240953922271729,,coconut-veirf-v5/train,train/images/88_jpg.rf.08ec1f6f2f0d6170b4fc018f72a12543.jpg,tender,2,88
lf1_maturity,88_jpg.rf.64e396f149eae2b937efb90ea8ab9bc5,1_maturity_evaluation,0,0.9115802049636841,,coconut-veirf-v5/train,train/images/88_jpg.rf.64e396f149eae2b937efb90ea8ab9bc5.jpg,tender,2,88
lf1_maturity,88_jpg.rf.904f5ac1f3c36c8f96ebf8d5555d6b9f,1_maturity_evaluation,0,0.929090142250061,,coconut-veirf-v5/train,train/images/88_jpg.rf.904f5ac1f3c36c8f96ebf8d5555d6b9f.jpg,tender,2,88
lf1_maturity,90_jpg.rf.1a6838e653005182b1cfc4bc1e7deafe,1_maturity_evaluation,1,0.9095370173454285,,coconut-veirf-v5/train,train/images/90_jpg.rf.1a6838e653005182b1cfc4bc1e7deafe.jpg,dry,4,90
lf1_maturity,90_jpg.rf.2a0c57b5f16994217ecdd1e4a86ca3e3,1_maturity_evaluation,1,0.8702681660652161,,coconut-veirf-v5/train,train/images/90_jpg.rf.2a0c57b5f16994217ecdd1e4a86ca3e3.jpg,dry,4,90
lf1_maturity,90_jpg.rf.6aa3c5bc9cb6b081e4b1b67ece8840dd,1_maturity_evaluation,1,0.9069297909736633,,coconut-veirf-v5/train,train/images/90_jpg.rf.6aa3c5bc9cb6b081e4b1b67ece8840dd.jpg,dry,4,90
lf1_maturity,96_jpg.rf.40719d3479ded3a2c22f218ba2757bdf,1_maturity_evaluation,1,0.7752752304077148,,coconut-veirf-v5/train,train/images/96_jpg.rf.40719d3479ded3a2c22f218ba2757bdf.jpg,green,1,96
lf1_maturity,96_jpg.rf.8bdcf4b751ef28a95899323aed07f4fd,1_maturity_evaluation,1,0.798560619354248,,coconut-veirf-v5/train,train/images/96_jpg.rf.8bdcf4b751ef28a95899323aed07f4fd.jpg,green,1,96
lf1_maturity,96_jpg.rf.9958e8ea202d4dfe8bdba64a9495a25c,1_maturity_evaluation,1,0.7838315963745117,,coconut-veirf-v5/train,train/images/96_jpg.rf.9958e8ea202d4dfe8bdba64a9495a25c.jpg,green,1,96
lf1_maturity,98_jpg.rf.082d1f6b8f63bdfe6800425ea6f3944e,1_maturity_evaluation,0,0.6131736636161804,,coconut-veirf-v5/train,train/images/98_jpg.rf.082d1f6b8f63bdfe6800425ea6f3944e.jpg,dry|green,0,98
lf1_maturity,98_jpg.rf.404a86337bd6de1acc1e55a5004d5bdf,1_maturity_evaluation,0,0.5258802175521851,,coconut-veirf-v5/train,train/images/98_jpg.rf.404a86337bd6de1acc1e55a5004d5bdf.jpg,dry,0,98
lf1_maturity,98_jpg.rf.a8f86f0fb439ae33ee458c57b7d6ad6c,1_maturity_evaluation,1,0.41739577054977417,,coconut-veirf-v5/train,train/images/98_jpg.rf.a8f86f0fb439ae33ee458c57b7d6ad6c.jpg,dry,0,98
lf1_maturity,99_jpg.rf.8e07578fe8014e6876ca231fc14dbd93,1_maturity_evaluation,0,0.6823503375053406,,coconut-veirf-v5/train,train/images/99_jpg.rf.8e07578fe8014e6876ca231fc14dbd93.jpg,dry,1,99
lf1_maturity,99_jpg.rf.f7c0f5ffdff86be74832fc0f77f2ccea,1_maturity_evaluation,0,0.6345865726470947,,coconut-veirf-v5/train,train/images/99_jpg.rf.f7c0f5ffdff86be74832fc0f77f2ccea.jpg,dry,1,99
lf1_maturity,9_jpg.rf.6982a158c6d0332b5e892c4f42fe6de2,1_maturity_evaluation,1,0.9514729380607605,,coconut-veirf-v5/train,train/images/9_jpg.rf.6982a158c6d0332b5e892c4f42fe6de2.jpg,green,2,9
lf1_maturity,9_jpg.rf.94022d2815be6ae744632e34323ecfc9,1_maturity_evaluation,1,0.9438714981079102,,coconut-veirf-v5/train,train/images/9_jpg.rf.94022d2815be6ae744632e34323ecfc9.jpg,green,2,9
lf1_maturity,9_jpg.rf.bd93a8741b71624dd451324e642dd8ae,1_maturity_evaluation,1,0.9384242296218872,,coconut-veirf-v5/train,train/images/9_jpg.rf.bd93a8741b71624dd451324e642dd8ae.jpg,green,2,9
lf1_maturity,0100_jpg.rf.0d343bad8dab2daf913d921a776694e7,1_maturity_evaluation,1,0.9069896936416626,,coconut-veirf-v5/valid,valid/images/0100_jpg.rf.0d343bad8dab2daf913d921a776694e7.jpg,green,0,0100
lf1_maturity,011_jpg.rf.6125db4869932d2246e1c63cdb4d1680,1_maturity_evaluation,1,0.9211923480033875,,coconut-veirf-v5/valid,valid/images/011_jpg.rf.6125db4869932d2246e1c63cdb4d1680.jpg,dry,1,011
lf1_maturity,018_jpg.rf.e836998369d489b08c6a1f59942b130c,1_maturity_evaluation,1,0.9328610301017761,,coconut-veirf-v5/valid,valid/images/018_jpg.rf.e836998369d489b08c6a1f59942b130c.jpg,dry,0,018
lf1_maturity,019_jpg.rf.d968e76ac51779ee570513b509510b57,1_maturity_evaluation,1,0.8392820358276367,,coconut-veirf-v5/valid,valid/images/019_jpg.rf.d968e76ac51779ee570513b509510b57.jpg,dry,4,019
lf1_maturity,022_jpg.rf.67395f06ace3af2d3384695dbf2011cb,1_maturity_evaluation,0,0.7520675659179688,,coconut-veirf-v5/valid,valid/images/022_jpg.rf.67395f06ace3af2d3384695dbf2011cb.jpg,green,4,022
lf1_maturity,027_jpg.rf.6b8411c2832a8ea72e4a1946ffc965da,1_maturity_evaluation,1,0.8361135721206665,,coconut-veirf-v5/valid,valid/images/027_jpg.rf.6b8411c2832a8ea72e4a1946ffc965da.jpg,dry,4,027
lf1_maturity,029_jpg.rf.77dcd828a97a397603679f93015d1bf6,1_maturity_evaluation,1,0.8943153023719788,,coconut-veirf-v5/valid,valid/images/029_jpg.rf.77dcd828a97a397603679f93015d1bf6.jpg,dry,2,029
lf1_maturity,031_jpg.rf.b997d31b04ef4f5f1a1d9d3c3ca00fc9,1_maturity_evaluation,1,0.9760160446166992,,coconut-veirf-v5/valid,valid/images/031_jpg.rf.b997d31b04ef4f5f1a1d9d3c3ca00fc9.jpg,green,2,031
lf1_maturity,034_jpg.rf.c78733b5dbd647633326fcebc4a368ac,1_maturity_evaluation,1,0.953386127948761,,coconut-veirf-v5/valid,valid/images/034_jpg.rf.c78733b5dbd647633326fcebc4a368ac.jpg,green,2,034
lf1_maturity,035_jpg.rf.f84d40bcb90cc69e2524622ad44d3de9,1_maturity_evaluation,1,0.8725401759147644,,coconut-veirf-v5/valid,valid/images/035_jpg.rf.f84d40bcb90cc69e2524622ad44d3de9.jpg,green,3,035
lf1_maturity,039_jpg.rf.6a7b757abbc330fc2f4e67bf635406a6,1_maturity_evaluation,1,0.592940092086792,,coconut-veirf-v5/valid,valid/images/039_jpg.rf.6a7b757abbc330fc2f4e67bf635406a6.jpg,green,4,039
lf1_maturity,03_jpg.rf.23f37c64ff4097b8bef807d4be6dedd3,1_maturity_evaluation,0,0.9634885191917419,,coconut-veirf-v5/valid,valid/images/03_jpg.rf.23f37c64ff4097b8bef807d4be6dedd3.jpg,tender,0,03
lf1_maturity,047_jpg.rf.87a10694450eafa409539feaa730fe93,1_maturity_evaluation,1,0.9181269407272339,,coconut-veirf-v5/valid,valid/images/047_jpg.rf.87a10694450eafa409539feaa730fe93.jpg,dry,1,047
lf1_maturity,055_jpeg.rf.48b25d091dadf1161944a77b019a0985,1_maturity_evaluation,1,0.8442129492759705,,coconut-veirf-v5/valid,valid/images/055_jpeg.rf.48b25d091dadf1161944a77b019a0985.jpg,dry,0,055_jpeg.rf.48b25d091dadf1161944a77b019a0985
lf1_maturity,064_jpg.rf.6e73bcbb321362fa2144a50ddffd3b90,1_maturity_evaluation,0,0.7886453866958618,,coconut-veirf-v5/valid,valid/images/064_jpg.rf.6e73bcbb321362fa2144a50ddffd3b90.jpg,dry,2,064
lf1_maturity,066_jpg.rf.815aca1ae83da1f0c538e536f02933b9,1_maturity_evaluation,1,0.7683954238891602,,coconut-veirf-v5/valid,valid/images/066_jpg.rf.815aca1ae83da1f0c538e536f02933b9.jpg,green,4,066
lf1_maturity,06_jpg.rf.5172ca7ed7bc6de67ef030732e7c4833,1_maturity_evaluation,1,0.915917694568634,,coconut-veirf-v5/valid,valid/images/06_jpg.rf.5172ca7ed7bc6de67ef030732e7c4833.jpg,green,2,06
lf1_maturity,083_jpg.rf.b86a1677e764495eec3499910aab985c,1_maturity_evaluation,1,0.9662107825279236,,coconut-veirf-v5/valid,valid/images/083_jpg.rf.b86a1677e764495eec3499910aab985c.jpg,tender,2,083
lf1_maturity,084_jpg.rf.c38b1b0ec46c01e0824f38830107a514,1_maturity_evaluation,1,0.8053363561630249,,coconut-veirf-v5/valid,valid/images/084_jpg.rf.c38b1b0ec46c01e0824f38830107a514.jpg,dry,4,084
lf1_maturity,089_jpg.rf.fa1ba0a7d3f53d8e5987bd14527ffc0d,1_maturity_evaluation,1,0.9045206904411316,,coconut-veirf-v5/valid,valid/images/089_jpg.rf.fa1ba0a7d3f53d8e5987bd14527ffc0d.jpg,dry,1,089
lf1_maturity,104_jpg.rf.6b6a577d02b54aa93edb64c16ff47ca0,1_maturity_evaluation,0,0.9384819865226746,,coconut-veirf-v5/valid,valid/images/104_jpg.rf.6b6a577d02b54aa93edb64c16ff47ca0.jpg,tender,2,104
lf1_maturity,110_jpg.rf.10f660cc0522eab867d86837d245a3dd,1_maturity_evaluation,1,0.9582059383392334,,coconut-veirf-v5/valid,valid/images/110_jpg.rf.10f660cc0522eab867d86837d245a3dd.jpg,dry,0,110
lf1_maturity,115_jpg.rf.7a5094f981fe322cbfc785f8a4f4caf7,1_maturity_evaluation,1,0.349137544631958,,coconut-veirf-v5/valid,valid/images/115_jpg.rf.7a5094f981fe322cbfc785f8a4f4caf7.jpg,dry|green,4,115
lf1_maturity,125_jpg.rf.439e58033145a9256d6915caac236ea0,1_maturity_evaluation,1,0.9090745449066162,,coconut-veirf-v5/valid,valid/images/125_jpg.rf.439e58033145a9256d6915caac236ea0.jpg,dry,1,125
lf1_maturity,126_jpg.rf.f912e18dbffdf0fd0638865d77e04964,1_maturity_evaluation,1,0.9262226819992065,,coconut-veirf-v5/valid,valid/images/126_jpg.rf.f912e18dbffdf0fd0638865d77e04964.jpg,green,2,126
lf1_maturity,132_jpg.rf.f7e974e7ea11ef07590507eb0eb836b5,1_maturity_evaluation,1,0.876553475856781,,coconut-veirf-v5/valid,valid/images/132_jpg.rf.f7e974e7ea11ef07590507eb0eb836b5.jpg,green,2,132
lf1_maturity,17_jpg.rf.4c6f1375b2f7781d11ad38f923854be1,1_maturity_evaluation,1,0.9400315284729004,,coconut-veirf-v5/valid,valid/images/17_jpg.rf.4c6f1375b2f7781d11ad38f923854be1.jpg,dry,2,17
lf1_maturity,22_jpg.rf.a152f7c47c9b8bafd390c4df1a257184,1_maturity_evaluation,0,0.7238041162490845,,coconut-veirf-v5/valid,valid/images/22_jpg.rf.a152f7c47c9b8bafd390c4df1a257184.jpg,tender,1,22
lf1_maturity,26_jpg.rf.b4ad46d76046277a59923eea1ca19add,1_maturity_evaluation,0,0.9372443556785583,,coconut-veirf-v5/valid,valid/images/26_jpg.rf.b4ad46d76046277a59923eea1ca19add.jpg,dry,0,26
lf1_maturity,27_jpg.rf.a678d2aafba8b585fe5274b44f81df57,1_maturity_evaluation,1,0.8871310949325562,,coconut-veirf-v5/valid,valid/images/27_jpg.rf.a678d2aafba8b585fe5274b44f81df57.jpg,dry,3,27
lf1_maturity,35_jpg.rf.c3b018ccde0c04ab6dbd34c06d7059a3,1_maturity_evaluation,1,0.8911754488945007,,coconut-veirf-v5/valid,valid/images/35_jpg.rf.c3b018ccde0c04ab6dbd34c06d7059a3.jpg,green,1,35
lf1_maturity,510_jpg.rf.1655ba8aea789354672ab136255daa16,1_maturity_evaluation,1,0.8175618648529053,,coconut-veirf-v5/valid,valid/images/510_jpg.rf.1655ba8aea789354672ab136255daa16.jpg,dry,4,510
lf1_maturity,517_jpg.rf.5058b5d30fe487ede6cfbf3baca1253d,1_maturity_evaluation,1,0.9820796251296997,,coconut-veirf-v5/valid,valid/images/517_jpg.rf.5058b5d30fe487ede6cfbf3baca1253d.jpg,dry|green,0,517
lf1_maturity,519_jpg.rf.75fb44821a0b36ee64cd7d7a13a7a5ee,1_maturity_evaluation,0,0.7463787198066711,,coconut-veirf-v5/valid,valid/images/519_jpg.rf.75fb44821a0b36ee64cd7d7a13a7a5ee.jpg,dry,4,519
lf1_maturity,521_jpg.rf.a7653ea8bd1f45404272e17d60fef14f,1_maturity_evaluation,1,0.9093433618545532,,coconut-veirf-v5/valid,valid/images/521_jpg.rf.a7653ea8bd1f45404272e17d60fef14f.jpg,dry,0,521
lf1_maturity,524_jpg.rf.53f036f4af2f03761aa073c575bde87a,1_maturity_evaluation,1,0.8602627515792847,,coconut-veirf-v5/valid,valid/images/524_jpg.rf.53f036f4af2f03761aa073c575bde87a.jpg,green,2,524
lf1_maturity,526_jpg.rf.642462b3b16c75fc0576416d96795c27,1_maturity_evaluation,1,0.906573474407196,,coconut-veirf-v5/valid,valid/images/526_jpg.rf.642462b3b16c75fc0576416d96795c27.jpg,green,0,526
lf1_maturity,528_jpg.rf.16aa52e401bdbc4e964700c9ff371ccc,1_maturity_evaluation,0,0.9240951538085938,,coconut-veirf-v5/valid,valid/images/528_jpg.rf.16aa52e401bdbc4e964700c9ff371ccc.jpg,dry|green,2,528
lf1_maturity,530_jpg.rf.eeff0bd3e1d176ca34dfdc78daac1976,1_maturity_evaluation,1,0.9639174342155457,,coconut-veirf-v5/valid,valid/images/530_jpg.rf.eeff0bd3e1d176ca34dfdc78daac1976.jpg,green,0,530
lf1_maturity,608_jpg.rf.e69f166858cfb6801831b3b2c448b048,1_maturity_evaluation,1,0.8665759563446045,,coconut-veirf-v5/valid,valid/images/608_jpg.rf.e69f166858cfb6801831b3b2c448b048.jpg,tender,2,608
lf1_maturity,617_jpg.rf.f3101f20d175da53768fe90a86043277,1_maturity_evaluation,1,0.8287955522537231,,coconut-veirf-v5/valid,valid/images/617_jpg.rf.f3101f20d175da53768fe90a86043277.jpg,tender,4,617
lf1_maturity,620_jpg.rf.9e3312d1d096875e301d8444ee127f7e,1_maturity_evaluation,1,0.7686512470245361,,coconut-veirf-v5/valid,valid/images/620_jpg.rf.9e3312d1d096875e301d8444ee127f7e.jpg,tender,0,620
lf1_maturity,624_jpg.rf.a9e9c2072605afc4cf2a8b6104f28d5f,1_maturity_evaluation,1,0.86770099401474,,coconut-veirf-v5/valid,valid/images/624_jpg.rf.a9e9c2072605afc4cf2a8b6104f28d5f.jpg,tender,1,624
lf1_maturity,626_jpg.rf.64e1c5346ff31fccb9e639c6fced54a6,1_maturity_evaluation,1,0.8837679028511047,,coconut-veirf-v5/valid,valid/images/626_jpg.rf.64e1c5346ff31fccb9e639c6fced54a6.jpg,tender,1,626
lf1_maturity,630_jpg.rf.e2c9b3f2fc7e286f317ada8362410add,1_maturity_evaluation,1,0.9181386828422546,,coconut-veirf-v5/valid,valid/images/630_jpg.rf.e2c9b3f2fc7e286f317ada8362410add.jpg,tender,1,630
lf1_maturity,639_jpg.rf.b3f264e182e2e87ad17be685e8f5b430,1_maturity_evaluation,1,0.92885422706604,,coconut-veirf-v5/valid,valid/images/639_jpg.rf.b3f264e182e2e87ad17be685e8f5b430.jpg,tender,3,639
lf1_maturity,644_jpg.rf.9b8a9781bf1f9835d4d170eae00955c8,1_maturity_evaluation,1,0.8182715177536011,,coconut-veirf-v5/valid,valid/images/644_jpg.rf.9b8a9781bf1f9835d4d170eae00955c8.jpg,tender,4,644
lf1_maturity,661_jpg.rf.3c56525f5d05b7479fc04f944a118dd0,1_maturity_evaluation,1,0.9050162434577942,,coconut-veirf-v5/valid,valid/images/661_jpg.rf.3c56525f5d05b7479fc04f944a118dd0.jpg,tender,2,661
lf1_maturity,664_jpg.rf.6ec95c6116cc91fa3542866db9b8af85,1_maturity_evaluation,1,0.8506640195846558,,coconut-veirf-v5/valid,valid/images/664_jpg.rf.6ec95c6116cc91fa3542866db9b8af85.jpg,tender,4,664
lf1_maturity,665_jpg.rf.f8c218c3b41ca139e394ffcfc94f663c,1_maturity_evaluation,1,0.8944613337516785,,coconut-veirf-v5/valid,valid/images/665_jpg.rf.f8c218c3b41ca139e394ffcfc94f663c.jpg,tender,2,665
lf1_maturity,666_jpg.rf.aa3f186fd06a3426989d6fc18c9e5e71,1_maturity_evaluation,1,0.9380384683609009,,coconut-veirf-v5/valid,valid/images/666_jpg.rf.aa3f186fd06a3426989d6fc18c9e5e71.jpg,tender,4,666
lf1_maturity,667_jpg.rf.30d748ba52f7c7fa7be7dd5a99723060,1_maturity_evaluation,1,0.9176324605941772,,coconut-veirf-v5/valid,valid/images/667_jpg.rf.30d748ba52f7c7fa7be7dd5a99723060.jpg,tender,4,667
lf1_maturity,669_jpg.rf.10f0e553c6dc438e0e6f5487946a56d9,1_maturity_evaluation,1,0.8081303238868713,,coconut-veirf-v5/valid,valid/images/669_jpg.rf.10f0e553c6dc438e0e6f5487946a56d9.jpg,tender,2,669
lf1_maturity,671_jpg.rf.1b2b3bda0f9e39162c88c2edaca19ce2,1_maturity_evaluation,1,0.9296831488609314,,coconut-veirf-v5/valid,valid/images/671_jpg.rf.1b2b3bda0f9e39162c88c2edaca19ce2.jpg,tender,2,671
lf1_maturity,672_jpg.rf.8e8723002797b394ce256e2d3d26f8ed,1_maturity_evaluation,1,0.9029409885406494,,coconut-veirf-v5/valid,valid/images/672_jpg.rf.8e8723002797b394ce256e2d3d26f8ed.jpg,tender,3,672
lf1_maturity,675_jpg.rf.06621e9ff925011223f2f213cf6092d5,1_maturity_evaluation,1,0.8322105407714844,,coconut-veirf-v5/valid,valid/images/675_jpg.rf.06621e9ff925011223f2f213cf6092d5.jpg,tender,3,675
lf1_maturity,677_jpg.rf.8a24a9245ac3cb445d069f79a1574c24,1_maturity_evaluation,1,0.9294674396514893,,coconut-veirf-v5/valid,valid/images/677_jpg.rf.8a24a9245ac3cb445d069f79a1574c24.jpg,tender,2,677
lf1_maturity,683_jpg.rf.2195d3173a2585b2fe91b4e393f44139,1_maturity_evaluation,1,0.8905092477798462,,coconut-veirf-v5/valid,valid/images/683_jpg.rf.2195d3173a2585b2fe91b4e393f44139.jpg,tender,3,683
lf1_maturity,688_jpg.rf.b5500c40ca76fcbfed42fd71c54d65f3,1_maturity_evaluation,1,0.9388469457626343,,coconut-veirf-v5/valid,valid/images/688_jpg.rf.b5500c40ca76fcbfed42fd71c54d65f3.jpg,tender,4,688
lf1_maturity,694_jpg.rf.b87eb457b1ca28afa3792bbf1933c96a,1_maturity_evaluation,1,0.9085937142372131,,coconut-veirf-v5/valid,valid/images/694_jpg.rf.b87eb457b1ca28afa3792bbf1933c96a.jpg,tender,2,694
lf1_maturity,695_jpg.rf.eb7106a4d85e18538469179e2612cdec,1_maturity_evaluation,1,0.9259418249130249,,coconut-veirf-v5/valid,valid/images/695_jpg.rf.eb7106a4d85e18538469179e2612cdec.jpg,tender,4,695
lf1_maturity,70_jpg.rf.352f4779d1fdedaf856cc42d9e6c8ffd,1_maturity_evaluation,1,0.8963214755058289,,coconut-veirf-v5/valid,valid/images/70_jpg.rf.352f4779d1fdedaf856cc42d9e6c8ffd.jpg,green,1,70
lf1_maturity,710_jpg.rf.60ec53549f29c7f5281d000a6cedcd1a,1_maturity_evaluation,1,0.8816481828689575,,coconut-veirf-v5/valid,valid/images/710_jpg.rf.60ec53549f29c7f5281d000a6cedcd1a.jpg,tender,0,710
lf1_maturity,714_jpg.rf.cd5ae7fc3335a8659e318d3b0612ef5e,1_maturity_evaluation,1,0.9479696154594421,,coconut-veirf-v5/valid,valid/images/714_jpg.rf.cd5ae7fc3335a8659e318d3b0612ef5e.jpg,tender,4,714
lf1_maturity,724_jpg.rf.561a584fa8036f65cca8a2d4793dc278,1_maturity_evaluation,1,0.925821840763092,,coconut-veirf-v5/valid,valid/images/724_jpg.rf.561a584fa8036f65cca8a2d4793dc278.jpg,tender,3,724
lf1_maturity,730_jpg.rf.4f3737a2903f2977ac77a9a0f23570d6,1_maturity_evaluation,1,0.8679485321044922,,coconut-veirf-v5/valid,valid/images/730_jpg.rf.4f3737a2903f2977ac77a9a0f23570d6.jpg,tender,1,730
lf1_maturity,737_jpg.rf.0ded242b8f699b08ec4dbc0d0dd4b54f,1_maturity_evaluation,1,0.8807862401008606,,coconut-veirf-v5/valid,valid/images/737_jpg.rf.0ded242b8f699b08ec4dbc0d0dd4b54f.jpg,tender,4,737
lf1_maturity,753_jpg.rf.3fcbd882d6fd64462939b10743b3741b,1_maturity_evaluation,1,0.9413517117500305,,coconut-veirf-v5/valid,valid/images/753_jpg.rf.3fcbd882d6fd64462939b10743b3741b.jpg,tender,2,753
lf1_maturity,754_jpg.rf.cafe64543350a6caadfa127faab140b5,1_maturity_evaluation,1,0.9345691800117493,,coconut-veirf-v5/valid,valid/images/754_jpg.rf.cafe64543350a6caadfa127faab140b5.jpg,tender,1,754
lf1_maturity,80_jpg.rf.a47f0b5f1ca0d81682fecd02aba92db5,1_maturity_evaluation,1,0.8883512020111084,,coconut-veirf-v5/valid,valid/images/80_jpg.rf.a47f0b5f1ca0d81682fecd02aba92db5.jpg,green,1,80
lf1_maturity,82_jpg.rf.c793332578c30e12f7c9f3864db76bf8,1_maturity_evaluation,1,0.9291493892669678,,coconut-veirf-v5/valid,valid/images/82_jpg.rf.c793332578c30e12f7c9f3864db76bf8.jpg,dry|tender,1,82
lf1_maturity,89_jpg.rf.0ef84b970f393e9a3ac7d374e4659da2,1_maturity_evaluation,1,0.8733252882957458,,coconut-veirf-v5/valid,valid/images/89_jpg.rf.0ef84b970f393e9a3ac7d374e4659da2.jpg,dry|tender,2,89
lf1_maturity,92_jpg.rf.7f7906813c1f56aaac11cbe054a58862,1_maturity_evaluation,1,0.8666272163391113,,coconut-veirf-v5/valid,valid/images/92_jpg.rf.7f7906813c1f56aaac11cbe054a58862.jpg,green,4,92
lf1_maturity,93_jpg.rf.c622126f61d3d5d69591f2017d7f7dff,1_maturity_evaluation,1,0.9594950675964355,,coconut-veirf-v5/valid,valid/images/93_jpg.rf.c622126f61d3d5d69591f2017d7f7dff.jpg,dry,0,93
lf1_maturity,94_jpg.rf.5dffe0919badb645ea5a74f8cf6ee3cd,1_maturity_evaluation,1,0.9185701012611389,,coconut-veirf-v5/valid,valid/images/94_jpg.rf.5dffe0919badb645ea5a74f8cf6ee3cd.jpg,tender,1,94
lf1_maturity,95_jpg.rf.44e48ae91f0356f81c38ebf5cdda7b21,1_maturity_evaluation,0,0.9492940902709961,,coconut-veirf-v5/valid,valid/images/95_jpg.rf.44e48ae91f0356f81c38ebf5cdda7b21.jpg,tender,3,95
lf1_maturity,97_jpg.rf.4fe256e1f180056c381244c4d93aceee,1_maturity_evaluation,1,0.9571927785873413,,coconut-veirf-v5/valid,valid/images/97_jpg.rf.4fe256e1f180056c381244c4d93aceee.jpg,tender,2,97
lf1_maturity,026_jpg.rf.7471e889893fd7f8393880e1264636fc,1_maturity_evaluation,0,0.7250663638114929,,coconut-veirf-v5/test,test/images/026_jpg.rf.7471e889893fd7f8393880e1264636fc.jpg,green,4,026
lf1_maturity,030_jpg.rf.bf8b9b31dcadda699117ea362bf6fb90,1_maturity_evaluation,1,0.9326610565185547,,coconut-veirf-v5/test,test/images/030_jpg.rf.bf8b9b31dcadda699117ea362bf6fb90.jpg,green,1,030
lf1_maturity,056_jpg.rf.fbf3c79d8c7938ab258e2114633d2f53,1_maturity_evaluation,1,0.7594757080078125,,coconut-veirf-v5/test,test/images/056_jpg.rf.fbf3c79d8c7938ab258e2114633d2f53.jpg,green,4,056
lf1_maturity,094_jpg.rf.a2b00b86e068c19634c00bef0c3f6b54,1_maturity_evaluation,1,0.9536474347114563,,coconut-veirf-v5/test,test/images/094_jpg.rf.a2b00b86e068c19634c00bef0c3f6b54.jpg,tender,3,094
lf1_maturity,105_jpg.rf.0a831c1f7910d2cebc2a79ec6677aed1,1_maturity_evaluation,1,0.8411872982978821,,coconut-veirf-v5/test,test/images/105_jpg.rf.0a831c1f7910d2cebc2a79ec6677aed1.jpg,green,2,105
lf1_maturity,11_jpg.rf.4abe98a1e65a34a5611aec3a6deb1a1d,1_maturity_evaluation,1,0.9147509336471558,,coconut-veirf-v5/test,test/images/11_jpg.rf.4abe98a1e65a34a5611aec3a6deb1a1d.jpg,dry,1,11
lf1_maturity,131_jpg.rf.859d65c0024a682f5f482cf83ad78feb,1_maturity_evaluation,1,0.9356564283370972,,coconut-veirf-v5/test,test/images/131_jpg.rf.859d65c0024a682f5f482cf83ad78feb.jpg,green,0,131
lf1_maturity,19_jpg.rf.8dcc655b098737e254f846ecce7c6e7c,1_maturity_evaluation,1,0.9723936915397644,,coconut-veirf-v5/test,test/images/19_jpg.rf.8dcc655b098737e254f846ecce7c6e7c.jpg,dry,0,19
lf1_maturity,37_jpg.rf.b92f665dd9512191e24147028a02a957,1_maturity_evaluation,1,0.9572275280952454,,coconut-veirf-v5/test,test/images/37_jpg.rf.b92f665dd9512191e24147028a02a957.jpg,green,2,37
lf1_maturity,503_jpg.rf.9cb32c1b22f1a465a62cc09d8d76d701,1_maturity_evaluation,0,0.7356582880020142,,coconut-veirf-v5/test,test/images/503_jpg.rf.9cb32c1b22f1a465a62cc09d8d76d701.jpg,green,3,503
lf1_maturity,511_jpg.rf.8606bbca97de808f8eba0bc29e647739,1_maturity_evaluation,1,0.9457148313522339,,coconut-veirf-v5/test,test/images/511_jpg.rf.8606bbca97de808f8eba0bc29e647739.jpg,dry|green,2,511
lf1_maturity,512_jpg.rf.aae4cdc418689324dcad198efe12ed9d,1_maturity_evaluation,1,0.9589056372642517,,coconut-veirf-v5/test,test/images/512_jpg.rf.aae4cdc418689324dcad198efe12ed9d.jpg,dry,1,512
lf1_maturity,515_jpg.rf.62507b976429c29519f16e5eaf3197f9,1_maturity_evaluation,0,0.9127362966537476,,coconut-veirf-v5/test,test/images/515_jpg.rf.62507b976429c29519f16e5eaf3197f9.jpg,dry,3,515
lf1_maturity,51_jpg.rf.5268b43c8550382ff1a17187c5e610d7,1_maturity_evaluation,0,0.6009174585342407,,coconut-veirf-v5/test,test/images/51_jpg.rf.5268b43c8550382ff1a17187c5e610d7.jpg,green,2,51
lf1_maturity,534_jpg.rf.3662e186d5a4c86278f2554c5fe5d0f8,1_maturity_evaluation,1,0.8388118147850037,,coconut-veirf-v5/test,test/images/534_jpg.rf.3662e186d5a4c86278f2554c5fe5d0f8.jpg,green,1,534
lf1_maturity,537_jpg.rf.c36458cd08875b3d897b5dd675cb76e1,1_maturity_evaluation,0,0.4701395630836487,,coconut-veirf-v5/test,test/images/537_jpg.rf.c36458cd08875b3d897b5dd675cb76e1.jpg,dry|green,0,537
lf1_maturity,538_jpg.rf.59af5a9252c738c2f048c8aef95340bc,1_maturity_evaluation,1,0.9561290740966797,,coconut-veirf-v5/test,test/images/538_jpg.rf.59af5a9252c738c2f048c8aef95340bc.jpg,tender,0,538
lf1_maturity,5_jpg.rf.50be873f9a8f7fa942b7de62d3232c3a,1_maturity_evaluation,1,0.9126793146133423,,coconut-veirf-v5/test,test/images/5_jpg.rf.50be873f9a8f7fa942b7de62d3232c3a.jpg,dry,2,5
lf1_maturity,606_jpg.rf.bcb87978f168cb419778be0dede5aac7,1_maturity_evaluation,1,0.8219584822654724,,coconut-veirf-v5/test,test/images/606_jpg.rf.bcb87978f168cb419778be0dede5aac7.jpg,tender,1,606
lf1_maturity,613_jpg.rf.dbf55b4e2bd013c6413c709ce72a9419,1_maturity_evaluation,1,0.8833780884742737,,coconut-veirf-v5/test,test/images/613_jpg.rf.dbf55b4e2bd013c6413c709ce72a9419.jpg,tender,4,613
lf1_maturity,652_jpg.rf.7dcf7303af7c3047721e9617facee580,1_maturity_evaluation,1,0.8001993298530579,,coconut-veirf-v5/test,test/images/652_jpg.rf.7dcf7303af7c3047721e9617facee580.jpg,tender,4,652
lf1_maturity,663_jpg.rf.906dde766b02aca3266f265de29b75fb,1_maturity_evaluation,1,0.9446141123771667,,coconut-veirf-v5/test,test/images/663_jpg.rf.906dde766b02aca3266f265de29b75fb.jpg,tender,1,663
lf1_maturity,696_jpg.rf.11bd336d1f86f5ba71ae27887a414e04,1_maturity_evaluation,1,0.9160674214363098,,coconut-veirf-v5/test,test/images/696_jpg.rf.11bd336d1f86f5ba71ae27887a414e04.jpg,tender,1,696
lf1_maturity,6_jpg.rf.ae02ac081a2915e3957d00f91e3fa905,1_maturity_evaluation,1,0.8795562982559204,,coconut-veirf-v5/test,test/images/6_jpg.rf.ae02ac081a2915e3957d00f91e3fa905.jpg,green,1,6
lf1_maturity,713_jpg.rf.5b815bd6bdf3b29074453947269bb20f,1_maturity_evaluation,1,0.8995739221572876,,coconut-veirf-v5/test,test/images/713_jpg.rf.5b815bd6bdf3b29074453947269bb20f.jpg,tender,3,713
lf1_maturity,719_jpg.rf.8f001b3faf658293c2d19111a385f3f8,1_maturity_evaluation,1,0.9299496412277222,,coconut-veirf-v5/test,test/images/719_jpg.rf.8f001b3faf658293c2d19111a385f3f8.jpg,tender,0,719
lf1_maturity,720_jpg.rf.1c6c5e5c34865846dfc4dba006a93043,1_maturity_evaluation,1,0.9330464005470276,,coconut-veirf-v5/test,test/images/720_jpg.rf.1c6c5e5c34865846dfc4dba006a93043.jpg,tender,2,720
lf1_maturity,721_jpg.rf.4d0734c31e6de0559b311e9f3482334f,1_maturity_evaluation,1,0.950842559337616,,coconut-veirf-v5/test,test/images/721_jpg.rf.4d0734c31e6de0559b311e9f3482334f.jpg,tender,1,721
lf1_maturity,727_jpg.rf.be0b1d765a5e32bde439e21cbed69f70,1_maturity_evaluation,1,0.912257194519043,,coconut-veirf-v5/test,test/images/727_jpg.rf.be0b1d765a5e32bde439e21cbed69f70.jpg,tender,2,727
lf1_maturity,729_jpg.rf.2dbd1c53108b0e81997f4587823837c3,1_maturity_evaluation,1,0.8480264544487,,coconut-veirf-v5/test,test/images/729_jpg.rf.2dbd1c53108b0e81997f4587823837c3.jpg,tender,4,729
lf1_maturity,731_jpg.rf.1cf0551decaa94b3946c94647b08bcf9,1_maturity_evaluation,1,0.9269062280654907,,coconut-veirf-v5/test,test/images/731_jpg.rf.1cf0551decaa94b3946c94647b08bcf9.jpg,tender,0,731
lf1_maturity,73_jpg.rf.9ef871b55af54ae9bf4566252579514d,1_maturity_evaluation,1,0.7036779522895813,,coconut-veirf-v5/test,test/images/73_jpg.rf.9ef871b55af54ae9bf4566252579514d.jpg,green,4,73
lf1_maturity,740_jpg.rf.900ea7973052a24fb9ebd0313f240526,1_maturity_evaluation,1,0.9105290770530701,,coconut-veirf-v5/test,test/images/740_jpg.rf.900ea7973052a24fb9ebd0313f240526.jpg,tender,2,740
lf1_maturity,744_jpg.rf.b082de700a03d7d48a14cff5374d3481,1_maturity_evaluation,1,0.9490410685539246,,coconut-veirf-v5/test,test/images/744_jpg.rf.b082de700a03d7d48a14cff5374d3481.jpg,tender,0,744
lf1_maturity,752_jpg.rf.c8e8b9db474c4336c3c1e7b9c93e5688,1_maturity_evaluation,1,0.8455238938331604,,coconut-veirf-v5/test,test/images/752_jpg.rf.c8e8b9db474c4336c3c1e7b9c93e5688.jpg,tender,0,752
lf1_maturity,84_jpg.rf.9d0b44c6b837a76fa6f413c5a4b1f1bb,1_maturity_evaluation,1,0.8900254964828491,,coconut-veirf-v5/test,test/images/84_jpg.rf.9d0b44c6b837a76fa6f413c5a4b1f1bb.jpg,dry,2,84
