lf,image_id,task,vote,confidence,reason,source,path
lf2_foliar,GrayLeafSpot001,2_foliar_disease,1,,,coconut-tree-disease,Dataset/Coconut Tree Disease Dataset/Gray Leaf Spot/GrayLeafSpot001.jpg
lf2_foliar,GrayLeafSpot002,2_foliar_disease,1,,,coconut-tree-disease,Dataset/Coconut Tree Disease Dataset/Gray Leaf Spot/GrayLeafSpot002.jpg
lf2_foliar,GrayLeafSpot003,2_foliar_disease,1,,,coconut-tree-disease,Dataset/Coconut Tree Disease Dataset/Gray Leaf Spot/GrayLeafSpot003.jpg
lf2_foliar,GrayLeafSpot004,2_foliar_disease,1,,,coconut-tree-disease,Dataset/Coconut Tree Disease Dataset/Gray Leaf Spot/GrayLeafSpot004.jpg
lf2_foliar,GrayLeafSpot005,2_foliar_disease,1,,,coconut-tree-disease,Dataset/Coconut Tree Disease Dataset/Gray Leaf Spot/GrayLeafSpot005.jpg
lf2_foliar,GrayLeafSpot006,2_foliar_disease,1,,,coconut-tree-disease,Dataset/Coconut Tree Disease Dataset/Gray Leaf Spot/GrayLeafSpot006.jpg
lf2_foliar,GrayLeafSpot007,2_foliar_disease,1,,,coconut-tree-disease,Dataset/Coconut Tree Disease Dataset/Gray Leaf Spot/GrayLeafSpot007.jpg
lf2_foliar,GrayLeafSpot008,2_foliar_disease,1,,,coconut-tree-disease,Dataset/Coconut Tree Disease Dataset/Gray Leaf Spot/GrayLeafSpot008.jpg
lf2_foliar,GrayLeafSpot009,2_foliar_disease,1,,,coconut-tree-disease,Dataset/Coconut Tree Disease Dataset/Gray Leaf Spot/GrayLeafSpot009.jpg
lf2_foliar,GrayLeafSpot010,2_foliar_disease,1,,,coconut-tree-disease,Dataset/Coconut Tree Disease Dataset/Gray Leaf Spot/GrayLeafSpot010.jpg
lf2_foliar,GrayLeafSpot011,2_foliar_disease,1,,,coconut-tree-disease,Dataset/Coconut Tree Disease Dataset/Gray Leaf Spot/GrayLeafSpot011.jpg
lf2_foliar,GrayLeafSpot012,2_foliar_disease,1,,,coconut-tree-disease,Dataset/Coconut Tree Disease Dataset/Gray Leaf Spot/GrayLeafSpot012.jpg
lf2_foliar,GrayLeafSpot013,2_foliar_disease,1,,,coconut-tree-disease,Dataset/Coconut Tree Disease Dataset/Gray Leaf Spot/GrayLeafSpot013.jpg
lf2_foliar,GrayLeafSpot014,2_foliar_disease,1,,,coconut-tree-disease,Dataset/Coconut Tree Disease Dataset/Gray Leaf Spot/GrayLeafSpot014.jpg
lf2_foliar,GrayLeafSpot015,2_foliar_disease,1,,,coconut-tree-disease,Dataset/Coconut Tree Disease Dataset/Gray Leaf Spot/GrayLeafSpot015.jpg
lf2_foliar,GrayLeafSpot016,2_foliar_disease,1,,,coconut-tree-disease,Dataset/Coconut Tree Disease Dataset/Gray Leaf Spot/GrayLeafSpot016.jpg
lf2_foliar,GrayLeafSpot017,2_foliar_disease,1,,,coconut-tree-disease,Dataset/Coconut Tree Disease Dataset/Gray Leaf Spot/GrayLeafSpot017.jpg
lf2_foliar,GrayLeafSpot018,2_foliar_disease,1,,,coconut-tree-disease,Dataset/Coconut Tree Disease Dataset/Gray Leaf Spot/GrayLeafSpot018.jpg
lf2_foliar,GrayLeafSpot019,2_foliar_disease,1,,,coconut-tree-disease,Dataset/Coconut Tree Disease Dataset/Gray Leaf Spot/GrayLeafSpot019.jpg
lf2_foliar,GrayLeafSpot020,2_foliar_disease,1,,,coconut-tree-disease,Dataset/Coconut Tree Disease Dataset/Gray Leaf Spot/GrayLeafSpot020.jpg
lf2_foliar,GrayLeafSpot021,2_foliar_disease,1,,,coconut-tree-disease,Dataset/Coconut Tree Disease Dataset/Gray Leaf Spot/GrayLeafSpot021.jpg
lf2_foliar,GrayLeafSpot022,2_foliar_disease,1,,,coconut-tree-disease,Dataset/Coconut Tree Disease Dataset/Gray Leaf Spot/GrayLeafSpot022.jpg
lf2_foliar,GrayLeafSpot023,2_foliar_disease,1,,,coconut-tree-disease,Dataset/Coconut Tree Disease Dataset/Gray Leaf Spot/GrayLeafSpot023.jpg
lf2_foliar,GrayLeafSpot024,2_foliar_disease,1,,,coconut-tree-disease,Dataset/Coconut Tree Disease Dataset/Gray Leaf Spot/GrayLeafSpot024.jpg
lf2_foliar,GrayLeafSpot025,2_foliar_disease,1,,,coconut-tree-disease,Dataset/Coconut Tree Disease Dataset/Gray Leaf Spot/GrayLeafSpot025.jpg
lf2_foliar,GrayLeafSpot026,2_foliar_disease,1,,,coconut-tree-disease,Dataset/Coconut Tree Disease Dataset/Gray Leaf Spot/GrayLeafSpot026.jpg
lf2_foliar,GrayLeafSpot027,2_foliar_disease,1,,,coconut-tree-disease,Dataset/Coconut Tree Disease Dataset/Gray Leaf Spot/GrayLeafSpot027.jpg
lf2_foliar,GrayLeafSpot028,2_foliar_disease,1,,,coconut-tree-disease,Dataset/Coconut Tree Disease Dataset/Gray Leaf Spot/GrayLeafSpot028.jpg
lf2_foliar,GrayLeafSpot029,2_foliar_disease,1,,,coconut-tree-disease,Dataset/Coconut Tree Disease Dataset/Gray Leaf Spot/GrayLeafSpot029.jpg
lf2_foliar,GrayLeafSpot030,2_foliar_disease,1,,,coconut-tree-disease,Dataset/Coconut Tree Disease Dataset/Gray Leaf Spot/GrayLeafSpot030.jpg
lf2_foliar,GrayLeafSpot031,2_foliar_disease,1,,,coconut-tree-disease,Dataset/Coconut Tree Disease Dataset/Gray Leaf Spot/GrayLeafSpot031.jpg
lf2_foliar,GrayLeafSpot032,2_foliar_disease,1,,,coconut-tree-disease,Dataset/Coconut Tree Disease Dataset/Gray Leaf Spot/GrayLeafSpot032.jpg
lf2_foliar,GrayLeafSpot033,2_foliar_disease,1,,,coconut-tree-disease,Dataset/Coconut Tree Disease Dataset/Gray Leaf Spot/GrayLeafSpot033.jpg
lf2_foliar,GrayLeafSpot034,2_foliar_disease,1,,,coconut-tree-disease,Dataset/Coconut Tree Disease Dataset/Gray Leaf Spot/GrayLeafSpot034.jpg
lf2_foliar,GrayLeafSpot035,2_foliar_disease,1,,,coconut-tree-disease,Dataset/Coconut Tree Disease Dataset/Gray Leaf Spot/GrayLeafSpot035.jpg
lf2_foliar,GrayLeafSpot036,2_foliar_disease,1,,,coconut-tree-disease,Dataset/Coconut Tree Disease Dataset/Gray Leaf Spot/GrayLeafSpot036.jpg
lf2_foliar,GrayLeafSpot037,2_foliar_disease,1,,,coconut-tree-disease,Dataset/Coconut Tree Disease Dataset/Gray Leaf Spot/GrayLeafSpot037.jpg
lf2_foliar,GrayLeafSpot038,2_foliar_disease,1,,,coconut-tree-disease,Dataset/Coconut Tree Disease Dataset/Gray Leaf Spot/GrayLeafSpot038.jpg
lf2_foliar,GrayLeafSpot039,2_foliar_disease,1,,,coconut-tree-disease,Dataset/Coconut Tree Disease Dataset/Gray Leaf Spot/GrayLeafSpot039.jpg
lf2_foliar,GrayLeafSpot040,2_foliar_disease,1,,,coconut-tree-disease,Dataset/Coconut Tree Disease Dataset/Gray Leaf Spot/GrayLeafSpot040.jpg
lf2_foliar,GrayLeafSpot041,2_foliar_disease,1,,,coconut-tree-disease,Dataset/Coconut Tree Disease Dataset/Gray Leaf Spot/GrayLeafSpot041.jpg
lf2_foliar,GrayLeafSpot042,2_foliar_disease,1,,,coconut-tree-disease,Dataset/Coconut Tree Disease Dataset/Gray Leaf Spot/GrayLeafSpot042.jpg
lf2_foliar,GrayLeafSpot043,2_foliar_disease,1,,,coconut-tree-disease,Dataset/Coconut Tree Disease Dataset/Gray Leaf Spot/GrayLeafSpot043.jpg
lf2_foliar,GrayLeafSpot044,2_foliar_disease,1,,,coconut-tree-disease,Dataset/Coconut Tree Disease Dataset/Gray Leaf Spot/GrayLeafSpot044.jpg
lf2_foliar,GrayLeafSpot045,2_foliar_disease,1,,,coconut-tree-disease,Dataset/Coconut Tree Disease Dataset/Gray Leaf Spot/GrayLeafSpot045.jpg
lf2_foliar,GrayLeafSpot046,2_foliar_disease,1,,,coconut-tree-disease,Dataset/Coconut Tree Disease Dataset/Gray Leaf Spot/GrayLeafSpot046.jpg
lf2_foliar,GrayLeafSpot047,2_foliar_disease,1,,,coconut-tree-disease,Dataset/Coconut Tree Disease Dataset/Gray Leaf Spot/GrayLeafSpot047.jpg
lf2_foliar,GrayLeafSpot048,2_foliar_disease,1,,,coconut-tree-disease,Dataset/Coconut Tree Disease Dataset/Gray Leaf Spot/GrayLeafSpot048.jpg
lf2_foliar,GrayLeafSpot049,2_foliar_disease,1,,,coconut-tree-disease,Dataset/Coconut Tree Disease Dataset/Gray Leaf Spot/GrayLeafSpot049.jpg
lf2_foliar,GrayLeafSpot050,2_foliar_disease,1,,,coconut-tree-disease,Dataset/Coconut Tree Disease Dataset/Gray Leaf Spot/GrayLeafSpot050.jpg
lf2_foliar,GrayLeafSpot051,2_foliar_disease,1,,,coconut-tree-disease,Dataset/Coconut Tree Disease Dataset/Gray Leaf Spot/GrayLeafSpot051.jpg
lf2_foliar,GrayLeafSpot052,2_foliar_disease,1,,,coconut-tree-disease,Dataset/Coconut Tree Disease Dataset/Gray Leaf Spot/GrayLeafSpot052.jpg
lf2_foliar,GrayLeafSpot053,2_foliar_disease,1,,,coconut-tree-disease,Dataset/Coconut Tree Disease Dataset/Gray Leaf Spot/GrayLeafSpot053.jpg
lf2_foliar,GrayLeafSpot054,2_foliar_disease,1,,,coconut-tree-disease,Dataset/Coconut Tree Disease Dataset/Gray Leaf Spot/GrayLeafSpot054.jpg
lf2_foliar,GrayLeafSpot055,2_foliar_disease,1,,,coconut-tree-disease,Dataset/Coconut Tree Disease Dataset/Gray Leaf Spot/GrayLeafSpot055.jpg
lf2_foliar,GrayLeafSpot056,2_foliar_disease,1,,,coconut-tree-disease,Dataset/Coconut Tree Disease Dataset/Gray Leaf Spot/GrayLeafSpot056.jpg
lf2_foliar,GrayLeafSpot057,2_foliar_disease,1,,,coconut-tree-disease,Dataset/Coconut Tree Disease Dataset/Gray Leaf Spot/GrayLeafSpot057.jpg
lf2_foliar,GrayLeafSpot058,2_foliar_disease,1,,,coconut-tree-disease,Dataset/Coconut Tree Disease Dataset/Gray Leaf Spot/GrayLeafSpot058.jpg
lf2_foliar,GrayLeafSpot059,2_foliar_disease,1,,,coconut-tree-disease,Dataset/Coconut Tree Disease Dataset/Gray Leaf Spot/GrayLeafSpot059.jpg
lf2_foliar,GrayLeafSpot060,2_foliar_disease,1,,,coconut-tree-disease,Dataset/Coconut Tree Disease Dataset/Gray Leaf Spot/GrayLeafSpot060.jpg
lf2_foliar,GrayLeafSpot061,2_foliar_disease,1,,,coconut-tree-disease,Dataset/Coconut Tree Disease Dataset/Gray Leaf Spot/GrayLeafSpot061.jpg
lf2_foliar,GrayLeafSpot062,2_foliar_disease,1,,,coconut-tree-disease,Dataset/Coconut Tree Disease Dataset/Gray Leaf Spot/GrayLeafSpot062.jpg
lf2_foliar,GrayLeafSpot063,2_foliar_disease,1,,,coconut-tree-disease,Dataset/Coconut Tree Disease Dataset/Gray Leaf Spot/GrayLeafSpot063.jpg
lf2_foliar,GrayLeafSpot064,2_foliar_disease,1,,,coconut-tree-disease,Dataset/Coconut Tree Disease Dataset/Gray Leaf Spot/GrayLeafSpot064.jpg
lf2_foliar,GrayLeafSpot065,2_foliar_disease,1,,,coconut-tree-disease,Dataset/Coconut Tree Disease Dataset/Gray Leaf Spot/GrayLeafSpot065.jpg
lf2_foliar,GrayLeafSpot066,2_foliar_disease,1,,,coconut-tree-disease,Dataset/Coconut Tree Disease Dataset/Gray Leaf Spot/GrayLeafSpot066.jpg
lf2_foliar,GrayLeafSpot067,2_foliar_disease,1,,,coconut-tree-disease,Dataset/Coconut Tree Disease Dataset/Gray Leaf Spot/GrayLeafSpot067.jpg
lf2_foliar,GrayLeafSpot068,2_foliar_disease,1,,,coconut-tree-disease,Dataset/Coconut Tree Disease Dataset/Gray Leaf Spot/GrayLeafSpot068.jpg
lf2_foliar,GrayLeafSpot069,2_foliar_disease,1,,,coconut-tree-disease,Dataset/Coconut Tree Disease Dataset/Gray Leaf Spot/GrayLeafSpot069.jpg
lf2_foliar,GrayLeafSpot070,2_foliar_disease,1,,,coconut-tree-disease,Dataset/Coconut Tree Disease Dataset/Gray Leaf Spot/GrayLeafSpot070.jpg
lf2_foliar,GrayLeafSpot071,2_foliar_disease,1,,,coconut-tree-disease,Dataset/Coconut Tree Disease Dataset/Gray Leaf Spot/GrayLeafSpot071.jpg
lf2_foliar,GrayLeafSpot072,2_foliar_disease,1,,,coconut-tree-disease,Dataset/Coconut Tree Disease Dataset/Gray Leaf Spot/GrayLeafSpot072.jpg
lf2_foliar,GrayLeafSpot073,2_foliar_disease,1,,,coconut-tree-disease,Dataset/Coconut Tree Disease Dataset/Gray Leaf Spot/GrayLeafSpot073.jpg
lf2_foliar,GrayLeafSpot074,2_foliar_disease,1,,,coconut-tree-disease,Dataset/Coconut Tree Disease Dataset/Gray Leaf Spot/GrayLeafSpot074.jpg
lf2_foliar,GrayLeafSpot075,2_foliar_disease,1,,,coconut-tree-disease,Dataset/Coconut Tree Disease Dataset/Gray Leaf Spot/GrayLeafSpot075.jpg
lf2_foliar,GrayLeafSpot076,2_foliar_disease,1,,,coconut-tree-disease,Dataset/Coconut Tree Disease Dataset/Gray Leaf Spot/GrayLeafSpot076.jpg
lf2_foliar,GrayLeafSpot077,2_foliar_disease,1,,,coconut-tree-disease,Dataset/Coconut Tree Disease Dataset/Gray Leaf Spot/GrayLeafSpot077.jpg
lf2_foliar,GrayLeafSpot078,2_foliar_disease,1,,,coconut-tree-disease,Dataset/Coconut Tree Disease Dataset/Gray Leaf Spot/GrayLeafSpot078.jpg
lf2_foliar,GrayLeafSpot079,2_foliar_disease,1,,,coconut-tree-disease,Dataset/Coconut Tree Disease Dataset/Gray Leaf Spot/GrayLeafSpot079.jpg
lf2_foliar,GrayLeafSpot080,2_foliar_disease,1,,,coconut-tree-disease,Dataset/Coconut Tree Disease Dataset/Gray Leaf Spot/GrayLeafSpot080.jpg
lf2_foliar,GrayLeafSpot081,2_foliar_disease,1,,,coconut-tree-disease,Dataset/Coconut Tree Disease Dataset/Gray Leaf Spot/GrayLeafSpot081.jpg
lf2_foliar,GrayLeafSpot082,2_foliar_disease,1,,,coconut-tree-disease,Dataset/Coconut Tree Disease Dataset/Gray Leaf Spot/GrayLeafSpot082.jpg
lf2_foliar,GrayLeafSpot083,2_foliar_disease,1,,,coconut-tree-disease,Dataset/Coconut Tree Disease Dataset/Gray Leaf Spot/GrayLeafSpot083.jpg
lf2_foliar,GrayLeafSpot084,2_foliar_disease,1,,,coconut-tree-disease,Dataset/Coconut Tree Disease Dataset/Gray Leaf Spot/GrayLeafSpot084.jpg
lf2_foliar,GrayLeafSpot085,2_foliar_disease,1,,,coconut-tree-disease,Dataset/Coconut Tree Disease Dataset/Gray Leaf Spot/GrayLeafSpot085.jpg
lf2_foliar,GrayLeafSpot086,2_foliar_disease,1,,,coconut-tree-disease,Dataset/Coconut Tree Disease Dataset/Gray Leaf Spot/GrayLeafSpot086.jpg
lf2_foliar,GrayLeafSpot087,2_foliar_disease,1,,,coconut-tree-disease,Dataset/Coconut Tree Disease Dataset/Gray Leaf Spot/GrayLeafSpot087.jpg
lf2_foliar,GrayLeafSpot088,2_foliar_disease,1,,,coconut-tree-disease,Dataset/Coconut Tree Disease Dataset/Gray Leaf Spot/GrayLeafSpot088.jpg
lf2_foliar,GrayLeafSpot089,2_foliar_disease,1,,,coconut-tree-disease,Dataset/Coconut Tree Disease Dataset/Gray Leaf Spot/GrayLeafSpot089.jpg
lf2_foliar,GrayLeafSpot090,2_foliar_disease,1,,,coconut-tree-disease,Dataset/Coconut Tree Disease Dataset/Gray Leaf Spot/GrayLeafSpot090.jpg
lf2_foliar,GrayLeafSpot091,2_foliar_disease,1,,,coconut-tree-disease,Dataset/Coconut Tree Disease Dataset/Gray Leaf Spot/GrayLeafSpot091.jpg
lf2_foliar,GrayLeafSpot092,2_foliar_disease,1,,,coconut-tree-disease,Dataset/Coconut Tree Disease Dataset/Gray Leaf Spot/GrayLeafSpot092.jpg
lf2_foliar,GrayLeafSpot093,2_foliar_disease,1,,,coconut-tree-disease,Dataset/Coconut Tree Disease Dataset/Gray Leaf Spot/GrayLeafSpot093.jpg
lf2_foliar,GrayLeafSpot094,2_foliar_disease,1,,,coconut-tree-disease,Dataset/Coconut Tree Disease Dataset/Gray Leaf Spot/GrayLeafSpot094.jpg
lf2_foliar,GrayLeafSpot095,2_foliar_disease,1,,,coconut-tree-disease,Dataset/Coconut Tree Disease Dataset/Gray Leaf Spot/GrayLeafSpot095.jpg
lf2_foliar,GrayLeafSpot096,2_foliar_disease,1,,,coconut-tree-disease,Dataset/Coconut Tree Disease Dataset/Gray Leaf Spot/GrayLeafSpot096.jpg
lf2_foliar,GrayLeafSpot097,2_foliar_disease,1,,,coconut-tree-disease,Dataset/Coconut Tree Disease Dataset/Gray Leaf Spot/GrayLeafSpot097.jpg
lf2_foliar,GrayLeafSpot098,2_foliar_disease,1,,,coconut-tree-disease,Dataset/Coconut Tree Disease Dataset/Gray Leaf Spot/GrayLeafSpot098.jpg
lf2_foliar,GrayLeafSpot099,2_foliar_disease,1,,,coconut-tree-disease,Dataset/Coconut Tree Disease Dataset/Gray Leaf Spot/GrayLeafSpot099.jpg
lf2_foliar,GrayLeafSpot100,2_foliar_disease,1,,,coconut-tree-disease,Dataset/Coconut Tree Disease Dataset/Gray Leaf Spot/GrayLeafSpot100.jpg
lf2_foliar,GrayLeafSpot1000,2_foliar_disease,1,,,coconut-tree-disease,Dataset/Coconut Tree Disease Dataset/Gray Leaf Spot/GrayLeafSpot1000.jpg
lf2_foliar,GrayLeafSpot1001,2_foliar_disease,1,,,coconut-tree-disease,Dataset/Coconut Tree Disease Dataset/Gray Leaf Spot/GrayLeafSpot1001.jpg
lf2_foliar,GrayLeafSpot1002,2_foliar_disease,1,,,coconut-tree-disease,Dataset/Coconut Tree Disease Dataset/Gray Leaf Spot/GrayLeafSpot1002.jpg
lf2_foliar,GrayLeafSpot1003,2_foliar_disease,1,,,coconut-tree-disease,Dataset/Coconut Tree Disease Dataset/Gray Leaf Spot/GrayLeafSpot1003.jpg
lf2_foliar,GrayLeafSpot1004,2_foliar_disease,1,,,coconut-tree-disease,Dataset/Coconut Tree Disease Dataset/Gray Leaf Spot/GrayLeafSpot1004.jpg
lf2_foliar,GrayLeafSpot1005,2_foliar_disease,1,,,coconut-tree-disease,Dataset/Coconut Tree Disease Dataset/Gray Leaf Spot/GrayLeafSpot1005.jpg
lf2_foliar,GrayLeafSpot1006,2_foliar_disease,1,,,coconut-tree-disease,Dataset/Coconut Tree Disease Dataset/Gray Leaf Spot/GrayLeafSpot1006.jpg
lf2_foliar,GrayLeafSpot1007,2_foliar_disease,1,,,coconut-tree-disease,Dataset/Coconut Tree Disease Dataset/Gray Leaf Spot/GrayLeafSpot1007.jpg
lf2_foliar,GrayLeafSpot1008,2_foliar_disease,1,,,coconut-tree-disease,Dataset/Coconut Tree Disease Dataset/Gray Leaf Spot/GrayLeafSpot1008.jpg
lf2_foliar,GrayLeafSpot1009,2_foliar_disease,1,,,coconut-tree-disease,Dataset/Coconut Tree Disease Dataset/Gray Leaf Spot/GrayLeafSpot1009.jpg
lf2_foliar,GrayLeafSpot101,2_foliar_disease,1,,,coconut-tree-disease,Dataset/Coconut Tree Disease Dataset/Gray Leaf Spot/GrayLeafSpot101.jpg
lf2_foliar,GrayLeafSpot1010,2_foliar_disease,1,,,coconut-tree-disease,Dataset/Coconut Tree Disease Dataset/Gray Leaf Spot/GrayLeafSpot1010.jpg
lf2_foliar,GrayLeafSpot1011,2_foliar_disease,1,,,coconut-tree-disease,Dataset/Coconut Tree Disease Dataset/Gray Leaf Spot/GrayLeafSpot1011.jpg
lf2_foliar,GrayLeafSpot1012,2_foliar_disease,1,,,coconut-tree-disease,Dataset/Coconut Tree Disease Dataset/Gray Leaf Spot/GrayLeafSpot1012.jpg
lf2_foliar,GrayLeafSpot1013,2_foliar_disease,1,,,coconut-tree-disease,Dataset/Coconut Tree Disease Dataset/Gray Leaf Spot/GrayLeafSpot1013.jpg
lf2_foliar,GrayLeafSpot1014,2_foliar_disease,1,,,coconut-tree-disease,Dataset/Coconut Tree Disease Dataset/Gray Leaf Spot/GrayLeafSpot1014.jpg
lf2_foliar,GrayLeafSpot1015,2_foliar_disease,1,,,coconut-tree-disease,Dataset/Coconut Tree Disease Dataset/Gray Leaf Spot/GrayLeafSpot1015.jpg
lf2_foliar,GrayLeafSpot1016,2_foliar_disease,1,,,coconut-tree-disease,Dataset/Coconut Tree Disease Dataset/Gray Leaf Spot/GrayLeafSpot1016.jpg
lf2_foliar,GrayLeafSpot1017,2_foliar_disease,1,,,coconut-tree-disease,Dataset/Coconut Tree Disease Dataset/Gray Leaf Spot/GrayLeafSpot1017.jpg
lf2_foliar,GrayLeafSpot1018,2_foliar_disease,1,,,coconut-tree-disease,Dataset/Coconut Tree Disease Dataset/Gray Leaf Spot/GrayLeafSpot1018.jpg
lf2_foliar,GrayLeafSpot1019,2_foliar_disease,1,,,coconut-tree-disease,Dataset/Coconut Tree Disease Dataset/Gray Leaf Spot/GrayLeafSpot1019.jpg
lf2_foliar,GrayLeafSpot102,2_foliar_disease,1,,,coconut-tree-disease,Dataset/Coconut Tree Disease Dataset/Gray Leaf Spot/GrayLeafSpot102.jpg
lf2_foliar,GrayLeafSpot1020,2_foliar_disease,1,,,coconut-tree-disease,Dataset/Coconut Tree Disease Dataset/Gray Leaf Spot/GrayLeafSpot1020.jpg
lf2_foliar,GrayLeafSpot1021,2_foliar_disease,1,,,coconut-tree-disease,Dataset/Coconut Tree Disease Dataset/Gray Leaf Spot/GrayLeafSpot1021.jpg
lf2_foliar,GrayLeafSpot1022,2_foliar_disease,1,,,coconut-tree-disease,Dataset/Coconut Tree Disease Dataset/Gray Leaf Spot/GrayLeafSpot1022.jpg
lf2_foliar,GrayLeafSpot1023,2_foliar_disease,1,,,coconut-tree-disease,Dataset/Coconut Tree Disease Dataset/Gray Leaf Spot/GrayLeafSpot1023.jpg
lf2_foliar,GrayLeafSpot1024,2_foliar_disease,1,,,coconut-tree-disease,Dataset/Coconut Tree Disease Dataset/Gray Leaf Spot/GrayLeafSpot1024.jpg
lf2_foliar,GrayLeafSpot1025,2_foliar_disease,1,,,coconut-tree-disease,Dataset/Coconut Tree Disease Dataset/Gray Leaf Spot/GrayLeafSpot1025.jpg
lf2_foliar,GrayLeafSpot1026,2_foliar_disease,1,,,coconut-tree-disease,Dataset/Coconut Tree Disease Dataset/Gray Leaf Spot/GrayLeafSpot1026.jpg
lf2_foliar,GrayLeafSpot1027,2_foliar_disease,1,,,coconut-tree-disease,Dataset/Coconut Tree Disease Dataset/Gray Leaf Spot/GrayLeafSpot1027.jpg
lf2_foliar,GrayLeafSpot1028,2_foliar_disease,1,,,coconut-tree-disease,Dataset/Coconut Tree Disease Dataset/Gray Leaf Spot/GrayLeafSpot1028.jpg
lf2_foliar,GrayLeafSpot1029,2_foliar_disease,1,,,coconut-tree-disease,Dataset/Coconut Tree Disease Dataset/Gray Leaf Spot/GrayLeafSpot1029.jpg
lf2_foliar,GrayLeafSpot103,2_foliar_disease,1,,,coconut-tree-disease,Dataset/Coconut Tree Disease Dataset/Gray Leaf Spot/GrayLeafSpot103.jpg
lf2_foliar,GrayLeafSpot1030,2_foliar_disease,1,,,coconut-tree-disease,Dataset/Coconut Tree Disease Dataset/Gray Leaf Spot/GrayLeafSpot1030.jpg
lf2_foliar,GrayLeafSpot1031,2_foliar_disease,1,,,coconut-tree-disease,Dataset/Coconut Tree Disease Dataset/Gray Leaf Spot/GrayLeafSpot1031.jpg
lf2_foliar,GrayLeafSpot1032,2_foliar_disease,1,,,coconut-tree-disease,Dataset/Coconut Tree Disease Dataset/Gray Leaf Spot/GrayLeafSpot1032.jpg
lf2_foliar,GrayLeafSpot1033,2_foliar_disease,1,,,coconut-tree-disease,Dataset/Coconut Tree Disease Dataset/Gray Leaf Spot/GrayLeafSpot1033.jpg
lf2_foliar,GrayLeafSpot1034,2_foliar_disease,1,,,coconut-tree-disease,Dataset/Coconut Tree Disease Dataset/Gray Leaf Spot/GrayLeafSpot1034.jpg
lf2_foliar,GrayLeafSpot1035,2_foliar_disease,1,,,coconut-tree-disease,Dataset/Coconut Tree Disease Dataset/Gray Leaf Spot/GrayLeafSpot1035.jpg
lf2_foliar,GrayLeafSpot1036,2_foliar_disease,1,,,coconut-tree-disease,Dataset/Coconut Tree Disease Dataset/Gray Leaf Spot/GrayLeafSpot1036.jpg
lf2_foliar,GrayLeafSpot1037,2_foliar_disease,1,,,coconut-tree-disease,Dataset/Coconut Tree Disease Dataset/Gray Leaf Spot/GrayLeafSpot1037.jpg
lf2_foliar,GrayLeafSpot1038,2_foliar_disease,1,,,coconut-tree-disease,Dataset/Coconut Tree Disease Dataset/Gray Leaf Spot/GrayLeafSpot1038.jpg
lf2_foliar,GrayLeafSpot1039,2_foliar_disease,1,,,coconut-tree-disease,Dataset/Coconut Tree Disease Dataset/Gray Leaf Spot/GrayLeafSpot1039.jpg
lf2_foliar,GrayLeafSpot104,2_foliar_disease,1,,,coconut-tree-disease,Dataset/Coconut Tree Disease Dataset/Gray Leaf Spot/GrayLeafSpot104.jpg
lf2_foliar,GrayLeafSpot1040,2_foliar_disease,1,,,coconut-tree-disease,Dataset/Coconut Tree Disease Dataset/Gray Leaf Spot/GrayLeafSpot1040.jpg
lf2_foliar,GrayLeafSpot1041,2_foliar_disease,1,,,coconut-tree-disease,Dataset/Coconut Tree Disease Dataset/Gray Leaf Spot/GrayLeafSpot1041.jpg
lf2_foliar,GrayLeafSpot1042,2_foliar_disease,1,,,coconut-tree-disease,Dataset/Coconut Tree Disease Dataset/Gray Leaf Spot/GrayLeafSpot1042.jpg
lf2_foliar,GrayLeafSpot1043,2_foliar_disease,1,,,coconut-tree-disease,Dataset/Coconut Tree Disease Dataset/Gray Leaf Spot/GrayLeafSpot1043.jpg
lf2_foliar,GrayLeafSpot1044,2_foliar_disease,1,,,coconut-tree-disease,Dataset/Coconut Tree Disease Dataset/Gray Leaf Spot/GrayLeafSpot1044.jpg
lf2_foliar,GrayLeafSpot1045,2_foliar_disease,1,,,coconut-tree-disease,Dataset/Coconut Tree Disease Dataset/Gray Leaf Spot/GrayLeafSpot1045.jpg
lf2_foliar,GrayLeafSpot1046,2_foliar_disease,1,,,coconut-tree-disease,Dataset/Coconut Tree Disease Dataset/Gray Leaf Spot/GrayLeafSpot1046.jpg
lf2_foliar,GrayLeafSpot1047,2_foliar_disease,1,,,coconut-tree-disease,Dataset/Coconut Tree Disease Dataset/Gray Leaf Spot/GrayLeafSpot1047.jpg
lf2_foliar,GrayLeafSpot1048,2_foliar_disease,1,,,coconut-tree-disease,Dataset/Coconut Tree Disease Dataset/Gray Leaf Spot/GrayLeafSpot1048.jpg
lf2_foliar,GrayLeafSpot1049,2_foliar_disease,1,,,coconut-tree-disease,Dataset/Coconut Tree Disease Dataset/Gray Leaf Spot/GrayLeafSpot1049.jpg
lf2_foliar,GrayLeafSpot105,2_foliar_disease,1,,,coconut-tree-disease,Dataset/Coconut Tree Disease Dataset/Gray Leaf Spot/GrayLeafSpot105.jpg
lf2_foliar,GrayLeafSpot1050,2_foliar_disease,1,,,coconut-tree-disease,Dataset/Coconut Tree Disease Dataset/Gray Leaf Spot/GrayLeafSpot1050.jpg
lf2_foliar,GrayLeafSpot1051,2_foliar_disease,1,,,coconut-tree-disease,Dataset/Coconut Tree Disease Dataset/Gray Leaf Spot/GrayLeafSpot1051.jpg
lf2_foliar,GrayLeafSpot1052,2_foliar_disease,1,,,coconut-tree-disease,Dataset/Coconut Tree Disease Dataset/Gray Leaf Spot/GrayLeafSpot1052.jpg
lf2_foliar,GrayLeafSpot1053,2_foliar_disease,1,,,coconut-tree-disease,Dataset/Coconut Tree Disease Dataset/Gray Leaf Spot/GrayLeafSpot1053.jpg
lf2_foliar,GrayLeafSpot1054,2_foliar_disease,1,,,coconut-tree-disease,Dataset/Coconut Tree Disease Dataset/Gray Leaf Spot/GrayLeafSpot1054.jpg
lf2_foliar,GrayLeafSpot1055,2_foliar_disease,1,,,coconut-tree-disease,Dataset/Coconut Tree Disease Dataset/Gray Leaf Spot/GrayLeafSpot1055.jpg
lf2_foliar,GrayLeafSpot1056,2_foliar_disease,1,,,coconut-tree-disease,Dataset/Coconut Tree Disease Dataset/Gray Leaf Spot/GrayLeafSpot1056.jpg
lf2_foliar,GrayLeafSpot1057,2_foliar_disease,1,,,coconut-tree-disease,Dataset/Coconut Tree Disease Dataset/Gray Leaf Spot/GrayLeafSpot1057.jpg
lf2_foliar,GrayLeafSpot1058,2_foliar_disease,1,,,coconut-tree-disease,Dataset/Coconut Tree Disease Dataset/Gray Leaf Spot/GrayLeafSpot1058.jpg
lf2_foliar,GrayLeafSpot1059,2_foliar_disease,1,,,coconut-tree-disease,Dataset/Coconut Tree Disease Dataset/Gray Leaf Spot/GrayLeafSpot1059.jpg
lf2_foliar,GrayLeafSpot106,2_foliar_disease,1,,,coconut-tree-disease,Dataset/Coconut Tree Disease Dataset/Gray Leaf Spot/GrayLeafSpot106.jpg
lf2_foliar,GrayLeafSpot1060,2_foliar_disease,1,,,coconut-tree-disease,Dataset/Coconut Tree Disease Dataset/Gray Leaf Spot/GrayLeafSpot1060.jpg
lf2_foliar,GrayLeafSpot1061,2_foliar_disease,1,,,coconut-tree-disease,Dataset/Coconut Tree Disease Dataset/Gray Leaf Spot/GrayLeafSpot1061.jpg
lf2_foliar,GrayLeafSpot1062,2_foliar_disease,1,,,coconut-tree-disease,Dataset/Coconut Tree Disease Dataset/Gray Leaf Spot/GrayLeafSpot1062.jpg
lf2_foliar,GrayLeafSpot1063,2_foliar_disease,1,,,coconut-tree-disease,Dataset/Coconut Tree Disease Dataset/Gray Leaf Spot/GrayLeafSpot1063.jpg
lf2_foliar,GrayLeafSpot1064,2_foliar_disease,1,,,coconut-tree-disease,Dataset/Coconut Tree Disease Dataset/Gray Leaf Spot/GrayLeafSpot1064.jpg
lf2_foliar,GrayLeafSpot1065,2_foliar_disease,1,,,coconut-tree-disease,Dataset/Coconut Tree Disease Dataset/Gray Leaf Spot/GrayLeafSpot1065.jpg
lf2_foliar,GrayLeafSpot1066,2_foliar_disease,1,,,coconut-tree-disease,Dataset/Coconut Tree Disease Dataset/Gray Leaf Spot/GrayLeafSpot1066.jpg
lf2_foliar,GrayLeafSpot1067,2_foliar_disease,1,,,coconut-tree-disease,Dataset/Coconut Tree Disease Dataset/Gray Leaf Spot/GrayLeafSpot1067.jpg
lf2_foliar,GrayLeafSpot1068,2_foliar_disease,1,,,coconut-tree-disease,Dataset/Coconut Tree Disease Dataset/Gray Leaf Spot/GrayLeafSpot1068.jpg
lf2_foliar,GrayLeafSpot1069,2_foliar_disease,1,,,coconut-tree-disease,Dataset/Coconut Tree Disease Dataset/Gray Leaf Spot/GrayLeafSpot1069.jpg
lf2_foliar,GrayLeafSpot107,2_foliar_disease,1,,,coconut-tree-disease,Dataset/Coconut Tree Disease Dataset/Gray Leaf Spot/GrayLeafSpot107.jpg
lf2_foliar,GrayLeafSpot1070,2_foliar_disease,1,,,coconut-tree-disease,Dataset/Coconut Tree Disease Dataset/Gray Leaf Spot/GrayLeafSpot1070.jpg
lf2_foliar,GrayLeafSpot1071,2_foliar_disease,1,,,coconut-tree-disease,Dataset/Coconut Tree Disease Dataset/Gray Leaf Spot/GrayLeafSpot1071.jpg
lf2_foliar,GrayLeafSpot1072,2_foliar_disease,1,,,coconut-tree-disease,Dataset/Coconut Tree Disease Dataset/Gray Leaf Spot/GrayLeafSpot1072.jpg
lf2_foliar,GrayLeafSpot1073,2_foliar_disease,1,,,coconut-tree-disease,Dataset/Coconut Tree Disease Dataset/Gray Leaf Spot/GrayLeafSpot1073.jpg
lf2_foliar,GrayLeafSpot1074,2_foliar_disease,1,,,coconut-tree-disease,Dataset/Coconut Tree Disease Dataset/Gray Leaf Spot/GrayLeafSpot1074.jpg
lf2_foliar,GrayLeafSpot1075,2_foliar_disease,1,,,coconut-tree-disease,Dataset/Coconut Tree Disease Dataset/Gray Leaf Spot/GrayLeafSpot1075.jpg
lf2_foliar,GrayLeafSpot1076,2_foliar_disease,1,,,coconut-tree-disease,Dataset/Coconut Tree Disease Dataset/Gray Leaf Spot/GrayLeafSpot1076.jpg
lf2_foliar,GrayLeafSpot1077,2_foliar_disease,1,,,coconut-tree-disease,Dataset/Coconut Tree Disease Dataset/Gray Leaf Spot/GrayLeafSpot1077.jpg
lf2_foliar,GrayLeafSpot1078,2_foliar_disease,1,,,coconut-tree-disease,Dataset/Coconut Tree Disease Dataset/Gray Leaf Spot/GrayLeafSpot1078.jpg
lf2_foliar,GrayLeafSpot1079,2_foliar_disease,1,,,coconut-tree-disease,Dataset/Coconut Tree Disease Dataset/Gray Leaf Spot/GrayLeafSpot1079.jpg
lf2_foliar,GrayLeafSpot108,2_foliar_disease,1,,,coconut-tree-disease,Dataset/Coconut Tree Disease Dataset/Gray Leaf Spot/GrayLeafSpot108.jpg
lf2_foliar,GrayLeafSpot1080,2_foliar_disease,1,,,coconut-tree-disease,Dataset/Coconut Tree Disease Dataset/Gray Leaf Spot/GrayLeafSpot1080.jpg
lf2_foliar,GrayLeafSpot1081,2_foliar_disease,1,,,coconut-tree-disease,Dataset/Coconut Tree Disease Dataset/Gray Leaf Spot/GrayLeafSpot1081.jpg
lf2_foliar,GrayLeafSpot1082,2_foliar_disease,1,,,coconut-tree-disease,Dataset/Coconut Tree Disease Dataset/Gray Leaf Spot/GrayLeafSpot1082.jpg
lf2_foliar,GrayLeafSpot1083,2_foliar_disease,1,,,coconut-tree-disease,Dataset/Coconut Tree Disease Dataset/Gray Leaf Spot/GrayLeafSpot1083.jpg
lf2_foliar,GrayLeafSpot1084,2_foliar_disease,1,,,coconut-tree-disease,Dataset/Coconut Tree Disease Dataset/Gray Leaf Spot/GrayLeafSpot1084.jpg
lf2_foliar,GrayLeafSpot1085,2_foliar_disease,1,,,coconut-tree-disease,Dataset/Coconut Tree Disease Dataset/Gray Leaf Spot/GrayLeafSpot1085.jpg
lf2_foliar,GrayLeafSpot1086,2_foliar_disease,1,,,coconut-tree-disease,Dataset/Coconut Tree Disease Dataset/Gray Leaf Spot/GrayLeafSpot1086.jpg
lf2_foliar,GrayLeafSpot1087,2_foliar_disease,1,,,coconut-tree-disease,Dataset/Coconut Tree Disease Dataset/Gray Leaf Spot/GrayLeafSpot1087.jpg
lf2_foliar,GrayLeafSpot1088,2_foliar_disease,1,,,coconut-tree-disease,Dataset/Coconut Tree Disease Dataset/Gray Leaf Spot/GrayLeafSpot1088.jpg
lf2_foliar,GrayLeafSpot1089,2_foliar_disease,1,,,coconut-tree-disease,Dataset/Coconut Tree Disease Dataset/Gray Leaf Spot/GrayLeafSpot1089.jpg
lf2_foliar,GrayLeafSpot109,2_foliar_disease,1,,,coconut-tree-disease,Dataset/Coconut Tree Disease Dataset/Gray Leaf Spot/GrayLeafSpot109.jpg
lf2_foliar,GrayLeafSpot1090,2_foliar_disease,1,,,coconut-tree-disease,Dataset/Coconut Tree Disease Dataset/Gray Leaf Spot/GrayLeafSpot1090.jpg
lf2_foliar,GrayLeafSpot1091,2_foliar_disease,1,,,coconut-tree-disease,Dataset/Coconut Tree Disease Dataset/Gray Leaf Spot/GrayLeafSpot1091.jpg
lf2_foliar,GrayLeafSpot1092,2_foliar_disease,1,,,coconut-tree-disease,Dataset/Coconut Tree Disease Dataset/Gray Leaf Spot/GrayLeafSpot1092.jpg
lf2_foliar,GrayLeafSpot1093,2_foliar_disease,1,,,coconut-tree-disease,Dataset/Coconut Tree Disease Dataset/Gray Leaf Spot/GrayLeafSpot1093.jpg
lf2_foliar,GrayLeafSpot1094,2_foliar_disease,1,,,coconut-tree-disease,Dataset/Coconut Tree Disease Dataset/Gray Leaf Spot/GrayLeafSpot1094.jpg
lf2_foliar,GrayLeafSpot1095,2_foliar_disease,1,,,coconut-tree-disease,Dataset/Coconut Tree Disease Dataset/Gray Leaf Spot/GrayLeafSpot1095.jpg
lf2_foliar,GrayLeafSpot1096,2_foliar_disease,1,,,coconut-tree-disease,Dataset/Coconut Tree Disease Dataset/Gray Leaf Spot/GrayLeafSpot1096.jpg
lf2_foliar,GrayLeafSpot1097,2_foliar_disease,1,,,coconut-tree-disease,Dataset/Coconut Tree Disease Dataset/Gray Leaf Spot/GrayLeafSpot1097.jpg
lf2_foliar,GrayLeafSpot1098,2_foliar_disease,1,,,coconut-tree-disease,Dataset/Coconut Tree Disease Dataset/Gray Leaf Spot/GrayLeafSpot1098.jpg
lf2_foliar,GrayLeafSpot1099,2_foliar_disease,1,,,coconut-tree-disease,Dataset/Coconut Tree Disease Dataset/Gray Leaf Spot/GrayLeafSpot1099.jpg
lf2_foliar,GrayLeafSpot110,2_foliar_disease,1,,,coconut-tree-disease,Dataset/Coconut Tree Disease Dataset/Gray Leaf Spot/GrayLeafSpot110.jpg
lf2_foliar,GrayLeafSpot1100,2_foliar_disease,1,,,coconut-tree-disease,Dataset/Coconut Tree Disease Dataset/Gray Leaf Spot/GrayLeafSpot1100.jpg
lf2_foliar,GrayLeafSpot1101,2_foliar_disease,1,,,coconut-tree-disease,Dataset/Coconut Tree Disease Dataset/Gray Leaf Spot/GrayLeafSpot1101.jpg
lf2_foliar,GrayLeafSpot1102,2_foliar_disease,1,,,coconut-tree-disease,Dataset/Coconut Tree Disease Dataset/Gray Leaf Spot/GrayLeafSpot1102.jpg
lf2_foliar,GrayLeafSpot1103,2_foliar_disease,1,,,coconut-tree-disease,Dataset/Coconut Tree Disease Dataset/Gray Leaf Spot/GrayLeafSpot1103.jpg
lf2_foliar,GrayLeafSpot1104,2_foliar_disease,1,,,coconut-tree-disease,Dataset/Coconut Tree Disease Dataset/Gray Leaf Spot/GrayLeafSpot1104.jpg
lf2_foliar,GrayLeafSpot1105,2_foliar_disease,1,,,coconut-tree-disease,Dataset/Coconut Tree Disease Dataset/Gray Leaf Spot/GrayLeafSpot1105.jpg
lf2_foliar,GrayLeafSpot1106,2_foliar_disease,1,,,coconut-tree-disease,Dataset/Coconut Tree Disease Dataset/Gray Leaf Spot/GrayLeafSpot1106.jpg
lf2_foliar,GrayLeafSpot1107,2_foliar_disease,1,,,coconut-tree-disease,Dataset/Coconut Tree Disease Dataset/Gray Leaf Spot/GrayLeafSpot1107.jpg
lf2_foliar,GrayLeafSpot1108,2_foliar_disease,1,,,coconut-tree-disease,Dataset/Coconut Tree Disease Dataset/Gray Leaf Spot/GrayLeafSpot1108.jpg
lf2_foliar,GrayLeafSpot1109,2_foliar_disease,1,,,coconut-tree-disease,Dataset/Coconut Tree Disease Dataset/Gray Leaf Spot/GrayLeafSpot1109.jpg
lf2_foliar,GrayLeafSpot111,2_foliar_disease,1,,,coconut-tree-disease,Dataset/Coconut Tree Disease Dataset/Gray Leaf Spot/GrayLeafSpot111.jpg
lf2_foliar,GrayLeafSpot1110,2_foliar_disease,1,,,coconut-tree-disease,Dataset/Coconut Tree Disease Dataset/Gray Leaf Spot/GrayLeafSpot1110.jpg
lf2_foliar,GrayLeafSpot1111,2_foliar_disease,1,,,coconut-tree-disease,Dataset/Coconut Tree Disease Dataset/Gray Leaf Spot/GrayLeafSpot1111.jpg
lf2_foliar,GrayLeafSpot1112,2_foliar_disease,1,,,coconut-tree-disease,Dataset/Coconut Tree Disease Dataset/Gray Leaf Spot/GrayLeafSpot1112.jpg
lf2_foliar,GrayLeafSpot1113,2_foliar_disease,1,,,coconut-tree-disease,Dataset/Coconut Tree Disease Dataset/Gray Leaf Spot/GrayLeafSpot1113.jpg
lf2_foliar,GrayLeafSpot1114,2_foliar_disease,1,,,coconut-tree-disease,Dataset/Coconut Tree Disease Dataset/Gray Leaf Spot/GrayLeafSpot1114.jpg
lf2_foliar,GrayLeafSpot1115,2_foliar_disease,1,,,coconut-tree-disease,Dataset/Coconut Tree Disease Dataset/Gray Leaf Spot/GrayLeafSpot1115.jpg
lf2_foliar,GrayLeafSpot1116,2_foliar_disease,1,,,coconut-tree-disease,Dataset/Coconut Tree Disease Dataset/Gray Leaf Spot/GrayLeafSpot1116.jpg
lf2_foliar,GrayLeafSpot1117,2_foliar_disease,1,,,coconut-tree-disease,Dataset/Coconut Tree Disease Dataset/Gray Leaf Spot/GrayLeafSpot1117.jpg
lf2_foliar,GrayLeafSpot1118,2_foliar_disease,1,,,coconut-tree-disease,Dataset/Coconut Tree Disease Dataset/Gray Leaf Spot/GrayLeafSpot1118.jpg
lf2_foliar,GrayLeafSpot1119,2_foliar_disease,1,,,coconut-tree-disease,Dataset/Coconut Tree Disease Dataset/Gray Leaf Spot/GrayLeafSpot1119.jpg
lf2_foliar,GrayLeafSpot112,2_foliar_disease,1,,,coconut-tree-disease,Dataset/Coconut Tree Disease Dataset/Gray Leaf Spot/GrayLeafSpot112.jpg
lf2_foliar,GrayLeafSpot1120,2_foliar_disease,1,,,coconut-tree-disease,Dataset/Coconut Tree Disease Dataset/Gray Leaf Spot/GrayLeafSpot1120.jpg
lf2_foliar,GrayLeafSpot1121,2_foliar_disease,1,,,coconut-tree-disease,Dataset/Coconut Tree Disease Dataset/Gray Leaf Spot/GrayLeafSpot1121.jpg
lf2_foliar,GrayLeafSpot1122,2_foliar_disease,1,,,coconut-tree-disease,Dataset/Coconut Tree Disease Dataset/Gray Leaf Spot/GrayLeafSpot1122.jpg
lf2_foliar,GrayLeafSpot1123,2_foliar_disease,1,,,coconut-tree-disease,Dataset/Coconut Tree Disease Dataset/Gray Leaf Spot/GrayLeafSpot1123.jpg
lf2_foliar,GrayLeafSpot1124,2_foliar_disease,1,,,coconut-tree-disease,Dataset/Coconut Tree Disease Dataset/Gray Leaf Spot/GrayLeafSpot1124.jpg
lf2_foliar,GrayLeafSpot1125,2_foliar_disease,1,,,coconut-tree-disease,Dataset/Coconut Tree Disease Dataset/Gray Leaf Spot/GrayLeafSpot1125.jpg
lf2_foliar,GrayLeafSpot1126,2_foliar_disease,1,,,coconut-tree-disease,Dataset/Coconut Tree Disease Dataset/Gray Leaf Spot/GrayLeafSpot1126.jpg
lf2_foliar,GrayLeafSpot1127,2_foliar_disease,1,,,coconut-tree-disease,Dataset/Coconut Tree Disease Dataset/Gray Leaf Spot/GrayLeafSpot1127.jpg
lf2_foliar,GrayLeafSpot1128,2_foliar_disease,1,,,coconut-tree-disease,Dataset/Coconut Tree Disease Dataset/Gray Leaf Spot/GrayLeafSpot1128.jpg
lf2_foliar,GrayLeafSpot1129,2_foliar_disease,1,,,coconut-tree-disease,Dataset/Coconut Tree Disease Dataset/Gray Leaf Spot/GrayLeafSpot1129.jpg
lf2_foliar,GrayLeafSpot113,2_foliar_disease,1,,,coconut-tree-disease,Dataset/Coconut Tree Disease Dataset/Gray Leaf Spot/GrayLeafSpot113.jpg
lf2_foliar,GrayLeafSpot1130,2_foliar_disease,1,,,coconut-tree-disease,Dataset/Coconut Tree Disease Dataset/Gray Leaf Spot/GrayLeafSpot1130.jpg
lf2_foliar,GrayLeafSpot1131,2_foliar_disease,1,,,coconut-tree-disease,Dataset/Coconut Tree Disease Dataset/Gray Leaf Spot/GrayLeafSpot1131.jpg
lf2_foliar,GrayLeafSpot1132,2_foliar_disease,1,,,coconut-tree-disease,Dataset/Coconut Tree Disease Dataset/Gray Leaf Spot/GrayLeafSpot1132.jpg
lf2_foliar,GrayLeafSpot1133,2_foliar_disease,1,,,coconut-tree-disease,Dataset/Coconut Tree Disease Dataset/Gray Leaf Spot/GrayLeafSpot1133.jpg
lf2_foliar,GrayLeafSpot1134,2_foliar_disease,1,,,coconut-tree-disease,Dataset/Coconut Tree Disease Dataset/Gray Leaf Spot/GrayLeafSpot1134.jpg
lf2_foliar,GrayLeafSpot1135,2_foliar_disease,1,,,coconut-tree-disease,Dataset/Coconut Tree Disease Dataset/Gray Leaf Spot/GrayLeafSpot1135.jpg
lf2_foliar,GrayLeafSpot1136,2_foliar_disease,1,,,coconut-tree-disease,Dataset/Coconut Tree Disease Dataset/Gray Leaf Spot/GrayLeafSpot1136.jpg
lf2_foliar,GrayLeafSpot1137,2_foliar_disease,1,,,coconut-tree-disease,Dataset/Coconut Tree Disease Dataset/Gray Leaf Spot/GrayLeafSpot1137.jpg
lf2_foliar,GrayLeafSpot1138,2_foliar_disease,1,,,coconut-tree-disease,Dataset/Coconut Tree Disease Dataset/Gray Leaf Spot/GrayLeafSpot1138.jpg
lf2_foliar,GrayLeafSpot1139,2_foliar_disease,1,,,coconut-tree-disease,Dataset/Coconut Tree Disease Dataset/Gray Leaf Spot/GrayLeafSpot1139.jpg
lf2_foliar,GrayLeafSpot114,2_foliar_disease,1,,,coconut-tree-disease,Dataset/Coconut Tree Disease Dataset/Gray Leaf Spot/GrayLeafSpot114.jpg
lf2_foliar,GrayLeafSpot1140,2_foliar_disease,1,,,coconut-tree-disease,Dataset/Coconut Tree Disease Dataset/Gray Leaf Spot/GrayLeafSpot1140.jpg
lf2_foliar,GrayLeafSpot1141,2_foliar_disease,1,,,coconut-tree-disease,Dataset/Coconut Tree Disease Dataset/Gray Leaf Spot/GrayLeafSpot1141.jpg
lf2_foliar,GrayLeafSpot1142,2_foliar_disease,1,,,coconut-tree-disease,Dataset/Coconut Tree Disease Dataset/Gray Leaf Spot/GrayLeafSpot1142.jpg
lf2_foliar,GrayLeafSpot1143,2_foliar_disease,1,,,coconut-tree-disease,Dataset/Coconut Tree Disease Dataset/Gray Leaf Spot/GrayLeafSpot1143.jpg
lf2_foliar,GrayLeafSpot1144,2_foliar_disease,1,,,coconut-tree-disease,Dataset/Coconut Tree Disease Dataset/Gray Leaf Spot/GrayLeafSpot1144.jpg
lf2_foliar,GrayLeafSpot1145,2_foliar_disease,1,,,coconut-tree-disease,Dataset/Coconut Tree Disease Dataset/Gray Leaf Spot/GrayLeafSpot1145.jpg
lf2_foliar,GrayLeafSpot1146,2_foliar_disease,1,,,coconut-tree-disease,Dataset/Coconut Tree Disease Dataset/Gray Leaf Spot/GrayLeafSpot1146.jpg
lf2_foliar,GrayLeafSpot1147,2_foliar_disease,1,,,coconut-tree-disease,Dataset/Coconut Tree Disease Dataset/Gray Leaf Spot/GrayLeafSpot1147.jpg
lf2_foliar,GrayLeafSpot1148,2_foliar_disease,1,,,coconut-tree-disease,Dataset/Coconut Tree Disease Dataset/Gray Leaf Spot/GrayLeafSpot1148.jpg
lf2_foliar,GrayLeafSpot1149,2_foliar_disease,1,,,coconut-tree-disease,Dataset/Coconut Tree Disease Dataset/Gray Leaf Spot/GrayLeafSpot1149.jpg
lf2_foliar,GrayLeafSpot115,2_foliar_disease,1,,,coconut-tree-disease,Dataset/Coconut Tree Disease Dataset/Gray Leaf Spot/GrayLeafSpot115.jpg
lf2_foliar,GrayLeafSpot1150,2_foliar_disease,1,,,coconut-tree-disease,Dataset/Coconut Tree Disease Dataset/Gray Leaf Spot/GrayLeafSpot1150.jpg
lf2_foliar,GrayLeafSpot1151,2_foliar_disease,1,,,coconut-tree-disease,Dataset/Coconut Tree Disease Dataset/Gray Leaf Spot/GrayLeafSpot1151.jpg
lf2_foliar,GrayLeafSpot1152,2_foliar_disease,1,,,coconut-tree-disease,Dataset/Coconut Tree Disease Dataset/Gray Leaf Spot/GrayLeafSpot1152.jpg
lf2_foliar,GrayLeafSpot1153,2_foliar_disease,1,,,coconut-tree-disease,Dataset/Coconut Tree Disease Dataset/Gray Leaf Spot/GrayLeafSpot1153.jpg
lf2_foliar,GrayLeafSpot1154,2_foliar_disease,1,,,coconut-tree-disease,Dataset/Coconut Tree Disease Dataset/Gray Leaf Spot/GrayLeafSpot1154.jpg
lf2_foliar,GrayLeafSpot1155,2_foliar_disease,1,,,coconut-tree-disease,Dataset/Coconut Tree Disease Dataset/Gray Leaf Spot/GrayLeafSpot1155.jpg
lf2_foliar,GrayLeafSpot1156,2_foliar_disease,1,,,coconut-tree-disease,Dataset/Coconut Tree Disease Dataset/Gray Leaf Spot/GrayLeafSpot1156.jpg
lf2_foliar,GrayLeafSpot1157,2_foliar_disease,1,,,coconut-tree-disease,Dataset/Coconut Tree Disease Dataset/Gray Leaf Spot/GrayLeafSpot1157.jpg
lf2_foliar,GrayLeafSpot1158,2_foliar_disease,1,,,coconut-tree-disease,Dataset/Coconut Tree Disease Dataset/Gray Leaf Spot/GrayLeafSpot1158.jpg
lf2_foliar,GrayLeafSpot1159,2_foliar_disease,1,,,coconut-tree-disease,Dataset/Coconut Tree Disease Dataset/Gray Leaf Spot/GrayLeafSpot1159.jpg
lf2_foliar,GrayLeafSpot116,2_foliar_disease,1,,,coconut-tree-disease,Dataset/Coconut Tree Disease Dataset/Gray Leaf Spot/GrayLeafSpot116.jpg
lf2_foliar,GrayLeafSpot1160,2_foliar_disease,1,,,coconut-tree-disease,Dataset/Coconut Tree Disease Dataset/Gray Leaf Spot/GrayLeafSpot1160.jpg
lf2_foliar,GrayLeafSpot1161,2_foliar_disease,1,,,coconut-tree-disease,Dataset/Coconut Tree Disease Dataset/Gray Leaf Spot/GrayLeafSpot1161.jpg
lf2_foliar,GrayLeafSpot1162,2_foliar_disease,1,,,coconut-tree-disease,Dataset/Coconut Tree Disease Dataset/Gray Leaf Spot/GrayLeafSpot1162.jpg
lf2_foliar,GrayLeafSpot1163,2_foliar_disease,1,,,coconut-tree-disease,Dataset/Coconut Tree Disease Dataset/Gray Leaf Spot/GrayLeafSpot1163.jpg
lf2_foliar,GrayLeafSpot1164,2_foliar_disease,1,,,coconut-tree-disease,Dataset/Coconut Tree Disease Dataset/Gray Leaf Spot/GrayLeafSpot1164.jpg
lf2_foliar,GrayLeafSpot1165,2_foliar_disease,1,,,coconut-tree-disease,Dataset/Coconut Tree Disease Dataset/Gray Leaf Spot/GrayLeafSpot1165.jpg
lf2_foliar,GrayLeafSpot1166,2_foliar_disease,1,,,coconut-tree-disease,Dataset/Coconut Tree Disease Dataset/Gray Leaf Spot/GrayLeafSpot1166.jpg
lf2_foliar,GrayLeafSpot1167,2_foliar_disease,1,,,coconut-tree-disease,Dataset/Coconut Tree Disease Dataset/Gray Leaf Spot/GrayLeafSpot1167.jpg
lf2_foliar,GrayLeafSpot1168,2_foliar_disease,1,,,coconut-tree-disease,Dataset/Coconut Tree Disease Dataset/Gray Leaf Spot/GrayLeafSpot1168.jpg
lf2_foliar,GrayLeafSpot1169,2_foliar_disease,1,,,coconut-tree-disease,Dataset/Coconut Tree Disease Dataset/Gray Leaf Spot/GrayLeafSpot1169.jpg
lf2_foliar,GrayLeafSpot117,2_foliar_disease,1,,,coconut-tree-disease,Dataset/Coconut Tree Disease Dataset/Gray Leaf Spot/GrayLeafSpot117.jpg
lf2_foliar,GrayLeafSpot1170,2_foliar_disease,1,,,coconut-tree-disease,Dataset/Coconut Tree Disease Dataset/Gray Leaf Spot/GrayLeafSpot1170.jpg
lf2_foliar,GrayLeafSpot1171,2_foliar_disease,1,,,coconut-tree-disease,Dataset/Coconut Tree Disease Dataset/Gray Leaf Spot/GrayLeafSpot1171.jpg
lf2_foliar,GrayLeafSpot1172,2_foliar_disease,1,,,coconut-tree-disease,Dataset/Coconut Tree Disease Dataset/Gray Leaf Spot/GrayLeafSpot1172.jpg
lf2_foliar,GrayLeafSpot1173,2_foliar_disease,1,,,coconut-tree-disease,Dataset/Coconut Tree Disease Dataset/Gray Leaf Spot/GrayLeafSpot1173.jpg
lf2_foliar,GrayLeafSpot1174,2_foliar_disease,1,,,coconut-tree-disease,Dataset/Coconut Tree Disease Dataset/Gray Leaf Spot/GrayLeafSpot1174.jpg
lf2_foliar,GrayLeafSpot1175,2_foliar_disease,1,,,coconut-tree-disease,Dataset/Coconut Tree Disease Dataset/Gray Leaf Spot/GrayLeafSpot1175.jpg
lf2_foliar,GrayLeafSpot1176,2_foliar_disease,1,,,coconut-tree-disease,Dataset/Coconut Tree Disease Dataset/Gray Leaf Spot/GrayLeafSpot1176.jpg
lf2_foliar,GrayLeafSpot1177,2_foliar_disease,1,,,coconut-tree-disease,Dataset/Coconut Tree Disease Dataset/Gray Leaf Spot/GrayLeafSpot1177.jpg
lf2_foliar,GrayLeafSpot1178,2_foliar_disease,1,,,coconut-tree-disease,Dataset/Coconut Tree Disease Dataset/Gray Leaf Spot/GrayLeafSpot1178.jpg
lf2_foliar,GrayLeafSpot1179,2_foliar_disease,1,,,coconut-tree-disease,Dataset/Coconut Tree Disease Dataset/Gray Leaf Spot/GrayLeafSpot1179.jpg
lf2_foliar,GrayLeafSpot118,2_foliar_disease,1,,,coconut-tree-disease,Dataset/Coconut Tree Disease Dataset/Gray Leaf Spot/GrayLeafSpot118.jpg
lf2_foliar,GrayLeafSpot1180,2_foliar_disease,1,,,coconut-tree-disease,Dataset/Coconut Tree Disease Dataset/Gray Leaf Spot/GrayLeafSpot1180.jpg
lf2_foliar,GrayLeafSpot1181,2_foliar_disease,1,,,coconut-tree-disease,Dataset/Coconut Tree Disease Dataset/Gray Leaf Spot/GrayLeafSpot1181.jpg
lf2_foliar,GrayLeafSpot1182,2_foliar_disease,1,,,coconut-tree-disease,Dataset/Coconut Tree Disease Dataset/Gray Leaf Spot/GrayLeafSpot1182.jpg
lf2_foliar,GrayLeafSpot1183,2_foliar_disease,1,,,coconut-tree-disease,Dataset/Coconut Tree Disease Dataset/Gray Leaf Spot/GrayLeafSpot1183.jpg
lf2_foliar,GrayLeafSpot1184,2_foliar_disease,1,,,coconut-tree-disease,Dataset/Coconut Tree Disease Dataset/Gray Leaf Spot/GrayLeafSpot1184.jpg
lf2_foliar,GrayLeafSpot1185,2_foliar_disease,1,,,coconut-tree-disease,Dataset/Coconut Tree Disease Dataset/Gray Leaf Spot/GrayLeafSpot1185.jpg
lf2_foliar,GrayLeafSpot1186,2_foliar_disease,1,,,coconut-tree-disease,Dataset/Coconut Tree Disease Dataset/Gray Leaf Spot/GrayLeafSpot1186.jpg
lf2_foliar,GrayLeafSpot1187,2_foliar_disease,1,,,coconut-tree-disease,Dataset/Coconut Tree Disease Dataset/Gray Leaf Spot/GrayLeafSpot1187.jpg
lf2_foliar,GrayLeafSpot1188,2_foliar_disease,1,,,coconut-tree-disease,Dataset/Coconut Tree Disease Dataset/Gray Leaf Spot/GrayLeafSpot1188.jpg
lf2_foliar,GrayLeafSpot1189,2_foliar_disease,1,,,coconut-tree-disease,Dataset/Coconut Tree Disease Dataset/Gray Leaf Spot/GrayLeafSpot1189.jpg
lf2_foliar,GrayLeafSpot119,2_foliar_disease,1,,,coconut-tree-disease,Dataset/Coconut Tree Disease Dataset/Gray Leaf Spot/GrayLeafSpot119.jpg
lf2_foliar,GrayLeafSpot1190,2_foliar_disease,1,,,coconut-tree-disease,Dataset/Coconut Tree Disease Dataset/Gray Leaf Spot/GrayLeafSpot1190.jpg
lf2_foliar,GrayLeafSpot1191,2_foliar_disease,1,,,coconut-tree-disease,Dataset/Coconut Tree Disease Dataset/Gray Leaf Spot/GrayLeafSpot1191.jpg
lf2_foliar,GrayLeafSpot1192,2_foliar_disease,1,,,coconut-tree-disease,Dataset/Coconut Tree Disease Dataset/Gray Leaf Spot/GrayLeafSpot1192.jpg
lf2_foliar,GrayLeafSpot1193,2_foliar_disease,1,,,coconut-tree-disease,Dataset/Coconut Tree Disease Dataset/Gray Leaf Spot/GrayLeafSpot1193.jpg
lf2_foliar,GrayLeafSpot1194,2_foliar_disease,1,,,coconut-tree-disease,Dataset/Coconut Tree Disease Dataset/Gray Leaf Spot/GrayLeafSpot1194.jpg
lf2_foliar,GrayLeafSpot1195,2_foliar_disease,1,,,coconut-tree-disease,Dataset/Coconut Tree Disease Dataset/Gray Leaf Spot/GrayLeafSpot1195.jpg
lf2_foliar,GrayLeafSpot1196,2_foliar_disease,1,,,coconut-tree-disease,Dataset/Coconut Tree Disease Dataset/Gray Leaf Spot/GrayLeafSpot1196.jpg
lf2_foliar,GrayLeafSpot1197,2_foliar_disease,1,,,coconut-tree-disease,Dataset/Coconut Tree Disease Dataset/Gray Leaf Spot/GrayLeafSpot1197.jpg
lf2_foliar,GrayLeafSpot1198,2_foliar_disease,1,,,coconut-tree-disease,Dataset/Coconut Tree Disease Dataset/Gray Leaf Spot/GrayLeafSpot1198.jpg
lf2_foliar,GrayLeafSpot1199,2_foliar_disease,1,,,coconut-tree-disease,Dataset/Coconut Tree Disease Dataset/Gray Leaf Spot/GrayLeafSpot1199.jpg
lf2_foliar,GrayLeafSpot120,2_foliar_disease,1,,,coconut-tree-disease,Dataset/Coconut Tree Disease Dataset/Gray Leaf Spot/GrayLeafSpot120.jpg
lf2_foliar,GrayLeafSpot1200,2_foliar_disease,1,,,coconut-tree-disease,Dataset/Coconut Tree Disease Dataset/Gray Leaf Spot/GrayLeafSpot1200.jpg
lf2_foliar,GrayLeafSpot1201,2_foliar_disease,1,,,coconut-tree-disease,Dataset/Coconut Tree Disease Dataset/Gray Leaf Spot/GrayLeafSpot1201.jpg
lf2_foliar,GrayLeafSpot1202,2_foliar_disease,1,,,coconut-tree-disease,Dataset/Coconut Tree Disease Dataset/Gray Leaf Spot/GrayLeafSpot1202.jpg
lf2_foliar,GrayLeafSpot1203,2_foliar_disease,1,,,coconut-tree-disease,Dataset/Coconut Tree Disease Dataset/Gray Leaf Spot/GrayLeafSpot1203.jpg
lf2_foliar,GrayLeafSpot1204,2_foliar_disease,1,,,coconut-tree-disease,Dataset/Coconut Tree Disease Dataset/Gray Leaf Spot/GrayLeafSpot1204.jpg
lf2_foliar,GrayLeafSpot1205,2_foliar_disease,1,,,coconut-tree-disease,Dataset/Coconut Tree Disease Dataset/Gray Leaf Spot/GrayLeafSpot1205.jpg
lf2_foliar,GrayLeafSpot1206,2_foliar_disease,1,,,coconut-tree-disease,Dataset/Coconut Tree Disease Dataset/Gray Leaf Spot/GrayLeafSpot1206.jpg
lf2_foliar,GrayLeafSpot1207,2_foliar_disease,1,,,coconut-tree-disease,Dataset/Coconut Tree Disease Dataset/Gray Leaf Spot/GrayLeafSpot1207.jpg
lf2_foliar,GrayLeafSpot1208,2_foliar_disease,1,,,coconut-tree-disease,Dataset/Coconut Tree Disease Dataset/Gray Leaf Spot/GrayLeafSpot1208.jpg
lf2_foliar,GrayLeafSpot1209,2_foliar_disease,1,,,coconut-tree-disease,Dataset/Coconut Tree Disease Dataset/Gray Leaf Spot/GrayLeafSpot1209.jpg
lf2_foliar,GrayLeafSpot121,2_foliar_disease,1,,,coconut-tree-disease,Dataset/Coconut Tree Disease Dataset/Gray Leaf Spot/GrayLeafSpot121.jpg
lf2_foliar,GrayLeafSpot1210,2_foliar_disease,1,,,coconut-tree-disease,Dataset/Coconut Tree Disease Dataset/Gray Leaf Spot/GrayLeafSpot1210.jpg
lf2_foliar,GrayLeafSpot1211,2_foliar_disease,1,,,coconut-tree-disease,Dataset/Coconut Tree Disease Dataset/Gray Leaf Spot/GrayLeafSpot1211.jpg
lf2_foliar,GrayLeafSpot1212,2_foliar_disease,1,,,coconut-tree-disease,Dataset/Coconut Tree Disease Dataset/Gray Leaf Spot/GrayLeafSpot1212.jpg
lf2_foliar,GrayLeafSpot1213,2_foliar_disease,1,,,coconut-tree-disease,Dataset/Coconut Tree Disease Dataset/Gray Leaf Spot/GrayLeafSpot1213.jpg
lf2_foliar,GrayLeafSpot1214,2_foliar_disease,1,,,coconut-tree-disease,Dataset/Coconut Tree Disease Dataset/Gray Leaf Spot/GrayLeafSpot1214.jpg
lf2_foliar,GrayLeafSpot1215,2_foliar_disease,1,,,coconut-tree-disease,Dataset/Coconut Tree Disease Dataset/Gray Leaf Spot/GrayLeafSpot1215.jpg
lf2_foliar,GrayLeafSpot1216,2_foliar_disease,1,,,coconut-tree-disease,Dataset/Coconut Tree Disease Dataset/Gray Leaf Spot/GrayLeafSpot1216.jpg
lf2_foliar,GrayLeafSpot1217,2_foliar_disease,1,,,coconut-tree-disease,Dataset/Coconut Tree Disease Dataset/Gray Leaf Spot/GrayLeafSpot1217.jpg
lf2_foliar,GrayLeafSpot1218,2_foliar_disease,1,,,coconut-tree-disease,Dataset/Coconut Tree Disease Dataset/Gray Leaf Spot/GrayLeafSpot1218.jpg
lf2_foliar,GrayLeafSpot1219,2_foliar_disease,1,,,coconut-tree-disease,Dataset/Coconut Tree Disease Dataset/Gray Leaf Spot/GrayLeafSpot1219.jpg
lf2_foliar,GrayLeafSpot122,2_foliar_disease,1,,,coconut-tree-disease,Dataset/Coconut Tree Disease Dataset/Gray Leaf Spot/GrayLeafSpot122.jpg
lf2_foliar,GrayLeafSpot1220,2_foliar_disease,1,,,coconut-tree-disease,Dataset/Coconut Tree Disease Dataset/Gray Leaf Spot/GrayLeafSpot1220.jpg
lf2_foliar,GrayLeafSpot1221,2_foliar_disease,1,,,coconut-tree-disease,Dataset/Coconut Tree Disease Dataset/Gray Leaf Spot/GrayLeafSpot1221.jpg
lf2_foliar,GrayLeafSpot1222,2_foliar_disease,1,,,coconut-tree-disease,Dataset/Coconut Tree Disease Dataset/Gray Leaf Spot/GrayLeafSpot1222.jpg
lf2_foliar,GrayLeafSpot1223,2_foliar_disease,1,,,coconut-tree-disease,Dataset/Coconut Tree Disease Dataset/Gray Leaf Spot/GrayLeafSpot1223.jpg
lf2_foliar,GrayLeafSpot1224,2_foliar_disease,1,,,coconut-tree-disease,Dataset/Coconut Tree Disease Dataset/Gray Leaf Spot/GrayLeafSpot1224.jpg
lf2_foliar,GrayLeafSpot1225,2_foliar_disease,1,,,coconut-tree-disease,Dataset/Coconut Tree Disease Dataset/Gray Leaf Spot/GrayLeafSpot1225.jpg
lf2_foliar,GrayLeafSpot1226,2_foliar_disease,1,,,coconut-tree-disease,Dataset/Coconut Tree Disease Dataset/Gray Leaf Spot/GrayLeafSpot1226.jpg
lf2_foliar,GrayLeafSpot1227,2_foliar_disease,1,,,coconut-tree-disease,Dataset/Coconut Tree Disease Dataset/Gray Leaf Spot/GrayLeafSpot1227.jpg
lf2_foliar,GrayLeafSpot1228,2_foliar_disease,1,,,coconut-tree-disease,Dataset/Coconut Tree Disease Dataset/Gray Leaf Spot/GrayLeafSpot1228.jpg
lf2_foliar,GrayLeafSpot1229,2_foliar_disease,1,,,coconut-tree-disease,Dataset/Coconut Tree Disease Dataset/Gray Leaf Spot/GrayLeafSpot1229.jpg
lf2_foliar,GrayLeafSpot123,2_foliar_disease,1,,,coconut-tree-disease,Dataset/Coconut Tree Disease Dataset/Gray Leaf Spot/GrayLeafSpot123.jpg
lf2_foliar,GrayLeafSpot1230,2_foliar_disease,1,,,coconut-tree-disease,Dataset/Coconut Tree Disease Dataset/Gray Leaf Spot/GrayLeafSpot1230.jpg
lf2_foliar,GrayLeafSpot1231,2_foliar_disease,1,,,coconut-tree-disease,Dataset/Coconut Tree Disease Dataset/Gray Leaf Spot/GrayLeafSpot1231.jpg
lf2_foliar,GrayLeafSpot1232,2_foliar_disease,1,,,coconut-tree-disease,Dataset/Coconut Tree Disease Dataset/Gray Leaf Spot/GrayLeafSpot1232.jpg
lf2_foliar,GrayLeafSpot1233,2_foliar_disease,1,,,coconut-tree-disease,Dataset/Coconut Tree Disease Dataset/Gray Leaf Spot/GrayLeafSpot1233.jpg
lf2_foliar,GrayLeafSpot1234,2_foliar_disease,1,,,coconut-tree-disease,Dataset/Coconut Tree Disease Dataset/Gray Leaf Spot/GrayLeafSpot1234.jpg
lf2_foliar,GrayLeafSpot1235,2_foliar_disease,1,,,coconut-tree-disease,Dataset/Coconut Tree Disease Dataset/Gray Leaf Spot/GrayLeafSpot1235.jpg
lf2_foliar,GrayLeafSpot1236,2_foliar_disease,1,,,coconut-tree-disease,Dataset/Coconut Tree Disease Dataset/Gray Leaf Spot/GrayLeafSpot1236.jpg
lf2_foliar,GrayLeafSpot1237,2_foliar_disease,1,,,coconut-tree-disease,Dataset/Coconut Tree Disease Dataset/Gray Leaf Spot/GrayLeafSpot1237.jpg
lf2_foliar,GrayLeafSpot1238,2_foliar_disease,1,,,coconut-tree-disease,Dataset/Coconut Tree Disease Dataset/Gray Leaf Spot/GrayLeafSpot1238.jpg
lf2_foliar,GrayLeafSpot1239,2_foliar_disease,1,,,coconut-tree-disease,Dataset/Coconut Tree Disease Dataset/Gray Leaf Spot/GrayLeafSpot1239.jpg
lf2_foliar,GrayLeafSpot124,2_foliar_disease,1,,,coconut-tree-disease,Dataset/Coconut Tree Disease Dataset/Gray Leaf Spot/GrayLeafSpot124.jpg
lf2_foliar,GrayLeafSpot1240,2_foliar_disease,1,,,coconut-tree-disease,Dataset/Coconut Tree Disease Dataset/Gray Leaf Spot/GrayLeafSpot1240.jpg
lf2_foliar,GrayLeafSpot1241,2_foliar_disease,1,,,coconut-tree-disease,Dataset/Coconut Tree Disease Dataset/Gray Leaf Spot/GrayLeafSpot1241.jpg
lf2_foliar,GrayLeafSpot1242,2_foliar_disease,1,,,coconut-tree-disease,Dataset/Coconut Tree Disease Dataset/Gray Leaf Spot/GrayLeafSpot1242.jpg
lf2_foliar,GrayLeafSpot1243,2_foliar_disease,1,,,coconut-tree-disease,Dataset/Coconut Tree Disease Dataset/Gray Leaf Spot/GrayLeafSpot1243.jpg
lf2_foliar,GrayLeafSpot1244,2_foliar_disease,1,,,coconut-tree-disease,Dataset/Coconut Tree Disease Dataset/Gray Leaf Spot/GrayLeafSpot1244.jpg
lf2_foliar,GrayLeafSpot1245,2_foliar_disease,1,,,coconut-tree-disease,Dataset/Coconut Tree Disease Dataset/Gray Leaf Spot/GrayLeafSpot1245.jpg
lf2_foliar,GrayLeafSpot1246,2_foliar_disease,1,,,coconut-tree-disease,Dataset/Coconut Tree Disease Dataset/Gray Leaf Spot/GrayLeafSpot1246.jpg
lf2_foliar,GrayLeafSpot1247,2_foliar_disease,1,,,coconut-tree-disease,Dataset/Coconut Tree Disease Dataset/Gray Leaf Spot/GrayLeafSpot1247.jpg
lf2_foliar,GrayLeafSpot1248,2_foliar_disease,1,,,coconut-tree-disease,Dataset/Coconut Tree Disease Dataset/Gray Leaf Spot/GrayLeafSpot1248.jpg
lf2_foliar,GrayLeafSpot1249,2_foliar_disease,1,,,coconut-tree-disease,Dataset/Coconut Tree Disease Dataset/Gray Leaf Spot/GrayLeafSpot1249.jpg
lf2_foliar,GrayLeafSpot125,2_foliar_disease,1,,,coconut-tree-disease,Dataset/Coconut Tree Disease Dataset/Gray Leaf Spot/GrayLeafSpot125.jpg
lf2_foliar,GrayLeafSpot1250,2_foliar_disease,1,,,coconut-tree-disease,Dataset/Coconut Tree Disease Dataset/Gray Leaf Spot/GrayLeafSpot1250.jpg
lf2_foliar,GrayLeafSpot1251,2_foliar_disease,1,,,coconut-tree-disease,Dataset/Coconut Tree Disease Dataset/Gray Leaf Spot/GrayLeafSpot1251.jpg
lf2_foliar,GrayLeafSpot1252,2_foliar_disease,1,,,coconut-tree-disease,Dataset/Coconut Tree Disease Dataset/Gray Leaf Spot/GrayLeafSpot1252.jpg
lf2_foliar,GrayLeafSpot1253,2_foliar_disease,1,,,coconut-tree-disease,Dataset/Coconut Tree Disease Dataset/Gray Leaf Spot/GrayLeafSpot1253.jpg
lf2_foliar,GrayLeafSpot1254,2_foliar_disease,1,,,coconut-tree-disease,Dataset/Coconut Tree Disease Dataset/Gray Leaf Spot/GrayLeafSpot1254.jpg
lf2_foliar,GrayLeafSpot1255,2_foliar_disease,1,,,coconut-tree-disease,Dataset/Coconut Tree Disease Dataset/Gray Leaf Spot/GrayLeafSpot1255.jpg
lf2_foliar,GrayLeafSpot1256,2_foliar_disease,1,,,coconut-tree-disease,Dataset/Coconut Tree Disease Dataset/Gray Leaf Spot/GrayLeafSpot1256.jpg
lf2_foliar,GrayLeafSpot1257,2_foliar_disease,1,,,coconut-tree-disease,Dataset/Coconut Tree Disease Dataset/Gray Leaf Spot/GrayLeafSpot1257.jpg
lf2_foliar,GrayLeafSpot1258,2_foliar_disease,1,,,coconut-tree-disease,Dataset/Coconut Tree Disease Dataset/Gray Leaf Spot/GrayLeafSpot1258.jpg
lf2_foliar,GrayLeafSpot1259,2_foliar_disease,1,,,coconut-tree-disease,Dataset/Coconut Tree Disease Dataset/Gray Leaf Spot/GrayLeafSpot1259.jpg
lf2_foliar,GrayLeafSpot126,2_foliar_disease,1,,,coconut-tree-disease,Dataset/Coconut Tree Disease Dataset/Gray Leaf Spot/GrayLeafSpot126.jpg
lf2_foliar,GrayLeafSpot1260,2_foliar_disease,1,,,coconut-tree-disease,Dataset/Coconut Tree Disease Dataset/Gray Leaf Spot/GrayLeafSpot1260.jpg
lf2_foliar,GrayLeafSpot1261,2_foliar_disease,1,,,coconut-tree-disease,Dataset/Coconut Tree Disease Dataset/Gray Leaf Spot/GrayLeafSpot1261.jpg
lf2_foliar,GrayLeafSpot1262,2_foliar_disease,1,,,coconut-tree-disease,Dataset/Coconut Tree Disease Dataset/Gray Leaf Spot/GrayLeafSpot1262.jpg
lf2_foliar,GrayLeafSpot1263,2_foliar_disease,1,,,coconut-tree-disease,Dataset/Coconut Tree Disease Dataset/Gray Leaf Spot/GrayLeafSpot1263.jpg
lf2_foliar,GrayLeafSpot1264,2_foliar_disease,1,,,coconut-tree-disease,Dataset/Coconut Tree Disease Dataset/Gray Leaf Spot/GrayLeafSpot1264.jpg
lf2_foliar,GrayLeafSpot1265,2_foliar_disease,1,,,coconut-tree-disease,Dataset/Coconut Tree Disease Dataset/Gray Leaf Spot/GrayLeafSpot1265.jpg
lf2_foliar,GrayLeafSpot1266,2_foliar_disease,1,,,coconut-tree-disease,Dataset/Coconut Tree Disease Dataset/Gray Leaf Spot/GrayLeafSpot1266.jpg
lf2_foliar,GrayLeafSpot1267,2_foliar_disease,1,,,coconut-tree-disease,Dataset/Coconut Tree Disease Dataset/Gray Leaf Spot/GrayLeafSpot1267.jpg
lf2_foliar,GrayLeafSpot1268,2_foliar_disease,1,,,coconut-tree-disease,Dataset/Coconut Tree Disease Dataset/Gray Leaf Spot/GrayLeafSpot1268.jpg
lf2_foliar,GrayLeafSpot1269,2_foliar_disease,1,,,coconut-tree-disease,Dataset/Coconut Tree Disease Dataset/Gray Leaf Spot/GrayLeafSpot1269.jpg
lf2_foliar,GrayLeafSpot127,2_foliar_disease,1,,,coconut-tree-disease,Dataset/Coconut Tree Disease Dataset/Gray Leaf Spot/GrayLeafSpot127.jpg
lf2_foliar,GrayLeafSpot1270,2_foliar_disease,1,,,coconut-tree-disease,Dataset/Coconut Tree Disease Dataset/Gray Leaf Spot/GrayLeafSpot1270.jpg
lf2_foliar,GrayLeafSpot1271,2_foliar_disease,1,,,coconut-tree-disease,Dataset/Coconut Tree Disease Dataset/Gray Leaf Spot/GrayLeafSpot1271.jpg
lf2_foliar,GrayLeafSpot1272,2_foliar_disease,1,,,coconut-tree-disease,Dataset/Coconut Tree Disease Dataset/Gray Leaf Spot/GrayLeafSpot1272.jpg
lf2_foliar,GrayLeafSpot1273,2_foliar_disease,1,,,coconut-tree-disease,Dataset/Coconut Tree Disease Dataset/Gray Leaf Spot/GrayLeafSpot1273.jpg
lf2_foliar,GrayLeafSpot1274,2_foliar_disease,1,,,coconut-tree-disease,Dataset/Coconut Tree Disease Dataset/Gray Leaf Spot/GrayLeafSpot1274.jpg
lf2_foliar,GrayLeafSpot1275,2_foliar_disease,1,,,coconut-tree-disease,Dataset/Coconut Tree Disease Dataset/Gray Leaf Spot/GrayLeafSpot1275.jpg
lf2_foliar,GrayLeafSpot1276,2_foliar_disease,1,,,coconut-tree-disease,Dataset/Coconut Tree Disease Dataset/Gray Leaf Spot/GrayLeafSpot1276.jpg
lf2_foliar,GrayLeafSpot1277,2_foliar_disease,1,,,coconut-tree-disease,Dataset/Coconut Tree Disease Dataset/Gray Leaf Spot/GrayLeafSpot1277.jpg
lf2_foliar,GrayLeafSpot1278,2_foliar_disease,1,,,coconut-tree-disease,Dataset/Coconut Tree Disease Dataset/Gray Leaf Spot/GrayLeafSpot1278.jpg
lf2_foliar,GrayLeafSpot1279,2_foliar_disease,1,,,coconut-tree-disease,Dataset/Coconut Tree Disease Dataset/Gray Leaf Spot/GrayLeafSpot1279.jpg
lf2_foliar,GrayLeafSpot128,2_foliar_disease,1,,,coconut-tree-disease,Dataset/Coconut Tree Disease Dataset/Gray Leaf Spot/GrayLeafSpot128.jpg
lf2_foliar,GrayLeafSpot1280,2_foliar_disease,1,,,coconut-tree-disease,Dataset/Coconut Tree Disease Dataset/Gray Leaf Spot/GrayLeafSpot1280.jpg
lf2_foliar,GrayLeafSpot1281,2_foliar_disease,1,,,coconut-tree-disease,Dataset/Coconut Tree Disease Dataset/Gray Leaf Spot/GrayLeafSpot1281.jpg
lf2_foliar,GrayLeafSpot1282,2_foliar_disease,1,,,coconut-tree-disease,Dataset/Coconut Tree Disease Dataset/Gray Leaf Spot/GrayLeafSpot1282.jpg
lf2_foliar,GrayLeafSpot1283,2_foliar_disease,1,,,coconut-tree-disease,Dataset/Coconut Tree Disease Dataset/Gray Leaf Spot/GrayLeafSpot1283.jpg
lf2_foliar,GrayLeafSpot1284,2_foliar_disease,1,,,coconut-tree-disease,Dataset/Coconut Tree Disease Dataset/Gray Leaf Spot/GrayLeafSpot1284.jpg
lf2_foliar,GrayLeafSpot1285,2_foliar_disease,1,,,coconut-tree-disease,Dataset/Coconut Tree Disease Dataset/Gray Leaf Spot/GrayLeafSpot1285.jpg
lf2_foliar,GrayLeafSpot1286,2_foliar_disease,1,,,coconut-tree-disease,Dataset/Coconut Tree Disease Dataset/Gray Leaf Spot/GrayLeafSpot1286.jpg
lf2_foliar,GrayLeafSpot1287,2_foliar_disease,1,,,coconut-tree-disease,Dataset/Coconut Tree Disease Dataset/Gray Leaf Spot/GrayLeafSpot1287.jpg
lf2_foliar,GrayLeafSpot1288,2_foliar_disease,1,,,coconut-tree-disease,Dataset/Coconut Tree Disease Dataset/Gray Leaf Spot/GrayLeafSpot1288.jpg
lf2_foliar,GrayLeafSpot1289,2_foliar_disease,1,,,coconut-tree-disease,Dataset/Coconut Tree Disease Dataset/Gray Leaf Spot/GrayLeafSpot1289.jpg
lf2_foliar,GrayLeafSpot129,2_foliar_disease,1,,,coconut-tree-disease,Dataset/Coconut Tree Disease Dataset/Gray Leaf Spot/GrayLeafSpot129.jpg
lf2_foliar,GrayLeafSpot1290,2_foliar_disease,1,,,coconut-tree-disease,Dataset/Coconut Tree Disease Dataset/Gray Leaf Spot/GrayLeafSpot1290.jpg
lf2_foliar,GrayLeafSpot1291,2_foliar_disease,1,,,coconut-tree-disease,Dataset/Coconut Tree Disease Dataset/Gray Leaf Spot/GrayLeafSpot1291.jpg
lf2_foliar,GrayLeafSpot1292,2_foliar_disease,1,,,coconut-tree-disease,Dataset/Coconut Tree Disease Dataset/Gray Leaf Spot/GrayLeafSpot1292.jpg
lf2_foliar,GrayLeafSpot1293,2_foliar_disease,1,,,coconut-tree-disease,Dataset/Coconut Tree Disease Dataset/Gray Leaf Spot/GrayLeafSpot1293.jpg
lf2_foliar,GrayLeafSpot1294,2_foliar_disease,1,,,coconut-tree-disease,Dataset/Coconut Tree Disease Dataset/Gray Leaf Spot/GrayLeafSpot1294.jpg
lf2_foliar,GrayLeafSpot1295,2_foliar_disease,1,,,coconut-tree-disease,Dataset/Coconut Tree Disease Dataset/Gray Leaf Spot/GrayLeafSpot1295.jpg
lf2_foliar,GrayLeafSpot1296,2_foliar_disease,1,,,coconut-tree-disease,Dataset/Coconut Tree Disease Dataset/Gray Leaf Spot/GrayLeafSpot1296.jpg
lf2_foliar,GrayLeafSpot1297,2_foliar_disease,1,,,coconut-tree-disease,Dataset/Coconut Tree Disease Dataset/Gray Leaf Spot/GrayLeafSpot1297.jpg
lf2_foliar,GrayLeafSpot1298,2_foliar_disease,1,,,coconut-tree-disease,Dataset/Coconut Tree Disease Dataset/Gray Leaf Spot/GrayLeafSpot1298.jpg
lf2_foliar,GrayLeafSpot1299,2_foliar_disease,1,,,coconut-tree-disease,Dataset/Coconut Tree Disease Dataset/Gray Leaf Spot/GrayLeafSpot1299.jpg
lf2_foliar,GrayLeafSpot130,2_foliar_disease,1,,,coconut-tree-disease,Dataset/Coconut Tree Disease Dataset/Gray Leaf Spot/GrayLeafSpot130.jpg
lf2_foliar,GrayLeafSpot1300,2_foliar_disease,1,,,coconut-tree-disease,Dataset/Coconut Tree Disease Dataset/Gray Leaf Spot/GrayLeafSpot1300.jpg
lf2_foliar,GrayLeafSpot1301,2_foliar_disease,1,,,coconut-tree-disease,Dataset/Coconut Tree Disease Dataset/Gray Leaf Spot/GrayLeafSpot1301.jpg
lf2_foliar,GrayLeafSpot1302,2_foliar_disease,1,,,coconut-tree-disease,Dataset/Coconut Tree Disease Dataset/Gray Leaf Spot/GrayLeafSpot1302.jpg
lf2_foliar,GrayLeafSpot1303,2_foliar_disease,1,,,coconut-tree-disease,Dataset/Coconut Tree Disease Dataset/Gray Leaf Spot/GrayLeafSpot1303.jpg
lf2_foliar,GrayLeafSpot1304,2_foliar_disease,1,,,coconut-tree-disease,Dataset/Coconut Tree Disease Dataset/Gray Leaf Spot/GrayLeafSpot1304.jpg
lf2_foliar,GrayLeafSpot1305,2_foliar_disease,1,,,coconut-tree-disease,Dataset/Coconut Tree Disease Dataset/Gray Leaf Spot/GrayLeafSpot1305.jpg
lf2_foliar,GrayLeafSpot1306,2_foliar_disease,1,,,coconut-tree-disease,Dataset/Coconut Tree Disease Dataset/Gray Leaf Spot/GrayLeafSpot1306.jpg
lf2_foliar,GrayLeafSpot1307,2_foliar_disease,1,,,coconut-tree-disease,Dataset/Coconut Tree Disease Dataset/Gray Leaf Spot/GrayLeafSpot1307.jpg
lf2_foliar,GrayLeafSpot1308,2_foliar_disease,1,,,coconut-tree-disease,Dataset/Coconut Tree Disease Dataset/Gray Leaf Spot/GrayLeafSpot1308.jpg
lf2_foliar,GrayLeafSpot1309,2_foliar_disease,1,,,coconut-tree-disease,Dataset/Coconut Tree Disease Dataset/Gray Leaf Spot/GrayLeafSpot1309.jpg
lf2_foliar,GrayLeafSpot131,2_foliar_disease,1,,,coconut-tree-disease,Dataset/Coconut Tree Disease Dataset/Gray Leaf Spot/GrayLeafSpot131.jpg
lf2_foliar,GrayLeafSpot1310,2_foliar_disease,1,,,coconut-tree-disease,Dataset/Coconut Tree Disease Dataset/Gray Leaf Spot/GrayLeafSpot1310.jpg
lf2_foliar,GrayLeafSpot1311,2_foliar_disease,1,,,coconut-tree-disease,Dataset/Coconut Tree Disease Dataset/Gray Leaf Spot/GrayLeafSpot1311.jpg
lf2_foliar,GrayLeafSpot1312,2_foliar_disease,1,,,coconut-tree-disease,Dataset/Coconut Tree Disease Dataset/Gray Leaf Spot/GrayLeafSpot1312.jpg
lf2_foliar,GrayLeafSpot1313,2_foliar_disease,1,,,coconut-tree-disease,Dataset/Coconut Tree Disease Dataset/Gray Leaf Spot/GrayLeafSpot1313.jpg
lf2_foliar,GrayLeafSpot1314,2_foliar_disease,1,,,coconut-tree-disease,Dataset/Coconut Tree Disease Dataset/Gray Leaf Spot/GrayLeafSpot1314.jpg
lf2_foliar,GrayLeafSpot1315,2_foliar_disease,1,,,coconut-tree-disease,Dataset/Coconut Tree Disease Dataset/Gray Leaf Spot/GrayLeafSpot1315.jpg
lf2_foliar,GrayLeafSpot1316,2_foliar_disease,1,,,coconut-tree-disease,Dataset/Coconut Tree Disease Dataset/Gray Leaf Spot/GrayLeafSpot1316.jpg
lf2_foliar,GrayLeafSpot1317,2_foliar_disease,1,,,coconut-tree-disease,Dataset/Coconut Tree Disease Dataset/Gray Leaf Spot/GrayLeafSpot1317.jpg
lf2_foliar,GrayLeafSpot1318,2_foliar_disease,1,,,coconut-tree-disease,Dataset/Coconut Tree Disease Dataset/Gray Leaf Spot/GrayLeafSpot1318.jpg
lf2_foliar,GrayLeafSpot1319,2_foliar_disease,1,,,coconut-tree-disease,Dataset/Coconut Tree Disease Dataset/Gray Leaf Spot/GrayLeafSpot1319.jpg
lf2_foliar,GrayLeafSpot132,2_foliar_disease,1,,,coconut-tree-disease,Dataset/Coconut Tree Disease Dataset/Gray Leaf Spot/GrayLeafSpot132.jpg
lf2_foliar,GrayLeafSpot1320,2_foliar_disease,1,,,coconut-tree-disease,Dataset/Coconut Tree Disease Dataset/Gray Leaf Spot/GrayLeafSpot1320.jpg
lf2_foliar,GrayLeafSpot1321,2_foliar_disease,1,,,coconut-tree-disease,Dataset/Coconut Tree Disease Dataset/Gray Leaf Spot/GrayLeafSpot1321.jpg
lf2_foliar,GrayLeafSpot1322,2_foliar_disease,1,,,coconut-tree-disease,Dataset/Coconut Tree Disease Dataset/Gray Leaf Spot/GrayLeafSpot1322.jpg
lf2_foliar,GrayLeafSpot1323,2_foliar_disease,1,,,coconut-tree-disease,Dataset/Coconut Tree Disease Dataset/Gray Leaf Spot/GrayLeafSpot1323.jpg
lf2_foliar,GrayLeafSpot1324,2_foliar_disease,1,,,coconut-tree-disease,Dataset/Coconut Tree Disease Dataset/Gray Leaf Spot/GrayLeafSpot1324.jpg
lf2_foliar,GrayLeafSpot1325,2_foliar_disease,1,,,coconut-tree-disease,Dataset/Coconut Tree Disease Dataset/Gray Leaf Spot/GrayLeafSpot1325.jpg
lf2_foliar,GrayLeafSpot1326,2_foliar_disease,1,,,coconut-tree-disease,Dataset/Coconut Tree Disease Dataset/Gray Leaf Spot/GrayLeafSpot1326.jpg
lf2_foliar,GrayLeafSpot1327,2_foliar_disease,1,,,coconut-tree-disease,Dataset/Coconut Tree Disease Dataset/Gray Leaf Spot/GrayLeafSpot1327.jpg
lf2_foliar,GrayLeafSpot1328,2_foliar_disease,1,,,coconut-tree-disease,Dataset/Coconut Tree Disease Dataset/Gray Leaf Spot/GrayLeafSpot1328.jpg
lf2_foliar,GrayLeafSpot1329,2_foliar_disease,1,,,coconut-tree-disease,Dataset/Coconut Tree Disease Dataset/Gray Leaf Spot/GrayLeafSpot1329.jpg
lf2_foliar,GrayLeafSpot133,2_foliar_disease,1,,,coconut-tree-disease,Dataset/Coconut Tree Disease Dataset/Gray Leaf Spot/GrayLeafSpot133.jpg
lf2_foliar,GrayLeafSpot1330,2_foliar_disease,1,,,coconut-tree-disease,Dataset/Coconut Tree Disease Dataset/Gray Leaf Spot/GrayLeafSpot1330.jpg
lf2_foliar,GrayLeafSpot1331,2_foliar_disease,1,,,coconut-tree-disease,Dataset/Coconut Tree Disease Dataset/Gray Leaf Spot/GrayLeafSpot1331.jpg
lf2_foliar,GrayLeafSpot1332,2_foliar_disease,1,,,coconut-tree-disease,Dataset/Coconut Tree Disease Dataset/Gray Leaf Spot/GrayLeafSpot1332.jpg
lf2_foliar,GrayLeafSpot1333,2_foliar_disease,1,,,coconut-tree-disease,Dataset/Coconut Tree Disease Dataset/Gray Leaf Spot/GrayLeafSpot1333.jpg
lf2_foliar,GrayLeafSpot1334,2_foliar_disease,1,,,coconut-tree-disease,Dataset/Coconut Tree Disease Dataset/Gray Leaf Spot/GrayLeafSpot1334.jpg
lf2_foliar,GrayLeafSpot1335,2_foliar_disease,1,,,coconut-tree-disease,Dataset/Coconut Tree Disease Dataset/Gray Leaf Spot/GrayLeafSpot1335.jpg
lf2_foliar,GrayLeafSpot1336,2_foliar_disease,1,,,coconut-tree-disease,Dataset/Coconut Tree Disease Dataset/Gray Leaf Spot/GrayLeafSpot1336.jpg
lf2_foliar,GrayLeafSpot1337,2_foliar_disease,1,,,coconut-tree-disease,Dataset/Coconut Tree Disease Dataset/Gray Leaf Spot/GrayLeafSpot1337.jpg
lf2_foliar,GrayLeafSpot1338,2_foliar_disease,1,,,coconut-tree-disease,Dataset/Coconut Tree Disease Dataset/Gray Leaf Spot/GrayLeafSpot1338.jpg
lf2_foliar,GrayLeafSpot1339,2_foliar_disease,1,,,coconut-tree-disease,Dataset/Coconut Tree Disease Dataset/Gray Leaf Spot/GrayLeafSpot1339.jpg
lf2_foliar,GrayLeafSpot134,2_foliar_disease,1,,,coconut-tree-disease,Dataset/Coconut Tree Disease Dataset/Gray Leaf Spot/GrayLeafSpot134.jpg
lf2_foliar,GrayLeafSpot1340,2_foliar_disease,1,,,coconut-tree-disease,Dataset/Coconut Tree Disease Dataset/Gray Leaf Spot/GrayLeafSpot1340.jpg
lf2_foliar,GrayLeafSpot1341,2_foliar_disease,1,,,coconut-tree-disease,Dataset/Coconut Tree Disease Dataset/Gray Leaf Spot/GrayLeafSpot1341.jpg
lf2_foliar,GrayLeafSpot1342,2_foliar_disease,1,,,coconut-tree-disease,Dataset/Coconut Tree Disease Dataset/Gray Leaf Spot/GrayLeafSpot1342.jpg
lf2_foliar,GrayLeafSpot1343,2_foliar_disease,1,,,coconut-tree-disease,Dataset/Coconut Tree Disease Dataset/Gray Leaf Spot/GrayLeafSpot1343.jpg
lf2_foliar,GrayLeafSpot1344,2_foliar_disease,1,,,coconut-tree-disease,Dataset/Coconut Tree Disease Dataset/Gray Leaf Spot/GrayLeafSpot1344.jpg
lf2_foliar,GrayLeafSpot1345,2_foliar_disease,1,,,coconut-tree-disease,Dataset/Coconut Tree Disease Dataset/Gray Leaf Spot/GrayLeafSpot1345.jpg
lf2_foliar,GrayLeafSpot1346,2_foliar_disease,1,,,coconut-tree-disease,Dataset/Coconut Tree Disease Dataset/Gray Leaf Spot/GrayLeafSpot1346.jpg
lf2_foliar,GrayLeafSpot1347,2_foliar_disease,1,,,coconut-tree-disease,Dataset/Coconut Tree Disease Dataset/Gray Leaf Spot/GrayLeafSpot1347.jpg
lf2_foliar,GrayLeafSpot1348,2_foliar_disease,1,,,coconut-tree-disease,Dataset/Coconut Tree Disease Dataset/Gray Leaf Spot/GrayLeafSpot1348.jpg
lf2_foliar,GrayLeafSpot1349,2_foliar_disease,1,,,coconut-tree-disease,Dataset/Coconut Tree Disease Dataset/Gray Leaf Spot/GrayLeafSpot1349.jpg
lf2_foliar,GrayLeafSpot135,2_foliar_disease,1,,,coconut-tree-disease,Dataset/Coconut Tree Disease Dataset/Gray Leaf Spot/GrayLeafSpot135.jpg
lf2_foliar,GrayLeafSpot1350,2_foliar_disease,1,,,coconut-tree-disease,Dataset/Coconut Tree Disease Dataset/Gray Leaf Spot/GrayLeafSpot1350.jpg
lf2_foliar,GrayLeafSpot1351,2_foliar_disease,1,,,coconut-tree-disease,Dataset/Coconut Tree Disease Dataset/Gray Leaf Spot/GrayLeafSpot1351.jpg
lf2_foliar,GrayLeafSpot1352,2_foliar_disease,1,,,coconut-tree-disease,Dataset/Coconut Tree Disease Dataset/Gray Leaf Spot/GrayLeafSpot1352.jpg
lf2_foliar,GrayLeafSpot1353,2_foliar_disease,1,,,coconut-tree-disease,Dataset/Coconut Tree Disease Dataset/Gray Leaf Spot/GrayLeafSpot1353.jpg
lf2_foliar,GrayLeafSpot1354,2_foliar_disease,1,,,coconut-tree-disease,Dataset/Coconut Tree Disease Dataset/Gray Leaf Spot/GrayLeafSpot1354.jpg
lf2_foliar,GrayLeafSpot1355,2_foliar_disease,1,,,coconut-tree-disease,Dataset/Coconut Tree Disease Dataset/Gray Leaf Spot/GrayLeafSpot1355.jpg
lf2_foliar,GrayLeafSpot1356,2_foliar_disease,1,,,coconut-tree-disease,Dataset/Coconut Tree Disease Dataset/Gray Leaf Spot/GrayLeafSpot1356.jpg
lf2_foliar,GrayLeafSpot1357,2_foliar_disease,1,,,coconut-tree-disease,Dataset/Coconut Tree Disease Dataset/Gray Leaf Spot/GrayLeafSpot1357.jpg
lf2_foliar,GrayLeafSpot1358,2_foliar_disease,1,,,coconut-tree-disease,Dataset/Coconut Tree Disease Dataset/Gray Leaf Spot/GrayLeafSpot1358.jpg
lf2_foliar,GrayLeafSpot1359,2_foliar_disease,1,,,coconut-tree-disease,Dataset/Coconut Tree Disease Dataset/Gray Leaf Spot/GrayLeafSpot1359.jpg
lf2_foliar,GrayLeafSpot136,2_foliar_disease,1,,,coconut-tree-disease,Dataset/Coconut Tree Disease Dataset/Gray Leaf Spot/GrayLeafSpot136.jpg
lf2_foliar,GrayLeafSpot1360,2_foliar_disease,1,,,coconut-tree-disease,Dataset/Coconut Tree Disease Dataset/Gray Leaf Spot/GrayLeafSpot1360.jpg
lf2_foliar,GrayLeafSpot1361,2_foliar_disease,1,,,coconut-tree-disease,Dataset/Coconut Tree Disease Dataset/Gray Leaf Spot/GrayLeafSpot1361.jpg
lf2_foliar,GrayLeafSpot1362,2_foliar_disease,1,,,coconut-tree-disease,Dataset/Coconut Tree Disease Dataset/Gray Leaf Spot/GrayLeafSpot1362.jpg
lf2_foliar,GrayLeafSpot1363,2_foliar_disease,1,,,coconut-tree-disease,Dataset/Coconut Tree Disease Dataset/Gray Leaf Spot/GrayLeafSpot1363.jpg
lf2_foliar,GrayLeafSpot1364,2_foliar_disease,1,,,coconut-tree-disease,Dataset/Coconut Tree Disease Dataset/Gray Leaf Spot/GrayLeafSpot1364.jpg
lf2_foliar,GrayLeafSpot1365,2_foliar_disease,1,,,coconut-tree-disease,Dataset/Coconut Tree Disease Dataset/Gray Leaf Spot/GrayLeafSpot1365.jpg
lf2_foliar,GrayLeafSpot1366,2_foliar_disease,1,,,coconut-tree-disease,Dataset/Coconut Tree Disease Dataset/Gray Leaf Spot/GrayLeafSpot1366.jpg
lf2_foliar,GrayLeafSpot1367,2_foliar_disease,1,,,coconut-tree-disease,Dataset/Coconut Tree Disease Dataset/Gray Leaf Spot/GrayLeafSpot1367.jpg
lf2_foliar,GrayLeafSpot1368,2_foliar_disease,1,,,coconut-tree-disease,Dataset/Coconut Tree Disease Dataset/Gray Leaf Spot/GrayLeafSpot1368.jpg
lf2_foliar,GrayLeafSpot1369,2_foliar_disease,1,,,coconut-tree-disease,Dataset/Coconut Tree Disease Dataset/Gray Leaf Spot/GrayLeafSpot1369.jpg
lf2_foliar,GrayLeafSpot137,2_foliar_disease,1,,,coconut-tree-disease,Dataset/Coconut Tree Disease Dataset/Gray Leaf Spot/GrayLeafSpot137.jpg
lf2_foliar,GrayLeafSpot1370,2_foliar_disease,1,,,coconut-tree-disease,Dataset/Coconut Tree Disease Dataset/Gray Leaf Spot/GrayLeafSpot1370.jpg
lf2_foliar,GrayLeafSpot1371,2_foliar_disease,1,,,coconut-tree-disease,Dataset/Coconut Tree Disease Dataset/Gray Leaf Spot/GrayLeafSpot1371.jpg
lf2_foliar,GrayLeafSpot1372,2_foliar_disease,1,,,coconut-tree-disease,Dataset/Coconut Tree Disease Dataset/Gray Leaf Spot/GrayLeafSpot1372.jpg
lf2_foliar,GrayLeafSpot1373,2_foliar_disease,1,,,coconut-tree-disease,Dataset/Coconut Tree Disease Dataset/Gray Leaf Spot/GrayLeafSpot1373.jpg
lf2_foliar,GrayLeafSpot1374,2_foliar_disease,1,,,coconut-tree-disease,Dataset/Coconut Tree Disease Dataset/Gray Leaf Spot/GrayLeafSpot1374.jpg
lf2_foliar,GrayLeafSpot1375,2_foliar_disease,1,,,coconut-tree-disease,Dataset/Coconut Tree Disease Dataset/Gray Leaf Spot/GrayLeafSpot1375.jpg
lf2_foliar,GrayLeafSpot1376,2_foliar_disease,1,,,coconut-tree-disease,Dataset/Coconut Tree Disease Dataset/Gray Leaf Spot/GrayLeafSpot1376.jpg
lf2_foliar,GrayLeafSpot1377,2_foliar_disease,1,,,coconut-tree-disease,Dataset/Coconut Tree Disease Dataset/Gray Leaf Spot/GrayLeafSpot1377.jpg
lf2_foliar,GrayLeafSpot1378,2_foliar_disease,1,,,coconut-tree-disease,Dataset/Coconut Tree Disease Dataset/Gray Leaf Spot/GrayLeafSpot1378.jpg
lf2_foliar,GrayLeafSpot1379,2_foliar_disease,1,,,coconut-tree-disease,Dataset/Coconut Tree Disease Dataset/Gray Leaf Spot/GrayLeafSpot1379.jpg
lf2_foliar,GrayLeafSpot138,2_foliar_disease,1,,,coconut-tree-disease,Dataset/Coconut Tree Disease Dataset/Gray Leaf Spot/GrayLeafSpot138.jpg
lf2_foliar,GrayLeafSpot1380,2_foliar_disease,1,,,coconut-tree-disease,Dataset/Coconut Tree Disease Dataset/Gray Leaf Spot/GrayLeafSpot1380.jpg
lf2_foliar,GrayLeafSpot1381,2_foliar_disease,1,,,coconut-tree-disease,Dataset/Coconut Tree Disease Dataset/Gray Leaf Spot/GrayLeafSpot1381.jpg
lf2_foliar,GrayLeafSpot1382,2_foliar_disease,1,,,coconut-tree-disease,Dataset/Coconut Tree Disease Dataset/Gray Leaf Spot/GrayLeafSpot1382.jpg
lf2_foliar,GrayLeafSpot1383,2_foliar_disease,1,,,coconut-tree-disease,Dataset/Coconut Tree Disease Dataset/Gray Leaf Spot/GrayLeafSpot1383.jpg
lf2_foliar,GrayLeafSpot1384,2_foliar_disease,1,,,coconut-tree-disease,Dataset/Coconut Tree Disease Dataset/Gray Leaf Spot/GrayLeafSpot1384.jpg
lf2_foliar,GrayLeafSpot1385,2_foliar_disease,1,,,coconut-tree-disease,Dataset/Coconut Tree Disease Dataset/Gray Leaf Spot/GrayLeafSpot1385.jpg
lf2_foliar,GrayLeafSpot1386,2_foliar_disease,1,,,coconut-tree-disease,Dataset/Coconut Tree Disease Dataset/Gray Leaf Spot/GrayLeafSpot1386.jpg
lf2_foliar,GrayLeafSpot1387,2_foliar_disease,1,,,coconut-tree-disease,Dataset/Coconut Tree Disease Dataset/Gray Leaf Spot/GrayLeafSpot1387.jpg
lf2_foliar,GrayLeafSpot1388,2_foliar_disease,1,,,coconut-tree-disease,Dataset/Coconut Tree Disease Dataset/Gray Leaf Spot/GrayLeafSpot1388.jpg
lf2_foliar,GrayLeafSpot1389,2_foliar_disease,1,,,coconut-tree-disease,Dataset/Coconut Tree Disease Dataset/Gray Leaf Spot/GrayLeafSpot1389.jpg
lf2_foliar,GrayLeafSpot139,2_foliar_disease,1,,,coconut-tree-disease,Dataset/Coconut Tree Disease Dataset/Gray Leaf Spot/GrayLeafSpot139.jpg
lf2_foliar,GrayLeafSpot1390,2_foliar_disease,1,,,coconut-tree-disease,Dataset/Coconut Tree Disease Dataset/Gray Leaf Spot/GrayLeafSpot1390.jpg
lf2_foliar,GrayLeafSpot1391,2_foliar_disease,1,,,coconut-tree-disease,Dataset/Coconut Tree Disease Dataset/Gray Leaf Spot/GrayLeafSpot1391.jpg
lf2_foliar,GrayLeafSpot1392,2_foliar_disease,1,,,coconut-tree-disease,Dataset/Coconut Tree Disease Dataset/Gray Leaf Spot/GrayLeafSpot1392.jpg
lf2_foliar,GrayLeafSpot1393,2_foliar_disease,1,,,coconut-tree-disease,Dataset/Coconut Tree Disease Dataset/Gray Leaf Spot/GrayLeafSpot1393.jpg
lf2_foliar,GrayLeafSpot1394,2_foliar_disease,1,,,coconut-tree-disease,Dataset/Coconut Tree Disease Dataset/Gray Leaf Spot/GrayLeafSpot1394.jpg
lf2_foliar,GrayLeafSpot1395,2_foliar_disease,1,,,coconut-tree-disease,Dataset/Coconut Tree Disease Dataset/Gray Leaf Spot/GrayLeafSpot1395.jpg
lf2_foliar,GrayLeafSpot1396,2_foliar_disease,1,,,coconut-tree-disease,Dataset/Coconut Tree Disease Dataset/Gray Leaf Spot/GrayLeafSpot1396.jpg
lf2_foliar,GrayLeafSpot1397,2_foliar_disease,1,,,coconut-tree-disease,Dataset/Coconut Tree Disease Dataset/Gray Leaf Spot/GrayLeafSpot1397.jpg
lf2_foliar,GrayLeafSpot1398,2_foliar_disease,1,,,coconut-tree-disease,Dataset/Coconut Tree Disease Dataset/Gray Leaf Spot/GrayLeafSpot1398.jpg
lf2_foliar,GrayLeafSpot1399,2_foliar_disease,1,,,coconut-tree-disease,Dataset/Coconut Tree Disease Dataset/Gray Leaf Spot/GrayLeafSpot1399.jpg
lf2_foliar,GrayLeafSpot140,2_foliar_disease,1,,,coconut-tree-disease,Dataset/Coconut Tree Disease Dataset/Gray Leaf Spot/GrayLeafSpot140.jpg
lf2_foliar,GrayLeafSpot1400,2_foliar_disease,1,,,coconut-tree-disease,Dataset/Coconut Tree Disease Dataset/Gray Leaf Spot/GrayLeafSpot1400.jpg
lf2_foliar,GrayLeafSpot1401,2_foliar_disease,1,,,coconut-tree-disease,Dataset/Coconut Tree Disease Dataset/Gray Leaf Spot/GrayLeafSpot1401.jpg
lf2_foliar,GrayLeafSpot1402,2_foliar_disease,1,,,coconut-tree-disease,Dataset/Coconut Tree Disease Dataset/Gray Leaf Spot/GrayLeafSpot1402.jpg
lf2_foliar,GrayLeafSpot1403,2_foliar_disease,1,,,coconut-tree-disease,Dataset/Coconut Tree Disease Dataset/Gray Leaf Spot/GrayLeafSpot1403.jpg
lf2_foliar,GrayLeafSpot1404,2_foliar_disease,1,,,coconut-tree-disease,Dataset/Coconut Tree Disease Dataset/Gray Leaf Spot/GrayLeafSpot1404.jpg
lf2_foliar,GrayLeafSpot1405,2_foliar_disease,1,,,coconut-tree-disease,Dataset/Coconut Tree Disease Dataset/Gray Leaf Spot/GrayLeafSpot1405.jpg
lf2_foliar,GrayLeafSpot1406,2_foliar_disease,1,,,coconut-tree-disease,Dataset/Coconut Tree Disease Dataset/Gray Leaf Spot/GrayLeafSpot1406.jpg
lf2_foliar,GrayLeafSpot1407,2_foliar_disease,1,,,coconut-tree-disease,Dataset/Coconut Tree Disease Dataset/Gray Leaf Spot/GrayLeafSpot1407.jpg
lf2_foliar,GrayLeafSpot1408,2_foliar_disease,1,,,coconut-tree-disease,Dataset/Coconut Tree Disease Dataset/Gray Leaf Spot/GrayLeafSpot1408.jpg
lf2_foliar,GrayLeafSpot1409,2_foliar_disease,1,,,coconut-tree-disease,Dataset/Coconut Tree Disease Dataset/Gray Leaf Spot/GrayLeafSpot1409.jpg
lf2_foliar,GrayLeafSpot141,2_foliar_disease,1,,,coconut-tree-disease,Dataset/Coconut Tree Disease Dataset/Gray Leaf Spot/GrayLeafSpot141.jpg
lf2_foliar,GrayLeafSpot1410,2_foliar_disease,1,,,coconut-tree-disease,Dataset/Coconut Tree Disease Dataset/Gray Leaf Spot/GrayLeafSpot1410.jpg
lf2_foliar,GrayLeafSpot1411,2_foliar_disease,1,,,coconut-tree-disease,Dataset/Coconut Tree Disease Dataset/Gray Leaf Spot/GrayLeafSpot1411.jpg
lf2_foliar,GrayLeafSpot1412,2_foliar_disease,1,,,coconut-tree-disease,Dataset/Coconut Tree Disease Dataset/Gray Leaf Spot/GrayLeafSpot1412.jpg
lf2_foliar,GrayLeafSpot1413,2_foliar_disease,1,,,coconut-tree-disease,Dataset/Coconut Tree Disease Dataset/Gray Leaf Spot/GrayLeafSpot1413.jpg
lf2_foliar,GrayLeafSpot1414,2_foliar_disease,1,,,coconut-tree-disease,Dataset/Coconut Tree Disease Dataset/Gray Leaf Spot/GrayLeafSpot1414.jpg
lf2_foliar,GrayLeafSpot1415,2_foliar_disease,1,,,coconut-tree-disease,Dataset/Coconut Tree Disease Dataset/Gray Leaf Spot/GrayLeafSpot1415.jpg
lf2_foliar,GrayLeafSpot1416,2_foliar_disease,1,,,coconut-tree-disease,Dataset/Coconut Tree Disease Dataset/Gray Leaf Spot/GrayLeafSpot1416.jpg
lf2_foliar,GrayLeafSpot1417,2_foliar_disease,1,,,coconut-tree-disease,Dataset/Coconut Tree Disease Dataset/Gray Leaf Spot/GrayLeafSpot1417.jpg
lf2_foliar,GrayLeafSpot1418,2_foliar_disease,1,,,coconut-tree-disease,Dataset/Coconut Tree Disease Dataset/Gray Leaf Spot/GrayLeafSpot1418.jpg
lf2_foliar,GrayLeafSpot1419,2_foliar_disease,1,,,coconut-tree-disease,Dataset/Coconut Tree Disease Dataset/Gray Leaf Spot/GrayLeafSpot1419.jpg
lf2_foliar,GrayLeafSpot142,2_foliar_disease,1,,,coconut-tree-disease,Dataset/Coconut Tree Disease Dataset/Gray Leaf Spot/GrayLeafSpot142.jpg
lf2_foliar,GrayLeafSpot1420,2_foliar_disease,1,,,coconut-tree-disease,Dataset/Coconut Tree Disease Dataset/Gray Leaf Spot/GrayLeafSpot1420.jpg
lf2_foliar,GrayLeafSpot1421,2_foliar_disease,1,,,coconut-tree-disease,Dataset/Coconut Tree Disease Dataset/Gray Leaf Spot/GrayLeafSpot1421.jpg
lf2_foliar,GrayLeafSpot1422,2_foliar_disease,1,,,coconut-tree-disease,Dataset/Coconut Tree Disease Dataset/Gray Leaf Spot/GrayLeafSpot1422.jpg
lf2_foliar,GrayLeafSpot1423,2_foliar_disease,1,,,coconut-tree-disease,Dataset/Coconut Tree Disease Dataset/Gray Leaf Spot/GrayLeafSpot1423.jpg
lf2_foliar,GrayLeafSpot1424,2_foliar_disease,1,,,coconut-tree-disease,Dataset/Coconut Tree Disease Dataset/Gray Leaf Spot/GrayLeafSpot1424.jpg
lf2_foliar,GrayLeafSpot1425,2_foliar_disease,1,,,coconut-tree-disease,Dataset/Coconut Tree Disease Dataset/Gray Leaf Spot/GrayLeafSpot1425.jpg
lf2_foliar,GrayLeafSpot1426,2_foliar_disease,1,,,coconut-tree-disease,Dataset/Coconut Tree Disease Dataset/Gray Leaf Spot/GrayLeafSpot1426.jpg
lf2_foliar,GrayLeafSpot1427,2_foliar_disease,1,,,coconut-tree-disease,Dataset/Coconut Tree Disease Dataset/Gray Leaf Spot/GrayLeafSpot1427.jpg
lf2_foliar,GrayLeafSpot1428,2_foliar_disease,1,,,coconut-tree-disease,Dataset/Coconut Tree Disease Dataset/Gray Leaf Spot/GrayLeafSpot1428.jpg
lf2_foliar,GrayLeafSpot1429,2_foliar_disease,1,,,coconut-tree-disease,Dataset/Coconut Tree Disease Dataset/Gray Leaf Spot/GrayLeafSpot1429.jpg
lf2_foliar,GrayLeafSpot143,2_foliar_disease,1,,,coconut-tree-disease,Dataset/Coconut Tree Disease Dataset/Gray Leaf Spot/GrayLeafSpot143.jpg
lf2_foliar,GrayLeafSpot1430,2_foliar_disease,1,,,coconut-tree-disease,Dataset/Coconut Tree Disease Dataset/Gray Leaf Spot/GrayLeafSpot1430.jpg
lf2_foliar,GrayLeafSpot1431,2_foliar_disease,1,,,coconut-tree-disease,Dataset/Coconut Tree Disease Dataset/Gray Leaf Spot/GrayLeafSpot1431.jpg
lf2_foliar,GrayLeafSpot1432,2_foliar_disease,1,,,coconut-tree-disease,Dataset/Coconut Tree Disease Dataset/Gray Leaf Spot/GrayLeafSpot1432.jpg
lf2_foliar,GrayLeafSpot1433,2_foliar_disease,1,,,coconut-tree-disease,Dataset/Coconut Tree Disease Dataset/Gray Leaf Spot/GrayLeafSpot1433.jpg
lf2_foliar,GrayLeafSpot1434,2_foliar_disease,1,,,coconut-tree-disease,Dataset/Coconut Tree Disease Dataset/Gray Leaf Spot/GrayLeafSpot1434.jpg
lf2_foliar,GrayLeafSpot1435,2_foliar_disease,1,,,coconut-tree-disease,Dataset/Coconut Tree Disease Dataset/Gray Leaf Spot/GrayLeafSpot1435.jpg
lf2_foliar,GrayLeafSpot1436,2_foliar_disease,1,,,coconut-tree-disease,Dataset/Coconut Tree Disease Dataset/Gray Leaf Spot/GrayLeafSpot1436.jpg
lf2_foliar,GrayLeafSpot1437,2_foliar_disease,1,,,coconut-tree-disease,Dataset/Coconut Tree Disease Dataset/Gray Leaf Spot/GrayLeafSpot1437.jpg
lf2_foliar,GrayLeafSpot1438,2_foliar_disease,1,,,coconut-tree-disease,Dataset/Coconut Tree Disease Dataset/Gray Leaf Spot/GrayLeafSpot1438.jpg
lf2_foliar,GrayLeafSpot1439,2_foliar_disease,1,,,coconut-tree-disease,Dataset/Coconut Tree Disease Dataset/Gray Leaf Spot/GrayLeafSpot1439.jpg
lf2_foliar,GrayLeafSpot144,2_foliar_disease,1,,,coconut-tree-disease,Dataset/Coconut Tree Disease Dataset/Gray Leaf Spot/GrayLeafSpot144.jpg
lf2_foliar,GrayLeafSpot1440,2_foliar_disease,1,,,coconut-tree-disease,Dataset/Coconut Tree Disease Dataset/Gray Leaf Spot/GrayLeafSpot1440.jpg
lf2_foliar,GrayLeafSpot1441,2_foliar_disease,1,,,coconut-tree-disease,Dataset/Coconut Tree Disease Dataset/Gray Leaf Spot/GrayLeafSpot1441.jpg
lf2_foliar,GrayLeafSpot1442,2_foliar_disease,1,,,coconut-tree-disease,Dataset/Coconut Tree Disease Dataset/Gray Leaf Spot/GrayLeafSpot1442.jpg
lf2_foliar,GrayLeafSpot1443,2_foliar_disease,1,,,coconut-tree-disease,Dataset/Coconut Tree Disease Dataset/Gray Leaf Spot/GrayLeafSpot1443.jpg
lf2_foliar,GrayLeafSpot1444,2_foliar_disease,1,,,coconut-tree-disease,Dataset/Coconut Tree Disease Dataset/Gray Leaf Spot/GrayLeafSpot1444.jpg
lf2_foliar,GrayLeafSpot1445,2_foliar_disease,1,,,coconut-tree-disease,Dataset/Coconut Tree Disease Dataset/Gray Leaf Spot/GrayLeafSpot1445.jpg
lf2_foliar,GrayLeafSpot1446,2_foliar_disease,1,,,coconut-tree-disease,Dataset/Coconut Tree Disease Dataset/Gray Leaf Spot/GrayLeafSpot1446.jpg
lf2_foliar,GrayLeafSpot1447,2_foliar_disease,1,,,coconut-tree-disease,Dataset/Coconut Tree Disease Dataset/Gray Leaf Spot/GrayLeafSpot1447.jpg
lf2_foliar,GrayLeafSpot1448,2_foliar_disease,1,,,coconut-tree-disease,Dataset/Coconut Tree Disease Dataset/Gray Leaf Spot/GrayLeafSpot1448.jpg
lf2_foliar,GrayLeafSpot1449,2_foliar_disease,1,,,coconut-tree-disease,Dataset/Coconut Tree Disease Dataset/Gray Leaf Spot/GrayLeafSpot1449.jpg
lf2_foliar,GrayLeafSpot145,2_foliar_disease,1,,,coconut-tree-disease,Dataset/Coconut Tree Disease Dataset/Gray Leaf Spot/GrayLeafSpot145.jpg
lf2_foliar,GrayLeafSpot1450,2_foliar_disease,1,,,coconut-tree-disease,Dataset/Coconut Tree Disease Dataset/Gray Leaf Spot/GrayLeafSpot1450.jpg
lf2_foliar,GrayLeafSpot1451,2_foliar_disease,1,,,coconut-tree-disease,Dataset/Coconut Tree Disease Dataset/Gray Leaf Spot/GrayLeafSpot1451.jpg
lf2_foliar,GrayLeafSpot1452,2_foliar_disease,1,,,coconut-tree-disease,Dataset/Coconut Tree Disease Dataset/Gray Leaf Spot/GrayLeafSpot1452.jpg
lf2_foliar,GrayLeafSpot1453,2_foliar_disease,1,,,coconut-tree-disease,Dataset/Coconut Tree Disease Dataset/Gray Leaf Spot/GrayLeafSpot1453.jpg
lf2_foliar,GrayLeafSpot1454,2_foliar_disease,1,,,coconut-tree-disease,Dataset/Coconut Tree Disease Dataset/Gray Leaf Spot/GrayLeafSpot1454.jpg
lf2_foliar,GrayLeafSpot1455,2_foliar_disease,1,,,coconut-tree-disease,Dataset/Coconut Tree Disease Dataset/Gray Leaf Spot/GrayLeafSpot1455.jpg
lf2_foliar,GrayLeafSpot1456,2_foliar_disease,1,,,coconut-tree-disease,Dataset/Coconut Tree Disease Dataset/Gray Leaf Spot/GrayLeafSpot1456.jpg
lf2_foliar,GrayLeafSpot1457,2_foliar_disease,1,,,coconut-tree-disease,Dataset/Coconut Tree Disease Dataset/Gray Leaf Spot/GrayLeafSpot1457.jpg
lf2_foliar,GrayLeafSpot1458,2_foliar_disease,1,,,coconut-tree-disease,Dataset/Coconut Tree Disease Dataset/Gray Leaf Spot/GrayLeafSpot1458.jpg
lf2_foliar,GrayLeafSpot1459,2_foliar_disease,1,,,coconut-tree-disease,Dataset/Coconut Tree Disease Dataset/Gray Leaf Spot/GrayLeafSpot1459.jpg
lf2_foliar,GrayLeafSpot146,2_foliar_disease,1,,,coconut-tree-disease,Dataset/Coconut Tree Disease Dataset/Gray Leaf Spot/GrayLeafSpot146.jpg
lf2_foliar,GrayLeafSpot1460,2_foliar_disease,1,,,coconut-tree-disease,Dataset/Coconut Tree Disease Dataset/Gray Leaf Spot/GrayLeafSpot1460.jpg
lf2_foliar,GrayLeafSpot1461,2_foliar_disease,1,,,coconut-tree-disease,Dataset/Coconut Tree Disease Dataset/Gray Leaf Spot/GrayLeafSpot1461.jpg
lf2_foliar,GrayLeafSpot1462,2_foliar_disease,1,,,coconut-tree-disease,Dataset/Coconut Tree Disease Dataset/Gray Leaf Spot/GrayLeafSpot1462.jpg
lf2_foliar,GrayLeafSpot1463,2_foliar_disease,1,,,coconut-tree-disease,Dataset/Coconut Tree Disease Dataset/Gray Leaf Spot/GrayLeafSpot1463.jpg
lf2_foliar,GrayLeafSpot1464,2_foliar_disease,1,,,coconut-tree-disease,Dataset/Coconut Tree Disease Dataset/Gray Leaf Spot/GrayLeafSpot1464.jpg
lf2_foliar,GrayLeafSpot1465,2_foliar_disease,1,,,coconut-tree-disease,Dataset/Coconut Tree Disease Dataset/Gray Leaf Spot/GrayLeafSpot1465.jpg
lf2_foliar,GrayLeafSpot1466,2_foliar_disease,1,,,coconut-tree-disease,Dataset/Coconut Tree Disease Dataset/Gray Leaf Spot/GrayLeafSpot1466.jpg
lf2_foliar,GrayLeafSpot1467,2_foliar_disease,1,,,coconut-tree-disease,Dataset/Coconut Tree Disease Dataset/Gray Leaf Spot/GrayLeafSpot1467.jpg
lf2_foliar,GrayLeafSpot1468,2_foliar_disease,1,,,coconut-tree-disease,Dataset/Coconut Tree Disease Dataset/Gray Leaf Spot/GrayLeafSpot1468.jpg
lf2_foliar,GrayLeafSpot1469,2_foliar_disease,1,,,coconut-tree-disease,Dataset/Coconut Tree Disease Dataset/Gray Leaf Spot/GrayLeafSpot1469.jpg
lf2_foliar,GrayLeafSpot147,2_foliar_disease,1,,,coconut-tree-disease,Dataset/Coconut Tree Disease Dataset/Gray Leaf Spot/GrayLeafSpot147.jpg
lf2_foliar,GrayLeafSpot1470,2_foliar_disease,1,,,coconut-tree-disease,Dataset/Coconut Tree Disease Dataset/Gray Leaf Spot/GrayLeafSpot1470.jpg
lf2_foliar,GrayLeafSpot1471,2_foliar_disease,1,,,coconut-tree-disease,Dataset/Coconut Tree Disease Dataset/Gray Leaf Spot/GrayLeafSpot1471.jpg
lf2_foliar,GrayLeafSpot1472,2_foliar_disease,1,,,coconut-tree-disease,Dataset/Coconut Tree Disease Dataset/Gray Leaf Spot/GrayLeafSpot1472.jpg
lf2_foliar,GrayLeafSpot1473,2_foliar_disease,1,,,coconut-tree-disease,Dataset/Coconut Tree Disease Dataset/Gray Leaf Spot/GrayLeafSpot1473.jpg
lf2_foliar,GrayLeafSpot1474,2_foliar_disease,1,,,coconut-tree-disease,Dataset/Coconut Tree Disease Dataset/Gray Leaf Spot/GrayLeafSpot1474.jpg
lf2_foliar,GrayLeafSpot1475,2_foliar_disease,1,,,coconut-tree-disease,Dataset/Coconut Tree Disease Dataset/Gray Leaf Spot/GrayLeafSpot1475.jpg
lf2_foliar,GrayLeafSpot1476,2_foliar_disease,1,,,coconut-tree-disease,Dataset/Coconut Tree Disease Dataset/Gray Leaf Spot/GrayLeafSpot1476.jpg
lf2_foliar,GrayLeafSpot1477,2_foliar_disease,1,,,coconut-tree-disease,Dataset/Coconut Tree Disease Dataset/Gray Leaf Spot/GrayLeafSpot1477.jpg
lf2_foliar,GrayLeafSpot1478,2_foliar_disease,1,,,coconut-tree-disease,Dataset/Coconut Tree Disease Dataset/Gray Leaf Spot/GrayLeafSpot1478.jpg
lf2_foliar,GrayLeafSpot1479,2_foliar_disease,1,,,coconut-tree-disease,Dataset/Coconut Tree Disease Dataset/Gray Leaf Spot/GrayLeafSpot1479.jpg
lf2_foliar,GrayLeafSpot148,2_foliar_disease,1,,,coconut-tree-disease,Dataset/Coconut Tree Disease Dataset/Gray Leaf Spot/GrayLeafSpot148.jpg
lf2_foliar,GrayLeafSpot1480,2_foliar_disease,1,,,coconut-tree-disease,Dataset/Coconut Tree Disease Dataset/Gray Leaf Spot/GrayLeafSpot1480.jpg
lf2_foliar,GrayLeafSpot1481,2_foliar_disease,1,,,coconut-tree-disease,Dataset/Coconut Tree Disease Dataset/Gray Leaf Spot/GrayLeafSpot1481.jpg
lf2_foliar,GrayLeafSpot1482,2_foliar_disease,1,,,coconut-tree-disease,Dataset/Coconut Tree Disease Dataset/Gray Leaf Spot/GrayLeafSpot1482.jpg
lf2_foliar,GrayLeafSpot1483,2_foliar_disease,1,,,coconut-tree-disease,Dataset/Coconut Tree Disease Dataset/Gray Leaf Spot/GrayLeafSpot1483.jpg
lf2_foliar,GrayLeafSpot1484,2_foliar_disease,1,,,coconut-tree-disease,Dataset/Coconut Tree Disease Dataset/Gray Leaf Spot/GrayLeafSpot1484.jpg
lf2_foliar,GrayLeafSpot1485,2_foliar_disease,1,,,coconut-tree-disease,Dataset/Coconut Tree Disease Dataset/Gray Leaf Spot/GrayLeafSpot1485.jpg
lf2_foliar,GrayLeafSpot1486,2_foliar_disease,1,,,coconut-tree-disease,Dataset/Coconut Tree Disease Dataset/Gray Leaf Spot/GrayLeafSpot1486.jpg
lf2_foliar,GrayLeafSpot1487,2_foliar_disease,1,,,coconut-tree-disease,Dataset/Coconut Tree Disease Dataset/Gray Leaf Spot/GrayLeafSpot1487.jpg
lf2_foliar,GrayLeafSpot1488,2_foliar_disease,1,,,coconut-tree-disease,Dataset/Coconut Tree Disease Dataset/Gray Leaf Spot/GrayLeafSpot1488.jpg
lf2_foliar,GrayLeafSpot1489,2_foliar_disease,1,,,coconut-tree-disease,Dataset/Coconut Tree Disease Dataset/Gray Leaf Spot/GrayLeafSpot1489.jpg
lf2_foliar,GrayLeafSpot149,2_foliar_disease,1,,,coconut-tree-disease,Dataset/Coconut Tree Disease Dataset/Gray Leaf Spot/GrayLeafSpot149.jpg
lf2_foliar,GrayLeafSpot1490,2_foliar_disease,1,,,coconut-tree-disease,Dataset/Coconut Tree Disease Dataset/Gray Leaf Spot/GrayLeafSpot1490.jpg
lf2_foliar,GrayLeafSpot1491,2_foliar_disease,1,,,coconut-tree-disease,Dataset/Coconut Tree Disease Dataset/Gray Leaf Spot/GrayLeafSpot1491.jpg
lf2_foliar,GrayLeafSpot1492,2_foliar_disease,1,,,coconut-tree-disease,Dataset/Coconut Tree Disease Dataset/Gray Leaf Spot/GrayLeafSpot1492.jpg
lf2_foliar,GrayLeafSpot1493,2_foliar_disease,1,,,coconut-tree-disease,Dataset/Coconut Tree Disease Dataset/Gray Leaf Spot/GrayLeafSpot1493.jpg
lf2_foliar,GrayLeafSpot1494,2_foliar_disease,1,,,coconut-tree-disease,Dataset/Coconut Tree Disease Dataset/Gray Leaf Spot/GrayLeafSpot1494.jpg
lf2_foliar,GrayLeafSpot1495,2_foliar_disease,1,,,coconut-tree-disease,Dataset/Coconut Tree Disease Dataset/Gray Leaf Spot/GrayLeafSpot1495.jpg
lf2_foliar,GrayLeafSpot1496,2_foliar_disease,1,,,coconut-tree-disease,Dataset/Coconut Tree Disease Dataset/Gray Leaf Spot/GrayLeafSpot1496.jpg
lf2_foliar,GrayLeafSpot1497,2_foliar_disease,1,,,coconut-tree-disease,Dataset/Coconut Tree Disease Dataset/Gray Leaf Spot/GrayLeafSpot1497.jpg
lf2_foliar,GrayLeafSpot1498,2_foliar_disease,1,,,coconut-tree-disease,Dataset/Coconut Tree Disease Dataset/Gray Leaf Spot/GrayLeafSpot1498.jpg
lf2_foliar,GrayLeafSpot1499,2_foliar_disease,1,,,coconut-tree-disease,Dataset/Coconut Tree Disease Dataset/Gray Leaf Spot/GrayLeafSpot1499.jpg
lf2_foliar,GrayLeafSpot150,2_foliar_disease,1,,,coconut-tree-disease,Dataset/Coconut Tree Disease Dataset/Gray Leaf Spot/GrayLeafSpot150.jpg
lf2_foliar,GrayLeafSpot1500,2_foliar_disease,1,,,coconut-tree-disease,Dataset/Coconut Tree Disease Dataset/Gray Leaf Spot/GrayLeafSpot1500.jpg
lf2_foliar,GrayLeafSpot1501,2_foliar_disease,1,,,coconut-tree-disease,Dataset/Coconut Tree Disease Dataset/Gray Leaf Spot/GrayLeafSpot1501.jpg
lf2_foliar,GrayLeafSpot1502,2_foliar_disease,1,,,coconut-tree-disease,Dataset/Coconut Tree Disease Dataset/Gray Leaf Spot/GrayLeafSpot1502.jpg
lf2_foliar,GrayLeafSpot1503,2_foliar_disease,1,,,coconut-tree-disease,Dataset/Coconut Tree Disease Dataset/Gray Leaf Spot/GrayLeafSpot1503.jpg
lf2_foliar,GrayLeafSpot1504,2_foliar_disease,1,,,coconut-tree-disease,Dataset/Coconut Tree Disease Dataset/Gray Leaf Spot/GrayLeafSpot1504.jpg
lf2_foliar,GrayLeafSpot1505,2_foliar_disease,1,,,coconut-tree-disease,Dataset/Coconut Tree Disease Dataset/Gray Leaf Spot/GrayLeafSpot1505.jpg
lf2_foliar,GrayLeafSpot1506,2_foliar_disease,1,,,coconut-tree-disease,Dataset/Coconut Tree Disease Dataset/Gray Leaf Spot/GrayLeafSpot1506.jpg
lf2_foliar,GrayLeafSpot1507,2_foliar_disease,1,,,coconut-tree-disease,Dataset/Coconut Tree Disease Dataset/Gray Leaf Spot/GrayLeafSpot1507.jpg
lf2_foliar,GrayLeafSpot1508,2_foliar_disease,1,,,coconut-tree-disease,Dataset/Coconut Tree Disease Dataset/Gray Leaf Spot/GrayLeafSpot1508.jpg
lf2_foliar,GrayLeafSpot1509,2_foliar_disease,1,,,coconut-tree-disease,Dataset/Coconut Tree Disease Dataset/Gray Leaf Spot/GrayLeafSpot1509.jpg
lf2_foliar,GrayLeafSpot151,2_foliar_disease,1,,,coconut-tree-disease,Dataset/Coconut Tree Disease Dataset/Gray Leaf Spot/GrayLeafSpot151.jpg
lf2_foliar,GrayLeafSpot1510,2_foliar_disease,1,,,coconut-tree-disease,Dataset/Coconut Tree Disease Dataset/Gray Leaf Spot/GrayLeafSpot1510.jpg
lf2_foliar,GrayLeafSpot1511,2_foliar_disease,1,,,coconut-tree-disease,Dataset/Coconut Tree Disease Dataset/Gray Leaf Spot/GrayLeafSpot1511.jpg
lf2_foliar,GrayLeafSpot1512,2_foliar_disease,1,,,coconut-tree-disease,Dataset/Coconut Tree Disease Dataset/Gray Leaf Spot/GrayLeafSpot1512.jpg
lf2_foliar,GrayLeafSpot1513,2_foliar_disease,1,,,coconut-tree-disease,Dataset/Coconut Tree Disease Dataset/Gray Leaf Spot/GrayLeafSpot1513.jpg
lf2_foliar,GrayLeafSpot1514,2_foliar_disease,1,,,coconut-tree-disease,Dataset/Coconut Tree Disease Dataset/Gray Leaf Spot/GrayLeafSpot1514.jpg
lf2_foliar,GrayLeafSpot1515,2_foliar_disease,1,,,coconut-tree-disease,Dataset/Coconut Tree Disease Dataset/Gray Leaf Spot/GrayLeafSpot1515.jpg
lf2_foliar,GrayLeafSpot1516,2_foliar_disease,1,,,coconut-tree-disease,Dataset/Coconut Tree Disease Dataset/Gray Leaf Spot/GrayLeafSpot1516.jpg
lf2_foliar,GrayLeafSpot1517,2_foliar_disease,1,,,coconut-tree-disease,Dataset/Coconut Tree Disease Dataset/Gray Leaf Spot/GrayLeafSpot1517.jpg
lf2_foliar,GrayLeafSpot1518,2_foliar_disease,1,,,coconut-tree-disease,Dataset/Coconut Tree Disease Dataset/Gray Leaf Spot/GrayLeafSpot1518.jpg
lf2_foliar,GrayLeafSpot1519,2_foliar_disease,1,,,coconut-tree-disease,Dataset/Coconut Tree Disease Dataset/Gray Leaf Spot/GrayLeafSpot1519.jpg
lf2_foliar,GrayLeafSpot152,2_foliar_disease,1,,,coconut-tree-disease,Dataset/Coconut Tree Disease Dataset/Gray Leaf Spot/GrayLeafSpot152.jpg
lf2_foliar,GrayLeafSpot1520,2_foliar_disease,1,,,coconut-tree-disease,Dataset/Coconut Tree Disease Dataset/Gray Leaf Spot/GrayLeafSpot1520.jpg
lf2_foliar,GrayLeafSpot1521,2_foliar_disease,1,,,coconut-tree-disease,Dataset/Coconut Tree Disease Dataset/Gray Leaf Spot/GrayLeafSpot1521.jpg
lf2_foliar,GrayLeafSpot1522,2_foliar_disease,1,,,coconut-tree-disease,Dataset/Coconut Tree Disease Dataset/Gray Leaf Spot/GrayLeafSpot1522.jpg
lf2_foliar,GrayLeafSpot1523,2_foliar_disease,1,,,coconut-tree-disease,Dataset/Coconut Tree Disease Dataset/Gray Leaf Spot/GrayLeafSpot1523.jpg
lf2_foliar,GrayLeafSpot1524,2_foliar_disease,1,,,coconut-tree-disease,Dataset/Coconut Tree Disease Dataset/Gray Leaf Spot/GrayLeafSpot1524.jpg
lf2_foliar,GrayLeafSpot1525,2_foliar_disease,1,,,coconut-tree-disease,Dataset/Coconut Tree Disease Dataset/Gray Leaf Spot/GrayLeafSpot1525.jpg
lf2_foliar,GrayLeafSpot1526,2_foliar_disease,1,,,coconut-tree-disease,Dataset/Coconut Tree Disease Dataset/Gray Leaf Spot/GrayLeafSpot1526.jpg
lf2_foliar,GrayLeafSpot1527,2_foliar_disease,1,,,coconut-tree-disease,Dataset/Coconut Tree Disease Dataset/Gray Leaf Spot/GrayLeafSpot1527.jpg
lf2_foliar,GrayLeafSpot1528,2_foliar_disease,1,,,coconut-tree-disease,Dataset/Coconut Tree Disease Dataset/Gray Leaf Spot/GrayLeafSpot1528.jpg
lf2_foliar,GrayLeafSpot1529,2_foliar_disease,1,,,coconut-tree-disease,Dataset/Coconut Tree Disease Dataset/Gray Leaf Spot/GrayLeafSpot1529.jpg
lf2_foliar,GrayLeafSpot153,2_foliar_disease,1,,,coconut-tree-disease,Dataset/Coconut Tree Disease Dataset/Gray Leaf Spot/GrayLeafSpot153.jpg
lf2_foliar,GrayLeafSpot1530,2_foliar_disease,1,,,coconut-tree-disease,Dataset/Coconut Tree Disease Dataset/Gray Leaf Spot/GrayLeafSpot1530.jpg
lf2_foliar,GrayLeafSpot1531,2_foliar_disease,1,,,coconut-tree-disease,Dataset/Coconut Tree Disease Dataset/Gray Leaf Spot/GrayLeafSpot1531.jpg
lf2_foliar,GrayLeafSpot1532,2_foliar_disease,1,,,coconut-tree-disease,Dataset/Coconut Tree Disease Dataset/Gray Leaf Spot/GrayLeafSpot1532.jpg
lf2_foliar,GrayLeafSpot1533,2_foliar_disease,1,,,coconut-tree-disease,Dataset/Coconut Tree Disease Dataset/Gray Leaf Spot/GrayLeafSpot1533.jpg
lf2_foliar,GrayLeafSpot1534,2_foliar_disease,1,,,coconut-tree-disease,Dataset/Coconut Tree Disease Dataset/Gray Leaf Spot/GrayLeafSpot1534.jpg
lf2_foliar,GrayLeafSpot1535,2_foliar_disease,1,,,coconut-tree-disease,Dataset/Coconut Tree Disease Dataset/Gray Leaf Spot/GrayLeafSpot1535.jpg
lf2_foliar,GrayLeafSpot1536,2_foliar_disease,1,,,coconut-tree-disease,Dataset/Coconut Tree Disease Dataset/Gray Leaf Spot/GrayLeafSpot1536.jpg
lf2_foliar,GrayLeafSpot1537,2_foliar_disease,1,,,coconut-tree-disease,Dataset/Coconut Tree Disease Dataset/Gray Leaf Spot/GrayLeafSpot1537.jpg
lf2_foliar,GrayLeafSpot1538,2_foliar_disease,1,,,coconut-tree-disease,Dataset/Coconut Tree Disease Dataset/Gray Leaf Spot/GrayLeafSpot1538.jpg
lf2_foliar,GrayLeafSpot1539,2_foliar_disease,1,,,coconut-tree-disease,Dataset/Coconut Tree Disease Dataset/Gray Leaf Spot/GrayLeafSpot1539.jpg
lf2_foliar,GrayLeafSpot154,2_foliar_disease,1,,,coconut-tree-disease,Dataset/Coconut Tree Disease Dataset/Gray Leaf Spot/GrayLeafSpot154.jpg
lf2_foliar,GrayLeafSpot1540,2_foliar_disease,1,,,coconut-tree-disease,Dataset/Coconut Tree Disease Dataset/Gray Leaf Spot/GrayLeafSpot1540.jpg
lf2_foliar,GrayLeafSpot1541,2_foliar_disease,1,,,coconut-tree-disease,Dataset/Coconut Tree Disease Dataset/Gray Leaf Spot/GrayLeafSpot1541.jpg
lf2_foliar,GrayLeafSpot1542,2_foliar_disease,1,,,coconut-tree-disease,Dataset/Coconut Tree Disease Dataset/Gray Leaf Spot/GrayLeafSpot1542.jpg
lf2_foliar,GrayLeafSpot1543,2_foliar_disease,1,,,coconut-tree-disease,Dataset/Coconut Tree Disease Dataset/Gray Leaf Spot/GrayLeafSpot1543.jpg
lf2_foliar,GrayLeafSpot1544,2_foliar_disease,1,,,coconut-tree-disease,Dataset/Coconut Tree Disease Dataset/Gray Leaf Spot/GrayLeafSpot1544.jpg
lf2_foliar,GrayLeafSpot1545,2_foliar_disease,1,,,coconut-tree-disease,Dataset/Coconut Tree Disease Dataset/Gray Leaf Spot/GrayLeafSpot1545.jpg
lf2_foliar,GrayLeafSpot1546,2_foliar_disease,1,,,coconut-tree-disease,Dataset/Coconut Tree Disease Dataset/Gray Leaf Spot/GrayLeafSpot1546.jpg
lf2_foliar,GrayLeafSpot1547,2_foliar_disease,1,,,coconut-tree-disease,Dataset/Coconut Tree Disease Dataset/Gray Leaf Spot/GrayLeafSpot1547.jpg
lf2_foliar,GrayLeafSpot1548,2_foliar_disease,1,,,coconut-tree-disease,Dataset/Coconut Tree Disease Dataset/Gray Leaf Spot/GrayLeafSpot1548.jpg
lf2_foliar,GrayLeafSpot1549,2_foliar_disease,1,,,coconut-tree-disease,Dataset/Coconut Tree Disease Dataset/Gray Leaf Spot/GrayLeafSpot1549.jpg
lf2_foliar,GrayLeafSpot155,2_foliar_disease,1,,,coconut-tree-disease,Dataset/Coconut Tree Disease Dataset/Gray Leaf Spot/GrayLeafSpot155.jpg
lf2_foliar,GrayLeafSpot1550,2_foliar_disease,1,,,coconut-tree-disease,Dataset/Coconut Tree Disease Dataset/Gray Leaf Spot/GrayLeafSpot1550.jpg
lf2_foliar,GrayLeafSpot1551,2_foliar_disease,1,,,coconut-tree-disease,Dataset/Coconut Tree Disease Dataset/Gray Leaf Spot/GrayLeafSpot1551.jpg
lf2_foliar,GrayLeafSpot1552,2_foliar_disease,1,,,coconut-tree-disease,Dataset/Coconut Tree Disease Dataset/Gray Leaf Spot/GrayLeafSpot1552.jpg
lf2_foliar,GrayLeafSpot1553,2_foliar_disease,1,,,coconut-tree-disease,Dataset/Coconut Tree Disease Dataset/Gray Leaf Spot/GrayLeafSpot1553.jpg
lf2_foliar,GrayLeafSpot1554,2_foliar_disease,1,,,coconut-tree-disease,Dataset/Coconut Tree Disease Dataset/Gray Leaf Spot/GrayLeafSpot1554.jpg
lf2_foliar,GrayLeafSpot1555,2_foliar_disease,1,,,coconut-tree-disease,Dataset/Coconut Tree Disease Dataset/Gray Leaf Spot/GrayLeafSpot1555.jpg
lf2_foliar,GrayLeafSpot1556,2_foliar_disease,1,,,coconut-tree-disease,Dataset/Coconut Tree Disease Dataset/Gray Leaf Spot/GrayLeafSpot1556.jpg
lf2_foliar,GrayLeafSpot1557,2_foliar_disease,1,,,coconut-tree-disease,Dataset/Coconut Tree Disease Dataset/Gray Leaf Spot/GrayLeafSpot1557.jpg
lf2_foliar,GrayLeafSpot1558,2_foliar_disease,1,,,coconut-tree-disease,Dataset/Coconut Tree Disease Dataset/Gray Leaf Spot/GrayLeafSpot1558.jpg
lf2_foliar,GrayLeafSpot1559,2_foliar_disease,1,,,coconut-tree-disease,Dataset/Coconut Tree Disease Dataset/Gray Leaf Spot/GrayLeafSpot1559.jpg
lf2_foliar,GrayLeafSpot156,2_foliar_disease,1,,,coconut-tree-disease,Dataset/Coconut Tree Disease Dataset/Gray Leaf Spot/GrayLeafSpot156.jpg
lf2_foliar,GrayLeafSpot1560,2_foliar_disease,1,,,coconut-tree-disease,Dataset/Coconut Tree Disease Dataset/Gray Leaf Spot/GrayLeafSpot1560.jpg
lf2_foliar,GrayLeafSpot1561,2_foliar_disease,1,,,coconut-tree-disease,Dataset/Coconut Tree Disease Dataset/Gray Leaf Spot/GrayLeafSpot1561.jpg
lf2_foliar,GrayLeafSpot1562,2_foliar_disease,1,,,coconut-tree-disease,Dataset/Coconut Tree Disease Dataset/Gray Leaf Spot/GrayLeafSpot1562.jpg
lf2_foliar,GrayLeafSpot1563,2_foliar_disease,1,,,coconut-tree-disease,Dataset/Coconut Tree Disease Dataset/Gray Leaf Spot/GrayLeafSpot1563.jpg
lf2_foliar,GrayLeafSpot1564,2_foliar_disease,1,,,coconut-tree-disease,Dataset/Coconut Tree Disease Dataset/Gray Leaf Spot/GrayLeafSpot1564.jpg
lf2_foliar,GrayLeafSpot1565,2_foliar_disease,1,,,coconut-tree-disease,Dataset/Coconut Tree Disease Dataset/Gray Leaf Spot/GrayLeafSpot1565.jpg
lf2_foliar,GrayLeafSpot1566,2_foliar_disease,1,,,coconut-tree-disease,Dataset/Coconut Tree Disease Dataset/Gray Leaf Spot/GrayLeafSpot1566.jpg
lf2_foliar,GrayLeafSpot1567,2_foliar_disease,1,,,coconut-tree-disease,Dataset/Coconut Tree Disease Dataset/Gray Leaf Spot/GrayLeafSpot1567.jpg
lf2_foliar,GrayLeafSpot1568,2_foliar_disease,1,,,coconut-tree-disease,Dataset/Coconut Tree Disease Dataset/Gray Leaf Spot/GrayLeafSpot1568.jpg
lf2_foliar,GrayLeafSpot1569,2_foliar_disease,1,,,coconut-tree-disease,Dataset/Coconut Tree Disease Dataset/Gray Leaf Spot/GrayLeafSpot1569.jpg
lf2_foliar,GrayLeafSpot157,2_foliar_disease,1,,,coconut-tree-disease,Dataset/Coconut Tree Disease Dataset/Gray Leaf Spot/GrayLeafSpot157.jpg
lf2_foliar,GrayLeafSpot1570,2_foliar_disease,1,,,coconut-tree-disease,Dataset/Coconut Tree Disease Dataset/Gray Leaf Spot/GrayLeafSpot1570.jpg
lf2_foliar,GrayLeafSpot1571,2_foliar_disease,1,,,coconut-tree-disease,Dataset/Coconut Tree Disease Dataset/Gray Leaf Spot/GrayLeafSpot1571.jpg
lf2_foliar,GrayLeafSpot1572,2_foliar_disease,1,,,coconut-tree-disease,Dataset/Coconut Tree Disease Dataset/Gray Leaf Spot/GrayLeafSpot1572.jpg
lf2_foliar,GrayLeafSpot1573,2_foliar_disease,1,,,coconut-tree-disease,Dataset/Coconut Tree Disease Dataset/Gray Leaf Spot/GrayLeafSpot1573.jpg
lf2_foliar,GrayLeafSpot1574,2_foliar_disease,1,,,coconut-tree-disease,Dataset/Coconut Tree Disease Dataset/Gray Leaf Spot/GrayLeafSpot1574.jpg
lf2_foliar,GrayLeafSpot1575,2_foliar_disease,1,,,coconut-tree-disease,Dataset/Coconut Tree Disease Dataset/Gray Leaf Spot/GrayLeafSpot1575.jpg
lf2_foliar,GrayLeafSpot1576,2_foliar_disease,1,,,coconut-tree-disease,Dataset/Coconut Tree Disease Dataset/Gray Leaf Spot/GrayLeafSpot1576.jpg
lf2_foliar,GrayLeafSpot1577,2_foliar_disease,1,,,coconut-tree-disease,Dataset/Coconut Tree Disease Dataset/Gray Leaf Spot/GrayLeafSpot1577.jpg
lf2_foliar,GrayLeafSpot1578,2_foliar_disease,1,,,coconut-tree-disease,Dataset/Coconut Tree Disease Dataset/Gray Leaf Spot/GrayLeafSpot1578.jpg
lf2_foliar,GrayLeafSpot1579,2_foliar_disease,1,,,coconut-tree-disease,Dataset/Coconut Tree Disease Dataset/Gray Leaf Spot/GrayLeafSpot1579.jpg
lf2_foliar,GrayLeafSpot158,2_foliar_disease,1,,,coconut-tree-disease,Dataset/Coconut Tree Disease Dataset/Gray Leaf Spot/GrayLeafSpot158.jpg
lf2_foliar,GrayLeafSpot1580,2_foliar_disease,1,,,coconut-tree-disease,Dataset/Coconut Tree Disease Dataset/Gray Leaf Spot/GrayLeafSpot1580.jpg
lf2_foliar,GrayLeafSpot1581,2_foliar_disease,1,,,coconut-tree-disease,Dataset/Coconut Tree Disease Dataset/Gray Leaf Spot/GrayLeafSpot1581.jpg
lf2_foliar,GrayLeafSpot1582,2_foliar_disease,1,,,coconut-tree-disease,Dataset/Coconut Tree Disease Dataset/Gray Leaf Spot/GrayLeafSpot1582.jpg
lf2_foliar,GrayLeafSpot1583,2_foliar_disease,1,,,coconut-tree-disease,Dataset/Coconut Tree Disease Dataset/Gray Leaf Spot/GrayLeafSpot1583.jpg
lf2_foliar,GrayLeafSpot1584,2_foliar_disease,1,,,coconut-tree-disease,Dataset/Coconut Tree Disease Dataset/Gray Leaf Spot/GrayLeafSpot1584.jpg
lf2_foliar,GrayLeafSpot1585,2_foliar_disease,1,,,coconut-tree-disease,Dataset/Coconut Tree Disease Dataset/Gray Leaf Spot/GrayLeafSpot1585.jpg
lf2_foliar,GrayLeafSpot1586,2_foliar_disease,1,,,coconut-tree-disease,Dataset/Coconut Tree Disease Dataset/Gray Leaf Spot/GrayLeafSpot1586.jpg
lf2_foliar,GrayLeafSpot1587,2_foliar_disease,1,,,coconut-tree-disease,Dataset/Coconut Tree Disease Dataset/Gray Leaf Spot/GrayLeafSpot1587.jpg
lf2_foliar,GrayLeafSpot1588,2_foliar_disease,1,,,coconut-tree-disease,Dataset/Coconut Tree Disease Dataset/Gray Leaf Spot/GrayLeafSpot1588.jpg
lf2_foliar,GrayLeafSpot1589,2_foliar_disease,1,,,coconut-tree-disease,Dataset/Coconut Tree Disease Dataset/Gray Leaf Spot/GrayLeafSpot1589.jpg
lf2_foliar,GrayLeafSpot159,2_foliar_disease,1,,,coconut-tree-disease,Dataset/Coconut Tree Disease Dataset/Gray Leaf Spot/GrayLeafSpot159.jpg
lf2_foliar,GrayLeafSpot1590,2_foliar_disease,1,,,coconut-tree-disease,Dataset/Coconut Tree Disease Dataset/Gray Leaf Spot/GrayLeafSpot1590.jpg
lf2_foliar,GrayLeafSpot1591,2_foliar_disease,1,,,coconut-tree-disease,Dataset/Coconut Tree Disease Dataset/Gray Leaf Spot/GrayLeafSpot1591.jpg
lf2_foliar,GrayLeafSpot1592,2_foliar_disease,1,,,coconut-tree-disease,Dataset/Coconut Tree Disease Dataset/Gray Leaf Spot/GrayLeafSpot1592.jpg
lf2_foliar,GrayLeafSpot1593,2_foliar_disease,1,,,coconut-tree-disease,Dataset/Coconut Tree Disease Dataset/Gray Leaf Spot/GrayLeafSpot1593.jpg
lf2_foliar,GrayLeafSpot1594,2_foliar_disease,1,,,coconut-tree-disease,Dataset/Coconut Tree Disease Dataset/Gray Leaf Spot/GrayLeafSpot1594.jpg
lf2_foliar,GrayLeafSpot1595,2_foliar_disease,1,,,coconut-tree-disease,Dataset/Coconut Tree Disease Dataset/Gray Leaf Spot/GrayLeafSpot1595.jpg
lf2_foliar,GrayLeafSpot1596,2_foliar_disease,1,,,coconut-tree-disease,Dataset/Coconut Tree Disease Dataset/Gray Leaf Spot/GrayLeafSpot1596.jpg
lf2_foliar,GrayLeafSpot1597,2_foliar_disease,1,,,coconut-tree-disease,Dataset/Coconut Tree Disease Dataset/Gray Leaf Spot/GrayLeafSpot1597.jpg
lf2_foliar,GrayLeafSpot1598,2_foliar_disease,1,,,coconut-tree-disease,Dataset/Coconut Tree Disease Dataset/Gray Leaf Spot/GrayLeafSpot1598.jpg
lf2_foliar,GrayLeafSpot1599,2_foliar_disease,1,,,coconut-tree-disease,Dataset/Coconut Tree Disease Dataset/Gray Leaf Spot/GrayLeafSpot1599.jpg
lf2_foliar,GrayLeafSpot160,2_foliar_disease,1,,,coconut-tree-disease,Dataset/Coconut Tree Disease Dataset/Gray Leaf Spot/GrayLeafSpot160.jpg
lf2_foliar,GrayLeafSpot1600,2_foliar_disease,1,,,coconut-tree-disease,Dataset/Coconut Tree Disease Dataset/Gray Leaf Spot/GrayLeafSpot1600.jpg
lf2_foliar,GrayLeafSpot1601,2_foliar_disease,1,,,coconut-tree-disease,Dataset/Coconut Tree Disease Dataset/Gray Leaf Spot/GrayLeafSpot1601.jpg
lf2_foliar,GrayLeafSpot1602,2_foliar_disease,1,,,coconut-tree-disease,Dataset/Coconut Tree Disease Dataset/Gray Leaf Spot/GrayLeafSpot1602.jpg
lf2_foliar,GrayLeafSpot1603,2_foliar_disease,1,,,coconut-tree-disease,Dataset/Coconut Tree Disease Dataset/Gray Leaf Spot/GrayLeafSpot1603.jpg
lf2_foliar,GrayLeafSpot1604,2_foliar_disease,1,,,coconut-tree-disease,Dataset/Coconut Tree Disease Dataset/Gray Leaf Spot/GrayLeafSpot1604.jpg
lf2_foliar,GrayLeafSpot1605,2_foliar_disease,1,,,coconut-tree-disease,Dataset/Coconut Tree Disease Dataset/Gray Leaf Spot/GrayLeafSpot1605.jpg
lf2_foliar,GrayLeafSpot1606,2_foliar_disease,1,,,coconut-tree-disease,Dataset/Coconut Tree Disease Dataset/Gray Leaf Spot/GrayLeafSpot1606.jpg
lf2_foliar,GrayLeafSpot1607,2_foliar_disease,1,,,coconut-tree-disease,Dataset/Coconut Tree Disease Dataset/Gray Leaf Spot/GrayLeafSpot1607.jpg
lf2_foliar,GrayLeafSpot1608,2_foliar_disease,1,,,coconut-tree-disease,Dataset/Coconut Tree Disease Dataset/Gray Leaf Spot/GrayLeafSpot1608.jpg
lf2_foliar,GrayLeafSpot1609,2_foliar_disease,1,,,coconut-tree-disease,Dataset/Coconut Tree Disease Dataset/Gray Leaf Spot/GrayLeafSpot1609.jpg
lf2_foliar,GrayLeafSpot161,2_foliar_disease,1,,,coconut-tree-disease,Dataset/Coconut Tree Disease Dataset/Gray Leaf Spot/GrayLeafSpot161.jpg
lf2_foliar,GrayLeafSpot1610,2_foliar_disease,1,,,coconut-tree-disease,Dataset/Coconut Tree Disease Dataset/Gray Leaf Spot/GrayLeafSpot1610.jpg
lf2_foliar,GrayLeafSpot1611,2_foliar_disease,1,,,coconut-tree-disease,Dataset/Coconut Tree Disease Dataset/Gray Leaf Spot/GrayLeafSpot1611.jpg
lf2_foliar,GrayLeafSpot1612,2_foliar_disease,1,,,coconut-tree-disease,Dataset/Coconut Tree Disease Dataset/Gray Leaf Spot/GrayLeafSpot1612.jpg
lf2_foliar,GrayLeafSpot1613,2_foliar_disease,1,,,coconut-tree-disease,Dataset/Coconut Tree Disease Dataset/Gray Leaf Spot/GrayLeafSpot1613.jpg
lf2_foliar,GrayLeafSpot1614,2_foliar_disease,1,,,coconut-tree-disease,Dataset/Coconut Tree Disease Dataset/Gray Leaf Spot/GrayLeafSpot1614.jpg
lf2_foliar,GrayLeafSpot1615,2_foliar_disease,1,,,coconut-tree-disease,Dataset/Coconut Tree Disease Dataset/Gray Leaf Spot/GrayLeafSpot1615.jpg
lf2_foliar,GrayLeafSpot1616,2_foliar_disease,1,,,coconut-tree-disease,Dataset/Coconut Tree Disease Dataset/Gray Leaf Spot/GrayLeafSpot1616.jpg
lf2_foliar,GrayLeafSpot1617,2_foliar_disease,1,,,coconut-tree-disease,Dataset/Coconut Tree Disease Dataset/Gray Leaf Spot/GrayLeafSpot1617.jpg
lf2_foliar,GrayLeafSpot1618,2_foliar_disease,1,,,coconut-tree-disease,Dataset/Coconut Tree Disease Dataset/Gray Leaf Spot/GrayLeafSpot1618.jpg
lf2_foliar,GrayLeafSpot1619,2_foliar_disease,1,,,coconut-tree-disease,Dataset/Coconut Tree Disease Dataset/Gray Leaf Spot/GrayLeafSpot1619.jpg
lf2_foliar,GrayLeafSpot162,2_foliar_disease,1,,,coconut-tree-disease,Dataset/Coconut Tree Disease Dataset/Gray Leaf Spot/GrayLeafSpot162.jpg
lf2_foliar,GrayLeafSpot1620,2_foliar_disease,1,,,coconut-tree-disease,Dataset/Coconut Tree Disease Dataset/Gray Leaf Spot/GrayLeafSpot1620.jpg
lf2_foliar,GrayLeafSpot1621,2_foliar_disease,1,,,coconut-tree-disease,Dataset/Coconut Tree Disease Dataset/Gray Leaf Spot/GrayLeafSpot1621.jpg
lf2_foliar,GrayLeafSpot1622,2_foliar_disease,1,,,coconut-tree-disease,Dataset/Coconut Tree Disease Dataset/Gray Leaf Spot/GrayLeafSpot1622.jpg
lf2_foliar,GrayLeafSpot1623,2_foliar_disease,1,,,coconut-tree-disease,Dataset/Coconut Tree Disease Dataset/Gray Leaf Spot/GrayLeafSpot1623.jpg
lf2_foliar,GrayLeafSpot1624,2_foliar_disease,1,,,coconut-tree-disease,Dataset/Coconut Tree Disease Dataset/Gray Leaf Spot/GrayLeafSpot1624.jpg
lf2_foliar,GrayLeafSpot1625,2_foliar_disease,1,,,coconut-tree-disease,Dataset/Coconut Tree Disease Dataset/Gray Leaf Spot/GrayLeafSpot1625.jpg
lf2_foliar,GrayLeafSpot1626,2_foliar_disease,1,,,coconut-tree-disease,Dataset/Coconut Tree Disease Dataset/Gray Leaf Spot/GrayLeafSpot1626.jpg
lf2_foliar,GrayLeafSpot1627,2_foliar_disease,1,,,coconut-tree-disease,Dataset/Coconut Tree Disease Dataset/Gray Leaf Spot/GrayLeafSpot1627.jpg
lf2_foliar,GrayLeafSpot1628,2_foliar_disease,1,,,coconut-tree-disease,Dataset/Coconut Tree Disease Dataset/Gray Leaf Spot/GrayLeafSpot1628.jpg
lf2_foliar,GrayLeafSpot1629,2_foliar_disease,1,,,coconut-tree-disease,Dataset/Coconut Tree Disease Dataset/Gray Leaf Spot/GrayLeafSpot1629.jpg
lf2_foliar,GrayLeafSpot163,2_foliar_disease,1,,,coconut-tree-disease,Dataset/Coconut Tree Disease Dataset/Gray Leaf Spot/GrayLeafSpot163.jpg
lf2_foliar,GrayLeafSpot1630,2_foliar_disease,1,,,coconut-tree-disease,Dataset/Coconut Tree Disease Dataset/Gray Leaf Spot/GrayLeafSpot1630.jpg
lf2_foliar,GrayLeafSpot1631,2_foliar_disease,1,,,coconut-tree-disease,Dataset/Coconut Tree Disease Dataset/Gray Leaf Spot/GrayLeafSpot1631.jpg
lf2_foliar,GrayLeafSpot1632,2_foliar_disease,1,,,coconut-tree-disease,Dataset/Coconut Tree Disease Dataset/Gray Leaf Spot/GrayLeafSpot1632.jpg
lf2_foliar,GrayLeafSpot1633,2_foliar_disease,1,,,coconut-tree-disease,Dataset/Coconut Tree Disease Dataset/Gray Leaf Spot/GrayLeafSpot1633.jpg
lf2_foliar,GrayLeafSpot1634,2_foliar_disease,1,,,coconut-tree-disease,Dataset/Coconut Tree Disease Dataset/Gray Leaf Spot/GrayLeafSpot1634.jpg
lf2_foliar,GrayLeafSpot1635,2_foliar_disease,1,,,coconut-tree-disease,Dataset/Coconut Tree Disease Dataset/Gray Leaf Spot/GrayLeafSpot1635.jpg
lf2_foliar,GrayLeafSpot1636,2_foliar_disease,1,,,coconut-tree-disease,Dataset/Coconut Tree Disease Dataset/Gray Leaf Spot/GrayLeafSpot1636.jpg
lf2_foliar,GrayLeafSpot1637,2_foliar_disease,1,,,coconut-tree-disease,Dataset/Coconut Tree Disease Dataset/Gray Leaf Spot/GrayLeafSpot1637.jpg
lf2_foliar,GrayLeafSpot1638,2_foliar_disease,1,,,coconut-tree-disease,Dataset/Coconut Tree Disease Dataset/Gray Leaf Spot/GrayLeafSpot1638.jpg
lf2_foliar,GrayLeafSpot1639,2_foliar_disease,1,,,coconut-tree-disease,Dataset/Coconut Tree Disease Dataset/Gray Leaf Spot/GrayLeafSpot1639.jpg
lf2_foliar,GrayLeafSpot164,2_foliar_disease,1,,,coconut-tree-disease,Dataset/Coconut Tree Disease Dataset/Gray Leaf Spot/GrayLeafSpot164.jpg
lf2_foliar,GrayLeafSpot1640,2_foliar_disease,1,,,coconut-tree-disease,Dataset/Coconut Tree Disease Dataset/Gray Leaf Spot/GrayLeafSpot1640.jpg
lf2_foliar,GrayLeafSpot1641,2_foliar_disease,1,,,coconut-tree-disease,Dataset/Coconut Tree Disease Dataset/Gray Leaf Spot/GrayLeafSpot1641.jpg
lf2_foliar,GrayLeafSpot1642,2_foliar_disease,1,,,coconut-tree-disease,Dataset/Coconut Tree Disease Dataset/Gray Leaf Spot/GrayLeafSpot1642.jpg
lf2_foliar,GrayLeafSpot1643,2_foliar_disease,1,,,coconut-tree-disease,Dataset/Coconut Tree Disease Dataset/Gray Leaf Spot/GrayLeafSpot1643.jpg
lf2_foliar,GrayLeafSpot1644,2_foliar_disease,1,,,coconut-tree-disease,Dataset/Coconut Tree Disease Dataset/Gray Leaf Spot/GrayLeafSpot1644.jpg
lf2_foliar,GrayLeafSpot1645,2_foliar_disease,1,,,coconut-tree-disease,Dataset/Coconut Tree Disease Dataset/Gray Leaf Spot/GrayLeafSpot1645.jpg
lf2_foliar,GrayLeafSpot1646,2_foliar_disease,1,,,coconut-tree-disease,Dataset/Coconut Tree Disease Dataset/Gray Leaf Spot/GrayLeafSpot1646.jpg
lf2_foliar,GrayLeafSpot1647,2_foliar_disease,1,,,coconut-tree-disease,Dataset/Coconut Tree Disease Dataset/Gray Leaf Spot/GrayLeafSpot1647.jpg
lf2_foliar,GrayLeafSpot1648,2_foliar_disease,1,,,coconut-tree-disease,Dataset/Coconut Tree Disease Dataset/Gray Leaf Spot/GrayLeafSpot1648.jpg
lf2_foliar,GrayLeafSpot1649,2_foliar_disease,1,,,coconut-tree-disease,Dataset/Coconut Tree Disease Dataset/Gray Leaf Spot/GrayLeafSpot1649.jpg
lf2_foliar,GrayLeafSpot165,2_foliar_disease,1,,,coconut-tree-disease,Dataset/Coconut Tree Disease Dataset/Gray Leaf Spot/GrayLeafSpot165.jpg
lf2_foliar,GrayLeafSpot1650,2_foliar_disease,1,,,coconut-tree-disease,Dataset/Coconut Tree Disease Dataset/Gray Leaf Spot/GrayLeafSpot1650.jpg
lf2_foliar,GrayLeafSpot1651,2_foliar_disease,1,,,coconut-tree-disease,Dataset/Coconut Tree Disease Dataset/Gray Leaf Spot/GrayLeafSpot1651.jpg
lf2_foliar,GrayLeafSpot1652,2_foliar_disease,1,,,coconut-tree-disease,Dataset/Coconut Tree Disease Dataset/Gray Leaf Spot/GrayLeafSpot1652.jpg
lf2_foliar,GrayLeafSpot1653,2_foliar_disease,1,,,coconut-tree-disease,Dataset/Coconut Tree Disease Dataset/Gray Leaf Spot/GrayLeafSpot1653.jpg
lf2_foliar,GrayLeafSpot1654,2_foliar_disease,1,,,coconut-tree-disease,Dataset/Coconut Tree Disease Dataset/Gray Leaf Spot/GrayLeafSpot1654.jpg
lf2_foliar,GrayLeafSpot1655,2_foliar_disease,1,,,coconut-tree-disease,Dataset/Coconut Tree Disease Dataset/Gray Leaf Spot/GrayLeafSpot1655.jpg
lf2_foliar,GrayLeafSpot1656,2_foliar_disease,1,,,coconut-tree-disease,Dataset/Coconut Tree Disease Dataset/Gray Leaf Spot/GrayLeafSpot1656.jpg
lf2_foliar,GrayLeafSpot1657,2_foliar_disease,1,,,coconut-tree-disease,Dataset/Coconut Tree Disease Dataset/Gray Leaf Spot/GrayLeafSpot1657.jpg
lf2_foliar,GrayLeafSpot1658,2_foliar_disease,1,,,coconut-tree-disease,Dataset/Coconut Tree Disease Dataset/Gray Leaf Spot/GrayLeafSpot1658.jpg
lf2_foliar,GrayLeafSpot1659,2_foliar_disease,1,,,coconut-tree-disease,Dataset/Coconut Tree Disease Dataset/Gray Leaf Spot/GrayLeafSpot1659.jpg
lf2_foliar,GrayLeafSpot166,2_foliar_disease,1,,,coconut-tree-disease,Dataset/Coconut Tree Disease Dataset/Gray Leaf Spot/GrayLeafSpot166.jpg
lf2_foliar,GrayLeafSpot1660,2_foliar_disease,1,,,coconut-tree-disease,Dataset/Coconut Tree Disease Dataset/Gray Leaf Spot/GrayLeafSpot1660.jpg
lf2_foliar,GrayLeafSpot1661,2_foliar_disease,1,,,coconut-tree-disease,Dataset/Coconut Tree Disease Dataset/Gray Leaf Spot/GrayLeafSpot1661.jpg
lf2_foliar,GrayLeafSpot1662,2_foliar_disease,1,,,coconut-tree-disease,Dataset/Coconut Tree Disease Dataset/Gray Leaf Spot/GrayLeafSpot1662.jpg
lf2_foliar,GrayLeafSpot1663,2_foliar_disease,1,,,coconut-tree-disease,Dataset/Coconut Tree Disease Dataset/Gray Leaf Spot/GrayLeafSpot1663.jpg
lf2_foliar,GrayLeafSpot1664,2_foliar_disease,1,,,coconut-tree-disease,Dataset/Coconut Tree Disease Dataset/Gray Leaf Spot/GrayLeafSpot1664.jpg
lf2_foliar,GrayLeafSpot1665,2_foliar_disease,1,,,coconut-tree-disease,Dataset/Coconut Tree Disease Dataset/Gray Leaf Spot/GrayLeafSpot1665.jpg
lf2_foliar,GrayLeafSpot1666,2_foliar_disease,1,,,coconut-tree-disease,Dataset/Coconut Tree Disease Dataset/Gray Leaf Spot/GrayLeafSpot1666.jpg
lf2_foliar,GrayLeafSpot1667,2_foliar_disease,1,,,coconut-tree-disease,Dataset/Coconut Tree Disease Dataset/Gray Leaf Spot/GrayLeafSpot1667.jpg
lf2_foliar,GrayLeafSpot1668,2_foliar_disease,1,,,coconut-tree-disease,Dataset/Coconut Tree Disease Dataset/Gray Leaf Spot/GrayLeafSpot1668.jpg
lf2_foliar,GrayLeafSpot1669,2_foliar_disease,1,,,coconut-tree-disease,Dataset/Coconut Tree Disease Dataset/Gray Leaf Spot/GrayLeafSpot1669.jpg
lf2_foliar,GrayLeafSpot167,2_foliar_disease,1,,,coconut-tree-disease,Dataset/Coconut Tree Disease Dataset/Gray Leaf Spot/GrayLeafSpot167.jpg
lf2_foliar,GrayLeafSpot1670,2_foliar_disease,1,,,coconut-tree-disease,Dataset/Coconut Tree Disease Dataset/Gray Leaf Spot/GrayLeafSpot1670.jpg
lf2_foliar,GrayLeafSpot1671,2_foliar_disease,1,,,coconut-tree-disease,Dataset/Coconut Tree Disease Dataset/Gray Leaf Spot/GrayLeafSpot1671.jpg
lf2_foliar,GrayLeafSpot1672,2_foliar_disease,1,,,coconut-tree-disease,Dataset/Coconut Tree Disease Dataset/Gray Leaf Spot/GrayLeafSpot1672.jpg
lf2_foliar,GrayLeafSpot1673,2_foliar_disease,1,,,coconut-tree-disease,Dataset/Coconut Tree Disease Dataset/Gray Leaf Spot/GrayLeafSpot1673.jpg
lf2_foliar,GrayLeafSpot1674,2_foliar_disease,1,,,coconut-tree-disease,Dataset/Coconut Tree Disease Dataset/Gray Leaf Spot/GrayLeafSpot1674.jpg
lf2_foliar,GrayLeafSpot1675,2_foliar_disease,1,,,coconut-tree-disease,Dataset/Coconut Tree Disease Dataset/Gray Leaf Spot/GrayLeafSpot1675.jpg
lf2_foliar,GrayLeafSpot1676,2_foliar_disease,1,,,coconut-tree-disease,Dataset/Coconut Tree Disease Dataset/Gray Leaf Spot/GrayLeafSpot1676.jpg
lf2_foliar,GrayLeafSpot1677,2_foliar_disease,1,,,coconut-tree-disease,Dataset/Coconut Tree Disease Dataset/Gray Leaf Spot/GrayLeafSpot1677.jpg
lf2_foliar,GrayLeafSpot1678,2_foliar_disease,1,,,coconut-tree-disease,Dataset/Coconut Tree Disease Dataset/Gray Leaf Spot/GrayLeafSpot1678.jpg
lf2_foliar,GrayLeafSpot1679,2_foliar_disease,1,,,coconut-tree-disease,Dataset/Coconut Tree Disease Dataset/Gray Leaf Spot/GrayLeafSpot1679.jpg
lf2_foliar,GrayLeafSpot168,2_foliar_disease,1,,,coconut-tree-disease,Dataset/Coconut Tree Disease Dataset/Gray Leaf Spot/GrayLeafSpot168.jpg
lf2_foliar,GrayLeafSpot1680,2_foliar_disease,1,,,coconut-tree-disease,Dataset/Coconut Tree Disease Dataset/Gray Leaf Spot/GrayLeafSpot1680.jpg
lf2_foliar,GrayLeafSpot1681,2_foliar_disease,1,,,coconut-tree-disease,Dataset/Coconut Tree Disease Dataset/Gray Leaf Spot/GrayLeafSpot1681.jpg
lf2_foliar,GrayLeafSpot1682,2_foliar_disease,1,,,coconut-tree-disease,Dataset/Coconut Tree Disease Dataset/Gray Leaf Spot/GrayLeafSpot1682.jpg
lf2_foliar,GrayLeafSpot1683,2_foliar_disease,1,,,coconut-tree-disease,Dataset/Coconut Tree Disease Dataset/Gray Leaf Spot/GrayLeafSpot1683.jpg
lf2_foliar,GrayLeafSpot1684,2_foliar_disease,1,,,coconut-tree-disease,Dataset/Coconut Tree Disease Dataset/Gray Leaf Spot/GrayLeafSpot1684.jpg
lf2_foliar,GrayLeafSpot1685,2_foliar_disease,1,,,coconut-tree-disease,Dataset/Coconut Tree Disease Dataset/Gray Leaf Spot/GrayLeafSpot1685.jpg
lf2_foliar,GrayLeafSpot1686,2_foliar_disease,1,,,coconut-tree-disease,Dataset/Coconut Tree Disease Dataset/Gray Leaf Spot/GrayLeafSpot1686.jpg
lf2_foliar,GrayLeafSpot1687,2_foliar_disease,1,,,coconut-tree-disease,Dataset/Coconut Tree Disease Dataset/Gray Leaf Spot/GrayLeafSpot1687.jpg
lf2_foliar,GrayLeafSpot1688,2_foliar_disease,1,,,coconut-tree-disease,Dataset/Coconut Tree Disease Dataset/Gray Leaf Spot/GrayLeafSpot1688.jpg
lf2_foliar,GrayLeafSpot1689,2_foliar_disease,1,,,coconut-tree-disease,Dataset/Coconut Tree Disease Dataset/Gray Leaf Spot/GrayLeafSpot1689.jpg
lf2_foliar,GrayLeafSpot169,2_foliar_disease,1,,,coconut-tree-disease,Dataset/Coconut Tree Disease Dataset/Gray Leaf Spot/GrayLeafSpot169.jpg
lf2_foliar,GrayLeafSpot1690,2_foliar_disease,1,,,coconut-tree-disease,Dataset/Coconut Tree Disease Dataset/Gray Leaf Spot/GrayLeafSpot1690.jpg
lf2_foliar,GrayLeafSpot1691,2_foliar_disease,1,,,coconut-tree-disease,Dataset/Coconut Tree Disease Dataset/Gray Leaf Spot/GrayLeafSpot1691.jpg
lf2_foliar,GrayLeafSpot1692,2_foliar_disease,1,,,coconut-tree-disease,Dataset/Coconut Tree Disease Dataset/Gray Leaf Spot/GrayLeafSpot1692.jpg
lf2_foliar,GrayLeafSpot1693,2_foliar_disease,1,,,coconut-tree-disease,Dataset/Coconut Tree Disease Dataset/Gray Leaf Spot/GrayLeafSpot1693.jpg
lf2_foliar,GrayLeafSpot1694,2_foliar_disease,1,,,coconut-tree-disease,Dataset/Coconut Tree Disease Dataset/Gray Leaf Spot/GrayLeafSpot1694.jpg
lf2_foliar,GrayLeafSpot1695,2_foliar_disease,1,,,coconut-tree-disease,Dataset/Coconut Tree Disease Dataset/Gray Leaf Spot/GrayLeafSpot1695.jpg
lf2_foliar,GrayLeafSpot1696,2_foliar_disease,1,,,coconut-tree-disease,Dataset/Coconut Tree Disease Dataset/Gray Leaf Spot/GrayLeafSpot1696.jpg
lf2_foliar,GrayLeafSpot1697,2_foliar_disease,1,,,coconut-tree-disease,Dataset/Coconut Tree Disease Dataset/Gray Leaf Spot/GrayLeafSpot1697.jpg
lf2_foliar,GrayLeafSpot1698,2_foliar_disease,1,,,coconut-tree-disease,Dataset/Coconut Tree Disease Dataset/Gray Leaf Spot/GrayLeafSpot1698.jpg
lf2_foliar,GrayLeafSpot1699,2_foliar_disease,1,,,coconut-tree-disease,Dataset/Coconut Tree Disease Dataset/Gray Leaf Spot/GrayLeafSpot1699.jpg
lf2_foliar,GrayLeafSpot170,2_foliar_disease,1,,,coconut-tree-disease,Dataset/Coconut Tree Disease Dataset/Gray Leaf Spot/GrayLeafSpot170.jpg
lf2_foliar,GrayLeafSpot1700,2_foliar_disease,1,,,coconut-tree-disease,Dataset/Coconut Tree Disease Dataset/Gray Leaf Spot/GrayLeafSpot1700.jpg
lf2_foliar,GrayLeafSpot1701,2_foliar_disease,1,,,coconut-tree-disease,Dataset/Coconut Tree Disease Dataset/Gray Leaf Spot/GrayLeafSpot1701.jpg
lf2_foliar,GrayLeafSpot1702,2_foliar_disease,1,,,coconut-tree-disease,Dataset/Coconut Tree Disease Dataset/Gray Leaf Spot/GrayLeafSpot1702.jpg
lf2_foliar,GrayLeafSpot1703,2_foliar_disease,1,,,coconut-tree-disease,Dataset/Coconut Tree Disease Dataset/Gray Leaf Spot/GrayLeafSpot1703.jpg
lf2_foliar,GrayLeafSpot1704,2_foliar_disease,1,,,coconut-tree-disease,Dataset/Coconut Tree Disease Dataset/Gray Leaf Spot/GrayLeafSpot1704.jpg
lf2_foliar,GrayLeafSpot1705,2_foliar_disease,1,,,coconut-tree-disease,Dataset/Coconut Tree Disease Dataset/Gray Leaf Spot/GrayLeafSpot1705.jpg
lf2_foliar,GrayLeafSpot1706,2_foliar_disease,1,,,coconut-tree-disease,Dataset/Coconut Tree Disease Dataset/Gray Leaf Spot/GrayLeafSpot1706.jpg
lf2_foliar,GrayLeafSpot1707,2_foliar_disease,1,,,coconut-tree-disease,Dataset/Coconut Tree Disease Dataset/Gray Leaf Spot/GrayLeafSpot1707.jpg
lf2_foliar,GrayLeafSpot1708,2_foliar_disease,1,,,coconut-tree-disease,Dataset/Coconut Tree Disease Dataset/Gray Leaf Spot/GrayLeafSpot1708.jpg
lf2_foliar,GrayLeafSpot1709,2_foliar_disease,1,,,coconut-tree-disease,Dataset/Coconut Tree Disease Dataset/Gray Leaf Spot/GrayLeafSpot1709.jpg
lf2_foliar,GrayLeafSpot171,2_foliar_disease,1,,,coconut-tree-disease,Dataset/Coconut Tree Disease Dataset/Gray Leaf Spot/GrayLeafSpot171.jpg
lf2_foliar,GrayLeafSpot1710,2_foliar_disease,1,,,coconut-tree-disease,Dataset/Coconut Tree Disease Dataset/Gray Leaf Spot/GrayLeafSpot1710.jpg
lf2_foliar,GrayLeafSpot1711,2_foliar_disease,1,,,coconut-tree-disease,Dataset/Coconut Tree Disease Dataset/Gray Leaf Spot/GrayLeafSpot1711.jpg
lf2_foliar,GrayLeafSpot1712,2_foliar_disease,1,,,coconut-tree-disease,Dataset/Coconut Tree Disease Dataset/Gray Leaf Spot/GrayLeafSpot1712.jpg
lf2_foliar,GrayLeafSpot1713,2_foliar_disease,1,,,coconut-tree-disease,Dataset/Coconut Tree Disease Dataset/Gray Leaf Spot/GrayLeafSpot1713.jpg
lf2_foliar,GrayLeafSpot1714,2_foliar_disease,1,,,coconut-tree-disease,Dataset/Coconut Tree Disease Dataset/Gray Leaf Spot/GrayLeafSpot1714.jpg
lf2_foliar,GrayLeafSpot1715,2_foliar_disease,1,,,coconut-tree-disease,Dataset/Coconut Tree Disease Dataset/Gray Leaf Spot/GrayLeafSpot1715.jpg
lf2_foliar,GrayLeafSpot1716,2_foliar_disease,1,,,coconut-tree-disease,Dataset/Coconut Tree Disease Dataset/Gray Leaf Spot/GrayLeafSpot1716.jpg
lf2_foliar,GrayLeafSpot1717,2_foliar_disease,1,,,coconut-tree-disease,Dataset/Coconut Tree Disease Dataset/Gray Leaf Spot/GrayLeafSpot1717.jpg
lf2_foliar,GrayLeafSpot1718,2_foliar_disease,1,,,coconut-tree-disease,Dataset/Coconut Tree Disease Dataset/Gray Leaf Spot/GrayLeafSpot1718.jpg
lf2_foliar,GrayLeafSpot1719,2_foliar_disease,1,,,coconut-tree-disease,Dataset/Coconut Tree Disease Dataset/Gray Leaf Spot/GrayLeafSpot1719.jpg
lf2_foliar,GrayLeafSpot172,2_foliar_disease,1,,,coconut-tree-disease,Dataset/Coconut Tree Disease Dataset/Gray Leaf Spot/GrayLeafSpot172.jpg
lf2_foliar,GrayLeafSpot1720,2_foliar_disease,1,,,coconut-tree-disease,Dataset/Coconut Tree Disease Dataset/Gray Leaf Spot/GrayLeafSpot1720.jpg
lf2_foliar,GrayLeafSpot1721,2_foliar_disease,1,,,coconut-tree-disease,Dataset/Coconut Tree Disease Dataset/Gray Leaf Spot/GrayLeafSpot1721.jpg
lf2_foliar,GrayLeafSpot1722,2_foliar_disease,1,,,coconut-tree-disease,Dataset/Coconut Tree Disease Dataset/Gray Leaf Spot/GrayLeafSpot1722.jpg
lf2_foliar,GrayLeafSpot1723,2_foliar_disease,1,,,coconut-tree-disease,Dataset/Coconut Tree Disease Dataset/Gray Leaf Spot/GrayLeafSpot1723.jpg
lf2_foliar,GrayLeafSpot1724,2_foliar_disease,1,,,coconut-tree-disease,Dataset/Coconut Tree Disease Dataset/Gray Leaf Spot/GrayLeafSpot1724.jpg
lf2_foliar,GrayLeafSpot1725,2_foliar_disease,1,,,coconut-tree-disease,Dataset/Coconut Tree Disease Dataset/Gray Leaf Spot/GrayLeafSpot1725.jpg
lf2_foliar,GrayLeafSpot1726,2_foliar_disease,1,,,coconut-tree-disease,Dataset/Coconut Tree Disease Dataset/Gray Leaf Spot/GrayLeafSpot1726.jpg
lf2_foliar,GrayLeafSpot1727,2_foliar_disease,1,,,coconut-tree-disease,Dataset/Coconut Tree Disease Dataset/Gray Leaf Spot/GrayLeafSpot1727.jpg
lf2_foliar,GrayLeafSpot1728,2_foliar_disease,1,,,coconut-tree-disease,Dataset/Coconut Tree Disease Dataset/Gray Leaf Spot/GrayLeafSpot1728.jpg
lf2_foliar,GrayLeafSpot1729,2_foliar_disease,1,,,coconut-tree-disease,Dataset/Coconut Tree Disease Dataset/Gray Leaf Spot/GrayLeafSpot1729.jpg
lf2_foliar,GrayLeafSpot173,2_foliar_disease,1,,,coconut-tree-disease,Dataset/Coconut Tree Disease Dataset/Gray Leaf Spot/GrayLeafSpot173.jpg
lf2_foliar,GrayLeafSpot1730,2_foliar_disease,1,,,coconut-tree-disease,Dataset/Coconut Tree Disease Dataset/Gray Leaf Spot/GrayLeafSpot1730.jpg
lf2_foliar,GrayLeafSpot1731,2_foliar_disease,1,,,coconut-tree-disease,Dataset/Coconut Tree Disease Dataset/Gray Leaf Spot/GrayLeafSpot1731.jpg
lf2_foliar,GrayLeafSpot1732,2_foliar_disease,1,,,coconut-tree-disease,Dataset/Coconut Tree Disease Dataset/Gray Leaf Spot/GrayLeafSpot1732.jpg
lf2_foliar,GrayLeafSpot1733,2_foliar_disease,1,,,coconut-tree-disease,Dataset/Coconut Tree Disease Dataset/Gray Leaf Spot/GrayLeafSpot1733.jpg
lf2_foliar,GrayLeafSpot1734,2_foliar_disease,1,,,coconut-tree-disease,Dataset/Coconut Tree Disease Dataset/Gray Leaf Spot/GrayLeafSpot1734.jpg
lf2_foliar,GrayLeafSpot1735,2_foliar_disease,1,,,coconut-tree-disease,Dataset/Coconut Tree Disease Dataset/Gray Leaf Spot/GrayLeafSpot1735.jpg
lf2_foliar,GrayLeafSpot1736,2_foliar_disease,1,,,coconut-tree-disease,Dataset/Coconut Tree Disease Dataset/Gray Leaf Spot/GrayLeafSpot1736.jpg
lf2_foliar,GrayLeafSpot1737,2_foliar_disease,1,,,coconut-tree-disease,Dataset/Coconut Tree Disease Dataset/Gray Leaf Spot/GrayLeafSpot1737.jpg
lf2_foliar,GrayLeafSpot1738,2_foliar_disease,1,,,coconut-tree-disease,Dataset/Coconut Tree Disease Dataset/Gray Leaf Spot/GrayLeafSpot1738.jpg
lf2_foliar,GrayLeafSpot1739,2_foliar_disease,1,,,coconut-tree-disease,Dataset/Coconut Tree Disease Dataset/Gray Leaf Spot/GrayLeafSpot1739.jpg
lf2_foliar,GrayLeafSpot174,2_foliar_disease,1,,,coconut-tree-disease,Dataset/Coconut Tree Disease Dataset/Gray Leaf Spot/GrayLeafSpot174.jpg
lf2_foliar,GrayLeafSpot1740,2_foliar_disease,1,,,coconut-tree-disease,Dataset/Coconut Tree Disease Dataset/Gray Leaf Spot/GrayLeafSpot1740.jpg
lf2_foliar,GrayLeafSpot1741,2_foliar_disease,1,,,coconut-tree-disease,Dataset/Coconut Tree Disease Dataset/Gray Leaf Spot/GrayLeafSpot1741.jpg
lf2_foliar,GrayLeafSpot1742,2_foliar_disease,1,,,coconut-tree-disease,Dataset/Coconut Tree Disease Dataset/Gray Leaf Spot/GrayLeafSpot1742.jpg
lf2_foliar,GrayLeafSpot1743,2_foliar_disease,1,,,coconut-tree-disease,Dataset/Coconut Tree Disease Dataset/Gray Leaf Spot/GrayLeafSpot1743.jpg
lf2_foliar,GrayLeafSpot1744,2_foliar_disease,1,,,coconut-tree-disease,Dataset/Coconut Tree Disease Dataset/Gray Leaf Spot/GrayLeafSpot1744.jpg
lf2_foliar,GrayLeafSpot1745,2_foliar_disease,1,,,coconut-tree-disease,Dataset/Coconut Tree Disease Dataset/Gray Leaf Spot/GrayLeafSpot1745.jpg
lf2_foliar,GrayLeafSpot1746,2_foliar_disease,1,,,coconut-tree-disease,Dataset/Coconut Tree Disease Dataset/Gray Leaf Spot/GrayLeafSpot1746.jpg
lf2_foliar,GrayLeafSpot1747,2_foliar_disease,1,,,coconut-tree-disease,Dataset/Coconut Tree Disease Dataset/Gray Leaf Spot/GrayLeafSpot1747.jpg
lf2_foliar,GrayLeafSpot1748,2_foliar_disease,1,,,coconut-tree-disease,Dataset/Coconut Tree Disease Dataset/Gray Leaf Spot/GrayLeafSpot1748.jpg
lf2_foliar,GrayLeafSpot1749,2_foliar_disease,1,,,coconut-tree-disease,Dataset/Coconut Tree Disease Dataset/Gray Leaf Spot/GrayLeafSpot1749.jpg
lf2_foliar,GrayLeafSpot175,2_foliar_disease,1,,,coconut-tree-disease,Dataset/Coconut Tree Disease Dataset/Gray Leaf Spot/GrayLeafSpot175.jpg
lf2_foliar,GrayLeafSpot1750,2_foliar_disease,1,,,coconut-tree-disease,Dataset/Coconut Tree Disease Dataset/Gray Leaf Spot/GrayLeafSpot1750.jpg
lf2_foliar,GrayLeafSpot1751,2_foliar_disease,1,,,coconut-tree-disease,Dataset/Coconut Tree Disease Dataset/Gray Leaf Spot/GrayLeafSpot1751.jpg
lf2_foliar,GrayLeafSpot1752,2_foliar_disease,1,,,coconut-tree-disease,Dataset/Coconut Tree Disease Dataset/Gray Leaf Spot/GrayLeafSpot1752.jpg
lf2_foliar,GrayLeafSpot1753,2_foliar_disease,1,,,coconut-tree-disease,Dataset/Coconut Tree Disease Dataset/Gray Leaf Spot/GrayLeafSpot1753.jpg
lf2_foliar,GrayLeafSpot1754,2_foliar_disease,1,,,coconut-tree-disease,Dataset/Coconut Tree Disease Dataset/Gray Leaf Spot/GrayLeafSpot1754.jpg
lf2_foliar,GrayLeafSpot1755,2_foliar_disease,1,,,coconut-tree-disease,Dataset/Coconut Tree Disease Dataset/Gray Leaf Spot/GrayLeafSpot1755.jpg
lf2_foliar,GrayLeafSpot1756,2_foliar_disease,1,,,coconut-tree-disease,Dataset/Coconut Tree Disease Dataset/Gray Leaf Spot/GrayLeafSpot1756.jpg
lf2_foliar,GrayLeafSpot1757,2_foliar_disease,1,,,coconut-tree-disease,Dataset/Coconut Tree Disease Dataset/Gray Leaf Spot/GrayLeafSpot1757.jpg
lf2_foliar,GrayLeafSpot1758,2_foliar_disease,1,,,coconut-tree-disease,Dataset/Coconut Tree Disease Dataset/Gray Leaf Spot/GrayLeafSpot1758.jpg
lf2_foliar,GrayLeafSpot1759,2_foliar_disease,1,,,coconut-tree-disease,Dataset/Coconut Tree Disease Dataset/Gray Leaf Spot/GrayLeafSpot1759.jpg
lf2_foliar,GrayLeafSpot176,2_foliar_disease,1,,,coconut-tree-disease,Dataset/Coconut Tree Disease Dataset/Gray Leaf Spot/GrayLeafSpot176.jpg
lf2_foliar,GrayLeafSpot1760,2_foliar_disease,1,,,coconut-tree-disease,Dataset/Coconut Tree Disease Dataset/Gray Leaf Spot/GrayLeafSpot1760.jpg
lf2_foliar,GrayLeafSpot1761,2_foliar_disease,1,,,coconut-tree-disease,Dataset/Coconut Tree Disease Dataset/Gray Leaf Spot/GrayLeafSpot1761.jpg
lf2_foliar,GrayLeafSpot1762,2_foliar_disease,1,,,coconut-tree-disease,Dataset/Coconut Tree Disease Dataset/Gray Leaf Spot/GrayLeafSpot1762.jpg
lf2_foliar,GrayLeafSpot1763,2_foliar_disease,1,,,coconut-tree-disease,Dataset/Coconut Tree Disease Dataset/Gray Leaf Spot/GrayLeafSpot1763.jpg
lf2_foliar,GrayLeafSpot1764,2_foliar_disease,1,,,coconut-tree-disease,Dataset/Coconut Tree Disease Dataset/Gray Leaf Spot/GrayLeafSpot1764.jpg
lf2_foliar,GrayLeafSpot1765,2_foliar_disease,1,,,coconut-tree-disease,Dataset/Coconut Tree Disease Dataset/Gray Leaf Spot/GrayLeafSpot1765.jpg
lf2_foliar,GrayLeafSpot1766,2_foliar_disease,1,,,coconut-tree-disease,Dataset/Coconut Tree Disease Dataset/Gray Leaf Spot/GrayLeafSpot1766.jpg
lf2_foliar,GrayLeafSpot1767,2_foliar_disease,1,,,coconut-tree-disease,Dataset/Coconut Tree Disease Dataset/Gray Leaf Spot/GrayLeafSpot1767.jpg
lf2_foliar,GrayLeafSpot1768,2_foliar_disease,1,,,coconut-tree-disease,Dataset/Coconut Tree Disease Dataset/Gray Leaf Spot/GrayLeafSpot1768.jpg
lf2_foliar,GrayLeafSpot1769,2_foliar_disease,1,,,coconut-tree-disease,Dataset/Coconut Tree Disease Dataset/Gray Leaf Spot/GrayLeafSpot1769.jpg
lf2_foliar,GrayLeafSpot177,2_foliar_disease,1,,,coconut-tree-disease,Dataset/Coconut Tree Disease Dataset/Gray Leaf Spot/GrayLeafSpot177.jpg
lf2_foliar,GrayLeafSpot1770,2_foliar_disease,1,,,coconut-tree-disease,Dataset/Coconut Tree Disease Dataset/Gray Leaf Spot/GrayLeafSpot1770.jpg
lf2_foliar,GrayLeafSpot1771,2_foliar_disease,1,,,coconut-tree-disease,Dataset/Coconut Tree Disease Dataset/Gray Leaf Spot/GrayLeafSpot1771.jpg
lf2_foliar,GrayLeafSpot1772,2_foliar_disease,1,,,coconut-tree-disease,Dataset/Coconut Tree Disease Dataset/Gray Leaf Spot/GrayLeafSpot1772.jpg
lf2_foliar,GrayLeafSpot1773,2_foliar_disease,1,,,coconut-tree-disease,Dataset/Coconut Tree Disease Dataset/Gray Leaf Spot/GrayLeafSpot1773.jpg
lf2_foliar,GrayLeafSpot1774,2_foliar_disease,1,,,coconut-tree-disease,Dataset/Coconut Tree Disease Dataset/Gray Leaf Spot/GrayLeafSpot1774.jpg
lf2_foliar,GrayLeafSpot1775,2_foliar_disease,1,,,coconut-tree-disease,Dataset/Coconut Tree Disease Dataset/Gray Leaf Spot/GrayLeafSpot1775.jpg
lf2_foliar,GrayLeafSpot1776,2_foliar_disease,1,,,coconut-tree-disease,Dataset/Coconut Tree Disease Dataset/Gray Leaf Spot/GrayLeafSpot1776.jpg
lf2_foliar,GrayLeafSpot1777,2_foliar_disease,1,,,coconut-tree-disease,Dataset/Coconut Tree Disease Dataset/Gray Leaf Spot/GrayLeafSpot1777.jpg
lf2_foliar,GrayLeafSpot1778,2_foliar_disease,1,,,coconut-tree-disease,Dataset/Coconut Tree Disease Dataset/Gray Leaf Spot/GrayLeafSpot1778.jpg
lf2_foliar,GrayLeafSpot1779,2_foliar_disease,1,,,coconut-tree-disease,Dataset/Coconut Tree Disease Dataset/Gray Leaf Spot/GrayLeafSpot1779.jpg
lf2_foliar,GrayLeafSpot178,2_foliar_disease,1,,,coconut-tree-disease,Dataset/Coconut Tree Disease Dataset/Gray Leaf Spot/GrayLeafSpot178.jpg
lf2_foliar,GrayLeafSpot1780,2_foliar_disease,1,,,coconut-tree-disease,Dataset/Coconut Tree Disease Dataset/Gray Leaf Spot/GrayLeafSpot1780.jpg
lf2_foliar,GrayLeafSpot1781,2_foliar_disease,1,,,coconut-tree-disease,Dataset/Coconut Tree Disease Dataset/Gray Leaf Spot/GrayLeafSpot1781.jpg
lf2_foliar,GrayLeafSpot1782,2_foliar_disease,1,,,coconut-tree-disease,Dataset/Coconut Tree Disease Dataset/Gray Leaf Spot/GrayLeafSpot1782.jpg
lf2_foliar,GrayLeafSpot1783,2_foliar_disease,1,,,coconut-tree-disease,Dataset/Coconut Tree Disease Dataset/Gray Leaf Spot/GrayLeafSpot1783.jpg
lf2_foliar,GrayLeafSpot1784,2_foliar_disease,1,,,coconut-tree-disease,Dataset/Coconut Tree Disease Dataset/Gray Leaf Spot/GrayLeafSpot1784.jpg
lf2_foliar,GrayLeafSpot1785,2_foliar_disease,1,,,coconut-tree-disease,Dataset/Coconut Tree Disease Dataset/Gray Leaf Spot/GrayLeafSpot1785.jpg
lf2_foliar,GrayLeafSpot1786,2_foliar_disease,1,,,coconut-tree-disease,Dataset/Coconut Tree Disease Dataset/Gray Leaf Spot/GrayLeafSpot1786.jpg
lf2_foliar,GrayLeafSpot1787,2_foliar_disease,1,,,coconut-tree-disease,Dataset/Coconut Tree Disease Dataset/Gray Leaf Spot/GrayLeafSpot1787.jpg
lf2_foliar,GrayLeafSpot1788,2_foliar_disease,1,,,coconut-tree-disease,Dataset/Coconut Tree Disease Dataset/Gray Leaf Spot/GrayLeafSpot1788.jpg
lf2_foliar,GrayLeafSpot1789,2_foliar_disease,1,,,coconut-tree-disease,Dataset/Coconut Tree Disease Dataset/Gray Leaf Spot/GrayLeafSpot1789.jpg
lf2_foliar,GrayLeafSpot179,2_foliar_disease,1,,,coconut-tree-disease,Dataset/Coconut Tree Disease Dataset/Gray Leaf Spot/GrayLeafSpot179.jpg
lf2_foliar,GrayLeafSpot1790,2_foliar_disease,1,,,coconut-tree-disease,Dataset/Coconut Tree Disease Dataset/Gray Leaf Spot/GrayLeafSpot1790.jpg
lf2_foliar,GrayLeafSpot1791,2_foliar_disease,1,,,coconut-tree-disease,Dataset/Coconut Tree Disease Dataset/Gray Leaf Spot/GrayLeafSpot1791.jpg
lf2_foliar,GrayLeafSpot1792,2_foliar_disease,1,,,coconut-tree-disease,Dataset/Coconut Tree Disease Dataset/Gray Leaf Spot/GrayLeafSpot1792.jpg
lf2_foliar,GrayLeafSpot1793,2_foliar_disease,1,,,coconut-tree-disease,Dataset/Coconut Tree Disease Dataset/Gray Leaf Spot/GrayLeafSpot1793.jpg
lf2_foliar,GrayLeafSpot1794,2_foliar_disease,1,,,coconut-tree-disease,Dataset/Coconut Tree Disease Dataset/Gray Leaf Spot/GrayLeafSpot1794.jpg
lf2_foliar,GrayLeafSpot1795,2_foliar_disease,1,,,coconut-tree-disease,Dataset/Coconut Tree Disease Dataset/Gray Leaf Spot/GrayLeafSpot1795.jpg
lf2_foliar,GrayLeafSpot1796,2_foliar_disease,1,,,coconut-tree-disease,Dataset/Coconut Tree Disease Dataset/Gray Leaf Spot/GrayLeafSpot1796.jpg
lf2_foliar,GrayLeafSpot1797,2_foliar_disease,1,,,coconut-tree-disease,Dataset/Coconut Tree Disease Dataset/Gray Leaf Spot/GrayLeafSpot1797.jpg
lf2_foliar,GrayLeafSpot1798,2_foliar_disease,1,,,coconut-tree-disease,Dataset/Coconut Tree Disease Dataset/Gray Leaf Spot/GrayLeafSpot1798.jpg
lf2_foliar,GrayLeafSpot1799,2_foliar_disease,1,,,coconut-tree-disease,Dataset/Coconut Tree Disease Dataset/Gray Leaf Spot/GrayLeafSpot1799.jpg
lf2_foliar,GrayLeafSpot180,2_foliar_disease,1,,,coconut-tree-disease,Dataset/Coconut Tree Disease Dataset/Gray Leaf Spot/GrayLeafSpot180.jpg
lf2_foliar,GrayLeafSpot1800,2_foliar_disease,1,,,coconut-tree-disease,Dataset/Coconut Tree Disease Dataset/Gray Leaf Spot/GrayLeafSpot1800.jpg
lf2_foliar,GrayLeafSpot1801,2_foliar_disease,1,,,coconut-tree-disease,Dataset/Coconut Tree Disease Dataset/Gray Leaf Spot/GrayLeafSpot1801.jpg
lf2_foliar,GrayLeafSpot1802,2_foliar_disease,1,,,coconut-tree-disease,Dataset/Coconut Tree Disease Dataset/Gray Leaf Spot/GrayLeafSpot1802.jpg
lf2_foliar,GrayLeafSpot1803,2_foliar_disease,1,,,coconut-tree-disease,Dataset/Coconut Tree Disease Dataset/Gray Leaf Spot/GrayLeafSpot1803.jpg
lf2_foliar,GrayLeafSpot1804,2_foliar_disease,1,,,coconut-tree-disease,Dataset/Coconut Tree Disease Dataset/Gray Leaf Spot/GrayLeafSpot1804.jpg
lf2_foliar,GrayLeafSpot1805,2_foliar_disease,1,,,coconut-tree-disease,Dataset/Coconut Tree Disease Dataset/Gray Leaf Spot/GrayLeafSpot1805.jpg
lf2_foliar,GrayLeafSpot1806,2_foliar_disease,1,,,coconut-tree-disease,Dataset/Coconut Tree Disease Dataset/Gray Leaf Spot/GrayLeafSpot1806.jpg
lf2_foliar,GrayLeafSpot1807,2_foliar_disease,1,,,coconut-tree-disease,Dataset/Coconut Tree Disease Dataset/Gray Leaf Spot/GrayLeafSpot1807.jpg
lf2_foliar,GrayLeafSpot1808,2_foliar_disease,1,,,coconut-tree-disease,Dataset/Coconut Tree Disease Dataset/Gray Leaf Spot/GrayLeafSpot1808.jpg
lf2_foliar,GrayLeafSpot1809,2_foliar_disease,1,,,coconut-tree-disease,Dataset/Coconut Tree Disease Dataset/Gray Leaf Spot/GrayLeafSpot1809.jpg
lf2_foliar,GrayLeafSpot181,2_foliar_disease,1,,,coconut-tree-disease,Dataset/Coconut Tree Disease Dataset/Gray Leaf Spot/GrayLeafSpot181.jpg
lf2_foliar,GrayLeafSpot1810,2_foliar_disease,1,,,coconut-tree-disease,Dataset/Coconut Tree Disease Dataset/Gray Leaf Spot/GrayLeafSpot1810.jpg
lf2_foliar,GrayLeafSpot1811,2_foliar_disease,1,,,coconut-tree-disease,Dataset/Coconut Tree Disease Dataset/Gray Leaf Spot/GrayLeafSpot1811.jpg
lf2_foliar,GrayLeafSpot1812,2_foliar_disease,1,,,coconut-tree-disease,Dataset/Coconut Tree Disease Dataset/Gray Leaf Spot/GrayLeafSpot1812.jpg
lf2_foliar,GrayLeafSpot1813,2_foliar_disease,1,,,coconut-tree-disease,Dataset/Coconut Tree Disease Dataset/Gray Leaf Spot/GrayLeafSpot1813.jpg
lf2_foliar,GrayLeafSpot1814,2_foliar_disease,1,,,coconut-tree-disease,Dataset/Coconut Tree Disease Dataset/Gray Leaf Spot/GrayLeafSpot1814.jpg
lf2_foliar,GrayLeafSpot1815,2_foliar_disease,1,,,coconut-tree-disease,Dataset/Coconut Tree Disease Dataset/Gray Leaf Spot/GrayLeafSpot1815.jpg
lf2_foliar,GrayLeafSpot1816,2_foliar_disease,1,,,coconut-tree-disease,Dataset/Coconut Tree Disease Dataset/Gray Leaf Spot/GrayLeafSpot1816.jpg
lf2_foliar,GrayLeafSpot1817,2_foliar_disease,1,,,coconut-tree-disease,Dataset/Coconut Tree Disease Dataset/Gray Leaf Spot/GrayLeafSpot1817.jpg
lf2_foliar,GrayLeafSpot1818,2_foliar_disease,1,,,coconut-tree-disease,Dataset/Coconut Tree Disease Dataset/Gray Leaf Spot/GrayLeafSpot1818.jpg
lf2_foliar,GrayLeafSpot1819,2_foliar_disease,1,,,coconut-tree-disease,Dataset/Coconut Tree Disease Dataset/Gray Leaf Spot/GrayLeafSpot1819.jpg
lf2_foliar,GrayLeafSpot182,2_foliar_disease,1,,,coconut-tree-disease,Dataset/Coconut Tree Disease Dataset/Gray Leaf Spot/GrayLeafSpot182.jpg
lf2_foliar,GrayLeafSpot1820,2_foliar_disease,1,,,coconut-tree-disease,Dataset/Coconut Tree Disease Dataset/Gray Leaf Spot/GrayLeafSpot1820.jpg
lf2_foliar,GrayLeafSpot1821,2_foliar_disease,1,,,coconut-tree-disease,Dataset/Coconut Tree Disease Dataset/Gray Leaf Spot/GrayLeafSpot1821.jpg
lf2_foliar,GrayLeafSpot1822,2_foliar_disease,1,,,coconut-tree-disease,Dataset/Coconut Tree Disease Dataset/Gray Leaf Spot/GrayLeafSpot1822.jpg
lf2_foliar,GrayLeafSpot1823,2_foliar_disease,1,,,coconut-tree-disease,Dataset/Coconut Tree Disease Dataset/Gray Leaf Spot/GrayLeafSpot1823.jpg
lf2_foliar,GrayLeafSpot1824,2_foliar_disease,1,,,coconut-tree-disease,Dataset/Coconut Tree Disease Dataset/Gray Leaf Spot/GrayLeafSpot1824.jpg
lf2_foliar,GrayLeafSpot1825,2_foliar_disease,1,,,coconut-tree-disease,Dataset/Coconut Tree Disease Dataset/Gray Leaf Spot/GrayLeafSpot1825.jpg
lf2_foliar,GrayLeafSpot1826,2_foliar_disease,1,,,coconut-tree-disease,Dataset/Coconut Tree Disease Dataset/Gray Leaf Spot/GrayLeafSpot1826.jpg
lf2_foliar,GrayLeafSpot1827,2_foliar_disease,1,,,coconut-tree-disease,Dataset/Coconut Tree Disease Dataset/Gray Leaf Spot/GrayLeafSpot1827.jpg
lf2_foliar,GrayLeafSpot1828,2_foliar_disease,1,,,coconut-tree-disease,Dataset/Coconut Tree Disease Dataset/Gray Leaf Spot/GrayLeafSpot1828.jpg
lf2_foliar,GrayLeafSpot1829,2_foliar_disease,1,,,coconut-tree-disease,Dataset/Coconut Tree Disease Dataset/Gray Leaf Spot/GrayLeafSpot1829.jpg
lf2_foliar,GrayLeafSpot183,2_foliar_disease,1,,,coconut-tree-disease,Dataset/Coconut Tree Disease Dataset/Gray Leaf Spot/GrayLeafSpot183.jpg
lf2_foliar,GrayLeafSpot1830,2_foliar_disease,1,,,coconut-tree-disease,Dataset/Coconut Tree Disease Dataset/Gray Leaf Spot/GrayLeafSpot1830.jpg
lf2_foliar,GrayLeafSpot1831,2_foliar_disease,1,,,coconut-tree-disease,Dataset/Coconut Tree Disease Dataset/Gray Leaf Spot/GrayLeafSpot1831.jpg
lf2_foliar,GrayLeafSpot1832,2_foliar_disease,1,,,coconut-tree-disease,Dataset/Coconut Tree Disease Dataset/Gray Leaf Spot/GrayLeafSpot1832.jpg
lf2_foliar,GrayLeafSpot1833,2_foliar_disease,1,,,coconut-tree-disease,Dataset/Coconut Tree Disease Dataset/Gray Leaf Spot/GrayLeafSpot1833.jpg
lf2_foliar,GrayLeafSpot1834,2_foliar_disease,1,,,coconut-tree-disease,Dataset/Coconut Tree Disease Dataset/Gray Leaf Spot/GrayLeafSpot1834.jpg
lf2_foliar,GrayLeafSpot1835,2_foliar_disease,1,,,coconut-tree-disease,Dataset/Coconut Tree Disease Dataset/Gray Leaf Spot/GrayLeafSpot1835.jpg
lf2_foliar,GrayLeafSpot1836,2_foliar_disease,1,,,coconut-tree-disease,Dataset/Coconut Tree Disease Dataset/Gray Leaf Spot/GrayLeafSpot1836.jpg
lf2_foliar,GrayLeafSpot1837,2_foliar_disease,1,,,coconut-tree-disease,Dataset/Coconut Tree Disease Dataset/Gray Leaf Spot/GrayLeafSpot1837.jpg
lf2_foliar,GrayLeafSpot1838,2_foliar_disease,1,,,coconut-tree-disease,Dataset/Coconut Tree Disease Dataset/Gray Leaf Spot/GrayLeafSpot1838.jpg
lf2_foliar,GrayLeafSpot1839,2_foliar_disease,1,,,coconut-tree-disease,Dataset/Coconut Tree Disease Dataset/Gray Leaf Spot/GrayLeafSpot1839.jpg
lf2_foliar,GrayLeafSpot184,2_foliar_disease,1,,,coconut-tree-disease,Dataset/Coconut Tree Disease Dataset/Gray Leaf Spot/GrayLeafSpot184.jpg
lf2_foliar,GrayLeafSpot1840,2_foliar_disease,1,,,coconut-tree-disease,Dataset/Coconut Tree Disease Dataset/Gray Leaf Spot/GrayLeafSpot1840.jpg
lf2_foliar,GrayLeafSpot1841,2_foliar_disease,1,,,coconut-tree-disease,Dataset/Coconut Tree Disease Dataset/Gray Leaf Spot/GrayLeafSpot1841.jpg
lf2_foliar,GrayLeafSpot1842,2_foliar_disease,1,,,coconut-tree-disease,Dataset/Coconut Tree Disease Dataset/Gray Leaf Spot/GrayLeafSpot1842.jpg
lf2_foliar,GrayLeafSpot1843,2_foliar_disease,1,,,coconut-tree-disease,Dataset/Coconut Tree Disease Dataset/Gray Leaf Spot/GrayLeafSpot1843.jpg
lf2_foliar,GrayLeafSpot1844,2_foliar_disease,1,,,coconut-tree-disease,Dataset/Coconut Tree Disease Dataset/Gray Leaf Spot/GrayLeafSpot1844.jpg
lf2_foliar,GrayLeafSpot1845,2_foliar_disease,1,,,coconut-tree-disease,Dataset/Coconut Tree Disease Dataset/Gray Leaf Spot/GrayLeafSpot1845.jpg
lf2_foliar,GrayLeafSpot1846,2_foliar_disease,1,,,coconut-tree-disease,Dataset/Coconut Tree Disease Dataset/Gray Leaf Spot/GrayLeafSpot1846.jpg
lf2_foliar,GrayLeafSpot1847,2_foliar_disease,1,,,coconut-tree-disease,Dataset/Coconut Tree Disease Dataset/Gray Leaf Spot/GrayLeafSpot1847.jpg
lf2_foliar,GrayLeafSpot1848,2_foliar_disease,1,,,coconut-tree-disease,Dataset/Coconut Tree Disease Dataset/Gray Leaf Spot/GrayLeafSpot1848.jpg
lf2_foliar,GrayLeafSpot1849,2_foliar_disease,1,,,coconut-tree-disease,Dataset/Coconut Tree Disease Dataset/Gray Leaf Spot/GrayLeafSpot1849.jpg
lf2_foliar,GrayLeafSpot185,2_foliar_disease,1,,,coconut-tree-disease,Dataset/Coconut Tree Disease Dataset/Gray Leaf Spot/GrayLeafSpot185.jpg
lf2_foliar,GrayLeafSpot1850,2_foliar_disease,1,,,coconut-tree-disease,Dataset/Coconut Tree Disease Dataset/Gray Leaf Spot/GrayLeafSpot1850.jpg
lf2_foliar,GrayLeafSpot1851,2_foliar_disease,1,,,coconut-tree-disease,Dataset/Coconut Tree Disease Dataset/Gray Leaf Spot/GrayLeafSpot1851.jpg
lf2_foliar,GrayLeafSpot1852,2_foliar_disease,1,,,coconut-tree-disease,Dataset/Coconut Tree Disease Dataset/Gray Leaf Spot/GrayLeafSpot1852.jpg
lf2_foliar,GrayLeafSpot1853,2_foliar_disease,1,,,coconut-tree-disease,Dataset/Coconut Tree Disease Dataset/Gray Leaf Spot/GrayLeafSpot1853.jpg
lf2_foliar,GrayLeafSpot1854,2_foliar_disease,1,,,coconut-tree-disease,Dataset/Coconut Tree Disease Dataset/Gray Leaf Spot/GrayLeafSpot1854.jpg
lf2_foliar,GrayLeafSpot1855,2_foliar_disease,1,,,coconut-tree-disease,Dataset/Coconut Tree Disease Dataset/Gray Leaf Spot/GrayLeafSpot1855.jpg
lf2_foliar,GrayLeafSpot1856,2_foliar_disease,1,,,coconut-tree-disease,Dataset/Coconut Tree Disease Dataset/Gray Leaf Spot/GrayLeafSpot1856.jpg
lf2_foliar,GrayLeafSpot1857,2_foliar_disease,1,,,coconut-tree-disease,Dataset/Coconut Tree Disease Dataset/Gray Leaf Spot/GrayLeafSpot1857.jpg
lf2_foliar,GrayLeafSpot1858,2_foliar_disease,1,,,coconut-tree-disease,Dataset/Coconut Tree Disease Dataset/Gray Leaf Spot/GrayLeafSpot1858.jpg
lf2_foliar,GrayLeafSpot1859,2_foliar_disease,1,,,coconut-tree-disease,Dataset/Coconut Tree Disease Dataset/Gray Leaf Spot/GrayLeafSpot1859.jpg
lf2_foliar,GrayLeafSpot186,2_foliar_disease,1,,,coconut-tree-disease,Dataset/Coconut Tree Disease Dataset/Gray Leaf Spot/GrayLeafSpot186.jpg
lf2_foliar,GrayLeafSpot1860,2_foliar_disease,1,,,coconut-tree-disease,Dataset/Coconut Tree Disease Dataset/Gray Leaf Spot/GrayLeafSpot1860.jpg
lf2_foliar,GrayLeafSpot1861,2_foliar_disease,1,,,coconut-tree-disease,Dataset/Coconut Tree Disease Dataset/Gray Leaf Spot/GrayLeafSpot1861.jpg
lf2_foliar,GrayLeafSpot1862,2_foliar_disease,1,,,coconut-tree-disease,Dataset/Coconut Tree Disease Dataset/Gray Leaf Spot/GrayLeafSpot1862.jpg
lf2_foliar,GrayLeafSpot1863,2_foliar_disease,1,,,coconut-tree-disease,Dataset/Coconut Tree Disease Dataset/Gray Leaf Spot/GrayLeafSpot1863.jpg
lf2_foliar,GrayLeafSpot1864,2_foliar_disease,1,,,coconut-tree-disease,Dataset/Coconut Tree Disease Dataset/Gray Leaf Spot/GrayLeafSpot1864.jpg
lf2_foliar,GrayLeafSpot1865,2_foliar_disease,1,,,coconut-tree-disease,Dataset/Coconut Tree Disease Dataset/Gray Leaf Spot/GrayLeafSpot1865.jpg
lf2_foliar,GrayLeafSpot1866,2_foliar_disease,1,,,coconut-tree-disease,Dataset/Coconut Tree Disease Dataset/Gray Leaf Spot/GrayLeafSpot1866.jpg
lf2_foliar,GrayLeafSpot1867,2_foliar_disease,1,,,coconut-tree-disease,Dataset/Coconut Tree Disease Dataset/Gray Leaf Spot/GrayLeafSpot1867.jpg
lf2_foliar,GrayLeafSpot1868,2_foliar_disease,1,,,coconut-tree-disease,Dataset/Coconut Tree Disease Dataset/Gray Leaf Spot/GrayLeafSpot1868.jpg
lf2_foliar,GrayLeafSpot1869,2_foliar_disease,1,,,coconut-tree-disease,Dataset/Coconut Tree Disease Dataset/Gray Leaf Spot/GrayLeafSpot1869.jpg
lf2_foliar,GrayLeafSpot187,2_foliar_disease,1,,,coconut-tree-disease,Dataset/Coconut Tree Disease Dataset/Gray Leaf Spot/GrayLeafSpot187.jpg
lf2_foliar,GrayLeafSpot1870,2_foliar_disease,1,,,coconut-tree-disease,Dataset/Coconut Tree Disease Dataset/Gray Leaf Spot/GrayLeafSpot1870.jpg
lf2_foliar,GrayLeafSpot1871,2_foliar_disease,1,,,coconut-tree-disease,Dataset/Coconut Tree Disease Dataset/Gray Leaf Spot/GrayLeafSpot1871.jpg
lf2_foliar,GrayLeafSpot1872,2_foliar_disease,1,,,coconut-tree-disease,Dataset/Coconut Tree Disease Dataset/Gray Leaf Spot/GrayLeafSpot1872.jpg
lf2_foliar,GrayLeafSpot1873,2_foliar_disease,1,,,coconut-tree-disease,Dataset/Coconut Tree Disease Dataset/Gray Leaf Spot/GrayLeafSpot1873.jpg
lf2_foliar,GrayLeafSpot1874,2_foliar_disease,1,,,coconut-tree-disease,Dataset/Coconut Tree Disease Dataset/Gray Leaf Spot/GrayLeafSpot1874.jpg
lf2_foliar,GrayLeafSpot1875,2_foliar_disease,1,,,coconut-tree-disease,Dataset/Coconut Tree Disease Dataset/Gray Leaf Spot/GrayLeafSpot1875.jpg
lf2_foliar,GrayLeafSpot1876,2_foliar_disease,1,,,coconut-tree-disease,Dataset/Coconut Tree Disease Dataset/Gray Leaf Spot/GrayLeafSpot1876.jpg
lf2_foliar,GrayLeafSpot1877,2_foliar_disease,1,,,coconut-tree-disease,Dataset/Coconut Tree Disease Dataset/Gray Leaf Spot/GrayLeafSpot1877.jpg
lf2_foliar,GrayLeafSpot1878,2_foliar_disease,1,,,coconut-tree-disease,Dataset/Coconut Tree Disease Dataset/Gray Leaf Spot/GrayLeafSpot1878.jpg
lf2_foliar,GrayLeafSpot1879,2_foliar_disease,1,,,coconut-tree-disease,Dataset/Coconut Tree Disease Dataset/Gray Leaf Spot/GrayLeafSpot1879.jpg
lf2_foliar,GrayLeafSpot188,2_foliar_disease,1,,,coconut-tree-disease,Dataset/Coconut Tree Disease Dataset/Gray Leaf Spot/GrayLeafSpot188.jpg
lf2_foliar,GrayLeafSpot1880,2_foliar_disease,1,,,coconut-tree-disease,Dataset/Coconut Tree Disease Dataset/Gray Leaf Spot/GrayLeafSpot1880.jpg
lf2_foliar,GrayLeafSpot1881,2_foliar_disease,1,,,coconut-tree-disease,Dataset/Coconut Tree Disease Dataset/Gray Leaf Spot/GrayLeafSpot1881.jpg
lf2_foliar,GrayLeafSpot1882,2_foliar_disease,1,,,coconut-tree-disease,Dataset/Coconut Tree Disease Dataset/Gray Leaf Spot/GrayLeafSpot1882.jpg
lf2_foliar,GrayLeafSpot1883,2_foliar_disease,1,,,coconut-tree-disease,Dataset/Coconut Tree Disease Dataset/Gray Leaf Spot/GrayLeafSpot1883.jpg
lf2_foliar,GrayLeafSpot1884,2_foliar_disease,1,,,coconut-tree-disease,Dataset/Coconut Tree Disease Dataset/Gray Leaf Spot/GrayLeafSpot1884.jpg
lf2_foliar,GrayLeafSpot1885,2_foliar_disease,1,,,coconut-tree-disease,Dataset/Coconut Tree Disease Dataset/Gray Leaf Spot/GrayLeafSpot1885.jpg
lf2_foliar,GrayLeafSpot1886,2_foliar_disease,1,,,coconut-tree-disease,Dataset/Coconut Tree Disease Dataset/Gray Leaf Spot/GrayLeafSpot1886.jpg
lf2_foliar,GrayLeafSpot1887,2_foliar_disease,1,,,coconut-tree-disease,Dataset/Coconut Tree Disease Dataset/Gray Leaf Spot/GrayLeafSpot1887.jpg
lf2_foliar,GrayLeafSpot1888,2_foliar_disease,1,,,coconut-tree-disease,Dataset/Coconut Tree Disease Dataset/Gray Leaf Spot/GrayLeafSpot1888.jpg
lf2_foliar,GrayLeafSpot1889,2_foliar_disease,1,,,coconut-tree-disease,Dataset/Coconut Tree Disease Dataset/Gray Leaf Spot/GrayLeafSpot1889.jpg
lf2_foliar,GrayLeafSpot189,2_foliar_disease,1,,,coconut-tree-disease,Dataset/Coconut Tree Disease Dataset/Gray Leaf Spot/GrayLeafSpot189.jpg
lf2_foliar,GrayLeafSpot1890,2_foliar_disease,1,,,coconut-tree-disease,Dataset/Coconut Tree Disease Dataset/Gray Leaf Spot/GrayLeafSpot1890.jpg
lf2_foliar,GrayLeafSpot1891,2_foliar_disease,1,,,coconut-tree-disease,Dataset/Coconut Tree Disease Dataset/Gray Leaf Spot/GrayLeafSpot1891.jpg
lf2_foliar,GrayLeafSpot1892,2_foliar_disease,1,,,coconut-tree-disease,Dataset/Coconut Tree Disease Dataset/Gray Leaf Spot/GrayLeafSpot1892.jpg
lf2_foliar,GrayLeafSpot1893,2_foliar_disease,1,,,coconut-tree-disease,Dataset/Coconut Tree Disease Dataset/Gray Leaf Spot/GrayLeafSpot1893.jpg
lf2_foliar,GrayLeafSpot1894,2_foliar_disease,1,,,coconut-tree-disease,Dataset/Coconut Tree Disease Dataset/Gray Leaf Spot/GrayLeafSpot1894.jpg
lf2_foliar,GrayLeafSpot1895,2_foliar_disease,1,,,coconut-tree-disease,Dataset/Coconut Tree Disease Dataset/Gray Leaf Spot/GrayLeafSpot1895.jpg
lf2_foliar,GrayLeafSpot1896,2_foliar_disease,1,,,coconut-tree-disease,Dataset/Coconut Tree Disease Dataset/Gray Leaf Spot/GrayLeafSpot1896.jpg
lf2_foliar,GrayLeafSpot1897,2_foliar_disease,1,,,coconut-tree-disease,Dataset/Coconut Tree Disease Dataset/Gray Leaf Spot/GrayLeafSpot1897.jpg
lf2_foliar,GrayLeafSpot1898,2_foliar_disease,1,,,coconut-tree-disease,Dataset/Coconut Tree Disease Dataset/Gray Leaf Spot/GrayLeafSpot1898.jpg
lf2_foliar,GrayLeafSpot1899,2_foliar_disease,1,,,coconut-tree-disease,Dataset/Coconut Tree Disease Dataset/Gray Leaf Spot/GrayLeafSpot1899.jpg
lf2_foliar,GrayLeafSpot190,2_foliar_disease,1,,,coconut-tree-disease,Dataset/Coconut Tree Disease Dataset/Gray Leaf Spot/GrayLeafSpot190.jpg
lf2_foliar,GrayLeafSpot1900,2_foliar_disease,1,,,coconut-tree-disease,Dataset/Coconut Tree Disease Dataset/Gray Leaf Spot/GrayLeafSpot1900.jpg
lf2_foliar,GrayLeafSpot1901,2_foliar_disease,1,,,coconut-tree-disease,Dataset/Coconut Tree Disease Dataset/Gray Leaf Spot/GrayLeafSpot1901.jpg
lf2_foliar,GrayLeafSpot1902,2_foliar_disease,1,,,coconut-tree-disease,Dataset/Coconut Tree Disease Dataset/Gray Leaf Spot/GrayLeafSpot1902.jpg
lf2_foliar,GrayLeafSpot1903,2_foliar_disease,1,,,coconut-tree-disease,Dataset/Coconut Tree Disease Dataset/Gray Leaf Spot/GrayLeafSpot1903.jpg
lf2_foliar,GrayLeafSpot1904,2_foliar_disease,1,,,coconut-tree-disease,Dataset/Coconut Tree Disease Dataset/Gray Leaf Spot/GrayLeafSpot1904.jpg
lf2_foliar,GrayLeafSpot1905,2_foliar_disease,1,,,coconut-tree-disease,Dataset/Coconut Tree Disease Dataset/Gray Leaf Spot/GrayLeafSpot1905.jpg
lf2_foliar,GrayLeafSpot1906,2_foliar_disease,1,,,coconut-tree-disease,Dataset/Coconut Tree Disease Dataset/Gray Leaf Spot/GrayLeafSpot1906.jpg
lf2_foliar,GrayLeafSpot1907,2_foliar_disease,1,,,coconut-tree-disease,Dataset/Coconut Tree Disease Dataset/Gray Leaf Spot/GrayLeafSpot1907.jpg
lf2_foliar,GrayLeafSpot1908,2_foliar_disease,1,,,coconut-tree-disease,Dataset/Coconut Tree Disease Dataset/Gray Leaf Spot/GrayLeafSpot1908.jpg
lf2_foliar,GrayLeafSpot1909,2_foliar_disease,1,,,coconut-tree-disease,Dataset/Coconut Tree Disease Dataset/Gray Leaf Spot/GrayLeafSpot1909.jpg
lf2_foliar,GrayLeafSpot191,2_foliar_disease,1,,,coconut-tree-disease,Dataset/Coconut Tree Disease Dataset/Gray Leaf Spot/GrayLeafSpot191.jpg
lf2_foliar,GrayLeafSpot1910,2_foliar_disease,1,,,coconut-tree-disease,Dataset/Coconut Tree Disease Dataset/Gray Leaf Spot/GrayLeafSpot1910.jpg
lf2_foliar,GrayLeafSpot1911,2_foliar_disease,1,,,coconut-tree-disease,Dataset/Coconut Tree Disease Dataset/Gray Leaf Spot/GrayLeafSpot1911.jpg
lf2_foliar,GrayLeafSpot1912,2_foliar_disease,1,,,coconut-tree-disease,Dataset/Coconut Tree Disease Dataset/Gray Leaf Spot/GrayLeafSpot1912.jpg
lf2_foliar,GrayLeafSpot1913,2_foliar_disease,1,,,coconut-tree-disease,Dataset/Coconut Tree Disease Dataset/Gray Leaf Spot/GrayLeafSpot1913.jpg
lf2_foliar,GrayLeafSpot1914,2_foliar_disease,1,,,coconut-tree-disease,Dataset/Coconut Tree Disease Dataset/Gray Leaf Spot/GrayLeafSpot1914.jpg
lf2_foliar,GrayLeafSpot1915,2_foliar_disease,1,,,coconut-tree-disease,Dataset/Coconut Tree Disease Dataset/Gray Leaf Spot/GrayLeafSpot1915.jpg
lf2_foliar,GrayLeafSpot1916,2_foliar_disease,1,,,coconut-tree-disease,Dataset/Coconut Tree Disease Dataset/Gray Leaf Spot/GrayLeafSpot1916.jpg
lf2_foliar,GrayLeafSpot1917,2_foliar_disease,1,,,coconut-tree-disease,Dataset/Coconut Tree Disease Dataset/Gray Leaf Spot/GrayLeafSpot1917.jpg
lf2_foliar,GrayLeafSpot1918,2_foliar_disease,1,,,coconut-tree-disease,Dataset/Coconut Tree Disease Dataset/Gray Leaf Spot/GrayLeafSpot1918.jpg
lf2_foliar,GrayLeafSpot1919,2_foliar_disease,1,,,coconut-tree-disease,Dataset/Coconut Tree Disease Dataset/Gray Leaf Spot/GrayLeafSpot1919.jpg
lf2_foliar,GrayLeafSpot192,2_foliar_disease,1,,,coconut-tree-disease,Dataset/Coconut Tree Disease Dataset/Gray Leaf Spot/GrayLeafSpot192.jpg
lf2_foliar,GrayLeafSpot1920,2_foliar_disease,1,,,coconut-tree-disease,Dataset/Coconut Tree Disease Dataset/Gray Leaf Spot/GrayLeafSpot1920.jpg
lf2_foliar,GrayLeafSpot1921,2_foliar_disease,1,,,coconut-tree-disease,Dataset/Coconut Tree Disease Dataset/Gray Leaf Spot/GrayLeafSpot1921.jpg
lf2_foliar,GrayLeafSpot1922,2_foliar_disease,1,,,coconut-tree-disease,Dataset/Coconut Tree Disease Dataset/Gray Leaf Spot/GrayLeafSpot1922.jpg
lf2_foliar,GrayLeafSpot1923,2_foliar_disease,1,,,coconut-tree-disease,Dataset/Coconut Tree Disease Dataset/Gray Leaf Spot/GrayLeafSpot1923.jpg
lf2_foliar,GrayLeafSpot1924,2_foliar_disease,1,,,coconut-tree-disease,Dataset/Coconut Tree Disease Dataset/Gray Leaf Spot/GrayLeafSpot1924.jpg
lf2_foliar,GrayLeafSpot1925,2_foliar_disease,1,,,coconut-tree-disease,Dataset/Coconut Tree Disease Dataset/Gray Leaf Spot/GrayLeafSpot1925.jpg
lf2_foliar,GrayLeafSpot1926,2_foliar_disease,1,,,coconut-tree-disease,Dataset/Coconut Tree Disease Dataset/Gray Leaf Spot/GrayLeafSpot1926.jpg
lf2_foliar,GrayLeafSpot1927,2_foliar_disease,1,,,coconut-tree-disease,Dataset/Coconut Tree Disease Dataset/Gray Leaf Spot/GrayLeafSpot1927.jpg
lf2_foliar,GrayLeafSpot1928,2_foliar_disease,1,,,coconut-tree-disease,Dataset/Coconut Tree Disease Dataset/Gray Leaf Spot/GrayLeafSpot1928.jpg
lf2_foliar,GrayLeafSpot1929,2_foliar_disease,1,,,coconut-tree-disease,Dataset/Coconut Tree Disease Dataset/Gray Leaf Spot/GrayLeafSpot1929.jpg
lf2_foliar,GrayLeafSpot193,2_foliar_disease,1,,,coconut-tree-disease,Dataset/Coconut Tree Disease Dataset/Gray Leaf Spot/GrayLeafSpot193.jpg
lf2_foliar,GrayLeafSpot1930,2_foliar_disease,1,,,coconut-tree-disease,Dataset/Coconut Tree Disease Dataset/Gray Leaf Spot/GrayLeafSpot1930.jpg
lf2_foliar,GrayLeafSpot1931,2_foliar_disease,1,,,coconut-tree-disease,Dataset/Coconut Tree Disease Dataset/Gray Leaf Spot/GrayLeafSpot1931.jpg
lf2_foliar,GrayLeafSpot1932,2_foliar_disease,1,,,coconut-tree-disease,Dataset/Coconut Tree Disease Dataset/Gray Leaf Spot/GrayLeafSpot1932.jpg
lf2_foliar,GrayLeafSpot1933,2_foliar_disease,1,,,coconut-tree-disease,Dataset/Coconut Tree Disease Dataset/Gray Leaf Spot/GrayLeafSpot1933.jpg
lf2_foliar,GrayLeafSpot1934,2_foliar_disease,1,,,coconut-tree-disease,Dataset/Coconut Tree Disease Dataset/Gray Leaf Spot/GrayLeafSpot1934.jpg
lf2_foliar,GrayLeafSpot1935,2_foliar_disease,1,,,coconut-tree-disease,Dataset/Coconut Tree Disease Dataset/Gray Leaf Spot/GrayLeafSpot1935.jpg
lf2_foliar,GrayLeafSpot1936,2_foliar_disease,1,,,coconut-tree-disease,Dataset/Coconut Tree Disease Dataset/Gray Leaf Spot/GrayLeafSpot1936.jpg
lf2_foliar,GrayLeafSpot1937,2_foliar_disease,1,,,coconut-tree-disease,Dataset/Coconut Tree Disease Dataset/Gray Leaf Spot/GrayLeafSpot1937.jpg
lf2_foliar,GrayLeafSpot1938,2_foliar_disease,1,,,coconut-tree-disease,Dataset/Coconut Tree Disease Dataset/Gray Leaf Spot/GrayLeafSpot1938.jpg
lf2_foliar,GrayLeafSpot1939,2_foliar_disease,1,,,coconut-tree-disease,Dataset/Coconut Tree Disease Dataset/Gray Leaf Spot/GrayLeafSpot1939.jpg
lf2_foliar,GrayLeafSpot194,2_foliar_disease,1,,,coconut-tree-disease,Dataset/Coconut Tree Disease Dataset/Gray Leaf Spot/GrayLeafSpot194.jpg
lf2_foliar,GrayLeafSpot1940,2_foliar_disease,1,,,coconut-tree-disease,Dataset/Coconut Tree Disease Dataset/Gray Leaf Spot/GrayLeafSpot1940.jpg
lf2_foliar,GrayLeafSpot1941,2_foliar_disease,1,,,coconut-tree-disease,Dataset/Coconut Tree Disease Dataset/Gray Leaf Spot/GrayLeafSpot1941.jpg
lf2_foliar,GrayLeafSpot1942,2_foliar_disease,1,,,coconut-tree-disease,Dataset/Coconut Tree Disease Dataset/Gray Leaf Spot/GrayLeafSpot1942.jpg
lf2_foliar,GrayLeafSpot1943,2_foliar_disease,1,,,coconut-tree-disease,Dataset/Coconut Tree Disease Dataset/Gray Leaf Spot/GrayLeafSpot1943.jpg
lf2_foliar,GrayLeafSpot1944,2_foliar_disease,1,,,coconut-tree-disease,Dataset/Coconut Tree Disease Dataset/Gray Leaf Spot/GrayLeafSpot1944.jpg
lf2_foliar,GrayLeafSpot1945,2_foliar_disease,1,,,coconut-tree-disease,Dataset/Coconut Tree Disease Dataset/Gray Leaf Spot/GrayLeafSpot1945.jpg
lf2_foliar,GrayLeafSpot1946,2_foliar_disease,1,,,coconut-tree-disease,Dataset/Coconut Tree Disease Dataset/Gray Leaf Spot/GrayLeafSpot1946.jpg
lf2_foliar,GrayLeafSpot1947,2_foliar_disease,1,,,coconut-tree-disease,Dataset/Coconut Tree Disease Dataset/Gray Leaf Spot/GrayLeafSpot1947.jpg
lf2_foliar,GrayLeafSpot1948,2_foliar_disease,1,,,coconut-tree-disease,Dataset/Coconut Tree Disease Dataset/Gray Leaf Spot/GrayLeafSpot1948.jpg
lf2_foliar,GrayLeafSpot1949,2_foliar_disease,1,,,coconut-tree-disease,Dataset/Coconut Tree Disease Dataset/Gray Leaf Spot/GrayLeafSpot1949.jpg
lf2_foliar,GrayLeafSpot195,2_foliar_disease,1,,,coconut-tree-disease,Dataset/Coconut Tree Disease Dataset/Gray Leaf Spot/GrayLeafSpot195.jpg
lf2_foliar,GrayLeafSpot1950,2_foliar_disease,1,,,coconut-tree-disease,Dataset/Coconut Tree Disease Dataset/Gray Leaf Spot/GrayLeafSpot1950.jpg
lf2_foliar,GrayLeafSpot1951,2_foliar_disease,1,,,coconut-tree-disease,Dataset/Coconut Tree Disease Dataset/Gray Leaf Spot/GrayLeafSpot1951.jpg
lf2_foliar,GrayLeafSpot1952,2_foliar_disease,1,,,coconut-tree-disease,Dataset/Coconut Tree Disease Dataset/Gray Leaf Spot/GrayLeafSpot1952.jpg
lf2_foliar,GrayLeafSpot1953,2_foliar_disease,1,,,coconut-tree-disease,Dataset/Coconut Tree Disease Dataset/Gray Leaf Spot/GrayLeafSpot1953.jpg
lf2_foliar,GrayLeafSpot1954,2_foliar_disease,1,,,coconut-tree-disease,Dataset/Coconut Tree Disease Dataset/Gray Leaf Spot/GrayLeafSpot1954.jpg
lf2_foliar,GrayLeafSpot1955,2_foliar_disease,1,,,coconut-tree-disease,Dataset/Coconut Tree Disease Dataset/Gray Leaf Spot/GrayLeafSpot1955.jpg
lf2_foliar,GrayLeafSpot1956,2_foliar_disease,1,,,coconut-tree-disease,Dataset/Coconut Tree Disease Dataset/Gray Leaf Spot/GrayLeafSpot1956.jpg
lf2_foliar,GrayLeafSpot1957,2_foliar_disease,1,,,coconut-tree-disease,Dataset/Coconut Tree Disease Dataset/Gray Leaf Spot/GrayLeafSpot1957.jpg
lf2_foliar,GrayLeafSpot1958,2_foliar_disease,1,,,coconut-tree-disease,Dataset/Coconut Tree Disease Dataset/Gray Leaf Spot/GrayLeafSpot1958.jpg
lf2_foliar,GrayLeafSpot1959,2_foliar_disease,1,,,coconut-tree-disease,Dataset/Coconut Tree Disease Dataset/Gray Leaf Spot/GrayLeafSpot1959.jpg
lf2_foliar,GrayLeafSpot196,2_foliar_disease,1,,,coconut-tree-disease,Dataset/Coconut Tree Disease Dataset/Gray Leaf Spot/GrayLeafSpot196.jpg
lf2_foliar,GrayLeafSpot1960,2_foliar_disease,1,,,coconut-tree-disease,Dataset/Coconut Tree Disease Dataset/Gray Leaf Spot/GrayLeafSpot1960.jpg
lf2_foliar,GrayLeafSpot1961,2_foliar_disease,1,,,coconut-tree-disease,Dataset/Coconut Tree Disease Dataset/Gray Leaf Spot/GrayLeafSpot1961.jpg
lf2_foliar,GrayLeafSpot1962,2_foliar_disease,1,,,coconut-tree-disease,Dataset/Coconut Tree Disease Dataset/Gray Leaf Spot/GrayLeafSpot1962.jpg
lf2_foliar,GrayLeafSpot1963,2_foliar_disease,1,,,coconut-tree-disease,Dataset/Coconut Tree Disease Dataset/Gray Leaf Spot/GrayLeafSpot1963.jpg
lf2_foliar,GrayLeafSpot1964,2_foliar_disease,1,,,coconut-tree-disease,Dataset/Coconut Tree Disease Dataset/Gray Leaf Spot/GrayLeafSpot1964.jpg
lf2_foliar,GrayLeafSpot1965,2_foliar_disease,1,,,coconut-tree-disease,Dataset/Coconut Tree Disease Dataset/Gray Leaf Spot/GrayLeafSpot1965.jpg
lf2_foliar,GrayLeafSpot1966,2_foliar_disease,1,,,coconut-tree-disease,Dataset/Coconut Tree Disease Dataset/Gray Leaf Spot/GrayLeafSpot1966.jpg
lf2_foliar,GrayLeafSpot1967,2_foliar_disease,1,,,coconut-tree-disease,Dataset/Coconut Tree Disease Dataset/Gray Leaf Spot/GrayLeafSpot1967.jpg
lf2_foliar,GrayLeafSpot1968,2_foliar_disease,1,,,coconut-tree-disease,Dataset/Coconut Tree Disease Dataset/Gray Leaf Spot/GrayLeafSpot1968.jpg
lf2_foliar,GrayLeafSpot1969,2_foliar_disease,1,,,coconut-tree-disease,Dataset/Coconut Tree Disease Dataset/Gray Leaf Spot/GrayLeafSpot1969.jpg
lf2_foliar,GrayLeafSpot197,2_foliar_disease,1,,,coconut-tree-disease,Dataset/Coconut Tree Disease Dataset/Gray Leaf Spot/GrayLeafSpot197.jpg
lf2_foliar,GrayLeafSpot1970,2_foliar_disease,1,,,coconut-tree-disease,Dataset/Coconut Tree Disease Dataset/Gray Leaf Spot/GrayLeafSpot1970.jpg
lf2_foliar,GrayLeafSpot1971,2_foliar_disease,1,,,coconut-tree-disease,Dataset/Coconut Tree Disease Dataset/Gray Leaf Spot/GrayLeafSpot1971.jpg
lf2_foliar,GrayLeafSpot1972,2_foliar_disease,1,,,coconut-tree-disease,Dataset/Coconut Tree Disease Dataset/Gray Leaf Spot/GrayLeafSpot1972.jpg
lf2_foliar,GrayLeafSpot1973,2_foliar_disease,1,,,coconut-tree-disease,Dataset/Coconut Tree Disease Dataset/Gray Leaf Spot/GrayLeafSpot1973.jpg
lf2_foliar,GrayLeafSpot1974,2_foliar_disease,1,,,coconut-tree-disease,Dataset/Coconut Tree Disease Dataset/Gray Leaf Spot/GrayLeafSpot1974.jpg
lf2_foliar,GrayLeafSpot1975,2_foliar_disease,1,,,coconut-tree-disease,Dataset/Coconut Tree Disease Dataset/Gray Leaf Spot/GrayLeafSpot1975.jpg
lf2_foliar,GrayLeafSpot1976,2_foliar_disease,1,,,coconut-tree-disease,Dataset/Coconut Tree Disease Dataset/Gray Leaf Spot/GrayLeafSpot1976.jpg
lf2_foliar,GrayLeafSpot1977,2_foliar_disease,1,,,coconut-tree-disease,Dataset/Coconut Tree Disease Dataset/Gray Leaf Spot/GrayLeafSpot1977.jpg
lf2_foliar,GrayLeafSpot1978,2_foliar_disease,1,,,coconut-tree-disease,Dataset/Coconut Tree Disease Dataset/Gray Leaf Spot/GrayLeafSpot1978.jpg
lf2_foliar,GrayLeafSpot1979,2_foliar_disease,1,,,coconut-tree-disease,Dataset/Coconut Tree Disease Dataset/Gray Leaf Spot/GrayLeafSpot1979.jpg
lf2_foliar,GrayLeafSpot198,2_foliar_disease,1,,,coconut-tree-disease,Dataset/Coconut Tree Disease Dataset/Gray Leaf Spot/GrayLeafSpot198.jpg
lf2_foliar,GrayLeafSpot1980,2_foliar_disease,1,,,coconut-tree-disease,Dataset/Coconut Tree Disease Dataset/Gray Leaf Spot/GrayLeafSpot1980.jpg
lf2_foliar,GrayLeafSpot1981,2_foliar_disease,1,,,coconut-tree-disease,Dataset/Coconut Tree Disease Dataset/Gray Leaf Spot/GrayLeafSpot1981.jpg
lf2_foliar,GrayLeafSpot1982,2_foliar_disease,1,,,coconut-tree-disease,Dataset/Coconut Tree Disease Dataset/Gray Leaf Spot/GrayLeafSpot1982.jpg
lf2_foliar,GrayLeafSpot1983,2_foliar_disease,1,,,coconut-tree-disease,Dataset/Coconut Tree Disease Dataset/Gray Leaf Spot/GrayLeafSpot1983.jpg
lf2_foliar,GrayLeafSpot1984,2_foliar_disease,1,,,coconut-tree-disease,Dataset/Coconut Tree Disease Dataset/Gray Leaf Spot/GrayLeafSpot1984.jpg
lf2_foliar,GrayLeafSpot1985,2_foliar_disease,1,,,coconut-tree-disease,Dataset/Coconut Tree Disease Dataset/Gray Leaf Spot/GrayLeafSpot1985.jpg
lf2_foliar,GrayLeafSpot1986,2_foliar_disease,1,,,coconut-tree-disease,Dataset/Coconut Tree Disease Dataset/Gray Leaf Spot/GrayLeafSpot1986.jpg
lf2_foliar,GrayLeafSpot1987,2_foliar_disease,1,,,coconut-tree-disease,Dataset/Coconut Tree Disease Dataset/Gray Leaf Spot/GrayLeafSpot1987.jpg
lf2_foliar,GrayLeafSpot1988,2_foliar_disease,1,,,coconut-tree-disease,Dataset/Coconut Tree Disease Dataset/Gray Leaf Spot/GrayLeafSpot1988.jpg
lf2_foliar,GrayLeafSpot1989,2_foliar_disease,1,,,coconut-tree-disease,Dataset/Coconut Tree Disease Dataset/Gray Leaf Spot/GrayLeafSpot1989.jpg
lf2_foliar,GrayLeafSpot199,2_foliar_disease,1,,,coconut-tree-disease,Dataset/Coconut Tree Disease Dataset/Gray Leaf Spot/GrayLeafSpot199.jpg
lf2_foliar,GrayLeafSpot1990,2_foliar_disease,1,,,coconut-tree-disease,Dataset/Coconut Tree Disease Dataset/Gray Leaf Spot/GrayLeafSpot1990.jpg
lf2_foliar,GrayLeafSpot1991,2_foliar_disease,1,,,coconut-tree-disease,Dataset/Coconut Tree Disease Dataset/Gray Leaf Spot/GrayLeafSpot1991.jpg
lf2_foliar,GrayLeafSpot1992,2_foliar_disease,1,,,coconut-tree-disease,Dataset/Coconut Tree Disease Dataset/Gray Leaf Spot/GrayLeafSpot1992.jpg
lf2_foliar,GrayLeafSpot1993,2_foliar_disease,1,,,coconut-tree-disease,Dataset/Coconut Tree Disease Dataset/Gray Leaf Spot/GrayLeafSpot1993.jpg
lf2_foliar,GrayLeafSpot1994,2_foliar_disease,1,,,coconut-tree-disease,Dataset/Coconut Tree Disease Dataset/Gray Leaf Spot/GrayLeafSpot1994.jpg
lf2_foliar,GrayLeafSpot1995,2_foliar_disease,1,,,coconut-tree-disease,Dataset/Coconut Tree Disease Dataset/Gray Leaf Spot/GrayLeafSpot1995.jpg
lf2_foliar,GrayLeafSpot1996,2_foliar_disease,1,,,coconut-tree-disease,Dataset/Coconut Tree Disease Dataset/Gray Leaf Spot/GrayLeafSpot1996.jpg
lf2_foliar,GrayLeafSpot1997,2_foliar_disease,1,,,coconut-tree-disease,Dataset/Coconut Tree Disease Dataset/Gray Leaf Spot/GrayLeafSpot1997.jpg
lf2_foliar,GrayLeafSpot1998,2_foliar_disease,1,,,coconut-tree-disease,Dataset/Coconut Tree Disease Dataset/Gray Leaf Spot/GrayLeafSpot1998.jpg
lf2_foliar,GrayLeafSpot1999,2_foliar_disease,1,,,coconut-tree-disease,Dataset/Coconut Tree Disease Dataset/Gray Leaf Spot/GrayLeafSpot1999.jpg
lf2_foliar,GrayLeafSpot200,2_foliar_disease,1,,,coconut-tree-disease,Dataset/Coconut Tree Disease Dataset/Gray Leaf Spot/GrayLeafSpot200.jpg
lf2_foliar,GrayLeafSpot2000,2_foliar_disease,1,,,coconut-tree-disease,Dataset/Coconut Tree Disease Dataset/Gray Leaf Spot/GrayLeafSpot2000.jpg
lf2_foliar,GrayLeafSpot2001,2_foliar_disease,1,,,coconut-tree-disease,Dataset/Coconut Tree Disease Dataset/Gray Leaf Spot/GrayLeafSpot2001.jpg
lf2_foliar,GrayLeafSpot2002,2_foliar_disease,1,,,coconut-tree-disease,Dataset/Coconut Tree Disease Dataset/Gray Leaf Spot/GrayLeafSpot2002.jpg
lf2_foliar,GrayLeafSpot2003,2_foliar_disease,1,,,coconut-tree-disease,Dataset/Coconut Tree Disease Dataset/Gray Leaf Spot/GrayLeafSpot2003.jpg
lf2_foliar,GrayLeafSpot2004,2_foliar_disease,1,,,coconut-tree-disease,Dataset/Coconut Tree Disease Dataset/Gray Leaf Spot/GrayLeafSpot2004.jpg
lf2_foliar,GrayLeafSpot2005,2_foliar_disease,1,,,coconut-tree-disease,Dataset/Coconut Tree Disease Dataset/Gray Leaf Spot/GrayLeafSpot2005.jpg
lf2_foliar,GrayLeafSpot2006,2_foliar_disease,1,,,coconut-tree-disease,Dataset/Coconut Tree Disease Dataset/Gray Leaf Spot/GrayLeafSpot2006.jpg
lf2_foliar,GrayLeafSpot2007,2_foliar_disease,1,,,coconut-tree-disease,Dataset/Coconut Tree Disease Dataset/Gray Leaf Spot/GrayLeafSpot2007.jpg
lf2_foliar,GrayLeafSpot2008,2_foliar_disease,1,,,coconut-tree-disease,Dataset/Coconut Tree Disease Dataset/Gray Leaf Spot/GrayLeafSpot2008.jpg
lf2_foliar,GrayLeafSpot2009,2_foliar_disease,1,,,coconut-tree-disease,Dataset/Coconut Tree Disease Dataset/Gray Leaf Spot/GrayLeafSpot2009.jpg
lf2_foliar,GrayLeafSpot201,2_foliar_disease,1,,,coconut-tree-disease,Dataset/Coconut Tree Disease Dataset/Gray Leaf Spot/GrayLeafSpot201.jpg
lf2_foliar,GrayLeafSpot2010,2_foliar_disease,1,,,coconut-tree-disease,Dataset/Coconut Tree Disease Dataset/Gray Leaf Spot/GrayLeafSpot2010.jpg
lf2_foliar,GrayLeafSpot2011,2_foliar_disease,1,,,coconut-tree-disease,Dataset/Coconut Tree Disease Dataset/Gray Leaf Spot/GrayLeafSpot2011.jpg
lf2_foliar,GrayLeafSpot2012,2_foliar_disease,1,,,coconut-tree-disease,Dataset/Coconut Tree Disease Dataset/Gray Leaf Spot/GrayLeafSpot2012.jpg
lf2_foliar,GrayLeafSpot2013,2_foliar_disease,1,,,coconut-tree-disease,Dataset/Coconut Tree Disease Dataset/Gray Leaf Spot/GrayLeafSpot2013.jpg
lf2_foliar,GrayLeafSpot2014,2_foliar_disease,1,,,coconut-tree-disease,Dataset/Coconut Tree Disease Dataset/Gray Leaf Spot/GrayLeafSpot2014.jpg
lf2_foliar,GrayLeafSpot2015,2_foliar_disease,1,,,coconut-tree-disease,Dataset/Coconut Tree Disease Dataset/Gray Leaf Spot/GrayLeafSpot2015.jpg
lf2_foliar,GrayLeafSpot2016,2_foliar_disease,1,,,coconut-tree-disease,Dataset/Coconut Tree Disease Dataset/Gray Leaf Spot/GrayLeafSpot2016.jpg
lf2_foliar,GrayLeafSpot2017,2_foliar_disease,1,,,coconut-tree-disease,Dataset/Coconut Tree Disease Dataset/Gray Leaf Spot/GrayLeafSpot2017.jpg
lf2_foliar,GrayLeafSpot2018,2_foliar_disease,1,,,coconut-tree-disease,Dataset/Coconut Tree Disease Dataset/Gray Leaf Spot/GrayLeafSpot2018.jpg
lf2_foliar,GrayLeafSpot2019,2_foliar_disease,1,,,coconut-tree-disease,Dataset/Coconut Tree Disease Dataset/Gray Leaf Spot/GrayLeafSpot2019.jpg
lf2_foliar,GrayLeafSpot202,2_foliar_disease,1,,,coconut-tree-disease,Dataset/Coconut Tree Disease Dataset/Gray Leaf Spot/GrayLeafSpot202.jpg
lf2_foliar,GrayLeafSpot2020,2_foliar_disease,1,,,coconut-tree-disease,Dataset/Coconut Tree Disease Dataset/Gray Leaf Spot/GrayLeafSpot2020.jpg
lf2_foliar,GrayLeafSpot2021,2_foliar_disease,1,,,coconut-tree-disease,Dataset/Coconut Tree Disease Dataset/Gray Leaf Spot/GrayLeafSpot2021.jpg
lf2_foliar,GrayLeafSpot2022,2_foliar_disease,1,,,coconut-tree-disease,Dataset/Coconut Tree Disease Dataset/Gray Leaf Spot/GrayLeafSpot2022.jpg
lf2_foliar,GrayLeafSpot2023,2_foliar_disease,1,,,coconut-tree-disease,Dataset/Coconut Tree Disease Dataset/Gray Leaf Spot/GrayLeafSpot2023.jpg
lf2_foliar,GrayLeafSpot2024,2_foliar_disease,1,,,coconut-tree-disease,Dataset/Coconut Tree Disease Dataset/Gray Leaf Spot/GrayLeafSpot2024.jpg
lf2_foliar,GrayLeafSpot2025,2_foliar_disease,1,,,coconut-tree-disease,Dataset/Coconut Tree Disease Dataset/Gray Leaf Spot/GrayLeafSpot2025.jpg
lf2_foliar,GrayLeafSpot2026,2_foliar_disease,1,,,coconut-tree-disease,Dataset/Coconut Tree Disease Dataset/Gray Leaf Spot/GrayLeafSpot2026.jpg
lf2_foliar,GrayLeafSpot2027,2_foliar_disease,1,,,coconut-tree-disease,Dataset/Coconut Tree Disease Dataset/Gray Leaf Spot/GrayLeafSpot2027.jpg
lf2_foliar,GrayLeafSpot2028,2_foliar_disease,1,,,coconut-tree-disease,Dataset/Coconut Tree Disease Dataset/Gray Leaf Spot/GrayLeafSpot2028.jpg
lf2_foliar,GrayLeafSpot2029,2_foliar_disease,1,,,coconut-tree-disease,Dataset/Coconut Tree Disease Dataset/Gray Leaf Spot/GrayLeafSpot2029.jpg
lf2_foliar,GrayLeafSpot203,2_foliar_disease,1,,,coconut-tree-disease,Dataset/Coconut Tree Disease Dataset/Gray Leaf Spot/GrayLeafSpot203.jpg
lf2_foliar,GrayLeafSpot2030,2_foliar_disease,1,,,coconut-tree-disease,Dataset/Coconut Tree Disease Dataset/Gray Leaf Spot/GrayLeafSpot2030.jpg
lf2_foliar,GrayLeafSpot2031,2_foliar_disease,1,,,coconut-tree-disease,Dataset/Coconut Tree Disease Dataset/Gray Leaf Spot/GrayLeafSpot2031.jpg
lf2_foliar,GrayLeafSpot2032,2_foliar_disease,1,,,coconut-tree-disease,Dataset/Coconut Tree Disease Dataset/Gray Leaf Spot/GrayLeafSpot2032.jpg
lf2_foliar,GrayLeafSpot2033,2_foliar_disease,1,,,coconut-tree-disease,Dataset/Coconut Tree Disease Dataset/Gray Leaf Spot/GrayLeafSpot2033.jpg
lf2_foliar,GrayLeafSpot2034,2_foliar_disease,1,,,coconut-tree-disease,Dataset/Coconut Tree Disease Dataset/Gray Leaf Spot/GrayLeafSpot2034.jpg
lf2_foliar,GrayLeafSpot2035,2_foliar_disease,1,,,coconut-tree-disease,Dataset/Coconut Tree Disease Dataset/Gray Leaf Spot/GrayLeafSpot2035.jpg
lf2_foliar,GrayLeafSpot2036,2_foliar_disease,1,,,coconut-tree-disease,Dataset/Coconut Tree Disease Dataset/Gray Leaf Spot/GrayLeafSpot2036.jpg
lf2_foliar,GrayLeafSpot2037,2_foliar_disease,1,,,coconut-tree-disease,Dataset/Coconut Tree Disease Dataset/Gray Leaf Spot/GrayLeafSpot2037.jpg
lf2_foliar,GrayLeafSpot2038,2_foliar_disease,1,,,coconut-tree-disease,Dataset/Coconut Tree Disease Dataset/Gray Leaf Spot/GrayLeafSpot2038.jpg
lf2_foliar,GrayLeafSpot2039,2_foliar_disease,1,,,coconut-tree-disease,Dataset/Coconut Tree Disease Dataset/Gray Leaf Spot/GrayLeafSpot2039.jpg
lf2_foliar,GrayLeafSpot204,2_foliar_disease,1,,,coconut-tree-disease,Dataset/Coconut Tree Disease Dataset/Gray Leaf Spot/GrayLeafSpot204.jpg
lf2_foliar,GrayLeafSpot2040,2_foliar_disease,1,,,coconut-tree-disease,Dataset/Coconut Tree Disease Dataset/Gray Leaf Spot/GrayLeafSpot2040.jpg
lf2_foliar,GrayLeafSpot2041,2_foliar_disease,1,,,coconut-tree-disease,Dataset/Coconut Tree Disease Dataset/Gray Leaf Spot/GrayLeafSpot2041.jpg
lf2_foliar,GrayLeafSpot2042,2_foliar_disease,1,,,coconut-tree-disease,Dataset/Coconut Tree Disease Dataset/Gray Leaf Spot/GrayLeafSpot2042.jpg
lf2_foliar,GrayLeafSpot2043,2_foliar_disease,1,,,coconut-tree-disease,Dataset/Coconut Tree Disease Dataset/Gray Leaf Spot/GrayLeafSpot2043.jpg
lf2_foliar,GrayLeafSpot2044,2_foliar_disease,1,,,coconut-tree-disease,Dataset/Coconut Tree Disease Dataset/Gray Leaf Spot/GrayLeafSpot2044.jpg
lf2_foliar,GrayLeafSpot2045,2_foliar_disease,1,,,coconut-tree-disease,Dataset/Coconut Tree Disease Dataset/Gray Leaf Spot/GrayLeafSpot2045.jpg
lf2_foliar,GrayLeafSpot2046,2_foliar_disease,1,,,coconut-tree-disease,Dataset/Coconut Tree Disease Dataset/Gray Leaf Spot/GrayLeafSpot2046.jpg
lf2_foliar,GrayLeafSpot2047,2_foliar_disease,1,,,coconut-tree-disease,Dataset/Coconut Tree Disease Dataset/Gray Leaf Spot/GrayLeafSpot2047.jpg
lf2_foliar,GrayLeafSpot2048,2_foliar_disease,1,,,coconut-tree-disease,Dataset/Coconut Tree Disease Dataset/Gray Leaf Spot/GrayLeafSpot2048.jpg
lf2_foliar,GrayLeafSpot2049,2_foliar_disease,1,,,coconut-tree-disease,Dataset/Coconut Tree Disease Dataset/Gray Leaf Spot/GrayLeafSpot2049.jpg
lf2_foliar,GrayLeafSpot205,2_foliar_disease,1,,,coconut-tree-disease,Dataset/Coconut Tree Disease Dataset/Gray Leaf Spot/GrayLeafSpot205.jpg
lf2_foliar,GrayLeafSpot2050,2_foliar_disease,1,,,coconut-tree-disease,Dataset/Coconut Tree Disease Dataset/Gray Leaf Spot/GrayLeafSpot2050.jpg
lf2_foliar,GrayLeafSpot2051,2_foliar_disease,1,,,coconut-tree-disease,Dataset/Coconut Tree Disease Dataset/Gray Leaf Spot/GrayLeafSpot2051.jpg
lf2_foliar,GrayLeafSpot2052,2_foliar_disease,1,,,coconut-tree-disease,Dataset/Coconut Tree Disease Dataset/Gray Leaf Spot/GrayLeafSpot2052.jpg
lf2_foliar,GrayLeafSpot2053,2_foliar_disease,1,,,coconut-tree-disease,Dataset/Coconut Tree Disease Dataset/Gray Leaf Spot/GrayLeafSpot2053.jpg
lf2_foliar,GrayLeafSpot2054,2_foliar_disease,1,,,coconut-tree-disease,Dataset/Coconut Tree Disease Dataset/Gray Leaf Spot/GrayLeafSpot2054.jpg
lf2_foliar,GrayLeafSpot2055,2_foliar_disease,1,,,coconut-tree-disease,Dataset/Coconut Tree Disease Dataset/Gray Leaf Spot/GrayLeafSpot2055.jpg
lf2_foliar,GrayLeafSpot2056,2_foliar_disease,1,,,coconut-tree-disease,Dataset/Coconut Tree Disease Dataset/Gray Leaf Spot/GrayLeafSpot2056.jpg
lf2_foliar,GrayLeafSpot2057,2_foliar_disease,1,,,coconut-tree-disease,Dataset/Coconut Tree Disease Dataset/Gray Leaf Spot/GrayLeafSpot2057.jpg
lf2_foliar,GrayLeafSpot2058,2_foliar_disease,1,,,coconut-tree-disease,Dataset/Coconut Tree Disease Dataset/Gray Leaf Spot/GrayLeafSpot2058.jpg
lf2_foliar,GrayLeafSpot2059,2_foliar_disease,1,,,coconut-tree-disease,Dataset/Coconut Tree Disease Dataset/Gray Leaf Spot/GrayLeafSpot2059.jpg
lf2_foliar,GrayLeafSpot206,2_foliar_disease,1,,,coconut-tree-disease,Dataset/Coconut Tree Disease Dataset/Gray Leaf Spot/GrayLeafSpot206.jpg
lf2_foliar,GrayLeafSpot2060,2_foliar_disease,1,,,coconut-tree-disease,Dataset/Coconut Tree Disease Dataset/Gray Leaf Spot/GrayLeafSpot2060.jpg
lf2_foliar,GrayLeafSpot2061,2_foliar_disease,1,,,coconut-tree-disease,Dataset/Coconut Tree Disease Dataset/Gray Leaf Spot/GrayLeafSpot2061.jpg
lf2_foliar,GrayLeafSpot2062,2_foliar_disease,1,,,coconut-tree-disease,Dataset/Coconut Tree Disease Dataset/Gray Leaf Spot/GrayLeafSpot2062.jpg
lf2_foliar,GrayLeafSpot2063,2_foliar_disease,1,,,coconut-tree-disease,Dataset/Coconut Tree Disease Dataset/Gray Leaf Spot/GrayLeafSpot2063.jpg
lf2_foliar,GrayLeafSpot2064,2_foliar_disease,1,,,coconut-tree-disease,Dataset/Coconut Tree Disease Dataset/Gray Leaf Spot/GrayLeafSpot2064.jpg
lf2_foliar,GrayLeafSpot2065,2_foliar_disease,1,,,coconut-tree-disease,Dataset/Coconut Tree Disease Dataset/Gray Leaf Spot/GrayLeafSpot2065.jpg
lf2_foliar,GrayLeafSpot2066,2_foliar_disease,1,,,coconut-tree-disease,Dataset/Coconut Tree Disease Dataset/Gray Leaf Spot/GrayLeafSpot2066.jpg
lf2_foliar,GrayLeafSpot2067,2_foliar_disease,1,,,coconut-tree-disease,Dataset/Coconut Tree Disease Dataset/Gray Leaf Spot/GrayLeafSpot2067.jpg
lf2_foliar,GrayLeafSpot2068,2_foliar_disease,1,,,coconut-tree-disease,Dataset/Coconut Tree Disease Dataset/Gray Leaf Spot/GrayLeafSpot2068.jpg
lf2_foliar,GrayLeafSpot2069,2_foliar_disease,1,,,coconut-tree-disease,Dataset/Coconut Tree Disease Dataset/Gray Leaf Spot/GrayLeafSpot2069.jpg
lf2_foliar,GrayLeafSpot207,2_foliar_disease,1,,,coconut-tree-disease,Dataset/Coconut Tree Disease Dataset/Gray Leaf Spot/GrayLeafSpot207.jpg
lf2_foliar,GrayLeafSpot2070,2_foliar_disease,1,,,coconut-tree-disease,Dataset/Coconut Tree Disease Dataset/Gray Leaf Spot/GrayLeafSpot2070.jpg
lf2_foliar,GrayLeafSpot2071,2_foliar_disease,1,,,coconut-tree-disease,Dataset/Coconut Tree Disease Dataset/Gray Leaf Spot/GrayLeafSpot2071.jpg
lf2_foliar,GrayLeafSpot2072,2_foliar_disease,1,,,coconut-tree-disease,Dataset/Coconut Tree Disease Dataset/Gray Leaf Spot/GrayLeafSpot2072.jpg
lf2_foliar,GrayLeafSpot2073,2_foliar_disease,1,,,coconut-tree-disease,Dataset/Coconut Tree Disease Dataset/Gray Leaf Spot/GrayLeafSpot2073.jpg
lf2_foliar,GrayLeafSpot2074,2_foliar_disease,1,,,coconut-tree-disease,Dataset/Coconut Tree Disease Dataset/Gray Leaf Spot/GrayLeafSpot2074.jpg
lf2_foliar,GrayLeafSpot2075,2_foliar_disease,1,,,coconut-tree-disease,Dataset/Coconut Tree Disease Dataset/Gray Leaf Spot/GrayLeafSpot2075.jpg
lf2_foliar,GrayLeafSpot2076,2_foliar_disease,1,,,coconut-tree-disease,Dataset/Coconut Tree Disease Dataset/Gray Leaf Spot/GrayLeafSpot2076.jpg
lf2_foliar,GrayLeafSpot2077,2_foliar_disease,1,,,coconut-tree-disease,Dataset/Coconut Tree Disease Dataset/Gray Leaf Spot/GrayLeafSpot2077.jpg
lf2_foliar,GrayLeafSpot2078,2_foliar_disease,1,,,coconut-tree-disease,Dataset/Coconut Tree Disease Dataset/Gray Leaf Spot/GrayLeafSpot2078.jpg
lf2_foliar,GrayLeafSpot2079,2_foliar_disease,1,,,coconut-tree-disease,Dataset/Coconut Tree Disease Dataset/Gray Leaf Spot/GrayLeafSpot2079.jpg
lf2_foliar,GrayLeafSpot208,2_foliar_disease,1,,,coconut-tree-disease,Dataset/Coconut Tree Disease Dataset/Gray Leaf Spot/GrayLeafSpot208.jpg
lf2_foliar,GrayLeafSpot2080,2_foliar_disease,1,,,coconut-tree-disease,Dataset/Coconut Tree Disease Dataset/Gray Leaf Spot/GrayLeafSpot2080.jpg
lf2_foliar,GrayLeafSpot2081,2_foliar_disease,1,,,coconut-tree-disease,Dataset/Coconut Tree Disease Dataset/Gray Leaf Spot/GrayLeafSpot2081.jpg
lf2_foliar,GrayLeafSpot2082,2_foliar_disease,1,,,coconut-tree-disease,Dataset/Coconut Tree Disease Dataset/Gray Leaf Spot/GrayLeafSpot2082.jpg
lf2_foliar,GrayLeafSpot2083,2_foliar_disease,1,,,coconut-tree-disease,Dataset/Coconut Tree Disease Dataset/Gray Leaf Spot/GrayLeafSpot2083.jpg
lf2_foliar,GrayLeafSpot2084,2_foliar_disease,1,,,coconut-tree-disease,Dataset/Coconut Tree Disease Dataset/Gray Leaf Spot/GrayLeafSpot2084.jpg
lf2_foliar,GrayLeafSpot2085,2_foliar_disease,1,,,coconut-tree-disease,Dataset/Coconut Tree Disease Dataset/Gray Leaf Spot/GrayLeafSpot2085.jpg
lf2_foliar,GrayLeafSpot2086,2_foliar_disease,1,,,coconut-tree-disease,Dataset/Coconut Tree Disease Dataset/Gray Leaf Spot/GrayLeafSpot2086.jpg
lf2_foliar,GrayLeafSpot2087,2_foliar_disease,1,,,coconut-tree-disease,Dataset/Coconut Tree Disease Dataset/Gray Leaf Spot/GrayLeafSpot2087.jpg
lf2_foliar,GrayLeafSpot2088,2_foliar_disease,1,,,coconut-tree-disease,Dataset/Coconut Tree Disease Dataset/Gray Leaf Spot/GrayLeafSpot2088.jpg
lf2_foliar,GrayLeafSpot2089,2_foliar_disease,1,,,coconut-tree-disease,Dataset/Coconut Tree Disease Dataset/Gray Leaf Spot/GrayLeafSpot2089.jpg
lf2_foliar,GrayLeafSpot209,2_foliar_disease,1,,,coconut-tree-disease,Dataset/Coconut Tree Disease Dataset/Gray Leaf Spot/GrayLeafSpot209.jpg
lf2_foliar,GrayLeafSpot2090,2_foliar_disease,1,,,coconut-tree-disease,Dataset/Coconut Tree Disease Dataset/Gray Leaf Spot/GrayLeafSpot2090.jpg
lf2_foliar,GrayLeafSpot2091,2_foliar_disease,1,,,coconut-tree-disease,Dataset/Coconut Tree Disease Dataset/Gray Leaf Spot/GrayLeafSpot2091.jpg
lf2_foliar,GrayLeafSpot2092,2_foliar_disease,1,,,coconut-tree-disease,Dataset/Coconut Tree Disease Dataset/Gray Leaf Spot/GrayLeafSpot2092.jpg
lf2_foliar,GrayLeafSpot2093,2_foliar_disease,1,,,coconut-tree-disease,Dataset/Coconut Tree Disease Dataset/Gray Leaf Spot/GrayLeafSpot2093.jpg
lf2_foliar,GrayLeafSpot2094,2_foliar_disease,1,,,coconut-tree-disease,Dataset/Coconut Tree Disease Dataset/Gray Leaf Spot/GrayLeafSpot2094.jpg
lf2_foliar,GrayLeafSpot2095,2_foliar_disease,1,,,coconut-tree-disease,Dataset/Coconut Tree Disease Dataset/Gray Leaf Spot/GrayLeafSpot2095.jpg
lf2_foliar,GrayLeafSpot2096,2_foliar_disease,1,,,coconut-tree-disease,Dataset/Coconut Tree Disease Dataset/Gray Leaf Spot/GrayLeafSpot2096.jpg
lf2_foliar,GrayLeafSpot2097,2_foliar_disease,1,,,coconut-tree-disease,Dataset/Coconut Tree Disease Dataset/Gray Leaf Spot/GrayLeafSpot2097.jpg
lf2_foliar,GrayLeafSpot2098,2_foliar_disease,1,,,coconut-tree-disease,Dataset/Coconut Tree Disease Dataset/Gray Leaf Spot/GrayLeafSpot2098.jpg
lf2_foliar,GrayLeafSpot2099,2_foliar_disease,1,,,coconut-tree-disease,Dataset/Coconut Tree Disease Dataset/Gray Leaf Spot/GrayLeafSpot2099.jpg
lf2_foliar,GrayLeafSpot210,2_foliar_disease,1,,,coconut-tree-disease,Dataset/Coconut Tree Disease Dataset/Gray Leaf Spot/GrayLeafSpot210.jpg
lf2_foliar,GrayLeafSpot2100,2_foliar_disease,1,,,coconut-tree-disease,Dataset/Coconut Tree Disease Dataset/Gray Leaf Spot/GrayLeafSpot2100.jpg
lf2_foliar,GrayLeafSpot2101,2_foliar_disease,1,,,coconut-tree-disease,Dataset/Coconut Tree Disease Dataset/Gray Leaf Spot/GrayLeafSpot2101.jpg
lf2_foliar,GrayLeafSpot2102,2_foliar_disease,1,,,coconut-tree-disease,Dataset/Coconut Tree Disease Dataset/Gray Leaf Spot/GrayLeafSpot2102.jpg
lf2_foliar,GrayLeafSpot2103,2_foliar_disease,1,,,coconut-tree-disease,Dataset/Coconut Tree Disease Dataset/Gray Leaf Spot/GrayLeafSpot2103.jpg
lf2_foliar,GrayLeafSpot2104,2_foliar_disease,1,,,coconut-tree-disease,Dataset/Coconut Tree Disease Dataset/Gray Leaf Spot/GrayLeafSpot2104.jpg
lf2_foliar,GrayLeafSpot2105,2_foliar_disease,1,,,coconut-tree-disease,Dataset/Coconut Tree Disease Dataset/Gray Leaf Spot/GrayLeafSpot2105.jpg
lf2_foliar,GrayLeafSpot2106,2_foliar_disease,1,,,coconut-tree-disease,Dataset/Coconut Tree Disease Dataset/Gray Leaf Spot/GrayLeafSpot2106.jpg
lf2_foliar,GrayLeafSpot2107,2_foliar_disease,1,,,coconut-tree-disease,Dataset/Coconut Tree Disease Dataset/Gray Leaf Spot/GrayLeafSpot2107.jpg
lf2_foliar,GrayLeafSpot2108,2_foliar_disease,1,,,coconut-tree-disease,Dataset/Coconut Tree Disease Dataset/Gray Leaf Spot/GrayLeafSpot2108.jpg
lf2_foliar,GrayLeafSpot2109,2_foliar_disease,1,,,coconut-tree-disease,Dataset/Coconut Tree Disease Dataset/Gray Leaf Spot/GrayLeafSpot2109.jpg
lf2_foliar,GrayLeafSpot211,2_foliar_disease,1,,,coconut-tree-disease,Dataset/Coconut Tree Disease Dataset/Gray Leaf Spot/GrayLeafSpot211.jpg
lf2_foliar,GrayLeafSpot2110,2_foliar_disease,1,,,coconut-tree-disease,Dataset/Coconut Tree Disease Dataset/Gray Leaf Spot/GrayLeafSpot2110.jpg
lf2_foliar,GrayLeafSpot2111,2_foliar_disease,1,,,coconut-tree-disease,Dataset/Coconut Tree Disease Dataset/Gray Leaf Spot/GrayLeafSpot2111.jpg
lf2_foliar,GrayLeafSpot2112,2_foliar_disease,1,,,coconut-tree-disease,Dataset/Coconut Tree Disease Dataset/Gray Leaf Spot/GrayLeafSpot2112.jpg
lf2_foliar,GrayLeafSpot2113,2_foliar_disease,1,,,coconut-tree-disease,Dataset/Coconut Tree Disease Dataset/Gray Leaf Spot/GrayLeafSpot2113.jpg
lf2_foliar,GrayLeafSpot2114,2_foliar_disease,1,,,coconut-tree-disease,Dataset/Coconut Tree Disease Dataset/Gray Leaf Spot/GrayLeafSpot2114.jpg
lf2_foliar,GrayLeafSpot2115,2_foliar_disease,1,,,coconut-tree-disease,Dataset/Coconut Tree Disease Dataset/Gray Leaf Spot/GrayLeafSpot2115.jpg
lf2_foliar,GrayLeafSpot2116,2_foliar_disease,1,,,coconut-tree-disease,Dataset/Coconut Tree Disease Dataset/Gray Leaf Spot/GrayLeafSpot2116.jpg
lf2_foliar,GrayLeafSpot2117,2_foliar_disease,1,,,coconut-tree-disease,Dataset/Coconut Tree Disease Dataset/Gray Leaf Spot/GrayLeafSpot2117.jpg
lf2_foliar,GrayLeafSpot2118,2_foliar_disease,1,,,coconut-tree-disease,Dataset/Coconut Tree Disease Dataset/Gray Leaf Spot/GrayLeafSpot2118.jpg
lf2_foliar,GrayLeafSpot2119,2_foliar_disease,1,,,coconut-tree-disease,Dataset/Coconut Tree Disease Dataset/Gray Leaf Spot/GrayLeafSpot2119.jpg
lf2_foliar,GrayLeafSpot212,2_foliar_disease,1,,,coconut-tree-disease,Dataset/Coconut Tree Disease Dataset/Gray Leaf Spot/GrayLeafSpot212.jpg
lf2_foliar,GrayLeafSpot2120,2_foliar_disease,1,,,coconut-tree-disease,Dataset/Coconut Tree Disease Dataset/Gray Leaf Spot/GrayLeafSpot2120.jpg
lf2_foliar,GrayLeafSpot2121,2_foliar_disease,1,,,coconut-tree-disease,Dataset/Coconut Tree Disease Dataset/Gray Leaf Spot/GrayLeafSpot2121.jpg
lf2_foliar,GrayLeafSpot2122,2_foliar_disease,1,,,coconut-tree-disease,Dataset/Coconut Tree Disease Dataset/Gray Leaf Spot/GrayLeafSpot2122.jpg
lf2_foliar,GrayLeafSpot2123,2_foliar_disease,1,,,coconut-tree-disease,Dataset/Coconut Tree Disease Dataset/Gray Leaf Spot/GrayLeafSpot2123.jpg
lf2_foliar,GrayLeafSpot2124,2_foliar_disease,1,,,coconut-tree-disease,Dataset/Coconut Tree Disease Dataset/Gray Leaf Spot/GrayLeafSpot2124.jpg
lf2_foliar,GrayLeafSpot2125,2_foliar_disease,1,,,coconut-tree-disease,Dataset/Coconut Tree Disease Dataset/Gray Leaf Spot/GrayLeafSpot2125.jpg
lf2_foliar,GrayLeafSpot2126,2_foliar_disease,1,,,coconut-tree-disease,Dataset/Coconut Tree Disease Dataset/Gray Leaf Spot/GrayLeafSpot2126.jpg
lf2_foliar,GrayLeafSpot2127,2_foliar_disease,1,,,coconut-tree-disease,Dataset/Coconut Tree Disease Dataset/Gray Leaf Spot/GrayLeafSpot2127.jpg
lf2_foliar,GrayLeafSpot2128,2_foliar_disease,1,,,coconut-tree-disease,Dataset/Coconut Tree Disease Dataset/Gray Leaf Spot/GrayLeafSpot2128.jpg
lf2_foliar,GrayLeafSpot2129,2_foliar_disease,1,,,coconut-tree-disease,Dataset/Coconut Tree Disease Dataset/Gray Leaf Spot/GrayLeafSpot2129.jpg
lf2_foliar,GrayLeafSpot213,2_foliar_disease,1,,,coconut-tree-disease,Dataset/Coconut Tree Disease Dataset/Gray Leaf Spot/GrayLeafSpot213.jpg
lf2_foliar,GrayLeafSpot2130,2_foliar_disease,1,,,coconut-tree-disease,Dataset/Coconut Tree Disease Dataset/Gray Leaf Spot/GrayLeafSpot2130.jpg
lf2_foliar,GrayLeafSpot2131,2_foliar_disease,1,,,coconut-tree-disease,Dataset/Coconut Tree Disease Dataset/Gray Leaf Spot/GrayLeafSpot2131.jpg
lf2_foliar,GrayLeafSpot2132,2_foliar_disease,1,,,coconut-tree-disease,Dataset/Coconut Tree Disease Dataset/Gray Leaf Spot/GrayLeafSpot2132.jpg
lf2_foliar,GrayLeafSpot2133,2_foliar_disease,1,,,coconut-tree-disease,Dataset/Coconut Tree Disease Dataset/Gray Leaf Spot/GrayLeafSpot2133.jpg
lf2_foliar,GrayLeafSpot2134,2_foliar_disease,1,,,coconut-tree-disease,Dataset/Coconut Tree Disease Dataset/Gray Leaf Spot/GrayLeafSpot2134.jpg
lf2_foliar,GrayLeafSpot2135,2_foliar_disease,1,,,coconut-tree-disease,Dataset/Coconut Tree Disease Dataset/Gray Leaf Spot/GrayLeafSpot2135.jpg
lf2_foliar,GrayLeafSpot214,2_foliar_disease,1,,,coconut-tree-disease,Dataset/Coconut Tree Disease Dataset/Gray Leaf Spot/GrayLeafSpot214.jpg
lf2_foliar,GrayLeafSpot215,2_foliar_disease,1,,,coconut-tree-disease,Dataset/Coconut Tree Disease Dataset/Gray Leaf Spot/GrayLeafSpot215.jpg
lf2_foliar,GrayLeafSpot216,2_foliar_disease,1,,,coconut-tree-disease,Dataset/Coconut Tree Disease Dataset/Gray Leaf Spot/GrayLeafSpot216.jpg
lf2_foliar,GrayLeafSpot217,2_foliar_disease,1,,,coconut-tree-disease,Dataset/Coconut Tree Disease Dataset/Gray Leaf Spot/GrayLeafSpot217.jpg
lf2_foliar,GrayLeafSpot218,2_foliar_disease,1,,,coconut-tree-disease,Dataset/Coconut Tree Disease Dataset/Gray Leaf Spot/GrayLeafSpot218.jpg
lf2_foliar,GrayLeafSpot219,2_foliar_disease,1,,,coconut-tree-disease,Dataset/Coconut Tree Disease Dataset/Gray Leaf Spot/GrayLeafSpot219.jpg
lf2_foliar,GrayLeafSpot220,2_foliar_disease,1,,,coconut-tree-disease,Dataset/Coconut Tree Disease Dataset/Gray Leaf Spot/GrayLeafSpot220.jpg
lf2_foliar,GrayLeafSpot221,2_foliar_disease,1,,,coconut-tree-disease,Dataset/Coconut Tree Disease Dataset/Gray Leaf Spot/GrayLeafSpot221.jpg
lf2_foliar,GrayLeafSpot222,2_foliar_disease,1,,,coconut-tree-disease,Dataset/Coconut Tree Disease Dataset/Gray Leaf Spot/GrayLeafSpot222.jpg
lf2_foliar,GrayLeafSpot223,2_foliar_disease,1,,,coconut-tree-disease,Dataset/Coconut Tree Disease Dataset/Gray Leaf Spot/GrayLeafSpot223.jpg
lf2_foliar,GrayLeafSpot224,2_foliar_disease,1,,,coconut-tree-disease,Dataset/Coconut Tree Disease Dataset/Gray Leaf Spot/GrayLeafSpot224.jpg
lf2_foliar,GrayLeafSpot225,2_foliar_disease,1,,,coconut-tree-disease,Dataset/Coconut Tree Disease Dataset/Gray Leaf Spot/GrayLeafSpot225.jpg
lf2_foliar,GrayLeafSpot226,2_foliar_disease,1,,,coconut-tree-disease,Dataset/Coconut Tree Disease Dataset/Gray Leaf Spot/GrayLeafSpot226.jpg
lf2_foliar,GrayLeafSpot227,2_foliar_disease,1,,,coconut-tree-disease,Dataset/Coconut Tree Disease Dataset/Gray Leaf Spot/GrayLeafSpot227.jpg
lf2_foliar,GrayLeafSpot228,2_foliar_disease,1,,,coconut-tree-disease,Dataset/Coconut Tree Disease Dataset/Gray Leaf Spot/GrayLeafSpot228.jpg
lf2_foliar,GrayLeafSpot229,2_foliar_disease,1,,,coconut-tree-disease,Dataset/Coconut Tree Disease Dataset/Gray Leaf Spot/GrayLeafSpot229.jpg
lf2_foliar,GrayLeafSpot230,2_foliar_disease,1,,,coconut-tree-disease,Dataset/Coconut Tree Disease Dataset/Gray Leaf Spot/GrayLeafSpot230.jpg
lf2_foliar,GrayLeafSpot231,2_foliar_disease,1,,,coconut-tree-disease,Dataset/Coconut Tree Disease Dataset/Gray Leaf Spot/GrayLeafSpot231.jpg
lf2_foliar,GrayLeafSpot232,2_foliar_disease,1,,,coconut-tree-disease,Dataset/Coconut Tree Disease Dataset/Gray Leaf Spot/GrayLeafSpot232.jpg
lf2_foliar,GrayLeafSpot233,2_foliar_disease,1,,,coconut-tree-disease,Dataset/Coconut Tree Disease Dataset/Gray Leaf Spot/GrayLeafSpot233.jpg
lf2_foliar,GrayLeafSpot234,2_foliar_disease,1,,,coconut-tree-disease,Dataset/Coconut Tree Disease Dataset/Gray Leaf Spot/GrayLeafSpot234.jpg
lf2_foliar,GrayLeafSpot235,2_foliar_disease,1,,,coconut-tree-disease,Dataset/Coconut Tree Disease Dataset/Gray Leaf Spot/GrayLeafSpot235.jpg
lf2_foliar,GrayLeafSpot236,2_foliar_disease,1,,,coconut-tree-disease,Dataset/Coconut Tree Disease Dataset/Gray Leaf Spot/GrayLeafSpot236.jpg
lf2_foliar,GrayLeafSpot237,2_foliar_disease,1,,,coconut-tree-disease,Dataset/Coconut Tree Disease Dataset/Gray Leaf Spot/GrayLeafSpot237.jpg
lf2_foliar,GrayLeafSpot238,2_foliar_disease,1,,,coconut-tree-disease,Dataset/Coconut Tree Disease Dataset/Gray Leaf Spot/GrayLeafSpot238.jpg
lf2_foliar,GrayLeafSpot239,2_foliar_disease,1,,,coconut-tree-disease,Dataset/Coconut Tree Disease Dataset/Gray Leaf Spot/GrayLeafSpot239.jpg
lf2_foliar,GrayLeafSpot240,2_foliar_disease,1,,,coconut-tree-disease,Dataset/Coconut Tree Disease Dataset/Gray Leaf Spot/GrayLeafSpot240.jpg
lf2_foliar,GrayLeafSpot241,2_foliar_disease,1,,,coconut-tree-disease,Dataset/Coconut Tree Disease Dataset/Gray Leaf Spot/GrayLeafSpot241.jpg
lf2_foliar,GrayLeafSpot242,2_foliar_disease,1,,,coconut-tree-disease,Dataset/Coconut Tree Disease Dataset/Gray Leaf Spot/GrayLeafSpot242.jpg
lf2_foliar,GrayLeafSpot243,2_foliar_disease,1,,,coconut-tree-disease,Dataset/Coconut Tree Disease Dataset/Gray Leaf Spot/GrayLeafSpot243.jpg
lf2_foliar,GrayLeafSpot244,2_foliar_disease,1,,,coconut-tree-disease,Dataset/Coconut Tree Disease Dataset/Gray Leaf Spot/GrayLeafSpot244.jpg
lf2_foliar,GrayLeafSpot245,2_foliar_disease,1,,,coconut-tree-disease,Dataset/Coconut Tree Disease Dataset/Gray Leaf Spot/GrayLeafSpot245.jpg
lf2_foliar,GrayLeafSpot246,2_foliar_disease,1,,,coconut-tree-disease,Dataset/Coconut Tree Disease Dataset/Gray Leaf Spot/GrayLeafSpot246.jpg
lf2_foliar,GrayLeafSpot247,2_foliar_disease,1,,,coconut-tree-disease,Dataset/Coconut Tree Disease Dataset/Gray Leaf Spot/GrayLeafSpot247.jpg
lf2_foliar,GrayLeafSpot248,2_foliar_disease,1,,,coconut-tree-disease,Dataset/Coconut Tree Disease Dataset/Gray Leaf Spot/GrayLeafSpot248.jpg
lf2_foliar,GrayLeafSpot249,2_foliar_disease,1,,,coconut-tree-disease,Dataset/Coconut Tree Disease Dataset/Gray Leaf Spot/GrayLeafSpot249.jpg
lf2_foliar,GrayLeafSpot250,2_foliar_disease,1,,,coconut-tree-disease,Dataset/Coconut Tree Disease Dataset/Gray Leaf Spot/GrayLeafSpot250.jpg
lf2_foliar,GrayLeafSpot251,2_foliar_disease,1,,,coconut-tree-disease,Dataset/Coconut Tree Disease Dataset/Gray Leaf Spot/GrayLeafSpot251.jpg
lf2_foliar,GrayLeafSpot252,2_foliar_disease,1,,,coconut-tree-disease,Dataset/Coconut Tree Disease Dataset/Gray Leaf Spot/GrayLeafSpot252.jpg
lf2_foliar,GrayLeafSpot253,2_foliar_disease,1,,,coconut-tree-disease,Dataset/Coconut Tree Disease Dataset/Gray Leaf Spot/GrayLeafSpot253.jpg
lf2_foliar,GrayLeafSpot254,2_foliar_disease,1,,,coconut-tree-disease,Dataset/Coconut Tree Disease Dataset/Gray Leaf Spot/GrayLeafSpot254.jpg
lf2_foliar,GrayLeafSpot255,2_foliar_disease,1,,,coconut-tree-disease,Dataset/Coconut Tree Disease Dataset/Gray Leaf Spot/GrayLeafSpot255.jpg
lf2_foliar,GrayLeafSpot256,2_foliar_disease,1,,,coconut-tree-disease,Dataset/Coconut Tree Disease Dataset/Gray Leaf Spot/GrayLeafSpot256.jpg
lf2_foliar,GrayLeafSpot257,2_foliar_disease,1,,,coconut-tree-disease,Dataset/Coconut Tree Disease Dataset/Gray Leaf Spot/GrayLeafSpot257.jpg
lf2_foliar,GrayLeafSpot258,2_foliar_disease,1,,,coconut-tree-disease,Dataset/Coconut Tree Disease Dataset/Gray Leaf Spot/GrayLeafSpot258.jpg
lf2_foliar,GrayLeafSpot259,2_foliar_disease,1,,,coconut-tree-disease,Dataset/Coconut Tree Disease Dataset/Gray Leaf Spot/GrayLeafSpot259.jpg
lf2_foliar,GrayLeafSpot260,2_foliar_disease,1,,,coconut-tree-disease,Dataset/Coconut Tree Disease Dataset/Gray Leaf Spot/GrayLeafSpot260.jpg
lf2_foliar,GrayLeafSpot261,2_foliar_disease,1,,,coconut-tree-disease,Dataset/Coconut Tree Disease Dataset/Gray Leaf Spot/GrayLeafSpot261.jpg
lf2_foliar,GrayLeafSpot262,2_foliar_disease,1,,,coconut-tree-disease,Dataset/Coconut Tree Disease Dataset/Gray Leaf Spot/GrayLeafSpot262.jpg
lf2_foliar,GrayLeafSpot263,2_foliar_disease,1,,,coconut-tree-disease,Dataset/Coconut Tree Disease Dataset/Gray Leaf Spot/GrayLeafSpot263.jpg
lf2_foliar,GrayLeafSpot264,2_foliar_disease,1,,,coconut-tree-disease,Dataset/Coconut Tree Disease Dataset/Gray Leaf Spot/GrayLeafSpot264.jpg
lf2_foliar,GrayLeafSpot265,2_foliar_disease,1,,,coconut-tree-disease,Dataset/Coconut Tree Disease Dataset/Gray Leaf Spot/GrayLeafSpot265.jpg
lf2_foliar,GrayLeafSpot266,2_foliar_disease,1,,,coconut-tree-disease,Dataset/Coconut Tree Disease Dataset/Gray Leaf Spot/GrayLeafSpot266.jpg
lf2_foliar,GrayLeafSpot267,2_foliar_disease,1,,,coconut-tree-disease,Dataset/Coconut Tree Disease Dataset/Gray Leaf Spot/GrayLeafSpot267.jpg
lf2_foliar,GrayLeafSpot268,2_foliar_disease,1,,,coconut-tree-disease,Dataset/Coconut Tree Disease Dataset/Gray Leaf Spot/GrayLeafSpot268.jpg
lf2_foliar,GrayLeafSpot269,2_foliar_disease,1,,,coconut-tree-disease,Dataset/Coconut Tree Disease Dataset/Gray Leaf Spot/GrayLeafSpot269.jpg
lf2_foliar,GrayLeafSpot270,2_foliar_disease,1,,,coconut-tree-disease,Dataset/Coconut Tree Disease Dataset/Gray Leaf Spot/GrayLeafSpot270.jpg
lf2_foliar,GrayLeafSpot271,2_foliar_disease,1,,,coconut-tree-disease,Dataset/Coconut Tree Disease Dataset/Gray Leaf Spot/GrayLeafSpot271.jpg
lf2_foliar,GrayLeafSpot272,2_foliar_disease,1,,,coconut-tree-disease,Dataset/Coconut Tree Disease Dataset/Gray Leaf Spot/GrayLeafSpot272.jpg
lf2_foliar,GrayLeafSpot273,2_foliar_disease,1,,,coconut-tree-disease,Dataset/Coconut Tree Disease Dataset/Gray Leaf Spot/GrayLeafSpot273.jpg
lf2_foliar,GrayLeafSpot274,2_foliar_disease,1,,,coconut-tree-disease,Dataset/Coconut Tree Disease Dataset/Gray Leaf Spot/GrayLeafSpot274.jpg
lf2_foliar,GrayLeafSpot275,2_foliar_disease,1,,,coconut-tree-disease,Dataset/Coconut Tree Disease Dataset/Gray Leaf Spot/GrayLeafSpot275.jpg
lf2_foliar,GrayLeafSpot276,2_foliar_disease,1,,,coconut-tree-disease,Dataset/Coconut Tree Disease Dataset/Gray Leaf Spot/GrayLeafSpot276.jpg
lf2_foliar,GrayLeafSpot277,2_foliar_disease,1,,,coconut-tree-disease,Dataset/Coconut Tree Disease Dataset/Gray Leaf Spot/GrayLeafSpot277.jpg
lf2_foliar,GrayLeafSpot278,2_foliar_disease,1,,,coconut-tree-disease,Dataset/Coconut Tree Disease Dataset/Gray Leaf Spot/GrayLeafSpot278.jpg
lf2_foliar,GrayLeafSpot279,2_foliar_disease,1,,,coconut-tree-disease,Dataset/Coconut Tree Disease Dataset/Gray Leaf Spot/GrayLeafSpot279.jpg
lf2_foliar,GrayLeafSpot280,2_foliar_disease,1,,,coconut-tree-disease,Dataset/Coconut Tree Disease Dataset/Gray Leaf Spot/GrayLeafSpot280.jpg
lf2_foliar,GrayLeafSpot281,2_foliar_disease,1,,,coconut-tree-disease,Dataset/Coconut Tree Disease Dataset/Gray Leaf Spot/GrayLeafSpot281.jpg
lf2_foliar,GrayLeafSpot282,2_foliar_disease,1,,,coconut-tree-disease,Dataset/Coconut Tree Disease Dataset/Gray Leaf Spot/GrayLeafSpot282.jpg
lf2_foliar,GrayLeafSpot283,2_foliar_disease,1,,,coconut-tree-disease,Dataset/Coconut Tree Disease Dataset/Gray Leaf Spot/GrayLeafSpot283.jpg
lf2_foliar,GrayLeafSpot284,2_foliar_disease,1,,,coconut-tree-disease,Dataset/Coconut Tree Disease Dataset/Gray Leaf Spot/GrayLeafSpot284.jpg
lf2_foliar,GrayLeafSpot285,2_foliar_disease,1,,,coconut-tree-disease,Dataset/Coconut Tree Disease Dataset/Gray Leaf Spot/GrayLeafSpot285.jpg
lf2_foliar,GrayLeafSpot286,2_foliar_disease,1,,,coconut-tree-disease,Dataset/Coconut Tree Disease Dataset/Gray Leaf Spot/GrayLeafSpot286.jpg
lf2_foliar,GrayLeafSpot287,2_foliar_disease,1,,,coconut-tree-disease,Dataset/Coconut Tree Disease Dataset/Gray Leaf Spot/GrayLeafSpot287.jpg
lf2_foliar,GrayLeafSpot288,2_foliar_disease,1,,,coconut-tree-disease,Dataset/Coconut Tree Disease Dataset/Gray Leaf Spot/GrayLeafSpot288.jpg
lf2_foliar,GrayLeafSpot289,2_foliar_disease,1,,,coconut-tree-disease,Dataset/Coconut Tree Disease Dataset/Gray Leaf Spot/GrayLeafSpot289.jpg
lf2_foliar,GrayLeafSpot290,2_foliar_disease,1,,,coconut-tree-disease,Dataset/Coconut Tree Disease Dataset/Gray Leaf Spot/GrayLeafSpot290.jpg
lf2_foliar,GrayLeafSpot291,2_foliar_disease,1,,,coconut-tree-disease,Dataset/Coconut Tree Disease Dataset/Gray Leaf Spot/GrayLeafSpot291.jpg
lf2_foliar,GrayLeafSpot292,2_foliar_disease,1,,,coconut-tree-disease,Dataset/Coconut Tree Disease Dataset/Gray Leaf Spot/GrayLeafSpot292.jpg
lf2_foliar,GrayLeafSpot293,2_foliar_disease,1,,,coconut-tree-disease,Dataset/Coconut Tree Disease Dataset/Gray Leaf Spot/GrayLeafSpot293.jpg
lf2_foliar,GrayLeafSpot294,2_foliar_disease,1,,,coconut-tree-disease,Dataset/Coconut Tree Disease Dataset/Gray Leaf Spot/GrayLeafSpot294.jpg
lf2_foliar,GrayLeafSpot295,2_foliar_disease,1,,,coconut-tree-disease,Dataset/Coconut Tree Disease Dataset/Gray Leaf Spot/GrayLeafSpot295.jpg
lf2_foliar,GrayLeafSpot296,2_foliar_disease,1,,,coconut-tree-disease,Dataset/Coconut Tree Disease Dataset/Gray Leaf Spot/GrayLeafSpot296.jpg
lf2_foliar,GrayLeafSpot297,2_foliar_disease,1,,,coconut-tree-disease,Dataset/Coconut Tree Disease Dataset/Gray Leaf Spot/GrayLeafSpot297.jpg
lf2_foliar,GrayLeafSpot298,2_foliar_disease,1,,,coconut-tree-disease,Dataset/Coconut Tree Disease Dataset/Gray Leaf Spot/GrayLeafSpot298.jpg
lf2_foliar,GrayLeafSpot299,2_foliar_disease,1,,,coconut-tree-disease,Dataset/Coconut Tree Disease Dataset/Gray Leaf Spot/GrayLeafSpot299.jpg
lf2_foliar,GrayLeafSpot300,2_foliar_disease,1,,,coconut-tree-disease,Dataset/Coconut Tree Disease Dataset/Gray Leaf Spot/GrayLeafSpot300.jpg
lf2_foliar,GrayLeafSpot301,2_foliar_disease,1,,,coconut-tree-disease,Dataset/Coconut Tree Disease Dataset/Gray Leaf Spot/GrayLeafSpot301.jpg
lf2_foliar,GrayLeafSpot302,2_foliar_disease,1,,,coconut-tree-disease,Dataset/Coconut Tree Disease Dataset/Gray Leaf Spot/GrayLeafSpot302.jpg
lf2_foliar,GrayLeafSpot303,2_foliar_disease,1,,,coconut-tree-disease,Dataset/Coconut Tree Disease Dataset/Gray Leaf Spot/GrayLeafSpot303.jpg
lf2_foliar,GrayLeafSpot304,2_foliar_disease,1,,,coconut-tree-disease,Dataset/Coconut Tree Disease Dataset/Gray Leaf Spot/GrayLeafSpot304.jpg
lf2_foliar,GrayLeafSpot305,2_foliar_disease,1,,,coconut-tree-disease,Dataset/Coconut Tree Disease Dataset/Gray Leaf Spot/GrayLeafSpot305.jpg
lf2_foliar,GrayLeafSpot306,2_foliar_disease,1,,,coconut-tree-disease,Dataset/Coconut Tree Disease Dataset/Gray Leaf Spot/GrayLeafSpot306.jpg
lf2_foliar,GrayLeafSpot307,2_foliar_disease,1,,,coconut-tree-disease,Dataset/Coconut Tree Disease Dataset/Gray Leaf Spot/GrayLeafSpot307.jpg
lf2_foliar,GrayLeafSpot308,2_foliar_disease,1,,,coconut-tree-disease,Dataset/Coconut Tree Disease Dataset/Gray Leaf Spot/GrayLeafSpot308.jpg
lf2_foliar,GrayLeafSpot309,2_foliar_disease,1,,,coconut-tree-disease,Dataset/Coconut Tree Disease Dataset/Gray Leaf Spot/GrayLeafSpot309.jpg
lf2_foliar,GrayLeafSpot310,2_foliar_disease,1,,,coconut-tree-disease,Dataset/Coconut Tree Disease Dataset/Gray Leaf Spot/GrayLeafSpot310.jpg
lf2_foliar,GrayLeafSpot311,2_foliar_disease,1,,,coconut-tree-disease,Dataset/Coconut Tree Disease Dataset/Gray Leaf Spot/GrayLeafSpot311.jpg
lf2_foliar,GrayLeafSpot312,2_foliar_disease,1,,,coconut-tree-disease,Dataset/Coconut Tree Disease Dataset/Gray Leaf Spot/GrayLeafSpot312.jpg
lf2_foliar,GrayLeafSpot313,2_foliar_disease,1,,,coconut-tree-disease,Dataset/Coconut Tree Disease Dataset/Gray Leaf Spot/GrayLeafSpot313.jpg
lf2_foliar,GrayLeafSpot314,2_foliar_disease,1,,,coconut-tree-disease,Dataset/Coconut Tree Disease Dataset/Gray Leaf Spot/GrayLeafSpot314.jpg
lf2_foliar,GrayLeafSpot315,2_foliar_disease,1,,,coconut-tree-disease,Dataset/Coconut Tree Disease Dataset/Gray Leaf Spot/GrayLeafSpot315.jpg
lf2_foliar,GrayLeafSpot316,2_foliar_disease,1,,,coconut-tree-disease,Dataset/Coconut Tree Disease Dataset/Gray Leaf Spot/GrayLeafSpot316.jpg
lf2_foliar,GrayLeafSpot317,2_foliar_disease,1,,,coconut-tree-disease,Dataset/Coconut Tree Disease Dataset/Gray Leaf Spot/GrayLeafSpot317.jpg
lf2_foliar,GrayLeafSpot318,2_foliar_disease,0,,,coconut-tree-disease,Dataset/Coconut Tree Disease Dataset/Gray Leaf Spot/GrayLeafSpot318.jpg
lf2_foliar,GrayLeafSpot319,2_foliar_disease,1,,,coconut-tree-disease,Dataset/Coconut Tree Disease Dataset/Gray Leaf Spot/GrayLeafSpot319.jpg
lf2_foliar,GrayLeafSpot320,2_foliar_disease,0,,,coconut-tree-disease,Dataset/Coconut Tree Disease Dataset/Gray Leaf Spot/GrayLeafSpot320.jpg
lf2_foliar,GrayLeafSpot321,2_foliar_disease,1,,,coconut-tree-disease,Dataset/Coconut Tree Disease Dataset/Gray Leaf Spot/GrayLeafSpot321.jpg
lf2_foliar,GrayLeafSpot323,2_foliar_disease,0,,,coconut-tree-disease,Dataset/Coconut Tree Disease Dataset/Gray Leaf Spot/GrayLeafSpot323.jpg
lf2_foliar,GrayLeafSpot325,2_foliar_disease,0,,,coconut-tree-disease,Dataset/Coconut Tree Disease Dataset/Gray Leaf Spot/GrayLeafSpot325.jpg
lf2_foliar,GrayLeafSpot326,2_foliar_disease,0,,,coconut-tree-disease,Dataset/Coconut Tree Disease Dataset/Gray Leaf Spot/GrayLeafSpot326.jpg
lf2_foliar,GrayLeafSpot327,2_foliar_disease,0,,,coconut-tree-disease,Dataset/Coconut Tree Disease Dataset/Gray Leaf Spot/GrayLeafSpot327.jpg
lf2_foliar,GrayLeafSpot328,2_foliar_disease,0,,,coconut-tree-disease,Dataset/Coconut Tree Disease Dataset/Gray Leaf Spot/GrayLeafSpot328.jpg
lf2_foliar,GrayLeafSpot329,2_foliar_disease,0,,,coconut-tree-disease,Dataset/Coconut Tree Disease Dataset/Gray Leaf Spot/GrayLeafSpot329.jpg
lf2_foliar,GrayLeafSpot331,2_foliar_disease,0,,,coconut-tree-disease,Dataset/Coconut Tree Disease Dataset/Gray Leaf Spot/GrayLeafSpot331.jpg
lf2_foliar,GrayLeafSpot332,2_foliar_disease,0,,,coconut-tree-disease,Dataset/Coconut Tree Disease Dataset/Gray Leaf Spot/GrayLeafSpot332.jpg
lf2_foliar,GrayLeafSpot333,2_foliar_disease,0,,,coconut-tree-disease,Dataset/Coconut Tree Disease Dataset/Gray Leaf Spot/GrayLeafSpot333.jpg
lf2_foliar,GrayLeafSpot334,2_foliar_disease,0,,,coconut-tree-disease,Dataset/Coconut Tree Disease Dataset/Gray Leaf Spot/GrayLeafSpot334.jpg
lf2_foliar,GrayLeafSpot335,2_foliar_disease,0,,,coconut-tree-disease,Dataset/Coconut Tree Disease Dataset/Gray Leaf Spot/GrayLeafSpot335.jpg
lf2_foliar,GrayLeafSpot336,2_foliar_disease,0,,,coconut-tree-disease,Dataset/Coconut Tree Disease Dataset/Gray Leaf Spot/GrayLeafSpot336.jpg
lf2_foliar,GrayLeafSpot337,2_foliar_disease,0,,,coconut-tree-disease,Dataset/Coconut Tree Disease Dataset/Gray Leaf Spot/GrayLeafSpot337.jpg
lf2_foliar,GrayLeafSpot338,2_foliar_disease,0,,,coconut-tree-disease,Dataset/Coconut Tree Disease Dataset/Gray Leaf Spot/GrayLeafSpot338.jpg
lf2_foliar,GrayLeafSpot339,2_foliar_disease,0,,,coconut-tree-disease,Dataset/Coconut Tree Disease Dataset/Gray Leaf Spot/GrayLeafSpot339.jpg
lf2_foliar,GrayLeafSpot341,2_foliar_disease,0,,,coconut-tree-disease,Dataset/Coconut Tree Disease Dataset/Gray Leaf Spot/GrayLeafSpot341.jpg
lf2_foliar,GrayLeafSpot342,2_foliar_disease,0,,,coconut-tree-disease,Dataset/Coconut Tree Disease Dataset/Gray Leaf Spot/GrayLeafSpot342.jpg
lf2_foliar,GrayLeafSpot343,2_foliar_disease,0,,,coconut-tree-disease,Dataset/Coconut Tree Disease Dataset/Gray Leaf Spot/GrayLeafSpot343.jpg
lf2_foliar,GrayLeafSpot344,2_foliar_disease,0,,,coconut-tree-disease,Dataset/Coconut Tree Disease Dataset/Gray Leaf Spot/GrayLeafSpot344.jpg
lf2_foliar,GrayLeafSpot345,2_foliar_disease,0,,,coconut-tree-disease,Dataset/Coconut Tree Disease Dataset/Gray Leaf Spot/GrayLeafSpot345.jpg
lf2_foliar,GrayLeafSpot346,2_foliar_disease,1,,,coconut-tree-disease,Dataset/Coconut Tree Disease Dataset/Gray Leaf Spot/GrayLeafSpot346.jpg
lf2_foliar,GrayLeafSpot347,2_foliar_disease,1,,,coconut-tree-disease,Dataset/Coconut Tree Disease Dataset/Gray Leaf Spot/GrayLeafSpot347.jpg
lf2_foliar,GrayLeafSpot348,2_foliar_disease,1,,,coconut-tree-disease,Dataset/Coconut Tree Disease Dataset/Gray Leaf Spot/GrayLeafSpot348.jpg
lf2_foliar,GrayLeafSpot349,2_foliar_disease,1,,,coconut-tree-disease,Dataset/Coconut Tree Disease Dataset/Gray Leaf Spot/GrayLeafSpot349.jpg
lf2_foliar,GrayLeafSpot350,2_foliar_disease,1,,,coconut-tree-disease,Dataset/Coconut Tree Disease Dataset/Gray Leaf Spot/GrayLeafSpot350.jpg
lf2_foliar,GrayLeafSpot351,2_foliar_disease,1,,,coconut-tree-disease,Dataset/Coconut Tree Disease Dataset/Gray Leaf Spot/GrayLeafSpot351.jpg
lf2_foliar,GrayLeafSpot352,2_foliar_disease,1,,,coconut-tree-disease,Dataset/Coconut Tree Disease Dataset/Gray Leaf Spot/GrayLeafSpot352.jpg
lf2_foliar,GrayLeafSpot353,2_foliar_disease,1,,,coconut-tree-disease,Dataset/Coconut Tree Disease Dataset/Gray Leaf Spot/GrayLeafSpot353.jpg
lf2_foliar,GrayLeafSpot354,2_foliar_disease,1,,,coconut-tree-disease,Dataset/Coconut Tree Disease Dataset/Gray Leaf Spot/GrayLeafSpot354.jpg
lf2_foliar,GrayLeafSpot355,2_foliar_disease,1,,,coconut-tree-disease,Dataset/Coconut Tree Disease Dataset/Gray Leaf Spot/GrayLeafSpot355.jpg
lf2_foliar,GrayLeafSpot356,2_foliar_disease,1,,,coconut-tree-disease,Dataset/Coconut Tree Disease Dataset/Gray Leaf Spot/GrayLeafSpot356.jpg
lf2_foliar,GrayLeafSpot357,2_foliar_disease,1,,,coconut-tree-disease,Dataset/Coconut Tree Disease Dataset/Gray Leaf Spot/GrayLeafSpot357.jpg
lf2_foliar,GrayLeafSpot358,2_foliar_disease,1,,,coconut-tree-disease,Dataset/Coconut Tree Disease Dataset/Gray Leaf Spot/GrayLeafSpot358.jpg
lf2_foliar,GrayLeafSpot359,2_foliar_disease,1,,,coconut-tree-disease,Dataset/Coconut Tree Disease Dataset/Gray Leaf Spot/GrayLeafSpot359.jpg
lf2_foliar,GrayLeafSpot360,2_foliar_disease,1,,,coconut-tree-disease,Dataset/Coconut Tree Disease Dataset/Gray Leaf Spot/GrayLeafSpot360.jpg
lf2_foliar,GrayLeafSpot361,2_foliar_disease,1,,,coconut-tree-disease,Dataset/Coconut Tree Disease Dataset/Gray Leaf Spot/GrayLeafSpot361.jpg
lf2_foliar,GrayLeafSpot362,2_foliar_disease,1,,,coconut-tree-disease,Dataset/Coconut Tree Disease Dataset/Gray Leaf Spot/GrayLeafSpot362.jpg
lf2_foliar,GrayLeafSpot363,2_foliar_disease,1,,,coconut-tree-disease,Dataset/Coconut Tree Disease Dataset/Gray Leaf Spot/GrayLeafSpot363.jpg
lf2_foliar,GrayLeafSpot364,2_foliar_disease,1,,,coconut-tree-disease,Dataset/Coconut Tree Disease Dataset/Gray Leaf Spot/GrayLeafSpot364.jpg
lf2_foliar,GrayLeafSpot365,2_foliar_disease,1,,,coconut-tree-disease,Dataset/Coconut Tree Disease Dataset/Gray Leaf Spot/GrayLeafSpot365.jpg
lf2_foliar,GrayLeafSpot366,2_foliar_disease,1,,,coconut-tree-disease,Dataset/Coconut Tree Disease Dataset/Gray Leaf Spot/GrayLeafSpot366.jpg
lf2_foliar,GrayLeafSpot367,2_foliar_disease,1,,,coconut-tree-disease,Dataset/Coconut Tree Disease Dataset/Gray Leaf Spot/GrayLeafSpot367.jpg
lf2_foliar,GrayLeafSpot368,2_foliar_disease,1,,,coconut-tree-disease,Dataset/Coconut Tree Disease Dataset/Gray Leaf Spot/GrayLeafSpot368.jpg
lf2_foliar,GrayLeafSpot369,2_foliar_disease,1,,,coconut-tree-disease,Dataset/Coconut Tree Disease Dataset/Gray Leaf Spot/GrayLeafSpot369.jpg
lf2_foliar,GrayLeafSpot370,2_foliar_disease,1,,,coconut-tree-disease,Dataset/Coconut Tree Disease Dataset/Gray Leaf Spot/GrayLeafSpot370.jpg
lf2_foliar,GrayLeafSpot371,2_foliar_disease,1,,,coconut-tree-disease,Dataset/Coconut Tree Disease Dataset/Gray Leaf Spot/GrayLeafSpot371.jpg
lf2_foliar,GrayLeafSpot372,2_foliar_disease,1,,,coconut-tree-disease,Dataset/Coconut Tree Disease Dataset/Gray Leaf Spot/GrayLeafSpot372.jpg
lf2_foliar,GrayLeafSpot373,2_foliar_disease,1,,,coconut-tree-disease,Dataset/Coconut Tree Disease Dataset/Gray Leaf Spot/GrayLeafSpot373.jpg
lf2_foliar,GrayLeafSpot374,2_foliar_disease,1,,,coconut-tree-disease,Dataset/Coconut Tree Disease Dataset/Gray Leaf Spot/GrayLeafSpot374.jpg
lf2_foliar,GrayLeafSpot375,2_foliar_disease,1,,,coconut-tree-disease,Dataset/Coconut Tree Disease Dataset/Gray Leaf Spot/GrayLeafSpot375.jpg
lf2_foliar,GrayLeafSpot376,2_foliar_disease,1,,,coconut-tree-disease,Dataset/Coconut Tree Disease Dataset/Gray Leaf Spot/GrayLeafSpot376.jpg
lf2_foliar,GrayLeafSpot377,2_foliar_disease,1,,,coconut-tree-disease,Dataset/Coconut Tree Disease Dataset/Gray Leaf Spot/GrayLeafSpot377.jpg
lf2_foliar,GrayLeafSpot378,2_foliar_disease,1,,,coconut-tree-disease,Dataset/Coconut Tree Disease Dataset/Gray Leaf Spot/GrayLeafSpot378.jpg
lf2_foliar,GrayLeafSpot379,2_foliar_disease,1,,,coconut-tree-disease,Dataset/Coconut Tree Disease Dataset/Gray Leaf Spot/GrayLeafSpot379.jpg
lf2_foliar,GrayLeafSpot380,2_foliar_disease,1,,,coconut-tree-disease,Dataset/Coconut Tree Disease Dataset/Gray Leaf Spot/GrayLeafSpot380.jpg
lf2_foliar,GrayLeafSpot381,2_foliar_disease,1,,,coconut-tree-disease,Dataset/Coconut Tree Disease Dataset/Gray Leaf Spot/GrayLeafSpot381.jpg
lf2_foliar,GrayLeafSpot382,2_foliar_disease,1,,,coconut-tree-disease,Dataset/Coconut Tree Disease Dataset/Gray Leaf Spot/GrayLeafSpot382.jpg
lf2_foliar,GrayLeafSpot383,2_foliar_disease,1,,,coconut-tree-disease,Dataset/Coconut Tree Disease Dataset/Gray Leaf Spot/GrayLeafSpot383.jpg
lf2_foliar,GrayLeafSpot384,2_foliar_disease,1,,,coconut-tree-disease,Dataset/Coconut Tree Disease Dataset/Gray Leaf Spot/GrayLeafSpot384.jpg
lf2_foliar,GrayLeafSpot385,2_foliar_disease,1,,,coconut-tree-disease,Dataset/Coconut Tree Disease Dataset/Gray Leaf Spot/GrayLeafSpot385.jpg
lf2_foliar,GrayLeafSpot386,2_foliar_disease,1,,,coconut-tree-disease,Dataset/Coconut Tree Disease Dataset/Gray Leaf Spot/GrayLeafSpot386.jpg
lf2_foliar,GrayLeafSpot387,2_foliar_disease,1,,,coconut-tree-disease,Dataset/Coconut Tree Disease Dataset/Gray Leaf Spot/GrayLeafSpot387.jpg
lf2_foliar,GrayLeafSpot388,2_foliar_disease,1,,,coconut-tree-disease,Dataset/Coconut Tree Disease Dataset/Gray Leaf Spot/GrayLeafSpot388.jpg
lf2_foliar,GrayLeafSpot389,2_foliar_disease,1,,,coconut-tree-disease,Dataset/Coconut Tree Disease Dataset/Gray Leaf Spot/GrayLeafSpot389.jpg
lf2_foliar,GrayLeafSpot390,2_foliar_disease,1,,,coconut-tree-disease,Dataset/Coconut Tree Disease Dataset/Gray Leaf Spot/GrayLeafSpot390.jpg
lf2_foliar,GrayLeafSpot391,2_foliar_disease,1,,,coconut-tree-disease,Dataset/Coconut Tree Disease Dataset/Gray Leaf Spot/GrayLeafSpot391.jpg
lf2_foliar,GrayLeafSpot392,2_foliar_disease,1,,,coconut-tree-disease,Dataset/Coconut Tree Disease Dataset/Gray Leaf Spot/GrayLeafSpot392.jpg
lf2_foliar,GrayLeafSpot393,2_foliar_disease,1,,,coconut-tree-disease,Dataset/Coconut Tree Disease Dataset/Gray Leaf Spot/GrayLeafSpot393.jpg
lf2_foliar,GrayLeafSpot394,2_foliar_disease,1,,,coconut-tree-disease,Dataset/Coconut Tree Disease Dataset/Gray Leaf Spot/GrayLeafSpot394.jpg
lf2_foliar,GrayLeafSpot395,2_foliar_disease,1,,,coconut-tree-disease,Dataset/Coconut Tree Disease Dataset/Gray Leaf Spot/GrayLeafSpot395.jpg
lf2_foliar,GrayLeafSpot396,2_foliar_disease,1,,,coconut-tree-disease,Dataset/Coconut Tree Disease Dataset/Gray Leaf Spot/GrayLeafSpot396.jpg
lf2_foliar,GrayLeafSpot397,2_foliar_disease,1,,,coconut-tree-disease,Dataset/Coconut Tree Disease Dataset/Gray Leaf Spot/GrayLeafSpot397.jpg
lf2_foliar,GrayLeafSpot398,2_foliar_disease,1,,,coconut-tree-disease,Dataset/Coconut Tree Disease Dataset/Gray Leaf Spot/GrayLeafSpot398.jpg
lf2_foliar,GrayLeafSpot399,2_foliar_disease,1,,,coconut-tree-disease,Dataset/Coconut Tree Disease Dataset/Gray Leaf Spot/GrayLeafSpot399.jpg
lf2_foliar,GrayLeafSpot400,2_foliar_disease,1,,,coconut-tree-disease,Dataset/Coconut Tree Disease Dataset/Gray Leaf Spot/GrayLeafSpot400.jpg
lf2_foliar,GrayLeafSpot401,2_foliar_disease,1,,,coconut-tree-disease,Dataset/Coconut Tree Disease Dataset/Gray Leaf Spot/GrayLeafSpot401.jpg
lf2_foliar,GrayLeafSpot402,2_foliar_disease,1,,,coconut-tree-disease,Dataset/Coconut Tree Disease Dataset/Gray Leaf Spot/GrayLeafSpot402.jpg
lf2_foliar,GrayLeafSpot403,2_foliar_disease,1,,,coconut-tree-disease,Dataset/Coconut Tree Disease Dataset/Gray Leaf Spot/GrayLeafSpot403.jpg
lf2_foliar,GrayLeafSpot404,2_foliar_disease,1,,,coconut-tree-disease,Dataset/Coconut Tree Disease Dataset/Gray Leaf Spot/GrayLeafSpot404.jpg
lf2_foliar,GrayLeafSpot405,2_foliar_disease,1,,,coconut-tree-disease,Dataset/Coconut Tree Disease Dataset/Gray Leaf Spot/GrayLeafSpot405.jpg
lf2_foliar,GrayLeafSpot406,2_foliar_disease,1,,,coconut-tree-disease,Dataset/Coconut Tree Disease Dataset/Gray Leaf Spot/GrayLeafSpot406.jpg
lf2_foliar,GrayLeafSpot407,2_foliar_disease,1,,,coconut-tree-disease,Dataset/Coconut Tree Disease Dataset/Gray Leaf Spot/GrayLeafSpot407.jpg
lf2_foliar,GrayLeafSpot408,2_foliar_disease,1,,,coconut-tree-disease,Dataset/Coconut Tree Disease Dataset/Gray Leaf Spot/GrayLeafSpot408.jpg
lf2_foliar,GrayLeafSpot409,2_foliar_disease,1,,,coconut-tree-disease,Dataset/Coconut Tree Disease Dataset/Gray Leaf Spot/GrayLeafSpot409.jpg
lf2_foliar,GrayLeafSpot410,2_foliar_disease,1,,,coconut-tree-disease,Dataset/Coconut Tree Disease Dataset/Gray Leaf Spot/GrayLeafSpot410.jpg
lf2_foliar,GrayLeafSpot411,2_foliar_disease,1,,,coconut-tree-disease,Dataset/Coconut Tree Disease Dataset/Gray Leaf Spot/GrayLeafSpot411.jpg
lf2_foliar,GrayLeafSpot412,2_foliar_disease,1,,,coconut-tree-disease,Dataset/Coconut Tree Disease Dataset/Gray Leaf Spot/GrayLeafSpot412.jpg
lf2_foliar,GrayLeafSpot413,2_foliar_disease,1,,,coconut-tree-disease,Dataset/Coconut Tree Disease Dataset/Gray Leaf Spot/GrayLeafSpot413.jpg
lf2_foliar,GrayLeafSpot414,2_foliar_disease,1,,,coconut-tree-disease,Dataset/Coconut Tree Disease Dataset/Gray Leaf Spot/GrayLeafSpot414.jpg
lf2_foliar,GrayLeafSpot415,2_foliar_disease,1,,,coconut-tree-disease,Dataset/Coconut Tree Disease Dataset/Gray Leaf Spot/GrayLeafSpot415.jpg
lf2_foliar,GrayLeafSpot416,2_foliar_disease,1,,,coconut-tree-disease,Dataset/Coconut Tree Disease Dataset/Gray Leaf Spot/GrayLeafSpot416.jpg
lf2_foliar,GrayLeafSpot417,2_foliar_disease,1,,,coconut-tree-disease,Dataset/Coconut Tree Disease Dataset/Gray Leaf Spot/GrayLeafSpot417.jpg
lf2_foliar,GrayLeafSpot418,2_foliar_disease,1,,,coconut-tree-disease,Dataset/Coconut Tree Disease Dataset/Gray Leaf Spot/GrayLeafSpot418.jpg
lf2_foliar,GrayLeafSpot419,2_foliar_disease,1,,,coconut-tree-disease,Dataset/Coconut Tree Disease Dataset/Gray Leaf Spot/GrayLeafSpot419.jpg
lf2_foliar,GrayLeafSpot420,2_foliar_disease,1,,,coconut-tree-disease,Dataset/Coconut Tree Disease Dataset/Gray Leaf Spot/GrayLeafSpot420.jpg
lf2_foliar,GrayLeafSpot421,2_foliar_disease,1,,,coconut-tree-disease,Dataset/Coconut Tree Disease Dataset/Gray Leaf Spot/GrayLeafSpot421.jpg
lf2_foliar,GrayLeafSpot422,2_foliar_disease,1,,,coconut-tree-disease,Dataset/Coconut Tree Disease Dataset/Gray Leaf Spot/GrayLeafSpot422.jpg
lf2_foliar,GrayLeafSpot423,2_foliar_disease,1,,,coconut-tree-disease,Dataset/Coconut Tree Disease Dataset/Gray Leaf Spot/GrayLeafSpot423.jpg
lf2_foliar,GrayLeafSpot424,2_foliar_disease,1,,,coconut-tree-disease,Dataset/Coconut Tree Disease Dataset/Gray Leaf Spot/GrayLeafSpot424.jpg
lf2_foliar,GrayLeafSpot425,2_foliar_disease,1,,,coconut-tree-disease,Dataset/Coconut Tree Disease Dataset/Gray Leaf Spot/GrayLeafSpot425.jpg
lf2_foliar,GrayLeafSpot426,2_foliar_disease,1,,,coconut-tree-disease,Dataset/Coconut Tree Disease Dataset/Gray Leaf Spot/GrayLeafSpot426.jpg
lf2_foliar,GrayLeafSpot427,2_foliar_disease,1,,,coconut-tree-disease,Dataset/Coconut Tree Disease Dataset/Gray Leaf Spot/GrayLeafSpot427.jpg
lf2_foliar,GrayLeafSpot428,2_foliar_disease,1,,,coconut-tree-disease,Dataset/Coconut Tree Disease Dataset/Gray Leaf Spot/GrayLeafSpot428.jpg
lf2_foliar,GrayLeafSpot429,2_foliar_disease,1,,,coconut-tree-disease,Dataset/Coconut Tree Disease Dataset/Gray Leaf Spot/GrayLeafSpot429.jpg
lf2_foliar,GrayLeafSpot430,2_foliar_disease,1,,,coconut-tree-disease,Dataset/Coconut Tree Disease Dataset/Gray Leaf Spot/GrayLeafSpot430.jpg
lf2_foliar,GrayLeafSpot431,2_foliar_disease,1,,,coconut-tree-disease,Dataset/Coconut Tree Disease Dataset/Gray Leaf Spot/GrayLeafSpot431.jpg
lf2_foliar,GrayLeafSpot432,2_foliar_disease,1,,,coconut-tree-disease,Dataset/Coconut Tree Disease Dataset/Gray Leaf Spot/GrayLeafSpot432.jpg
lf2_foliar,GrayLeafSpot433,2_foliar_disease,1,,,coconut-tree-disease,Dataset/Coconut Tree Disease Dataset/Gray Leaf Spot/GrayLeafSpot433.jpg
lf2_foliar,GrayLeafSpot434,2_foliar_disease,1,,,coconut-tree-disease,Dataset/Coconut Tree Disease Dataset/Gray Leaf Spot/GrayLeafSpot434.jpg
lf2_foliar,GrayLeafSpot435,2_foliar_disease,1,,,coconut-tree-disease,Dataset/Coconut Tree Disease Dataset/Gray Leaf Spot/GrayLeafSpot435.jpg
lf2_foliar,GrayLeafSpot436,2_foliar_disease,1,,,coconut-tree-disease,Dataset/Coconut Tree Disease Dataset/Gray Leaf Spot/GrayLeafSpot436.jpg
lf2_foliar,GrayLeafSpot437,2_foliar_disease,1,,,coconut-tree-disease,Dataset/Coconut Tree Disease Dataset/Gray Leaf Spot/GrayLeafSpot437.jpg
lf2_foliar,GrayLeafSpot438,2_foliar_disease,1,,,coconut-tree-disease,Dataset/Coconut Tree Disease Dataset/Gray Leaf Spot/GrayLeafSpot438.jpg
lf2_foliar,GrayLeafSpot439,2_foliar_disease,1,,,coconut-tree-disease,Dataset/Coconut Tree Disease Dataset/Gray Leaf Spot/GrayLeafSpot439.jpg
lf2_foliar,GrayLeafSpot440,2_foliar_disease,1,,,coconut-tree-disease,Dataset/Coconut Tree Disease Dataset/Gray Leaf Spot/GrayLeafSpot440.jpg
lf2_foliar,GrayLeafSpot441,2_foliar_disease,1,,,coconut-tree-disease,Dataset/Coconut Tree Disease Dataset/Gray Leaf Spot/GrayLeafSpot441.jpg
lf2_foliar,GrayLeafSpot442,2_foliar_disease,1,,,coconut-tree-disease,Dataset/Coconut Tree Disease Dataset/Gray Leaf Spot/GrayLeafSpot442.jpg
lf2_foliar,GrayLeafSpot443,2_foliar_disease,1,,,coconut-tree-disease,Dataset/Coconut Tree Disease Dataset/Gray Leaf Spot/GrayLeafSpot443.jpg
lf2_foliar,GrayLeafSpot444,2_foliar_disease,1,,,coconut-tree-disease,Dataset/Coconut Tree Disease Dataset/Gray Leaf Spot/GrayLeafSpot444.jpg
lf2_foliar,GrayLeafSpot445,2_foliar_disease,1,,,coconut-tree-disease,Dataset/Coconut Tree Disease Dataset/Gray Leaf Spot/GrayLeafSpot445.jpg
lf2_foliar,GrayLeafSpot446,2_foliar_disease,1,,,coconut-tree-disease,Dataset/Coconut Tree Disease Dataset/Gray Leaf Spot/GrayLeafSpot446.jpg
lf2_foliar,GrayLeafSpot447,2_foliar_disease,1,,,coconut-tree-disease,Dataset/Coconut Tree Disease Dataset/Gray Leaf Spot/GrayLeafSpot447.jpg
lf2_foliar,GrayLeafSpot448,2_foliar_disease,1,,,coconut-tree-disease,Dataset/Coconut Tree Disease Dataset/Gray Leaf Spot/GrayLeafSpot448.jpg
lf2_foliar,GrayLeafSpot449,2_foliar_disease,1,,,coconut-tree-disease,Dataset/Coconut Tree Disease Dataset/Gray Leaf Spot/GrayLeafSpot449.jpg
lf2_foliar,GrayLeafSpot450,2_foliar_disease,1,,,coconut-tree-disease,Dataset/Coconut Tree Disease Dataset/Gray Leaf Spot/GrayLeafSpot450.jpg
lf2_foliar,GrayLeafSpot451,2_foliar_disease,1,,,coconut-tree-disease,Dataset/Coconut Tree Disease Dataset/Gray Leaf Spot/GrayLeafSpot451.jpg
lf2_foliar,GrayLeafSpot452,2_foliar_disease,1,,,coconut-tree-disease,Dataset/Coconut Tree Disease Dataset/Gray Leaf Spot/GrayLeafSpot452.jpg
lf2_foliar,GrayLeafSpot453,2_foliar_disease,1,,,coconut-tree-disease,Dataset/Coconut Tree Disease Dataset/Gray Leaf Spot/GrayLeafSpot453.jpg
lf2_foliar,GrayLeafSpot454,2_foliar_disease,1,,,coconut-tree-disease,Dataset/Coconut Tree Disease Dataset/Gray Leaf Spot/GrayLeafSpot454.jpg
lf2_foliar,GrayLeafSpot455,2_foliar_disease,1,,,coconut-tree-disease,Dataset/Coconut Tree Disease Dataset/Gray Leaf Spot/GrayLeafSpot455.jpg
lf2_foliar,GrayLeafSpot456,2_foliar_disease,1,,,coconut-tree-disease,Dataset/Coconut Tree Disease Dataset/Gray Leaf Spot/GrayLeafSpot456.jpg
lf2_foliar,GrayLeafSpot457,2_foliar_disease,1,,,coconut-tree-disease,Dataset/Coconut Tree Disease Dataset/Gray Leaf Spot/GrayLeafSpot457.jpg
lf2_foliar,GrayLeafSpot458,2_foliar_disease,1,,,coconut-tree-disease,Dataset/Coconut Tree Disease Dataset/Gray Leaf Spot/GrayLeafSpot458.jpg
lf2_foliar,GrayLeafSpot459,2_foliar_disease,1,,,coconut-tree-disease,Dataset/Coconut Tree Disease Dataset/Gray Leaf Spot/GrayLeafSpot459.jpg
lf2_foliar,GrayLeafSpot460,2_foliar_disease,1,,,coconut-tree-disease,Dataset/Coconut Tree Disease Dataset/Gray Leaf Spot/GrayLeafSpot460.jpg
lf2_foliar,GrayLeafSpot461,2_foliar_disease,1,,,coconut-tree-disease,Dataset/Coconut Tree Disease Dataset/Gray Leaf Spot/GrayLeafSpot461.jpg
lf2_foliar,GrayLeafSpot462,2_foliar_disease,1,,,coconut-tree-disease,Dataset/Coconut Tree Disease Dataset/Gray Leaf Spot/GrayLeafSpot462.jpg
lf2_foliar,GrayLeafSpot463,2_foliar_disease,1,,,coconut-tree-disease,Dataset/Coconut Tree Disease Dataset/Gray Leaf Spot/GrayLeafSpot463.jpg
lf2_foliar,GrayLeafSpot464,2_foliar_disease,1,,,coconut-tree-disease,Dataset/Coconut Tree Disease Dataset/Gray Leaf Spot/GrayLeafSpot464.jpg
lf2_foliar,GrayLeafSpot465,2_foliar_disease,1,,,coconut-tree-disease,Dataset/Coconut Tree Disease Dataset/Gray Leaf Spot/GrayLeafSpot465.jpg
lf2_foliar,GrayLeafSpot466,2_foliar_disease,1,,,coconut-tree-disease,Dataset/Coconut Tree Disease Dataset/Gray Leaf Spot/GrayLeafSpot466.jpg
lf2_foliar,GrayLeafSpot467,2_foliar_disease,1,,,coconut-tree-disease,Dataset/Coconut Tree Disease Dataset/Gray Leaf Spot/GrayLeafSpot467.jpg
lf2_foliar,GrayLeafSpot468,2_foliar_disease,1,,,coconut-tree-disease,Dataset/Coconut Tree Disease Dataset/Gray Leaf Spot/GrayLeafSpot468.jpg
lf2_foliar,GrayLeafSpot469,2_foliar_disease,1,,,coconut-tree-disease,Dataset/Coconut Tree Disease Dataset/Gray Leaf Spot/GrayLeafSpot469.jpg
lf2_foliar,GrayLeafSpot470,2_foliar_disease,1,,,coconut-tree-disease,Dataset/Coconut Tree Disease Dataset/Gray Leaf Spot/GrayLeafSpot470.jpg
lf2_foliar,GrayLeafSpot471,2_foliar_disease,1,,,coconut-tree-disease,Dataset/Coconut Tree Disease Dataset/Gray Leaf Spot/GrayLeafSpot471.jpg
lf2_foliar,GrayLeafSpot472,2_foliar_disease,1,,,coconut-tree-disease,Dataset/Coconut Tree Disease Dataset/Gray Leaf Spot/GrayLeafSpot472.jpg
lf2_foliar,GrayLeafSpot473,2_foliar_disease,1,,,coconut-tree-disease,Dataset/Coconut Tree Disease Dataset/Gray Leaf Spot/GrayLeafSpot473.jpg
lf2_foliar,GrayLeafSpot474,2_foliar_disease,1,,,coconut-tree-disease,Dataset/Coconut Tree Disease Dataset/Gray Leaf Spot/GrayLeafSpot474.jpg
lf2_foliar,GrayLeafSpot475,2_foliar_disease,1,,,coconut-tree-disease,Dataset/Coconut Tree Disease Dataset/Gray Leaf Spot/GrayLeafSpot475.jpg
lf2_foliar,GrayLeafSpot476,2_foliar_disease,1,,,coconut-tree-disease,Dataset/Coconut Tree Disease Dataset/Gray Leaf Spot/GrayLeafSpot476.jpg
lf2_foliar,GrayLeafSpot477,2_foliar_disease,1,,,coconut-tree-disease,Dataset/Coconut Tree Disease Dataset/Gray Leaf Spot/GrayLeafSpot477.jpg
lf2_foliar,GrayLeafSpot478,2_foliar_disease,1,,,coconut-tree-disease,Dataset/Coconut Tree Disease Dataset/Gray Leaf Spot/GrayLeafSpot478.jpg
lf2_foliar,GrayLeafSpot479,2_foliar_disease,1,,,coconut-tree-disease,Dataset/Coconut Tree Disease Dataset/Gray Leaf Spot/GrayLeafSpot479.jpg
lf2_foliar,GrayLeafSpot480,2_foliar_disease,1,,,coconut-tree-disease,Dataset/Coconut Tree Disease Dataset/Gray Leaf Spot/GrayLeafSpot480.jpg
lf2_foliar,GrayLeafSpot481,2_foliar_disease,1,,,coconut-tree-disease,Dataset/Coconut Tree Disease Dataset/Gray Leaf Spot/GrayLeafSpot481.jpg
lf2_foliar,GrayLeafSpot482,2_foliar_disease,1,,,coconut-tree-disease,Dataset/Coconut Tree Disease Dataset/Gray Leaf Spot/GrayLeafSpot482.jpg
lf2_foliar,GrayLeafSpot483,2_foliar_disease,1,,,coconut-tree-disease,Dataset/Coconut Tree Disease Dataset/Gray Leaf Spot/GrayLeafSpot483.jpg
lf2_foliar,GrayLeafSpot484,2_foliar_disease,1,,,coconut-tree-disease,Dataset/Coconut Tree Disease Dataset/Gray Leaf Spot/GrayLeafSpot484.jpg
lf2_foliar,GrayLeafSpot485,2_foliar_disease,1,,,coconut-tree-disease,Dataset/Coconut Tree Disease Dataset/Gray Leaf Spot/GrayLeafSpot485.jpg
lf2_foliar,GrayLeafSpot486,2_foliar_disease,1,,,coconut-tree-disease,Dataset/Coconut Tree Disease Dataset/Gray Leaf Spot/GrayLeafSpot486.jpg
lf2_foliar,GrayLeafSpot487,2_foliar_disease,1,,,coconut-tree-disease,Dataset/Coconut Tree Disease Dataset/Gray Leaf Spot/GrayLeafSpot487.jpg
lf2_foliar,GrayLeafSpot488,2_foliar_disease,1,,,coconut-tree-disease,Dataset/Coconut Tree Disease Dataset/Gray Leaf Spot/GrayLeafSpot488.jpg
lf2_foliar,GrayLeafSpot489,2_foliar_disease,1,,,coconut-tree-disease,Dataset/Coconut Tree Disease Dataset/Gray Leaf Spot/GrayLeafSpot489.jpg
lf2_foliar,GrayLeafSpot490,2_foliar_disease,1,,,coconut-tree-disease,Dataset/Coconut Tree Disease Dataset/Gray Leaf Spot/GrayLeafSpot490.jpg
lf2_foliar,GrayLeafSpot491,2_foliar_disease,1,,,coconut-tree-disease,Dataset/Coconut Tree Disease Dataset/Gray Leaf Spot/GrayLeafSpot491.jpg
lf2_foliar,GrayLeafSpot492,2_foliar_disease,1,,,coconut-tree-disease,Dataset/Coconut Tree Disease Dataset/Gray Leaf Spot/GrayLeafSpot492.jpg
lf2_foliar,GrayLeafSpot493,2_foliar_disease,1,,,coconut-tree-disease,Dataset/Coconut Tree Disease Dataset/Gray Leaf Spot/GrayLeafSpot493.jpg
lf2_foliar,GrayLeafSpot494,2_foliar_disease,1,,,coconut-tree-disease,Dataset/Coconut Tree Disease Dataset/Gray Leaf Spot/GrayLeafSpot494.jpg
lf2_foliar,GrayLeafSpot495,2_foliar_disease,1,,,coconut-tree-disease,Dataset/Coconut Tree Disease Dataset/Gray Leaf Spot/GrayLeafSpot495.jpg
lf2_foliar,GrayLeafSpot496,2_foliar_disease,1,,,coconut-tree-disease,Dataset/Coconut Tree Disease Dataset/Gray Leaf Spot/GrayLeafSpot496.jpg
lf2_foliar,GrayLeafSpot497,2_foliar_disease,1,,,coconut-tree-disease,Dataset/Coconut Tree Disease Dataset/Gray Leaf Spot/GrayLeafSpot497.jpg
lf2_foliar,GrayLeafSpot498,2_foliar_disease,1,,,coconut-tree-disease,Dataset/Coconut Tree Disease Dataset/Gray Leaf Spot/GrayLeafSpot498.jpg
lf2_foliar,GrayLeafSpot499,2_foliar_disease,1,,,coconut-tree-disease,Dataset/Coconut Tree Disease Dataset/Gray Leaf Spot/GrayLeafSpot499.jpg
lf2_foliar,GrayLeafSpot500,2_foliar_disease,1,,,coconut-tree-disease,Dataset/Coconut Tree Disease Dataset/Gray Leaf Spot/GrayLeafSpot500.jpg
lf2_foliar,GrayLeafSpot501,2_foliar_disease,1,,,coconut-tree-disease,Dataset/Coconut Tree Disease Dataset/Gray Leaf Spot/GrayLeafSpot501.jpg
lf2_foliar,GrayLeafSpot502,2_foliar_disease,1,,,coconut-tree-disease,Dataset/Coconut Tree Disease Dataset/Gray Leaf Spot/GrayLeafSpot502.jpg
lf2_foliar,GrayLeafSpot503,2_foliar_disease,1,,,coconut-tree-disease,Dataset/Coconut Tree Disease Dataset/Gray Leaf Spot/GrayLeafSpot503.jpg
lf2_foliar,GrayLeafSpot504,2_foliar_disease,1,,,coconut-tree-disease,Dataset/Coconut Tree Disease Dataset/Gray Leaf Spot/GrayLeafSpot504.jpg
lf2_foliar,GrayLeafSpot505,2_foliar_disease,1,,,coconut-tree-disease,Dataset/Coconut Tree Disease Dataset/Gray Leaf Spot/GrayLeafSpot505.jpg
lf2_foliar,GrayLeafSpot506,2_foliar_disease,1,,,coconut-tree-disease,Dataset/Coconut Tree Disease Dataset/Gray Leaf Spot/GrayLeafSpot506.jpg
lf2_foliar,GrayLeafSpot507,2_foliar_disease,1,,,coconut-tree-disease,Dataset/Coconut Tree Disease Dataset/Gray Leaf Spot/GrayLeafSpot507.jpg
lf2_foliar,GrayLeafSpot508,2_foliar_disease,1,,,coconut-tree-disease,Dataset/Coconut Tree Disease Dataset/Gray Leaf Spot/GrayLeafSpot508.jpg
lf2_foliar,GrayLeafSpot509,2_foliar_disease,1,,,coconut-tree-disease,Dataset/Coconut Tree Disease Dataset/Gray Leaf Spot/GrayLeafSpot509.jpg
lf2_foliar,GrayLeafSpot510,2_foliar_disease,1,,,coconut-tree-disease,Dataset/Coconut Tree Disease Dataset/Gray Leaf Spot/GrayLeafSpot510.jpg
lf2_foliar,GrayLeafSpot511,2_foliar_disease,1,,,coconut-tree-disease,Dataset/Coconut Tree Disease Dataset/Gray Leaf Spot/GrayLeafSpot511.jpg
lf2_foliar,GrayLeafSpot512,2_foliar_disease,1,,,coconut-tree-disease,Dataset/Coconut Tree Disease Dataset/Gray Leaf Spot/GrayLeafSpot512.jpg
lf2_foliar,GrayLeafSpot513,2_foliar_disease,1,,,coconut-tree-disease,Dataset/Coconut Tree Disease Dataset/Gray Leaf Spot/GrayLeafSpot513.jpg
lf2_foliar,GrayLeafSpot514,2_foliar_disease,1,,,coconut-tree-disease,Dataset/Coconut Tree Disease Dataset/Gray Leaf Spot/GrayLeafSpot514.jpg
lf2_foliar,GrayLeafSpot515,2_foliar_disease,1,,,coconut-tree-disease,Dataset/Coconut Tree Disease Dataset/Gray Leaf Spot/GrayLeafSpot515.jpg
lf2_foliar,GrayLeafSpot516,2_foliar_disease,1,,,coconut-tree-disease,Dataset/Coconut Tree Disease Dataset/Gray Leaf Spot/GrayLeafSpot516.jpg
lf2_foliar,GrayLeafSpot517,2_foliar_disease,1,,,coconut-tree-disease,Dataset/Coconut Tree Disease Dataset/Gray Leaf Spot/GrayLeafSpot517.jpg
lf2_foliar,GrayLeafSpot518,2_foliar_disease,1,,,coconut-tree-disease,Dataset/Coconut Tree Disease Dataset/Gray Leaf Spot/GrayLeafSpot518.jpg
lf2_foliar,GrayLeafSpot519,2_foliar_disease,1,,,coconut-tree-disease,Dataset/Coconut Tree Disease Dataset/Gray Leaf Spot/GrayLeafSpot519.jpg
lf2_foliar,GrayLeafSpot520,2_foliar_disease,1,,,coconut-tree-disease,Dataset/Coconut Tree Disease Dataset/Gray Leaf Spot/GrayLeafSpot520.jpg
lf2_foliar,GrayLeafSpot521,2_foliar_disease,1,,,coconut-tree-disease,Dataset/Coconut Tree Disease Dataset/Gray Leaf Spot/GrayLeafSpot521.jpg
lf2_foliar,GrayLeafSpot522,2_foliar_disease,1,,,coconut-tree-disease,Dataset/Coconut Tree Disease Dataset/Gray Leaf Spot/GrayLeafSpot522.jpg
lf2_foliar,GrayLeafSpot523,2_foliar_disease,1,,,coconut-tree-disease,Dataset/Coconut Tree Disease Dataset/Gray Leaf Spot/GrayLeafSpot523.jpg
lf2_foliar,GrayLeafSpot524,2_foliar_disease,1,,,coconut-tree-disease,Dataset/Coconut Tree Disease Dataset/Gray Leaf Spot/GrayLeafSpot524.jpg
lf2_foliar,GrayLeafSpot525,2_foliar_disease,1,,,coconut-tree-disease,Dataset/Coconut Tree Disease Dataset/Gray Leaf Spot/GrayLeafSpot525.jpg
lf2_foliar,GrayLeafSpot526,2_foliar_disease,1,,,coconut-tree-disease,Dataset/Coconut Tree Disease Dataset/Gray Leaf Spot/GrayLeafSpot526.jpg
lf2_foliar,GrayLeafSpot527,2_foliar_disease,1,,,coconut-tree-disease,Dataset/Coconut Tree Disease Dataset/Gray Leaf Spot/GrayLeafSpot527.jpg
lf2_foliar,GrayLeafSpot528,2_foliar_disease,1,,,coconut-tree-disease,Dataset/Coconut Tree Disease Dataset/Gray Leaf Spot/GrayLeafSpot528.jpg
lf2_foliar,GrayLeafSpot529,2_foliar_disease,1,,,coconut-tree-disease,Dataset/Coconut Tree Disease Dataset/Gray Leaf Spot/GrayLeafSpot529.jpg
lf2_foliar,GrayLeafSpot530,2_foliar_disease,1,,,coconut-tree-disease,Dataset/Coconut Tree Disease Dataset/Gray Leaf Spot/GrayLeafSpot530.jpg
lf2_foliar,GrayLeafSpot531,2_foliar_disease,1,,,coconut-tree-disease,Dataset/Coconut Tree Disease Dataset/Gray Leaf Spot/GrayLeafSpot531.jpg
lf2_foliar,GrayLeafSpot532,2_foliar_disease,1,,,coconut-tree-disease,Dataset/Coconut Tree Disease Dataset/Gray Leaf Spot/GrayLeafSpot532.jpg
lf2_foliar,GrayLeafSpot533,2_foliar_disease,1,,,coconut-tree-disease,Dataset/Coconut Tree Disease Dataset/Gray Leaf Spot/GrayLeafSpot533.jpg
lf2_foliar,GrayLeafSpot534,2_foliar_disease,1,,,coconut-tree-disease,Dataset/Coconut Tree Disease Dataset/Gray Leaf Spot/GrayLeafSpot534.jpg
lf2_foliar,GrayLeafSpot535,2_foliar_disease,1,,,coconut-tree-disease,Dataset/Coconut Tree Disease Dataset/Gray Leaf Spot/GrayLeafSpot535.jpg
lf2_foliar,GrayLeafSpot536,2_foliar_disease,1,,,coconut-tree-disease,Dataset/Coconut Tree Disease Dataset/Gray Leaf Spot/GrayLeafSpot536.jpg
lf2_foliar,GrayLeafSpot537,2_foliar_disease,1,,,coconut-tree-disease,Dataset/Coconut Tree Disease Dataset/Gray Leaf Spot/GrayLeafSpot537.jpg
lf2_foliar,GrayLeafSpot538,2_foliar_disease,1,,,coconut-tree-disease,Dataset/Coconut Tree Disease Dataset/Gray Leaf Spot/GrayLeafSpot538.jpg
lf2_foliar,GrayLeafSpot539,2_foliar_disease,1,,,coconut-tree-disease,Dataset/Coconut Tree Disease Dataset/Gray Leaf Spot/GrayLeafSpot539.jpg
lf2_foliar,GrayLeafSpot540,2_foliar_disease,1,,,coconut-tree-disease,Dataset/Coconut Tree Disease Dataset/Gray Leaf Spot/GrayLeafSpot540.jpg
lf2_foliar,GrayLeafSpot541,2_foliar_disease,1,,,coconut-tree-disease,Dataset/Coconut Tree Disease Dataset/Gray Leaf Spot/GrayLeafSpot541.jpg
lf2_foliar,GrayLeafSpot542,2_foliar_disease,1,,,coconut-tree-disease,Dataset/Coconut Tree Disease Dataset/Gray Leaf Spot/GrayLeafSpot542.jpg
lf2_foliar,GrayLeafSpot543,2_foliar_disease,1,,,coconut-tree-disease,Dataset/Coconut Tree Disease Dataset/Gray Leaf Spot/GrayLeafSpot543.jpg
lf2_foliar,GrayLeafSpot544,2_foliar_disease,1,,,coconut-tree-disease,Dataset/Coconut Tree Disease Dataset/Gray Leaf Spot/GrayLeafSpot544.jpg
lf2_foliar,GrayLeafSpot545,2_foliar_disease,1,,,coconut-tree-disease,Dataset/Coconut Tree Disease Dataset/Gray Leaf Spot/GrayLeafSpot545.jpg
lf2_foliar,GrayLeafSpot546,2_foliar_disease,1,,,coconut-tree-disease,Dataset/Coconut Tree Disease Dataset/Gray Leaf Spot/GrayLeafSpot546.jpg
lf2_foliar,GrayLeafSpot547,2_foliar_disease,1,,,coconut-tree-disease,Dataset/Coconut Tree Disease Dataset/Gray Leaf Spot/GrayLeafSpot547.jpg
lf2_foliar,GrayLeafSpot548,2_foliar_disease,1,,,coconut-tree-disease,Dataset/Coconut Tree Disease Dataset/Gray Leaf Spot/GrayLeafSpot548.jpg
lf2_foliar,GrayLeafSpot549,2_foliar_disease,1,,,coconut-tree-disease,Dataset/Coconut Tree Disease Dataset/Gray Leaf Spot/GrayLeafSpot549.jpg
lf2_foliar,GrayLeafSpot550,2_foliar_disease,1,,,coconut-tree-disease,Dataset/Coconut Tree Disease Dataset/Gray Leaf Spot/GrayLeafSpot550.jpg
lf2_foliar,GrayLeafSpot551,2_foliar_disease,1,,,coconut-tree-disease,Dataset/Coconut Tree Disease Dataset/Gray Leaf Spot/GrayLeafSpot551.jpg
lf2_foliar,GrayLeafSpot552,2_foliar_disease,1,,,coconut-tree-disease,Dataset/Coconut Tree Disease Dataset/Gray Leaf Spot/GrayLeafSpot552.jpg
lf2_foliar,GrayLeafSpot553,2_foliar_disease,1,,,coconut-tree-disease,Dataset/Coconut Tree Disease Dataset/Gray Leaf Spot/GrayLeafSpot553.jpg
lf2_foliar,GrayLeafSpot554,2_foliar_disease,1,,,coconut-tree-disease,Dataset/Coconut Tree Disease Dataset/Gray Leaf Spot/GrayLeafSpot554.jpg
lf2_foliar,GrayLeafSpot555,2_foliar_disease,1,,,coconut-tree-disease,Dataset/Coconut Tree Disease Dataset/Gray Leaf Spot/GrayLeafSpot555.jpg
lf2_foliar,GrayLeafSpot556,2_foliar_disease,1,,,coconut-tree-disease,Dataset/Coconut Tree Disease Dataset/Gray Leaf Spot/GrayLeafSpot556.jpg
lf2_foliar,GrayLeafSpot557,2_foliar_disease,1,,,coconut-tree-disease,Dataset/Coconut Tree Disease Dataset/Gray Leaf Spot/GrayLeafSpot557.jpg
lf2_foliar,GrayLeafSpot558,2_foliar_disease,1,,,coconut-tree-disease,Dataset/Coconut Tree Disease Dataset/Gray Leaf Spot/GrayLeafSpot558.jpg
lf2_foliar,GrayLeafSpot559,2_foliar_disease,1,,,coconut-tree-disease,Dataset/Coconut Tree Disease Dataset/Gray Leaf Spot/GrayLeafSpot559.jpg
lf2_foliar,GrayLeafSpot560,2_foliar_disease,1,,,coconut-tree-disease,Dataset/Coconut Tree Disease Dataset/Gray Leaf Spot/GrayLeafSpot560.jpg
lf2_foliar,GrayLeafSpot561,2_foliar_disease,1,,,coconut-tree-disease,Dataset/Coconut Tree Disease Dataset/Gray Leaf Spot/GrayLeafSpot561.jpg
lf2_foliar,GrayLeafSpot562,2_foliar_disease,1,,,coconut-tree-disease,Dataset/Coconut Tree Disease Dataset/Gray Leaf Spot/GrayLeafSpot562.jpg
lf2_foliar,GrayLeafSpot563,2_foliar_disease,1,,,coconut-tree-disease,Dataset/Coconut Tree Disease Dataset/Gray Leaf Spot/GrayLeafSpot563.jpg
lf2_foliar,GrayLeafSpot564,2_foliar_disease,1,,,coconut-tree-disease,Dataset/Coconut Tree Disease Dataset/Gray Leaf Spot/GrayLeafSpot564.jpg
lf2_foliar,GrayLeafSpot565,2_foliar_disease,1,,,coconut-tree-disease,Dataset/Coconut Tree Disease Dataset/Gray Leaf Spot/GrayLeafSpot565.jpg
lf2_foliar,GrayLeafSpot566,2_foliar_disease,1,,,coconut-tree-disease,Dataset/Coconut Tree Disease Dataset/Gray Leaf Spot/GrayLeafSpot566.jpg
lf2_foliar,GrayLeafSpot567,2_foliar_disease,1,,,coconut-tree-disease,Dataset/Coconut Tree Disease Dataset/Gray Leaf Spot/GrayLeafSpot567.jpg
lf2_foliar,GrayLeafSpot568,2_foliar_disease,1,,,coconut-tree-disease,Dataset/Coconut Tree Disease Dataset/Gray Leaf Spot/GrayLeafSpot568.jpg
lf2_foliar,GrayLeafSpot569,2_foliar_disease,1,,,coconut-tree-disease,Dataset/Coconut Tree Disease Dataset/Gray Leaf Spot/GrayLeafSpot569.jpg
lf2_foliar,GrayLeafSpot570,2_foliar_disease,1,,,coconut-tree-disease,Dataset/Coconut Tree Disease Dataset/Gray Leaf Spot/GrayLeafSpot570.jpg
lf2_foliar,GrayLeafSpot571,2_foliar_disease,1,,,coconut-tree-disease,Dataset/Coconut Tree Disease Dataset/Gray Leaf Spot/GrayLeafSpot571.jpg
lf2_foliar,GrayLeafSpot572,2_foliar_disease,1,,,coconut-tree-disease,Dataset/Coconut Tree Disease Dataset/Gray Leaf Spot/GrayLeafSpot572.jpg
lf2_foliar,GrayLeafSpot573,2_foliar_disease,1,,,coconut-tree-disease,Dataset/Coconut Tree Disease Dataset/Gray Leaf Spot/GrayLeafSpot573.jpg
lf2_foliar,GrayLeafSpot574,2_foliar_disease,1,,,coconut-tree-disease,Dataset/Coconut Tree Disease Dataset/Gray Leaf Spot/GrayLeafSpot574.jpg
lf2_foliar,GrayLeafSpot575,2_foliar_disease,1,,,coconut-tree-disease,Dataset/Coconut Tree Disease Dataset/Gray Leaf Spot/GrayLeafSpot575.jpg
lf2_foliar,GrayLeafSpot576,2_foliar_disease,1,,,coconut-tree-disease,Dataset/Coconut Tree Disease Dataset/Gray Leaf Spot/GrayLeafSpot576.jpg
lf2_foliar,GrayLeafSpot577,2_foliar_disease,1,,,coconut-tree-disease,Dataset/Coconut Tree Disease Dataset/Gray Leaf Spot/GrayLeafSpot577.jpg
lf2_foliar,GrayLeafSpot578,2_foliar_disease,1,,,coconut-tree-disease,Dataset/Coconut Tree Disease Dataset/Gray Leaf Spot/GrayLeafSpot578.jpg
lf2_foliar,GrayLeafSpot579,2_foliar_disease,1,,,coconut-tree-disease,Dataset/Coconut Tree Disease Dataset/Gray Leaf Spot/GrayLeafSpot579.jpg
lf2_foliar,GrayLeafSpot580,2_foliar_disease,1,,,coconut-tree-disease,Dataset/Coconut Tree Disease Dataset/Gray Leaf Spot/GrayLeafSpot580.jpg
lf2_foliar,GrayLeafSpot581,2_foliar_disease,1,,,coconut-tree-disease,Dataset/Coconut Tree Disease Dataset/Gray Leaf Spot/GrayLeafSpot581.jpg
lf2_foliar,GrayLeafSpot582,2_foliar_disease,1,,,coconut-tree-disease,Dataset/Coconut Tree Disease Dataset/Gray Leaf Spot/GrayLeafSpot582.jpg
lf2_foliar,GrayLeafSpot583,2_foliar_disease,1,,,coconut-tree-disease,Dataset/Coconut Tree Disease Dataset/Gray Leaf Spot/GrayLeafSpot583.jpg
lf2_foliar,GrayLeafSpot584,2_foliar_disease,1,,,coconut-tree-disease,Dataset/Coconut Tree Disease Dataset/Gray Leaf Spot/GrayLeafSpot584.jpg
lf2_foliar,GrayLeafSpot585,2_foliar_disease,1,,,coconut-tree-disease,Dataset/Coconut Tree Disease Dataset/Gray Leaf Spot/GrayLeafSpot585.jpg
lf2_foliar,GrayLeafSpot586,2_foliar_disease,1,,,coconut-tree-disease,Dataset/Coconut Tree Disease Dataset/Gray Leaf Spot/GrayLeafSpot586.jpg
lf2_foliar,GrayLeafSpot587,2_foliar_disease,1,,,coconut-tree-disease,Dataset/Coconut Tree Disease Dataset/Gray Leaf Spot/GrayLeafSpot587.jpg
lf2_foliar,GrayLeafSpot588,2_foliar_disease,1,,,coconut-tree-disease,Dataset/Coconut Tree Disease Dataset/Gray Leaf Spot/GrayLeafSpot588.jpg
lf2_foliar,GrayLeafSpot589,2_foliar_disease,1,,,coconut-tree-disease,Dataset/Coconut Tree Disease Dataset/Gray Leaf Spot/GrayLeafSpot589.jpg
lf2_foliar,GrayLeafSpot590,2_foliar_disease,1,,,coconut-tree-disease,Dataset/Coconut Tree Disease Dataset/Gray Leaf Spot/GrayLeafSpot590.jpg
lf2_foliar,GrayLeafSpot591,2_foliar_disease,1,,,coconut-tree-disease,Dataset/Coconut Tree Disease Dataset/Gray Leaf Spot/GrayLeafSpot591.jpg
lf2_foliar,GrayLeafSpot592,2_foliar_disease,1,,,coconut-tree-disease,Dataset/Coconut Tree Disease Dataset/Gray Leaf Spot/GrayLeafSpot592.jpg
lf2_foliar,GrayLeafSpot593,2_foliar_disease,1,,,coconut-tree-disease,Dataset/Coconut Tree Disease Dataset/Gray Leaf Spot/GrayLeafSpot593.jpg
lf2_foliar,GrayLeafSpot594,2_foliar_disease,1,,,coconut-tree-disease,Dataset/Coconut Tree Disease Dataset/Gray Leaf Spot/GrayLeafSpot594.jpg
lf2_foliar,GrayLeafSpot595,2_foliar_disease,1,,,coconut-tree-disease,Dataset/Coconut Tree Disease Dataset/Gray Leaf Spot/GrayLeafSpot595.jpg
lf2_foliar,GrayLeafSpot596,2_foliar_disease,1,,,coconut-tree-disease,Dataset/Coconut Tree Disease Dataset/Gray Leaf Spot/GrayLeafSpot596.jpg
lf2_foliar,GrayLeafSpot597,2_foliar_disease,1,,,coconut-tree-disease,Dataset/Coconut Tree Disease Dataset/Gray Leaf Spot/GrayLeafSpot597.jpg
lf2_foliar,GrayLeafSpot598,2_foliar_disease,1,,,coconut-tree-disease,Dataset/Coconut Tree Disease Dataset/Gray Leaf Spot/GrayLeafSpot598.jpg
lf2_foliar,GrayLeafSpot599,2_foliar_disease,1,,,coconut-tree-disease,Dataset/Coconut Tree Disease Dataset/Gray Leaf Spot/GrayLeafSpot599.jpg
lf2_foliar,GrayLeafSpot600,2_foliar_disease,1,,,coconut-tree-disease,Dataset/Coconut Tree Disease Dataset/Gray Leaf Spot/GrayLeafSpot600.jpg
lf2_foliar,GrayLeafSpot601,2_foliar_disease,1,,,coconut-tree-disease,Dataset/Coconut Tree Disease Dataset/Gray Leaf Spot/GrayLeafSpot601.jpg
lf2_foliar,GrayLeafSpot602,2_foliar_disease,1,,,coconut-tree-disease,Dataset/Coconut Tree Disease Dataset/Gray Leaf Spot/GrayLeafSpot602.jpg
lf2_foliar,GrayLeafSpot603,2_foliar_disease,1,,,coconut-tree-disease,Dataset/Coconut Tree Disease Dataset/Gray Leaf Spot/GrayLeafSpot603.jpg
lf2_foliar,GrayLeafSpot604,2_foliar_disease,1,,,coconut-tree-disease,Dataset/Coconut Tree Disease Dataset/Gray Leaf Spot/GrayLeafSpot604.jpg
lf2_foliar,GrayLeafSpot605,2_foliar_disease,1,,,coconut-tree-disease,Dataset/Coconut Tree Disease Dataset/Gray Leaf Spot/GrayLeafSpot605.jpg
lf2_foliar,GrayLeafSpot606,2_foliar_disease,1,,,coconut-tree-disease,Dataset/Coconut Tree Disease Dataset/Gray Leaf Spot/GrayLeafSpot606.jpg
lf2_foliar,GrayLeafSpot607,2_foliar_disease,1,,,coconut-tree-disease,Dataset/Coconut Tree Disease Dataset/Gray Leaf Spot/GrayLeafSpot607.jpg
lf2_foliar,GrayLeafSpot608,2_foliar_disease,1,,,coconut-tree-disease,Dataset/Coconut Tree Disease Dataset/Gray Leaf Spot/GrayLeafSpot608.jpg
lf2_foliar,GrayLeafSpot609,2_foliar_disease,1,,,coconut-tree-disease,Dataset/Coconut Tree Disease Dataset/Gray Leaf Spot/GrayLeafSpot609.jpg
lf2_foliar,GrayLeafSpot610,2_foliar_disease,1,,,coconut-tree-disease,Dataset/Coconut Tree Disease Dataset/Gray Leaf Spot/GrayLeafSpot610.jpg
lf2_foliar,GrayLeafSpot611,2_foliar_disease,1,,,coconut-tree-disease,Dataset/Coconut Tree Disease Dataset/Gray Leaf Spot/GrayLeafSpot611.jpg
lf2_foliar,GrayLeafSpot612,2_foliar_disease,1,,,coconut-tree-disease,Dataset/Coconut Tree Disease Dataset/Gray Leaf Spot/GrayLeafSpot612.jpg
lf2_foliar,GrayLeafSpot613,2_foliar_disease,1,,,coconut-tree-disease,Dataset/Coconut Tree Disease Dataset/Gray Leaf Spot/GrayLeafSpot613.jpg
lf2_foliar,GrayLeafSpot614,2_foliar_disease,1,,,coconut-tree-disease,Dataset/Coconut Tree Disease Dataset/Gray Leaf Spot/GrayLeafSpot614.jpg
lf2_foliar,GrayLeafSpot615,2_foliar_disease,1,,,coconut-tree-disease,Dataset/Coconut Tree Disease Dataset/Gray Leaf Spot/GrayLeafSpot615.jpg
lf2_foliar,GrayLeafSpot616,2_foliar_disease,1,,,coconut-tree-disease,Dataset/Coconut Tree Disease Dataset/Gray Leaf Spot/GrayLeafSpot616.jpg
lf2_foliar,GrayLeafSpot617,2_foliar_disease,1,,,coconut-tree-disease,Dataset/Coconut Tree Disease Dataset/Gray Leaf Spot/GrayLeafSpot617.jpg
lf2_foliar,GrayLeafSpot618,2_foliar_disease,1,,,coconut-tree-disease,Dataset/Coconut Tree Disease Dataset/Gray Leaf Spot/GrayLeafSpot618.jpg
lf2_foliar,GrayLeafSpot619,2_foliar_disease,1,,,coconut-tree-disease,Dataset/Coconut Tree Disease Dataset/Gray Leaf Spot/GrayLeafSpot619.jpg
lf2_foliar,GrayLeafSpot620,2_foliar_disease,1,,,coconut-tree-disease,Dataset/Coconut Tree Disease Dataset/Gray Leaf Spot/GrayLeafSpot620.jpg
lf2_foliar,GrayLeafSpot621,2_foliar_disease,1,,,coconut-tree-disease,Dataset/Coconut Tree Disease Dataset/Gray Leaf Spot/GrayLeafSpot621.jpg
lf2_foliar,GrayLeafSpot622,2_foliar_disease,1,,,coconut-tree-disease,Dataset/Coconut Tree Disease Dataset/Gray Leaf Spot/GrayLeafSpot622.jpg
lf2_foliar,GrayLeafSpot623,2_foliar_disease,1,,,coconut-tree-disease,Dataset/Coconut Tree Disease Dataset/Gray Leaf Spot/GrayLeafSpot623.jpg
lf2_foliar,GrayLeafSpot624,2_foliar_disease,1,,,coconut-tree-disease,Dataset/Coconut Tree Disease Dataset/Gray Leaf Spot/GrayLeafSpot624.jpg
lf2_foliar,GrayLeafSpot625,2_foliar_disease,1,,,coconut-tree-disease,Dataset/Coconut Tree Disease Dataset/Gray Leaf Spot/GrayLeafSpot625.jpg
lf2_foliar,GrayLeafSpot626,2_foliar_disease,1,,,coconut-tree-disease,Dataset/Coconut Tree Disease Dataset/Gray Leaf Spot/GrayLeafSpot626.jpg
lf2_foliar,GrayLeafSpot627,2_foliar_disease,1,,,coconut-tree-disease,Dataset/Coconut Tree Disease Dataset/Gray Leaf Spot/GrayLeafSpot627.jpg
lf2_foliar,GrayLeafSpot628,2_foliar_disease,1,,,coconut-tree-disease,Dataset/Coconut Tree Disease Dataset/Gray Leaf Spot/GrayLeafSpot628.jpg
lf2_foliar,GrayLeafSpot629,2_foliar_disease,1,,,coconut-tree-disease,Dataset/Coconut Tree Disease Dataset/Gray Leaf Spot/GrayLeafSpot629.jpg
lf2_foliar,GrayLeafSpot630,2_foliar_disease,1,,,coconut-tree-disease,Dataset/Coconut Tree Disease Dataset/Gray Leaf Spot/GrayLeafSpot630.jpg
lf2_foliar,GrayLeafSpot631,2_foliar_disease,1,,,coconut-tree-disease,Dataset/Coconut Tree Disease Dataset/Gray Leaf Spot/GrayLeafSpot631.jpg
lf2_foliar,GrayLeafSpot632,2_foliar_disease,1,,,coconut-tree-disease,Dataset/Coconut Tree Disease Dataset/Gray Leaf Spot/GrayLeafSpot632.jpg
lf2_foliar,GrayLeafSpot633,2_foliar_disease,1,,,coconut-tree-disease,Dataset/Coconut Tree Disease Dataset/Gray Leaf Spot/GrayLeafSpot633.jpg
lf2_foliar,GrayLeafSpot634,2_foliar_disease,1,,,coconut-tree-disease,Dataset/Coconut Tree Disease Dataset/Gray Leaf Spot/GrayLeafSpot634.jpg
lf2_foliar,GrayLeafSpot635,2_foliar_disease,1,,,coconut-tree-disease,Dataset/Coconut Tree Disease Dataset/Gray Leaf Spot/GrayLeafSpot635.jpg
lf2_foliar,GrayLeafSpot636,2_foliar_disease,1,,,coconut-tree-disease,Dataset/Coconut Tree Disease Dataset/Gray Leaf Spot/GrayLeafSpot636.jpg
lf2_foliar,GrayLeafSpot637,2_foliar_disease,1,,,coconut-tree-disease,Dataset/Coconut Tree Disease Dataset/Gray Leaf Spot/GrayLeafSpot637.jpg
lf2_foliar,GrayLeafSpot638,2_foliar_disease,1,,,coconut-tree-disease,Dataset/Coconut Tree Disease Dataset/Gray Leaf Spot/GrayLeafSpot638.jpg
lf2_foliar,GrayLeafSpot639,2_foliar_disease,1,,,coconut-tree-disease,Dataset/Coconut Tree Disease Dataset/Gray Leaf Spot/GrayLeafSpot639.jpg
lf2_foliar,GrayLeafSpot640,2_foliar_disease,1,,,coconut-tree-disease,Dataset/Coconut Tree Disease Dataset/Gray Leaf Spot/GrayLeafSpot640.jpg
lf2_foliar,GrayLeafSpot641,2_foliar_disease,1,,,coconut-tree-disease,Dataset/Coconut Tree Disease Dataset/Gray Leaf Spot/GrayLeafSpot641.jpg
lf2_foliar,GrayLeafSpot642,2_foliar_disease,1,,,coconut-tree-disease,Dataset/Coconut Tree Disease Dataset/Gray Leaf Spot/GrayLeafSpot642.jpg
lf2_foliar,GrayLeafSpot643,2_foliar_disease,1,,,coconut-tree-disease,Dataset/Coconut Tree Disease Dataset/Gray Leaf Spot/GrayLeafSpot643.jpg
lf2_foliar,GrayLeafSpot644,2_foliar_disease,1,,,coconut-tree-disease,Dataset/Coconut Tree Disease Dataset/Gray Leaf Spot/GrayLeafSpot644.jpg
lf2_foliar,GrayLeafSpot645,2_foliar_disease,1,,,coconut-tree-disease,Dataset/Coconut Tree Disease Dataset/Gray Leaf Spot/GrayLeafSpot645.jpg
lf2_foliar,GrayLeafSpot646,2_foliar_disease,1,,,coconut-tree-disease,Dataset/Coconut Tree Disease Dataset/Gray Leaf Spot/GrayLeafSpot646.jpg
lf2_foliar,GrayLeafSpot647,2_foliar_disease,1,,,coconut-tree-disease,Dataset/Coconut Tree Disease Dataset/Gray Leaf Spot/GrayLeafSpot647.jpg
lf2_foliar,GrayLeafSpot648,2_foliar_disease,1,,,coconut-tree-disease,Dataset/Coconut Tree Disease Dataset/Gray Leaf Spot/GrayLeafSpot648.jpg
lf2_foliar,GrayLeafSpot649,2_foliar_disease,1,,,coconut-tree-disease,Dataset/Coconut Tree Disease Dataset/Gray Leaf Spot/GrayLeafSpot649.jpg
lf2_foliar,GrayLeafSpot650,2_foliar_disease,1,,,coconut-tree-disease,Dataset/Coconut Tree Disease Dataset/Gray Leaf Spot/GrayLeafSpot650.jpg
lf2_foliar,GrayLeafSpot651,2_foliar_disease,1,,,coconut-tree-disease,Dataset/Coconut Tree Disease Dataset/Gray Leaf Spot/GrayLeafSpot651.jpg
lf2_foliar,GrayLeafSpot652,2_foliar_disease,1,,,coconut-tree-disease,Dataset/Coconut Tree Disease Dataset/Gray Leaf Spot/GrayLeafSpot652.jpg
lf2_foliar,GrayLeafSpot653,2_foliar_disease,1,,,coconut-tree-disease,Dataset/Coconut Tree Disease Dataset/Gray Leaf Spot/GrayLeafSpot653.jpg
lf2_foliar,GrayLeafSpot654,2_foliar_disease,1,,,coconut-tree-disease,Dataset/Coconut Tree Disease Dataset/Gray Leaf Spot/GrayLeafSpot654.jpg
lf2_foliar,GrayLeafSpot655,2_foliar_disease,1,,,coconut-tree-disease,Dataset/Coconut Tree Disease Dataset/Gray Leaf Spot/GrayLeafSpot655.jpg
lf2_foliar,GrayLeafSpot656,2_foliar_disease,1,,,coconut-tree-disease,Dataset/Coconut Tree Disease Dataset/Gray Leaf Spot/GrayLeafSpot656.jpg
lf2_foliar,GrayLeafSpot657,2_foliar_disease,1,,,coconut-tree-disease,Dataset/Coconut Tree Disease Dataset/Gray Leaf Spot/GrayLeafSpot657.jpg
lf2_foliar,GrayLeafSpot658,2_foliar_disease,1,,,coconut-tree-disease,Dataset/Coconut Tree Disease Dataset/Gray Leaf Spot/GrayLeafSpot658.jpg
lf2_foliar,GrayLeafSpot659,2_foliar_disease,1,,,coconut-tree-disease,Dataset/Coconut Tree Disease Dataset/Gray Leaf Spot/GrayLeafSpot659.jpg
lf2_foliar,GrayLeafSpot660,2_foliar_disease,1,,,coconut-tree-disease,Dataset/Coconut Tree Disease Dataset/Gray Leaf Spot/GrayLeafSpot660.jpg
lf2_foliar,GrayLeafSpot661,2_foliar_disease,1,,,coconut-tree-disease,Dataset/Coconut Tree Disease Dataset/Gray Leaf Spot/GrayLeafSpot661.jpg
lf2_foliar,GrayLeafSpot662,2_foliar_disease,1,,,coconut-tree-disease,Dataset/Coconut Tree Disease Dataset/Gray Leaf Spot/GrayLeafSpot662.jpg
lf2_foliar,GrayLeafSpot663,2_foliar_disease,1,,,coconut-tree-disease,Dataset/Coconut Tree Disease Dataset/Gray Leaf Spot/GrayLeafSpot663.jpg
lf2_foliar,GrayLeafSpot664,2_foliar_disease,1,,,coconut-tree-disease,Dataset/Coconut Tree Disease Dataset/Gray Leaf Spot/GrayLeafSpot664.jpg
lf2_foliar,GrayLeafSpot665,2_foliar_disease,1,,,coconut-tree-disease,Dataset/Coconut Tree Disease Dataset/Gray Leaf Spot/GrayLeafSpot665.jpg
lf2_foliar,GrayLeafSpot666,2_foliar_disease,1,,,coconut-tree-disease,Dataset/Coconut Tree Disease Dataset/Gray Leaf Spot/GrayLeafSpot666.jpg
lf2_foliar,GrayLeafSpot667,2_foliar_disease,1,,,coconut-tree-disease,Dataset/Coconut Tree Disease Dataset/Gray Leaf Spot/GrayLeafSpot667.jpg
lf2_foliar,GrayLeafSpot668,2_foliar_disease,1,,,coconut-tree-disease,Dataset/Coconut Tree Disease Dataset/Gray Leaf Spot/GrayLeafSpot668.jpg
lf2_foliar,GrayLeafSpot669,2_foliar_disease,1,,,coconut-tree-disease,Dataset/Coconut Tree Disease Dataset/Gray Leaf Spot/GrayLeafSpot669.jpg
lf2_foliar,GrayLeafSpot670,2_foliar_disease,1,,,coconut-tree-disease,Dataset/Coconut Tree Disease Dataset/Gray Leaf Spot/GrayLeafSpot670.jpg
lf2_foliar,GrayLeafSpot671,2_foliar_disease,1,,,coconut-tree-disease,Dataset/Coconut Tree Disease Dataset/Gray Leaf Spot/GrayLeafSpot671.jpg
lf2_foliar,GrayLeafSpot672,2_foliar_disease,1,,,coconut-tree-disease,Dataset/Coconut Tree Disease Dataset/Gray Leaf Spot/GrayLeafSpot672.jpg
lf2_foliar,GrayLeafSpot673,2_foliar_disease,1,,,coconut-tree-disease,Dataset/Coconut Tree Disease Dataset/Gray Leaf Spot/GrayLeafSpot673.jpg
lf2_foliar,GrayLeafSpot674,2_foliar_disease,1,,,coconut-tree-disease,Dataset/Coconut Tree Disease Dataset/Gray Leaf Spot/GrayLeafSpot674.jpg
lf2_foliar,GrayLeafSpot675,2_foliar_disease,1,,,coconut-tree-disease,Dataset/Coconut Tree Disease Dataset/Gray Leaf Spot/GrayLeafSpot675.jpg
lf2_foliar,GrayLeafSpot676,2_foliar_disease,1,,,coconut-tree-disease,Dataset/Coconut Tree Disease Dataset/Gray Leaf Spot/GrayLeafSpot676.jpg
lf2_foliar,GrayLeafSpot677,2_foliar_disease,1,,,coconut-tree-disease,Dataset/Coconut Tree Disease Dataset/Gray Leaf Spot/GrayLeafSpot677.jpg
lf2_foliar,GrayLeafSpot678,2_foliar_disease,1,,,coconut-tree-disease,Dataset/Coconut Tree Disease Dataset/Gray Leaf Spot/GrayLeafSpot678.jpg
lf2_foliar,GrayLeafSpot679,2_foliar_disease,1,,,coconut-tree-disease,Dataset/Coconut Tree Disease Dataset/Gray Leaf Spot/GrayLeafSpot679.jpg
lf2_foliar,GrayLeafSpot680,2_foliar_disease,1,,,coconut-tree-disease,Dataset/Coconut Tree Disease Dataset/Gray Leaf Spot/GrayLeafSpot680.jpg
lf2_foliar,GrayLeafSpot681,2_foliar_disease,1,,,coconut-tree-disease,Dataset/Coconut Tree Disease Dataset/Gray Leaf Spot/GrayLeafSpot681.jpg
lf2_foliar,GrayLeafSpot682,2_foliar_disease,1,,,coconut-tree-disease,Dataset/Coconut Tree Disease Dataset/Gray Leaf Spot/GrayLeafSpot682.jpg
lf2_foliar,GrayLeafSpot683,2_foliar_disease,1,,,coconut-tree-disease,Dataset/Coconut Tree Disease Dataset/Gray Leaf Spot/GrayLeafSpot683.jpg
lf2_foliar,GrayLeafSpot684,2_foliar_disease,1,,,coconut-tree-disease,Dataset/Coconut Tree Disease Dataset/Gray Leaf Spot/GrayLeafSpot684.jpg
lf2_foliar,GrayLeafSpot685,2_foliar_disease,1,,,coconut-tree-disease,Dataset/Coconut Tree Disease Dataset/Gray Leaf Spot/GrayLeafSpot685.jpg
lf2_foliar,GrayLeafSpot686,2_foliar_disease,1,,,coconut-tree-disease,Dataset/Coconut Tree Disease Dataset/Gray Leaf Spot/GrayLeafSpot686.jpg
lf2_foliar,GrayLeafSpot687,2_foliar_disease,1,,,coconut-tree-disease,Dataset/Coconut Tree Disease Dataset/Gray Leaf Spot/GrayLeafSpot687.jpg
lf2_foliar,GrayLeafSpot688,2_foliar_disease,1,,,coconut-tree-disease,Dataset/Coconut Tree Disease Dataset/Gray Leaf Spot/GrayLeafSpot688.jpg
lf2_foliar,GrayLeafSpot689,2_foliar_disease,1,,,coconut-tree-disease,Dataset/Coconut Tree Disease Dataset/Gray Leaf Spot/GrayLeafSpot689.jpg
lf2_foliar,GrayLeafSpot690,2_foliar_disease,1,,,coconut-tree-disease,Dataset/Coconut Tree Disease Dataset/Gray Leaf Spot/GrayLeafSpot690.jpg
lf2_foliar,GrayLeafSpot691,2_foliar_disease,1,,,coconut-tree-disease,Dataset/Coconut Tree Disease Dataset/Gray Leaf Spot/GrayLeafSpot691.jpg
lf2_foliar,GrayLeafSpot692,2_foliar_disease,1,,,coconut-tree-disease,Dataset/Coconut Tree Disease Dataset/Gray Leaf Spot/GrayLeafSpot692.jpg
lf2_foliar,GrayLeafSpot693,2_foliar_disease,1,,,coconut-tree-disease,Dataset/Coconut Tree Disease Dataset/Gray Leaf Spot/GrayLeafSpot693.jpg
lf2_foliar,GrayLeafSpot694,2_foliar_disease,1,,,coconut-tree-disease,Dataset/Coconut Tree Disease Dataset/Gray Leaf Spot/GrayLeafSpot694.jpg
lf2_foliar,GrayLeafSpot695,2_foliar_disease,1,,,coconut-tree-disease,Dataset/Coconut Tree Disease Dataset/Gray Leaf Spot/GrayLeafSpot695.jpg
lf2_foliar,GrayLeafSpot696,2_foliar_disease,1,,,coconut-tree-disease,Dataset/Coconut Tree Disease Dataset/Gray Leaf Spot/GrayLeafSpot696.jpg
lf2_foliar,GrayLeafSpot697,2_foliar_disease,1,,,coconut-tree-disease,Dataset/Coconut Tree Disease Dataset/Gray Leaf Spot/GrayLeafSpot697.jpg
lf2_foliar,GrayLeafSpot698,2_foliar_disease,1,,,coconut-tree-disease,Dataset/Coconut Tree Disease Dataset/Gray Leaf Spot/GrayLeafSpot698.jpg
lf2_foliar,GrayLeafSpot699,2_foliar_disease,1,,,coconut-tree-disease,Dataset/Coconut Tree Disease Dataset/Gray Leaf Spot/GrayLeafSpot699.jpg
lf2_foliar,GrayLeafSpot700,2_foliar_disease,1,,,coconut-tree-disease,Dataset/Coconut Tree Disease Dataset/Gray Leaf Spot/GrayLeafSpot700.jpg
lf2_foliar,GrayLeafSpot701,2_foliar_disease,1,,,coconut-tree-disease,Dataset/Coconut Tree Disease Dataset/Gray Leaf Spot/GrayLeafSpot701.jpg
lf2_foliar,GrayLeafSpot702,2_foliar_disease,1,,,coconut-tree-disease,Dataset/Coconut Tree Disease Dataset/Gray Leaf Spot/GrayLeafSpot702.jpg
lf2_foliar,GrayLeafSpot703,2_foliar_disease,1,,,coconut-tree-disease,Dataset/Coconut Tree Disease Dataset/Gray Leaf Spot/GrayLeafSpot703.jpg
lf2_foliar,GrayLeafSpot704,2_foliar_disease,1,,,coconut-tree-disease,Dataset/Coconut Tree Disease Dataset/Gray Leaf Spot/GrayLeafSpot704.jpg
lf2_foliar,GrayLeafSpot705,2_foliar_disease,1,,,coconut-tree-disease,Dataset/Coconut Tree Disease Dataset/Gray Leaf Spot/GrayLeafSpot705.jpg
lf2_foliar,GrayLeafSpot706,2_foliar_disease,1,,,coconut-tree-disease,Dataset/Coconut Tree Disease Dataset/Gray Leaf Spot/GrayLeafSpot706.jpg
lf2_foliar,GrayLeafSpot707,2_foliar_disease,1,,,coconut-tree-disease,Dataset/Coconut Tree Disease Dataset/Gray Leaf Spot/GrayLeafSpot707.jpg
lf2_foliar,GrayLeafSpot708,2_foliar_disease,1,,,coconut-tree-disease,Dataset/Coconut Tree Disease Dataset/Gray Leaf Spot/GrayLeafSpot708.jpg
lf2_foliar,GrayLeafSpot709,2_foliar_disease,1,,,coconut-tree-disease,Dataset/Coconut Tree Disease Dataset/Gray Leaf Spot/GrayLeafSpot709.jpg
lf2_foliar,GrayLeafSpot710,2_foliar_disease,1,,,coconut-tree-disease,Dataset/Coconut Tree Disease Dataset/Gray Leaf Spot/GrayLeafSpot710.jpg
lf2_foliar,GrayLeafSpot711,2_foliar_disease,1,,,coconut-tree-disease,Dataset/Coconut Tree Disease Dataset/Gray Leaf Spot/GrayLeafSpot711.jpg
lf2_foliar,GrayLeafSpot712,2_foliar_disease,1,,,coconut-tree-disease,Dataset/Coconut Tree Disease Dataset/Gray Leaf Spot/GrayLeafSpot712.jpg
lf2_foliar,GrayLeafSpot713,2_foliar_disease,1,,,coconut-tree-disease,Dataset/Coconut Tree Disease Dataset/Gray Leaf Spot/GrayLeafSpot713.jpg
lf2_foliar,GrayLeafSpot714,2_foliar_disease,1,,,coconut-tree-disease,Dataset/Coconut Tree Disease Dataset/Gray Leaf Spot/GrayLeafSpot714.jpg
lf2_foliar,GrayLeafSpot715,2_foliar_disease,1,,,coconut-tree-disease,Dataset/Coconut Tree Disease Dataset/Gray Leaf Spot/GrayLeafSpot715.jpg
lf2_foliar,GrayLeafSpot716,2_foliar_disease,1,,,coconut-tree-disease,Dataset/Coconut Tree Disease Dataset/Gray Leaf Spot/GrayLeafSpot716.jpg
lf2_foliar,GrayLeafSpot717,2_foliar_disease,1,,,coconut-tree-disease,Dataset/Coconut Tree Disease Dataset/Gray Leaf Spot/GrayLeafSpot717.jpg
lf2_foliar,GrayLeafSpot718,2_foliar_disease,1,,,coconut-tree-disease,Dataset/Coconut Tree Disease Dataset/Gray Leaf Spot/GrayLeafSpot718.jpg
lf2_foliar,GrayLeafSpot719,2_foliar_disease,1,,,coconut-tree-disease,Dataset/Coconut Tree Disease Dataset/Gray Leaf Spot/GrayLeafSpot719.jpg
lf2_foliar,GrayLeafSpot720,2_foliar_disease,1,,,coconut-tree-disease,Dataset/Coconut Tree Disease Dataset/Gray Leaf Spot/GrayLeafSpot720.jpg
lf2_foliar,GrayLeafSpot721,2_foliar_disease,1,,,coconut-tree-disease,Dataset/Coconut Tree Disease Dataset/Gray Leaf Spot/GrayLeafSpot721.jpg
lf2_foliar,GrayLeafSpot722,2_foliar_disease,1,,,coconut-tree-disease,Dataset/Coconut Tree Disease Dataset/Gray Leaf Spot/GrayLeafSpot722.jpg
lf2_foliar,GrayLeafSpot723,2_foliar_disease,1,,,coconut-tree-disease,Dataset/Coconut Tree Disease Dataset/Gray Leaf Spot/GrayLeafSpot723.jpg
lf2_foliar,GrayLeafSpot724,2_foliar_disease,1,,,coconut-tree-disease,Dataset/Coconut Tree Disease Dataset/Gray Leaf Spot/GrayLeafSpot724.jpg
lf2_foliar,GrayLeafSpot725,2_foliar_disease,1,,,coconut-tree-disease,Dataset/Coconut Tree Disease Dataset/Gray Leaf Spot/GrayLeafSpot725.jpg
lf2_foliar,GrayLeafSpot726,2_foliar_disease,1,,,coconut-tree-disease,Dataset/Coconut Tree Disease Dataset/Gray Leaf Spot/GrayLeafSpot726.jpg
lf2_foliar,GrayLeafSpot727,2_foliar_disease,1,,,coconut-tree-disease,Dataset/Coconut Tree Disease Dataset/Gray Leaf Spot/GrayLeafSpot727.jpg
lf2_foliar,GrayLeafSpot728,2_foliar_disease,1,,,coconut-tree-disease,Dataset/Coconut Tree Disease Dataset/Gray Leaf Spot/GrayLeafSpot728.jpg
lf2_foliar,GrayLeafSpot729,2_foliar_disease,1,,,coconut-tree-disease,Dataset/Coconut Tree Disease Dataset/Gray Leaf Spot/GrayLeafSpot729.jpg
lf2_foliar,GrayLeafSpot730,2_foliar_disease,1,,,coconut-tree-disease,Dataset/Coconut Tree Disease Dataset/Gray Leaf Spot/GrayLeafSpot730.jpg
lf2_foliar,GrayLeafSpot731,2_foliar_disease,1,,,coconut-tree-disease,Dataset/Coconut Tree Disease Dataset/Gray Leaf Spot/GrayLeafSpot731.jpg
lf2_foliar,GrayLeafSpot732,2_foliar_disease,1,,,coconut-tree-disease,Dataset/Coconut Tree Disease Dataset/Gray Leaf Spot/GrayLeafSpot732.jpg
lf2_foliar,GrayLeafSpot733,2_foliar_disease,1,,,coconut-tree-disease,Dataset/Coconut Tree Disease Dataset/Gray Leaf Spot/GrayLeafSpot733.jpg
lf2_foliar,GrayLeafSpot734,2_foliar_disease,1,,,coconut-tree-disease,Dataset/Coconut Tree Disease Dataset/Gray Leaf Spot/GrayLeafSpot734.jpg
lf2_foliar,GrayLeafSpot735,2_foliar_disease,1,,,coconut-tree-disease,Dataset/Coconut Tree Disease Dataset/Gray Leaf Spot/GrayLeafSpot735.jpg
lf2_foliar,GrayLeafSpot736,2_foliar_disease,1,,,coconut-tree-disease,Dataset/Coconut Tree Disease Dataset/Gray Leaf Spot/GrayLeafSpot736.jpg
lf2_foliar,GrayLeafSpot737,2_foliar_disease,1,,,coconut-tree-disease,Dataset/Coconut Tree Disease Dataset/Gray Leaf Spot/GrayLeafSpot737.jpg
lf2_foliar,GrayLeafSpot738,2_foliar_disease,1,,,coconut-tree-disease,Dataset/Coconut Tree Disease Dataset/Gray Leaf Spot/GrayLeafSpot738.jpg
lf2_foliar,GrayLeafSpot739,2_foliar_disease,1,,,coconut-tree-disease,Dataset/Coconut Tree Disease Dataset/Gray Leaf Spot/GrayLeafSpot739.jpg
lf2_foliar,GrayLeafSpot740,2_foliar_disease,1,,,coconut-tree-disease,Dataset/Coconut Tree Disease Dataset/Gray Leaf Spot/GrayLeafSpot740.jpg
lf2_foliar,GrayLeafSpot741,2_foliar_disease,1,,,coconut-tree-disease,Dataset/Coconut Tree Disease Dataset/Gray Leaf Spot/GrayLeafSpot741.jpg
lf2_foliar,GrayLeafSpot742,2_foliar_disease,1,,,coconut-tree-disease,Dataset/Coconut Tree Disease Dataset/Gray Leaf Spot/GrayLeafSpot742.jpg
lf2_foliar,GrayLeafSpot743,2_foliar_disease,1,,,coconut-tree-disease,Dataset/Coconut Tree Disease Dataset/Gray Leaf Spot/GrayLeafSpot743.jpg
lf2_foliar,GrayLeafSpot744,2_foliar_disease,1,,,coconut-tree-disease,Dataset/Coconut Tree Disease Dataset/Gray Leaf Spot/GrayLeafSpot744.jpg
lf2_foliar,GrayLeafSpot745,2_foliar_disease,1,,,coconut-tree-disease,Dataset/Coconut Tree Disease Dataset/Gray Leaf Spot/GrayLeafSpot745.jpg
lf2_foliar,GrayLeafSpot746,2_foliar_disease,1,,,coconut-tree-disease,Dataset/Coconut Tree Disease Dataset/Gray Leaf Spot/GrayLeafSpot746.jpg
lf2_foliar,GrayLeafSpot747,2_foliar_disease,1,,,coconut-tree-disease,Dataset/Coconut Tree Disease Dataset/Gray Leaf Spot/GrayLeafSpot747.jpg
lf2_foliar,GrayLeafSpot748,2_foliar_disease,1,,,coconut-tree-disease,Dataset/Coconut Tree Disease Dataset/Gray Leaf Spot/GrayLeafSpot748.jpg
lf2_foliar,GrayLeafSpot749,2_foliar_disease,1,,,coconut-tree-disease,Dataset/Coconut Tree Disease Dataset/Gray Leaf Spot/GrayLeafSpot749.jpg
lf2_foliar,GrayLeafSpot750,2_foliar_disease,1,,,coconut-tree-disease,Dataset/Coconut Tree Disease Dataset/Gray Leaf Spot/GrayLeafSpot750.jpg
lf2_foliar,GrayLeafSpot751,2_foliar_disease,1,,,coconut-tree-disease,Dataset/Coconut Tree Disease Dataset/Gray Leaf Spot/GrayLeafSpot751.jpg
lf2_foliar,GrayLeafSpot752,2_foliar_disease,1,,,coconut-tree-disease,Dataset/Coconut Tree Disease Dataset/Gray Leaf Spot/GrayLeafSpot752.jpg
lf2_foliar,GrayLeafSpot753,2_foliar_disease,1,,,coconut-tree-disease,Dataset/Coconut Tree Disease Dataset/Gray Leaf Spot/GrayLeafSpot753.jpg
lf2_foliar,GrayLeafSpot754,2_foliar_disease,1,,,coconut-tree-disease,Dataset/Coconut Tree Disease Dataset/Gray Leaf Spot/GrayLeafSpot754.jpg
lf2_foliar,GrayLeafSpot755,2_foliar_disease,1,,,coconut-tree-disease,Dataset/Coconut Tree Disease Dataset/Gray Leaf Spot/GrayLeafSpot755.jpg
lf2_foliar,GrayLeafSpot756,2_foliar_disease,1,,,coconut-tree-disease,Dataset/Coconut Tree Disease Dataset/Gray Leaf Spot/GrayLeafSpot756.jpg
lf2_foliar,GrayLeafSpot757,2_foliar_disease,1,,,coconut-tree-disease,Dataset/Coconut Tree Disease Dataset/Gray Leaf Spot/GrayLeafSpot757.jpg
lf2_foliar,GrayLeafSpot758,2_foliar_disease,1,,,coconut-tree-disease,Dataset/Coconut Tree Disease Dataset/Gray Leaf Spot/GrayLeafSpot758.jpg
lf2_foliar,GrayLeafSpot759,2_foliar_disease,1,,,coconut-tree-disease,Dataset/Coconut Tree Disease Dataset/Gray Leaf Spot/GrayLeafSpot759.jpg
lf2_foliar,GrayLeafSpot760,2_foliar_disease,1,,,coconut-tree-disease,Dataset/Coconut Tree Disease Dataset/Gray Leaf Spot/GrayLeafSpot760.jpg
lf2_foliar,GrayLeafSpot761,2_foliar_disease,1,,,coconut-tree-disease,Dataset/Coconut Tree Disease Dataset/Gray Leaf Spot/GrayLeafSpot761.jpg
lf2_foliar,GrayLeafSpot762,2_foliar_disease,1,,,coconut-tree-disease,Dataset/Coconut Tree Disease Dataset/Gray Leaf Spot/GrayLeafSpot762.jpg
lf2_foliar,GrayLeafSpot763,2_foliar_disease,1,,,coconut-tree-disease,Dataset/Coconut Tree Disease Dataset/Gray Leaf Spot/GrayLeafSpot763.jpg
lf2_foliar,GrayLeafSpot764,2_foliar_disease,1,,,coconut-tree-disease,Dataset/Coconut Tree Disease Dataset/Gray Leaf Spot/GrayLeafSpot764.jpg
lf2_foliar,GrayLeafSpot765,2_foliar_disease,1,,,coconut-tree-disease,Dataset/Coconut Tree Disease Dataset/Gray Leaf Spot/GrayLeafSpot765.jpg
lf2_foliar,GrayLeafSpot766,2_foliar_disease,1,,,coconut-tree-disease,Dataset/Coconut Tree Disease Dataset/Gray Leaf Spot/GrayLeafSpot766.jpg
lf2_foliar,GrayLeafSpot767,2_foliar_disease,1,,,coconut-tree-disease,Dataset/Coconut Tree Disease Dataset/Gray Leaf Spot/GrayLeafSpot767.jpg
lf2_foliar,GrayLeafSpot768,2_foliar_disease,1,,,coconut-tree-disease,Dataset/Coconut Tree Disease Dataset/Gray Leaf Spot/GrayLeafSpot768.jpg
lf2_foliar,GrayLeafSpot769,2_foliar_disease,1,,,coconut-tree-disease,Dataset/Coconut Tree Disease Dataset/Gray Leaf Spot/GrayLeafSpot769.jpg
lf2_foliar,GrayLeafSpot770,2_foliar_disease,1,,,coconut-tree-disease,Dataset/Coconut Tree Disease Dataset/Gray Leaf Spot/GrayLeafSpot770.jpg
lf2_foliar,GrayLeafSpot771,2_foliar_disease,1,,,coconut-tree-disease,Dataset/Coconut Tree Disease Dataset/Gray Leaf Spot/GrayLeafSpot771.jpg
lf2_foliar,GrayLeafSpot772,2_foliar_disease,1,,,coconut-tree-disease,Dataset/Coconut Tree Disease Dataset/Gray Leaf Spot/GrayLeafSpot772.jpg
lf2_foliar,GrayLeafSpot773,2_foliar_disease,1,,,coconut-tree-disease,Dataset/Coconut Tree Disease Dataset/Gray Leaf Spot/GrayLeafSpot773.jpg
lf2_foliar,GrayLeafSpot774,2_foliar_disease,1,,,coconut-tree-disease,Dataset/Coconut Tree Disease Dataset/Gray Leaf Spot/GrayLeafSpot774.jpg
lf2_foliar,GrayLeafSpot775,2_foliar_disease,1,,,coconut-tree-disease,Dataset/Coconut Tree Disease Dataset/Gray Leaf Spot/GrayLeafSpot775.jpg
lf2_foliar,GrayLeafSpot776,2_foliar_disease,1,,,coconut-tree-disease,Dataset/Coconut Tree Disease Dataset/Gray Leaf Spot/GrayLeafSpot776.jpg
lf2_foliar,GrayLeafSpot777,2_foliar_disease,1,,,coconut-tree-disease,Dataset/Coconut Tree Disease Dataset/Gray Leaf Spot/GrayLeafSpot777.jpg
lf2_foliar,GrayLeafSpot778,2_foliar_disease,1,,,coconut-tree-disease,Dataset/Coconut Tree Disease Dataset/Gray Leaf Spot/GrayLeafSpot778.jpg
lf2_foliar,GrayLeafSpot779,2_foliar_disease,1,,,coconut-tree-disease,Dataset/Coconut Tree Disease Dataset/Gray Leaf Spot/GrayLeafSpot779.jpg
lf2_foliar,GrayLeafSpot780,2_foliar_disease,1,,,coconut-tree-disease,Dataset/Coconut Tree Disease Dataset/Gray Leaf Spot/GrayLeafSpot780.jpg
lf2_foliar,GrayLeafSpot781,2_foliar_disease,1,,,coconut-tree-disease,Dataset/Coconut Tree Disease Dataset/Gray Leaf Spot/GrayLeafSpot781.jpg
lf2_foliar,GrayLeafSpot782,2_foliar_disease,1,,,coconut-tree-disease,Dataset/Coconut Tree Disease Dataset/Gray Leaf Spot/GrayLeafSpot782.jpg
lf2_foliar,GrayLeafSpot783,2_foliar_disease,1,,,coconut-tree-disease,Dataset/Coconut Tree Disease Dataset/Gray Leaf Spot/GrayLeafSpot783.jpg
lf2_foliar,GrayLeafSpot784,2_foliar_disease,1,,,coconut-tree-disease,Dataset/Coconut Tree Disease Dataset/Gray Leaf Spot/GrayLeafSpot784.jpg
lf2_foliar,GrayLeafSpot785,2_foliar_disease,1,,,coconut-tree-disease,Dataset/Coconut Tree Disease Dataset/Gray Leaf Spot/GrayLeafSpot785.jpg
lf2_foliar,GrayLeafSpot786,2_foliar_disease,1,,,coconut-tree-disease,Dataset/Coconut Tree Disease Dataset/Gray Leaf Spot/GrayLeafSpot786.jpg
lf2_foliar,GrayLeafSpot787,2_foliar_disease,1,,,coconut-tree-disease,Dataset/Coconut Tree Disease Dataset/Gray Leaf Spot/GrayLeafSpot787.jpg
lf2_foliar,GrayLeafSpot788,2_foliar_disease,1,,,coconut-tree-disease,Dataset/Coconut Tree Disease Dataset/Gray Leaf Spot/GrayLeafSpot788.jpg
lf2_foliar,GrayLeafSpot789,2_foliar_disease,1,,,coconut-tree-disease,Dataset/Coconut Tree Disease Dataset/Gray Leaf Spot/GrayLeafSpot789.jpg
lf2_foliar,GrayLeafSpot790,2_foliar_disease,1,,,coconut-tree-disease,Dataset/Coconut Tree Disease Dataset/Gray Leaf Spot/GrayLeafSpot790.jpg
lf2_foliar,GrayLeafSpot791,2_foliar_disease,1,,,coconut-tree-disease,Dataset/Coconut Tree Disease Dataset/Gray Leaf Spot/GrayLeafSpot791.jpg
lf2_foliar,GrayLeafSpot792,2_foliar_disease,1,,,coconut-tree-disease,Dataset/Coconut Tree Disease Dataset/Gray Leaf Spot/GrayLeafSpot792.jpg
lf2_foliar,GrayLeafSpot793,2_foliar_disease,1,,,coconut-tree-disease,Dataset/Coconut Tree Disease Dataset/Gray Leaf Spot/GrayLeafSpot793.jpg
lf2_foliar,GrayLeafSpot794,2_foliar_disease,1,,,coconut-tree-disease,Dataset/Coconut Tree Disease Dataset/Gray Leaf Spot/GrayLeafSpot794.jpg
lf2_foliar,GrayLeafSpot795,2_foliar_disease,1,,,coconut-tree-disease,Dataset/Coconut Tree Disease Dataset/Gray Leaf Spot/GrayLeafSpot795.jpg
lf2_foliar,GrayLeafSpot796,2_foliar_disease,1,,,coconut-tree-disease,Dataset/Coconut Tree Disease Dataset/Gray Leaf Spot/GrayLeafSpot796.jpg
lf2_foliar,GrayLeafSpot797,2_foliar_disease,1,,,coconut-tree-disease,Dataset/Coconut Tree Disease Dataset/Gray Leaf Spot/GrayLeafSpot797.jpg
lf2_foliar,GrayLeafSpot798,2_foliar_disease,1,,,coconut-tree-disease,Dataset/Coconut Tree Disease Dataset/Gray Leaf Spot/GrayLeafSpot798.jpg
lf2_foliar,GrayLeafSpot799,2_foliar_disease,1,,,coconut-tree-disease,Dataset/Coconut Tree Disease Dataset/Gray Leaf Spot/GrayLeafSpot799.jpg
lf2_foliar,GrayLeafSpot800,2_foliar_disease,1,,,coconut-tree-disease,Dataset/Coconut Tree Disease Dataset/Gray Leaf Spot/GrayLeafSpot800.jpg
lf2_foliar,GrayLeafSpot801,2_foliar_disease,1,,,coconut-tree-disease,Dataset/Coconut Tree Disease Dataset/Gray Leaf Spot/GrayLeafSpot801.jpg
lf2_foliar,GrayLeafSpot802,2_foliar_disease,1,,,coconut-tree-disease,Dataset/Coconut Tree Disease Dataset/Gray Leaf Spot/GrayLeafSpot802.jpg
lf2_foliar,GrayLeafSpot803,2_foliar_disease,1,,,coconut-tree-disease,Dataset/Coconut Tree Disease Dataset/Gray Leaf Spot/GrayLeafSpot803.jpg
lf2_foliar,GrayLeafSpot804,2_foliar_disease,1,,,coconut-tree-disease,Dataset/Coconut Tree Disease Dataset/Gray Leaf Spot/GrayLeafSpot804.jpg
lf2_foliar,GrayLeafSpot805,2_foliar_disease,1,,,coconut-tree-disease,Dataset/Coconut Tree Disease Dataset/Gray Leaf Spot/GrayLeafSpot805.jpg
lf2_foliar,GrayLeafSpot806,2_foliar_disease,1,,,coconut-tree-disease,Dataset/Coconut Tree Disease Dataset/Gray Leaf Spot/GrayLeafSpot806.jpg
lf2_foliar,GrayLeafSpot807,2_foliar_disease,1,,,coconut-tree-disease,Dataset/Coconut Tree Disease Dataset/Gray Leaf Spot/GrayLeafSpot807.jpg
lf2_foliar,GrayLeafSpot808,2_foliar_disease,1,,,coconut-tree-disease,Dataset/Coconut Tree Disease Dataset/Gray Leaf Spot/GrayLeafSpot808.jpg
lf2_foliar,GrayLeafSpot809,2_foliar_disease,1,,,coconut-tree-disease,Dataset/Coconut Tree Disease Dataset/Gray Leaf Spot/GrayLeafSpot809.jpg
lf2_foliar,GrayLeafSpot810,2_foliar_disease,1,,,coconut-tree-disease,Dataset/Coconut Tree Disease Dataset/Gray Leaf Spot/GrayLeafSpot810.jpg
lf2_foliar,GrayLeafSpot811,2_foliar_disease,1,,,coconut-tree-disease,Dataset/Coconut Tree Disease Dataset/Gray Leaf Spot/GrayLeafSpot811.jpg
lf2_foliar,GrayLeafSpot812,2_foliar_disease,1,,,coconut-tree-disease,Dataset/Coconut Tree Disease Dataset/Gray Leaf Spot/GrayLeafSpot812.jpg
lf2_foliar,GrayLeafSpot813,2_foliar_disease,1,,,coconut-tree-disease,Dataset/Coconut Tree Disease Dataset/Gray Leaf Spot/GrayLeafSpot813.jpg
lf2_foliar,GrayLeafSpot814,2_foliar_disease,1,,,coconut-tree-disease,Dataset/Coconut Tree Disease Dataset/Gray Leaf Spot/GrayLeafSpot814.jpg
lf2_foliar,GrayLeafSpot815,2_foliar_disease,1,,,coconut-tree-disease,Dataset/Coconut Tree Disease Dataset/Gray Leaf Spot/GrayLeafSpot815.jpg
lf2_foliar,GrayLeafSpot816,2_foliar_disease,1,,,coconut-tree-disease,Dataset/Coconut Tree Disease Dataset/Gray Leaf Spot/GrayLeafSpot816.jpg
lf2_foliar,GrayLeafSpot817,2_foliar_disease,1,,,coconut-tree-disease,Dataset/Coconut Tree Disease Dataset/Gray Leaf Spot/GrayLeafSpot817.jpg
lf2_foliar,GrayLeafSpot818,2_foliar_disease,1,,,coconut-tree-disease,Dataset/Coconut Tree Disease Dataset/Gray Leaf Spot/GrayLeafSpot818.jpg
lf2_foliar,GrayLeafSpot819,2_foliar_disease,1,,,coconut-tree-disease,Dataset/Coconut Tree Disease Dataset/Gray Leaf Spot/GrayLeafSpot819.jpg
lf2_foliar,GrayLeafSpot820,2_foliar_disease,1,,,coconut-tree-disease,Dataset/Coconut Tree Disease Dataset/Gray Leaf Spot/GrayLeafSpot820.jpg
lf2_foliar,GrayLeafSpot821,2_foliar_disease,1,,,coconut-tree-disease,Dataset/Coconut Tree Disease Dataset/Gray Leaf Spot/GrayLeafSpot821.jpg
lf2_foliar,GrayLeafSpot822,2_foliar_disease,1,,,coconut-tree-disease,Dataset/Coconut Tree Disease Dataset/Gray Leaf Spot/GrayLeafSpot822.jpg
lf2_foliar,GrayLeafSpot823,2_foliar_disease,1,,,coconut-tree-disease,Dataset/Coconut Tree Disease Dataset/Gray Leaf Spot/GrayLeafSpot823.jpg
lf2_foliar,GrayLeafSpot824,2_foliar_disease,1,,,coconut-tree-disease,Dataset/Coconut Tree Disease Dataset/Gray Leaf Spot/GrayLeafSpot824.jpg
lf2_foliar,GrayLeafSpot825,2_foliar_disease,1,,,coconut-tree-disease,Dataset/Coconut Tree Disease Dataset/Gray Leaf Spot/GrayLeafSpot825.jpg
lf2_foliar,GrayLeafSpot826,2_foliar_disease,1,,,coconut-tree-disease,Dataset/Coconut Tree Disease Dataset/Gray Leaf Spot/GrayLeafSpot826.jpg
lf2_foliar,GrayLeafSpot827,2_foliar_disease,1,,,coconut-tree-disease,Dataset/Coconut Tree Disease Dataset/Gray Leaf Spot/GrayLeafSpot827.jpg
lf2_foliar,GrayLeafSpot828,2_foliar_disease,1,,,coconut-tree-disease,Dataset/Coconut Tree Disease Dataset/Gray Leaf Spot/GrayLeafSpot828.jpg
lf2_foliar,GrayLeafSpot829,2_foliar_disease,1,,,coconut-tree-disease,Dataset/Coconut Tree Disease Dataset/Gray Leaf Spot/GrayLeafSpot829.jpg
lf2_foliar,GrayLeafSpot830,2_foliar_disease,1,,,coconut-tree-disease,Dataset/Coconut Tree Disease Dataset/Gray Leaf Spot/GrayLeafSpot830.jpg
lf2_foliar,GrayLeafSpot831,2_foliar_disease,1,,,coconut-tree-disease,Dataset/Coconut Tree Disease Dataset/Gray Leaf Spot/GrayLeafSpot831.jpg
lf2_foliar,GrayLeafSpot832,2_foliar_disease,1,,,coconut-tree-disease,Dataset/Coconut Tree Disease Dataset/Gray Leaf Spot/GrayLeafSpot832.jpg
lf2_foliar,GrayLeafSpot833,2_foliar_disease,1,,,coconut-tree-disease,Dataset/Coconut Tree Disease Dataset/Gray Leaf Spot/GrayLeafSpot833.jpg
lf2_foliar,GrayLeafSpot834,2_foliar_disease,1,,,coconut-tree-disease,Dataset/Coconut Tree Disease Dataset/Gray Leaf Spot/GrayLeafSpot834.jpg
lf2_foliar,GrayLeafSpot835,2_foliar_disease,1,,,coconut-tree-disease,Dataset/Coconut Tree Disease Dataset/Gray Leaf Spot/GrayLeafSpot835.jpg
lf2_foliar,GrayLeafSpot836,2_foliar_disease,1,,,coconut-tree-disease,Dataset/Coconut Tree Disease Dataset/Gray Leaf Spot/GrayLeafSpot836.jpg
lf2_foliar,GrayLeafSpot837,2_foliar_disease,1,,,coconut-tree-disease,Dataset/Coconut Tree Disease Dataset/Gray Leaf Spot/GrayLeafSpot837.jpg
lf2_foliar,GrayLeafSpot838,2_foliar_disease,1,,,coconut-tree-disease,Dataset/Coconut Tree Disease Dataset/Gray Leaf Spot/GrayLeafSpot838.jpg
lf2_foliar,GrayLeafSpot839,2_foliar_disease,1,,,coconut-tree-disease,Dataset/Coconut Tree Disease Dataset/Gray Leaf Spot/GrayLeafSpot839.jpg
lf2_foliar,GrayLeafSpot840,2_foliar_disease,1,,,coconut-tree-disease,Dataset/Coconut Tree Disease Dataset/Gray Leaf Spot/GrayLeafSpot840.jpg
lf2_foliar,GrayLeafSpot841,2_foliar_disease,1,,,coconut-tree-disease,Dataset/Coconut Tree Disease Dataset/Gray Leaf Spot/GrayLeafSpot841.jpg
lf2_foliar,GrayLeafSpot842,2_foliar_disease,1,,,coconut-tree-disease,Dataset/Coconut Tree Disease Dataset/Gray Leaf Spot/GrayLeafSpot842.jpg
lf2_foliar,GrayLeafSpot843,2_foliar_disease,1,,,coconut-tree-disease,Dataset/Coconut Tree Disease Dataset/Gray Leaf Spot/GrayLeafSpot843.jpg
lf2_foliar,GrayLeafSpot844,2_foliar_disease,1,,,coconut-tree-disease,Dataset/Coconut Tree Disease Dataset/Gray Leaf Spot/GrayLeafSpot844.jpg
lf2_foliar,GrayLeafSpot845,2_foliar_disease,1,,,coconut-tree-disease,Dataset/Coconut Tree Disease Dataset/Gray Leaf Spot/GrayLeafSpot845.jpg
lf2_foliar,GrayLeafSpot846,2_foliar_disease,1,,,coconut-tree-disease,Dataset/Coconut Tree Disease Dataset/Gray Leaf Spot/GrayLeafSpot846.jpg
lf2_foliar,GrayLeafSpot847,2_foliar_disease,1,,,coconut-tree-disease,Dataset/Coconut Tree Disease Dataset/Gray Leaf Spot/GrayLeafSpot847.jpg
lf2_foliar,GrayLeafSpot848,2_foliar_disease,1,,,coconut-tree-disease,Dataset/Coconut Tree Disease Dataset/Gray Leaf Spot/GrayLeafSpot848.jpg
lf2_foliar,GrayLeafSpot849,2_foliar_disease,1,,,coconut-tree-disease,Dataset/Coconut Tree Disease Dataset/Gray Leaf Spot/GrayLeafSpot849.jpg
lf2_foliar,GrayLeafSpot850,2_foliar_disease,1,,,coconut-tree-disease,Dataset/Coconut Tree Disease Dataset/Gray Leaf Spot/GrayLeafSpot850.jpg
lf2_foliar,GrayLeafSpot851,2_foliar_disease,1,,,coconut-tree-disease,Dataset/Coconut Tree Disease Dataset/Gray Leaf Spot/GrayLeafSpot851.jpg
lf2_foliar,GrayLeafSpot852,2_foliar_disease,1,,,coconut-tree-disease,Dataset/Coconut Tree Disease Dataset/Gray Leaf Spot/GrayLeafSpot852.jpg
lf2_foliar,GrayLeafSpot853,2_foliar_disease,1,,,coconut-tree-disease,Dataset/Coconut Tree Disease Dataset/Gray Leaf Spot/GrayLeafSpot853.jpg
lf2_foliar,GrayLeafSpot854,2_foliar_disease,1,,,coconut-tree-disease,Dataset/Coconut Tree Disease Dataset/Gray Leaf Spot/GrayLeafSpot854.jpg
lf2_foliar,GrayLeafSpot855,2_foliar_disease,1,,,coconut-tree-disease,Dataset/Coconut Tree Disease Dataset/Gray Leaf Spot/GrayLeafSpot855.jpg
lf2_foliar,GrayLeafSpot856,2_foliar_disease,1,,,coconut-tree-disease,Dataset/Coconut Tree Disease Dataset/Gray Leaf Spot/GrayLeafSpot856.jpg
lf2_foliar,GrayLeafSpot857,2_foliar_disease,1,,,coconut-tree-disease,Dataset/Coconut Tree Disease Dataset/Gray Leaf Spot/GrayLeafSpot857.jpg
lf2_foliar,GrayLeafSpot858,2_foliar_disease,1,,,coconut-tree-disease,Dataset/Coconut Tree Disease Dataset/Gray Leaf Spot/GrayLeafSpot858.jpg
lf2_foliar,GrayLeafSpot859,2_foliar_disease,1,,,coconut-tree-disease,Dataset/Coconut Tree Disease Dataset/Gray Leaf Spot/GrayLeafSpot859.jpg
lf2_foliar,GrayLeafSpot860,2_foliar_disease,1,,,coconut-tree-disease,Dataset/Coconut Tree Disease Dataset/Gray Leaf Spot/GrayLeafSpot860.jpg
lf2_foliar,GrayLeafSpot861,2_foliar_disease,1,,,coconut-tree-disease,Dataset/Coconut Tree Disease Dataset/Gray Leaf Spot/GrayLeafSpot861.jpg
lf2_foliar,GrayLeafSpot862,2_foliar_disease,1,,,coconut-tree-disease,Dataset/Coconut Tree Disease Dataset/Gray Leaf Spot/GrayLeafSpot862.jpg
lf2_foliar,GrayLeafSpot863,2_foliar_disease,1,,,coconut-tree-disease,Dataset/Coconut Tree Disease Dataset/Gray Leaf Spot/GrayLeafSpot863.jpg
lf2_foliar,GrayLeafSpot864,2_foliar_disease,1,,,coconut-tree-disease,Dataset/Coconut Tree Disease Dataset/Gray Leaf Spot/GrayLeafSpot864.jpg
lf2_foliar,GrayLeafSpot865,2_foliar_disease,1,,,coconut-tree-disease,Dataset/Coconut Tree Disease Dataset/Gray Leaf Spot/GrayLeafSpot865.jpg
lf2_foliar,GrayLeafSpot866,2_foliar_disease,1,,,coconut-tree-disease,Dataset/Coconut Tree Disease Dataset/Gray Leaf Spot/GrayLeafSpot866.jpg
lf2_foliar,GrayLeafSpot867,2_foliar_disease,1,,,coconut-tree-disease,Dataset/Coconut Tree Disease Dataset/Gray Leaf Spot/GrayLeafSpot867.jpg
lf2_foliar,GrayLeafSpot868,2_foliar_disease,1,,,coconut-tree-disease,Dataset/Coconut Tree Disease Dataset/Gray Leaf Spot/GrayLeafSpot868.jpg
lf2_foliar,GrayLeafSpot869,2_foliar_disease,1,,,coconut-tree-disease,Dataset/Coconut Tree Disease Dataset/Gray Leaf Spot/GrayLeafSpot869.jpg
lf2_foliar,GrayLeafSpot870,2_foliar_disease,1,,,coconut-tree-disease,Dataset/Coconut Tree Disease Dataset/Gray Leaf Spot/GrayLeafSpot870.jpg
lf2_foliar,GrayLeafSpot871,2_foliar_disease,1,,,coconut-tree-disease,Dataset/Coconut Tree Disease Dataset/Gray Leaf Spot/GrayLeafSpot871.jpg
lf2_foliar,GrayLeafSpot872,2_foliar_disease,1,,,coconut-tree-disease,Dataset/Coconut Tree Disease Dataset/Gray Leaf Spot/GrayLeafSpot872.jpg
lf2_foliar,GrayLeafSpot873,2_foliar_disease,1,,,coconut-tree-disease,Dataset/Coconut Tree Disease Dataset/Gray Leaf Spot/GrayLeafSpot873.jpg
lf2_foliar,GrayLeafSpot874,2_foliar_disease,1,,,coconut-tree-disease,Dataset/Coconut Tree Disease Dataset/Gray Leaf Spot/GrayLeafSpot874.jpg
lf2_foliar,GrayLeafSpot875,2_foliar_disease,1,,,coconut-tree-disease,Dataset/Coconut Tree Disease Dataset/Gray Leaf Spot/GrayLeafSpot875.jpg
lf2_foliar,GrayLeafSpot876,2_foliar_disease,1,,,coconut-tree-disease,Dataset/Coconut Tree Disease Dataset/Gray Leaf Spot/GrayLeafSpot876.jpg
lf2_foliar,GrayLeafSpot877,2_foliar_disease,1,,,coconut-tree-disease,Dataset/Coconut Tree Disease Dataset/Gray Leaf Spot/GrayLeafSpot877.jpg
lf2_foliar,GrayLeafSpot878,2_foliar_disease,1,,,coconut-tree-disease,Dataset/Coconut Tree Disease Dataset/Gray Leaf Spot/GrayLeafSpot878.jpg
lf2_foliar,GrayLeafSpot879,2_foliar_disease,1,,,coconut-tree-disease,Dataset/Coconut Tree Disease Dataset/Gray Leaf Spot/GrayLeafSpot879.jpg
lf2_foliar,GrayLeafSpot880,2_foliar_disease,1,,,coconut-tree-disease,Dataset/Coconut Tree Disease Dataset/Gray Leaf Spot/GrayLeafSpot880.jpg
lf2_foliar,GrayLeafSpot881,2_foliar_disease,1,,,coconut-tree-disease,Dataset/Coconut Tree Disease Dataset/Gray Leaf Spot/GrayLeafSpot881.jpg
lf2_foliar,GrayLeafSpot882,2_foliar_disease,1,,,coconut-tree-disease,Dataset/Coconut Tree Disease Dataset/Gray Leaf Spot/GrayLeafSpot882.jpg
lf2_foliar,GrayLeafSpot883,2_foliar_disease,1,,,coconut-tree-disease,Dataset/Coconut Tree Disease Dataset/Gray Leaf Spot/GrayLeafSpot883.jpg
lf2_foliar,GrayLeafSpot884,2_foliar_disease,1,,,coconut-tree-disease,Dataset/Coconut Tree Disease Dataset/Gray Leaf Spot/GrayLeafSpot884.jpg
lf2_foliar,GrayLeafSpot885,2_foliar_disease,1,,,coconut-tree-disease,Dataset/Coconut Tree Disease Dataset/Gray Leaf Spot/GrayLeafSpot885.jpg
lf2_foliar,GrayLeafSpot886,2_foliar_disease,1,,,coconut-tree-disease,Dataset/Coconut Tree Disease Dataset/Gray Leaf Spot/GrayLeafSpot886.jpg
lf2_foliar,GrayLeafSpot887,2_foliar_disease,1,,,coconut-tree-disease,Dataset/Coconut Tree Disease Dataset/Gray Leaf Spot/GrayLeafSpot887.jpg
lf2_foliar,GrayLeafSpot888,2_foliar_disease,1,,,coconut-tree-disease,Dataset/Coconut Tree Disease Dataset/Gray Leaf Spot/GrayLeafSpot888.jpg
lf2_foliar,GrayLeafSpot889,2_foliar_disease,1,,,coconut-tree-disease,Dataset/Coconut Tree Disease Dataset/Gray Leaf Spot/GrayLeafSpot889.jpg
lf2_foliar,GrayLeafSpot890,2_foliar_disease,1,,,coconut-tree-disease,Dataset/Coconut Tree Disease Dataset/Gray Leaf Spot/GrayLeafSpot890.jpg
lf2_foliar,GrayLeafSpot891,2_foliar_disease,1,,,coconut-tree-disease,Dataset/Coconut Tree Disease Dataset/Gray Leaf Spot/GrayLeafSpot891.jpg
lf2_foliar,GrayLeafSpot892,2_foliar_disease,1,,,coconut-tree-disease,Dataset/Coconut Tree Disease Dataset/Gray Leaf Spot/GrayLeafSpot892.jpg
lf2_foliar,GrayLeafSpot893,2_foliar_disease,1,,,coconut-tree-disease,Dataset/Coconut Tree Disease Dataset/Gray Leaf Spot/GrayLeafSpot893.jpg
lf2_foliar,GrayLeafSpot894,2_foliar_disease,1,,,coconut-tree-disease,Dataset/Coconut Tree Disease Dataset/Gray Leaf Spot/GrayLeafSpot894.jpg
lf2_foliar,GrayLeafSpot895,2_foliar_disease,1,,,coconut-tree-disease,Dataset/Coconut Tree Disease Dataset/Gray Leaf Spot/GrayLeafSpot895.jpg
lf2_foliar,GrayLeafSpot896,2_foliar_disease,1,,,coconut-tree-disease,Dataset/Coconut Tree Disease Dataset/Gray Leaf Spot/GrayLeafSpot896.jpg
lf2_foliar,GrayLeafSpot897,2_foliar_disease,1,,,coconut-tree-disease,Dataset/Coconut Tree Disease Dataset/Gray Leaf Spot/GrayLeafSpot897.jpg
lf2_foliar,GrayLeafSpot898,2_foliar_disease,1,,,coconut-tree-disease,Dataset/Coconut Tree Disease Dataset/Gray Leaf Spot/GrayLeafSpot898.jpg
lf2_foliar,GrayLeafSpot899,2_foliar_disease,1,,,coconut-tree-disease,Dataset/Coconut Tree Disease Dataset/Gray Leaf Spot/GrayLeafSpot899.jpg
lf2_foliar,GrayLeafSpot900,2_foliar_disease,1,,,coconut-tree-disease,Dataset/Coconut Tree Disease Dataset/Gray Leaf Spot/GrayLeafSpot900.jpg
lf2_foliar,GrayLeafSpot901,2_foliar_disease,1,,,coconut-tree-disease,Dataset/Coconut Tree Disease Dataset/Gray Leaf Spot/GrayLeafSpot901.jpg
lf2_foliar,GrayLeafSpot902,2_foliar_disease,1,,,coconut-tree-disease,Dataset/Coconut Tree Disease Dataset/Gray Leaf Spot/GrayLeafSpot902.jpg
lf2_foliar,GrayLeafSpot903,2_foliar_disease,1,,,coconut-tree-disease,Dataset/Coconut Tree Disease Dataset/Gray Leaf Spot/GrayLeafSpot903.jpg
lf2_foliar,GrayLeafSpot904,2_foliar_disease,1,,,coconut-tree-disease,Dataset/Coconut Tree Disease Dataset/Gray Leaf Spot/GrayLeafSpot904.jpg
lf2_foliar,GrayLeafSpot905,2_foliar_disease,1,,,coconut-tree-disease,Dataset/Coconut Tree Disease Dataset/Gray Leaf Spot/GrayLeafSpot905.jpg
lf2_foliar,GrayLeafSpot906,2_foliar_disease,1,,,coconut-tree-disease,Dataset/Coconut Tree Disease Dataset/Gray Leaf Spot/GrayLeafSpot906.jpg
lf2_foliar,GrayLeafSpot907,2_foliar_disease,1,,,coconut-tree-disease,Dataset/Coconut Tree Disease Dataset/Gray Leaf Spot/GrayLeafSpot907.jpg
lf2_foliar,GrayLeafSpot908,2_foliar_disease,1,,,coconut-tree-disease,Dataset/Coconut Tree Disease Dataset/Gray Leaf Spot/GrayLeafSpot908.jpg
lf2_foliar,GrayLeafSpot909,2_foliar_disease,1,,,coconut-tree-disease,Dataset/Coconut Tree Disease Dataset/Gray Leaf Spot/GrayLeafSpot909.jpg
lf2_foliar,GrayLeafSpot910,2_foliar_disease,1,,,coconut-tree-disease,Dataset/Coconut Tree Disease Dataset/Gray Leaf Spot/GrayLeafSpot910.jpg
lf2_foliar,GrayLeafSpot911,2_foliar_disease,1,,,coconut-tree-disease,Dataset/Coconut Tree Disease Dataset/Gray Leaf Spot/GrayLeafSpot911.jpg
lf2_foliar,GrayLeafSpot912,2_foliar_disease,1,,,coconut-tree-disease,Dataset/Coconut Tree Disease Dataset/Gray Leaf Spot/GrayLeafSpot912.jpg
lf2_foliar,GrayLeafSpot913,2_foliar_disease,1,,,coconut-tree-disease,Dataset/Coconut Tree Disease Dataset/Gray Leaf Spot/GrayLeafSpot913.jpg
lf2_foliar,GrayLeafSpot914,2_foliar_disease,1,,,coconut-tree-disease,Dataset/Coconut Tree Disease Dataset/Gray Leaf Spot/GrayLeafSpot914.jpg
lf2_foliar,GrayLeafSpot915,2_foliar_disease,1,,,coconut-tree-disease,Dataset/Coconut Tree Disease Dataset/Gray Leaf Spot/GrayLeafSpot915.jpg
lf2_foliar,GrayLeafSpot916,2_foliar_disease,1,,,coconut-tree-disease,Dataset/Coconut Tree Disease Dataset/Gray Leaf Spot/GrayLeafSpot916.jpg
lf2_foliar,GrayLeafSpot917,2_foliar_disease,1,,,coconut-tree-disease,Dataset/Coconut Tree Disease Dataset/Gray Leaf Spot/GrayLeafSpot917.jpg
lf2_foliar,GrayLeafSpot918,2_foliar_disease,1,,,coconut-tree-disease,Dataset/Coconut Tree Disease Dataset/Gray Leaf Spot/GrayLeafSpot918.jpg
lf2_foliar,GrayLeafSpot919,2_foliar_disease,1,,,coconut-tree-disease,Dataset/Coconut Tree Disease Dataset/Gray Leaf Spot/GrayLeafSpot919.jpg
lf2_foliar,GrayLeafSpot920,2_foliar_disease,1,,,coconut-tree-disease,Dataset/Coconut Tree Disease Dataset/Gray Leaf Spot/GrayLeafSpot920.jpg
lf2_foliar,GrayLeafSpot921,2_foliar_disease,1,,,coconut-tree-disease,Dataset/Coconut Tree Disease Dataset/Gray Leaf Spot/GrayLeafSpot921.jpg
lf2_foliar,GrayLeafSpot922,2_foliar_disease,1,,,coconut-tree-disease,Dataset/Coconut Tree Disease Dataset/Gray Leaf Spot/GrayLeafSpot922.jpg
lf2_foliar,GrayLeafSpot923,2_foliar_disease,1,,,coconut-tree-disease,Dataset/Coconut Tree Disease Dataset/Gray Leaf Spot/GrayLeafSpot923.jpg
lf2_foliar,GrayLeafSpot924,2_foliar_disease,1,,,coconut-tree-disease,Dataset/Coconut Tree Disease Dataset/Gray Leaf Spot/GrayLeafSpot924.jpg
lf2_foliar,GrayLeafSpot925,2_foliar_disease,1,,,coconut-tree-disease,Dataset/Coconut Tree Disease Dataset/Gray Leaf Spot/GrayLeafSpot925.jpg
lf2_foliar,GrayLeafSpot926,2_foliar_disease,1,,,coconut-tree-disease,Dataset/Coconut Tree Disease Dataset/Gray Leaf Spot/GrayLeafSpot926.jpg
lf2_foliar,GrayLeafSpot927,2_foliar_disease,1,,,coconut-tree-disease,Dataset/Coconut Tree Disease Dataset/Gray Leaf Spot/GrayLeafSpot927.jpg
lf2_foliar,GrayLeafSpot928,2_foliar_disease,1,,,coconut-tree-disease,Dataset/Coconut Tree Disease Dataset/Gray Leaf Spot/GrayLeafSpot928.jpg
lf2_foliar,GrayLeafSpot929,2_foliar_disease,1,,,coconut-tree-disease,Dataset/Coconut Tree Disease Dataset/Gray Leaf Spot/GrayLeafSpot929.jpg
lf2_foliar,GrayLeafSpot930,2_foliar_disease,1,,,coconut-tree-disease,Dataset/Coconut Tree Disease Dataset/Gray Leaf Spot/GrayLeafSpot930.jpg
lf2_foliar,GrayLeafSpot931,2_foliar_disease,1,,,coconut-tree-disease,Dataset/Coconut Tree Disease Dataset/Gray Leaf Spot/GrayLeafSpot931.jpg
lf2_foliar,GrayLeafSpot932,2_foliar_disease,1,,,coconut-tree-disease,Dataset/Coconut Tree Disease Dataset/Gray Leaf Spot/GrayLeafSpot932.jpg
lf2_foliar,GrayLeafSpot933,2_foliar_disease,1,,,coconut-tree-disease,Dataset/Coconut Tree Disease Dataset/Gray Leaf Spot/GrayLeafSpot933.jpg
lf2_foliar,GrayLeafSpot934,2_foliar_disease,1,,,coconut-tree-disease,Dataset/Coconut Tree Disease Dataset/Gray Leaf Spot/GrayLeafSpot934.jpg
lf2_foliar,GrayLeafSpot935,2_foliar_disease,1,,,coconut-tree-disease,Dataset/Coconut Tree Disease Dataset/Gray Leaf Spot/GrayLeafSpot935.jpg
lf2_foliar,GrayLeafSpot936,2_foliar_disease,1,,,coconut-tree-disease,Dataset/Coconut Tree Disease Dataset/Gray Leaf Spot/GrayLeafSpot936.jpg
lf2_foliar,GrayLeafSpot937,2_foliar_disease,1,,,coconut-tree-disease,Dataset/Coconut Tree Disease Dataset/Gray Leaf Spot/GrayLeafSpot937.jpg
lf2_foliar,GrayLeafSpot938,2_foliar_disease,1,,,coconut-tree-disease,Dataset/Coconut Tree Disease Dataset/Gray Leaf Spot/GrayLeafSpot938.jpg
lf2_foliar,GrayLeafSpot939,2_foliar_disease,1,,,coconut-tree-disease,Dataset/Coconut Tree Disease Dataset/Gray Leaf Spot/GrayLeafSpot939.jpg
lf2_foliar,GrayLeafSpot940,2_foliar_disease,1,,,coconut-tree-disease,Dataset/Coconut Tree Disease Dataset/Gray Leaf Spot/GrayLeafSpot940.jpg
lf2_foliar,GrayLeafSpot941,2_foliar_disease,1,,,coconut-tree-disease,Dataset/Coconut Tree Disease Dataset/Gray Leaf Spot/GrayLeafSpot941.jpg
lf2_foliar,GrayLeafSpot942,2_foliar_disease,1,,,coconut-tree-disease,Dataset/Coconut Tree Disease Dataset/Gray Leaf Spot/GrayLeafSpot942.jpg
lf2_foliar,GrayLeafSpot943,2_foliar_disease,1,,,coconut-tree-disease,Dataset/Coconut Tree Disease Dataset/Gray Leaf Spot/GrayLeafSpot943.jpg
lf2_foliar,GrayLeafSpot944,2_foliar_disease,1,,,coconut-tree-disease,Dataset/Coconut Tree Disease Dataset/Gray Leaf Spot/GrayLeafSpot944.jpg
lf2_foliar,GrayLeafSpot945,2_foliar_disease,1,,,coconut-tree-disease,Dataset/Coconut Tree Disease Dataset/Gray Leaf Spot/GrayLeafSpot945.jpg
lf2_foliar,GrayLeafSpot946,2_foliar_disease,1,,,coconut-tree-disease,Dataset/Coconut Tree Disease Dataset/Gray Leaf Spot/GrayLeafSpot946.jpg
lf2_foliar,GrayLeafSpot947,2_foliar_disease,1,,,coconut-tree-disease,Dataset/Coconut Tree Disease Dataset/Gray Leaf Spot/GrayLeafSpot947.jpg
lf2_foliar,GrayLeafSpot948,2_foliar_disease,1,,,coconut-tree-disease,Dataset/Coconut Tree Disease Dataset/Gray Leaf Spot/GrayLeafSpot948.jpg
lf2_foliar,GrayLeafSpot949,2_foliar_disease,1,,,coconut-tree-disease,Dataset/Coconut Tree Disease Dataset/Gray Leaf Spot/GrayLeafSpot949.jpg
lf2_foliar,GrayLeafSpot950,2_foliar_disease,1,,,coconut-tree-disease,Dataset/Coconut Tree Disease Dataset/Gray Leaf Spot/GrayLeafSpot950.jpg
lf2_foliar,GrayLeafSpot951,2_foliar_disease,1,,,coconut-tree-disease,Dataset/Coconut Tree Disease Dataset/Gray Leaf Spot/GrayLeafSpot951.jpg
lf2_foliar,GrayLeafSpot952,2_foliar_disease,1,,,coconut-tree-disease,Dataset/Coconut Tree Disease Dataset/Gray Leaf Spot/GrayLeafSpot952.jpg
lf2_foliar,GrayLeafSpot953,2_foliar_disease,1,,,coconut-tree-disease,Dataset/Coconut Tree Disease Dataset/Gray Leaf Spot/GrayLeafSpot953.jpg
lf2_foliar,GrayLeafSpot954,2_foliar_disease,1,,,coconut-tree-disease,Dataset/Coconut Tree Disease Dataset/Gray Leaf Spot/GrayLeafSpot954.jpg
lf2_foliar,GrayLeafSpot955,2_foliar_disease,1,,,coconut-tree-disease,Dataset/Coconut Tree Disease Dataset/Gray Leaf Spot/GrayLeafSpot955.jpg
lf2_foliar,GrayLeafSpot956,2_foliar_disease,1,,,coconut-tree-disease,Dataset/Coconut Tree Disease Dataset/Gray Leaf Spot/GrayLeafSpot956.jpg
lf2_foliar,GrayLeafSpot957,2_foliar_disease,1,,,coconut-tree-disease,Dataset/Coconut Tree Disease Dataset/Gray Leaf Spot/GrayLeafSpot957.jpg
lf2_foliar,GrayLeafSpot958,2_foliar_disease,1,,,coconut-tree-disease,Dataset/Coconut Tree Disease Dataset/Gray Leaf Spot/GrayLeafSpot958.jpg
lf2_foliar,GrayLeafSpot959,2_foliar_disease,1,,,coconut-tree-disease,Dataset/Coconut Tree Disease Dataset/Gray Leaf Spot/GrayLeafSpot959.jpg
lf2_foliar,GrayLeafSpot960,2_foliar_disease,1,,,coconut-tree-disease,Dataset/Coconut Tree Disease Dataset/Gray Leaf Spot/GrayLeafSpot960.jpg
lf2_foliar,GrayLeafSpot961,2_foliar_disease,1,,,coconut-tree-disease,Dataset/Coconut Tree Disease Dataset/Gray Leaf Spot/GrayLeafSpot961.jpg
lf2_foliar,GrayLeafSpot962,2_foliar_disease,1,,,coconut-tree-disease,Dataset/Coconut Tree Disease Dataset/Gray Leaf Spot/GrayLeafSpot962.jpg
lf2_foliar,GrayLeafSpot963,2_foliar_disease,1,,,coconut-tree-disease,Dataset/Coconut Tree Disease Dataset/Gray Leaf Spot/GrayLeafSpot963.jpg
lf2_foliar,GrayLeafSpot964,2_foliar_disease,1,,,coconut-tree-disease,Dataset/Coconut Tree Disease Dataset/Gray Leaf Spot/GrayLeafSpot964.jpg
lf2_foliar,GrayLeafSpot965,2_foliar_disease,1,,,coconut-tree-disease,Dataset/Coconut Tree Disease Dataset/Gray Leaf Spot/GrayLeafSpot965.jpg
lf2_foliar,GrayLeafSpot966,2_foliar_disease,1,,,coconut-tree-disease,Dataset/Coconut Tree Disease Dataset/Gray Leaf Spot/GrayLeafSpot966.jpg
lf2_foliar,GrayLeafSpot967,2_foliar_disease,1,,,coconut-tree-disease,Dataset/Coconut Tree Disease Dataset/Gray Leaf Spot/GrayLeafSpot967.jpg
lf2_foliar,GrayLeafSpot968,2_foliar_disease,1,,,coconut-tree-disease,Dataset/Coconut Tree Disease Dataset/Gray Leaf Spot/GrayLeafSpot968.jpg
lf2_foliar,GrayLeafSpot969,2_foliar_disease,1,,,coconut-tree-disease,Dataset/Coconut Tree Disease Dataset/Gray Leaf Spot/GrayLeafSpot969.jpg
lf2_foliar,GrayLeafSpot970,2_foliar_disease,1,,,coconut-tree-disease,Dataset/Coconut Tree Disease Dataset/Gray Leaf Spot/GrayLeafSpot970.jpg
lf2_foliar,GrayLeafSpot971,2_foliar_disease,1,,,coconut-tree-disease,Dataset/Coconut Tree Disease Dataset/Gray Leaf Spot/GrayLeafSpot971.jpg
lf2_foliar,GrayLeafSpot972,2_foliar_disease,1,,,coconut-tree-disease,Dataset/Coconut Tree Disease Dataset/Gray Leaf Spot/GrayLeafSpot972.jpg
lf2_foliar,GrayLeafSpot973,2_foliar_disease,1,,,coconut-tree-disease,Dataset/Coconut Tree Disease Dataset/Gray Leaf Spot/GrayLeafSpot973.jpg
lf2_foliar,GrayLeafSpot974,2_foliar_disease,1,,,coconut-tree-disease,Dataset/Coconut Tree Disease Dataset/Gray Leaf Spot/GrayLeafSpot974.jpg
lf2_foliar,GrayLeafSpot975,2_foliar_disease,1,,,coconut-tree-disease,Dataset/Coconut Tree Disease Dataset/Gray Leaf Spot/GrayLeafSpot975.jpg
lf2_foliar,GrayLeafSpot976,2_foliar_disease,1,,,coconut-tree-disease,Dataset/Coconut Tree Disease Dataset/Gray Leaf Spot/GrayLeafSpot976.jpg
lf2_foliar,GrayLeafSpot977,2_foliar_disease,1,,,coconut-tree-disease,Dataset/Coconut Tree Disease Dataset/Gray Leaf Spot/GrayLeafSpot977.jpg
lf2_foliar,GrayLeafSpot978,2_foliar_disease,1,,,coconut-tree-disease,Dataset/Coconut Tree Disease Dataset/Gray Leaf Spot/GrayLeafSpot978.jpg
lf2_foliar,GrayLeafSpot979,2_foliar_disease,1,,,coconut-tree-disease,Dataset/Coconut Tree Disease Dataset/Gray Leaf Spot/GrayLeafSpot979.jpg
lf2_foliar,GrayLeafSpot980,2_foliar_disease,1,,,coconut-tree-disease,Dataset/Coconut Tree Disease Dataset/Gray Leaf Spot/GrayLeafSpot980.jpg
lf2_foliar,GrayLeafSpot981,2_foliar_disease,1,,,coconut-tree-disease,Dataset/Coconut Tree Disease Dataset/Gray Leaf Spot/GrayLeafSpot981.jpg
lf2_foliar,GrayLeafSpot982,2_foliar_disease,1,,,coconut-tree-disease,Dataset/Coconut Tree Disease Dataset/Gray Leaf Spot/GrayLeafSpot982.jpg
lf2_foliar,GrayLeafSpot983,2_foliar_disease,1,,,coconut-tree-disease,Dataset/Coconut Tree Disease Dataset/Gray Leaf Spot/GrayLeafSpot983.jpg
lf2_foliar,GrayLeafSpot984,2_foliar_disease,1,,,coconut-tree-disease,Dataset/Coconut Tree Disease Dataset/Gray Leaf Spot/GrayLeafSpot984.jpg
lf2_foliar,GrayLeafSpot985,2_foliar_disease,1,,,coconut-tree-disease,Dataset/Coconut Tree Disease Dataset/Gray Leaf Spot/GrayLeafSpot985.jpg
lf2_foliar,GrayLeafSpot986,2_foliar_disease,1,,,coconut-tree-disease,Dataset/Coconut Tree Disease Dataset/Gray Leaf Spot/GrayLeafSpot986.jpg
lf2_foliar,GrayLeafSpot987,2_foliar_disease,1,,,coconut-tree-disease,Dataset/Coconut Tree Disease Dataset/Gray Leaf Spot/GrayLeafSpot987.jpg
lf2_foliar,GrayLeafSpot988,2_foliar_disease,1,,,coconut-tree-disease,Dataset/Coconut Tree Disease Dataset/Gray Leaf Spot/GrayLeafSpot988.jpg
lf2_foliar,GrayLeafSpot989,2_foliar_disease,1,,,coconut-tree-disease,Dataset/Coconut Tree Disease Dataset/Gray Leaf Spot/GrayLeafSpot989.jpg
lf2_foliar,GrayLeafSpot990,2_foliar_disease,1,,,coconut-tree-disease,Dataset/Coconut Tree Disease Dataset/Gray Leaf Spot/GrayLeafSpot990.jpg
lf2_foliar,GrayLeafSpot991,2_foliar_disease,1,,,coconut-tree-disease,Dataset/Coconut Tree Disease Dataset/Gray Leaf Spot/GrayLeafSpot991.jpg
lf2_foliar,GrayLeafSpot992,2_foliar_disease,1,,,coconut-tree-disease,Dataset/Coconut Tree Disease Dataset/Gray Leaf Spot/GrayLeafSpot992.jpg
lf2_foliar,GrayLeafSpot993,2_foliar_disease,1,,,coconut-tree-disease,Dataset/Coconut Tree Disease Dataset/Gray Leaf Spot/GrayLeafSpot993.jpg
lf2_foliar,GrayLeafSpot994,2_foliar_disease,1,,,coconut-tree-disease,Dataset/Coconut Tree Disease Dataset/Gray Leaf Spot/GrayLeafSpot994.jpg
lf2_foliar,GrayLeafSpot995,2_foliar_disease,1,,,coconut-tree-disease,Dataset/Coconut Tree Disease Dataset/Gray Leaf Spot/GrayLeafSpot995.jpg
lf2_foliar,GrayLeafSpot996,2_foliar_disease,1,,,coconut-tree-disease,Dataset/Coconut Tree Disease Dataset/Gray Leaf Spot/GrayLeafSpot996.jpg
lf2_foliar,GrayLeafSpot997,2_foliar_disease,1,,,coconut-tree-disease,Dataset/Coconut Tree Disease Dataset/Gray Leaf Spot/GrayLeafSpot997.jpg
lf2_foliar,GrayLeafSpot998,2_foliar_disease,1,,,coconut-tree-disease,Dataset/Coconut Tree Disease Dataset/Gray Leaf Spot/GrayLeafSpot998.jpg
lf2_foliar,GrayLeafSpot999,2_foliar_disease,1,,,coconut-tree-disease,Dataset/Coconut Tree Disease Dataset/Gray Leaf Spot/GrayLeafSpot999.jpg
lf2_foliar,LeafRot001,2_foliar_disease,1,,,coconut-tree-disease,Dataset/Coconut Tree Disease Dataset/Leaf Rot/LeafRot001.jpg
lf2_foliar,LeafRot002,2_foliar_disease,1,,,coconut-tree-disease,Dataset/Coconut Tree Disease Dataset/Leaf Rot/LeafRot002.jpg
lf2_foliar,LeafRot003,2_foliar_disease,1,,,coconut-tree-disease,Dataset/Coconut Tree Disease Dataset/Leaf Rot/LeafRot003.jpg
lf2_foliar,LeafRot004,2_foliar_disease,1,,,coconut-tree-disease,Dataset/Coconut Tree Disease Dataset/Leaf Rot/LeafRot004.jpg
lf2_foliar,LeafRot005,2_foliar_disease,1,,,coconut-tree-disease,Dataset/Coconut Tree Disease Dataset/Leaf Rot/LeafRot005.jpg
lf2_foliar,LeafRot006,2_foliar_disease,1,,,coconut-tree-disease,Dataset/Coconut Tree Disease Dataset/Leaf Rot/LeafRot006.jpg
lf2_foliar,LeafRot007,2_foliar_disease,1,,,coconut-tree-disease,Dataset/Coconut Tree Disease Dataset/Leaf Rot/LeafRot007.jpg
lf2_foliar,LeafRot008,2_foliar_disease,1,,,coconut-tree-disease,Dataset/Coconut Tree Disease Dataset/Leaf Rot/LeafRot008.jpg
lf2_foliar,LeafRot009,2_foliar_disease,1,,,coconut-tree-disease,Dataset/Coconut Tree Disease Dataset/Leaf Rot/LeafRot009.jpg
lf2_foliar,LeafRot010,2_foliar_disease,1,,,coconut-tree-disease,Dataset/Coconut Tree Disease Dataset/Leaf Rot/LeafRot010.jpg
lf2_foliar,LeafRot011,2_foliar_disease,1,,,coconut-tree-disease,Dataset/Coconut Tree Disease Dataset/Leaf Rot/LeafRot011.jpg
lf2_foliar,LeafRot012,2_foliar_disease,1,,,coconut-tree-disease,Dataset/Coconut Tree Disease Dataset/Leaf Rot/LeafRot012.jpg
lf2_foliar,LeafRot013,2_foliar_disease,1,,,coconut-tree-disease,Dataset/Coconut Tree Disease Dataset/Leaf Rot/LeafRot013.jpg
lf2_foliar,LeafRot014,2_foliar_disease,1,,,coconut-tree-disease,Dataset/Coconut Tree Disease Dataset/Leaf Rot/LeafRot014.jpg
lf2_foliar,LeafRot015,2_foliar_disease,1,,,coconut-tree-disease,Dataset/Coconut Tree Disease Dataset/Leaf Rot/LeafRot015.jpg
lf2_foliar,LeafRot016,2_foliar_disease,1,,,coconut-tree-disease,Dataset/Coconut Tree Disease Dataset/Leaf Rot/LeafRot016.jpg
lf2_foliar,LeafRot017,2_foliar_disease,1,,,coconut-tree-disease,Dataset/Coconut Tree Disease Dataset/Leaf Rot/LeafRot017.jpg
lf2_foliar,LeafRot018,2_foliar_disease,1,,,coconut-tree-disease,Dataset/Coconut Tree Disease Dataset/Leaf Rot/LeafRot018.jpg
lf2_foliar,LeafRot019,2_foliar_disease,1,,,coconut-tree-disease,Dataset/Coconut Tree Disease Dataset/Leaf Rot/LeafRot019.jpg
lf2_foliar,LeafRot020,2_foliar_disease,1,,,coconut-tree-disease,Dataset/Coconut Tree Disease Dataset/Leaf Rot/LeafRot020.jpg
lf2_foliar,LeafRot021,2_foliar_disease,1,,,coconut-tree-disease,Dataset/Coconut Tree Disease Dataset/Leaf Rot/LeafRot021.jpg
lf2_foliar,LeafRot022,2_foliar_disease,1,,,coconut-tree-disease,Dataset/Coconut Tree Disease Dataset/Leaf Rot/LeafRot022.jpg
lf2_foliar,LeafRot023,2_foliar_disease,1,,,coconut-tree-disease,Dataset/Coconut Tree Disease Dataset/Leaf Rot/LeafRot023.jpg
lf2_foliar,LeafRot024,2_foliar_disease,1,,,coconut-tree-disease,Dataset/Coconut Tree Disease Dataset/Leaf Rot/LeafRot024.jpg
lf2_foliar,LeafRot025,2_foliar_disease,1,,,coconut-tree-disease,Dataset/Coconut Tree Disease Dataset/Leaf Rot/LeafRot025.jpg
lf2_foliar,LeafRot026,2_foliar_disease,1,,,coconut-tree-disease,Dataset/Coconut Tree Disease Dataset/Leaf Rot/LeafRot026.jpg
lf2_foliar,LeafRot027,2_foliar_disease,0,,,coconut-tree-disease,Dataset/Coconut Tree Disease Dataset/Leaf Rot/LeafRot027.jpg
lf2_foliar,LeafRot028,2_foliar_disease,0,,,coconut-tree-disease,Dataset/Coconut Tree Disease Dataset/Leaf Rot/LeafRot028.jpg
lf2_foliar,LeafRot029,2_foliar_disease,1,,,coconut-tree-disease,Dataset/Coconut Tree Disease Dataset/Leaf Rot/LeafRot029.jpg
lf2_foliar,LeafRot030,2_foliar_disease,1,,,coconut-tree-disease,Dataset/Coconut Tree Disease Dataset/Leaf Rot/LeafRot030.jpg
lf2_foliar,LeafRot031,2_foliar_disease,0,,,coconut-tree-disease,Dataset/Coconut Tree Disease Dataset/Leaf Rot/LeafRot031.jpg
lf2_foliar,LeafRot034,2_foliar_disease,1,,,coconut-tree-disease,Dataset/Coconut Tree Disease Dataset/Leaf Rot/LeafRot034.jpg
lf2_foliar,LeafRot035,2_foliar_disease,1,,,coconut-tree-disease,Dataset/Coconut Tree Disease Dataset/Leaf Rot/LeafRot035.jpg
lf2_foliar,LeafRot036,2_foliar_disease,1,,,coconut-tree-disease,Dataset/Coconut Tree Disease Dataset/Leaf Rot/LeafRot036.jpg
lf2_foliar,LeafRot037,2_foliar_disease,1,,,coconut-tree-disease,Dataset/Coconut Tree Disease Dataset/Leaf Rot/LeafRot037.jpg
lf2_foliar,LeafRot038,2_foliar_disease,1,,,coconut-tree-disease,Dataset/Coconut Tree Disease Dataset/Leaf Rot/LeafRot038.jpg
lf2_foliar,LeafRot039,2_foliar_disease,1,,,coconut-tree-disease,Dataset/Coconut Tree Disease Dataset/Leaf Rot/LeafRot039.jpg
lf2_foliar,LeafRot042,2_foliar_disease,1,,,coconut-tree-disease,Dataset/Coconut Tree Disease Dataset/Leaf Rot/LeafRot042.jpg
lf2_foliar,LeafRot044,2_foliar_disease,1,,,coconut-tree-disease,Dataset/Coconut Tree Disease Dataset/Leaf Rot/LeafRot044.jpg
lf2_foliar,LeafRot046,2_foliar_disease,1,,,coconut-tree-disease,Dataset/Coconut Tree Disease Dataset/Leaf Rot/LeafRot046.jpg
lf2_foliar,LeafRot049,2_foliar_disease,1,,,coconut-tree-disease,Dataset/Coconut Tree Disease Dataset/Leaf Rot/LeafRot049.jpg
lf2_foliar,LeafRot050,2_foliar_disease,1,,,coconut-tree-disease,Dataset/Coconut Tree Disease Dataset/Leaf Rot/LeafRot050.jpg
lf2_foliar,LeafRot051,2_foliar_disease,1,,,coconut-tree-disease,Dataset/Coconut Tree Disease Dataset/Leaf Rot/LeafRot051.jpg
lf2_foliar,LeafRot053,2_foliar_disease,1,,,coconut-tree-disease,Dataset/Coconut Tree Disease Dataset/Leaf Rot/LeafRot053.jpg
lf2_foliar,LeafRot054,2_foliar_disease,1,,,coconut-tree-disease,Dataset/Coconut Tree Disease Dataset/Leaf Rot/LeafRot054.jpg
lf2_foliar,LeafRot056,2_foliar_disease,1,,,coconut-tree-disease,Dataset/Coconut Tree Disease Dataset/Leaf Rot/LeafRot056.jpg
lf2_foliar,LeafRot057,2_foliar_disease,1,,,coconut-tree-disease,Dataset/Coconut Tree Disease Dataset/Leaf Rot/LeafRot057.jpg
lf2_foliar,LeafRot058,2_foliar_disease,1,,,coconut-tree-disease,Dataset/Coconut Tree Disease Dataset/Leaf Rot/LeafRot058.jpg
lf2_foliar,LeafRot059,2_foliar_disease,1,,,coconut-tree-disease,Dataset/Coconut Tree Disease Dataset/Leaf Rot/LeafRot059.jpg
lf2_foliar,LeafRot060,2_foliar_disease,1,,,coconut-tree-disease,Dataset/Coconut Tree Disease Dataset/Leaf Rot/LeafRot060.jpg
lf2_foliar,LeafRot061,2_foliar_disease,1,,,coconut-tree-disease,Dataset/Coconut Tree Disease Dataset/Leaf Rot/LeafRot061.jpg
lf2_foliar,LeafRot062,2_foliar_disease,1,,,coconut-tree-disease,Dataset/Coconut Tree Disease Dataset/Leaf Rot/LeafRot062.jpg
lf2_foliar,LeafRot063,2_foliar_disease,1,,,coconut-tree-disease,Dataset/Coconut Tree Disease Dataset/Leaf Rot/LeafRot063.jpg
lf2_foliar,LeafRot064,2_foliar_disease,1,,,coconut-tree-disease,Dataset/Coconut Tree Disease Dataset/Leaf Rot/LeafRot064.jpg
lf2_foliar,LeafRot065,2_foliar_disease,1,,,coconut-tree-disease,Dataset/Coconut Tree Disease Dataset/Leaf Rot/LeafRot065.jpg
lf2_foliar,LeafRot066,2_foliar_disease,1,,,coconut-tree-disease,Dataset/Coconut Tree Disease Dataset/Leaf Rot/LeafRot066.jpg
lf2_foliar,LeafRot067,2_foliar_disease,1,,,coconut-tree-disease,Dataset/Coconut Tree Disease Dataset/Leaf Rot/LeafRot067.jpg
lf2_foliar,LeafRot068,2_foliar_disease,1,,,coconut-tree-disease,Dataset/Coconut Tree Disease Dataset/Leaf Rot/LeafRot068.jpg
lf2_foliar,LeafRot069,2_foliar_disease,1,,,coconut-tree-disease,Dataset/Coconut Tree Disease Dataset/Leaf Rot/LeafRot069.jpg
lf2_foliar,LeafRot070,2_foliar_disease,1,,,coconut-tree-disease,Dataset/Coconut Tree Disease Dataset/Leaf Rot/LeafRot070.jpg
lf2_foliar,LeafRot071,2_foliar_disease,1,,,coconut-tree-disease,Dataset/Coconut Tree Disease Dataset/Leaf Rot/LeafRot071.jpg
lf2_foliar,LeafRot072,2_foliar_disease,1,,,coconut-tree-disease,Dataset/Coconut Tree Disease Dataset/Leaf Rot/LeafRot072.jpg
lf2_foliar,LeafRot073,2_foliar_disease,1,,,coconut-tree-disease,Dataset/Coconut Tree Disease Dataset/Leaf Rot/LeafRot073.jpg
lf2_foliar,LeafRot074,2_foliar_disease,1,,,coconut-tree-disease,Dataset/Coconut Tree Disease Dataset/Leaf Rot/LeafRot074.jpg
lf2_foliar,LeafRot075,2_foliar_disease,1,,,coconut-tree-disease,Dataset/Coconut Tree Disease Dataset/Leaf Rot/LeafRot075.jpg
lf2_foliar,LeafRot076,2_foliar_disease,1,,,coconut-tree-disease,Dataset/Coconut Tree Disease Dataset/Leaf Rot/LeafRot076.jpg
lf2_foliar,LeafRot077,2_foliar_disease,0,,,coconut-tree-disease,Dataset/Coconut Tree Disease Dataset/Leaf Rot/LeafRot077.jpg
lf2_foliar,LeafRot078,2_foliar_disease,1,,,coconut-tree-disease,Dataset/Coconut Tree Disease Dataset/Leaf Rot/LeafRot078.jpg
lf2_foliar,LeafRot079,2_foliar_disease,1,,,coconut-tree-disease,Dataset/Coconut Tree Disease Dataset/Leaf Rot/LeafRot079.jpg
lf2_foliar,LeafRot080,2_foliar_disease,1,,,coconut-tree-disease,Dataset/Coconut Tree Disease Dataset/Leaf Rot/LeafRot080.jpg
lf2_foliar,LeafRot081,2_foliar_disease,1,,,coconut-tree-disease,Dataset/Coconut Tree Disease Dataset/Leaf Rot/LeafRot081.jpg
lf2_foliar,LeafRot082,2_foliar_disease,1,,,coconut-tree-disease,Dataset/Coconut Tree Disease Dataset/Leaf Rot/LeafRot082.jpg
lf2_foliar,LeafRot083,2_foliar_disease,1,,,coconut-tree-disease,Dataset/Coconut Tree Disease Dataset/Leaf Rot/LeafRot083.jpg
lf2_foliar,LeafRot084,2_foliar_disease,1,,,coconut-tree-disease,Dataset/Coconut Tree Disease Dataset/Leaf Rot/LeafRot084.jpg
lf2_foliar,LeafRot085,2_foliar_disease,1,,,coconut-tree-disease,Dataset/Coconut Tree Disease Dataset/Leaf Rot/LeafRot085.jpg
lf2_foliar,LeafRot086,2_foliar_disease,1,,,coconut-tree-disease,Dataset/Coconut Tree Disease Dataset/Leaf Rot/LeafRot086.jpg
lf2_foliar,LeafRot087,2_foliar_disease,1,,,coconut-tree-disease,Dataset/Coconut Tree Disease Dataset/Leaf Rot/LeafRot087.jpg
lf2_foliar,LeafRot088,2_foliar_disease,1,,,coconut-tree-disease,Dataset/Coconut Tree Disease Dataset/Leaf Rot/LeafRot088.jpg
lf2_foliar,LeafRot089,2_foliar_disease,1,,,coconut-tree-disease,Dataset/Coconut Tree Disease Dataset/Leaf Rot/LeafRot089.jpg
lf2_foliar,LeafRot090,2_foliar_disease,1,,,coconut-tree-disease,Dataset/Coconut Tree Disease Dataset/Leaf Rot/LeafRot090.jpg
lf2_foliar,LeafRot091,2_foliar_disease,1,,,coconut-tree-disease,Dataset/Coconut Tree Disease Dataset/Leaf Rot/LeafRot091.jpg
lf2_foliar,LeafRot092,2_foliar_disease,1,,,coconut-tree-disease,Dataset/Coconut Tree Disease Dataset/Leaf Rot/LeafRot092.jpg
lf2_foliar,LeafRot093,2_foliar_disease,1,,,coconut-tree-disease,Dataset/Coconut Tree Disease Dataset/Leaf Rot/LeafRot093.jpg
lf2_foliar,LeafRot094,2_foliar_disease,1,,,coconut-tree-disease,Dataset/Coconut Tree Disease Dataset/Leaf Rot/LeafRot094.jpg
lf2_foliar,LeafRot095,2_foliar_disease,1,,,coconut-tree-disease,Dataset/Coconut Tree Disease Dataset/Leaf Rot/LeafRot095.jpg
lf2_foliar,LeafRot096,2_foliar_disease,1,,,coconut-tree-disease,Dataset/Coconut Tree Disease Dataset/Leaf Rot/LeafRot096.jpg
lf2_foliar,LeafRot097,2_foliar_disease,1,,,coconut-tree-disease,Dataset/Coconut Tree Disease Dataset/Leaf Rot/LeafRot097.jpg
lf2_foliar,LeafRot098,2_foliar_disease,1,,,coconut-tree-disease,Dataset/Coconut Tree Disease Dataset/Leaf Rot/LeafRot098.jpg
lf2_foliar,LeafRot099,2_foliar_disease,1,,,coconut-tree-disease,Dataset/Coconut Tree Disease Dataset/Leaf Rot/LeafRot099.jpg
lf2_foliar,LeafRot100,2_foliar_disease,1,,,coconut-tree-disease,Dataset/Coconut Tree Disease Dataset/Leaf Rot/LeafRot100.jpg
lf2_foliar,LeafRot1000,2_foliar_disease,1,,,coconut-tree-disease,Dataset/Coconut Tree Disease Dataset/Leaf Rot/LeafRot1000.jpg
lf2_foliar,LeafRot1001,2_foliar_disease,1,,,coconut-tree-disease,Dataset/Coconut Tree Disease Dataset/Leaf Rot/LeafRot1001.jpg
lf2_foliar,LeafRot1002,2_foliar_disease,1,,,coconut-tree-disease,Dataset/Coconut Tree Disease Dataset/Leaf Rot/LeafRot1002.jpg
lf2_foliar,LeafRot1003,2_foliar_disease,1,,,coconut-tree-disease,Dataset/Coconut Tree Disease Dataset/Leaf Rot/LeafRot1003.jpg
lf2_foliar,LeafRot1004,2_foliar_disease,1,,,coconut-tree-disease,Dataset/Coconut Tree Disease Dataset/Leaf Rot/LeafRot1004.jpg
lf2_foliar,LeafRot1005,2_foliar_disease,1,,,coconut-tree-disease,Dataset/Coconut Tree Disease Dataset/Leaf Rot/LeafRot1005.jpg
lf2_foliar,LeafRot1006,2_foliar_disease,1,,,coconut-tree-disease,Dataset/Coconut Tree Disease Dataset/Leaf Rot/LeafRot1006.jpg
lf2_foliar,LeafRot1007,2_foliar_disease,1,,,coconut-tree-disease,Dataset/Coconut Tree Disease Dataset/Leaf Rot/LeafRot1007.jpg
lf2_foliar,LeafRot1008,2_foliar_disease,1,,,coconut-tree-disease,Dataset/Coconut Tree Disease Dataset/Leaf Rot/LeafRot1008.jpg
lf2_foliar,LeafRot1009,2_foliar_disease,1,,,coconut-tree-disease,Dataset/Coconut Tree Disease Dataset/Leaf Rot/LeafRot1009.jpg
lf2_foliar,LeafRot101,2_foliar_disease,1,,,coconut-tree-disease,Dataset/Coconut Tree Disease Dataset/Leaf Rot/LeafRot101.jpg
lf2_foliar,LeafRot1010,2_foliar_disease,1,,,coconut-tree-disease,Dataset/Coconut Tree Disease Dataset/Leaf Rot/LeafRot1010.jpg
lf2_foliar,LeafRot1011,2_foliar_disease,1,,,coconut-tree-disease,Dataset/Coconut Tree Disease Dataset/Leaf Rot/LeafRot1011.jpg
lf2_foliar,LeafRot1012,2_foliar_disease,1,,,coconut-tree-disease,Dataset/Coconut Tree Disease Dataset/Leaf Rot/LeafRot1012.jpg
lf2_foliar,LeafRot1013,2_foliar_disease,1,,,coconut-tree-disease,Dataset/Coconut Tree Disease Dataset/Leaf Rot/LeafRot1013.jpg
lf2_foliar,LeafRot1014,2_foliar_disease,1,,,coconut-tree-disease,Dataset/Coconut Tree Disease Dataset/Leaf Rot/LeafRot1014.jpg
lf2_foliar,LeafRot1015,2_foliar_disease,1,,,coconut-tree-disease,Dataset/Coconut Tree Disease Dataset/Leaf Rot/LeafRot1015.jpg
lf2_foliar,LeafRot1016,2_foliar_disease,1,,,coconut-tree-disease,Dataset/Coconut Tree Disease Dataset/Leaf Rot/LeafRot1016.jpg
lf2_foliar,LeafRot1017,2_foliar_disease,1,,,coconut-tree-disease,Dataset/Coconut Tree Disease Dataset/Leaf Rot/LeafRot1017.jpg
lf2_foliar,LeafRot1018,2_foliar_disease,1,,,coconut-tree-disease,Dataset/Coconut Tree Disease Dataset/Leaf Rot/LeafRot1018.jpg
lf2_foliar,LeafRot1019,2_foliar_disease,1,,,coconut-tree-disease,Dataset/Coconut Tree Disease Dataset/Leaf Rot/LeafRot1019.jpg
lf2_foliar,LeafRot102,2_foliar_disease,1,,,coconut-tree-disease,Dataset/Coconut Tree Disease Dataset/Leaf Rot/LeafRot102.jpg
lf2_foliar,LeafRot1020,2_foliar_disease,1,,,coconut-tree-disease,Dataset/Coconut Tree Disease Dataset/Leaf Rot/LeafRot1020.jpg
lf2_foliar,LeafRot1021,2_foliar_disease,1,,,coconut-tree-disease,Dataset/Coconut Tree Disease Dataset/Leaf Rot/LeafRot1021.jpg
lf2_foliar,LeafRot1022,2_foliar_disease,1,,,coconut-tree-disease,Dataset/Coconut Tree Disease Dataset/Leaf Rot/LeafRot1022.jpg
lf2_foliar,LeafRot1023,2_foliar_disease,1,,,coconut-tree-disease,Dataset/Coconut Tree Disease Dataset/Leaf Rot/LeafRot1023.jpg
lf2_foliar,LeafRot1024,2_foliar_disease,1,,,coconut-tree-disease,Dataset/Coconut Tree Disease Dataset/Leaf Rot/LeafRot1024.jpg
lf2_foliar,LeafRot1025,2_foliar_disease,1,,,coconut-tree-disease,Dataset/Coconut Tree Disease Dataset/Leaf Rot/LeafRot1025.jpg
lf2_foliar,LeafRot1026,2_foliar_disease,1,,,coconut-tree-disease,Dataset/Coconut Tree Disease Dataset/Leaf Rot/LeafRot1026.jpg
lf2_foliar,LeafRot1027,2_foliar_disease,1,,,coconut-tree-disease,Dataset/Coconut Tree Disease Dataset/Leaf Rot/LeafRot1027.jpg
lf2_foliar,LeafRot1028,2_foliar_disease,1,,,coconut-tree-disease,Dataset/Coconut Tree Disease Dataset/Leaf Rot/LeafRot1028.jpg
lf2_foliar,LeafRot1029,2_foliar_disease,1,,,coconut-tree-disease,Dataset/Coconut Tree Disease Dataset/Leaf Rot/LeafRot1029.jpg
lf2_foliar,LeafRot103,2_foliar_disease,1,,,coconut-tree-disease,Dataset/Coconut Tree Disease Dataset/Leaf Rot/LeafRot103.jpg
lf2_foliar,LeafRot1030,2_foliar_disease,1,,,coconut-tree-disease,Dataset/Coconut Tree Disease Dataset/Leaf Rot/LeafRot1030.jpg
lf2_foliar,LeafRot1031,2_foliar_disease,1,,,coconut-tree-disease,Dataset/Coconut Tree Disease Dataset/Leaf Rot/LeafRot1031.jpg
lf2_foliar,LeafRot1032,2_foliar_disease,1,,,coconut-tree-disease,Dataset/Coconut Tree Disease Dataset/Leaf Rot/LeafRot1032.jpg
lf2_foliar,LeafRot1033,2_foliar_disease,1,,,coconut-tree-disease,Dataset/Coconut Tree Disease Dataset/Leaf Rot/LeafRot1033.jpg
lf2_foliar,LeafRot1034,2_foliar_disease,1,,,coconut-tree-disease,Dataset/Coconut Tree Disease Dataset/Leaf Rot/LeafRot1034.jpg
lf2_foliar,LeafRot1035,2_foliar_disease,1,,,coconut-tree-disease,Dataset/Coconut Tree Disease Dataset/Leaf Rot/LeafRot1035.jpg
lf2_foliar,LeafRot1036,2_foliar_disease,1,,,coconut-tree-disease,Dataset/Coconut Tree Disease Dataset/Leaf Rot/LeafRot1036.jpg
lf2_foliar,LeafRot1037,2_foliar_disease,1,,,coconut-tree-disease,Dataset/Coconut Tree Disease Dataset/Leaf Rot/LeafRot1037.jpg
lf2_foliar,LeafRot1038,2_foliar_disease,1,,,coconut-tree-disease,Dataset/Coconut Tree Disease Dataset/Leaf Rot/LeafRot1038.jpg
lf2_foliar,LeafRot1039,2_foliar_disease,1,,,coconut-tree-disease,Dataset/Coconut Tree Disease Dataset/Leaf Rot/LeafRot1039.jpg
lf2_foliar,LeafRot104,2_foliar_disease,1,,,coconut-tree-disease,Dataset/Coconut Tree Disease Dataset/Leaf Rot/LeafRot104.jpg
lf2_foliar,LeafRot1040,2_foliar_disease,1,,,coconut-tree-disease,Dataset/Coconut Tree Disease Dataset/Leaf Rot/LeafRot1040.jpg
lf2_foliar,LeafRot1041,2_foliar_disease,1,,,coconut-tree-disease,Dataset/Coconut Tree Disease Dataset/Leaf Rot/LeafRot1041.jpg
lf2_foliar,LeafRot1042,2_foliar_disease,1,,,coconut-tree-disease,Dataset/Coconut Tree Disease Dataset/Leaf Rot/LeafRot1042.jpg
lf2_foliar,LeafRot1043,2_foliar_disease,1,,,coconut-tree-disease,Dataset/Coconut Tree Disease Dataset/Leaf Rot/LeafRot1043.jpg
lf2_foliar,LeafRot1044,2_foliar_disease,1,,,coconut-tree-disease,Dataset/Coconut Tree Disease Dataset/Leaf Rot/LeafRot1044.jpg
lf2_foliar,LeafRot1045,2_foliar_disease,1,,,coconut-tree-disease,Dataset/Coconut Tree Disease Dataset/Leaf Rot/LeafRot1045.jpg
lf2_foliar,LeafRot1046,2_foliar_disease,1,,,coconut-tree-disease,Dataset/Coconut Tree Disease Dataset/Leaf Rot/LeafRot1046.jpg
lf2_foliar,LeafRot1047,2_foliar_disease,1,,,coconut-tree-disease,Dataset/Coconut Tree Disease Dataset/Leaf Rot/LeafRot1047.jpg
lf2_foliar,LeafRot1048,2_foliar_disease,1,,,coconut-tree-disease,Dataset/Coconut Tree Disease Dataset/Leaf Rot/LeafRot1048.jpg
lf2_foliar,LeafRot1049,2_foliar_disease,1,,,coconut-tree-disease,Dataset/Coconut Tree Disease Dataset/Leaf Rot/LeafRot1049.jpg
lf2_foliar,LeafRot105,2_foliar_disease,1,,,coconut-tree-disease,Dataset/Coconut Tree Disease Dataset/Leaf Rot/LeafRot105.jpg
lf2_foliar,LeafRot1050,2_foliar_disease,1,,,coconut-tree-disease,Dataset/Coconut Tree Disease Dataset/Leaf Rot/LeafRot1050.jpg
lf2_foliar,LeafRot1051,2_foliar_disease,1,,,coconut-tree-disease,Dataset/Coconut Tree Disease Dataset/Leaf Rot/LeafRot1051.jpg
lf2_foliar,LeafRot1052,2_foliar_disease,1,,,coconut-tree-disease,Dataset/Coconut Tree Disease Dataset/Leaf Rot/LeafRot1052.jpg
lf2_foliar,LeafRot1053,2_foliar_disease,1,,,coconut-tree-disease,Dataset/Coconut Tree Disease Dataset/Leaf Rot/LeafRot1053.jpg
lf2_foliar,LeafRot1054,2_foliar_disease,1,,,coconut-tree-disease,Dataset/Coconut Tree Disease Dataset/Leaf Rot/LeafRot1054.jpg
lf2_foliar,LeafRot1055,2_foliar_disease,1,,,coconut-tree-disease,Dataset/Coconut Tree Disease Dataset/Leaf Rot/LeafRot1055.jpg
lf2_foliar,LeafRot1056,2_foliar_disease,1,,,coconut-tree-disease,Dataset/Coconut Tree Disease Dataset/Leaf Rot/LeafRot1056.jpg
lf2_foliar,LeafRot1057,2_foliar_disease,1,,,coconut-tree-disease,Dataset/Coconut Tree Disease Dataset/Leaf Rot/LeafRot1057.jpg
lf2_foliar,LeafRot1058,2_foliar_disease,1,,,coconut-tree-disease,Dataset/Coconut Tree Disease Dataset/Leaf Rot/LeafRot1058.jpg
lf2_foliar,LeafRot1059,2_foliar_disease,1,,,coconut-tree-disease,Dataset/Coconut Tree Disease Dataset/Leaf Rot/LeafRot1059.jpg
lf2_foliar,LeafRot106,2_foliar_disease,1,,,coconut-tree-disease,Dataset/Coconut Tree Disease Dataset/Leaf Rot/LeafRot106.jpg
lf2_foliar,LeafRot1060,2_foliar_disease,1,,,coconut-tree-disease,Dataset/Coconut Tree Disease Dataset/Leaf Rot/LeafRot1060.jpg
lf2_foliar,LeafRot1061,2_foliar_disease,1,,,coconut-tree-disease,Dataset/Coconut Tree Disease Dataset/Leaf Rot/LeafRot1061.jpg
lf2_foliar,LeafRot1062,2_foliar_disease,1,,,coconut-tree-disease,Dataset/Coconut Tree Disease Dataset/Leaf Rot/LeafRot1062.jpg
lf2_foliar,LeafRot1063,2_foliar_disease,1,,,coconut-tree-disease,Dataset/Coconut Tree Disease Dataset/Leaf Rot/LeafRot1063.jpg
lf2_foliar,LeafRot1064,2_foliar_disease,1,,,coconut-tree-disease,Dataset/Coconut Tree Disease Dataset/Leaf Rot/LeafRot1064.jpg
lf2_foliar,LeafRot1065,2_foliar_disease,1,,,coconut-tree-disease,Dataset/Coconut Tree Disease Dataset/Leaf Rot/LeafRot1065.jpg
lf2_foliar,LeafRot1066,2_foliar_disease,1,,,coconut-tree-disease,Dataset/Coconut Tree Disease Dataset/Leaf Rot/LeafRot1066.jpg
lf2_foliar,LeafRot1067,2_foliar_disease,1,,,coconut-tree-disease,Dataset/Coconut Tree Disease Dataset/Leaf Rot/LeafRot1067.jpg
lf2_foliar,LeafRot1068,2_foliar_disease,1,,,coconut-tree-disease,Dataset/Coconut Tree Disease Dataset/Leaf Rot/LeafRot1068.jpg
lf2_foliar,LeafRot1069,2_foliar_disease,1,,,coconut-tree-disease,Dataset/Coconut Tree Disease Dataset/Leaf Rot/LeafRot1069.jpg
lf2_foliar,LeafRot107,2_foliar_disease,1,,,coconut-tree-disease,Dataset/Coconut Tree Disease Dataset/Leaf Rot/LeafRot107.jpg
lf2_foliar,LeafRot1070,2_foliar_disease,1,,,coconut-tree-disease,Dataset/Coconut Tree Disease Dataset/Leaf Rot/LeafRot1070.jpg
lf2_foliar,LeafRot1071,2_foliar_disease,1,,,coconut-tree-disease,Dataset/Coconut Tree Disease Dataset/Leaf Rot/LeafRot1071.jpg
lf2_foliar,LeafRot1072,2_foliar_disease,1,,,coconut-tree-disease,Dataset/Coconut Tree Disease Dataset/Leaf Rot/LeafRot1072.jpg
lf2_foliar,LeafRot1073,2_foliar_disease,1,,,coconut-tree-disease,Dataset/Coconut Tree Disease Dataset/Leaf Rot/LeafRot1073.jpg
lf2_foliar,LeafRot1074,2_foliar_disease,1,,,coconut-tree-disease,Dataset/Coconut Tree Disease Dataset/Leaf Rot/LeafRot1074.jpg
lf2_foliar,LeafRot1075,2_foliar_disease,1,,,coconut-tree-disease,Dataset/Coconut Tree Disease Dataset/Leaf Rot/LeafRot1075.jpg
lf2_foliar,LeafRot1076,2_foliar_disease,1,,,coconut-tree-disease,Dataset/Coconut Tree Disease Dataset/Leaf Rot/LeafRot1076.jpg
lf2_foliar,LeafRot1077,2_foliar_disease,1,,,coconut-tree-disease,Dataset/Coconut Tree Disease Dataset/Leaf Rot/LeafRot1077.jpg
lf2_foliar,LeafRot1078,2_foliar_disease,1,,,coconut-tree-disease,Dataset/Coconut Tree Disease Dataset/Leaf Rot/LeafRot1078.jpg
lf2_foliar,LeafRot1079,2_foliar_disease,1,,,coconut-tree-disease,Dataset/Coconut Tree Disease Dataset/Leaf Rot/LeafRot1079.jpg
lf2_foliar,LeafRot108,2_foliar_disease,1,,,coconut-tree-disease,Dataset/Coconut Tree Disease Dataset/Leaf Rot/LeafRot108.jpg
lf2_foliar,LeafRot1080,2_foliar_disease,1,,,coconut-tree-disease,Dataset/Coconut Tree Disease Dataset/Leaf Rot/LeafRot1080.jpg
lf2_foliar,LeafRot1081,2_foliar_disease,1,,,coconut-tree-disease,Dataset/Coconut Tree Disease Dataset/Leaf Rot/LeafRot1081.jpg
lf2_foliar,LeafRot1082,2_foliar_disease,1,,,coconut-tree-disease,Dataset/Coconut Tree Disease Dataset/Leaf Rot/LeafRot1082.jpg
lf2_foliar,LeafRot1083,2_foliar_disease,1,,,coconut-tree-disease,Dataset/Coconut Tree Disease Dataset/Leaf Rot/LeafRot1083.jpg
lf2_foliar,LeafRot1084,2_foliar_disease,1,,,coconut-tree-disease,Dataset/Coconut Tree Disease Dataset/Leaf Rot/LeafRot1084.jpg
lf2_foliar,LeafRot1085,2_foliar_disease,1,,,coconut-tree-disease,Dataset/Coconut Tree Disease Dataset/Leaf Rot/LeafRot1085.jpg
lf2_foliar,LeafRot1086,2_foliar_disease,1,,,coconut-tree-disease,Dataset/Coconut Tree Disease Dataset/Leaf Rot/LeafRot1086.jpg
lf2_foliar,LeafRot1087,2_foliar_disease,1,,,coconut-tree-disease,Dataset/Coconut Tree Disease Dataset/Leaf Rot/LeafRot1087.jpg
lf2_foliar,LeafRot1088,2_foliar_disease,1,,,coconut-tree-disease,Dataset/Coconut Tree Disease Dataset/Leaf Rot/LeafRot1088.jpg
lf2_foliar,LeafRot1089,2_foliar_disease,1,,,coconut-tree-disease,Dataset/Coconut Tree Disease Dataset/Leaf Rot/LeafRot1089.jpg
lf2_foliar,LeafRot109,2_foliar_disease,1,,,coconut-tree-disease,Dataset/Coconut Tree Disease Dataset/Leaf Rot/LeafRot109.jpg
lf2_foliar,LeafRot1090,2_foliar_disease,1,,,coconut-tree-disease,Dataset/Coconut Tree Disease Dataset/Leaf Rot/LeafRot1090.jpg
lf2_foliar,LeafRot1091,2_foliar_disease,1,,,coconut-tree-disease,Dataset/Coconut Tree Disease Dataset/Leaf Rot/LeafRot1091.jpg
lf2_foliar,LeafRot1092,2_foliar_disease,1,,,coconut-tree-disease,Dataset/Coconut Tree Disease Dataset/Leaf Rot/LeafRot1092.jpg
lf2_foliar,LeafRot1093,2_foliar_disease,1,,,coconut-tree-disease,Dataset/Coconut Tree Disease Dataset/Leaf Rot/LeafRot1093.jpg
lf2_foliar,LeafRot1094,2_foliar_disease,1,,,coconut-tree-disease,Dataset/Coconut Tree Disease Dataset/Leaf Rot/LeafRot1094.jpg
lf2_foliar,LeafRot1095,2_foliar_disease,1,,,coconut-tree-disease,Dataset/Coconut Tree Disease Dataset/Leaf Rot/LeafRot1095.jpg
lf2_foliar,LeafRot1096,2_foliar_disease,1,,,coconut-tree-disease,Dataset/Coconut Tree Disease Dataset/Leaf Rot/LeafRot1096.jpg
lf2_foliar,LeafRot1097,2_foliar_disease,1,,,coconut-tree-disease,Dataset/Coconut Tree Disease Dataset/Leaf Rot/LeafRot1097.jpg
lf2_foliar,LeafRot1098,2_foliar_disease,1,,,coconut-tree-disease,Dataset/Coconut Tree Disease Dataset/Leaf Rot/LeafRot1098.jpg
lf2_foliar,LeafRot1099,2_foliar_disease,1,,,coconut-tree-disease,Dataset/Coconut Tree Disease Dataset/Leaf Rot/LeafRot1099.jpg
lf2_foliar,LeafRot110,2_foliar_disease,1,,,coconut-tree-disease,Dataset/Coconut Tree Disease Dataset/Leaf Rot/LeafRot110.jpg
lf2_foliar,LeafRot1100,2_foliar_disease,1,,,coconut-tree-disease,Dataset/Coconut Tree Disease Dataset/Leaf Rot/LeafRot1100.jpg
lf2_foliar,LeafRot1101,2_foliar_disease,1,,,coconut-tree-disease,Dataset/Coconut Tree Disease Dataset/Leaf Rot/LeafRot1101.jpg
lf2_foliar,LeafRot1102,2_foliar_disease,1,,,coconut-tree-disease,Dataset/Coconut Tree Disease Dataset/Leaf Rot/LeafRot1102.jpg
lf2_foliar,LeafRot1103,2_foliar_disease,1,,,coconut-tree-disease,Dataset/Coconut Tree Disease Dataset/Leaf Rot/LeafRot1103.jpg
lf2_foliar,LeafRot1104,2_foliar_disease,1,,,coconut-tree-disease,Dataset/Coconut Tree Disease Dataset/Leaf Rot/LeafRot1104.jpg
lf2_foliar,LeafRot1105,2_foliar_disease,1,,,coconut-tree-disease,Dataset/Coconut Tree Disease Dataset/Leaf Rot/LeafRot1105.jpg
lf2_foliar,LeafRot1106,2_foliar_disease,1,,,coconut-tree-disease,Dataset/Coconut Tree Disease Dataset/Leaf Rot/LeafRot1106.jpg
lf2_foliar,LeafRot1107,2_foliar_disease,1,,,coconut-tree-disease,Dataset/Coconut Tree Disease Dataset/Leaf Rot/LeafRot1107.jpg
lf2_foliar,LeafRot1108,2_foliar_disease,1,,,coconut-tree-disease,Dataset/Coconut Tree Disease Dataset/Leaf Rot/LeafRot1108.jpg
lf2_foliar,LeafRot1109,2_foliar_disease,1,,,coconut-tree-disease,Dataset/Coconut Tree Disease Dataset/Leaf Rot/LeafRot1109.jpg
lf2_foliar,LeafRot111,2_foliar_disease,1,,,coconut-tree-disease,Dataset/Coconut Tree Disease Dataset/Leaf Rot/LeafRot111.jpg
lf2_foliar,LeafRot1110,2_foliar_disease,1,,,coconut-tree-disease,Dataset/Coconut Tree Disease Dataset/Leaf Rot/LeafRot1110.jpg
lf2_foliar,LeafRot1111,2_foliar_disease,1,,,coconut-tree-disease,Dataset/Coconut Tree Disease Dataset/Leaf Rot/LeafRot1111.jpg
lf2_foliar,LeafRot1112,2_foliar_disease,1,,,coconut-tree-disease,Dataset/Coconut Tree Disease Dataset/Leaf Rot/LeafRot1112.jpg
lf2_foliar,LeafRot1113,2_foliar_disease,1,,,coconut-tree-disease,Dataset/Coconut Tree Disease Dataset/Leaf Rot/LeafRot1113.jpg
lf2_foliar,LeafRot1114,2_foliar_disease,1,,,coconut-tree-disease,Dataset/Coconut Tree Disease Dataset/Leaf Rot/LeafRot1114.jpg
lf2_foliar,LeafRot1115,2_foliar_disease,1,,,coconut-tree-disease,Dataset/Coconut Tree Disease Dataset/Leaf Rot/LeafRot1115.jpg
lf2_foliar,LeafRot1116,2_foliar_disease,1,,,coconut-tree-disease,Dataset/Coconut Tree Disease Dataset/Leaf Rot/LeafRot1116.jpg
lf2_foliar,LeafRot1117,2_foliar_disease,1,,,coconut-tree-disease,Dataset/Coconut Tree Disease Dataset/Leaf Rot/LeafRot1117.jpg
lf2_foliar,LeafRot1118,2_foliar_disease,1,,,coconut-tree-disease,Dataset/Coconut Tree Disease Dataset/Leaf Rot/LeafRot1118.jpg
lf2_foliar,LeafRot1119,2_foliar_disease,1,,,coconut-tree-disease,Dataset/Coconut Tree Disease Dataset/Leaf Rot/LeafRot1119.jpg
lf2_foliar,LeafRot112,2_foliar_disease,1,,,coconut-tree-disease,Dataset/Coconut Tree Disease Dataset/Leaf Rot/LeafRot112.jpg
lf2_foliar,LeafRot1120,2_foliar_disease,1,,,coconut-tree-disease,Dataset/Coconut Tree Disease Dataset/Leaf Rot/LeafRot1120.jpg
lf2_foliar,LeafRot1121,2_foliar_disease,1,,,coconut-tree-disease,Dataset/Coconut Tree Disease Dataset/Leaf Rot/LeafRot1121.jpg
lf2_foliar,LeafRot1122,2_foliar_disease,1,,,coconut-tree-disease,Dataset/Coconut Tree Disease Dataset/Leaf Rot/LeafRot1122.jpg
lf2_foliar,LeafRot1123,2_foliar_disease,1,,,coconut-tree-disease,Dataset/Coconut Tree Disease Dataset/Leaf Rot/LeafRot1123.jpg
lf2_foliar,LeafRot1124,2_foliar_disease,1,,,coconut-tree-disease,Dataset/Coconut Tree Disease Dataset/Leaf Rot/LeafRot1124.jpg
lf2_foliar,LeafRot1125,2_foliar_disease,1,,,coconut-tree-disease,Dataset/Coconut Tree Disease Dataset/Leaf Rot/LeafRot1125.jpg
lf2_foliar,LeafRot1126,2_foliar_disease,1,,,coconut-tree-disease,Dataset/Coconut Tree Disease Dataset/Leaf Rot/LeafRot1126.jpg
lf2_foliar,LeafRot1127,2_foliar_disease,1,,,coconut-tree-disease,Dataset/Coconut Tree Disease Dataset/Leaf Rot/LeafRot1127.jpg
lf2_foliar,LeafRot1128,2_foliar_disease,1,,,coconut-tree-disease,Dataset/Coconut Tree Disease Dataset/Leaf Rot/LeafRot1128.jpg
lf2_foliar,LeafRot1129,2_foliar_disease,1,,,coconut-tree-disease,Dataset/Coconut Tree Disease Dataset/Leaf Rot/LeafRot1129.jpg
lf2_foliar,LeafRot113,2_foliar_disease,1,,,coconut-tree-disease,Dataset/Coconut Tree Disease Dataset/Leaf Rot/LeafRot113.jpg
lf2_foliar,LeafRot1130,2_foliar_disease,1,,,coconut-tree-disease,Dataset/Coconut Tree Disease Dataset/Leaf Rot/LeafRot1130.jpg
lf2_foliar,LeafRot1131,2_foliar_disease,1,,,coconut-tree-disease,Dataset/Coconut Tree Disease Dataset/Leaf Rot/LeafRot1131.jpg
lf2_foliar,LeafRot1132,2_foliar_disease,1,,,coconut-tree-disease,Dataset/Coconut Tree Disease Dataset/Leaf Rot/LeafRot1132.jpg
lf2_foliar,LeafRot1133,2_foliar_disease,1,,,coconut-tree-disease,Dataset/Coconut Tree Disease Dataset/Leaf Rot/LeafRot1133.jpg
lf2_foliar,LeafRot1134,2_foliar_disease,1,,,coconut-tree-disease,Dataset/Coconut Tree Disease Dataset/Leaf Rot/LeafRot1134.jpg
lf2_foliar,LeafRot1135,2_foliar_disease,1,,,coconut-tree-disease,Dataset/Coconut Tree Disease Dataset/Leaf Rot/LeafRot1135.jpg
lf2_foliar,LeafRot1136,2_foliar_disease,1,,,coconut-tree-disease,Dataset/Coconut Tree Disease Dataset/Leaf Rot/LeafRot1136.jpg
lf2_foliar,LeafRot1137,2_foliar_disease,1,,,coconut-tree-disease,Dataset/Coconut Tree Disease Dataset/Leaf Rot/LeafRot1137.jpg
lf2_foliar,LeafRot1138,2_foliar_disease,1,,,coconut-tree-disease,Dataset/Coconut Tree Disease Dataset/Leaf Rot/LeafRot1138.jpg
lf2_foliar,LeafRot1139,2_foliar_disease,1,,,coconut-tree-disease,Dataset/Coconut Tree Disease Dataset/Leaf Rot/LeafRot1139.jpg
lf2_foliar,LeafRot114,2_foliar_disease,1,,,coconut-tree-disease,Dataset/Coconut Tree Disease Dataset/Leaf Rot/LeafRot114.jpg
lf2_foliar,LeafRot1140,2_foliar_disease,1,,,coconut-tree-disease,Dataset/Coconut Tree Disease Dataset/Leaf Rot/LeafRot1140.jpg
lf2_foliar,LeafRot1141,2_foliar_disease,1,,,coconut-tree-disease,Dataset/Coconut Tree Disease Dataset/Leaf Rot/LeafRot1141.jpg
lf2_foliar,LeafRot1142,2_foliar_disease,1,,,coconut-tree-disease,Dataset/Coconut Tree Disease Dataset/Leaf Rot/LeafRot1142.jpg
lf2_foliar,LeafRot1143,2_foliar_disease,1,,,coconut-tree-disease,Dataset/Coconut Tree Disease Dataset/Leaf Rot/LeafRot1143.jpg
lf2_foliar,LeafRot1144,2_foliar_disease,1,,,coconut-tree-disease,Dataset/Coconut Tree Disease Dataset/Leaf Rot/LeafRot1144.jpg
lf2_foliar,LeafRot1145,2_foliar_disease,1,,,coconut-tree-disease,Dataset/Coconut Tree Disease Dataset/Leaf Rot/LeafRot1145.jpg
lf2_foliar,LeafRot1146,2_foliar_disease,1,,,coconut-tree-disease,Dataset/Coconut Tree Disease Dataset/Leaf Rot/LeafRot1146.jpg
lf2_foliar,LeafRot1147,2_foliar_disease,1,,,coconut-tree-disease,Dataset/Coconut Tree Disease Dataset/Leaf Rot/LeafRot1147.jpg
lf2_foliar,LeafRot1148,2_foliar_disease,1,,,coconut-tree-disease,Dataset/Coconut Tree Disease Dataset/Leaf Rot/LeafRot1148.jpg
lf2_foliar,LeafRot1149,2_foliar_disease,1,,,coconut-tree-disease,Dataset/Coconut Tree Disease Dataset/Leaf Rot/LeafRot1149.jpg
lf2_foliar,LeafRot115,2_foliar_disease,1,,,coconut-tree-disease,Dataset/Coconut Tree Disease Dataset/Leaf Rot/LeafRot115.jpg
lf2_foliar,LeafRot1150,2_foliar_disease,1,,,coconut-tree-disease,Dataset/Coconut Tree Disease Dataset/Leaf Rot/LeafRot1150.jpg
lf2_foliar,LeafRot1151,2_foliar_disease,1,,,coconut-tree-disease,Dataset/Coconut Tree Disease Dataset/Leaf Rot/LeafRot1151.jpg
lf2_foliar,LeafRot1152,2_foliar_disease,1,,,coconut-tree-disease,Dataset/Coconut Tree Disease Dataset/Leaf Rot/LeafRot1152.jpg
lf2_foliar,LeafRot1153,2_foliar_disease,1,,,coconut-tree-disease,Dataset/Coconut Tree Disease Dataset/Leaf Rot/LeafRot1153.jpg
lf2_foliar,LeafRot1154,2_foliar_disease,1,,,coconut-tree-disease,Dataset/Coconut Tree Disease Dataset/Leaf Rot/LeafRot1154.jpg
lf2_foliar,LeafRot1155,2_foliar_disease,1,,,coconut-tree-disease,Dataset/Coconut Tree Disease Dataset/Leaf Rot/LeafRot1155.jpg
lf2_foliar,LeafRot1156,2_foliar_disease,1,,,coconut-tree-disease,Dataset/Coconut Tree Disease Dataset/Leaf Rot/LeafRot1156.jpg
lf2_foliar,LeafRot1157,2_foliar_disease,1,,,coconut-tree-disease,Dataset/Coconut Tree Disease Dataset/Leaf Rot/LeafRot1157.jpg
lf2_foliar,LeafRot1158,2_foliar_disease,1,,,coconut-tree-disease,Dataset/Coconut Tree Disease Dataset/Leaf Rot/LeafRot1158.jpg
lf2_foliar,LeafRot1159,2_foliar_disease,1,,,coconut-tree-disease,Dataset/Coconut Tree Disease Dataset/Leaf Rot/LeafRot1159.jpg
lf2_foliar,LeafRot116,2_foliar_disease,1,,,coconut-tree-disease,Dataset/Coconut Tree Disease Dataset/Leaf Rot/LeafRot116.jpg
lf2_foliar,LeafRot1160,2_foliar_disease,1,,,coconut-tree-disease,Dataset/Coconut Tree Disease Dataset/Leaf Rot/LeafRot1160.jpg
lf2_foliar,LeafRot1161,2_foliar_disease,1,,,coconut-tree-disease,Dataset/Coconut Tree Disease Dataset/Leaf Rot/LeafRot1161.jpg
lf2_foliar,LeafRot1162,2_foliar_disease,1,,,coconut-tree-disease,Dataset/Coconut Tree Disease Dataset/Leaf Rot/LeafRot1162.jpg
lf2_foliar,LeafRot1163,2_foliar_disease,1,,,coconut-tree-disease,Dataset/Coconut Tree Disease Dataset/Leaf Rot/LeafRot1163.jpg
lf2_foliar,LeafRot1164,2_foliar_disease,1,,,coconut-tree-disease,Dataset/Coconut Tree Disease Dataset/Leaf Rot/LeafRot1164.jpg
lf2_foliar,LeafRot1165,2_foliar_disease,1,,,coconut-tree-disease,Dataset/Coconut Tree Disease Dataset/Leaf Rot/LeafRot1165.jpg
lf2_foliar,LeafRot1166,2_foliar_disease,1,,,coconut-tree-disease,Dataset/Coconut Tree Disease Dataset/Leaf Rot/LeafRot1166.jpg
lf2_foliar,LeafRot1167,2_foliar_disease,1,,,coconut-tree-disease,Dataset/Coconut Tree Disease Dataset/Leaf Rot/LeafRot1167.jpg
lf2_foliar,LeafRot1168,2_foliar_disease,1,,,coconut-tree-disease,Dataset/Coconut Tree Disease Dataset/Leaf Rot/LeafRot1168.jpg
lf2_foliar,LeafRot1169,2_foliar_disease,1,,,coconut-tree-disease,Dataset/Coconut Tree Disease Dataset/Leaf Rot/LeafRot1169.jpg
lf2_foliar,LeafRot117,2_foliar_disease,1,,,coconut-tree-disease,Dataset/Coconut Tree Disease Dataset/Leaf Rot/LeafRot117.jpg
lf2_foliar,LeafRot1170,2_foliar_disease,1,,,coconut-tree-disease,Dataset/Coconut Tree Disease Dataset/Leaf Rot/LeafRot1170.jpg
lf2_foliar,LeafRot1171,2_foliar_disease,1,,,coconut-tree-disease,Dataset/Coconut Tree Disease Dataset/Leaf Rot/LeafRot1171.jpg
lf2_foliar,LeafRot1172,2_foliar_disease,1,,,coconut-tree-disease,Dataset/Coconut Tree Disease Dataset/Leaf Rot/LeafRot1172.jpg
lf2_foliar,LeafRot1173,2_foliar_disease,1,,,coconut-tree-disease,Dataset/Coconut Tree Disease Dataset/Leaf Rot/LeafRot1173.jpg
lf2_foliar,LeafRot1174,2_foliar_disease,1,,,coconut-tree-disease,Dataset/Coconut Tree Disease Dataset/Leaf Rot/LeafRot1174.jpg
lf2_foliar,LeafRot1175,2_foliar_disease,1,,,coconut-tree-disease,Dataset/Coconut Tree Disease Dataset/Leaf Rot/LeafRot1175.jpg
lf2_foliar,LeafRot1176,2_foliar_disease,1,,,coconut-tree-disease,Dataset/Coconut Tree Disease Dataset/Leaf Rot/LeafRot1176.jpg
lf2_foliar,LeafRot1177,2_foliar_disease,1,,,coconut-tree-disease,Dataset/Coconut Tree Disease Dataset/Leaf Rot/LeafRot1177.jpg
lf2_foliar,LeafRot1178,2_foliar_disease,1,,,coconut-tree-disease,Dataset/Coconut Tree Disease Dataset/Leaf Rot/LeafRot1178.jpg
lf2_foliar,LeafRot1179,2_foliar_disease,1,,,coconut-tree-disease,Dataset/Coconut Tree Disease Dataset/Leaf Rot/LeafRot1179.jpg
lf2_foliar,LeafRot118,2_foliar_disease,1,,,coconut-tree-disease,Dataset/Coconut Tree Disease Dataset/Leaf Rot/LeafRot118.jpg
lf2_foliar,LeafRot1180,2_foliar_disease,1,,,coconut-tree-disease,Dataset/Coconut Tree Disease Dataset/Leaf Rot/LeafRot1180.jpg
lf2_foliar,LeafRot1181,2_foliar_disease,1,,,coconut-tree-disease,Dataset/Coconut Tree Disease Dataset/Leaf Rot/LeafRot1181.jpg
lf2_foliar,LeafRot1182,2_foliar_disease,1,,,coconut-tree-disease,Dataset/Coconut Tree Disease Dataset/Leaf Rot/LeafRot1182.jpg
lf2_foliar,LeafRot1183,2_foliar_disease,1,,,coconut-tree-disease,Dataset/Coconut Tree Disease Dataset/Leaf Rot/LeafRot1183.jpg
lf2_foliar,LeafRot1184,2_foliar_disease,1,,,coconut-tree-disease,Dataset/Coconut Tree Disease Dataset/Leaf Rot/LeafRot1184.jpg
lf2_foliar,LeafRot1185,2_foliar_disease,1,,,coconut-tree-disease,Dataset/Coconut Tree Disease Dataset/Leaf Rot/LeafRot1185.jpg
lf2_foliar,LeafRot1186,2_foliar_disease,1,,,coconut-tree-disease,Dataset/Coconut Tree Disease Dataset/Leaf Rot/LeafRot1186.jpg
lf2_foliar,LeafRot1187,2_foliar_disease,1,,,coconut-tree-disease,Dataset/Coconut Tree Disease Dataset/Leaf Rot/LeafRot1187.jpg
lf2_foliar,LeafRot1188,2_foliar_disease,1,,,coconut-tree-disease,Dataset/Coconut Tree Disease Dataset/Leaf Rot/LeafRot1188.jpg
lf2_foliar,LeafRot1189,2_foliar_disease,1,,,coconut-tree-disease,Dataset/Coconut Tree Disease Dataset/Leaf Rot/LeafRot1189.jpg
lf2_foliar,LeafRot119,2_foliar_disease,1,,,coconut-tree-disease,Dataset/Coconut Tree Disease Dataset/Leaf Rot/LeafRot119.jpg
lf2_foliar,LeafRot1190,2_foliar_disease,1,,,coconut-tree-disease,Dataset/Coconut Tree Disease Dataset/Leaf Rot/LeafRot1190.jpg
lf2_foliar,LeafRot1191,2_foliar_disease,1,,,coconut-tree-disease,Dataset/Coconut Tree Disease Dataset/Leaf Rot/LeafRot1191.jpg
lf2_foliar,LeafRot1192,2_foliar_disease,1,,,coconut-tree-disease,Dataset/Coconut Tree Disease Dataset/Leaf Rot/LeafRot1192.jpg
lf2_foliar,LeafRot1193,2_foliar_disease,1,,,coconut-tree-disease,Dataset/Coconut Tree Disease Dataset/Leaf Rot/LeafRot1193.jpg
lf2_foliar,LeafRot1194,2_foliar_disease,1,,,coconut-tree-disease,Dataset/Coconut Tree Disease Dataset/Leaf Rot/LeafRot1194.jpg
lf2_foliar,LeafRot1195,2_foliar_disease,1,,,coconut-tree-disease,Dataset/Coconut Tree Disease Dataset/Leaf Rot/LeafRot1195.jpg
lf2_foliar,LeafRot1196,2_foliar_disease,1,,,coconut-tree-disease,Dataset/Coconut Tree Disease Dataset/Leaf Rot/LeafRot1196.jpg
lf2_foliar,LeafRot1197,2_foliar_disease,1,,,coconut-tree-disease,Dataset/Coconut Tree Disease Dataset/Leaf Rot/LeafRot1197.jpg
lf2_foliar,LeafRot1198,2_foliar_disease,1,,,coconut-tree-disease,Dataset/Coconut Tree Disease Dataset/Leaf Rot/LeafRot1198.jpg
lf2_foliar,LeafRot1199,2_foliar_disease,1,,,coconut-tree-disease,Dataset/Coconut Tree Disease Dataset/Leaf Rot/LeafRot1199.jpg
lf2_foliar,LeafRot120,2_foliar_disease,1,,,coconut-tree-disease,Dataset/Coconut Tree Disease Dataset/Leaf Rot/LeafRot120.jpg
lf2_foliar,LeafRot1200,2_foliar_disease,1,,,coconut-tree-disease,Dataset/Coconut Tree Disease Dataset/Leaf Rot/LeafRot1200.jpg
lf2_foliar,LeafRot1201,2_foliar_disease,1,,,coconut-tree-disease,Dataset/Coconut Tree Disease Dataset/Leaf Rot/LeafRot1201.jpg
lf2_foliar,LeafRot1202,2_foliar_disease,1,,,coconut-tree-disease,Dataset/Coconut Tree Disease Dataset/Leaf Rot/LeafRot1202.jpg
lf2_foliar,LeafRot1203,2_foliar_disease,1,,,coconut-tree-disease,Dataset/Coconut Tree Disease Dataset/Leaf Rot/LeafRot1203.jpg
lf2_foliar,LeafRot1204,2_foliar_disease,1,,,coconut-tree-disease,Dataset/Coconut Tree Disease Dataset/Leaf Rot/LeafRot1204.jpg
lf2_foliar,LeafRot1205,2_foliar_disease,1,,,coconut-tree-disease,Dataset/Coconut Tree Disease Dataset/Leaf Rot/LeafRot1205.jpg
lf2_foliar,LeafRot1206,2_foliar_disease,1,,,coconut-tree-disease,Dataset/Coconut Tree Disease Dataset/Leaf Rot/LeafRot1206.jpg
lf2_foliar,LeafRot1207,2_foliar_disease,1,,,coconut-tree-disease,Dataset/Coconut Tree Disease Dataset/Leaf Rot/LeafRot1207.jpg
lf2_foliar,LeafRot1208,2_foliar_disease,1,,,coconut-tree-disease,Dataset/Coconut Tree Disease Dataset/Leaf Rot/LeafRot1208.jpg
lf2_foliar,LeafRot1209,2_foliar_disease,1,,,coconut-tree-disease,Dataset/Coconut Tree Disease Dataset/Leaf Rot/LeafRot1209.jpg
lf2_foliar,LeafRot121,2_foliar_disease,1,,,coconut-tree-disease,Dataset/Coconut Tree Disease Dataset/Leaf Rot/LeafRot121.jpg
lf2_foliar,LeafRot1210,2_foliar_disease,1,,,coconut-tree-disease,Dataset/Coconut Tree Disease Dataset/Leaf Rot/LeafRot1210.jpg
lf2_foliar,LeafRot1211,2_foliar_disease,1,,,coconut-tree-disease,Dataset/Coconut Tree Disease Dataset/Leaf Rot/LeafRot1211.jpg
lf2_foliar,LeafRot1212,2_foliar_disease,1,,,coconut-tree-disease,Dataset/Coconut Tree Disease Dataset/Leaf Rot/LeafRot1212.jpg
lf2_foliar,LeafRot1213,2_foliar_disease,1,,,coconut-tree-disease,Dataset/Coconut Tree Disease Dataset/Leaf Rot/LeafRot1213.jpg
lf2_foliar,LeafRot1214,2_foliar_disease,1,,,coconut-tree-disease,Dataset/Coconut Tree Disease Dataset/Leaf Rot/LeafRot1214.jpg
lf2_foliar,LeafRot1215,2_foliar_disease,1,,,coconut-tree-disease,Dataset/Coconut Tree Disease Dataset/Leaf Rot/LeafRot1215.jpg
lf2_foliar,LeafRot1216,2_foliar_disease,1,,,coconut-tree-disease,Dataset/Coconut Tree Disease Dataset/Leaf Rot/LeafRot1216.jpg
lf2_foliar,LeafRot1217,2_foliar_disease,1,,,coconut-tree-disease,Dataset/Coconut Tree Disease Dataset/Leaf Rot/LeafRot1217.jpg
lf2_foliar,LeafRot1218,2_foliar_disease,1,,,coconut-tree-disease,Dataset/Coconut Tree Disease Dataset/Leaf Rot/LeafRot1218.jpg
lf2_foliar,LeafRot1219,2_foliar_disease,1,,,coconut-tree-disease,Dataset/Coconut Tree Disease Dataset/Leaf Rot/LeafRot1219.jpg
lf2_foliar,LeafRot122,2_foliar_disease,1,,,coconut-tree-disease,Dataset/Coconut Tree Disease Dataset/Leaf Rot/LeafRot122.jpg
lf2_foliar,LeafRot1220,2_foliar_disease,1,,,coconut-tree-disease,Dataset/Coconut Tree Disease Dataset/Leaf Rot/LeafRot1220.jpg
lf2_foliar,LeafRot1221,2_foliar_disease,1,,,coconut-tree-disease,Dataset/Coconut Tree Disease Dataset/Leaf Rot/LeafRot1221.jpg
lf2_foliar,LeafRot1222,2_foliar_disease,1,,,coconut-tree-disease,Dataset/Coconut Tree Disease Dataset/Leaf Rot/LeafRot1222.jpg
lf2_foliar,LeafRot1223,2_foliar_disease,1,,,coconut-tree-disease,Dataset/Coconut Tree Disease Dataset/Leaf Rot/LeafRot1223.jpg
lf2_foliar,LeafRot1224,2_foliar_disease,1,,,coconut-tree-disease,Dataset/Coconut Tree Disease Dataset/Leaf Rot/LeafRot1224.jpg
lf2_foliar,LeafRot1225,2_foliar_disease,1,,,coconut-tree-disease,Dataset/Coconut Tree Disease Dataset/Leaf Rot/LeafRot1225.jpg
lf2_foliar,LeafRot1226,2_foliar_disease,1,,,coconut-tree-disease,Dataset/Coconut Tree Disease Dataset/Leaf Rot/LeafRot1226.jpg
lf2_foliar,LeafRot1227,2_foliar_disease,1,,,coconut-tree-disease,Dataset/Coconut Tree Disease Dataset/Leaf Rot/LeafRot1227.jpg
lf2_foliar,LeafRot1228,2_foliar_disease,1,,,coconut-tree-disease,Dataset/Coconut Tree Disease Dataset/Leaf Rot/LeafRot1228.jpg
lf2_foliar,LeafRot1229,2_foliar_disease,1,,,coconut-tree-disease,Dataset/Coconut Tree Disease Dataset/Leaf Rot/LeafRot1229.jpg
lf2_foliar,LeafRot123,2_foliar_disease,1,,,coconut-tree-disease,Dataset/Coconut Tree Disease Dataset/Leaf Rot/LeafRot123.jpg
lf2_foliar,LeafRot1230,2_foliar_disease,1,,,coconut-tree-disease,Dataset/Coconut Tree Disease Dataset/Leaf Rot/LeafRot1230.jpg
lf2_foliar,LeafRot1231,2_foliar_disease,1,,,coconut-tree-disease,Dataset/Coconut Tree Disease Dataset/Leaf Rot/LeafRot1231.jpg
lf2_foliar,LeafRot1232,2_foliar_disease,1,,,coconut-tree-disease,Dataset/Coconut Tree Disease Dataset/Leaf Rot/LeafRot1232.jpg
lf2_foliar,LeafRot1233,2_foliar_disease,1,,,coconut-tree-disease,Dataset/Coconut Tree Disease Dataset/Leaf Rot/LeafRot1233.jpg
lf2_foliar,LeafRot1234,2_foliar_disease,1,,,coconut-tree-disease,Dataset/Coconut Tree Disease Dataset/Leaf Rot/LeafRot1234.jpg
lf2_foliar,LeafRot1235,2_foliar_disease,1,,,coconut-tree-disease,Dataset/Coconut Tree Disease Dataset/Leaf Rot/LeafRot1235.jpg
lf2_foliar,LeafRot1236,2_foliar_disease,1,,,coconut-tree-disease,Dataset/Coconut Tree Disease Dataset/Leaf Rot/LeafRot1236.jpg
lf2_foliar,LeafRot1237,2_foliar_disease,1,,,coconut-tree-disease,Dataset/Coconut Tree Disease Dataset/Leaf Rot/LeafRot1237.jpg
lf2_foliar,LeafRot1238,2_foliar_disease,1,,,coconut-tree-disease,Dataset/Coconut Tree Disease Dataset/Leaf Rot/LeafRot1238.jpg
lf2_foliar,LeafRot1239,2_foliar_disease,1,,,coconut-tree-disease,Dataset/Coconut Tree Disease Dataset/Leaf Rot/LeafRot1239.jpg
lf2_foliar,LeafRot124,2_foliar_disease,1,,,coconut-tree-disease,Dataset/Coconut Tree Disease Dataset/Leaf Rot/LeafRot124.jpg
lf2_foliar,LeafRot1240,2_foliar_disease,1,,,coconut-tree-disease,Dataset/Coconut Tree Disease Dataset/Leaf Rot/LeafRot1240.jpg
lf2_foliar,LeafRot1241,2_foliar_disease,1,,,coconut-tree-disease,Dataset/Coconut Tree Disease Dataset/Leaf Rot/LeafRot1241.jpg
lf2_foliar,LeafRot1242,2_foliar_disease,1,,,coconut-tree-disease,Dataset/Coconut Tree Disease Dataset/Leaf Rot/LeafRot1242.jpg
lf2_foliar,LeafRot1243,2_foliar_disease,1,,,coconut-tree-disease,Dataset/Coconut Tree Disease Dataset/Leaf Rot/LeafRot1243.jpg
lf2_foliar,LeafRot1244,2_foliar_disease,1,,,coconut-tree-disease,Dataset/Coconut Tree Disease Dataset/Leaf Rot/LeafRot1244.jpg
lf2_foliar,LeafRot1245,2_foliar_disease,1,,,coconut-tree-disease,Dataset/Coconut Tree Disease Dataset/Leaf Rot/LeafRot1245.jpg
lf2_foliar,LeafRot1246,2_foliar_disease,1,,,coconut-tree-disease,Dataset/Coconut Tree Disease Dataset/Leaf Rot/LeafRot1246.jpg
lf2_foliar,LeafRot1247,2_foliar_disease,1,,,coconut-tree-disease,Dataset/Coconut Tree Disease Dataset/Leaf Rot/LeafRot1247.jpg
lf2_foliar,LeafRot1248,2_foliar_disease,1,,,coconut-tree-disease,Dataset/Coconut Tree Disease Dataset/Leaf Rot/LeafRot1248.jpg
lf2_foliar,LeafRot1249,2_foliar_disease,1,,,coconut-tree-disease,Dataset/Coconut Tree Disease Dataset/Leaf Rot/LeafRot1249.jpg
lf2_foliar,LeafRot125,2_foliar_disease,1,,,coconut-tree-disease,Dataset/Coconut Tree Disease Dataset/Leaf Rot/LeafRot125.jpg
lf2_foliar,LeafRot1250,2_foliar_disease,1,,,coconut-tree-disease,Dataset/Coconut Tree Disease Dataset/Leaf Rot/LeafRot1250.jpg
lf2_foliar,LeafRot1251,2_foliar_disease,1,,,coconut-tree-disease,Dataset/Coconut Tree Disease Dataset/Leaf Rot/LeafRot1251.jpg
lf2_foliar,LeafRot1252,2_foliar_disease,1,,,coconut-tree-disease,Dataset/Coconut Tree Disease Dataset/Leaf Rot/LeafRot1252.jpg
lf2_foliar,LeafRot1253,2_foliar_disease,1,,,coconut-tree-disease,Dataset/Coconut Tree Disease Dataset/Leaf Rot/LeafRot1253.jpg
lf2_foliar,LeafRot1254,2_foliar_disease,1,,,coconut-tree-disease,Dataset/Coconut Tree Disease Dataset/Leaf Rot/LeafRot1254.jpg
lf2_foliar,LeafRot1255,2_foliar_disease,1,,,coconut-tree-disease,Dataset/Coconut Tree Disease Dataset/Leaf Rot/LeafRot1255.jpg
lf2_foliar,LeafRot1256,2_foliar_disease,1,,,coconut-tree-disease,Dataset/Coconut Tree Disease Dataset/Leaf Rot/LeafRot1256.jpg
lf2_foliar,LeafRot1257,2_foliar_disease,1,,,coconut-tree-disease,Dataset/Coconut Tree Disease Dataset/Leaf Rot/LeafRot1257.jpg
lf2_foliar,LeafRot1258,2_foliar_disease,1,,,coconut-tree-disease,Dataset/Coconut Tree Disease Dataset/Leaf Rot/LeafRot1258.jpg
lf2_foliar,LeafRot1259,2_foliar_disease,1,,,coconut-tree-disease,Dataset/Coconut Tree Disease Dataset/Leaf Rot/LeafRot1259.jpg
lf2_foliar,LeafRot126,2_foliar_disease,1,,,coconut-tree-disease,Dataset/Coconut Tree Disease Dataset/Leaf Rot/LeafRot126.jpg
lf2_foliar,LeafRot1260,2_foliar_disease,1,,,coconut-tree-disease,Dataset/Coconut Tree Disease Dataset/Leaf Rot/LeafRot1260.jpg
lf2_foliar,LeafRot1261,2_foliar_disease,1,,,coconut-tree-disease,Dataset/Coconut Tree Disease Dataset/Leaf Rot/LeafRot1261.jpg
lf2_foliar,LeafRot1262,2_foliar_disease,1,,,coconut-tree-disease,Dataset/Coconut Tree Disease Dataset/Leaf Rot/LeafRot1262.jpg
lf2_foliar,LeafRot1263,2_foliar_disease,1,,,coconut-tree-disease,Dataset/Coconut Tree Disease Dataset/Leaf Rot/LeafRot1263.jpg
lf2_foliar,LeafRot1264,2_foliar_disease,1,,,coconut-tree-disease,Dataset/Coconut Tree Disease Dataset/Leaf Rot/LeafRot1264.jpg
lf2_foliar,LeafRot1265,2_foliar_disease,1,,,coconut-tree-disease,Dataset/Coconut Tree Disease Dataset/Leaf Rot/LeafRot1265.jpg
lf2_foliar,LeafRot1266,2_foliar_disease,1,,,coconut-tree-disease,Dataset/Coconut Tree Disease Dataset/Leaf Rot/LeafRot1266.jpg
lf2_foliar,LeafRot1267,2_foliar_disease,1,,,coconut-tree-disease,Dataset/Coconut Tree Disease Dataset/Leaf Rot/LeafRot1267.jpg
lf2_foliar,LeafRot1268,2_foliar_disease,1,,,coconut-tree-disease,Dataset/Coconut Tree Disease Dataset/Leaf Rot/LeafRot1268.jpg
lf2_foliar,LeafRot1269,2_foliar_disease,1,,,coconut-tree-disease,Dataset/Coconut Tree Disease Dataset/Leaf Rot/LeafRot1269.jpg
lf2_foliar,LeafRot127,2_foliar_disease,1,,,coconut-tree-disease,Dataset/Coconut Tree Disease Dataset/Leaf Rot/LeafRot127.jpg
lf2_foliar,LeafRot1270,2_foliar_disease,1,,,coconut-tree-disease,Dataset/Coconut Tree Disease Dataset/Leaf Rot/LeafRot1270.jpg
lf2_foliar,LeafRot1271,2_foliar_disease,1,,,coconut-tree-disease,Dataset/Coconut Tree Disease Dataset/Leaf Rot/LeafRot1271.jpg
lf2_foliar,LeafRot1272,2_foliar_disease,1,,,coconut-tree-disease,Dataset/Coconut Tree Disease Dataset/Leaf Rot/LeafRot1272.jpg
lf2_foliar,LeafRot1273,2_foliar_disease,1,,,coconut-tree-disease,Dataset/Coconut Tree Disease Dataset/Leaf Rot/LeafRot1273.jpg
lf2_foliar,LeafRot1274,2_foliar_disease,1,,,coconut-tree-disease,Dataset/Coconut Tree Disease Dataset/Leaf Rot/LeafRot1274.jpg
lf2_foliar,LeafRot1275,2_foliar_disease,1,,,coconut-tree-disease,Dataset/Coconut Tree Disease Dataset/Leaf Rot/LeafRot1275.jpg
lf2_foliar,LeafRot1276,2_foliar_disease,1,,,coconut-tree-disease,Dataset/Coconut Tree Disease Dataset/Leaf Rot/LeafRot1276.jpg
lf2_foliar,LeafRot1277,2_foliar_disease,1,,,coconut-tree-disease,Dataset/Coconut Tree Disease Dataset/Leaf Rot/LeafRot1277.jpg
lf2_foliar,LeafRot1278,2_foliar_disease,1,,,coconut-tree-disease,Dataset/Coconut Tree Disease Dataset/Leaf Rot/LeafRot1278.jpg
lf2_foliar,LeafRot1279,2_foliar_disease,1,,,coconut-tree-disease,Dataset/Coconut Tree Disease Dataset/Leaf Rot/LeafRot1279.jpg
lf2_foliar,LeafRot128,2_foliar_disease,1,,,coconut-tree-disease,Dataset/Coconut Tree Disease Dataset/Leaf Rot/LeafRot128.jpg
lf2_foliar,LeafRot1280,2_foliar_disease,1,,,coconut-tree-disease,Dataset/Coconut Tree Disease Dataset/Leaf Rot/LeafRot1280.jpg
lf2_foliar,LeafRot1281,2_foliar_disease,1,,,coconut-tree-disease,Dataset/Coconut Tree Disease Dataset/Leaf Rot/LeafRot1281.jpg
lf2_foliar,LeafRot1282,2_foliar_disease,1,,,coconut-tree-disease,Dataset/Coconut Tree Disease Dataset/Leaf Rot/LeafRot1282.jpg
lf2_foliar,LeafRot1283,2_foliar_disease,1,,,coconut-tree-disease,Dataset/Coconut Tree Disease Dataset/Leaf Rot/LeafRot1283.jpg
lf2_foliar,LeafRot1284,2_foliar_disease,1,,,coconut-tree-disease,Dataset/Coconut Tree Disease Dataset/Leaf Rot/LeafRot1284.jpg
lf2_foliar,LeafRot1285,2_foliar_disease,1,,,coconut-tree-disease,Dataset/Coconut Tree Disease Dataset/Leaf Rot/LeafRot1285.jpg
lf2_foliar,LeafRot1286,2_foliar_disease,1,,,coconut-tree-disease,Dataset/Coconut Tree Disease Dataset/Leaf Rot/LeafRot1286.jpg
lf2_foliar,LeafRot1287,2_foliar_disease,1,,,coconut-tree-disease,Dataset/Coconut Tree Disease Dataset/Leaf Rot/LeafRot1287.jpg
lf2_foliar,LeafRot1288,2_foliar_disease,1,,,coconut-tree-disease,Dataset/Coconut Tree Disease Dataset/Leaf Rot/LeafRot1288.jpg
lf2_foliar,LeafRot1289,2_foliar_disease,1,,,coconut-tree-disease,Dataset/Coconut Tree Disease Dataset/Leaf Rot/LeafRot1289.jpg
lf2_foliar,LeafRot129,2_foliar_disease,1,,,coconut-tree-disease,Dataset/Coconut Tree Disease Dataset/Leaf Rot/LeafRot129.jpg
lf2_foliar,LeafRot1290,2_foliar_disease,1,,,coconut-tree-disease,Dataset/Coconut Tree Disease Dataset/Leaf Rot/LeafRot1290.jpg
lf2_foliar,LeafRot1291,2_foliar_disease,1,,,coconut-tree-disease,Dataset/Coconut Tree Disease Dataset/Leaf Rot/LeafRot1291.jpg
lf2_foliar,LeafRot1292,2_foliar_disease,1,,,coconut-tree-disease,Dataset/Coconut Tree Disease Dataset/Leaf Rot/LeafRot1292.jpg
lf2_foliar,LeafRot1293,2_foliar_disease,1,,,coconut-tree-disease,Dataset/Coconut Tree Disease Dataset/Leaf Rot/LeafRot1293.jpg
lf2_foliar,LeafRot1294,2_foliar_disease,1,,,coconut-tree-disease,Dataset/Coconut Tree Disease Dataset/Leaf Rot/LeafRot1294.jpg
lf2_foliar,LeafRot1295,2_foliar_disease,1,,,coconut-tree-disease,Dataset/Coconut Tree Disease Dataset/Leaf Rot/LeafRot1295.jpg
lf2_foliar,LeafRot1296,2_foliar_disease,1,,,coconut-tree-disease,Dataset/Coconut Tree Disease Dataset/Leaf Rot/LeafRot1296.jpg
lf2_foliar,LeafRot1297,2_foliar_disease,1,,,coconut-tree-disease,Dataset/Coconut Tree Disease Dataset/Leaf Rot/LeafRot1297.jpg
lf2_foliar,LeafRot1298,2_foliar_disease,1,,,coconut-tree-disease,Dataset/Coconut Tree Disease Dataset/Leaf Rot/LeafRot1298.jpg
lf2_foliar,LeafRot1299,2_foliar_disease,1,,,coconut-tree-disease,Dataset/Coconut Tree Disease Dataset/Leaf Rot/LeafRot1299.jpg
lf2_foliar,LeafRot130,2_foliar_disease,1,,,coconut-tree-disease,Dataset/Coconut Tree Disease Dataset/Leaf Rot/LeafRot130.jpg
lf2_foliar,LeafRot1300,2_foliar_disease,1,,,coconut-tree-disease,Dataset/Coconut Tree Disease Dataset/Leaf Rot/LeafRot1300.jpg
lf2_foliar,LeafRot1301,2_foliar_disease,1,,,coconut-tree-disease,Dataset/Coconut Tree Disease Dataset/Leaf Rot/LeafRot1301.jpg
lf2_foliar,LeafRot1302,2_foliar_disease,1,,,coconut-tree-disease,Dataset/Coconut Tree Disease Dataset/Leaf Rot/LeafRot1302.jpg
lf2_foliar,LeafRot1303,2_foliar_disease,1,,,coconut-tree-disease,Dataset/Coconut Tree Disease Dataset/Leaf Rot/LeafRot1303.jpg
lf2_foliar,LeafRot1304,2_foliar_disease,1,,,coconut-tree-disease,Dataset/Coconut Tree Disease Dataset/Leaf Rot/LeafRot1304.jpg
lf2_foliar,LeafRot1305,2_foliar_disease,1,,,coconut-tree-disease,Dataset/Coconut Tree Disease Dataset/Leaf Rot/LeafRot1305.jpg
lf2_foliar,LeafRot1306,2_foliar_disease,1,,,coconut-tree-disease,Dataset/Coconut Tree Disease Dataset/Leaf Rot/LeafRot1306.jpg
lf2_foliar,LeafRot1307,2_foliar_disease,1,,,coconut-tree-disease,Dataset/Coconut Tree Disease Dataset/Leaf Rot/LeafRot1307.jpg
lf2_foliar,LeafRot1308,2_foliar_disease,1,,,coconut-tree-disease,Dataset/Coconut Tree Disease Dataset/Leaf Rot/LeafRot1308.jpg
lf2_foliar,LeafRot1309,2_foliar_disease,1,,,coconut-tree-disease,Dataset/Coconut Tree Disease Dataset/Leaf Rot/LeafRot1309.jpg
lf2_foliar,LeafRot131,2_foliar_disease,1,,,coconut-tree-disease,Dataset/Coconut Tree Disease Dataset/Leaf Rot/LeafRot131.jpg
lf2_foliar,LeafRot1310,2_foliar_disease,1,,,coconut-tree-disease,Dataset/Coconut Tree Disease Dataset/Leaf Rot/LeafRot1310.jpg
lf2_foliar,LeafRot1311,2_foliar_disease,1,,,coconut-tree-disease,Dataset/Coconut Tree Disease Dataset/Leaf Rot/LeafRot1311.jpg
lf2_foliar,LeafRot1312,2_foliar_disease,1,,,coconut-tree-disease,Dataset/Coconut Tree Disease Dataset/Leaf Rot/LeafRot1312.jpg
lf2_foliar,LeafRot1313,2_foliar_disease,1,,,coconut-tree-disease,Dataset/Coconut Tree Disease Dataset/Leaf Rot/LeafRot1313.jpg
lf2_foliar,LeafRot1314,2_foliar_disease,1,,,coconut-tree-disease,Dataset/Coconut Tree Disease Dataset/Leaf Rot/LeafRot1314.jpg
lf2_foliar,LeafRot1315,2_foliar_disease,1,,,coconut-tree-disease,Dataset/Coconut Tree Disease Dataset/Leaf Rot/LeafRot1315.jpg
lf2_foliar,LeafRot1316,2_foliar_disease,1,,,coconut-tree-disease,Dataset/Coconut Tree Disease Dataset/Leaf Rot/LeafRot1316.jpg
lf2_foliar,LeafRot1317,2_foliar_disease,1,,,coconut-tree-disease,Dataset/Coconut Tree Disease Dataset/Leaf Rot/LeafRot1317.jpg
lf2_foliar,LeafRot1318,2_foliar_disease,1,,,coconut-tree-disease,Dataset/Coconut Tree Disease Dataset/Leaf Rot/LeafRot1318.jpg
lf2_foliar,LeafRot1319,2_foliar_disease,1,,,coconut-tree-disease,Dataset/Coconut Tree Disease Dataset/Leaf Rot/LeafRot1319.jpg
lf2_foliar,LeafRot132,2_foliar_disease,1,,,coconut-tree-disease,Dataset/Coconut Tree Disease Dataset/Leaf Rot/LeafRot132.jpg
lf2_foliar,LeafRot1320,2_foliar_disease,1,,,coconut-tree-disease,Dataset/Coconut Tree Disease Dataset/Leaf Rot/LeafRot1320.jpg
lf2_foliar,LeafRot1321,2_foliar_disease,1,,,coconut-tree-disease,Dataset/Coconut Tree Disease Dataset/Leaf Rot/LeafRot1321.jpg
lf2_foliar,LeafRot1322,2_foliar_disease,1,,,coconut-tree-disease,Dataset/Coconut Tree Disease Dataset/Leaf Rot/LeafRot1322.jpg
lf2_foliar,LeafRot1323,2_foliar_disease,1,,,coconut-tree-disease,Dataset/Coconut Tree Disease Dataset/Leaf Rot/LeafRot1323.jpg
lf2_foliar,LeafRot1324,2_foliar_disease,1,,,coconut-tree-disease,Dataset/Coconut Tree Disease Dataset/Leaf Rot/LeafRot1324.jpg
lf2_foliar,LeafRot1325,2_foliar_disease,1,,,coconut-tree-disease,Dataset/Coconut Tree Disease Dataset/Leaf Rot/LeafRot1325.jpg
lf2_foliar,LeafRot1326,2_foliar_disease,1,,,coconut-tree-disease,Dataset/Coconut Tree Disease Dataset/Leaf Rot/LeafRot1326.jpg
lf2_foliar,LeafRot1327,2_foliar_disease,1,,,coconut-tree-disease,Dataset/Coconut Tree Disease Dataset/Leaf Rot/LeafRot1327.jpg
lf2_foliar,LeafRot1328,2_foliar_disease,1,,,coconut-tree-disease,Dataset/Coconut Tree Disease Dataset/Leaf Rot/LeafRot1328.jpg
lf2_foliar,LeafRot1329,2_foliar_disease,1,,,coconut-tree-disease,Dataset/Coconut Tree Disease Dataset/Leaf Rot/LeafRot1329.jpg
lf2_foliar,LeafRot133,2_foliar_disease,1,,,coconut-tree-disease,Dataset/Coconut Tree Disease Dataset/Leaf Rot/LeafRot133.jpg
lf2_foliar,LeafRot1330,2_foliar_disease,1,,,coconut-tree-disease,Dataset/Coconut Tree Disease Dataset/Leaf Rot/LeafRot1330.jpg
lf2_foliar,LeafRot1331,2_foliar_disease,1,,,coconut-tree-disease,Dataset/Coconut Tree Disease Dataset/Leaf Rot/LeafRot1331.jpg
lf2_foliar,LeafRot1332,2_foliar_disease,1,,,coconut-tree-disease,Dataset/Coconut Tree Disease Dataset/Leaf Rot/LeafRot1332.jpg
lf2_foliar,LeafRot1333,2_foliar_disease,1,,,coconut-tree-disease,Dataset/Coconut Tree Disease Dataset/Leaf Rot/LeafRot1333.jpg
lf2_foliar,LeafRot1334,2_foliar_disease,1,,,coconut-tree-disease,Dataset/Coconut Tree Disease Dataset/Leaf Rot/LeafRot1334.jpg
lf2_foliar,LeafRot1335,2_foliar_disease,1,,,coconut-tree-disease,Dataset/Coconut Tree Disease Dataset/Leaf Rot/LeafRot1335.jpg
lf2_foliar,LeafRot1336,2_foliar_disease,1,,,coconut-tree-disease,Dataset/Coconut Tree Disease Dataset/Leaf Rot/LeafRot1336.jpg
lf2_foliar,LeafRot1337,2_foliar_disease,1,,,coconut-tree-disease,Dataset/Coconut Tree Disease Dataset/Leaf Rot/LeafRot1337.jpg
lf2_foliar,LeafRot1338,2_foliar_disease,1,,,coconut-tree-disease,Dataset/Coconut Tree Disease Dataset/Leaf Rot/LeafRot1338.jpg
lf2_foliar,LeafRot1339,2_foliar_disease,1,,,coconut-tree-disease,Dataset/Coconut Tree Disease Dataset/Leaf Rot/LeafRot1339.jpg
lf2_foliar,LeafRot134,2_foliar_disease,1,,,coconut-tree-disease,Dataset/Coconut Tree Disease Dataset/Leaf Rot/LeafRot134.jpg
lf2_foliar,LeafRot1340,2_foliar_disease,1,,,coconut-tree-disease,Dataset/Coconut Tree Disease Dataset/Leaf Rot/LeafRot1340.jpg
lf2_foliar,LeafRot1341,2_foliar_disease,1,,,coconut-tree-disease,Dataset/Coconut Tree Disease Dataset/Leaf Rot/LeafRot1341.jpg
lf2_foliar,LeafRot1342,2_foliar_disease,1,,,coconut-tree-disease,Dataset/Coconut Tree Disease Dataset/Leaf Rot/LeafRot1342.jpg
lf2_foliar,LeafRot1343,2_foliar_disease,1,,,coconut-tree-disease,Dataset/Coconut Tree Disease Dataset/Leaf Rot/LeafRot1343.jpg
lf2_foliar,LeafRot1344,2_foliar_disease,1,,,coconut-tree-disease,Dataset/Coconut Tree Disease Dataset/Leaf Rot/LeafRot1344.jpg
lf2_foliar,LeafRot1345,2_foliar_disease,1,,,coconut-tree-disease,Dataset/Coconut Tree Disease Dataset/Leaf Rot/LeafRot1345.jpg
lf2_foliar,LeafRot1346,2_foliar_disease,1,,,coconut-tree-disease,Dataset/Coconut Tree Disease Dataset/Leaf Rot/LeafRot1346.jpg
lf2_foliar,LeafRot1347,2_foliar_disease,1,,,coconut-tree-disease,Dataset/Coconut Tree Disease Dataset/Leaf Rot/LeafRot1347.jpg
lf2_foliar,LeafRot1348,2_foliar_disease,1,,,coconut-tree-disease,Dataset/Coconut Tree Disease Dataset/Leaf Rot/LeafRot1348.jpg
lf2_foliar,LeafRot1349,2_foliar_disease,1,,,coconut-tree-disease,Dataset/Coconut Tree Disease Dataset/Leaf Rot/LeafRot1349.jpg
lf2_foliar,LeafRot135,2_foliar_disease,1,,,coconut-tree-disease,Dataset/Coconut Tree Disease Dataset/Leaf Rot/LeafRot135.jpg
lf2_foliar,LeafRot1350,2_foliar_disease,1,,,coconut-tree-disease,Dataset/Coconut Tree Disease Dataset/Leaf Rot/LeafRot1350.jpg
lf2_foliar,LeafRot1351,2_foliar_disease,1,,,coconut-tree-disease,Dataset/Coconut Tree Disease Dataset/Leaf Rot/LeafRot1351.jpg
lf2_foliar,LeafRot1352,2_foliar_disease,1,,,coconut-tree-disease,Dataset/Coconut Tree Disease Dataset/Leaf Rot/LeafRot1352.jpg
lf2_foliar,LeafRot1353,2_foliar_disease,1,,,coconut-tree-disease,Dataset/Coconut Tree Disease Dataset/Leaf Rot/LeafRot1353.jpg
lf2_foliar,LeafRot1354,2_foliar_disease,1,,,coconut-tree-disease,Dataset/Coconut Tree Disease Dataset/Leaf Rot/LeafRot1354.jpg
lf2_foliar,LeafRot1355,2_foliar_disease,1,,,coconut-tree-disease,Dataset/Coconut Tree Disease Dataset/Leaf Rot/LeafRot1355.jpg
lf2_foliar,LeafRot1356,2_foliar_disease,1,,,coconut-tree-disease,Dataset/Coconut Tree Disease Dataset/Leaf Rot/LeafRot1356.jpg
lf2_foliar,LeafRot1357,2_foliar_disease,1,,,coconut-tree-disease,Dataset/Coconut Tree Disease Dataset/Leaf Rot/LeafRot1357.jpg
lf2_foliar,LeafRot1358,2_foliar_disease,1,,,coconut-tree-disease,Dataset/Coconut Tree Disease Dataset/Leaf Rot/LeafRot1358.jpg
lf2_foliar,LeafRot1359,2_foliar_disease,1,,,coconut-tree-disease,Dataset/Coconut Tree Disease Dataset/Leaf Rot/LeafRot1359.jpg
lf2_foliar,LeafRot136,2_foliar_disease,1,,,coconut-tree-disease,Dataset/Coconut Tree Disease Dataset/Leaf Rot/LeafRot136.jpg
lf2_foliar,LeafRot1360,2_foliar_disease,1,,,coconut-tree-disease,Dataset/Coconut Tree Disease Dataset/Leaf Rot/LeafRot1360.jpg
lf2_foliar,LeafRot1361,2_foliar_disease,1,,,coconut-tree-disease,Dataset/Coconut Tree Disease Dataset/Leaf Rot/LeafRot1361.jpg
lf2_foliar,LeafRot1362,2_foliar_disease,1,,,coconut-tree-disease,Dataset/Coconut Tree Disease Dataset/Leaf Rot/LeafRot1362.jpg
lf2_foliar,LeafRot1363,2_foliar_disease,1,,,coconut-tree-disease,Dataset/Coconut Tree Disease Dataset/Leaf Rot/LeafRot1363.jpg
lf2_foliar,LeafRot1364,2_foliar_disease,1,,,coconut-tree-disease,Dataset/Coconut Tree Disease Dataset/Leaf Rot/LeafRot1364.jpg
lf2_foliar,LeafRot1365,2_foliar_disease,1,,,coconut-tree-disease,Dataset/Coconut Tree Disease Dataset/Leaf Rot/LeafRot1365.jpg
lf2_foliar,LeafRot1366,2_foliar_disease,1,,,coconut-tree-disease,Dataset/Coconut Tree Disease Dataset/Leaf Rot/LeafRot1366.jpg
lf2_foliar,LeafRot1367,2_foliar_disease,1,,,coconut-tree-disease,Dataset/Coconut Tree Disease Dataset/Leaf Rot/LeafRot1367.jpg
lf2_foliar,LeafRot1368,2_foliar_disease,1,,,coconut-tree-disease,Dataset/Coconut Tree Disease Dataset/Leaf Rot/LeafRot1368.jpg
lf2_foliar,LeafRot1369,2_foliar_disease,1,,,coconut-tree-disease,Dataset/Coconut Tree Disease Dataset/Leaf Rot/LeafRot1369.jpg
lf2_foliar,LeafRot137,2_foliar_disease,1,,,coconut-tree-disease,Dataset/Coconut Tree Disease Dataset/Leaf Rot/LeafRot137.jpg
lf2_foliar,LeafRot1370,2_foliar_disease,1,,,coconut-tree-disease,Dataset/Coconut Tree Disease Dataset/Leaf Rot/LeafRot1370.jpg
lf2_foliar,LeafRot1371,2_foliar_disease,1,,,coconut-tree-disease,Dataset/Coconut Tree Disease Dataset/Leaf Rot/LeafRot1371.jpg
lf2_foliar,LeafRot1372,2_foliar_disease,1,,,coconut-tree-disease,Dataset/Coconut Tree Disease Dataset/Leaf Rot/LeafRot1372.jpg
lf2_foliar,LeafRot1373,2_foliar_disease,1,,,coconut-tree-disease,Dataset/Coconut Tree Disease Dataset/Leaf Rot/LeafRot1373.jpg
lf2_foliar,LeafRot1374,2_foliar_disease,1,,,coconut-tree-disease,Dataset/Coconut Tree Disease Dataset/Leaf Rot/LeafRot1374.jpg
lf2_foliar,LeafRot1375,2_foliar_disease,1,,,coconut-tree-disease,Dataset/Coconut Tree Disease Dataset/Leaf Rot/LeafRot1375.jpg
lf2_foliar,LeafRot1376,2_foliar_disease,1,,,coconut-tree-disease,Dataset/Coconut Tree Disease Dataset/Leaf Rot/LeafRot1376.jpg
lf2_foliar,LeafRot1377,2_foliar_disease,1,,,coconut-tree-disease,Dataset/Coconut Tree Disease Dataset/Leaf Rot/LeafRot1377.jpg
lf2_foliar,LeafRot1378,2_foliar_disease,1,,,coconut-tree-disease,Dataset/Coconut Tree Disease Dataset/Leaf Rot/LeafRot1378.jpg
lf2_foliar,LeafRot1379,2_foliar_disease,1,,,coconut-tree-disease,Dataset/Coconut Tree Disease Dataset/Leaf Rot/LeafRot1379.jpg
lf2_foliar,LeafRot138,2_foliar_disease,1,,,coconut-tree-disease,Dataset/Coconut Tree Disease Dataset/Leaf Rot/LeafRot138.jpg
lf2_foliar,LeafRot1380,2_foliar_disease,1,,,coconut-tree-disease,Dataset/Coconut Tree Disease Dataset/Leaf Rot/LeafRot1380.jpg
lf2_foliar,LeafRot1381,2_foliar_disease,1,,,coconut-tree-disease,Dataset/Coconut Tree Disease Dataset/Leaf Rot/LeafRot1381.jpg
lf2_foliar,LeafRot1382,2_foliar_disease,1,,,coconut-tree-disease,Dataset/Coconut Tree Disease Dataset/Leaf Rot/LeafRot1382.jpg
lf2_foliar,LeafRot1383,2_foliar_disease,1,,,coconut-tree-disease,Dataset/Coconut Tree Disease Dataset/Leaf Rot/LeafRot1383.jpg
lf2_foliar,LeafRot1384,2_foliar_disease,1,,,coconut-tree-disease,Dataset/Coconut Tree Disease Dataset/Leaf Rot/LeafRot1384.jpg
lf2_foliar,LeafRot1385,2_foliar_disease,1,,,coconut-tree-disease,Dataset/Coconut Tree Disease Dataset/Leaf Rot/LeafRot1385.jpg
lf2_foliar,LeafRot1386,2_foliar_disease,1,,,coconut-tree-disease,Dataset/Coconut Tree Disease Dataset/Leaf Rot/LeafRot1386.jpg
lf2_foliar,LeafRot1387,2_foliar_disease,1,,,coconut-tree-disease,Dataset/Coconut Tree Disease Dataset/Leaf Rot/LeafRot1387.jpg
lf2_foliar,LeafRot1388,2_foliar_disease,1,,,coconut-tree-disease,Dataset/Coconut Tree Disease Dataset/Leaf Rot/LeafRot1388.jpg
lf2_foliar,LeafRot1389,2_foliar_disease,1,,,coconut-tree-disease,Dataset/Coconut Tree Disease Dataset/Leaf Rot/LeafRot1389.jpg
lf2_foliar,LeafRot139,2_foliar_disease,1,,,coconut-tree-disease,Dataset/Coconut Tree Disease Dataset/Leaf Rot/LeafRot139.jpg
lf2_foliar,LeafRot1390,2_foliar_disease,1,,,coconut-tree-disease,Dataset/Coconut Tree Disease Dataset/Leaf Rot/LeafRot1390.jpg
lf2_foliar,LeafRot1391,2_foliar_disease,1,,,coconut-tree-disease,Dataset/Coconut Tree Disease Dataset/Leaf Rot/LeafRot1391.jpg
lf2_foliar,LeafRot1392,2_foliar_disease,1,,,coconut-tree-disease,Dataset/Coconut Tree Disease Dataset/Leaf Rot/LeafRot1392.jpg
lf2_foliar,LeafRot1393,2_foliar_disease,1,,,coconut-tree-disease,Dataset/Coconut Tree Disease Dataset/Leaf Rot/LeafRot1393.jpg
lf2_foliar,LeafRot1394,2_foliar_disease,1,,,coconut-tree-disease,Dataset/Coconut Tree Disease Dataset/Leaf Rot/LeafRot1394.jpg
lf2_foliar,LeafRot1395,2_foliar_disease,1,,,coconut-tree-disease,Dataset/Coconut Tree Disease Dataset/Leaf Rot/LeafRot1395.jpg
lf2_foliar,LeafRot1396,2_foliar_disease,1,,,coconut-tree-disease,Dataset/Coconut Tree Disease Dataset/Leaf Rot/LeafRot1396.jpg
lf2_foliar,LeafRot1397,2_foliar_disease,1,,,coconut-tree-disease,Dataset/Coconut Tree Disease Dataset/Leaf Rot/LeafRot1397.jpg
lf2_foliar,LeafRot1398,2_foliar_disease,1,,,coconut-tree-disease,Dataset/Coconut Tree Disease Dataset/Leaf Rot/LeafRot1398.jpg
lf2_foliar,LeafRot1399,2_foliar_disease,1,,,coconut-tree-disease,Dataset/Coconut Tree Disease Dataset/Leaf Rot/LeafRot1399.jpg
lf2_foliar,LeafRot140,2_foliar_disease,1,,,coconut-tree-disease,Dataset/Coconut Tree Disease Dataset/Leaf Rot/LeafRot140.jpg
lf2_foliar,LeafRot1400,2_foliar_disease,1,,,coconut-tree-disease,Dataset/Coconut Tree Disease Dataset/Leaf Rot/LeafRot1400.jpg
lf2_foliar,LeafRot1401,2_foliar_disease,1,,,coconut-tree-disease,Dataset/Coconut Tree Disease Dataset/Leaf Rot/LeafRot1401.jpg
lf2_foliar,LeafRot1402,2_foliar_disease,1,,,coconut-tree-disease,Dataset/Coconut Tree Disease Dataset/Leaf Rot/LeafRot1402.jpg
lf2_foliar,LeafRot1403,2_foliar_disease,1,,,coconut-tree-disease,Dataset/Coconut Tree Disease Dataset/Leaf Rot/LeafRot1403.jpg
lf2_foliar,LeafRot1404,2_foliar_disease,1,,,coconut-tree-disease,Dataset/Coconut Tree Disease Dataset/Leaf Rot/LeafRot1404.jpg
lf2_foliar,LeafRot1405,2_foliar_disease,1,,,coconut-tree-disease,Dataset/Coconut Tree Disease Dataset/Leaf Rot/LeafRot1405.jpg
lf2_foliar,LeafRot1406,2_foliar_disease,1,,,coconut-tree-disease,Dataset/Coconut Tree Disease Dataset/Leaf Rot/LeafRot1406.jpg
lf2_foliar,LeafRot1407,2_foliar_disease,1,,,coconut-tree-disease,Dataset/Coconut Tree Disease Dataset/Leaf Rot/LeafRot1407.jpg
lf2_foliar,LeafRot1408,2_foliar_disease,1,,,coconut-tree-disease,Dataset/Coconut Tree Disease Dataset/Leaf Rot/LeafRot1408.jpg
lf2_foliar,LeafRot1409,2_foliar_disease,1,,,coconut-tree-disease,Dataset/Coconut Tree Disease Dataset/Leaf Rot/LeafRot1409.jpg
lf2_foliar,LeafRot141,2_foliar_disease,1,,,coconut-tree-disease,Dataset/Coconut Tree Disease Dataset/Leaf Rot/LeafRot141.jpg
lf2_foliar,LeafRot1410,2_foliar_disease,1,,,coconut-tree-disease,Dataset/Coconut Tree Disease Dataset/Leaf Rot/LeafRot1410.jpg
lf2_foliar,LeafRot1411,2_foliar_disease,1,,,coconut-tree-disease,Dataset/Coconut Tree Disease Dataset/Leaf Rot/LeafRot1411.jpg
lf2_foliar,LeafRot1412,2_foliar_disease,1,,,coconut-tree-disease,Dataset/Coconut Tree Disease Dataset/Leaf Rot/LeafRot1412.jpg
lf2_foliar,LeafRot1413,2_foliar_disease,1,,,coconut-tree-disease,Dataset/Coconut Tree Disease Dataset/Leaf Rot/LeafRot1413.jpg
lf2_foliar,LeafRot1414,2_foliar_disease,1,,,coconut-tree-disease,Dataset/Coconut Tree Disease Dataset/Leaf Rot/LeafRot1414.jpg
lf2_foliar,LeafRot1415,2_foliar_disease,1,,,coconut-tree-disease,Dataset/Coconut Tree Disease Dataset/Leaf Rot/LeafRot1415.jpg
lf2_foliar,LeafRot1416,2_foliar_disease,1,,,coconut-tree-disease,Dataset/Coconut Tree Disease Dataset/Leaf Rot/LeafRot1416.jpg
lf2_foliar,LeafRot1417,2_foliar_disease,1,,,coconut-tree-disease,Dataset/Coconut Tree Disease Dataset/Leaf Rot/LeafRot1417.jpg
lf2_foliar,LeafRot1418,2_foliar_disease,1,,,coconut-tree-disease,Dataset/Coconut Tree Disease Dataset/Leaf Rot/LeafRot1418.jpg
lf2_foliar,LeafRot1419,2_foliar_disease,1,,,coconut-tree-disease,Dataset/Coconut Tree Disease Dataset/Leaf Rot/LeafRot1419.jpg
lf2_foliar,LeafRot142,2_foliar_disease,1,,,coconut-tree-disease,Dataset/Coconut Tree Disease Dataset/Leaf Rot/LeafRot142.jpg
lf2_foliar,LeafRot1420,2_foliar_disease,1,,,coconut-tree-disease,Dataset/Coconut Tree Disease Dataset/Leaf Rot/LeafRot1420.jpg
lf2_foliar,LeafRot1421,2_foliar_disease,1,,,coconut-tree-disease,Dataset/Coconut Tree Disease Dataset/Leaf Rot/LeafRot1421.jpg
lf2_foliar,LeafRot1422,2_foliar_disease,1,,,coconut-tree-disease,Dataset/Coconut Tree Disease Dataset/Leaf Rot/LeafRot1422.jpg
lf2_foliar,LeafRot1423,2_foliar_disease,1,,,coconut-tree-disease,Dataset/Coconut Tree Disease Dataset/Leaf Rot/LeafRot1423.jpg
lf2_foliar,LeafRot1424,2_foliar_disease,1,,,coconut-tree-disease,Dataset/Coconut Tree Disease Dataset/Leaf Rot/LeafRot1424.jpg
lf2_foliar,LeafRot1425,2_foliar_disease,1,,,coconut-tree-disease,Dataset/Coconut Tree Disease Dataset/Leaf Rot/LeafRot1425.jpg
lf2_foliar,LeafRot1426,2_foliar_disease,1,,,coconut-tree-disease,Dataset/Coconut Tree Disease Dataset/Leaf Rot/LeafRot1426.jpg
lf2_foliar,LeafRot1427,2_foliar_disease,1,,,coconut-tree-disease,Dataset/Coconut Tree Disease Dataset/Leaf Rot/LeafRot1427.jpg
lf2_foliar,LeafRot1428,2_foliar_disease,1,,,coconut-tree-disease,Dataset/Coconut Tree Disease Dataset/Leaf Rot/LeafRot1428.jpg
lf2_foliar,LeafRot1429,2_foliar_disease,1,,,coconut-tree-disease,Dataset/Coconut Tree Disease Dataset/Leaf Rot/LeafRot1429.jpg
lf2_foliar,LeafRot143,2_foliar_disease,1,,,coconut-tree-disease,Dataset/Coconut Tree Disease Dataset/Leaf Rot/LeafRot143.jpg
lf2_foliar,LeafRot1430,2_foliar_disease,1,,,coconut-tree-disease,Dataset/Coconut Tree Disease Dataset/Leaf Rot/LeafRot1430.jpg
lf2_foliar,LeafRot1431,2_foliar_disease,1,,,coconut-tree-disease,Dataset/Coconut Tree Disease Dataset/Leaf Rot/LeafRot1431.jpg
lf2_foliar,LeafRot1432,2_foliar_disease,1,,,coconut-tree-disease,Dataset/Coconut Tree Disease Dataset/Leaf Rot/LeafRot1432.jpg
lf2_foliar,LeafRot1433,2_foliar_disease,1,,,coconut-tree-disease,Dataset/Coconut Tree Disease Dataset/Leaf Rot/LeafRot1433.jpg
lf2_foliar,LeafRot1434,2_foliar_disease,1,,,coconut-tree-disease,Dataset/Coconut Tree Disease Dataset/Leaf Rot/LeafRot1434.jpg
lf2_foliar,LeafRot1435,2_foliar_disease,1,,,coconut-tree-disease,Dataset/Coconut Tree Disease Dataset/Leaf Rot/LeafRot1435.jpg
lf2_foliar,LeafRot1436,2_foliar_disease,1,,,coconut-tree-disease,Dataset/Coconut Tree Disease Dataset/Leaf Rot/LeafRot1436.jpg
lf2_foliar,LeafRot1437,2_foliar_disease,1,,,coconut-tree-disease,Dataset/Coconut Tree Disease Dataset/Leaf Rot/LeafRot1437.jpg
lf2_foliar,LeafRot1438,2_foliar_disease,1,,,coconut-tree-disease,Dataset/Coconut Tree Disease Dataset/Leaf Rot/LeafRot1438.jpg
lf2_foliar,LeafRot1439,2_foliar_disease,1,,,coconut-tree-disease,Dataset/Coconut Tree Disease Dataset/Leaf Rot/LeafRot1439.jpg
lf2_foliar,LeafRot144,2_foliar_disease,1,,,coconut-tree-disease,Dataset/Coconut Tree Disease Dataset/Leaf Rot/LeafRot144.jpg
lf2_foliar,LeafRot1440,2_foliar_disease,1,,,coconut-tree-disease,Dataset/Coconut Tree Disease Dataset/Leaf Rot/LeafRot1440.jpg
lf2_foliar,LeafRot1441,2_foliar_disease,1,,,coconut-tree-disease,Dataset/Coconut Tree Disease Dataset/Leaf Rot/LeafRot1441.jpg
lf2_foliar,LeafRot1442,2_foliar_disease,1,,,coconut-tree-disease,Dataset/Coconut Tree Disease Dataset/Leaf Rot/LeafRot1442.jpg
lf2_foliar,LeafRot1443,2_foliar_disease,1,,,coconut-tree-disease,Dataset/Coconut Tree Disease Dataset/Leaf Rot/LeafRot1443.jpg
lf2_foliar,LeafRot1444,2_foliar_disease,1,,,coconut-tree-disease,Dataset/Coconut Tree Disease Dataset/Leaf Rot/LeafRot1444.jpg
lf2_foliar,LeafRot1445,2_foliar_disease,1,,,coconut-tree-disease,Dataset/Coconut Tree Disease Dataset/Leaf Rot/LeafRot1445.jpg
lf2_foliar,LeafRot1446,2_foliar_disease,1,,,coconut-tree-disease,Dataset/Coconut Tree Disease Dataset/Leaf Rot/LeafRot1446.jpg
lf2_foliar,LeafRot1447,2_foliar_disease,1,,,coconut-tree-disease,Dataset/Coconut Tree Disease Dataset/Leaf Rot/LeafRot1447.jpg
lf2_foliar,LeafRot1448,2_foliar_disease,1,,,coconut-tree-disease,Dataset/Coconut Tree Disease Dataset/Leaf Rot/LeafRot1448.jpg
lf2_foliar,LeafRot1449,2_foliar_disease,1,,,coconut-tree-disease,Dataset/Coconut Tree Disease Dataset/Leaf Rot/LeafRot1449.jpg
lf2_foliar,LeafRot145,2_foliar_disease,1,,,coconut-tree-disease,Dataset/Coconut Tree Disease Dataset/Leaf Rot/LeafRot145.jpg
lf2_foliar,LeafRot1450,2_foliar_disease,1,,,coconut-tree-disease,Dataset/Coconut Tree Disease Dataset/Leaf Rot/LeafRot1450.jpg
lf2_foliar,LeafRot1451,2_foliar_disease,1,,,coconut-tree-disease,Dataset/Coconut Tree Disease Dataset/Leaf Rot/LeafRot1451.jpg
lf2_foliar,LeafRot1452,2_foliar_disease,1,,,coconut-tree-disease,Dataset/Coconut Tree Disease Dataset/Leaf Rot/LeafRot1452.jpg
lf2_foliar,LeafRot1453,2_foliar_disease,1,,,coconut-tree-disease,Dataset/Coconut Tree Disease Dataset/Leaf Rot/LeafRot1453.jpg
lf2_foliar,LeafRot1454,2_foliar_disease,1,,,coconut-tree-disease,Dataset/Coconut Tree Disease Dataset/Leaf Rot/LeafRot1454.jpg
lf2_foliar,LeafRot1455,2_foliar_disease,1,,,coconut-tree-disease,Dataset/Coconut Tree Disease Dataset/Leaf Rot/LeafRot1455.jpg
lf2_foliar,LeafRot1456,2_foliar_disease,1,,,coconut-tree-disease,Dataset/Coconut Tree Disease Dataset/Leaf Rot/LeafRot1456.jpg
lf2_foliar,LeafRot1457,2_foliar_disease,1,,,coconut-tree-disease,Dataset/Coconut Tree Disease Dataset/Leaf Rot/LeafRot1457.jpg
lf2_foliar,LeafRot1458,2_foliar_disease,1,,,coconut-tree-disease,Dataset/Coconut Tree Disease Dataset/Leaf Rot/LeafRot1458.jpg
lf2_foliar,LeafRot1459,2_foliar_disease,1,,,coconut-tree-disease,Dataset/Coconut Tree Disease Dataset/Leaf Rot/LeafRot1459.jpg
lf2_foliar,LeafRot146,2_foliar_disease,1,,,coconut-tree-disease,Dataset/Coconut Tree Disease Dataset/Leaf Rot/LeafRot146.jpg
lf2_foliar,LeafRot1460,2_foliar_disease,1,,,coconut-tree-disease,Dataset/Coconut Tree Disease Dataset/Leaf Rot/LeafRot1460.jpg
lf2_foliar,LeafRot1461,2_foliar_disease,1,,,coconut-tree-disease,Dataset/Coconut Tree Disease Dataset/Leaf Rot/LeafRot1461.jpg
lf2_foliar,LeafRot1462,2_foliar_disease,1,,,coconut-tree-disease,Dataset/Coconut Tree Disease Dataset/Leaf Rot/LeafRot1462.jpg
lf2_foliar,LeafRot1463,2_foliar_disease,1,,,coconut-tree-disease,Dataset/Coconut Tree Disease Dataset/Leaf Rot/LeafRot1463.jpg
lf2_foliar,LeafRot1464,2_foliar_disease,1,,,coconut-tree-disease,Dataset/Coconut Tree Disease Dataset/Leaf Rot/LeafRot1464.jpg
lf2_foliar,LeafRot1465,2_foliar_disease,1,,,coconut-tree-disease,Dataset/Coconut Tree Disease Dataset/Leaf Rot/LeafRot1465.jpg
lf2_foliar,LeafRot1466,2_foliar_disease,1,,,coconut-tree-disease,Dataset/Coconut Tree Disease Dataset/Leaf Rot/LeafRot1466.jpg
lf2_foliar,LeafRot1467,2_foliar_disease,1,,,coconut-tree-disease,Dataset/Coconut Tree Disease Dataset/Leaf Rot/LeafRot1467.jpg
lf2_foliar,LeafRot1468,2_foliar_disease,1,,,coconut-tree-disease,Dataset/Coconut Tree Disease Dataset/Leaf Rot/LeafRot1468.jpg
lf2_foliar,LeafRot1469,2_foliar_disease,1,,,coconut-tree-disease,Dataset/Coconut Tree Disease Dataset/Leaf Rot/LeafRot1469.jpg
lf2_foliar,LeafRot147,2_foliar_disease,1,,,coconut-tree-disease,Dataset/Coconut Tree Disease Dataset/Leaf Rot/LeafRot147.jpg
lf2_foliar,LeafRot1470,2_foliar_disease,1,,,coconut-tree-disease,Dataset/Coconut Tree Disease Dataset/Leaf Rot/LeafRot1470.jpg
lf2_foliar,LeafRot1471,2_foliar_disease,1,,,coconut-tree-disease,Dataset/Coconut Tree Disease Dataset/Leaf Rot/LeafRot1471.jpg
lf2_foliar,LeafRot1472,2_foliar_disease,1,,,coconut-tree-disease,Dataset/Coconut Tree Disease Dataset/Leaf Rot/LeafRot1472.jpg
lf2_foliar,LeafRot1473,2_foliar_disease,1,,,coconut-tree-disease,Dataset/Coconut Tree Disease Dataset/Leaf Rot/LeafRot1473.jpg
lf2_foliar,LeafRot1474,2_foliar_disease,1,,,coconut-tree-disease,Dataset/Coconut Tree Disease Dataset/Leaf Rot/LeafRot1474.jpg
lf2_foliar,LeafRot1475,2_foliar_disease,1,,,coconut-tree-disease,Dataset/Coconut Tree Disease Dataset/Leaf Rot/LeafRot1475.jpg
lf2_foliar,LeafRot1476,2_foliar_disease,1,,,coconut-tree-disease,Dataset/Coconut Tree Disease Dataset/Leaf Rot/LeafRot1476.jpg
lf2_foliar,LeafRot1477,2_foliar_disease,1,,,coconut-tree-disease,Dataset/Coconut Tree Disease Dataset/Leaf Rot/LeafRot1477.jpg
lf2_foliar,LeafRot1478,2_foliar_disease,1,,,coconut-tree-disease,Dataset/Coconut Tree Disease Dataset/Leaf Rot/LeafRot1478.jpg
lf2_foliar,LeafRot1479,2_foliar_disease,1,,,coconut-tree-disease,Dataset/Coconut Tree Disease Dataset/Leaf Rot/LeafRot1479.jpg
lf2_foliar,LeafRot148,2_foliar_disease,1,,,coconut-tree-disease,Dataset/Coconut Tree Disease Dataset/Leaf Rot/LeafRot148.jpg
lf2_foliar,LeafRot1480,2_foliar_disease,1,,,coconut-tree-disease,Dataset/Coconut Tree Disease Dataset/Leaf Rot/LeafRot1480.jpg
lf2_foliar,LeafRot1481,2_foliar_disease,1,,,coconut-tree-disease,Dataset/Coconut Tree Disease Dataset/Leaf Rot/LeafRot1481.jpg
lf2_foliar,LeafRot1482,2_foliar_disease,1,,,coconut-tree-disease,Dataset/Coconut Tree Disease Dataset/Leaf Rot/LeafRot1482.jpg
lf2_foliar,LeafRot1483,2_foliar_disease,1,,,coconut-tree-disease,Dataset/Coconut Tree Disease Dataset/Leaf Rot/LeafRot1483.jpg
lf2_foliar,LeafRot1484,2_foliar_disease,1,,,coconut-tree-disease,Dataset/Coconut Tree Disease Dataset/Leaf Rot/LeafRot1484.jpg
lf2_foliar,LeafRot1485,2_foliar_disease,1,,,coconut-tree-disease,Dataset/Coconut Tree Disease Dataset/Leaf Rot/LeafRot1485.jpg
lf2_foliar,LeafRot1486,2_foliar_disease,1,,,coconut-tree-disease,Dataset/Coconut Tree Disease Dataset/Leaf Rot/LeafRot1486.jpg
lf2_foliar,LeafRot1487,2_foliar_disease,1,,,coconut-tree-disease,Dataset/Coconut Tree Disease Dataset/Leaf Rot/LeafRot1487.jpg
lf2_foliar,LeafRot1488,2_foliar_disease,1,,,coconut-tree-disease,Dataset/Coconut Tree Disease Dataset/Leaf Rot/LeafRot1488.jpg
lf2_foliar,LeafRot1489,2_foliar_disease,1,,,coconut-tree-disease,Dataset/Coconut Tree Disease Dataset/Leaf Rot/LeafRot1489.jpg
lf2_foliar,LeafRot149,2_foliar_disease,1,,,coconut-tree-disease,Dataset/Coconut Tree Disease Dataset/Leaf Rot/LeafRot149.jpg
lf2_foliar,LeafRot1490,2_foliar_disease,1,,,coconut-tree-disease,Dataset/Coconut Tree Disease Dataset/Leaf Rot/LeafRot1490.jpg
lf2_foliar,LeafRot1491,2_foliar_disease,1,,,coconut-tree-disease,Dataset/Coconut Tree Disease Dataset/Leaf Rot/LeafRot1491.jpg
lf2_foliar,LeafRot1492,2_foliar_disease,1,,,coconut-tree-disease,Dataset/Coconut Tree Disease Dataset/Leaf Rot/LeafRot1492.jpg
lf2_foliar,LeafRot1493,2_foliar_disease,1,,,coconut-tree-disease,Dataset/Coconut Tree Disease Dataset/Leaf Rot/LeafRot1493.jpg
lf2_foliar,LeafRot1494,2_foliar_disease,1,,,coconut-tree-disease,Dataset/Coconut Tree Disease Dataset/Leaf Rot/LeafRot1494.jpg
lf2_foliar,LeafRot1495,2_foliar_disease,1,,,coconut-tree-disease,Dataset/Coconut Tree Disease Dataset/Leaf Rot/LeafRot1495.jpg
lf2_foliar,LeafRot1496,2_foliar_disease,1,,,coconut-tree-disease,Dataset/Coconut Tree Disease Dataset/Leaf Rot/LeafRot1496.jpg
lf2_foliar,LeafRot1497,2_foliar_disease,1,,,coconut-tree-disease,Dataset/Coconut Tree Disease Dataset/Leaf Rot/LeafRot1497.jpg
lf2_foliar,LeafRot1498,2_foliar_disease,1,,,coconut-tree-disease,Dataset/Coconut Tree Disease Dataset/Leaf Rot/LeafRot1498.jpg
lf2_foliar,LeafRot1499,2_foliar_disease,1,,,coconut-tree-disease,Dataset/Coconut Tree Disease Dataset/Leaf Rot/LeafRot1499.jpg
lf2_foliar,LeafRot150,2_foliar_disease,1,,,coconut-tree-disease,Dataset/Coconut Tree Disease Dataset/Leaf Rot/LeafRot150.jpg
lf2_foliar,LeafRot1500,2_foliar_disease,1,,,coconut-tree-disease,Dataset/Coconut Tree Disease Dataset/Leaf Rot/LeafRot1500.jpg
lf2_foliar,LeafRot1501,2_foliar_disease,1,,,coconut-tree-disease,Dataset/Coconut Tree Disease Dataset/Leaf Rot/LeafRot1501.jpg
lf2_foliar,LeafRot1502,2_foliar_disease,1,,,coconut-tree-disease,Dataset/Coconut Tree Disease Dataset/Leaf Rot/LeafRot1502.jpg
lf2_foliar,LeafRot1503,2_foliar_disease,1,,,coconut-tree-disease,Dataset/Coconut Tree Disease Dataset/Leaf Rot/LeafRot1503.jpg
lf2_foliar,LeafRot1504,2_foliar_disease,1,,,coconut-tree-disease,Dataset/Coconut Tree Disease Dataset/Leaf Rot/LeafRot1504.jpg
lf2_foliar,LeafRot1505,2_foliar_disease,1,,,coconut-tree-disease,Dataset/Coconut Tree Disease Dataset/Leaf Rot/LeafRot1505.jpg
lf2_foliar,LeafRot1506,2_foliar_disease,1,,,coconut-tree-disease,Dataset/Coconut Tree Disease Dataset/Leaf Rot/LeafRot1506.jpg
lf2_foliar,LeafRot1507,2_foliar_disease,1,,,coconut-tree-disease,Dataset/Coconut Tree Disease Dataset/Leaf Rot/LeafRot1507.jpg
lf2_foliar,LeafRot1508,2_foliar_disease,1,,,coconut-tree-disease,Dataset/Coconut Tree Disease Dataset/Leaf Rot/LeafRot1508.jpg
lf2_foliar,LeafRot1509,2_foliar_disease,1,,,coconut-tree-disease,Dataset/Coconut Tree Disease Dataset/Leaf Rot/LeafRot1509.jpg
lf2_foliar,LeafRot151,2_foliar_disease,1,,,coconut-tree-disease,Dataset/Coconut Tree Disease Dataset/Leaf Rot/LeafRot151.jpg
lf2_foliar,LeafRot1510,2_foliar_disease,1,,,coconut-tree-disease,Dataset/Coconut Tree Disease Dataset/Leaf Rot/LeafRot1510.jpg
lf2_foliar,LeafRot1511,2_foliar_disease,1,,,coconut-tree-disease,Dataset/Coconut Tree Disease Dataset/Leaf Rot/LeafRot1511.jpg
lf2_foliar,LeafRot1512,2_foliar_disease,1,,,coconut-tree-disease,Dataset/Coconut Tree Disease Dataset/Leaf Rot/LeafRot1512.jpg
lf2_foliar,LeafRot1513,2_foliar_disease,1,,,coconut-tree-disease,Dataset/Coconut Tree Disease Dataset/Leaf Rot/LeafRot1513.jpg
lf2_foliar,LeafRot1514,2_foliar_disease,1,,,coconut-tree-disease,Dataset/Coconut Tree Disease Dataset/Leaf Rot/LeafRot1514.jpg
lf2_foliar,LeafRot1515,2_foliar_disease,1,,,coconut-tree-disease,Dataset/Coconut Tree Disease Dataset/Leaf Rot/LeafRot1515.jpg
lf2_foliar,LeafRot1516,2_foliar_disease,1,,,coconut-tree-disease,Dataset/Coconut Tree Disease Dataset/Leaf Rot/LeafRot1516.jpg
lf2_foliar,LeafRot1517,2_foliar_disease,1,,,coconut-tree-disease,Dataset/Coconut Tree Disease Dataset/Leaf Rot/LeafRot1517.jpg
lf2_foliar,LeafRot1518,2_foliar_disease,1,,,coconut-tree-disease,Dataset/Coconut Tree Disease Dataset/Leaf Rot/LeafRot1518.jpg
lf2_foliar,LeafRot1519,2_foliar_disease,1,,,coconut-tree-disease,Dataset/Coconut Tree Disease Dataset/Leaf Rot/LeafRot1519.jpg
lf2_foliar,LeafRot152,2_foliar_disease,1,,,coconut-tree-disease,Dataset/Coconut Tree Disease Dataset/Leaf Rot/LeafRot152.jpg
lf2_foliar,LeafRot1520,2_foliar_disease,1,,,coconut-tree-disease,Dataset/Coconut Tree Disease Dataset/Leaf Rot/LeafRot1520.jpg
lf2_foliar,LeafRot1521,2_foliar_disease,1,,,coconut-tree-disease,Dataset/Coconut Tree Disease Dataset/Leaf Rot/LeafRot1521.jpg
lf2_foliar,LeafRot1522,2_foliar_disease,1,,,coconut-tree-disease,Dataset/Coconut Tree Disease Dataset/Leaf Rot/LeafRot1522.jpg
lf2_foliar,LeafRot1523,2_foliar_disease,1,,,coconut-tree-disease,Dataset/Coconut Tree Disease Dataset/Leaf Rot/LeafRot1523.jpg
lf2_foliar,LeafRot1524,2_foliar_disease,1,,,coconut-tree-disease,Dataset/Coconut Tree Disease Dataset/Leaf Rot/LeafRot1524.jpg
lf2_foliar,LeafRot1525,2_foliar_disease,1,,,coconut-tree-disease,Dataset/Coconut Tree Disease Dataset/Leaf Rot/LeafRot1525.jpg
lf2_foliar,LeafRot1526,2_foliar_disease,1,,,coconut-tree-disease,Dataset/Coconut Tree Disease Dataset/Leaf Rot/LeafRot1526.jpg
lf2_foliar,LeafRot1527,2_foliar_disease,1,,,coconut-tree-disease,Dataset/Coconut Tree Disease Dataset/Leaf Rot/LeafRot1527.jpg
lf2_foliar,LeafRot1528,2_foliar_disease,1,,,coconut-tree-disease,Dataset/Coconut Tree Disease Dataset/Leaf Rot/LeafRot1528.jpg
lf2_foliar,LeafRot1529,2_foliar_disease,1,,,coconut-tree-disease,Dataset/Coconut Tree Disease Dataset/Leaf Rot/LeafRot1529.jpg
lf2_foliar,LeafRot153,2_foliar_disease,1,,,coconut-tree-disease,Dataset/Coconut Tree Disease Dataset/Leaf Rot/LeafRot153.jpg
lf2_foliar,LeafRot1530,2_foliar_disease,1,,,coconut-tree-disease,Dataset/Coconut Tree Disease Dataset/Leaf Rot/LeafRot1530.jpg
lf2_foliar,LeafRot1531,2_foliar_disease,1,,,coconut-tree-disease,Dataset/Coconut Tree Disease Dataset/Leaf Rot/LeafRot1531.jpg
lf2_foliar,LeafRot1532,2_foliar_disease,1,,,coconut-tree-disease,Dataset/Coconut Tree Disease Dataset/Leaf Rot/LeafRot1532.jpg
lf2_foliar,LeafRot1533,2_foliar_disease,1,,,coconut-tree-disease,Dataset/Coconut Tree Disease Dataset/Leaf Rot/LeafRot1533.jpg
lf2_foliar,LeafRot1534,2_foliar_disease,1,,,coconut-tree-disease,Dataset/Coconut Tree Disease Dataset/Leaf Rot/LeafRot1534.jpg
lf2_foliar,LeafRot1535,2_foliar_disease,1,,,coconut-tree-disease,Dataset/Coconut Tree Disease Dataset/Leaf Rot/LeafRot1535.jpg
lf2_foliar,LeafRot1536,2_foliar_disease,1,,,coconut-tree-disease,Dataset/Coconut Tree Disease Dataset/Leaf Rot/LeafRot1536.jpg
lf2_foliar,LeafRot1537,2_foliar_disease,1,,,coconut-tree-disease,Dataset/Coconut Tree Disease Dataset/Leaf Rot/LeafRot1537.jpg
lf2_foliar,LeafRot1538,2_foliar_disease,1,,,coconut-tree-disease,Dataset/Coconut Tree Disease Dataset/Leaf Rot/LeafRot1538.jpg
lf2_foliar,LeafRot1539,2_foliar_disease,1,,,coconut-tree-disease,Dataset/Coconut Tree Disease Dataset/Leaf Rot/LeafRot1539.jpg
lf2_foliar,LeafRot154,2_foliar_disease,1,,,coconut-tree-disease,Dataset/Coconut Tree Disease Dataset/Leaf Rot/LeafRot154.jpg
lf2_foliar,LeafRot1540,2_foliar_disease,1,,,coconut-tree-disease,Dataset/Coconut Tree Disease Dataset/Leaf Rot/LeafRot1540.jpg
lf2_foliar,LeafRot1541,2_foliar_disease,1,,,coconut-tree-disease,Dataset/Coconut Tree Disease Dataset/Leaf Rot/LeafRot1541.jpg
lf2_foliar,LeafRot1542,2_foliar_disease,1,,,coconut-tree-disease,Dataset/Coconut Tree Disease Dataset/Leaf Rot/LeafRot1542.jpg
lf2_foliar,LeafRot1543,2_foliar_disease,1,,,coconut-tree-disease,Dataset/Coconut Tree Disease Dataset/Leaf Rot/LeafRot1543.jpg
lf2_foliar,LeafRot1544,2_foliar_disease,1,,,coconut-tree-disease,Dataset/Coconut Tree Disease Dataset/Leaf Rot/LeafRot1544.jpg
lf2_foliar,LeafRot1545,2_foliar_disease,1,,,coconut-tree-disease,Dataset/Coconut Tree Disease Dataset/Leaf Rot/LeafRot1545.jpg
lf2_foliar,LeafRot1546,2_foliar_disease,1,,,coconut-tree-disease,Dataset/Coconut Tree Disease Dataset/Leaf Rot/LeafRot1546.jpg
lf2_foliar,LeafRot1547,2_foliar_disease,1,,,coconut-tree-disease,Dataset/Coconut Tree Disease Dataset/Leaf Rot/LeafRot1547.jpg
lf2_foliar,LeafRot1548,2_foliar_disease,1,,,coconut-tree-disease,Dataset/Coconut Tree Disease Dataset/Leaf Rot/LeafRot1548.jpg
lf2_foliar,LeafRot1549,2_foliar_disease,1,,,coconut-tree-disease,Dataset/Coconut Tree Disease Dataset/Leaf Rot/LeafRot1549.jpg
lf2_foliar,LeafRot155,2_foliar_disease,1,,,coconut-tree-disease,Dataset/Coconut Tree Disease Dataset/Leaf Rot/LeafRot155.jpg
lf2_foliar,LeafRot1550,2_foliar_disease,1,,,coconut-tree-disease,Dataset/Coconut Tree Disease Dataset/Leaf Rot/LeafRot1550.jpg
lf2_foliar,LeafRot1551,2_foliar_disease,1,,,coconut-tree-disease,Dataset/Coconut Tree Disease Dataset/Leaf Rot/LeafRot1551.jpg
lf2_foliar,LeafRot1552,2_foliar_disease,1,,,coconut-tree-disease,Dataset/Coconut Tree Disease Dataset/Leaf Rot/LeafRot1552.jpg
lf2_foliar,LeafRot1553,2_foliar_disease,1,,,coconut-tree-disease,Dataset/Coconut Tree Disease Dataset/Leaf Rot/LeafRot1553.jpg
lf2_foliar,LeafRot1554,2_foliar_disease,1,,,coconut-tree-disease,Dataset/Coconut Tree Disease Dataset/Leaf Rot/LeafRot1554.jpg
lf2_foliar,LeafRot1555,2_foliar_disease,1,,,coconut-tree-disease,Dataset/Coconut Tree Disease Dataset/Leaf Rot/LeafRot1555.jpg
lf2_foliar,LeafRot1556,2_foliar_disease,1,,,coconut-tree-disease,Dataset/Coconut Tree Disease Dataset/Leaf Rot/LeafRot1556.jpg
lf2_foliar,LeafRot1557,2_foliar_disease,1,,,coconut-tree-disease,Dataset/Coconut Tree Disease Dataset/Leaf Rot/LeafRot1557.jpg
lf2_foliar,LeafRot1558,2_foliar_disease,1,,,coconut-tree-disease,Dataset/Coconut Tree Disease Dataset/Leaf Rot/LeafRot1558.jpg
lf2_foliar,LeafRot1559,2_foliar_disease,1,,,coconut-tree-disease,Dataset/Coconut Tree Disease Dataset/Leaf Rot/LeafRot1559.jpg
lf2_foliar,LeafRot156,2_foliar_disease,1,,,coconut-tree-disease,Dataset/Coconut Tree Disease Dataset/Leaf Rot/LeafRot156.jpg
lf2_foliar,LeafRot1560,2_foliar_disease,1,,,coconut-tree-disease,Dataset/Coconut Tree Disease Dataset/Leaf Rot/LeafRot1560.jpg
lf2_foliar,LeafRot1561,2_foliar_disease,1,,,coconut-tree-disease,Dataset/Coconut Tree Disease Dataset/Leaf Rot/LeafRot1561.jpg
lf2_foliar,LeafRot1562,2_foliar_disease,1,,,coconut-tree-disease,Dataset/Coconut Tree Disease Dataset/Leaf Rot/LeafRot1562.jpg
lf2_foliar,LeafRot1563,2_foliar_disease,1,,,coconut-tree-disease,Dataset/Coconut Tree Disease Dataset/Leaf Rot/LeafRot1563.jpg
lf2_foliar,LeafRot1564,2_foliar_disease,1,,,coconut-tree-disease,Dataset/Coconut Tree Disease Dataset/Leaf Rot/LeafRot1564.jpg
lf2_foliar,LeafRot1565,2_foliar_disease,1,,,coconut-tree-disease,Dataset/Coconut Tree Disease Dataset/Leaf Rot/LeafRot1565.jpg
lf2_foliar,LeafRot1566,2_foliar_disease,1,,,coconut-tree-disease,Dataset/Coconut Tree Disease Dataset/Leaf Rot/LeafRot1566.jpg
lf2_foliar,LeafRot1567,2_foliar_disease,1,,,coconut-tree-disease,Dataset/Coconut Tree Disease Dataset/Leaf Rot/LeafRot1567.jpg
lf2_foliar,LeafRot1568,2_foliar_disease,1,,,coconut-tree-disease,Dataset/Coconut Tree Disease Dataset/Leaf Rot/LeafRot1568.jpg
lf2_foliar,LeafRot1569,2_foliar_disease,1,,,coconut-tree-disease,Dataset/Coconut Tree Disease Dataset/Leaf Rot/LeafRot1569.jpg
lf2_foliar,LeafRot157,2_foliar_disease,1,,,coconut-tree-disease,Dataset/Coconut Tree Disease Dataset/Leaf Rot/LeafRot157.jpg
lf2_foliar,LeafRot1570,2_foliar_disease,1,,,coconut-tree-disease,Dataset/Coconut Tree Disease Dataset/Leaf Rot/LeafRot1570.jpg
lf2_foliar,LeafRot1571,2_foliar_disease,1,,,coconut-tree-disease,Dataset/Coconut Tree Disease Dataset/Leaf Rot/LeafRot1571.jpg
lf2_foliar,LeafRot1572,2_foliar_disease,1,,,coconut-tree-disease,Dataset/Coconut Tree Disease Dataset/Leaf Rot/LeafRot1572.jpg
lf2_foliar,LeafRot1573,2_foliar_disease,1,,,coconut-tree-disease,Dataset/Coconut Tree Disease Dataset/Leaf Rot/LeafRot1573.jpg
lf2_foliar,LeafRot1574,2_foliar_disease,1,,,coconut-tree-disease,Dataset/Coconut Tree Disease Dataset/Leaf Rot/LeafRot1574.jpg
lf2_foliar,LeafRot1575,2_foliar_disease,1,,,coconut-tree-disease,Dataset/Coconut Tree Disease Dataset/Leaf Rot/LeafRot1575.jpg
lf2_foliar,LeafRot1576,2_foliar_disease,1,,,coconut-tree-disease,Dataset/Coconut Tree Disease Dataset/Leaf Rot/LeafRot1576.jpg
lf2_foliar,LeafRot1577,2_foliar_disease,1,,,coconut-tree-disease,Dataset/Coconut Tree Disease Dataset/Leaf Rot/LeafRot1577.jpg
lf2_foliar,LeafRot1578,2_foliar_disease,1,,,coconut-tree-disease,Dataset/Coconut Tree Disease Dataset/Leaf Rot/LeafRot1578.jpg
lf2_foliar,LeafRot1579,2_foliar_disease,1,,,coconut-tree-disease,Dataset/Coconut Tree Disease Dataset/Leaf Rot/LeafRot1579.jpg
lf2_foliar,LeafRot158,2_foliar_disease,1,,,coconut-tree-disease,Dataset/Coconut Tree Disease Dataset/Leaf Rot/LeafRot158.jpg
lf2_foliar,LeafRot1580,2_foliar_disease,1,,,coconut-tree-disease,Dataset/Coconut Tree Disease Dataset/Leaf Rot/LeafRot1580.jpg
lf2_foliar,LeafRot1581,2_foliar_disease,1,,,coconut-tree-disease,Dataset/Coconut Tree Disease Dataset/Leaf Rot/LeafRot1581.jpg
lf2_foliar,LeafRot1582,2_foliar_disease,1,,,coconut-tree-disease,Dataset/Coconut Tree Disease Dataset/Leaf Rot/LeafRot1582.jpg
lf2_foliar,LeafRot1583,2_foliar_disease,1,,,coconut-tree-disease,Dataset/Coconut Tree Disease Dataset/Leaf Rot/LeafRot1583.jpg
lf2_foliar,LeafRot1584,2_foliar_disease,1,,,coconut-tree-disease,Dataset/Coconut Tree Disease Dataset/Leaf Rot/LeafRot1584.jpg
lf2_foliar,LeafRot1585,2_foliar_disease,1,,,coconut-tree-disease,Dataset/Coconut Tree Disease Dataset/Leaf Rot/LeafRot1585.jpg
lf2_foliar,LeafRot1586,2_foliar_disease,1,,,coconut-tree-disease,Dataset/Coconut Tree Disease Dataset/Leaf Rot/LeafRot1586.jpg
lf2_foliar,LeafRot1587,2_foliar_disease,1,,,coconut-tree-disease,Dataset/Coconut Tree Disease Dataset/Leaf Rot/LeafRot1587.jpg
lf2_foliar,LeafRot1588,2_foliar_disease,1,,,coconut-tree-disease,Dataset/Coconut Tree Disease Dataset/Leaf Rot/LeafRot1588.jpg
lf2_foliar,LeafRot1589,2_foliar_disease,1,,,coconut-tree-disease,Dataset/Coconut Tree Disease Dataset/Leaf Rot/LeafRot1589.jpg
lf2_foliar,LeafRot159,2_foliar_disease,1,,,coconut-tree-disease,Dataset/Coconut Tree Disease Dataset/Leaf Rot/LeafRot159.jpg
lf2_foliar,LeafRot1590,2_foliar_disease,1,,,coconut-tree-disease,Dataset/Coconut Tree Disease Dataset/Leaf Rot/LeafRot1590.jpg
lf2_foliar,LeafRot1591,2_foliar_disease,1,,,coconut-tree-disease,Dataset/Coconut Tree Disease Dataset/Leaf Rot/LeafRot1591.jpg
lf2_foliar,LeafRot1592,2_foliar_disease,1,,,coconut-tree-disease,Dataset/Coconut Tree Disease Dataset/Leaf Rot/LeafRot1592.jpg
lf2_foliar,LeafRot1593,2_foliar_disease,1,,,coconut-tree-disease,Dataset/Coconut Tree Disease Dataset/Leaf Rot/LeafRot1593.jpg
lf2_foliar,LeafRot1594,2_foliar_disease,1,,,coconut-tree-disease,Dataset/Coconut Tree Disease Dataset/Leaf Rot/LeafRot1594.jpg
lf2_foliar,LeafRot1595,2_foliar_disease,1,,,coconut-tree-disease,Dataset/Coconut Tree Disease Dataset/Leaf Rot/LeafRot1595.jpg
lf2_foliar,LeafRot1596,2_foliar_disease,1,,,coconut-tree-disease,Dataset/Coconut Tree Disease Dataset/Leaf Rot/LeafRot1596.jpg
lf2_foliar,LeafRot1597,2_foliar_disease,1,,,coconut-tree-disease,Dataset/Coconut Tree Disease Dataset/Leaf Rot/LeafRot1597.jpg
lf2_foliar,LeafRot1598,2_foliar_disease,1,,,coconut-tree-disease,Dataset/Coconut Tree Disease Dataset/Leaf Rot/LeafRot1598.jpg
lf2_foliar,LeafRot1599,2_foliar_disease,1,,,coconut-tree-disease,Dataset/Coconut Tree Disease Dataset/Leaf Rot/LeafRot1599.jpg
lf2_foliar,LeafRot160,2_foliar_disease,1,,,coconut-tree-disease,Dataset/Coconut Tree Disease Dataset/Leaf Rot/LeafRot160.jpg
lf2_foliar,LeafRot1600,2_foliar_disease,1,,,coconut-tree-disease,Dataset/Coconut Tree Disease Dataset/Leaf Rot/LeafRot1600.jpg
lf2_foliar,LeafRot1601,2_foliar_disease,1,,,coconut-tree-disease,Dataset/Coconut Tree Disease Dataset/Leaf Rot/LeafRot1601.jpg
lf2_foliar,LeafRot1602,2_foliar_disease,1,,,coconut-tree-disease,Dataset/Coconut Tree Disease Dataset/Leaf Rot/LeafRot1602.jpg
lf2_foliar,LeafRot1603,2_foliar_disease,1,,,coconut-tree-disease,Dataset/Coconut Tree Disease Dataset/Leaf Rot/LeafRot1603.jpg
lf2_foliar,LeafRot1604,2_foliar_disease,1,,,coconut-tree-disease,Dataset/Coconut Tree Disease Dataset/Leaf Rot/LeafRot1604.jpg
lf2_foliar,LeafRot1605,2_foliar_disease,1,,,coconut-tree-disease,Dataset/Coconut Tree Disease Dataset/Leaf Rot/LeafRot1605.jpg
lf2_foliar,LeafRot1606,2_foliar_disease,1,,,coconut-tree-disease,Dataset/Coconut Tree Disease Dataset/Leaf Rot/LeafRot1606.jpg
lf2_foliar,LeafRot1607,2_foliar_disease,1,,,coconut-tree-disease,Dataset/Coconut Tree Disease Dataset/Leaf Rot/LeafRot1607.jpg
lf2_foliar,LeafRot1608,2_foliar_disease,1,,,coconut-tree-disease,Dataset/Coconut Tree Disease Dataset/Leaf Rot/LeafRot1608.jpg
lf2_foliar,LeafRot1609,2_foliar_disease,1,,,coconut-tree-disease,Dataset/Coconut Tree Disease Dataset/Leaf Rot/LeafRot1609.jpg
lf2_foliar,LeafRot161,2_foliar_disease,1,,,coconut-tree-disease,Dataset/Coconut Tree Disease Dataset/Leaf Rot/LeafRot161.jpg
lf2_foliar,LeafRot1610,2_foliar_disease,1,,,coconut-tree-disease,Dataset/Coconut Tree Disease Dataset/Leaf Rot/LeafRot1610.jpg
lf2_foliar,LeafRot1611,2_foliar_disease,1,,,coconut-tree-disease,Dataset/Coconut Tree Disease Dataset/Leaf Rot/LeafRot1611.jpg
lf2_foliar,LeafRot1612,2_foliar_disease,1,,,coconut-tree-disease,Dataset/Coconut Tree Disease Dataset/Leaf Rot/LeafRot1612.jpg
lf2_foliar,LeafRot1613,2_foliar_disease,1,,,coconut-tree-disease,Dataset/Coconut Tree Disease Dataset/Leaf Rot/LeafRot1613.jpg
lf2_foliar,LeafRot1614,2_foliar_disease,1,,,coconut-tree-disease,Dataset/Coconut Tree Disease Dataset/Leaf Rot/LeafRot1614.jpg
lf2_foliar,LeafRot1615,2_foliar_disease,1,,,coconut-tree-disease,Dataset/Coconut Tree Disease Dataset/Leaf Rot/LeafRot1615.jpg
lf2_foliar,LeafRot1616,2_foliar_disease,1,,,coconut-tree-disease,Dataset/Coconut Tree Disease Dataset/Leaf Rot/LeafRot1616.jpg
lf2_foliar,LeafRot1617,2_foliar_disease,1,,,coconut-tree-disease,Dataset/Coconut Tree Disease Dataset/Leaf Rot/LeafRot1617.jpg
lf2_foliar,LeafRot1618,2_foliar_disease,1,,,coconut-tree-disease,Dataset/Coconut Tree Disease Dataset/Leaf Rot/LeafRot1618.jpg
lf2_foliar,LeafRot1619,2_foliar_disease,1,,,coconut-tree-disease,Dataset/Coconut Tree Disease Dataset/Leaf Rot/LeafRot1619.jpg
lf2_foliar,LeafRot162,2_foliar_disease,1,,,coconut-tree-disease,Dataset/Coconut Tree Disease Dataset/Leaf Rot/LeafRot162.jpg
lf2_foliar,LeafRot1620,2_foliar_disease,1,,,coconut-tree-disease,Dataset/Coconut Tree Disease Dataset/Leaf Rot/LeafRot1620.jpg
lf2_foliar,LeafRot1621,2_foliar_disease,1,,,coconut-tree-disease,Dataset/Coconut Tree Disease Dataset/Leaf Rot/LeafRot1621.jpg
lf2_foliar,LeafRot1622,2_foliar_disease,1,,,coconut-tree-disease,Dataset/Coconut Tree Disease Dataset/Leaf Rot/LeafRot1622.jpg
lf2_foliar,LeafRot1623,2_foliar_disease,1,,,coconut-tree-disease,Dataset/Coconut Tree Disease Dataset/Leaf Rot/LeafRot1623.jpg
lf2_foliar,LeafRot1624,2_foliar_disease,1,,,coconut-tree-disease,Dataset/Coconut Tree Disease Dataset/Leaf Rot/LeafRot1624.jpg
lf2_foliar,LeafRot1625,2_foliar_disease,1,,,coconut-tree-disease,Dataset/Coconut Tree Disease Dataset/Leaf Rot/LeafRot1625.jpg
lf2_foliar,LeafRot1626,2_foliar_disease,1,,,coconut-tree-disease,Dataset/Coconut Tree Disease Dataset/Leaf Rot/LeafRot1626.jpg
lf2_foliar,LeafRot1627,2_foliar_disease,1,,,coconut-tree-disease,Dataset/Coconut Tree Disease Dataset/Leaf Rot/LeafRot1627.jpg
lf2_foliar,LeafRot1628,2_foliar_disease,1,,,coconut-tree-disease,Dataset/Coconut Tree Disease Dataset/Leaf Rot/LeafRot1628.jpg
lf2_foliar,LeafRot1629,2_foliar_disease,1,,,coconut-tree-disease,Dataset/Coconut Tree Disease Dataset/Leaf Rot/LeafRot1629.jpg
lf2_foliar,LeafRot163,2_foliar_disease,1,,,coconut-tree-disease,Dataset/Coconut Tree Disease Dataset/Leaf Rot/LeafRot163.jpg
lf2_foliar,LeafRot1630,2_foliar_disease,1,,,coconut-tree-disease,Dataset/Coconut Tree Disease Dataset/Leaf Rot/LeafRot1630.jpg
lf2_foliar,LeafRot1631,2_foliar_disease,1,,,coconut-tree-disease,Dataset/Coconut Tree Disease Dataset/Leaf Rot/LeafRot1631.jpg
lf2_foliar,LeafRot1632,2_foliar_disease,1,,,coconut-tree-disease,Dataset/Coconut Tree Disease Dataset/Leaf Rot/LeafRot1632.jpg
lf2_foliar,LeafRot1633,2_foliar_disease,1,,,coconut-tree-disease,Dataset/Coconut Tree Disease Dataset/Leaf Rot/LeafRot1633.jpg
lf2_foliar,LeafRot1634,2_foliar_disease,1,,,coconut-tree-disease,Dataset/Coconut Tree Disease Dataset/Leaf Rot/LeafRot1634.jpg
lf2_foliar,LeafRot1635,2_foliar_disease,1,,,coconut-tree-disease,Dataset/Coconut Tree Disease Dataset/Leaf Rot/LeafRot1635.jpg
lf2_foliar,LeafRot1636,2_foliar_disease,1,,,coconut-tree-disease,Dataset/Coconut Tree Disease Dataset/Leaf Rot/LeafRot1636.jpg
lf2_foliar,LeafRot1637,2_foliar_disease,1,,,coconut-tree-disease,Dataset/Coconut Tree Disease Dataset/Leaf Rot/LeafRot1637.jpg
lf2_foliar,LeafRot1638,2_foliar_disease,1,,,coconut-tree-disease,Dataset/Coconut Tree Disease Dataset/Leaf Rot/LeafRot1638.jpg
lf2_foliar,LeafRot1639,2_foliar_disease,1,,,coconut-tree-disease,Dataset/Coconut Tree Disease Dataset/Leaf Rot/LeafRot1639.jpg
lf2_foliar,LeafRot164,2_foliar_disease,1,,,coconut-tree-disease,Dataset/Coconut Tree Disease Dataset/Leaf Rot/LeafRot164.jpg
lf2_foliar,LeafRot1640,2_foliar_disease,1,,,coconut-tree-disease,Dataset/Coconut Tree Disease Dataset/Leaf Rot/LeafRot1640.jpg
lf2_foliar,LeafRot1641,2_foliar_disease,1,,,coconut-tree-disease,Dataset/Coconut Tree Disease Dataset/Leaf Rot/LeafRot1641.jpg
lf2_foliar,LeafRot1642,2_foliar_disease,1,,,coconut-tree-disease,Dataset/Coconut Tree Disease Dataset/Leaf Rot/LeafRot1642.jpg
lf2_foliar,LeafRot1643,2_foliar_disease,1,,,coconut-tree-disease,Dataset/Coconut Tree Disease Dataset/Leaf Rot/LeafRot1643.jpg
lf2_foliar,LeafRot1644,2_foliar_disease,1,,,coconut-tree-disease,Dataset/Coconut Tree Disease Dataset/Leaf Rot/LeafRot1644.jpg
lf2_foliar,LeafRot1645,2_foliar_disease,1,,,coconut-tree-disease,Dataset/Coconut Tree Disease Dataset/Leaf Rot/LeafRot1645.jpg
lf2_foliar,LeafRot1646,2_foliar_disease,1,,,coconut-tree-disease,Dataset/Coconut Tree Disease Dataset/Leaf Rot/LeafRot1646.jpg
lf2_foliar,LeafRot1647,2_foliar_disease,1,,,coconut-tree-disease,Dataset/Coconut Tree Disease Dataset/Leaf Rot/LeafRot1647.jpg
lf2_foliar,LeafRot1648,2_foliar_disease,1,,,coconut-tree-disease,Dataset/Coconut Tree Disease Dataset/Leaf Rot/LeafRot1648.jpg
lf2_foliar,LeafRot1649,2_foliar_disease,1,,,coconut-tree-disease,Dataset/Coconut Tree Disease Dataset/Leaf Rot/LeafRot1649.jpg
lf2_foliar,LeafRot165,2_foliar_disease,1,,,coconut-tree-disease,Dataset/Coconut Tree Disease Dataset/Leaf Rot/LeafRot165.jpg
lf2_foliar,LeafRot1650,2_foliar_disease,1,,,coconut-tree-disease,Dataset/Coconut Tree Disease Dataset/Leaf Rot/LeafRot1650.jpg
lf2_foliar,LeafRot1651,2_foliar_disease,1,,,coconut-tree-disease,Dataset/Coconut Tree Disease Dataset/Leaf Rot/LeafRot1651.jpg
lf2_foliar,LeafRot1652,2_foliar_disease,1,,,coconut-tree-disease,Dataset/Coconut Tree Disease Dataset/Leaf Rot/LeafRot1652.jpg
lf2_foliar,LeafRot1653,2_foliar_disease,1,,,coconut-tree-disease,Dataset/Coconut Tree Disease Dataset/Leaf Rot/LeafRot1653.jpg
lf2_foliar,LeafRot1654,2_foliar_disease,1,,,coconut-tree-disease,Dataset/Coconut Tree Disease Dataset/Leaf Rot/LeafRot1654.jpg
lf2_foliar,LeafRot1655,2_foliar_disease,1,,,coconut-tree-disease,Dataset/Coconut Tree Disease Dataset/Leaf Rot/LeafRot1655.jpg
lf2_foliar,LeafRot1656,2_foliar_disease,1,,,coconut-tree-disease,Dataset/Coconut Tree Disease Dataset/Leaf Rot/LeafRot1656.jpg
lf2_foliar,LeafRot1657,2_foliar_disease,1,,,coconut-tree-disease,Dataset/Coconut Tree Disease Dataset/Leaf Rot/LeafRot1657.jpg
lf2_foliar,LeafRot1658,2_foliar_disease,1,,,coconut-tree-disease,Dataset/Coconut Tree Disease Dataset/Leaf Rot/LeafRot1658.jpg
lf2_foliar,LeafRot1659,2_foliar_disease,1,,,coconut-tree-disease,Dataset/Coconut Tree Disease Dataset/Leaf Rot/LeafRot1659.jpg
lf2_foliar,LeafRot166,2_foliar_disease,1,,,coconut-tree-disease,Dataset/Coconut Tree Disease Dataset/Leaf Rot/LeafRot166.jpg
lf2_foliar,LeafRot1660,2_foliar_disease,1,,,coconut-tree-disease,Dataset/Coconut Tree Disease Dataset/Leaf Rot/LeafRot1660.jpg
lf2_foliar,LeafRot1661,2_foliar_disease,1,,,coconut-tree-disease,Dataset/Coconut Tree Disease Dataset/Leaf Rot/LeafRot1661.jpg
lf2_foliar,LeafRot1662,2_foliar_disease,1,,,coconut-tree-disease,Dataset/Coconut Tree Disease Dataset/Leaf Rot/LeafRot1662.jpg
lf2_foliar,LeafRot1663,2_foliar_disease,1,,,coconut-tree-disease,Dataset/Coconut Tree Disease Dataset/Leaf Rot/LeafRot1663.jpg
lf2_foliar,LeafRot1664,2_foliar_disease,1,,,coconut-tree-disease,Dataset/Coconut Tree Disease Dataset/Leaf Rot/LeafRot1664.jpg
lf2_foliar,LeafRot1665,2_foliar_disease,1,,,coconut-tree-disease,Dataset/Coconut Tree Disease Dataset/Leaf Rot/LeafRot1665.jpg
lf2_foliar,LeafRot1666,2_foliar_disease,1,,,coconut-tree-disease,Dataset/Coconut Tree Disease Dataset/Leaf Rot/LeafRot1666.jpg
lf2_foliar,LeafRot1667,2_foliar_disease,1,,,coconut-tree-disease,Dataset/Coconut Tree Disease Dataset/Leaf Rot/LeafRot1667.jpg
lf2_foliar,LeafRot1668,2_foliar_disease,1,,,coconut-tree-disease,Dataset/Coconut Tree Disease Dataset/Leaf Rot/LeafRot1668.jpg
lf2_foliar,LeafRot1669,2_foliar_disease,1,,,coconut-tree-disease,Dataset/Coconut Tree Disease Dataset/Leaf Rot/LeafRot1669.jpg
lf2_foliar,LeafRot167,2_foliar_disease,1,,,coconut-tree-disease,Dataset/Coconut Tree Disease Dataset/Leaf Rot/LeafRot167.jpg
lf2_foliar,LeafRot1670,2_foliar_disease,1,,,coconut-tree-disease,Dataset/Coconut Tree Disease Dataset/Leaf Rot/LeafRot1670.jpg
lf2_foliar,LeafRot1671,2_foliar_disease,1,,,coconut-tree-disease,Dataset/Coconut Tree Disease Dataset/Leaf Rot/LeafRot1671.jpg
lf2_foliar,LeafRot1672,2_foliar_disease,1,,,coconut-tree-disease,Dataset/Coconut Tree Disease Dataset/Leaf Rot/LeafRot1672.jpg
lf2_foliar,LeafRot1673,2_foliar_disease,1,,,coconut-tree-disease,Dataset/Coconut Tree Disease Dataset/Leaf Rot/LeafRot1673.jpg
lf2_foliar,LeafRot168,2_foliar_disease,1,,,coconut-tree-disease,Dataset/Coconut Tree Disease Dataset/Leaf Rot/LeafRot168.jpg
lf2_foliar,LeafRot169,2_foliar_disease,1,,,coconut-tree-disease,Dataset/Coconut Tree Disease Dataset/Leaf Rot/LeafRot169.jpg
lf2_foliar,LeafRot170,2_foliar_disease,1,,,coconut-tree-disease,Dataset/Coconut Tree Disease Dataset/Leaf Rot/LeafRot170.jpg
lf2_foliar,LeafRot171,2_foliar_disease,1,,,coconut-tree-disease,Dataset/Coconut Tree Disease Dataset/Leaf Rot/LeafRot171.jpg
lf2_foliar,LeafRot172,2_foliar_disease,1,,,coconut-tree-disease,Dataset/Coconut Tree Disease Dataset/Leaf Rot/LeafRot172.jpg
lf2_foliar,LeafRot173,2_foliar_disease,1,,,coconut-tree-disease,Dataset/Coconut Tree Disease Dataset/Leaf Rot/LeafRot173.jpg
lf2_foliar,LeafRot174,2_foliar_disease,1,,,coconut-tree-disease,Dataset/Coconut Tree Disease Dataset/Leaf Rot/LeafRot174.jpg
lf2_foliar,LeafRot175,2_foliar_disease,1,,,coconut-tree-disease,Dataset/Coconut Tree Disease Dataset/Leaf Rot/LeafRot175.jpg
lf2_foliar,LeafRot176,2_foliar_disease,1,,,coconut-tree-disease,Dataset/Coconut Tree Disease Dataset/Leaf Rot/LeafRot176.jpg
lf2_foliar,LeafRot177,2_foliar_disease,1,,,coconut-tree-disease,Dataset/Coconut Tree Disease Dataset/Leaf Rot/LeafRot177.jpg
lf2_foliar,LeafRot178,2_foliar_disease,1,,,coconut-tree-disease,Dataset/Coconut Tree Disease Dataset/Leaf Rot/LeafRot178.jpg
lf2_foliar,LeafRot179,2_foliar_disease,1,,,coconut-tree-disease,Dataset/Coconut Tree Disease Dataset/Leaf Rot/LeafRot179.jpg
lf2_foliar,LeafRot180,2_foliar_disease,1,,,coconut-tree-disease,Dataset/Coconut Tree Disease Dataset/Leaf Rot/LeafRot180.jpg
lf2_foliar,LeafRot181,2_foliar_disease,1,,,coconut-tree-disease,Dataset/Coconut Tree Disease Dataset/Leaf Rot/LeafRot181.jpg
lf2_foliar,LeafRot182,2_foliar_disease,1,,,coconut-tree-disease,Dataset/Coconut Tree Disease Dataset/Leaf Rot/LeafRot182.jpg
lf2_foliar,LeafRot183,2_foliar_disease,1,,,coconut-tree-disease,Dataset/Coconut Tree Disease Dataset/Leaf Rot/LeafRot183.jpg
lf2_foliar,LeafRot184,2_foliar_disease,1,,,coconut-tree-disease,Dataset/Coconut Tree Disease Dataset/Leaf Rot/LeafRot184.jpg
lf2_foliar,LeafRot185,2_foliar_disease,1,,,coconut-tree-disease,Dataset/Coconut Tree Disease Dataset/Leaf Rot/LeafRot185.jpg
lf2_foliar,LeafRot186,2_foliar_disease,1,,,coconut-tree-disease,Dataset/Coconut Tree Disease Dataset/Leaf Rot/LeafRot186.jpg
lf2_foliar,LeafRot187,2_foliar_disease,1,,,coconut-tree-disease,Dataset/Coconut Tree Disease Dataset/Leaf Rot/LeafRot187.jpg
lf2_foliar,LeafRot188,2_foliar_disease,1,,,coconut-tree-disease,Dataset/Coconut Tree Disease Dataset/Leaf Rot/LeafRot188.jpg
lf2_foliar,LeafRot189,2_foliar_disease,1,,,coconut-tree-disease,Dataset/Coconut Tree Disease Dataset/Leaf Rot/LeafRot189.jpg
lf2_foliar,LeafRot190,2_foliar_disease,1,,,coconut-tree-disease,Dataset/Coconut Tree Disease Dataset/Leaf Rot/LeafRot190.jpg
lf2_foliar,LeafRot191,2_foliar_disease,1,,,coconut-tree-disease,Dataset/Coconut Tree Disease Dataset/Leaf Rot/LeafRot191.jpg
lf2_foliar,LeafRot192,2_foliar_disease,1,,,coconut-tree-disease,Dataset/Coconut Tree Disease Dataset/Leaf Rot/LeafRot192.jpg
lf2_foliar,LeafRot193,2_foliar_disease,1,,,coconut-tree-disease,Dataset/Coconut Tree Disease Dataset/Leaf Rot/LeafRot193.jpg
lf2_foliar,LeafRot194,2_foliar_disease,1,,,coconut-tree-disease,Dataset/Coconut Tree Disease Dataset/Leaf Rot/LeafRot194.jpg
lf2_foliar,LeafRot195,2_foliar_disease,1,,,coconut-tree-disease,Dataset/Coconut Tree Disease Dataset/Leaf Rot/LeafRot195.jpg
lf2_foliar,LeafRot196,2_foliar_disease,1,,,coconut-tree-disease,Dataset/Coconut Tree Disease Dataset/Leaf Rot/LeafRot196.jpg
lf2_foliar,LeafRot197,2_foliar_disease,1,,,coconut-tree-disease,Dataset/Coconut Tree Disease Dataset/Leaf Rot/LeafRot197.jpg
lf2_foliar,LeafRot198,2_foliar_disease,1,,,coconut-tree-disease,Dataset/Coconut Tree Disease Dataset/Leaf Rot/LeafRot198.jpg
lf2_foliar,LeafRot199,2_foliar_disease,1,,,coconut-tree-disease,Dataset/Coconut Tree Disease Dataset/Leaf Rot/LeafRot199.jpg
lf2_foliar,LeafRot200,2_foliar_disease,1,,,coconut-tree-disease,Dataset/Coconut Tree Disease Dataset/Leaf Rot/LeafRot200.jpg
lf2_foliar,LeafRot201,2_foliar_disease,1,,,coconut-tree-disease,Dataset/Coconut Tree Disease Dataset/Leaf Rot/LeafRot201.jpg
lf2_foliar,LeafRot202,2_foliar_disease,1,,,coconut-tree-disease,Dataset/Coconut Tree Disease Dataset/Leaf Rot/LeafRot202.jpg
lf2_foliar,LeafRot203,2_foliar_disease,1,,,coconut-tree-disease,Dataset/Coconut Tree Disease Dataset/Leaf Rot/LeafRot203.jpg
lf2_foliar,LeafRot204,2_foliar_disease,1,,,coconut-tree-disease,Dataset/Coconut Tree Disease Dataset/Leaf Rot/LeafRot204.jpg
lf2_foliar,LeafRot205,2_foliar_disease,1,,,coconut-tree-disease,Dataset/Coconut Tree Disease Dataset/Leaf Rot/LeafRot205.jpg
lf2_foliar,LeafRot206,2_foliar_disease,1,,,coconut-tree-disease,Dataset/Coconut Tree Disease Dataset/Leaf Rot/LeafRot206.jpg
lf2_foliar,LeafRot207,2_foliar_disease,1,,,coconut-tree-disease,Dataset/Coconut Tree Disease Dataset/Leaf Rot/LeafRot207.jpg
lf2_foliar,LeafRot208,2_foliar_disease,1,,,coconut-tree-disease,Dataset/Coconut Tree Disease Dataset/Leaf Rot/LeafRot208.jpg
lf2_foliar,LeafRot209,2_foliar_disease,1,,,coconut-tree-disease,Dataset/Coconut Tree Disease Dataset/Leaf Rot/LeafRot209.jpg
lf2_foliar,LeafRot210,2_foliar_disease,1,,,coconut-tree-disease,Dataset/Coconut Tree Disease Dataset/Leaf Rot/LeafRot210.jpg
lf2_foliar,LeafRot211,2_foliar_disease,1,,,coconut-tree-disease,Dataset/Coconut Tree Disease Dataset/Leaf Rot/LeafRot211.jpg
lf2_foliar,LeafRot212,2_foliar_disease,1,,,coconut-tree-disease,Dataset/Coconut Tree Disease Dataset/Leaf Rot/LeafRot212.jpg
lf2_foliar,LeafRot213,2_foliar_disease,1,,,coconut-tree-disease,Dataset/Coconut Tree Disease Dataset/Leaf Rot/LeafRot213.jpg
lf2_foliar,LeafRot214,2_foliar_disease,1,,,coconut-tree-disease,Dataset/Coconut Tree Disease Dataset/Leaf Rot/LeafRot214.jpg
lf2_foliar,LeafRot215,2_foliar_disease,1,,,coconut-tree-disease,Dataset/Coconut Tree Disease Dataset/Leaf Rot/LeafRot215.jpg
lf2_foliar,LeafRot216,2_foliar_disease,1,,,coconut-tree-disease,Dataset/Coconut Tree Disease Dataset/Leaf Rot/LeafRot216.jpg
lf2_foliar,LeafRot217,2_foliar_disease,1,,,coconut-tree-disease,Dataset/Coconut Tree Disease Dataset/Leaf Rot/LeafRot217.jpg
lf2_foliar,LeafRot218,2_foliar_disease,1,,,coconut-tree-disease,Dataset/Coconut Tree Disease Dataset/Leaf Rot/LeafRot218.jpg
lf2_foliar,LeafRot219,2_foliar_disease,1,,,coconut-tree-disease,Dataset/Coconut Tree Disease Dataset/Leaf Rot/LeafRot219.jpg
lf2_foliar,LeafRot220,2_foliar_disease,1,,,coconut-tree-disease,Dataset/Coconut Tree Disease Dataset/Leaf Rot/LeafRot220.jpg
lf2_foliar,LeafRot221,2_foliar_disease,1,,,coconut-tree-disease,Dataset/Coconut Tree Disease Dataset/Leaf Rot/LeafRot221.jpg
lf2_foliar,LeafRot222,2_foliar_disease,1,,,coconut-tree-disease,Dataset/Coconut Tree Disease Dataset/Leaf Rot/LeafRot222.jpg
lf2_foliar,LeafRot223,2_foliar_disease,1,,,coconut-tree-disease,Dataset/Coconut Tree Disease Dataset/Leaf Rot/LeafRot223.jpg
lf2_foliar,LeafRot224,2_foliar_disease,1,,,coconut-tree-disease,Dataset/Coconut Tree Disease Dataset/Leaf Rot/LeafRot224.jpg
lf2_foliar,LeafRot225,2_foliar_disease,1,,,coconut-tree-disease,Dataset/Coconut Tree Disease Dataset/Leaf Rot/LeafRot225.jpg
lf2_foliar,LeafRot226,2_foliar_disease,1,,,coconut-tree-disease,Dataset/Coconut Tree Disease Dataset/Leaf Rot/LeafRot226.jpg
lf2_foliar,LeafRot227,2_foliar_disease,1,,,coconut-tree-disease,Dataset/Coconut Tree Disease Dataset/Leaf Rot/LeafRot227.jpg
lf2_foliar,LeafRot228,2_foliar_disease,1,,,coconut-tree-disease,Dataset/Coconut Tree Disease Dataset/Leaf Rot/LeafRot228.jpg
lf2_foliar,LeafRot229,2_foliar_disease,1,,,coconut-tree-disease,Dataset/Coconut Tree Disease Dataset/Leaf Rot/LeafRot229.jpg
lf2_foliar,LeafRot230,2_foliar_disease,1,,,coconut-tree-disease,Dataset/Coconut Tree Disease Dataset/Leaf Rot/LeafRot230.jpg
lf2_foliar,LeafRot231,2_foliar_disease,1,,,coconut-tree-disease,Dataset/Coconut Tree Disease Dataset/Leaf Rot/LeafRot231.jpg
lf2_foliar,LeafRot232,2_foliar_disease,1,,,coconut-tree-disease,Dataset/Coconut Tree Disease Dataset/Leaf Rot/LeafRot232.jpg
lf2_foliar,LeafRot233,2_foliar_disease,1,,,coconut-tree-disease,Dataset/Coconut Tree Disease Dataset/Leaf Rot/LeafRot233.jpg
lf2_foliar,LeafRot234,2_foliar_disease,1,,,coconut-tree-disease,Dataset/Coconut Tree Disease Dataset/Leaf Rot/LeafRot234.jpg
lf2_foliar,LeafRot235,2_foliar_disease,1,,,coconut-tree-disease,Dataset/Coconut Tree Disease Dataset/Leaf Rot/LeafRot235.jpg
lf2_foliar,LeafRot236,2_foliar_disease,1,,,coconut-tree-disease,Dataset/Coconut Tree Disease Dataset/Leaf Rot/LeafRot236.jpg
lf2_foliar,LeafRot237,2_foliar_disease,1,,,coconut-tree-disease,Dataset/Coconut Tree Disease Dataset/Leaf Rot/LeafRot237.jpg
lf2_foliar,LeafRot238,2_foliar_disease,1,,,coconut-tree-disease,Dataset/Coconut Tree Disease Dataset/Leaf Rot/LeafRot238.jpg
lf2_foliar,LeafRot239,2_foliar_disease,1,,,coconut-tree-disease,Dataset/Coconut Tree Disease Dataset/Leaf Rot/LeafRot239.jpg
lf2_foliar,LeafRot240,2_foliar_disease,1,,,coconut-tree-disease,Dataset/Coconut Tree Disease Dataset/Leaf Rot/LeafRot240.jpg
lf2_foliar,LeafRot241,2_foliar_disease,1,,,coconut-tree-disease,Dataset/Coconut Tree Disease Dataset/Leaf Rot/LeafRot241.jpg
lf2_foliar,LeafRot242,2_foliar_disease,1,,,coconut-tree-disease,Dataset/Coconut Tree Disease Dataset/Leaf Rot/LeafRot242.jpg
lf2_foliar,LeafRot243,2_foliar_disease,1,,,coconut-tree-disease,Dataset/Coconut Tree Disease Dataset/Leaf Rot/LeafRot243.jpg
lf2_foliar,LeafRot244,2_foliar_disease,1,,,coconut-tree-disease,Dataset/Coconut Tree Disease Dataset/Leaf Rot/LeafRot244.jpg
lf2_foliar,LeafRot245,2_foliar_disease,1,,,coconut-tree-disease,Dataset/Coconut Tree Disease Dataset/Leaf Rot/LeafRot245.jpg
lf2_foliar,LeafRot246,2_foliar_disease,1,,,coconut-tree-disease,Dataset/Coconut Tree Disease Dataset/Leaf Rot/LeafRot246.jpg
lf2_foliar,LeafRot247,2_foliar_disease,1,,,coconut-tree-disease,Dataset/Coconut Tree Disease Dataset/Leaf Rot/LeafRot247.jpg
lf2_foliar,LeafRot248,2_foliar_disease,1,,,coconut-tree-disease,Dataset/Coconut Tree Disease Dataset/Leaf Rot/LeafRot248.jpg
lf2_foliar,LeafRot249,2_foliar_disease,1,,,coconut-tree-disease,Dataset/Coconut Tree Disease Dataset/Leaf Rot/LeafRot249.jpg
lf2_foliar,LeafRot250,2_foliar_disease,1,,,coconut-tree-disease,Dataset/Coconut Tree Disease Dataset/Leaf Rot/LeafRot250.jpg
lf2_foliar,LeafRot251,2_foliar_disease,1,,,coconut-tree-disease,Dataset/Coconut Tree Disease Dataset/Leaf Rot/LeafRot251.jpg
lf2_foliar,LeafRot252,2_foliar_disease,1,,,coconut-tree-disease,Dataset/Coconut Tree Disease Dataset/Leaf Rot/LeafRot252.jpg
lf2_foliar,LeafRot253,2_foliar_disease,1,,,coconut-tree-disease,Dataset/Coconut Tree Disease Dataset/Leaf Rot/LeafRot253.jpg
lf2_foliar,LeafRot254,2_foliar_disease,1,,,coconut-tree-disease,Dataset/Coconut Tree Disease Dataset/Leaf Rot/LeafRot254.jpg
lf2_foliar,LeafRot255,2_foliar_disease,1,,,coconut-tree-disease,Dataset/Coconut Tree Disease Dataset/Leaf Rot/LeafRot255.jpg
lf2_foliar,LeafRot256,2_foliar_disease,1,,,coconut-tree-disease,Dataset/Coconut Tree Disease Dataset/Leaf Rot/LeafRot256.jpg
lf2_foliar,LeafRot257,2_foliar_disease,1,,,coconut-tree-disease,Dataset/Coconut Tree Disease Dataset/Leaf Rot/LeafRot257.jpg
lf2_foliar,LeafRot258,2_foliar_disease,1,,,coconut-tree-disease,Dataset/Coconut Tree Disease Dataset/Leaf Rot/LeafRot258.jpg
lf2_foliar,LeafRot259,2_foliar_disease,1,,,coconut-tree-disease,Dataset/Coconut Tree Disease Dataset/Leaf Rot/LeafRot259.jpg
lf2_foliar,LeafRot260,2_foliar_disease,1,,,coconut-tree-disease,Dataset/Coconut Tree Disease Dataset/Leaf Rot/LeafRot260.jpg
lf2_foliar,LeafRot261,2_foliar_disease,1,,,coconut-tree-disease,Dataset/Coconut Tree Disease Dataset/Leaf Rot/LeafRot261.jpg
lf2_foliar,LeafRot262,2_foliar_disease,1,,,coconut-tree-disease,Dataset/Coconut Tree Disease Dataset/Leaf Rot/LeafRot262.jpg
lf2_foliar,LeafRot263,2_foliar_disease,1,,,coconut-tree-disease,Dataset/Coconut Tree Disease Dataset/Leaf Rot/LeafRot263.jpg
lf2_foliar,LeafRot264,2_foliar_disease,1,,,coconut-tree-disease,Dataset/Coconut Tree Disease Dataset/Leaf Rot/LeafRot264.jpg
lf2_foliar,LeafRot265,2_foliar_disease,1,,,coconut-tree-disease,Dataset/Coconut Tree Disease Dataset/Leaf Rot/LeafRot265.jpg
lf2_foliar,LeafRot266,2_foliar_disease,1,,,coconut-tree-disease,Dataset/Coconut Tree Disease Dataset/Leaf Rot/LeafRot266.jpg
lf2_foliar,LeafRot267,2_foliar_disease,1,,,coconut-tree-disease,Dataset/Coconut Tree Disease Dataset/Leaf Rot/LeafRot267.jpg
lf2_foliar,LeafRot268,2_foliar_disease,1,,,coconut-tree-disease,Dataset/Coconut Tree Disease Dataset/Leaf Rot/LeafRot268.jpg
lf2_foliar,LeafRot269,2_foliar_disease,1,,,coconut-tree-disease,Dataset/Coconut Tree Disease Dataset/Leaf Rot/LeafRot269.jpg
lf2_foliar,LeafRot270,2_foliar_disease,1,,,coconut-tree-disease,Dataset/Coconut Tree Disease Dataset/Leaf Rot/LeafRot270.jpg
lf2_foliar,LeafRot271,2_foliar_disease,1,,,coconut-tree-disease,Dataset/Coconut Tree Disease Dataset/Leaf Rot/LeafRot271.jpg
lf2_foliar,LeafRot272,2_foliar_disease,1,,,coconut-tree-disease,Dataset/Coconut Tree Disease Dataset/Leaf Rot/LeafRot272.jpg
lf2_foliar,LeafRot273,2_foliar_disease,1,,,coconut-tree-disease,Dataset/Coconut Tree Disease Dataset/Leaf Rot/LeafRot273.jpg
lf2_foliar,LeafRot274,2_foliar_disease,1,,,coconut-tree-disease,Dataset/Coconut Tree Disease Dataset/Leaf Rot/LeafRot274.jpg
lf2_foliar,LeafRot275,2_foliar_disease,1,,,coconut-tree-disease,Dataset/Coconut Tree Disease Dataset/Leaf Rot/LeafRot275.jpg
lf2_foliar,LeafRot276,2_foliar_disease,1,,,coconut-tree-disease,Dataset/Coconut Tree Disease Dataset/Leaf Rot/LeafRot276.jpg
lf2_foliar,LeafRot277,2_foliar_disease,1,,,coconut-tree-disease,Dataset/Coconut Tree Disease Dataset/Leaf Rot/LeafRot277.jpg
lf2_foliar,LeafRot278,2_foliar_disease,1,,,coconut-tree-disease,Dataset/Coconut Tree Disease Dataset/Leaf Rot/LeafRot278.jpg
lf2_foliar,LeafRot279,2_foliar_disease,1,,,coconut-tree-disease,Dataset/Coconut Tree Disease Dataset/Leaf Rot/LeafRot279.jpg
lf2_foliar,LeafRot280,2_foliar_disease,1,,,coconut-tree-disease,Dataset/Coconut Tree Disease Dataset/Leaf Rot/LeafRot280.jpg
lf2_foliar,LeafRot281,2_foliar_disease,1,,,coconut-tree-disease,Dataset/Coconut Tree Disease Dataset/Leaf Rot/LeafRot281.jpg
lf2_foliar,LeafRot282,2_foliar_disease,1,,,coconut-tree-disease,Dataset/Coconut Tree Disease Dataset/Leaf Rot/LeafRot282.jpg
lf2_foliar,LeafRot283,2_foliar_disease,1,,,coconut-tree-disease,Dataset/Coconut Tree Disease Dataset/Leaf Rot/LeafRot283.jpg
lf2_foliar,LeafRot284,2_foliar_disease,1,,,coconut-tree-disease,Dataset/Coconut Tree Disease Dataset/Leaf Rot/LeafRot284.jpg
lf2_foliar,LeafRot285,2_foliar_disease,1,,,coconut-tree-disease,Dataset/Coconut Tree Disease Dataset/Leaf Rot/LeafRot285.jpg
lf2_foliar,LeafRot286,2_foliar_disease,1,,,coconut-tree-disease,Dataset/Coconut Tree Disease Dataset/Leaf Rot/LeafRot286.jpg
lf2_foliar,LeafRot287,2_foliar_disease,1,,,coconut-tree-disease,Dataset/Coconut Tree Disease Dataset/Leaf Rot/LeafRot287.jpg
lf2_foliar,LeafRot288,2_foliar_disease,1,,,coconut-tree-disease,Dataset/Coconut Tree Disease Dataset/Leaf Rot/LeafRot288.jpg
lf2_foliar,LeafRot289,2_foliar_disease,1,,,coconut-tree-disease,Dataset/Coconut Tree Disease Dataset/Leaf Rot/LeafRot289.jpg
lf2_foliar,LeafRot290,2_foliar_disease,1,,,coconut-tree-disease,Dataset/Coconut Tree Disease Dataset/Leaf Rot/LeafRot290.jpg
lf2_foliar,LeafRot291,2_foliar_disease,1,,,coconut-tree-disease,Dataset/Coconut Tree Disease Dataset/Leaf Rot/LeafRot291.jpg
lf2_foliar,LeafRot292,2_foliar_disease,1,,,coconut-tree-disease,Dataset/Coconut Tree Disease Dataset/Leaf Rot/LeafRot292.jpg
lf2_foliar,LeafRot293,2_foliar_disease,1,,,coconut-tree-disease,Dataset/Coconut Tree Disease Dataset/Leaf Rot/LeafRot293.jpg
lf2_foliar,LeafRot294,2_foliar_disease,1,,,coconut-tree-disease,Dataset/Coconut Tree Disease Dataset/Leaf Rot/LeafRot294.jpg
lf2_foliar,LeafRot295,2_foliar_disease,1,,,coconut-tree-disease,Dataset/Coconut Tree Disease Dataset/Leaf Rot/LeafRot295.jpg
lf2_foliar,LeafRot296,2_foliar_disease,1,,,coconut-tree-disease,Dataset/Coconut Tree Disease Dataset/Leaf Rot/LeafRot296.jpg
lf2_foliar,LeafRot297,2_foliar_disease,1,,,coconut-tree-disease,Dataset/Coconut Tree Disease Dataset/Leaf Rot/LeafRot297.jpg
lf2_foliar,LeafRot298,2_foliar_disease,1,,,coconut-tree-disease,Dataset/Coconut Tree Disease Dataset/Leaf Rot/LeafRot298.jpg
lf2_foliar,LeafRot299,2_foliar_disease,1,,,coconut-tree-disease,Dataset/Coconut Tree Disease Dataset/Leaf Rot/LeafRot299.jpg
lf2_foliar,LeafRot300,2_foliar_disease,1,,,coconut-tree-disease,Dataset/Coconut Tree Disease Dataset/Leaf Rot/LeafRot300.jpg
lf2_foliar,LeafRot301,2_foliar_disease,1,,,coconut-tree-disease,Dataset/Coconut Tree Disease Dataset/Leaf Rot/LeafRot301.jpg
lf2_foliar,LeafRot302,2_foliar_disease,1,,,coconut-tree-disease,Dataset/Coconut Tree Disease Dataset/Leaf Rot/LeafRot302.jpg
lf2_foliar,LeafRot303,2_foliar_disease,1,,,coconut-tree-disease,Dataset/Coconut Tree Disease Dataset/Leaf Rot/LeafRot303.jpg
lf2_foliar,LeafRot304,2_foliar_disease,1,,,coconut-tree-disease,Dataset/Coconut Tree Disease Dataset/Leaf Rot/LeafRot304.jpg
lf2_foliar,LeafRot305,2_foliar_disease,1,,,coconut-tree-disease,Dataset/Coconut Tree Disease Dataset/Leaf Rot/LeafRot305.jpg
lf2_foliar,LeafRot306,2_foliar_disease,1,,,coconut-tree-disease,Dataset/Coconut Tree Disease Dataset/Leaf Rot/LeafRot306.jpg
lf2_foliar,LeafRot307,2_foliar_disease,1,,,coconut-tree-disease,Dataset/Coconut Tree Disease Dataset/Leaf Rot/LeafRot307.jpg
lf2_foliar,LeafRot308,2_foliar_disease,1,,,coconut-tree-disease,Dataset/Coconut Tree Disease Dataset/Leaf Rot/LeafRot308.jpg
lf2_foliar,LeafRot309,2_foliar_disease,1,,,coconut-tree-disease,Dataset/Coconut Tree Disease Dataset/Leaf Rot/LeafRot309.jpg
lf2_foliar,LeafRot310,2_foliar_disease,1,,,coconut-tree-disease,Dataset/Coconut Tree Disease Dataset/Leaf Rot/LeafRot310.jpg
lf2_foliar,LeafRot311,2_foliar_disease,1,,,coconut-tree-disease,Dataset/Coconut Tree Disease Dataset/Leaf Rot/LeafRot311.jpg
lf2_foliar,LeafRot312,2_foliar_disease,1,,,coconut-tree-disease,Dataset/Coconut Tree Disease Dataset/Leaf Rot/LeafRot312.jpg
lf2_foliar,LeafRot313,2_foliar_disease,1,,,coconut-tree-disease,Dataset/Coconut Tree Disease Dataset/Leaf Rot/LeafRot313.jpg
lf2_foliar,LeafRot314,2_foliar_disease,1,,,coconut-tree-disease,Dataset/Coconut Tree Disease Dataset/Leaf Rot/LeafRot314.jpg
lf2_foliar,LeafRot315,2_foliar_disease,1,,,coconut-tree-disease,Dataset/Coconut Tree Disease Dataset/Leaf Rot/LeafRot315.jpg
lf2_foliar,LeafRot316,2_foliar_disease,1,,,coconut-tree-disease,Dataset/Coconut Tree Disease Dataset/Leaf Rot/LeafRot316.jpg
lf2_foliar,LeafRot317,2_foliar_disease,1,,,coconut-tree-disease,Dataset/Coconut Tree Disease Dataset/Leaf Rot/LeafRot317.jpg
lf2_foliar,LeafRot318,2_foliar_disease,1,,,coconut-tree-disease,Dataset/Coconut Tree Disease Dataset/Leaf Rot/LeafRot318.jpg
lf2_foliar,LeafRot319,2_foliar_disease,1,,,coconut-tree-disease,Dataset/Coconut Tree Disease Dataset/Leaf Rot/LeafRot319.jpg
lf2_foliar,LeafRot320,2_foliar_disease,1,,,coconut-tree-disease,Dataset/Coconut Tree Disease Dataset/Leaf Rot/LeafRot320.jpg
lf2_foliar,LeafRot321,2_foliar_disease,1,,,coconut-tree-disease,Dataset/Coconut Tree Disease Dataset/Leaf Rot/LeafRot321.jpg
lf2_foliar,LeafRot322,2_foliar_disease,1,,,coconut-tree-disease,Dataset/Coconut Tree Disease Dataset/Leaf Rot/LeafRot322.jpg
lf2_foliar,LeafRot323,2_foliar_disease,1,,,coconut-tree-disease,Dataset/Coconut Tree Disease Dataset/Leaf Rot/LeafRot323.jpg
lf2_foliar,LeafRot324,2_foliar_disease,1,,,coconut-tree-disease,Dataset/Coconut Tree Disease Dataset/Leaf Rot/LeafRot324.jpg
lf2_foliar,LeafRot325,2_foliar_disease,1,,,coconut-tree-disease,Dataset/Coconut Tree Disease Dataset/Leaf Rot/LeafRot325.jpg
lf2_foliar,LeafRot326,2_foliar_disease,1,,,coconut-tree-disease,Dataset/Coconut Tree Disease Dataset/Leaf Rot/LeafRot326.jpg
lf2_foliar,LeafRot327,2_foliar_disease,1,,,coconut-tree-disease,Dataset/Coconut Tree Disease Dataset/Leaf Rot/LeafRot327.jpg
lf2_foliar,LeafRot328,2_foliar_disease,1,,,coconut-tree-disease,Dataset/Coconut Tree Disease Dataset/Leaf Rot/LeafRot328.jpg
lf2_foliar,LeafRot329,2_foliar_disease,1,,,coconut-tree-disease,Dataset/Coconut Tree Disease Dataset/Leaf Rot/LeafRot329.jpg
lf2_foliar,LeafRot330,2_foliar_disease,1,,,coconut-tree-disease,Dataset/Coconut Tree Disease Dataset/Leaf Rot/LeafRot330.jpg
lf2_foliar,LeafRot331,2_foliar_disease,1,,,coconut-tree-disease,Dataset/Coconut Tree Disease Dataset/Leaf Rot/LeafRot331.jpg
lf2_foliar,LeafRot332,2_foliar_disease,1,,,coconut-tree-disease,Dataset/Coconut Tree Disease Dataset/Leaf Rot/LeafRot332.jpg
lf2_foliar,LeafRot333,2_foliar_disease,1,,,coconut-tree-disease,Dataset/Coconut Tree Disease Dataset/Leaf Rot/LeafRot333.jpg
lf2_foliar,LeafRot334,2_foliar_disease,1,,,coconut-tree-disease,Dataset/Coconut Tree Disease Dataset/Leaf Rot/LeafRot334.jpg
lf2_foliar,LeafRot335,2_foliar_disease,1,,,coconut-tree-disease,Dataset/Coconut Tree Disease Dataset/Leaf Rot/LeafRot335.jpg
lf2_foliar,LeafRot336,2_foliar_disease,1,,,coconut-tree-disease,Dataset/Coconut Tree Disease Dataset/Leaf Rot/LeafRot336.jpg
lf2_foliar,LeafRot337,2_foliar_disease,1,,,coconut-tree-disease,Dataset/Coconut Tree Disease Dataset/Leaf Rot/LeafRot337.jpg
lf2_foliar,LeafRot338,2_foliar_disease,1,,,coconut-tree-disease,Dataset/Coconut Tree Disease Dataset/Leaf Rot/LeafRot338.jpg
lf2_foliar,LeafRot339,2_foliar_disease,1,,,coconut-tree-disease,Dataset/Coconut Tree Disease Dataset/Leaf Rot/LeafRot339.jpg
lf2_foliar,LeafRot340,2_foliar_disease,1,,,coconut-tree-disease,Dataset/Coconut Tree Disease Dataset/Leaf Rot/LeafRot340.jpg
lf2_foliar,LeafRot341,2_foliar_disease,1,,,coconut-tree-disease,Dataset/Coconut Tree Disease Dataset/Leaf Rot/LeafRot341.jpg
lf2_foliar,LeafRot342,2_foliar_disease,1,,,coconut-tree-disease,Dataset/Coconut Tree Disease Dataset/Leaf Rot/LeafRot342.jpg
lf2_foliar,LeafRot343,2_foliar_disease,1,,,coconut-tree-disease,Dataset/Coconut Tree Disease Dataset/Leaf Rot/LeafRot343.jpg
lf2_foliar,LeafRot344,2_foliar_disease,1,,,coconut-tree-disease,Dataset/Coconut Tree Disease Dataset/Leaf Rot/LeafRot344.jpg
lf2_foliar,LeafRot345,2_foliar_disease,1,,,coconut-tree-disease,Dataset/Coconut Tree Disease Dataset/Leaf Rot/LeafRot345.jpg
lf2_foliar,LeafRot346,2_foliar_disease,1,,,coconut-tree-disease,Dataset/Coconut Tree Disease Dataset/Leaf Rot/LeafRot346.jpg
lf2_foliar,LeafRot347,2_foliar_disease,1,,,coconut-tree-disease,Dataset/Coconut Tree Disease Dataset/Leaf Rot/LeafRot347.jpg
lf2_foliar,LeafRot348,2_foliar_disease,1,,,coconut-tree-disease,Dataset/Coconut Tree Disease Dataset/Leaf Rot/LeafRot348.jpg
lf2_foliar,LeafRot349,2_foliar_disease,1,,,coconut-tree-disease,Dataset/Coconut Tree Disease Dataset/Leaf Rot/LeafRot349.jpg
lf2_foliar,LeafRot350,2_foliar_disease,1,,,coconut-tree-disease,Dataset/Coconut Tree Disease Dataset/Leaf Rot/LeafRot350.jpg
lf2_foliar,LeafRot351,2_foliar_disease,1,,,coconut-tree-disease,Dataset/Coconut Tree Disease Dataset/Leaf Rot/LeafRot351.jpg
lf2_foliar,LeafRot352,2_foliar_disease,1,,,coconut-tree-disease,Dataset/Coconut Tree Disease Dataset/Leaf Rot/LeafRot352.jpg
lf2_foliar,LeafRot353,2_foliar_disease,1,,,coconut-tree-disease,Dataset/Coconut Tree Disease Dataset/Leaf Rot/LeafRot353.jpg
lf2_foliar,LeafRot354,2_foliar_disease,1,,,coconut-tree-disease,Dataset/Coconut Tree Disease Dataset/Leaf Rot/LeafRot354.jpg
lf2_foliar,LeafRot355,2_foliar_disease,1,,,coconut-tree-disease,Dataset/Coconut Tree Disease Dataset/Leaf Rot/LeafRot355.jpg
lf2_foliar,LeafRot356,2_foliar_disease,1,,,coconut-tree-disease,Dataset/Coconut Tree Disease Dataset/Leaf Rot/LeafRot356.jpg
lf2_foliar,LeafRot357,2_foliar_disease,1,,,coconut-tree-disease,Dataset/Coconut Tree Disease Dataset/Leaf Rot/LeafRot357.jpg
lf2_foliar,LeafRot358,2_foliar_disease,1,,,coconut-tree-disease,Dataset/Coconut Tree Disease Dataset/Leaf Rot/LeafRot358.jpg
lf2_foliar,LeafRot359,2_foliar_disease,1,,,coconut-tree-disease,Dataset/Coconut Tree Disease Dataset/Leaf Rot/LeafRot359.jpg
lf2_foliar,LeafRot360,2_foliar_disease,1,,,coconut-tree-disease,Dataset/Coconut Tree Disease Dataset/Leaf Rot/LeafRot360.jpg
lf2_foliar,LeafRot361,2_foliar_disease,1,,,coconut-tree-disease,Dataset/Coconut Tree Disease Dataset/Leaf Rot/LeafRot361.jpg
lf2_foliar,LeafRot362,2_foliar_disease,1,,,coconut-tree-disease,Dataset/Coconut Tree Disease Dataset/Leaf Rot/LeafRot362.jpg
lf2_foliar,LeafRot363,2_foliar_disease,1,,,coconut-tree-disease,Dataset/Coconut Tree Disease Dataset/Leaf Rot/LeafRot363.jpg
lf2_foliar,LeafRot364,2_foliar_disease,1,,,coconut-tree-disease,Dataset/Coconut Tree Disease Dataset/Leaf Rot/LeafRot364.jpg
lf2_foliar,LeafRot365,2_foliar_disease,1,,,coconut-tree-disease,Dataset/Coconut Tree Disease Dataset/Leaf Rot/LeafRot365.jpg
lf2_foliar,LeafRot366,2_foliar_disease,1,,,coconut-tree-disease,Dataset/Coconut Tree Disease Dataset/Leaf Rot/LeafRot366.jpg
lf2_foliar,LeafRot367,2_foliar_disease,1,,,coconut-tree-disease,Dataset/Coconut Tree Disease Dataset/Leaf Rot/LeafRot367.jpg
lf2_foliar,LeafRot368,2_foliar_disease,1,,,coconut-tree-disease,Dataset/Coconut Tree Disease Dataset/Leaf Rot/LeafRot368.jpg
lf2_foliar,LeafRot369,2_foliar_disease,1,,,coconut-tree-disease,Dataset/Coconut Tree Disease Dataset/Leaf Rot/LeafRot369.jpg
lf2_foliar,LeafRot370,2_foliar_disease,1,,,coconut-tree-disease,Dataset/Coconut Tree Disease Dataset/Leaf Rot/LeafRot370.jpg
lf2_foliar,LeafRot371,2_foliar_disease,1,,,coconut-tree-disease,Dataset/Coconut Tree Disease Dataset/Leaf Rot/LeafRot371.jpg
lf2_foliar,LeafRot372,2_foliar_disease,1,,,coconut-tree-disease,Dataset/Coconut Tree Disease Dataset/Leaf Rot/LeafRot372.jpg
lf2_foliar,LeafRot373,2_foliar_disease,1,,,coconut-tree-disease,Dataset/Coconut Tree Disease Dataset/Leaf Rot/LeafRot373.jpg
lf2_foliar,LeafRot374,2_foliar_disease,1,,,coconut-tree-disease,Dataset/Coconut Tree Disease Dataset/Leaf Rot/LeafRot374.jpg
lf2_foliar,LeafRot375,2_foliar_disease,1,,,coconut-tree-disease,Dataset/Coconut Tree Disease Dataset/Leaf Rot/LeafRot375.jpg
lf2_foliar,LeafRot376,2_foliar_disease,1,,,coconut-tree-disease,Dataset/Coconut Tree Disease Dataset/Leaf Rot/LeafRot376.jpg
lf2_foliar,LeafRot377,2_foliar_disease,1,,,coconut-tree-disease,Dataset/Coconut Tree Disease Dataset/Leaf Rot/LeafRot377.jpg
lf2_foliar,LeafRot378,2_foliar_disease,1,,,coconut-tree-disease,Dataset/Coconut Tree Disease Dataset/Leaf Rot/LeafRot378.jpg
lf2_foliar,LeafRot379,2_foliar_disease,1,,,coconut-tree-disease,Dataset/Coconut Tree Disease Dataset/Leaf Rot/LeafRot379.jpg
lf2_foliar,LeafRot380,2_foliar_disease,1,,,coconut-tree-disease,Dataset/Coconut Tree Disease Dataset/Leaf Rot/LeafRot380.jpg
lf2_foliar,LeafRot381,2_foliar_disease,1,,,coconut-tree-disease,Dataset/Coconut Tree Disease Dataset/Leaf Rot/LeafRot381.jpg
lf2_foliar,LeafRot382,2_foliar_disease,1,,,coconut-tree-disease,Dataset/Coconut Tree Disease Dataset/Leaf Rot/LeafRot382.jpg
lf2_foliar,LeafRot383,2_foliar_disease,1,,,coconut-tree-disease,Dataset/Coconut Tree Disease Dataset/Leaf Rot/LeafRot383.jpg
lf2_foliar,LeafRot384,2_foliar_disease,1,,,coconut-tree-disease,Dataset/Coconut Tree Disease Dataset/Leaf Rot/LeafRot384.jpg
lf2_foliar,LeafRot385,2_foliar_disease,1,,,coconut-tree-disease,Dataset/Coconut Tree Disease Dataset/Leaf Rot/LeafRot385.jpg
lf2_foliar,LeafRot386,2_foliar_disease,1,,,coconut-tree-disease,Dataset/Coconut Tree Disease Dataset/Leaf Rot/LeafRot386.jpg
lf2_foliar,LeafRot387,2_foliar_disease,1,,,coconut-tree-disease,Dataset/Coconut Tree Disease Dataset/Leaf Rot/LeafRot387.jpg
lf2_foliar,LeafRot388,2_foliar_disease,1,,,coconut-tree-disease,Dataset/Coconut Tree Disease Dataset/Leaf Rot/LeafRot388.jpg
lf2_foliar,LeafRot389,2_foliar_disease,1,,,coconut-tree-disease,Dataset/Coconut Tree Disease Dataset/Leaf Rot/LeafRot389.jpg
lf2_foliar,LeafRot390,2_foliar_disease,1,,,coconut-tree-disease,Dataset/Coconut Tree Disease Dataset/Leaf Rot/LeafRot390.jpg
lf2_foliar,LeafRot391,2_foliar_disease,1,,,coconut-tree-disease,Dataset/Coconut Tree Disease Dataset/Leaf Rot/LeafRot391.jpg
lf2_foliar,LeafRot392,2_foliar_disease,1,,,coconut-tree-disease,Dataset/Coconut Tree Disease Dataset/Leaf Rot/LeafRot392.jpg
lf2_foliar,LeafRot393,2_foliar_disease,1,,,coconut-tree-disease,Dataset/Coconut Tree Disease Dataset/Leaf Rot/LeafRot393.jpg
lf2_foliar,LeafRot394,2_foliar_disease,1,,,coconut-tree-disease,Dataset/Coconut Tree Disease Dataset/Leaf Rot/LeafRot394.jpg
lf2_foliar,LeafRot395,2_foliar_disease,1,,,coconut-tree-disease,Dataset/Coconut Tree Disease Dataset/Leaf Rot/LeafRot395.jpg
lf2_foliar,LeafRot396,2_foliar_disease,1,,,coconut-tree-disease,Dataset/Coconut Tree Disease Dataset/Leaf Rot/LeafRot396.jpg
lf2_foliar,LeafRot397,2_foliar_disease,1,,,coconut-tree-disease,Dataset/Coconut Tree Disease Dataset/Leaf Rot/LeafRot397.jpg
lf2_foliar,LeafRot398,2_foliar_disease,1,,,coconut-tree-disease,Dataset/Coconut Tree Disease Dataset/Leaf Rot/LeafRot398.jpg
lf2_foliar,LeafRot399,2_foliar_disease,1,,,coconut-tree-disease,Dataset/Coconut Tree Disease Dataset/Leaf Rot/LeafRot399.jpg
lf2_foliar,LeafRot400,2_foliar_disease,1,,,coconut-tree-disease,Dataset/Coconut Tree Disease Dataset/Leaf Rot/LeafRot400.jpg
lf2_foliar,LeafRot401,2_foliar_disease,1,,,coconut-tree-disease,Dataset/Coconut Tree Disease Dataset/Leaf Rot/LeafRot401.jpg
lf2_foliar,LeafRot402,2_foliar_disease,1,,,coconut-tree-disease,Dataset/Coconut Tree Disease Dataset/Leaf Rot/LeafRot402.jpg
lf2_foliar,LeafRot403,2_foliar_disease,1,,,coconut-tree-disease,Dataset/Coconut Tree Disease Dataset/Leaf Rot/LeafRot403.jpg
lf2_foliar,LeafRot404,2_foliar_disease,1,,,coconut-tree-disease,Dataset/Coconut Tree Disease Dataset/Leaf Rot/LeafRot404.jpg
lf2_foliar,LeafRot405,2_foliar_disease,1,,,coconut-tree-disease,Dataset/Coconut Tree Disease Dataset/Leaf Rot/LeafRot405.jpg
lf2_foliar,LeafRot406,2_foliar_disease,1,,,coconut-tree-disease,Dataset/Coconut Tree Disease Dataset/Leaf Rot/LeafRot406.jpg
lf2_foliar,LeafRot407,2_foliar_disease,1,,,coconut-tree-disease,Dataset/Coconut Tree Disease Dataset/Leaf Rot/LeafRot407.jpg
lf2_foliar,LeafRot408,2_foliar_disease,1,,,coconut-tree-disease,Dataset/Coconut Tree Disease Dataset/Leaf Rot/LeafRot408.jpg
lf2_foliar,LeafRot409,2_foliar_disease,1,,,coconut-tree-disease,Dataset/Coconut Tree Disease Dataset/Leaf Rot/LeafRot409.jpg
lf2_foliar,LeafRot410,2_foliar_disease,1,,,coconut-tree-disease,Dataset/Coconut Tree Disease Dataset/Leaf Rot/LeafRot410.jpg
lf2_foliar,LeafRot411,2_foliar_disease,1,,,coconut-tree-disease,Dataset/Coconut Tree Disease Dataset/Leaf Rot/LeafRot411.jpg
lf2_foliar,LeafRot412,2_foliar_disease,1,,,coconut-tree-disease,Dataset/Coconut Tree Disease Dataset/Leaf Rot/LeafRot412.jpg
lf2_foliar,LeafRot413,2_foliar_disease,1,,,coconut-tree-disease,Dataset/Coconut Tree Disease Dataset/Leaf Rot/LeafRot413.jpg
lf2_foliar,LeafRot414,2_foliar_disease,1,,,coconut-tree-disease,Dataset/Coconut Tree Disease Dataset/Leaf Rot/LeafRot414.jpg
lf2_foliar,LeafRot415,2_foliar_disease,1,,,coconut-tree-disease,Dataset/Coconut Tree Disease Dataset/Leaf Rot/LeafRot415.jpg
lf2_foliar,LeafRot416,2_foliar_disease,1,,,coconut-tree-disease,Dataset/Coconut Tree Disease Dataset/Leaf Rot/LeafRot416.jpg
lf2_foliar,LeafRot417,2_foliar_disease,1,,,coconut-tree-disease,Dataset/Coconut Tree Disease Dataset/Leaf Rot/LeafRot417.jpg
lf2_foliar,LeafRot418,2_foliar_disease,1,,,coconut-tree-disease,Dataset/Coconut Tree Disease Dataset/Leaf Rot/LeafRot418.jpg
lf2_foliar,LeafRot419,2_foliar_disease,1,,,coconut-tree-disease,Dataset/Coconut Tree Disease Dataset/Leaf Rot/LeafRot419.jpg
lf2_foliar,LeafRot420,2_foliar_disease,1,,,coconut-tree-disease,Dataset/Coconut Tree Disease Dataset/Leaf Rot/LeafRot420.jpg
lf2_foliar,LeafRot421,2_foliar_disease,1,,,coconut-tree-disease,Dataset/Coconut Tree Disease Dataset/Leaf Rot/LeafRot421.jpg
lf2_foliar,LeafRot422,2_foliar_disease,1,,,coconut-tree-disease,Dataset/Coconut Tree Disease Dataset/Leaf Rot/LeafRot422.jpg
lf2_foliar,LeafRot423,2_foliar_disease,1,,,coconut-tree-disease,Dataset/Coconut Tree Disease Dataset/Leaf Rot/LeafRot423.jpg
lf2_foliar,LeafRot424,2_foliar_disease,1,,,coconut-tree-disease,Dataset/Coconut Tree Disease Dataset/Leaf Rot/LeafRot424.jpg
lf2_foliar,LeafRot425,2_foliar_disease,1,,,coconut-tree-disease,Dataset/Coconut Tree Disease Dataset/Leaf Rot/LeafRot425.jpg
lf2_foliar,LeafRot426,2_foliar_disease,1,,,coconut-tree-disease,Dataset/Coconut Tree Disease Dataset/Leaf Rot/LeafRot426.jpg
lf2_foliar,LeafRot427,2_foliar_disease,1,,,coconut-tree-disease,Dataset/Coconut Tree Disease Dataset/Leaf Rot/LeafRot427.jpg
lf2_foliar,LeafRot428,2_foliar_disease,1,,,coconut-tree-disease,Dataset/Coconut Tree Disease Dataset/Leaf Rot/LeafRot428.jpg
lf2_foliar,LeafRot429,2_foliar_disease,1,,,coconut-tree-disease,Dataset/Coconut Tree Disease Dataset/Leaf Rot/LeafRot429.jpg
lf2_foliar,LeafRot430,2_foliar_disease,1,,,coconut-tree-disease,Dataset/Coconut Tree Disease Dataset/Leaf Rot/LeafRot430.jpg
lf2_foliar,LeafRot431,2_foliar_disease,1,,,coconut-tree-disease,Dataset/Coconut Tree Disease Dataset/Leaf Rot/LeafRot431.jpg
lf2_foliar,LeafRot432,2_foliar_disease,1,,,coconut-tree-disease,Dataset/Coconut Tree Disease Dataset/Leaf Rot/LeafRot432.jpg
lf2_foliar,LeafRot433,2_foliar_disease,1,,,coconut-tree-disease,Dataset/Coconut Tree Disease Dataset/Leaf Rot/LeafRot433.jpg
lf2_foliar,LeafRot434,2_foliar_disease,1,,,coconut-tree-disease,Dataset/Coconut Tree Disease Dataset/Leaf Rot/LeafRot434.jpg
lf2_foliar,LeafRot435,2_foliar_disease,1,,,coconut-tree-disease,Dataset/Coconut Tree Disease Dataset/Leaf Rot/LeafRot435.jpg
lf2_foliar,LeafRot436,2_foliar_disease,1,,,coconut-tree-disease,Dataset/Coconut Tree Disease Dataset/Leaf Rot/LeafRot436.jpg
lf2_foliar,LeafRot437,2_foliar_disease,1,,,coconut-tree-disease,Dataset/Coconut Tree Disease Dataset/Leaf Rot/LeafRot437.jpg
lf2_foliar,LeafRot438,2_foliar_disease,1,,,coconut-tree-disease,Dataset/Coconut Tree Disease Dataset/Leaf Rot/LeafRot438.jpg
lf2_foliar,LeafRot439,2_foliar_disease,1,,,coconut-tree-disease,Dataset/Coconut Tree Disease Dataset/Leaf Rot/LeafRot439.jpg
lf2_foliar,LeafRot440,2_foliar_disease,1,,,coconut-tree-disease,Dataset/Coconut Tree Disease Dataset/Leaf Rot/LeafRot440.jpg
lf2_foliar,LeafRot441,2_foliar_disease,1,,,coconut-tree-disease,Dataset/Coconut Tree Disease Dataset/Leaf Rot/LeafRot441.jpg
lf2_foliar,LeafRot442,2_foliar_disease,1,,,coconut-tree-disease,Dataset/Coconut Tree Disease Dataset/Leaf Rot/LeafRot442.jpg
lf2_foliar,LeafRot443,2_foliar_disease,1,,,coconut-tree-disease,Dataset/Coconut Tree Disease Dataset/Leaf Rot/LeafRot443.jpg
lf2_foliar,LeafRot444,2_foliar_disease,1,,,coconut-tree-disease,Dataset/Coconut Tree Disease Dataset/Leaf Rot/LeafRot444.jpg
lf2_foliar,LeafRot445,2_foliar_disease,1,,,coconut-tree-disease,Dataset/Coconut Tree Disease Dataset/Leaf Rot/LeafRot445.jpg
lf2_foliar,LeafRot446,2_foliar_disease,1,,,coconut-tree-disease,Dataset/Coconut Tree Disease Dataset/Leaf Rot/LeafRot446.jpg
lf2_foliar,LeafRot447,2_foliar_disease,1,,,coconut-tree-disease,Dataset/Coconut Tree Disease Dataset/Leaf Rot/LeafRot447.jpg
lf2_foliar,LeafRot448,2_foliar_disease,1,,,coconut-tree-disease,Dataset/Coconut Tree Disease Dataset/Leaf Rot/LeafRot448.jpg
lf2_foliar,LeafRot449,2_foliar_disease,1,,,coconut-tree-disease,Dataset/Coconut Tree Disease Dataset/Leaf Rot/LeafRot449.jpg
lf2_foliar,LeafRot450,2_foliar_disease,1,,,coconut-tree-disease,Dataset/Coconut Tree Disease Dataset/Leaf Rot/LeafRot450.jpg
lf2_foliar,LeafRot451,2_foliar_disease,1,,,coconut-tree-disease,Dataset/Coconut Tree Disease Dataset/Leaf Rot/LeafRot451.jpg
lf2_foliar,LeafRot452,2_foliar_disease,1,,,coconut-tree-disease,Dataset/Coconut Tree Disease Dataset/Leaf Rot/LeafRot452.jpg
lf2_foliar,LeafRot453,2_foliar_disease,1,,,coconut-tree-disease,Dataset/Coconut Tree Disease Dataset/Leaf Rot/LeafRot453.jpg
lf2_foliar,LeafRot454,2_foliar_disease,1,,,coconut-tree-disease,Dataset/Coconut Tree Disease Dataset/Leaf Rot/LeafRot454.jpg
lf2_foliar,LeafRot455,2_foliar_disease,1,,,coconut-tree-disease,Dataset/Coconut Tree Disease Dataset/Leaf Rot/LeafRot455.jpg
lf2_foliar,LeafRot456,2_foliar_disease,1,,,coconut-tree-disease,Dataset/Coconut Tree Disease Dataset/Leaf Rot/LeafRot456.jpg
lf2_foliar,LeafRot457,2_foliar_disease,1,,,coconut-tree-disease,Dataset/Coconut Tree Disease Dataset/Leaf Rot/LeafRot457.jpg
lf2_foliar,LeafRot458,2_foliar_disease,1,,,coconut-tree-disease,Dataset/Coconut Tree Disease Dataset/Leaf Rot/LeafRot458.jpg
lf2_foliar,LeafRot459,2_foliar_disease,1,,,coconut-tree-disease,Dataset/Coconut Tree Disease Dataset/Leaf Rot/LeafRot459.jpg
lf2_foliar,LeafRot460,2_foliar_disease,1,,,coconut-tree-disease,Dataset/Coconut Tree Disease Dataset/Leaf Rot/LeafRot460.jpg
lf2_foliar,LeafRot461,2_foliar_disease,1,,,coconut-tree-disease,Dataset/Coconut Tree Disease Dataset/Leaf Rot/LeafRot461.jpg
lf2_foliar,LeafRot462,2_foliar_disease,1,,,coconut-tree-disease,Dataset/Coconut Tree Disease Dataset/Leaf Rot/LeafRot462.jpg
lf2_foliar,LeafRot463,2_foliar_disease,1,,,coconut-tree-disease,Dataset/Coconut Tree Disease Dataset/Leaf Rot/LeafRot463.jpg
lf2_foliar,LeafRot464,2_foliar_disease,1,,,coconut-tree-disease,Dataset/Coconut Tree Disease Dataset/Leaf Rot/LeafRot464.jpg
lf2_foliar,LeafRot465,2_foliar_disease,1,,,coconut-tree-disease,Dataset/Coconut Tree Disease Dataset/Leaf Rot/LeafRot465.jpg
lf2_foliar,LeafRot466,2_foliar_disease,1,,,coconut-tree-disease,Dataset/Coconut Tree Disease Dataset/Leaf Rot/LeafRot466.jpg
lf2_foliar,LeafRot467,2_foliar_disease,1,,,coconut-tree-disease,Dataset/Coconut Tree Disease Dataset/Leaf Rot/LeafRot467.jpg
lf2_foliar,LeafRot468,2_foliar_disease,1,,,coconut-tree-disease,Dataset/Coconut Tree Disease Dataset/Leaf Rot/LeafRot468.jpg
lf2_foliar,LeafRot469,2_foliar_disease,1,,,coconut-tree-disease,Dataset/Coconut Tree Disease Dataset/Leaf Rot/LeafRot469.jpg
lf2_foliar,LeafRot470,2_foliar_disease,1,,,coconut-tree-disease,Dataset/Coconut Tree Disease Dataset/Leaf Rot/LeafRot470.jpg
lf2_foliar,LeafRot471,2_foliar_disease,1,,,coconut-tree-disease,Dataset/Coconut Tree Disease Dataset/Leaf Rot/LeafRot471.jpg
lf2_foliar,LeafRot472,2_foliar_disease,1,,,coconut-tree-disease,Dataset/Coconut Tree Disease Dataset/Leaf Rot/LeafRot472.jpg
lf2_foliar,LeafRot473,2_foliar_disease,1,,,coconut-tree-disease,Dataset/Coconut Tree Disease Dataset/Leaf Rot/LeafRot473.jpg
lf2_foliar,LeafRot474,2_foliar_disease,1,,,coconut-tree-disease,Dataset/Coconut Tree Disease Dataset/Leaf Rot/LeafRot474.jpg
lf2_foliar,LeafRot475,2_foliar_disease,1,,,coconut-tree-disease,Dataset/Coconut Tree Disease Dataset/Leaf Rot/LeafRot475.jpg
lf2_foliar,LeafRot476,2_foliar_disease,1,,,coconut-tree-disease,Dataset/Coconut Tree Disease Dataset/Leaf Rot/LeafRot476.jpg
lf2_foliar,LeafRot477,2_foliar_disease,1,,,coconut-tree-disease,Dataset/Coconut Tree Disease Dataset/Leaf Rot/LeafRot477.jpg
lf2_foliar,LeafRot478,2_foliar_disease,1,,,coconut-tree-disease,Dataset/Coconut Tree Disease Dataset/Leaf Rot/LeafRot478.jpg
lf2_foliar,LeafRot479,2_foliar_disease,1,,,coconut-tree-disease,Dataset/Coconut Tree Disease Dataset/Leaf Rot/LeafRot479.jpg
lf2_foliar,LeafRot480,2_foliar_disease,1,,,coconut-tree-disease,Dataset/Coconut Tree Disease Dataset/Leaf Rot/LeafRot480.jpg
lf2_foliar,LeafRot481,2_foliar_disease,1,,,coconut-tree-disease,Dataset/Coconut Tree Disease Dataset/Leaf Rot/LeafRot481.jpg
lf2_foliar,LeafRot482,2_foliar_disease,1,,,coconut-tree-disease,Dataset/Coconut Tree Disease Dataset/Leaf Rot/LeafRot482.jpg
lf2_foliar,LeafRot483,2_foliar_disease,1,,,coconut-tree-disease,Dataset/Coconut Tree Disease Dataset/Leaf Rot/LeafRot483.jpg
lf2_foliar,LeafRot484,2_foliar_disease,1,,,coconut-tree-disease,Dataset/Coconut Tree Disease Dataset/Leaf Rot/LeafRot484.jpg
lf2_foliar,LeafRot485,2_foliar_disease,1,,,coconut-tree-disease,Dataset/Coconut Tree Disease Dataset/Leaf Rot/LeafRot485.jpg
lf2_foliar,LeafRot486,2_foliar_disease,1,,,coconut-tree-disease,Dataset/Coconut Tree Disease Dataset/Leaf Rot/LeafRot486.jpg
lf2_foliar,LeafRot487,2_foliar_disease,1,,,coconut-tree-disease,Dataset/Coconut Tree Disease Dataset/Leaf Rot/LeafRot487.jpg
lf2_foliar,LeafRot488,2_foliar_disease,1,,,coconut-tree-disease,Dataset/Coconut Tree Disease Dataset/Leaf Rot/LeafRot488.jpg
lf2_foliar,LeafRot489,2_foliar_disease,1,,,coconut-tree-disease,Dataset/Coconut Tree Disease Dataset/Leaf Rot/LeafRot489.jpg
lf2_foliar,LeafRot490,2_foliar_disease,1,,,coconut-tree-disease,Dataset/Coconut Tree Disease Dataset/Leaf Rot/LeafRot490.jpg
lf2_foliar,LeafRot491,2_foliar_disease,1,,,coconut-tree-disease,Dataset/Coconut Tree Disease Dataset/Leaf Rot/LeafRot491.jpg
lf2_foliar,LeafRot492,2_foliar_disease,1,,,coconut-tree-disease,Dataset/Coconut Tree Disease Dataset/Leaf Rot/LeafRot492.jpg
lf2_foliar,LeafRot493,2_foliar_disease,1,,,coconut-tree-disease,Dataset/Coconut Tree Disease Dataset/Leaf Rot/LeafRot493.jpg
lf2_foliar,LeafRot494,2_foliar_disease,1,,,coconut-tree-disease,Dataset/Coconut Tree Disease Dataset/Leaf Rot/LeafRot494.jpg
lf2_foliar,LeafRot495,2_foliar_disease,1,,,coconut-tree-disease,Dataset/Coconut Tree Disease Dataset/Leaf Rot/LeafRot495.jpg
lf2_foliar,LeafRot496,2_foliar_disease,1,,,coconut-tree-disease,Dataset/Coconut Tree Disease Dataset/Leaf Rot/LeafRot496.jpg
lf2_foliar,LeafRot497,2_foliar_disease,1,,,coconut-tree-disease,Dataset/Coconut Tree Disease Dataset/Leaf Rot/LeafRot497.jpg
lf2_foliar,LeafRot498,2_foliar_disease,1,,,coconut-tree-disease,Dataset/Coconut Tree Disease Dataset/Leaf Rot/LeafRot498.jpg
lf2_foliar,LeafRot499,2_foliar_disease,1,,,coconut-tree-disease,Dataset/Coconut Tree Disease Dataset/Leaf Rot/LeafRot499.jpg
lf2_foliar,LeafRot500,2_foliar_disease,1,,,coconut-tree-disease,Dataset/Coconut Tree Disease Dataset/Leaf Rot/LeafRot500.jpg
lf2_foliar,LeafRot501,2_foliar_disease,1,,,coconut-tree-disease,Dataset/Coconut Tree Disease Dataset/Leaf Rot/LeafRot501.jpg
lf2_foliar,LeafRot502,2_foliar_disease,1,,,coconut-tree-disease,Dataset/Coconut Tree Disease Dataset/Leaf Rot/LeafRot502.jpg
lf2_foliar,LeafRot503,2_foliar_disease,1,,,coconut-tree-disease,Dataset/Coconut Tree Disease Dataset/Leaf Rot/LeafRot503.jpg
lf2_foliar,LeafRot504,2_foliar_disease,1,,,coconut-tree-disease,Dataset/Coconut Tree Disease Dataset/Leaf Rot/LeafRot504.jpg
lf2_foliar,LeafRot505,2_foliar_disease,1,,,coconut-tree-disease,Dataset/Coconut Tree Disease Dataset/Leaf Rot/LeafRot505.jpg
lf2_foliar,LeafRot506,2_foliar_disease,1,,,coconut-tree-disease,Dataset/Coconut Tree Disease Dataset/Leaf Rot/LeafRot506.jpg
lf2_foliar,LeafRot507,2_foliar_disease,1,,,coconut-tree-disease,Dataset/Coconut Tree Disease Dataset/Leaf Rot/LeafRot507.jpg
lf2_foliar,LeafRot508,2_foliar_disease,1,,,coconut-tree-disease,Dataset/Coconut Tree Disease Dataset/Leaf Rot/LeafRot508.jpg
lf2_foliar,LeafRot509,2_foliar_disease,1,,,coconut-tree-disease,Dataset/Coconut Tree Disease Dataset/Leaf Rot/LeafRot509.jpg
lf2_foliar,LeafRot510,2_foliar_disease,1,,,coconut-tree-disease,Dataset/Coconut Tree Disease Dataset/Leaf Rot/LeafRot510.jpg
lf2_foliar,LeafRot511,2_foliar_disease,1,,,coconut-tree-disease,Dataset/Coconut Tree Disease Dataset/Leaf Rot/LeafRot511.jpg
lf2_foliar,LeafRot512,2_foliar_disease,1,,,coconut-tree-disease,Dataset/Coconut Tree Disease Dataset/Leaf Rot/LeafRot512.jpg
lf2_foliar,LeafRot513,2_foliar_disease,1,,,coconut-tree-disease,Dataset/Coconut Tree Disease Dataset/Leaf Rot/LeafRot513.jpg
lf2_foliar,LeafRot514,2_foliar_disease,1,,,coconut-tree-disease,Dataset/Coconut Tree Disease Dataset/Leaf Rot/LeafRot514.jpg
lf2_foliar,LeafRot515,2_foliar_disease,1,,,coconut-tree-disease,Dataset/Coconut Tree Disease Dataset/Leaf Rot/LeafRot515.jpg
lf2_foliar,LeafRot516,2_foliar_disease,1,,,coconut-tree-disease,Dataset/Coconut Tree Disease Dataset/Leaf Rot/LeafRot516.jpg
lf2_foliar,LeafRot517,2_foliar_disease,1,,,coconut-tree-disease,Dataset/Coconut Tree Disease Dataset/Leaf Rot/LeafRot517.jpg
lf2_foliar,LeafRot518,2_foliar_disease,1,,,coconut-tree-disease,Dataset/Coconut Tree Disease Dataset/Leaf Rot/LeafRot518.jpg
lf2_foliar,LeafRot519,2_foliar_disease,1,,,coconut-tree-disease,Dataset/Coconut Tree Disease Dataset/Leaf Rot/LeafRot519.jpg
lf2_foliar,LeafRot520,2_foliar_disease,1,,,coconut-tree-disease,Dataset/Coconut Tree Disease Dataset/Leaf Rot/LeafRot520.jpg
lf2_foliar,LeafRot521,2_foliar_disease,1,,,coconut-tree-disease,Dataset/Coconut Tree Disease Dataset/Leaf Rot/LeafRot521.jpg
lf2_foliar,LeafRot522,2_foliar_disease,1,,,coconut-tree-disease,Dataset/Coconut Tree Disease Dataset/Leaf Rot/LeafRot522.jpg
lf2_foliar,LeafRot523,2_foliar_disease,1,,,coconut-tree-disease,Dataset/Coconut Tree Disease Dataset/Leaf Rot/LeafRot523.jpg
lf2_foliar,LeafRot524,2_foliar_disease,1,,,coconut-tree-disease,Dataset/Coconut Tree Disease Dataset/Leaf Rot/LeafRot524.jpg
lf2_foliar,LeafRot525,2_foliar_disease,1,,,coconut-tree-disease,Dataset/Coconut Tree Disease Dataset/Leaf Rot/LeafRot525.jpg
lf2_foliar,LeafRot526,2_foliar_disease,1,,,coconut-tree-disease,Dataset/Coconut Tree Disease Dataset/Leaf Rot/LeafRot526.jpg
lf2_foliar,LeafRot527,2_foliar_disease,1,,,coconut-tree-disease,Dataset/Coconut Tree Disease Dataset/Leaf Rot/LeafRot527.jpg
lf2_foliar,LeafRot528,2_foliar_disease,1,,,coconut-tree-disease,Dataset/Coconut Tree Disease Dataset/Leaf Rot/LeafRot528.jpg
lf2_foliar,LeafRot529,2_foliar_disease,1,,,coconut-tree-disease,Dataset/Coconut Tree Disease Dataset/Leaf Rot/LeafRot529.jpg
lf2_foliar,LeafRot530,2_foliar_disease,1,,,coconut-tree-disease,Dataset/Coconut Tree Disease Dataset/Leaf Rot/LeafRot530.jpg
lf2_foliar,LeafRot531,2_foliar_disease,1,,,coconut-tree-disease,Dataset/Coconut Tree Disease Dataset/Leaf Rot/LeafRot531.jpg
lf2_foliar,LeafRot532,2_foliar_disease,1,,,coconut-tree-disease,Dataset/Coconut Tree Disease Dataset/Leaf Rot/LeafRot532.jpg
lf2_foliar,LeafRot533,2_foliar_disease,1,,,coconut-tree-disease,Dataset/Coconut Tree Disease Dataset/Leaf Rot/LeafRot533.jpg
lf2_foliar,LeafRot534,2_foliar_disease,1,,,coconut-tree-disease,Dataset/Coconut Tree Disease Dataset/Leaf Rot/LeafRot534.jpg
lf2_foliar,LeafRot535,2_foliar_disease,1,,,coconut-tree-disease,Dataset/Coconut Tree Disease Dataset/Leaf Rot/LeafRot535.jpg
lf2_foliar,LeafRot536,2_foliar_disease,1,,,coconut-tree-disease,Dataset/Coconut Tree Disease Dataset/Leaf Rot/LeafRot536.jpg
lf2_foliar,LeafRot537,2_foliar_disease,1,,,coconut-tree-disease,Dataset/Coconut Tree Disease Dataset/Leaf Rot/LeafRot537.jpg
lf2_foliar,LeafRot538,2_foliar_disease,1,,,coconut-tree-disease,Dataset/Coconut Tree Disease Dataset/Leaf Rot/LeafRot538.jpg
lf2_foliar,LeafRot539,2_foliar_disease,1,,,coconut-tree-disease,Dataset/Coconut Tree Disease Dataset/Leaf Rot/LeafRot539.jpg
lf2_foliar,LeafRot540,2_foliar_disease,1,,,coconut-tree-disease,Dataset/Coconut Tree Disease Dataset/Leaf Rot/LeafRot540.jpg
lf2_foliar,LeafRot541,2_foliar_disease,1,,,coconut-tree-disease,Dataset/Coconut Tree Disease Dataset/Leaf Rot/LeafRot541.jpg
lf2_foliar,LeafRot542,2_foliar_disease,1,,,coconut-tree-disease,Dataset/Coconut Tree Disease Dataset/Leaf Rot/LeafRot542.jpg
lf2_foliar,LeafRot543,2_foliar_disease,1,,,coconut-tree-disease,Dataset/Coconut Tree Disease Dataset/Leaf Rot/LeafRot543.jpg
lf2_foliar,LeafRot544,2_foliar_disease,1,,,coconut-tree-disease,Dataset/Coconut Tree Disease Dataset/Leaf Rot/LeafRot544.jpg
lf2_foliar,LeafRot545,2_foliar_disease,1,,,coconut-tree-disease,Dataset/Coconut Tree Disease Dataset/Leaf Rot/LeafRot545.jpg
lf2_foliar,LeafRot546,2_foliar_disease,1,,,coconut-tree-disease,Dataset/Coconut Tree Disease Dataset/Leaf Rot/LeafRot546.jpg
lf2_foliar,LeafRot547,2_foliar_disease,1,,,coconut-tree-disease,Dataset/Coconut Tree Disease Dataset/Leaf Rot/LeafRot547.jpg
lf2_foliar,LeafRot548,2_foliar_disease,1,,,coconut-tree-disease,Dataset/Coconut Tree Disease Dataset/Leaf Rot/LeafRot548.jpg
lf2_foliar,LeafRot549,2_foliar_disease,1,,,coconut-tree-disease,Dataset/Coconut Tree Disease Dataset/Leaf Rot/LeafRot549.jpg
lf2_foliar,LeafRot550,2_foliar_disease,1,,,coconut-tree-disease,Dataset/Coconut Tree Disease Dataset/Leaf Rot/LeafRot550.jpg
lf2_foliar,LeafRot551,2_foliar_disease,1,,,coconut-tree-disease,Dataset/Coconut Tree Disease Dataset/Leaf Rot/LeafRot551.jpg
lf2_foliar,LeafRot552,2_foliar_disease,1,,,coconut-tree-disease,Dataset/Coconut Tree Disease Dataset/Leaf Rot/LeafRot552.jpg
lf2_foliar,LeafRot553,2_foliar_disease,1,,,coconut-tree-disease,Dataset/Coconut Tree Disease Dataset/Leaf Rot/LeafRot553.jpg
lf2_foliar,LeafRot554,2_foliar_disease,1,,,coconut-tree-disease,Dataset/Coconut Tree Disease Dataset/Leaf Rot/LeafRot554.jpg
lf2_foliar,LeafRot555,2_foliar_disease,1,,,coconut-tree-disease,Dataset/Coconut Tree Disease Dataset/Leaf Rot/LeafRot555.jpg
lf2_foliar,LeafRot556,2_foliar_disease,1,,,coconut-tree-disease,Dataset/Coconut Tree Disease Dataset/Leaf Rot/LeafRot556.jpg
lf2_foliar,LeafRot557,2_foliar_disease,1,,,coconut-tree-disease,Dataset/Coconut Tree Disease Dataset/Leaf Rot/LeafRot557.jpg
lf2_foliar,LeafRot558,2_foliar_disease,1,,,coconut-tree-disease,Dataset/Coconut Tree Disease Dataset/Leaf Rot/LeafRot558.jpg
lf2_foliar,LeafRot559,2_foliar_disease,1,,,coconut-tree-disease,Dataset/Coconut Tree Disease Dataset/Leaf Rot/LeafRot559.jpg
lf2_foliar,LeafRot560,2_foliar_disease,1,,,coconut-tree-disease,Dataset/Coconut Tree Disease Dataset/Leaf Rot/LeafRot560.jpg
lf2_foliar,LeafRot561,2_foliar_disease,1,,,coconut-tree-disease,Dataset/Coconut Tree Disease Dataset/Leaf Rot/LeafRot561.jpg
lf2_foliar,LeafRot562,2_foliar_disease,1,,,coconut-tree-disease,Dataset/Coconut Tree Disease Dataset/Leaf Rot/LeafRot562.jpg
lf2_foliar,LeafRot563,2_foliar_disease,1,,,coconut-tree-disease,Dataset/Coconut Tree Disease Dataset/Leaf Rot/LeafRot563.jpg
lf2_foliar,LeafRot564,2_foliar_disease,1,,,coconut-tree-disease,Dataset/Coconut Tree Disease Dataset/Leaf Rot/LeafRot564.jpg
lf2_foliar,LeafRot565,2_foliar_disease,1,,,coconut-tree-disease,Dataset/Coconut Tree Disease Dataset/Leaf Rot/LeafRot565.jpg
lf2_foliar,LeafRot566,2_foliar_disease,1,,,coconut-tree-disease,Dataset/Coconut Tree Disease Dataset/Leaf Rot/LeafRot566.jpg
lf2_foliar,LeafRot567,2_foliar_disease,1,,,coconut-tree-disease,Dataset/Coconut Tree Disease Dataset/Leaf Rot/LeafRot567.jpg
lf2_foliar,LeafRot568,2_foliar_disease,1,,,coconut-tree-disease,Dataset/Coconut Tree Disease Dataset/Leaf Rot/LeafRot568.jpg
lf2_foliar,LeafRot569,2_foliar_disease,1,,,coconut-tree-disease,Dataset/Coconut Tree Disease Dataset/Leaf Rot/LeafRot569.jpg
lf2_foliar,LeafRot570,2_foliar_disease,1,,,coconut-tree-disease,Dataset/Coconut Tree Disease Dataset/Leaf Rot/LeafRot570.jpg
lf2_foliar,LeafRot571,2_foliar_disease,1,,,coconut-tree-disease,Dataset/Coconut Tree Disease Dataset/Leaf Rot/LeafRot571.jpg
lf2_foliar,LeafRot572,2_foliar_disease,1,,,coconut-tree-disease,Dataset/Coconut Tree Disease Dataset/Leaf Rot/LeafRot572.jpg
lf2_foliar,LeafRot573,2_foliar_disease,1,,,coconut-tree-disease,Dataset/Coconut Tree Disease Dataset/Leaf Rot/LeafRot573.jpg
lf2_foliar,LeafRot574,2_foliar_disease,1,,,coconut-tree-disease,Dataset/Coconut Tree Disease Dataset/Leaf Rot/LeafRot574.jpg
lf2_foliar,LeafRot575,2_foliar_disease,1,,,coconut-tree-disease,Dataset/Coconut Tree Disease Dataset/Leaf Rot/LeafRot575.jpg
lf2_foliar,LeafRot576,2_foliar_disease,1,,,coconut-tree-disease,Dataset/Coconut Tree Disease Dataset/Leaf Rot/LeafRot576.jpg
lf2_foliar,LeafRot577,2_foliar_disease,1,,,coconut-tree-disease,Dataset/Coconut Tree Disease Dataset/Leaf Rot/LeafRot577.jpg
lf2_foliar,LeafRot578,2_foliar_disease,1,,,coconut-tree-disease,Dataset/Coconut Tree Disease Dataset/Leaf Rot/LeafRot578.jpg
lf2_foliar,LeafRot579,2_foliar_disease,1,,,coconut-tree-disease,Dataset/Coconut Tree Disease Dataset/Leaf Rot/LeafRot579.jpg
lf2_foliar,LeafRot580,2_foliar_disease,1,,,coconut-tree-disease,Dataset/Coconut Tree Disease Dataset/Leaf Rot/LeafRot580.jpg
lf2_foliar,LeafRot581,2_foliar_disease,1,,,coconut-tree-disease,Dataset/Coconut Tree Disease Dataset/Leaf Rot/LeafRot581.jpg
lf2_foliar,LeafRot582,2_foliar_disease,1,,,coconut-tree-disease,Dataset/Coconut Tree Disease Dataset/Leaf Rot/LeafRot582.jpg
lf2_foliar,LeafRot583,2_foliar_disease,1,,,coconut-tree-disease,Dataset/Coconut Tree Disease Dataset/Leaf Rot/LeafRot583.jpg
lf2_foliar,LeafRot584,2_foliar_disease,1,,,coconut-tree-disease,Dataset/Coconut Tree Disease Dataset/Leaf Rot/LeafRot584.jpg
lf2_foliar,LeafRot585,2_foliar_disease,1,,,coconut-tree-disease,Dataset/Coconut Tree Disease Dataset/Leaf Rot/LeafRot585.jpg
lf2_foliar,LeafRot586,2_foliar_disease,1,,,coconut-tree-disease,Dataset/Coconut Tree Disease Dataset/Leaf Rot/LeafRot586.jpg
lf2_foliar,LeafRot587,2_foliar_disease,1,,,coconut-tree-disease,Dataset/Coconut Tree Disease Dataset/Leaf Rot/LeafRot587.jpg
lf2_foliar,LeafRot588,2_foliar_disease,1,,,coconut-tree-disease,Dataset/Coconut Tree Disease Dataset/Leaf Rot/LeafRot588.jpg
lf2_foliar,LeafRot589,2_foliar_disease,1,,,coconut-tree-disease,Dataset/Coconut Tree Disease Dataset/Leaf Rot/LeafRot589.jpg
lf2_foliar,LeafRot590,2_foliar_disease,1,,,coconut-tree-disease,Dataset/Coconut Tree Disease Dataset/Leaf Rot/LeafRot590.jpg
lf2_foliar,LeafRot591,2_foliar_disease,1,,,coconut-tree-disease,Dataset/Coconut Tree Disease Dataset/Leaf Rot/LeafRot591.jpg
lf2_foliar,LeafRot592,2_foliar_disease,1,,,coconut-tree-disease,Dataset/Coconut Tree Disease Dataset/Leaf Rot/LeafRot592.jpg
lf2_foliar,LeafRot593,2_foliar_disease,1,,,coconut-tree-disease,Dataset/Coconut Tree Disease Dataset/Leaf Rot/LeafRot593.jpg
lf2_foliar,LeafRot594,2_foliar_disease,1,,,coconut-tree-disease,Dataset/Coconut Tree Disease Dataset/Leaf Rot/LeafRot594.jpg
lf2_foliar,LeafRot595,2_foliar_disease,1,,,coconut-tree-disease,Dataset/Coconut Tree Disease Dataset/Leaf Rot/LeafRot595.jpg
lf2_foliar,LeafRot596,2_foliar_disease,1,,,coconut-tree-disease,Dataset/Coconut Tree Disease Dataset/Leaf Rot/LeafRot596.jpg
lf2_foliar,LeafRot597,2_foliar_disease,1,,,coconut-tree-disease,Dataset/Coconut Tree Disease Dataset/Leaf Rot/LeafRot597.jpg
lf2_foliar,LeafRot598,2_foliar_disease,1,,,coconut-tree-disease,Dataset/Coconut Tree Disease Dataset/Leaf Rot/LeafRot598.jpg
lf2_foliar,LeafRot599,2_foliar_disease,1,,,coconut-tree-disease,Dataset/Coconut Tree Disease Dataset/Leaf Rot/LeafRot599.jpg
lf2_foliar,LeafRot600,2_foliar_disease,1,,,coconut-tree-disease,Dataset/Coconut Tree Disease Dataset/Leaf Rot/LeafRot600.jpg
lf2_foliar,LeafRot601,2_foliar_disease,1,,,coconut-tree-disease,Dataset/Coconut Tree Disease Dataset/Leaf Rot/LeafRot601.jpg
lf2_foliar,LeafRot602,2_foliar_disease,1,,,coconut-tree-disease,Dataset/Coconut Tree Disease Dataset/Leaf Rot/LeafRot602.jpg
lf2_foliar,LeafRot603,2_foliar_disease,1,,,coconut-tree-disease,Dataset/Coconut Tree Disease Dataset/Leaf Rot/LeafRot603.jpg
lf2_foliar,LeafRot604,2_foliar_disease,1,,,coconut-tree-disease,Dataset/Coconut Tree Disease Dataset/Leaf Rot/LeafRot604.jpg
lf2_foliar,LeafRot605,2_foliar_disease,1,,,coconut-tree-disease,Dataset/Coconut Tree Disease Dataset/Leaf Rot/LeafRot605.jpg
lf2_foliar,LeafRot606,2_foliar_disease,1,,,coconut-tree-disease,Dataset/Coconut Tree Disease Dataset/Leaf Rot/LeafRot606.jpg
lf2_foliar,LeafRot607,2_foliar_disease,1,,,coconut-tree-disease,Dataset/Coconut Tree Disease Dataset/Leaf Rot/LeafRot607.jpg
lf2_foliar,LeafRot608,2_foliar_disease,1,,,coconut-tree-disease,Dataset/Coconut Tree Disease Dataset/Leaf Rot/LeafRot608.jpg
lf2_foliar,LeafRot609,2_foliar_disease,1,,,coconut-tree-disease,Dataset/Coconut Tree Disease Dataset/Leaf Rot/LeafRot609.jpg
lf2_foliar,LeafRot610,2_foliar_disease,1,,,coconut-tree-disease,Dataset/Coconut Tree Disease Dataset/Leaf Rot/LeafRot610.jpg
lf2_foliar,LeafRot611,2_foliar_disease,1,,,coconut-tree-disease,Dataset/Coconut Tree Disease Dataset/Leaf Rot/LeafRot611.jpg
lf2_foliar,LeafRot612,2_foliar_disease,1,,,coconut-tree-disease,Dataset/Coconut Tree Disease Dataset/Leaf Rot/LeafRot612.jpg
lf2_foliar,LeafRot613,2_foliar_disease,1,,,coconut-tree-disease,Dataset/Coconut Tree Disease Dataset/Leaf Rot/LeafRot613.jpg
lf2_foliar,LeafRot614,2_foliar_disease,1,,,coconut-tree-disease,Dataset/Coconut Tree Disease Dataset/Leaf Rot/LeafRot614.jpg
lf2_foliar,LeafRot615,2_foliar_disease,1,,,coconut-tree-disease,Dataset/Coconut Tree Disease Dataset/Leaf Rot/LeafRot615.jpg
lf2_foliar,LeafRot616,2_foliar_disease,1,,,coconut-tree-disease,Dataset/Coconut Tree Disease Dataset/Leaf Rot/LeafRot616.jpg
lf2_foliar,LeafRot617,2_foliar_disease,1,,,coconut-tree-disease,Dataset/Coconut Tree Disease Dataset/Leaf Rot/LeafRot617.jpg
lf2_foliar,LeafRot618,2_foliar_disease,1,,,coconut-tree-disease,Dataset/Coconut Tree Disease Dataset/Leaf Rot/LeafRot618.jpg
lf2_foliar,LeafRot619,2_foliar_disease,1,,,coconut-tree-disease,Dataset/Coconut Tree Disease Dataset/Leaf Rot/LeafRot619.jpg
lf2_foliar,LeafRot620,2_foliar_disease,1,,,coconut-tree-disease,Dataset/Coconut Tree Disease Dataset/Leaf Rot/LeafRot620.jpg
lf2_foliar,LeafRot621,2_foliar_disease,1,,,coconut-tree-disease,Dataset/Coconut Tree Disease Dataset/Leaf Rot/LeafRot621.jpg
lf2_foliar,LeafRot622,2_foliar_disease,1,,,coconut-tree-disease,Dataset/Coconut Tree Disease Dataset/Leaf Rot/LeafRot622.jpg
lf2_foliar,LeafRot623,2_foliar_disease,1,,,coconut-tree-disease,Dataset/Coconut Tree Disease Dataset/Leaf Rot/LeafRot623.jpg
lf2_foliar,LeafRot624,2_foliar_disease,1,,,coconut-tree-disease,Dataset/Coconut Tree Disease Dataset/Leaf Rot/LeafRot624.jpg
lf2_foliar,LeafRot625,2_foliar_disease,1,,,coconut-tree-disease,Dataset/Coconut Tree Disease Dataset/Leaf Rot/LeafRot625.jpg
lf2_foliar,LeafRot626,2_foliar_disease,1,,,coconut-tree-disease,Dataset/Coconut Tree Disease Dataset/Leaf Rot/LeafRot626.jpg
lf2_foliar,LeafRot627,2_foliar_disease,1,,,coconut-tree-disease,Dataset/Coconut Tree Disease Dataset/Leaf Rot/LeafRot627.jpg
lf2_foliar,LeafRot628,2_foliar_disease,1,,,coconut-tree-disease,Dataset/Coconut Tree Disease Dataset/Leaf Rot/LeafRot628.jpg
lf2_foliar,LeafRot629,2_foliar_disease,1,,,coconut-tree-disease,Dataset/Coconut Tree Disease Dataset/Leaf Rot/LeafRot629.jpg
lf2_foliar,LeafRot630,2_foliar_disease,1,,,coconut-tree-disease,Dataset/Coconut Tree Disease Dataset/Leaf Rot/LeafRot630.jpg
lf2_foliar,LeafRot631,2_foliar_disease,1,,,coconut-tree-disease,Dataset/Coconut Tree Disease Dataset/Leaf Rot/LeafRot631.jpg
lf2_foliar,LeafRot632,2_foliar_disease,1,,,coconut-tree-disease,Dataset/Coconut Tree Disease Dataset/Leaf Rot/LeafRot632.jpg
lf2_foliar,LeafRot633,2_foliar_disease,1,,,coconut-tree-disease,Dataset/Coconut Tree Disease Dataset/Leaf Rot/LeafRot633.jpg
lf2_foliar,LeafRot634,2_foliar_disease,1,,,coconut-tree-disease,Dataset/Coconut Tree Disease Dataset/Leaf Rot/LeafRot634.jpg
lf2_foliar,LeafRot635,2_foliar_disease,1,,,coconut-tree-disease,Dataset/Coconut Tree Disease Dataset/Leaf Rot/LeafRot635.jpg
lf2_foliar,LeafRot636,2_foliar_disease,1,,,coconut-tree-disease,Dataset/Coconut Tree Disease Dataset/Leaf Rot/LeafRot636.jpg
lf2_foliar,LeafRot637,2_foliar_disease,1,,,coconut-tree-disease,Dataset/Coconut Tree Disease Dataset/Leaf Rot/LeafRot637.jpg
lf2_foliar,LeafRot638,2_foliar_disease,1,,,coconut-tree-disease,Dataset/Coconut Tree Disease Dataset/Leaf Rot/LeafRot638.jpg
lf2_foliar,LeafRot639,2_foliar_disease,1,,,coconut-tree-disease,Dataset/Coconut Tree Disease Dataset/Leaf Rot/LeafRot639.jpg
lf2_foliar,LeafRot640,2_foliar_disease,1,,,coconut-tree-disease,Dataset/Coconut Tree Disease Dataset/Leaf Rot/LeafRot640.jpg
lf2_foliar,LeafRot641,2_foliar_disease,1,,,coconut-tree-disease,Dataset/Coconut Tree Disease Dataset/Leaf Rot/LeafRot641.jpg
lf2_foliar,LeafRot642,2_foliar_disease,1,,,coconut-tree-disease,Dataset/Coconut Tree Disease Dataset/Leaf Rot/LeafRot642.jpg
lf2_foliar,LeafRot643,2_foliar_disease,1,,,coconut-tree-disease,Dataset/Coconut Tree Disease Dataset/Leaf Rot/LeafRot643.jpg
lf2_foliar,LeafRot644,2_foliar_disease,1,,,coconut-tree-disease,Dataset/Coconut Tree Disease Dataset/Leaf Rot/LeafRot644.jpg
lf2_foliar,LeafRot645,2_foliar_disease,1,,,coconut-tree-disease,Dataset/Coconut Tree Disease Dataset/Leaf Rot/LeafRot645.jpg
lf2_foliar,LeafRot646,2_foliar_disease,1,,,coconut-tree-disease,Dataset/Coconut Tree Disease Dataset/Leaf Rot/LeafRot646.jpg
lf2_foliar,LeafRot647,2_foliar_disease,1,,,coconut-tree-disease,Dataset/Coconut Tree Disease Dataset/Leaf Rot/LeafRot647.jpg
lf2_foliar,LeafRot648,2_foliar_disease,1,,,coconut-tree-disease,Dataset/Coconut Tree Disease Dataset/Leaf Rot/LeafRot648.jpg
lf2_foliar,LeafRot649,2_foliar_disease,1,,,coconut-tree-disease,Dataset/Coconut Tree Disease Dataset/Leaf Rot/LeafRot649.jpg
lf2_foliar,LeafRot650,2_foliar_disease,1,,,coconut-tree-disease,Dataset/Coconut Tree Disease Dataset/Leaf Rot/LeafRot650.jpg
lf2_foliar,LeafRot651,2_foliar_disease,1,,,coconut-tree-disease,Dataset/Coconut Tree Disease Dataset/Leaf Rot/LeafRot651.jpg
lf2_foliar,LeafRot652,2_foliar_disease,1,,,coconut-tree-disease,Dataset/Coconut Tree Disease Dataset/Leaf Rot/LeafRot652.jpg
lf2_foliar,LeafRot653,2_foliar_disease,1,,,coconut-tree-disease,Dataset/Coconut Tree Disease Dataset/Leaf Rot/LeafRot653.jpg
lf2_foliar,LeafRot654,2_foliar_disease,1,,,coconut-tree-disease,Dataset/Coconut Tree Disease Dataset/Leaf Rot/LeafRot654.jpg
lf2_foliar,LeafRot655,2_foliar_disease,1,,,coconut-tree-disease,Dataset/Coconut Tree Disease Dataset/Leaf Rot/LeafRot655.jpg
lf2_foliar,LeafRot656,2_foliar_disease,1,,,coconut-tree-disease,Dataset/Coconut Tree Disease Dataset/Leaf Rot/LeafRot656.jpg
lf2_foliar,LeafRot657,2_foliar_disease,1,,,coconut-tree-disease,Dataset/Coconut Tree Disease Dataset/Leaf Rot/LeafRot657.jpg
lf2_foliar,LeafRot658,2_foliar_disease,1,,,coconut-tree-disease,Dataset/Coconut Tree Disease Dataset/Leaf Rot/LeafRot658.jpg
lf2_foliar,LeafRot659,2_foliar_disease,1,,,coconut-tree-disease,Dataset/Coconut Tree Disease Dataset/Leaf Rot/LeafRot659.jpg
lf2_foliar,LeafRot660,2_foliar_disease,1,,,coconut-tree-disease,Dataset/Coconut Tree Disease Dataset/Leaf Rot/LeafRot660.jpg
lf2_foliar,LeafRot661,2_foliar_disease,1,,,coconut-tree-disease,Dataset/Coconut Tree Disease Dataset/Leaf Rot/LeafRot661.jpg
lf2_foliar,LeafRot662,2_foliar_disease,1,,,coconut-tree-disease,Dataset/Coconut Tree Disease Dataset/Leaf Rot/LeafRot662.jpg
lf2_foliar,LeafRot663,2_foliar_disease,1,,,coconut-tree-disease,Dataset/Coconut Tree Disease Dataset/Leaf Rot/LeafRot663.jpg
lf2_foliar,LeafRot664,2_foliar_disease,1,,,coconut-tree-disease,Dataset/Coconut Tree Disease Dataset/Leaf Rot/LeafRot664.jpg
lf2_foliar,LeafRot665,2_foliar_disease,1,,,coconut-tree-disease,Dataset/Coconut Tree Disease Dataset/Leaf Rot/LeafRot665.jpg
lf2_foliar,LeafRot666,2_foliar_disease,1,,,coconut-tree-disease,Dataset/Coconut Tree Disease Dataset/Leaf Rot/LeafRot666.jpg
lf2_foliar,LeafRot667,2_foliar_disease,1,,,coconut-tree-disease,Dataset/Coconut Tree Disease Dataset/Leaf Rot/LeafRot667.jpg
lf2_foliar,LeafRot668,2_foliar_disease,1,,,coconut-tree-disease,Dataset/Coconut Tree Disease Dataset/Leaf Rot/LeafRot668.jpg
lf2_foliar,LeafRot669,2_foliar_disease,1,,,coconut-tree-disease,Dataset/Coconut Tree Disease Dataset/Leaf Rot/LeafRot669.jpg
lf2_foliar,LeafRot670,2_foliar_disease,1,,,coconut-tree-disease,Dataset/Coconut Tree Disease Dataset/Leaf Rot/LeafRot670.jpg
lf2_foliar,LeafRot671,2_foliar_disease,1,,,coconut-tree-disease,Dataset/Coconut Tree Disease Dataset/Leaf Rot/LeafRot671.jpg
lf2_foliar,LeafRot672,2_foliar_disease,1,,,coconut-tree-disease,Dataset/Coconut Tree Disease Dataset/Leaf Rot/LeafRot672.jpg
lf2_foliar,LeafRot673,2_foliar_disease,1,,,coconut-tree-disease,Dataset/Coconut Tree Disease Dataset/Leaf Rot/LeafRot673.jpg
lf2_foliar,LeafRot674,2_foliar_disease,1,,,coconut-tree-disease,Dataset/Coconut Tree Disease Dataset/Leaf Rot/LeafRot674.jpg
lf2_foliar,LeafRot675,2_foliar_disease,1,,,coconut-tree-disease,Dataset/Coconut Tree Disease Dataset/Leaf Rot/LeafRot675.jpg
lf2_foliar,LeafRot676,2_foliar_disease,1,,,coconut-tree-disease,Dataset/Coconut Tree Disease Dataset/Leaf Rot/LeafRot676.jpg
lf2_foliar,LeafRot677,2_foliar_disease,1,,,coconut-tree-disease,Dataset/Coconut Tree Disease Dataset/Leaf Rot/LeafRot677.jpg
lf2_foliar,LeafRot678,2_foliar_disease,1,,,coconut-tree-disease,Dataset/Coconut Tree Disease Dataset/Leaf Rot/LeafRot678.jpg
lf2_foliar,LeafRot679,2_foliar_disease,1,,,coconut-tree-disease,Dataset/Coconut Tree Disease Dataset/Leaf Rot/LeafRot679.jpg
lf2_foliar,LeafRot680,2_foliar_disease,1,,,coconut-tree-disease,Dataset/Coconut Tree Disease Dataset/Leaf Rot/LeafRot680.jpg
lf2_foliar,LeafRot681,2_foliar_disease,1,,,coconut-tree-disease,Dataset/Coconut Tree Disease Dataset/Leaf Rot/LeafRot681.jpg
lf2_foliar,LeafRot682,2_foliar_disease,1,,,coconut-tree-disease,Dataset/Coconut Tree Disease Dataset/Leaf Rot/LeafRot682.jpg
lf2_foliar,LeafRot683,2_foliar_disease,1,,,coconut-tree-disease,Dataset/Coconut Tree Disease Dataset/Leaf Rot/LeafRot683.jpg
lf2_foliar,LeafRot684,2_foliar_disease,1,,,coconut-tree-disease,Dataset/Coconut Tree Disease Dataset/Leaf Rot/LeafRot684.jpg
lf2_foliar,LeafRot685,2_foliar_disease,1,,,coconut-tree-disease,Dataset/Coconut Tree Disease Dataset/Leaf Rot/LeafRot685.jpg
lf2_foliar,LeafRot686,2_foliar_disease,1,,,coconut-tree-disease,Dataset/Coconut Tree Disease Dataset/Leaf Rot/LeafRot686.jpg
lf2_foliar,LeafRot687,2_foliar_disease,1,,,coconut-tree-disease,Dataset/Coconut Tree Disease Dataset/Leaf Rot/LeafRot687.jpg
lf2_foliar,LeafRot688,2_foliar_disease,1,,,coconut-tree-disease,Dataset/Coconut Tree Disease Dataset/Leaf Rot/LeafRot688.jpg
lf2_foliar,LeafRot689,2_foliar_disease,1,,,coconut-tree-disease,Dataset/Coconut Tree Disease Dataset/Leaf Rot/LeafRot689.jpg
lf2_foliar,LeafRot690,2_foliar_disease,1,,,coconut-tree-disease,Dataset/Coconut Tree Disease Dataset/Leaf Rot/LeafRot690.jpg
lf2_foliar,LeafRot691,2_foliar_disease,1,,,coconut-tree-disease,Dataset/Coconut Tree Disease Dataset/Leaf Rot/LeafRot691.jpg
lf2_foliar,LeafRot692,2_foliar_disease,1,,,coconut-tree-disease,Dataset/Coconut Tree Disease Dataset/Leaf Rot/LeafRot692.jpg
lf2_foliar,LeafRot693,2_foliar_disease,1,,,coconut-tree-disease,Dataset/Coconut Tree Disease Dataset/Leaf Rot/LeafRot693.jpg
lf2_foliar,LeafRot694,2_foliar_disease,1,,,coconut-tree-disease,Dataset/Coconut Tree Disease Dataset/Leaf Rot/LeafRot694.jpg
lf2_foliar,LeafRot695,2_foliar_disease,1,,,coconut-tree-disease,Dataset/Coconut Tree Disease Dataset/Leaf Rot/LeafRot695.jpg
lf2_foliar,LeafRot696,2_foliar_disease,1,,,coconut-tree-disease,Dataset/Coconut Tree Disease Dataset/Leaf Rot/LeafRot696.jpg
lf2_foliar,LeafRot697,2_foliar_disease,1,,,coconut-tree-disease,Dataset/Coconut Tree Disease Dataset/Leaf Rot/LeafRot697.jpg
lf2_foliar,LeafRot698,2_foliar_disease,1,,,coconut-tree-disease,Dataset/Coconut Tree Disease Dataset/Leaf Rot/LeafRot698.jpg
lf2_foliar,LeafRot699,2_foliar_disease,1,,,coconut-tree-disease,Dataset/Coconut Tree Disease Dataset/Leaf Rot/LeafRot699.jpg
lf2_foliar,LeafRot700,2_foliar_disease,1,,,coconut-tree-disease,Dataset/Coconut Tree Disease Dataset/Leaf Rot/LeafRot700.jpg
lf2_foliar,LeafRot701,2_foliar_disease,1,,,coconut-tree-disease,Dataset/Coconut Tree Disease Dataset/Leaf Rot/LeafRot701.jpg
lf2_foliar,LeafRot702,2_foliar_disease,1,,,coconut-tree-disease,Dataset/Coconut Tree Disease Dataset/Leaf Rot/LeafRot702.jpg
lf2_foliar,LeafRot703,2_foliar_disease,1,,,coconut-tree-disease,Dataset/Coconut Tree Disease Dataset/Leaf Rot/LeafRot703.jpg
lf2_foliar,LeafRot704,2_foliar_disease,1,,,coconut-tree-disease,Dataset/Coconut Tree Disease Dataset/Leaf Rot/LeafRot704.jpg
lf2_foliar,LeafRot705,2_foliar_disease,1,,,coconut-tree-disease,Dataset/Coconut Tree Disease Dataset/Leaf Rot/LeafRot705.jpg
lf2_foliar,LeafRot706,2_foliar_disease,1,,,coconut-tree-disease,Dataset/Coconut Tree Disease Dataset/Leaf Rot/LeafRot706.jpg
lf2_foliar,LeafRot707,2_foliar_disease,1,,,coconut-tree-disease,Dataset/Coconut Tree Disease Dataset/Leaf Rot/LeafRot707.jpg
lf2_foliar,LeafRot708,2_foliar_disease,1,,,coconut-tree-disease,Dataset/Coconut Tree Disease Dataset/Leaf Rot/LeafRot708.jpg
lf2_foliar,LeafRot709,2_foliar_disease,1,,,coconut-tree-disease,Dataset/Coconut Tree Disease Dataset/Leaf Rot/LeafRot709.jpg
lf2_foliar,LeafRot710,2_foliar_disease,1,,,coconut-tree-disease,Dataset/Coconut Tree Disease Dataset/Leaf Rot/LeafRot710.jpg
lf2_foliar,LeafRot711,2_foliar_disease,1,,,coconut-tree-disease,Dataset/Coconut Tree Disease Dataset/Leaf Rot/LeafRot711.jpg
lf2_foliar,LeafRot712,2_foliar_disease,1,,,coconut-tree-disease,Dataset/Coconut Tree Disease Dataset/Leaf Rot/LeafRot712.jpg
lf2_foliar,LeafRot713,2_foliar_disease,1,,,coconut-tree-disease,Dataset/Coconut Tree Disease Dataset/Leaf Rot/LeafRot713.jpg
lf2_foliar,LeafRot714,2_foliar_disease,1,,,coconut-tree-disease,Dataset/Coconut Tree Disease Dataset/Leaf Rot/LeafRot714.jpg
lf2_foliar,LeafRot715,2_foliar_disease,1,,,coconut-tree-disease,Dataset/Coconut Tree Disease Dataset/Leaf Rot/LeafRot715.jpg
lf2_foliar,LeafRot716,2_foliar_disease,1,,,coconut-tree-disease,Dataset/Coconut Tree Disease Dataset/Leaf Rot/LeafRot716.jpg
lf2_foliar,LeafRot717,2_foliar_disease,1,,,coconut-tree-disease,Dataset/Coconut Tree Disease Dataset/Leaf Rot/LeafRot717.jpg
lf2_foliar,LeafRot718,2_foliar_disease,1,,,coconut-tree-disease,Dataset/Coconut Tree Disease Dataset/Leaf Rot/LeafRot718.jpg
lf2_foliar,LeafRot719,2_foliar_disease,1,,,coconut-tree-disease,Dataset/Coconut Tree Disease Dataset/Leaf Rot/LeafRot719.jpg
lf2_foliar,LeafRot720,2_foliar_disease,1,,,coconut-tree-disease,Dataset/Coconut Tree Disease Dataset/Leaf Rot/LeafRot720.jpg
lf2_foliar,LeafRot721,2_foliar_disease,1,,,coconut-tree-disease,Dataset/Coconut Tree Disease Dataset/Leaf Rot/LeafRot721.jpg
lf2_foliar,LeafRot722,2_foliar_disease,1,,,coconut-tree-disease,Dataset/Coconut Tree Disease Dataset/Leaf Rot/LeafRot722.jpg
lf2_foliar,LeafRot723,2_foliar_disease,1,,,coconut-tree-disease,Dataset/Coconut Tree Disease Dataset/Leaf Rot/LeafRot723.jpg
lf2_foliar,LeafRot724,2_foliar_disease,1,,,coconut-tree-disease,Dataset/Coconut Tree Disease Dataset/Leaf Rot/LeafRot724.jpg
lf2_foliar,LeafRot725,2_foliar_disease,1,,,coconut-tree-disease,Dataset/Coconut Tree Disease Dataset/Leaf Rot/LeafRot725.jpg
lf2_foliar,LeafRot726,2_foliar_disease,1,,,coconut-tree-disease,Dataset/Coconut Tree Disease Dataset/Leaf Rot/LeafRot726.jpg
lf2_foliar,LeafRot727,2_foliar_disease,1,,,coconut-tree-disease,Dataset/Coconut Tree Disease Dataset/Leaf Rot/LeafRot727.jpg
lf2_foliar,LeafRot728,2_foliar_disease,1,,,coconut-tree-disease,Dataset/Coconut Tree Disease Dataset/Leaf Rot/LeafRot728.jpg
lf2_foliar,LeafRot729,2_foliar_disease,1,,,coconut-tree-disease,Dataset/Coconut Tree Disease Dataset/Leaf Rot/LeafRot729.jpg
lf2_foliar,LeafRot730,2_foliar_disease,1,,,coconut-tree-disease,Dataset/Coconut Tree Disease Dataset/Leaf Rot/LeafRot730.jpg
lf2_foliar,LeafRot731,2_foliar_disease,1,,,coconut-tree-disease,Dataset/Coconut Tree Disease Dataset/Leaf Rot/LeafRot731.jpg
lf2_foliar,LeafRot732,2_foliar_disease,1,,,coconut-tree-disease,Dataset/Coconut Tree Disease Dataset/Leaf Rot/LeafRot732.jpg
lf2_foliar,LeafRot733,2_foliar_disease,1,,,coconut-tree-disease,Dataset/Coconut Tree Disease Dataset/Leaf Rot/LeafRot733.jpg
lf2_foliar,LeafRot734,2_foliar_disease,1,,,coconut-tree-disease,Dataset/Coconut Tree Disease Dataset/Leaf Rot/LeafRot734.jpg
lf2_foliar,LeafRot735,2_foliar_disease,1,,,coconut-tree-disease,Dataset/Coconut Tree Disease Dataset/Leaf Rot/LeafRot735.jpg
lf2_foliar,LeafRot736,2_foliar_disease,1,,,coconut-tree-disease,Dataset/Coconut Tree Disease Dataset/Leaf Rot/LeafRot736.jpg
lf2_foliar,LeafRot737,2_foliar_disease,1,,,coconut-tree-disease,Dataset/Coconut Tree Disease Dataset/Leaf Rot/LeafRot737.jpg
lf2_foliar,LeafRot738,2_foliar_disease,1,,,coconut-tree-disease,Dataset/Coconut Tree Disease Dataset/Leaf Rot/LeafRot738.jpg
lf2_foliar,LeafRot739,2_foliar_disease,1,,,coconut-tree-disease,Dataset/Coconut Tree Disease Dataset/Leaf Rot/LeafRot739.jpg
lf2_foliar,LeafRot740,2_foliar_disease,1,,,coconut-tree-disease,Dataset/Coconut Tree Disease Dataset/Leaf Rot/LeafRot740.jpg
lf2_foliar,LeafRot741,2_foliar_disease,1,,,coconut-tree-disease,Dataset/Coconut Tree Disease Dataset/Leaf Rot/LeafRot741.jpg
lf2_foliar,LeafRot742,2_foliar_disease,1,,,coconut-tree-disease,Dataset/Coconut Tree Disease Dataset/Leaf Rot/LeafRot742.jpg
lf2_foliar,LeafRot743,2_foliar_disease,1,,,coconut-tree-disease,Dataset/Coconut Tree Disease Dataset/Leaf Rot/LeafRot743.jpg
lf2_foliar,LeafRot744,2_foliar_disease,1,,,coconut-tree-disease,Dataset/Coconut Tree Disease Dataset/Leaf Rot/LeafRot744.jpg
lf2_foliar,LeafRot745,2_foliar_disease,1,,,coconut-tree-disease,Dataset/Coconut Tree Disease Dataset/Leaf Rot/LeafRot745.jpg
lf2_foliar,LeafRot746,2_foliar_disease,1,,,coconut-tree-disease,Dataset/Coconut Tree Disease Dataset/Leaf Rot/LeafRot746.jpg
lf2_foliar,LeafRot747,2_foliar_disease,1,,,coconut-tree-disease,Dataset/Coconut Tree Disease Dataset/Leaf Rot/LeafRot747.jpg
lf2_foliar,LeafRot748,2_foliar_disease,1,,,coconut-tree-disease,Dataset/Coconut Tree Disease Dataset/Leaf Rot/LeafRot748.jpg
lf2_foliar,LeafRot749,2_foliar_disease,1,,,coconut-tree-disease,Dataset/Coconut Tree Disease Dataset/Leaf Rot/LeafRot749.jpg
lf2_foliar,LeafRot750,2_foliar_disease,1,,,coconut-tree-disease,Dataset/Coconut Tree Disease Dataset/Leaf Rot/LeafRot750.jpg
lf2_foliar,LeafRot751,2_foliar_disease,1,,,coconut-tree-disease,Dataset/Coconut Tree Disease Dataset/Leaf Rot/LeafRot751.jpg
lf2_foliar,LeafRot752,2_foliar_disease,1,,,coconut-tree-disease,Dataset/Coconut Tree Disease Dataset/Leaf Rot/LeafRot752.jpg
lf2_foliar,LeafRot753,2_foliar_disease,1,,,coconut-tree-disease,Dataset/Coconut Tree Disease Dataset/Leaf Rot/LeafRot753.jpg
lf2_foliar,LeafRot754,2_foliar_disease,1,,,coconut-tree-disease,Dataset/Coconut Tree Disease Dataset/Leaf Rot/LeafRot754.jpg
lf2_foliar,LeafRot755,2_foliar_disease,1,,,coconut-tree-disease,Dataset/Coconut Tree Disease Dataset/Leaf Rot/LeafRot755.jpg
lf2_foliar,LeafRot756,2_foliar_disease,1,,,coconut-tree-disease,Dataset/Coconut Tree Disease Dataset/Leaf Rot/LeafRot756.jpg
lf2_foliar,LeafRot757,2_foliar_disease,1,,,coconut-tree-disease,Dataset/Coconut Tree Disease Dataset/Leaf Rot/LeafRot757.jpg
lf2_foliar,LeafRot758,2_foliar_disease,1,,,coconut-tree-disease,Dataset/Coconut Tree Disease Dataset/Leaf Rot/LeafRot758.jpg
lf2_foliar,LeafRot759,2_foliar_disease,1,,,coconut-tree-disease,Dataset/Coconut Tree Disease Dataset/Leaf Rot/LeafRot759.jpg
lf2_foliar,LeafRot760,2_foliar_disease,1,,,coconut-tree-disease,Dataset/Coconut Tree Disease Dataset/Leaf Rot/LeafRot760.jpg
lf2_foliar,LeafRot761,2_foliar_disease,1,,,coconut-tree-disease,Dataset/Coconut Tree Disease Dataset/Leaf Rot/LeafRot761.jpg
lf2_foliar,LeafRot762,2_foliar_disease,1,,,coconut-tree-disease,Dataset/Coconut Tree Disease Dataset/Leaf Rot/LeafRot762.jpg
lf2_foliar,LeafRot763,2_foliar_disease,1,,,coconut-tree-disease,Dataset/Coconut Tree Disease Dataset/Leaf Rot/LeafRot763.jpg
lf2_foliar,LeafRot764,2_foliar_disease,1,,,coconut-tree-disease,Dataset/Coconut Tree Disease Dataset/Leaf Rot/LeafRot764.jpg
lf2_foliar,LeafRot765,2_foliar_disease,1,,,coconut-tree-disease,Dataset/Coconut Tree Disease Dataset/Leaf Rot/LeafRot765.jpg
lf2_foliar,LeafRot766,2_foliar_disease,1,,,coconut-tree-disease,Dataset/Coconut Tree Disease Dataset/Leaf Rot/LeafRot766.jpg
lf2_foliar,LeafRot767,2_foliar_disease,1,,,coconut-tree-disease,Dataset/Coconut Tree Disease Dataset/Leaf Rot/LeafRot767.jpg
lf2_foliar,LeafRot768,2_foliar_disease,1,,,coconut-tree-disease,Dataset/Coconut Tree Disease Dataset/Leaf Rot/LeafRot768.jpg
lf2_foliar,LeafRot769,2_foliar_disease,1,,,coconut-tree-disease,Dataset/Coconut Tree Disease Dataset/Leaf Rot/LeafRot769.jpg
lf2_foliar,LeafRot770,2_foliar_disease,1,,,coconut-tree-disease,Dataset/Coconut Tree Disease Dataset/Leaf Rot/LeafRot770.jpg
lf2_foliar,LeafRot771,2_foliar_disease,1,,,coconut-tree-disease,Dataset/Coconut Tree Disease Dataset/Leaf Rot/LeafRot771.jpg
lf2_foliar,LeafRot772,2_foliar_disease,1,,,coconut-tree-disease,Dataset/Coconut Tree Disease Dataset/Leaf Rot/LeafRot772.jpg
lf2_foliar,LeafRot773,2_foliar_disease,1,,,coconut-tree-disease,Dataset/Coconut Tree Disease Dataset/Leaf Rot/LeafRot773.jpg
lf2_foliar,LeafRot774,2_foliar_disease,1,,,coconut-tree-disease,Dataset/Coconut Tree Disease Dataset/Leaf Rot/LeafRot774.jpg
lf2_foliar,LeafRot775,2_foliar_disease,1,,,coconut-tree-disease,Dataset/Coconut Tree Disease Dataset/Leaf Rot/LeafRot775.jpg
lf2_foliar,LeafRot776,2_foliar_disease,1,,,coconut-tree-disease,Dataset/Coconut Tree Disease Dataset/Leaf Rot/LeafRot776.jpg
lf2_foliar,LeafRot777,2_foliar_disease,1,,,coconut-tree-disease,Dataset/Coconut Tree Disease Dataset/Leaf Rot/LeafRot777.jpg
lf2_foliar,LeafRot778,2_foliar_disease,1,,,coconut-tree-disease,Dataset/Coconut Tree Disease Dataset/Leaf Rot/LeafRot778.jpg
lf2_foliar,LeafRot779,2_foliar_disease,1,,,coconut-tree-disease,Dataset/Coconut Tree Disease Dataset/Leaf Rot/LeafRot779.jpg
lf2_foliar,LeafRot780,2_foliar_disease,1,,,coconut-tree-disease,Dataset/Coconut Tree Disease Dataset/Leaf Rot/LeafRot780.jpg
lf2_foliar,LeafRot781,2_foliar_disease,1,,,coconut-tree-disease,Dataset/Coconut Tree Disease Dataset/Leaf Rot/LeafRot781.jpg
lf2_foliar,LeafRot782,2_foliar_disease,1,,,coconut-tree-disease,Dataset/Coconut Tree Disease Dataset/Leaf Rot/LeafRot782.jpg
lf2_foliar,LeafRot783,2_foliar_disease,1,,,coconut-tree-disease,Dataset/Coconut Tree Disease Dataset/Leaf Rot/LeafRot783.jpg
lf2_foliar,LeafRot784,2_foliar_disease,1,,,coconut-tree-disease,Dataset/Coconut Tree Disease Dataset/Leaf Rot/LeafRot784.jpg
lf2_foliar,LeafRot785,2_foliar_disease,1,,,coconut-tree-disease,Dataset/Coconut Tree Disease Dataset/Leaf Rot/LeafRot785.jpg
lf2_foliar,LeafRot786,2_foliar_disease,1,,,coconut-tree-disease,Dataset/Coconut Tree Disease Dataset/Leaf Rot/LeafRot786.jpg
lf2_foliar,LeafRot787,2_foliar_disease,1,,,coconut-tree-disease,Dataset/Coconut Tree Disease Dataset/Leaf Rot/LeafRot787.jpg
lf2_foliar,LeafRot788,2_foliar_disease,1,,,coconut-tree-disease,Dataset/Coconut Tree Disease Dataset/Leaf Rot/LeafRot788.jpg
lf2_foliar,LeafRot789,2_foliar_disease,1,,,coconut-tree-disease,Dataset/Coconut Tree Disease Dataset/Leaf Rot/LeafRot789.jpg
lf2_foliar,LeafRot790,2_foliar_disease,1,,,coconut-tree-disease,Dataset/Coconut Tree Disease Dataset/Leaf Rot/LeafRot790.jpg
lf2_foliar,LeafRot791,2_foliar_disease,1,,,coconut-tree-disease,Dataset/Coconut Tree Disease Dataset/Leaf Rot/LeafRot791.jpg
lf2_foliar,LeafRot792,2_foliar_disease,1,,,coconut-tree-disease,Dataset/Coconut Tree Disease Dataset/Leaf Rot/LeafRot792.jpg
lf2_foliar,LeafRot793,2_foliar_disease,1,,,coconut-tree-disease,Dataset/Coconut Tree Disease Dataset/Leaf Rot/LeafRot793.jpg
lf2_foliar,LeafRot794,2_foliar_disease,1,,,coconut-tree-disease,Dataset/Coconut Tree Disease Dataset/Leaf Rot/LeafRot794.jpg
lf2_foliar,LeafRot795,2_foliar_disease,1,,,coconut-tree-disease,Dataset/Coconut Tree Disease Dataset/Leaf Rot/LeafRot795.jpg
lf2_foliar,LeafRot796,2_foliar_disease,1,,,coconut-tree-disease,Dataset/Coconut Tree Disease Dataset/Leaf Rot/LeafRot796.jpg
lf2_foliar,LeafRot797,2_foliar_disease,1,,,coconut-tree-disease,Dataset/Coconut Tree Disease Dataset/Leaf Rot/LeafRot797.jpg
lf2_foliar,LeafRot798,2_foliar_disease,1,,,coconut-tree-disease,Dataset/Coconut Tree Disease Dataset/Leaf Rot/LeafRot798.jpg
lf2_foliar,LeafRot799,2_foliar_disease,1,,,coconut-tree-disease,Dataset/Coconut Tree Disease Dataset/Leaf Rot/LeafRot799.jpg
lf2_foliar,LeafRot800,2_foliar_disease,1,,,coconut-tree-disease,Dataset/Coconut Tree Disease Dataset/Leaf Rot/LeafRot800.jpg
lf2_foliar,LeafRot801,2_foliar_disease,1,,,coconut-tree-disease,Dataset/Coconut Tree Disease Dataset/Leaf Rot/LeafRot801.jpg
lf2_foliar,LeafRot802,2_foliar_disease,1,,,coconut-tree-disease,Dataset/Coconut Tree Disease Dataset/Leaf Rot/LeafRot802.jpg
lf2_foliar,LeafRot803,2_foliar_disease,1,,,coconut-tree-disease,Dataset/Coconut Tree Disease Dataset/Leaf Rot/LeafRot803.jpg
lf2_foliar,LeafRot804,2_foliar_disease,1,,,coconut-tree-disease,Dataset/Coconut Tree Disease Dataset/Leaf Rot/LeafRot804.jpg
lf2_foliar,LeafRot805,2_foliar_disease,1,,,coconut-tree-disease,Dataset/Coconut Tree Disease Dataset/Leaf Rot/LeafRot805.jpg
lf2_foliar,LeafRot806,2_foliar_disease,1,,,coconut-tree-disease,Dataset/Coconut Tree Disease Dataset/Leaf Rot/LeafRot806.jpg
lf2_foliar,LeafRot807,2_foliar_disease,1,,,coconut-tree-disease,Dataset/Coconut Tree Disease Dataset/Leaf Rot/LeafRot807.jpg
lf2_foliar,LeafRot808,2_foliar_disease,1,,,coconut-tree-disease,Dataset/Coconut Tree Disease Dataset/Leaf Rot/LeafRot808.jpg
lf2_foliar,LeafRot809,2_foliar_disease,1,,,coconut-tree-disease,Dataset/Coconut Tree Disease Dataset/Leaf Rot/LeafRot809.jpg
lf2_foliar,LeafRot810,2_foliar_disease,1,,,coconut-tree-disease,Dataset/Coconut Tree Disease Dataset/Leaf Rot/LeafRot810.jpg
lf2_foliar,LeafRot811,2_foliar_disease,1,,,coconut-tree-disease,Dataset/Coconut Tree Disease Dataset/Leaf Rot/LeafRot811.jpg
lf2_foliar,LeafRot812,2_foliar_disease,1,,,coconut-tree-disease,Dataset/Coconut Tree Disease Dataset/Leaf Rot/LeafRot812.jpg
lf2_foliar,LeafRot813,2_foliar_disease,1,,,coconut-tree-disease,Dataset/Coconut Tree Disease Dataset/Leaf Rot/LeafRot813.jpg
lf2_foliar,LeafRot814,2_foliar_disease,1,,,coconut-tree-disease,Dataset/Coconut Tree Disease Dataset/Leaf Rot/LeafRot814.jpg
lf2_foliar,LeafRot815,2_foliar_disease,1,,,coconut-tree-disease,Dataset/Coconut Tree Disease Dataset/Leaf Rot/LeafRot815.jpg
lf2_foliar,LeafRot816,2_foliar_disease,1,,,coconut-tree-disease,Dataset/Coconut Tree Disease Dataset/Leaf Rot/LeafRot816.jpg
lf2_foliar,LeafRot817,2_foliar_disease,1,,,coconut-tree-disease,Dataset/Coconut Tree Disease Dataset/Leaf Rot/LeafRot817.jpg
lf2_foliar,LeafRot818,2_foliar_disease,1,,,coconut-tree-disease,Dataset/Coconut Tree Disease Dataset/Leaf Rot/LeafRot818.jpg
lf2_foliar,LeafRot819,2_foliar_disease,1,,,coconut-tree-disease,Dataset/Coconut Tree Disease Dataset/Leaf Rot/LeafRot819.jpg
lf2_foliar,LeafRot820,2_foliar_disease,1,,,coconut-tree-disease,Dataset/Coconut Tree Disease Dataset/Leaf Rot/LeafRot820.jpg
lf2_foliar,LeafRot821,2_foliar_disease,1,,,coconut-tree-disease,Dataset/Coconut Tree Disease Dataset/Leaf Rot/LeafRot821.jpg
lf2_foliar,LeafRot822,2_foliar_disease,1,,,coconut-tree-disease,Dataset/Coconut Tree Disease Dataset/Leaf Rot/LeafRot822.jpg
lf2_foliar,LeafRot823,2_foliar_disease,1,,,coconut-tree-disease,Dataset/Coconut Tree Disease Dataset/Leaf Rot/LeafRot823.jpg
lf2_foliar,LeafRot824,2_foliar_disease,1,,,coconut-tree-disease,Dataset/Coconut Tree Disease Dataset/Leaf Rot/LeafRot824.jpg
lf2_foliar,LeafRot825,2_foliar_disease,1,,,coconut-tree-disease,Dataset/Coconut Tree Disease Dataset/Leaf Rot/LeafRot825.jpg
lf2_foliar,LeafRot826,2_foliar_disease,1,,,coconut-tree-disease,Dataset/Coconut Tree Disease Dataset/Leaf Rot/LeafRot826.jpg
lf2_foliar,LeafRot827,2_foliar_disease,1,,,coconut-tree-disease,Dataset/Coconut Tree Disease Dataset/Leaf Rot/LeafRot827.jpg
lf2_foliar,LeafRot828,2_foliar_disease,1,,,coconut-tree-disease,Dataset/Coconut Tree Disease Dataset/Leaf Rot/LeafRot828.jpg
lf2_foliar,LeafRot829,2_foliar_disease,1,,,coconut-tree-disease,Dataset/Coconut Tree Disease Dataset/Leaf Rot/LeafRot829.jpg
lf2_foliar,LeafRot830,2_foliar_disease,1,,,coconut-tree-disease,Dataset/Coconut Tree Disease Dataset/Leaf Rot/LeafRot830.jpg
lf2_foliar,LeafRot831,2_foliar_disease,1,,,coconut-tree-disease,Dataset/Coconut Tree Disease Dataset/Leaf Rot/LeafRot831.jpg
lf2_foliar,LeafRot832,2_foliar_disease,1,,,coconut-tree-disease,Dataset/Coconut Tree Disease Dataset/Leaf Rot/LeafRot832.jpg
lf2_foliar,LeafRot833,2_foliar_disease,1,,,coconut-tree-disease,Dataset/Coconut Tree Disease Dataset/Leaf Rot/LeafRot833.jpg
lf2_foliar,LeafRot834,2_foliar_disease,1,,,coconut-tree-disease,Dataset/Coconut Tree Disease Dataset/Leaf Rot/LeafRot834.jpg
lf2_foliar,LeafRot835,2_foliar_disease,1,,,coconut-tree-disease,Dataset/Coconut Tree Disease Dataset/Leaf Rot/LeafRot835.jpg
lf2_foliar,LeafRot836,2_foliar_disease,1,,,coconut-tree-disease,Dataset/Coconut Tree Disease Dataset/Leaf Rot/LeafRot836.jpg
lf2_foliar,LeafRot837,2_foliar_disease,1,,,coconut-tree-disease,Dataset/Coconut Tree Disease Dataset/Leaf Rot/LeafRot837.jpg
lf2_foliar,LeafRot838,2_foliar_disease,1,,,coconut-tree-disease,Dataset/Coconut Tree Disease Dataset/Leaf Rot/LeafRot838.jpg
lf2_foliar,LeafRot839,2_foliar_disease,1,,,coconut-tree-disease,Dataset/Coconut Tree Disease Dataset/Leaf Rot/LeafRot839.jpg
lf2_foliar,LeafRot840,2_foliar_disease,1,,,coconut-tree-disease,Dataset/Coconut Tree Disease Dataset/Leaf Rot/LeafRot840.jpg
lf2_foliar,LeafRot841,2_foliar_disease,1,,,coconut-tree-disease,Dataset/Coconut Tree Disease Dataset/Leaf Rot/LeafRot841.jpg
lf2_foliar,LeafRot842,2_foliar_disease,1,,,coconut-tree-disease,Dataset/Coconut Tree Disease Dataset/Leaf Rot/LeafRot842.jpg
lf2_foliar,LeafRot843,2_foliar_disease,1,,,coconut-tree-disease,Dataset/Coconut Tree Disease Dataset/Leaf Rot/LeafRot843.jpg
lf2_foliar,LeafRot844,2_foliar_disease,1,,,coconut-tree-disease,Dataset/Coconut Tree Disease Dataset/Leaf Rot/LeafRot844.jpg
lf2_foliar,LeafRot845,2_foliar_disease,1,,,coconut-tree-disease,Dataset/Coconut Tree Disease Dataset/Leaf Rot/LeafRot845.jpg
lf2_foliar,LeafRot846,2_foliar_disease,1,,,coconut-tree-disease,Dataset/Coconut Tree Disease Dataset/Leaf Rot/LeafRot846.jpg
lf2_foliar,LeafRot847,2_foliar_disease,1,,,coconut-tree-disease,Dataset/Coconut Tree Disease Dataset/Leaf Rot/LeafRot847.jpg
lf2_foliar,LeafRot848,2_foliar_disease,1,,,coconut-tree-disease,Dataset/Coconut Tree Disease Dataset/Leaf Rot/LeafRot848.jpg
lf2_foliar,LeafRot849,2_foliar_disease,1,,,coconut-tree-disease,Dataset/Coconut Tree Disease Dataset/Leaf Rot/LeafRot849.jpg
lf2_foliar,LeafRot850,2_foliar_disease,1,,,coconut-tree-disease,Dataset/Coconut Tree Disease Dataset/Leaf Rot/LeafRot850.jpg
lf2_foliar,LeafRot851,2_foliar_disease,1,,,coconut-tree-disease,Dataset/Coconut Tree Disease Dataset/Leaf Rot/LeafRot851.jpg
lf2_foliar,LeafRot852,2_foliar_disease,1,,,coconut-tree-disease,Dataset/Coconut Tree Disease Dataset/Leaf Rot/LeafRot852.jpg
lf2_foliar,LeafRot853,2_foliar_disease,1,,,coconut-tree-disease,Dataset/Coconut Tree Disease Dataset/Leaf Rot/LeafRot853.jpg
lf2_foliar,LeafRot854,2_foliar_disease,1,,,coconut-tree-disease,Dataset/Coconut Tree Disease Dataset/Leaf Rot/LeafRot854.jpg
lf2_foliar,LeafRot855,2_foliar_disease,1,,,coconut-tree-disease,Dataset/Coconut Tree Disease Dataset/Leaf Rot/LeafRot855.jpg
lf2_foliar,LeafRot856,2_foliar_disease,1,,,coconut-tree-disease,Dataset/Coconut Tree Disease Dataset/Leaf Rot/LeafRot856.jpg
lf2_foliar,LeafRot857,2_foliar_disease,1,,,coconut-tree-disease,Dataset/Coconut Tree Disease Dataset/Leaf Rot/LeafRot857.jpg
lf2_foliar,LeafRot858,2_foliar_disease,1,,,coconut-tree-disease,Dataset/Coconut Tree Disease Dataset/Leaf Rot/LeafRot858.jpg
lf2_foliar,LeafRot859,2_foliar_disease,1,,,coconut-tree-disease,Dataset/Coconut Tree Disease Dataset/Leaf Rot/LeafRot859.jpg
lf2_foliar,LeafRot860,2_foliar_disease,1,,,coconut-tree-disease,Dataset/Coconut Tree Disease Dataset/Leaf Rot/LeafRot860.jpg
lf2_foliar,LeafRot861,2_foliar_disease,1,,,coconut-tree-disease,Dataset/Coconut Tree Disease Dataset/Leaf Rot/LeafRot861.jpg
lf2_foliar,LeafRot862,2_foliar_disease,1,,,coconut-tree-disease,Dataset/Coconut Tree Disease Dataset/Leaf Rot/LeafRot862.jpg
lf2_foliar,LeafRot863,2_foliar_disease,1,,,coconut-tree-disease,Dataset/Coconut Tree Disease Dataset/Leaf Rot/LeafRot863.jpg
lf2_foliar,LeafRot864,2_foliar_disease,1,,,coconut-tree-disease,Dataset/Coconut Tree Disease Dataset/Leaf Rot/LeafRot864.jpg
lf2_foliar,LeafRot865,2_foliar_disease,1,,,coconut-tree-disease,Dataset/Coconut Tree Disease Dataset/Leaf Rot/LeafRot865.jpg
lf2_foliar,LeafRot866,2_foliar_disease,1,,,coconut-tree-disease,Dataset/Coconut Tree Disease Dataset/Leaf Rot/LeafRot866.jpg
lf2_foliar,LeafRot867,2_foliar_disease,1,,,coconut-tree-disease,Dataset/Coconut Tree Disease Dataset/Leaf Rot/LeafRot867.jpg
lf2_foliar,LeafRot868,2_foliar_disease,1,,,coconut-tree-disease,Dataset/Coconut Tree Disease Dataset/Leaf Rot/LeafRot868.jpg
lf2_foliar,LeafRot869,2_foliar_disease,1,,,coconut-tree-disease,Dataset/Coconut Tree Disease Dataset/Leaf Rot/LeafRot869.jpg
lf2_foliar,LeafRot870,2_foliar_disease,1,,,coconut-tree-disease,Dataset/Coconut Tree Disease Dataset/Leaf Rot/LeafRot870.jpg
lf2_foliar,LeafRot871,2_foliar_disease,1,,,coconut-tree-disease,Dataset/Coconut Tree Disease Dataset/Leaf Rot/LeafRot871.jpg
lf2_foliar,LeafRot872,2_foliar_disease,1,,,coconut-tree-disease,Dataset/Coconut Tree Disease Dataset/Leaf Rot/LeafRot872.jpg
lf2_foliar,LeafRot873,2_foliar_disease,1,,,coconut-tree-disease,Dataset/Coconut Tree Disease Dataset/Leaf Rot/LeafRot873.jpg
lf2_foliar,LeafRot874,2_foliar_disease,1,,,coconut-tree-disease,Dataset/Coconut Tree Disease Dataset/Leaf Rot/LeafRot874.jpg
lf2_foliar,LeafRot875,2_foliar_disease,1,,,coconut-tree-disease,Dataset/Coconut Tree Disease Dataset/Leaf Rot/LeafRot875.jpg
lf2_foliar,LeafRot876,2_foliar_disease,1,,,coconut-tree-disease,Dataset/Coconut Tree Disease Dataset/Leaf Rot/LeafRot876.jpg
lf2_foliar,LeafRot877,2_foliar_disease,1,,,coconut-tree-disease,Dataset/Coconut Tree Disease Dataset/Leaf Rot/LeafRot877.jpg
lf2_foliar,LeafRot878,2_foliar_disease,1,,,coconut-tree-disease,Dataset/Coconut Tree Disease Dataset/Leaf Rot/LeafRot878.jpg
lf2_foliar,LeafRot879,2_foliar_disease,1,,,coconut-tree-disease,Dataset/Coconut Tree Disease Dataset/Leaf Rot/LeafRot879.jpg
lf2_foliar,LeafRot880,2_foliar_disease,1,,,coconut-tree-disease,Dataset/Coconut Tree Disease Dataset/Leaf Rot/LeafRot880.jpg
lf2_foliar,LeafRot881,2_foliar_disease,1,,,coconut-tree-disease,Dataset/Coconut Tree Disease Dataset/Leaf Rot/LeafRot881.jpg
lf2_foliar,LeafRot882,2_foliar_disease,1,,,coconut-tree-disease,Dataset/Coconut Tree Disease Dataset/Leaf Rot/LeafRot882.jpg
lf2_foliar,LeafRot883,2_foliar_disease,1,,,coconut-tree-disease,Dataset/Coconut Tree Disease Dataset/Leaf Rot/LeafRot883.jpg
lf2_foliar,LeafRot884,2_foliar_disease,1,,,coconut-tree-disease,Dataset/Coconut Tree Disease Dataset/Leaf Rot/LeafRot884.jpg
lf2_foliar,LeafRot885,2_foliar_disease,1,,,coconut-tree-disease,Dataset/Coconut Tree Disease Dataset/Leaf Rot/LeafRot885.jpg
lf2_foliar,LeafRot886,2_foliar_disease,1,,,coconut-tree-disease,Dataset/Coconut Tree Disease Dataset/Leaf Rot/LeafRot886.jpg
lf2_foliar,LeafRot887,2_foliar_disease,1,,,coconut-tree-disease,Dataset/Coconut Tree Disease Dataset/Leaf Rot/LeafRot887.jpg
lf2_foliar,LeafRot888,2_foliar_disease,1,,,coconut-tree-disease,Dataset/Coconut Tree Disease Dataset/Leaf Rot/LeafRot888.jpg
lf2_foliar,LeafRot889,2_foliar_disease,1,,,coconut-tree-disease,Dataset/Coconut Tree Disease Dataset/Leaf Rot/LeafRot889.jpg
lf2_foliar,LeafRot890,2_foliar_disease,1,,,coconut-tree-disease,Dataset/Coconut Tree Disease Dataset/Leaf Rot/LeafRot890.jpg
lf2_foliar,LeafRot891,2_foliar_disease,1,,,coconut-tree-disease,Dataset/Coconut Tree Disease Dataset/Leaf Rot/LeafRot891.jpg
lf2_foliar,LeafRot892,2_foliar_disease,1,,,coconut-tree-disease,Dataset/Coconut Tree Disease Dataset/Leaf Rot/LeafRot892.jpg
lf2_foliar,LeafRot893,2_foliar_disease,1,,,coconut-tree-disease,Dataset/Coconut Tree Disease Dataset/Leaf Rot/LeafRot893.jpg
lf2_foliar,LeafRot894,2_foliar_disease,1,,,coconut-tree-disease,Dataset/Coconut Tree Disease Dataset/Leaf Rot/LeafRot894.jpg
lf2_foliar,LeafRot895,2_foliar_disease,1,,,coconut-tree-disease,Dataset/Coconut Tree Disease Dataset/Leaf Rot/LeafRot895.jpg
lf2_foliar,LeafRot896,2_foliar_disease,1,,,coconut-tree-disease,Dataset/Coconut Tree Disease Dataset/Leaf Rot/LeafRot896.jpg
lf2_foliar,LeafRot897,2_foliar_disease,1,,,coconut-tree-disease,Dataset/Coconut Tree Disease Dataset/Leaf Rot/LeafRot897.jpg
lf2_foliar,LeafRot898,2_foliar_disease,1,,,coconut-tree-disease,Dataset/Coconut Tree Disease Dataset/Leaf Rot/LeafRot898.jpg
lf2_foliar,LeafRot899,2_foliar_disease,1,,,coconut-tree-disease,Dataset/Coconut Tree Disease Dataset/Leaf Rot/LeafRot899.jpg
lf2_foliar,LeafRot900,2_foliar_disease,1,,,coconut-tree-disease,Dataset/Coconut Tree Disease Dataset/Leaf Rot/LeafRot900.jpg
lf2_foliar,LeafRot901,2_foliar_disease,1,,,coconut-tree-disease,Dataset/Coconut Tree Disease Dataset/Leaf Rot/LeafRot901.jpg
lf2_foliar,LeafRot902,2_foliar_disease,1,,,coconut-tree-disease,Dataset/Coconut Tree Disease Dataset/Leaf Rot/LeafRot902.jpg
lf2_foliar,LeafRot903,2_foliar_disease,1,,,coconut-tree-disease,Dataset/Coconut Tree Disease Dataset/Leaf Rot/LeafRot903.jpg
lf2_foliar,LeafRot904,2_foliar_disease,1,,,coconut-tree-disease,Dataset/Coconut Tree Disease Dataset/Leaf Rot/LeafRot904.jpg
lf2_foliar,LeafRot905,2_foliar_disease,1,,,coconut-tree-disease,Dataset/Coconut Tree Disease Dataset/Leaf Rot/LeafRot905.jpg
lf2_foliar,LeafRot906,2_foliar_disease,1,,,coconut-tree-disease,Dataset/Coconut Tree Disease Dataset/Leaf Rot/LeafRot906.jpg
lf2_foliar,LeafRot907,2_foliar_disease,1,,,coconut-tree-disease,Dataset/Coconut Tree Disease Dataset/Leaf Rot/LeafRot907.jpg
lf2_foliar,LeafRot908,2_foliar_disease,1,,,coconut-tree-disease,Dataset/Coconut Tree Disease Dataset/Leaf Rot/LeafRot908.jpg
lf2_foliar,LeafRot909,2_foliar_disease,1,,,coconut-tree-disease,Dataset/Coconut Tree Disease Dataset/Leaf Rot/LeafRot909.jpg
lf2_foliar,LeafRot910,2_foliar_disease,1,,,coconut-tree-disease,Dataset/Coconut Tree Disease Dataset/Leaf Rot/LeafRot910.jpg
lf2_foliar,LeafRot911,2_foliar_disease,1,,,coconut-tree-disease,Dataset/Coconut Tree Disease Dataset/Leaf Rot/LeafRot911.jpg
lf2_foliar,LeafRot912,2_foliar_disease,1,,,coconut-tree-disease,Dataset/Coconut Tree Disease Dataset/Leaf Rot/LeafRot912.jpg
lf2_foliar,LeafRot913,2_foliar_disease,1,,,coconut-tree-disease,Dataset/Coconut Tree Disease Dataset/Leaf Rot/LeafRot913.jpg
lf2_foliar,LeafRot914,2_foliar_disease,1,,,coconut-tree-disease,Dataset/Coconut Tree Disease Dataset/Leaf Rot/LeafRot914.jpg
lf2_foliar,LeafRot915,2_foliar_disease,1,,,coconut-tree-disease,Dataset/Coconut Tree Disease Dataset/Leaf Rot/LeafRot915.jpg
lf2_foliar,LeafRot916,2_foliar_disease,1,,,coconut-tree-disease,Dataset/Coconut Tree Disease Dataset/Leaf Rot/LeafRot916.jpg
lf2_foliar,LeafRot917,2_foliar_disease,1,,,coconut-tree-disease,Dataset/Coconut Tree Disease Dataset/Leaf Rot/LeafRot917.jpg
lf2_foliar,LeafRot918,2_foliar_disease,1,,,coconut-tree-disease,Dataset/Coconut Tree Disease Dataset/Leaf Rot/LeafRot918.jpg
lf2_foliar,LeafRot919,2_foliar_disease,1,,,coconut-tree-disease,Dataset/Coconut Tree Disease Dataset/Leaf Rot/LeafRot919.jpg
lf2_foliar,LeafRot920,2_foliar_disease,1,,,coconut-tree-disease,Dataset/Coconut Tree Disease Dataset/Leaf Rot/LeafRot920.jpg
lf2_foliar,LeafRot921,2_foliar_disease,1,,,coconut-tree-disease,Dataset/Coconut Tree Disease Dataset/Leaf Rot/LeafRot921.jpg
lf2_foliar,LeafRot922,2_foliar_disease,1,,,coconut-tree-disease,Dataset/Coconut Tree Disease Dataset/Leaf Rot/LeafRot922.jpg
lf2_foliar,LeafRot923,2_foliar_disease,1,,,coconut-tree-disease,Dataset/Coconut Tree Disease Dataset/Leaf Rot/LeafRot923.jpg
lf2_foliar,LeafRot924,2_foliar_disease,1,,,coconut-tree-disease,Dataset/Coconut Tree Disease Dataset/Leaf Rot/LeafRot924.jpg
lf2_foliar,LeafRot925,2_foliar_disease,1,,,coconut-tree-disease,Dataset/Coconut Tree Disease Dataset/Leaf Rot/LeafRot925.jpg
lf2_foliar,LeafRot926,2_foliar_disease,1,,,coconut-tree-disease,Dataset/Coconut Tree Disease Dataset/Leaf Rot/LeafRot926.jpg
lf2_foliar,LeafRot927,2_foliar_disease,1,,,coconut-tree-disease,Dataset/Coconut Tree Disease Dataset/Leaf Rot/LeafRot927.jpg
lf2_foliar,LeafRot928,2_foliar_disease,1,,,coconut-tree-disease,Dataset/Coconut Tree Disease Dataset/Leaf Rot/LeafRot928.jpg
lf2_foliar,LeafRot929,2_foliar_disease,1,,,coconut-tree-disease,Dataset/Coconut Tree Disease Dataset/Leaf Rot/LeafRot929.jpg
lf2_foliar,LeafRot930,2_foliar_disease,1,,,coconut-tree-disease,Dataset/Coconut Tree Disease Dataset/Leaf Rot/LeafRot930.jpg
lf2_foliar,LeafRot931,2_foliar_disease,1,,,coconut-tree-disease,Dataset/Coconut Tree Disease Dataset/Leaf Rot/LeafRot931.jpg
lf2_foliar,LeafRot932,2_foliar_disease,1,,,coconut-tree-disease,Dataset/Coconut Tree Disease Dataset/Leaf Rot/LeafRot932.jpg
lf2_foliar,LeafRot933,2_foliar_disease,1,,,coconut-tree-disease,Dataset/Coconut Tree Disease Dataset/Leaf Rot/LeafRot933.jpg
lf2_foliar,LeafRot934,2_foliar_disease,1,,,coconut-tree-disease,Dataset/Coconut Tree Disease Dataset/Leaf Rot/LeafRot934.jpg
lf2_foliar,LeafRot935,2_foliar_disease,1,,,coconut-tree-disease,Dataset/Coconut Tree Disease Dataset/Leaf Rot/LeafRot935.jpg
lf2_foliar,LeafRot936,2_foliar_disease,1,,,coconut-tree-disease,Dataset/Coconut Tree Disease Dataset/Leaf Rot/LeafRot936.jpg
lf2_foliar,LeafRot937,2_foliar_disease,1,,,coconut-tree-disease,Dataset/Coconut Tree Disease Dataset/Leaf Rot/LeafRot937.jpg
lf2_foliar,LeafRot938,2_foliar_disease,1,,,coconut-tree-disease,Dataset/Coconut Tree Disease Dataset/Leaf Rot/LeafRot938.jpg
lf2_foliar,LeafRot939,2_foliar_disease,1,,,coconut-tree-disease,Dataset/Coconut Tree Disease Dataset/Leaf Rot/LeafRot939.jpg
lf2_foliar,LeafRot940,2_foliar_disease,1,,,coconut-tree-disease,Dataset/Coconut Tree Disease Dataset/Leaf Rot/LeafRot940.jpg
lf2_foliar,LeafRot941,2_foliar_disease,1,,,coconut-tree-disease,Dataset/Coconut Tree Disease Dataset/Leaf Rot/LeafRot941.jpg
lf2_foliar,LeafRot942,2_foliar_disease,1,,,coconut-tree-disease,Dataset/Coconut Tree Disease Dataset/Leaf Rot/LeafRot942.jpg
lf2_foliar,LeafRot943,2_foliar_disease,1,,,coconut-tree-disease,Dataset/Coconut Tree Disease Dataset/Leaf Rot/LeafRot943.jpg
lf2_foliar,LeafRot944,2_foliar_disease,1,,,coconut-tree-disease,Dataset/Coconut Tree Disease Dataset/Leaf Rot/LeafRot944.jpg
lf2_foliar,LeafRot945,2_foliar_disease,1,,,coconut-tree-disease,Dataset/Coconut Tree Disease Dataset/Leaf Rot/LeafRot945.jpg
lf2_foliar,LeafRot946,2_foliar_disease,1,,,coconut-tree-disease,Dataset/Coconut Tree Disease Dataset/Leaf Rot/LeafRot946.jpg
lf2_foliar,LeafRot947,2_foliar_disease,1,,,coconut-tree-disease,Dataset/Coconut Tree Disease Dataset/Leaf Rot/LeafRot947.jpg
lf2_foliar,LeafRot948,2_foliar_disease,1,,,coconut-tree-disease,Dataset/Coconut Tree Disease Dataset/Leaf Rot/LeafRot948.jpg
lf2_foliar,LeafRot949,2_foliar_disease,1,,,coconut-tree-disease,Dataset/Coconut Tree Disease Dataset/Leaf Rot/LeafRot949.jpg
lf2_foliar,LeafRot950,2_foliar_disease,1,,,coconut-tree-disease,Dataset/Coconut Tree Disease Dataset/Leaf Rot/LeafRot950.jpg
lf2_foliar,LeafRot951,2_foliar_disease,1,,,coconut-tree-disease,Dataset/Coconut Tree Disease Dataset/Leaf Rot/LeafRot951.jpg
lf2_foliar,LeafRot952,2_foliar_disease,1,,,coconut-tree-disease,Dataset/Coconut Tree Disease Dataset/Leaf Rot/LeafRot952.jpg
lf2_foliar,LeafRot953,2_foliar_disease,1,,,coconut-tree-disease,Dataset/Coconut Tree Disease Dataset/Leaf Rot/LeafRot953.jpg
lf2_foliar,LeafRot954,2_foliar_disease,1,,,coconut-tree-disease,Dataset/Coconut Tree Disease Dataset/Leaf Rot/LeafRot954.jpg
lf2_foliar,LeafRot955,2_foliar_disease,1,,,coconut-tree-disease,Dataset/Coconut Tree Disease Dataset/Leaf Rot/LeafRot955.jpg
lf2_foliar,LeafRot956,2_foliar_disease,1,,,coconut-tree-disease,Dataset/Coconut Tree Disease Dataset/Leaf Rot/LeafRot956.jpg
lf2_foliar,LeafRot957,2_foliar_disease,1,,,coconut-tree-disease,Dataset/Coconut Tree Disease Dataset/Leaf Rot/LeafRot957.jpg
lf2_foliar,LeafRot958,2_foliar_disease,1,,,coconut-tree-disease,Dataset/Coconut Tree Disease Dataset/Leaf Rot/LeafRot958.jpg
lf2_foliar,LeafRot959,2_foliar_disease,1,,,coconut-tree-disease,Dataset/Coconut Tree Disease Dataset/Leaf Rot/LeafRot959.jpg
lf2_foliar,LeafRot960,2_foliar_disease,1,,,coconut-tree-disease,Dataset/Coconut Tree Disease Dataset/Leaf Rot/LeafRot960.jpg
lf2_foliar,LeafRot961,2_foliar_disease,1,,,coconut-tree-disease,Dataset/Coconut Tree Disease Dataset/Leaf Rot/LeafRot961.jpg
lf2_foliar,LeafRot962,2_foliar_disease,1,,,coconut-tree-disease,Dataset/Coconut Tree Disease Dataset/Leaf Rot/LeafRot962.jpg
lf2_foliar,LeafRot963,2_foliar_disease,1,,,coconut-tree-disease,Dataset/Coconut Tree Disease Dataset/Leaf Rot/LeafRot963.jpg
lf2_foliar,LeafRot964,2_foliar_disease,1,,,coconut-tree-disease,Dataset/Coconut Tree Disease Dataset/Leaf Rot/LeafRot964.jpg
lf2_foliar,LeafRot965,2_foliar_disease,1,,,coconut-tree-disease,Dataset/Coconut Tree Disease Dataset/Leaf Rot/LeafRot965.jpg
lf2_foliar,LeafRot966,2_foliar_disease,1,,,coconut-tree-disease,Dataset/Coconut Tree Disease Dataset/Leaf Rot/LeafRot966.jpg
lf2_foliar,LeafRot967,2_foliar_disease,1,,,coconut-tree-disease,Dataset/Coconut Tree Disease Dataset/Leaf Rot/LeafRot967.jpg
lf2_foliar,LeafRot968,2_foliar_disease,1,,,coconut-tree-disease,Dataset/Coconut Tree Disease Dataset/Leaf Rot/LeafRot968.jpg
lf2_foliar,LeafRot969,2_foliar_disease,1,,,coconut-tree-disease,Dataset/Coconut Tree Disease Dataset/Leaf Rot/LeafRot969.jpg
lf2_foliar,LeafRot970,2_foliar_disease,1,,,coconut-tree-disease,Dataset/Coconut Tree Disease Dataset/Leaf Rot/LeafRot970.jpg
lf2_foliar,LeafRot971,2_foliar_disease,1,,,coconut-tree-disease,Dataset/Coconut Tree Disease Dataset/Leaf Rot/LeafRot971.jpg
lf2_foliar,LeafRot972,2_foliar_disease,1,,,coconut-tree-disease,Dataset/Coconut Tree Disease Dataset/Leaf Rot/LeafRot972.jpg
lf2_foliar,LeafRot973,2_foliar_disease,1,,,coconut-tree-disease,Dataset/Coconut Tree Disease Dataset/Leaf Rot/LeafRot973.jpg
lf2_foliar,LeafRot974,2_foliar_disease,1,,,coconut-tree-disease,Dataset/Coconut Tree Disease Dataset/Leaf Rot/LeafRot974.jpg
lf2_foliar,LeafRot975,2_foliar_disease,1,,,coconut-tree-disease,Dataset/Coconut Tree Disease Dataset/Leaf Rot/LeafRot975.jpg
lf2_foliar,LeafRot976,2_foliar_disease,1,,,coconut-tree-disease,Dataset/Coconut Tree Disease Dataset/Leaf Rot/LeafRot976.jpg
lf2_foliar,LeafRot977,2_foliar_disease,1,,,coconut-tree-disease,Dataset/Coconut Tree Disease Dataset/Leaf Rot/LeafRot977.jpg
lf2_foliar,LeafRot978,2_foliar_disease,1,,,coconut-tree-disease,Dataset/Coconut Tree Disease Dataset/Leaf Rot/LeafRot978.jpg
lf2_foliar,LeafRot979,2_foliar_disease,1,,,coconut-tree-disease,Dataset/Coconut Tree Disease Dataset/Leaf Rot/LeafRot979.jpg
lf2_foliar,LeafRot980,2_foliar_disease,1,,,coconut-tree-disease,Dataset/Coconut Tree Disease Dataset/Leaf Rot/LeafRot980.jpg
lf2_foliar,LeafRot981,2_foliar_disease,1,,,coconut-tree-disease,Dataset/Coconut Tree Disease Dataset/Leaf Rot/LeafRot981.jpg
lf2_foliar,LeafRot982,2_foliar_disease,1,,,coconut-tree-disease,Dataset/Coconut Tree Disease Dataset/Leaf Rot/LeafRot982.jpg
lf2_foliar,LeafRot983,2_foliar_disease,1,,,coconut-tree-disease,Dataset/Coconut Tree Disease Dataset/Leaf Rot/LeafRot983.jpg
lf2_foliar,LeafRot984,2_foliar_disease,1,,,coconut-tree-disease,Dataset/Coconut Tree Disease Dataset/Leaf Rot/LeafRot984.jpg
lf2_foliar,LeafRot985,2_foliar_disease,1,,,coconut-tree-disease,Dataset/Coconut Tree Disease Dataset/Leaf Rot/LeafRot985.jpg
lf2_foliar,LeafRot986,2_foliar_disease,1,,,coconut-tree-disease,Dataset/Coconut Tree Disease Dataset/Leaf Rot/LeafRot986.jpg
lf2_foliar,LeafRot987,2_foliar_disease,1,,,coconut-tree-disease,Dataset/Coconut Tree Disease Dataset/Leaf Rot/LeafRot987.jpg
lf2_foliar,LeafRot988,2_foliar_disease,1,,,coconut-tree-disease,Dataset/Coconut Tree Disease Dataset/Leaf Rot/LeafRot988.jpg
lf2_foliar,LeafRot989,2_foliar_disease,1,,,coconut-tree-disease,Dataset/Coconut Tree Disease Dataset/Leaf Rot/LeafRot989.jpg
lf2_foliar,LeafRot990,2_foliar_disease,1,,,coconut-tree-disease,Dataset/Coconut Tree Disease Dataset/Leaf Rot/LeafRot990.jpg
lf2_foliar,LeafRot991,2_foliar_disease,1,,,coconut-tree-disease,Dataset/Coconut Tree Disease Dataset/Leaf Rot/LeafRot991.jpg
lf2_foliar,LeafRot992,2_foliar_disease,1,,,coconut-tree-disease,Dataset/Coconut Tree Disease Dataset/Leaf Rot/LeafRot992.jpg
lf2_foliar,LeafRot993,2_foliar_disease,1,,,coconut-tree-disease,Dataset/Coconut Tree Disease Dataset/Leaf Rot/LeafRot993.jpg
lf2_foliar,LeafRot994,2_foliar_disease,1,,,coconut-tree-disease,Dataset/Coconut Tree Disease Dataset/Leaf Rot/LeafRot994.jpg
lf2_foliar,LeafRot995,2_foliar_disease,1,,,coconut-tree-disease,Dataset/Coconut Tree Disease Dataset/Leaf Rot/LeafRot995.jpg
lf2_foliar,LeafRot996,2_foliar_disease,1,,,coconut-tree-disease,Dataset/Coconut Tree Disease Dataset/Leaf Rot/LeafRot996.jpg
lf2_foliar,LeafRot997,2_foliar_disease,1,,,coconut-tree-disease,Dataset/Coconut Tree Disease Dataset/Leaf Rot/LeafRot997.jpg
lf2_foliar,LeafRot998,2_foliar_disease,1,,,coconut-tree-disease,Dataset/Coconut Tree Disease Dataset/Leaf Rot/LeafRot998.jpg
lf2_foliar,LeafRot999,2_foliar_disease,1,,,coconut-tree-disease,Dataset/Coconut Tree Disease Dataset/Leaf Rot/LeafRot999.jpg
