lf,image_id,task,vote,confidence,reason,source,path,pred_class,fold
lf3_trunk,StemBleeding004,3_trunk_disease,1,1.0,,coconut-tree-disease,Coconut Tree Disease Dataset/Stem Bleeding/StemBleeding004.jpg,stembleed,0
lf3_trunk,StemBleeding006,3_trunk_disease,1,1.0,,coconut-tree-disease,Coconut Tree Disease Dataset/Stem Bleeding/StemBleeding006.jpg,stembleed,0
lf3_trunk,StemBleeding008,3_trunk_disease,1,0.9999997615814208,,coconut-tree-disease,Coconut Tree Disease Dataset/Stem Bleeding/StemBleeding008.jpg,stembleed,0
lf3_trunk,StemBleeding011,3_trunk_disease,1,0.9999995231628418,,coconut-tree-disease,Coconut Tree Disease Dataset/Stem Bleeding/StemBleeding011.jpg,stembleed,0
lf3_trunk,StemBleeding013,3_trunk_disease,1,0.9999982118606568,,coconut-tree-disease,Coconut Tree Disease Dataset/Stem Bleeding/StemBleeding013.jpg,stembleed,0
lf3_trunk,StemBleeding023,3_trunk_disease,1,0.9999982118606568,,coconut-tree-disease,Coconut Tree Disease Dataset/Stem Bleeding/StemBleeding023.jpg,stembleed,0
lf3_trunk,StemBleeding024,3_trunk_disease,1,0.9999961853027344,,coconut-tree-disease,Coconut Tree Disease Dataset/Stem Bleeding/StemBleeding024.jpg,stembleed,0
lf3_trunk,StemBleeding025,3_trunk_disease,1,0.9999959468841552,,coconut-tree-disease,Coconut Tree Disease Dataset/Stem Bleeding/StemBleeding025.jpg,stembleed,0
lf3_trunk,StemBleeding038,3_trunk_disease,1,1.0,,coconut-tree-disease,Coconut Tree Disease Dataset/Stem Bleeding/StemBleeding038.jpg,stembleed,0
lf3_trunk,StemBleeding042,3_trunk_disease,1,1.0,,coconut-tree-disease,Coconut Tree Disease Dataset/Stem Bleeding/StemBleeding042.jpg,stembleed,0
lf3_trunk,StemBleeding045,3_trunk_disease,1,1.0,,coconut-tree-disease,Coconut Tree Disease Dataset/Stem Bleeding/StemBleeding045.jpg,stembleed,0
lf3_trunk,StemBleeding047,3_trunk_disease,1,1.0,,coconut-tree-disease,Coconut Tree Disease Dataset/Stem Bleeding/StemBleeding047.jpg,stembleed,0
lf3_trunk,StemBleeding049,3_trunk_disease,1,1.0,,coconut-tree-disease,Coconut Tree Disease Dataset/Stem Bleeding/StemBleeding049.jpg,stembleed,0
lf3_trunk,StemBleeding052,3_trunk_disease,1,1.0,,coconut-tree-disease,Coconut Tree Disease Dataset/Stem Bleeding/StemBleeding052.jpg,stembleed,0
lf3_trunk,StemBleeding056,3_trunk_disease,1,1.0,,coconut-tree-disease,Coconut Tree Disease Dataset/Stem Bleeding/StemBleeding056.jpg,stembleed,0
lf3_trunk,StemBleeding068,3_trunk_disease,1,1.0,,coconut-tree-disease,Coconut Tree Disease Dataset/Stem Bleeding/StemBleeding068.jpg,stembleed,0
lf3_trunk,StemBleeding069,3_trunk_disease,1,1.0,,coconut-tree-disease,Coconut Tree Disease Dataset/Stem Bleeding/StemBleeding069.jpg,stembleed,0
lf3_trunk,StemBleeding071,3_trunk_disease,1,1.0,,coconut-tree-disease,Coconut Tree Disease Dataset/Stem Bleeding/StemBleeding071.jpg,stembleed,0
lf3_trunk,StemBleeding073,3_trunk_disease,1,1.0,,coconut-tree-disease,Coconut Tree Disease Dataset/Stem Bleeding/StemBleeding073.jpg,stembleed,0
lf3_trunk,StemBleeding075,3_trunk_disease,1,1.0,,coconut-tree-disease,Coconut Tree Disease Dataset/Stem Bleeding/StemBleeding075.jpg,stembleed,0
lf3_trunk,StemBleeding077,3_trunk_disease,1,1.0,,coconut-tree-disease,Coconut Tree Disease Dataset/Stem Bleeding/StemBleeding077.jpg,stembleed,0
lf3_trunk,StemBleeding081,3_trunk_disease,1,0.999997854232788,,coconut-tree-disease,Coconut Tree Disease Dataset/Stem Bleeding/StemBleeding081.jpg,stembleed,0
lf3_trunk,StemBleeding082,3_trunk_disease,1,0.999997854232788,,coconut-tree-disease,Coconut Tree Disease Dataset/Stem Bleeding/StemBleeding082.jpg,stembleed,0
lf3_trunk,StemBleeding085,3_trunk_disease,1,0.9999998807907104,,coconut-tree-disease,Coconut Tree Disease Dataset/Stem Bleeding/StemBleeding085.jpg,stembleed,0
lf3_trunk,StemBleeding086,3_trunk_disease,1,0.9999996423721312,,coconut-tree-disease,Coconut Tree Disease Dataset/Stem Bleeding/StemBleeding086.jpg,stembleed,0
lf3_trunk,StemBleeding093,3_trunk_disease,1,0.9999991655349731,,coconut-tree-disease,Coconut Tree Disease Dataset/Stem Bleeding/StemBleeding093.jpg,stembleed,0
lf3_trunk,StemBleeding1003,3_trunk_disease,1,1.0,,coconut-tree-disease,Coconut Tree Disease Dataset/Stem Bleeding/StemBleeding1003.jpg,stembleed,0
lf3_trunk,StemBleeding104,3_trunk_disease,1,0.999997615814209,,coconut-tree-disease,Coconut Tree Disease Dataset/Stem Bleeding/StemBleeding104.jpg,stembleed,0
lf3_trunk,StemBleeding108,3_trunk_disease,1,0.9999982118606568,,coconut-tree-disease,Coconut Tree Disease Dataset/Stem Bleeding/StemBleeding108.jpg,stembleed,0
lf3_trunk,StemBleeding112,3_trunk_disease,1,0.9999988079071044,,coconut-tree-disease,Coconut Tree Disease Dataset/Stem Bleeding/StemBleeding112.jpg,stembleed,0
lf3_trunk,StemBleeding115,3_trunk_disease,1,0.9999991655349731,,coconut-tree-disease,Coconut Tree Disease Dataset/Stem Bleeding/StemBleeding115.jpg,stembleed,0
lf3_trunk,StemBleeding116,3_trunk_disease,1,0.999998927116394,,coconut-tree-disease,Coconut Tree Disease Dataset/Stem Bleeding/StemBleeding116.jpg,stembleed,0
lf3_trunk,StemBleeding121,3_trunk_disease,1,0.9999991655349731,,coconut-tree-disease,Coconut Tree Disease Dataset/Stem Bleeding/StemBleeding121.jpg,stembleed,0
lf3_trunk,StemBleeding122,3_trunk_disease,1,0.9999991655349731,,coconut-tree-disease,Coconut Tree Disease Dataset/Stem Bleeding/StemBleeding122.jpg,stembleed,0
lf3_trunk,StemBleeding123,3_trunk_disease,1,0.999997854232788,,coconut-tree-disease,Coconut Tree Disease Dataset/Stem Bleeding/StemBleeding123.jpg,stembleed,0
lf3_trunk,StemBleeding129,3_trunk_disease,1,1.0,,coconut-tree-disease,Coconut Tree Disease Dataset/Stem Bleeding/StemBleeding129.jpg,stembleed,0
lf3_trunk,StemBleeding132,3_trunk_disease,1,1.0,,coconut-tree-disease,Coconut Tree Disease Dataset/Stem Bleeding/StemBleeding132.jpg,stembleed,0
lf3_trunk,StemBleeding136,3_trunk_disease,1,1.0,,coconut-tree-disease,Coconut Tree Disease Dataset/Stem Bleeding/StemBleeding136.jpg,stembleed,0
lf3_trunk,StemBleeding144,3_trunk_disease,1,1.0,,coconut-tree-disease,Coconut Tree Disease Dataset/Stem Bleeding/StemBleeding144.jpg,stembleed,0
lf3_trunk,StemBleeding145,3_trunk_disease,1,0.9999998807907104,,coconut-tree-disease,Coconut Tree Disease Dataset/Stem Bleeding/StemBleeding145.jpg,stembleed,0
lf3_trunk,StemBleeding146,3_trunk_disease,1,1.0,,coconut-tree-disease,Coconut Tree Disease Dataset/Stem Bleeding/StemBleeding146.jpg,stembleed,0
lf3_trunk,StemBleeding152,3_trunk_disease,1,0.9999998807907104,,coconut-tree-disease,Coconut Tree Disease Dataset/Stem Bleeding/StemBleeding152.jpg,stembleed,0
lf3_trunk,StemBleeding167,3_trunk_disease,1,0.9999996423721312,,coconut-tree-disease,Coconut Tree Disease Dataset/Stem Bleeding/StemBleeding167.jpg,stembleed,0
lf3_trunk,StemBleeding171,3_trunk_disease,1,0.9999996423721312,,coconut-tree-disease,Coconut Tree Disease Dataset/Stem Bleeding/StemBleeding171.jpg,stembleed,0
lf3_trunk,StemBleeding180,3_trunk_disease,1,0.9999998807907104,,coconut-tree-disease,Coconut Tree Disease Dataset/Stem Bleeding/StemBleeding180.jpg,stembleed,0
lf3_trunk,StemBleeding186,3_trunk_disease,1,0.9999996423721312,,coconut-tree-disease,Coconut Tree Disease Dataset/Stem Bleeding/StemBleeding186.jpg,stembleed,0
lf3_trunk,StemBleeding189,3_trunk_disease,1,0.9999996423721312,,coconut-tree-disease,Coconut Tree Disease Dataset/Stem Bleeding/StemBleeding189.jpg,stembleed,0
lf3_trunk,StemBleeding203,3_trunk_disease,1,1.0,,coconut-tree-disease,Coconut Tree Disease Dataset/Stem Bleeding/StemBleeding203.jpg,stembleed,0
lf3_trunk,StemBleeding219,3_trunk_disease,1,0.9999994039535522,,coconut-tree-disease,Coconut Tree Disease Dataset/Stem Bleeding/StemBleeding219.jpg,stembleed,0
lf3_trunk,StemBleeding222,3_trunk_disease,1,0.9999998807907104,,coconut-tree-disease,Coconut Tree Disease Dataset/Stem Bleeding/StemBleeding222.jpg,stembleed,0
lf3_trunk,StemBleeding224,3_trunk_disease,1,0.9999998807907104,,coconut-tree-disease,Coconut Tree Disease Dataset/Stem Bleeding/StemBleeding224.jpg,stembleed,0
lf3_trunk,StemBleeding229,3_trunk_disease,1,0.9999998807907104,,coconut-tree-disease,Coconut Tree Disease Dataset/Stem Bleeding/StemBleeding229.jpg,stembleed,0
lf3_trunk,StemBleeding233,3_trunk_disease,1,1.0,,coconut-tree-disease,Coconut Tree Disease Dataset/Stem Bleeding/StemBleeding233.jpg,stembleed,0
lf3_trunk,StemBleeding235,3_trunk_disease,1,0.9999998807907104,,coconut-tree-disease,Coconut Tree Disease Dataset/Stem Bleeding/StemBleeding235.jpg,stembleed,0
lf3_trunk,StemBleeding243,3_trunk_disease,1,0.9999945163726808,,coconut-tree-disease,Coconut Tree Disease Dataset/Stem Bleeding/StemBleeding243.jpg,stembleed,0
lf3_trunk,StemBleeding244,3_trunk_disease,1,0.9999947547912598,,coconut-tree-disease,Coconut Tree Disease Dataset/Stem Bleeding/StemBleeding244.jpg,stembleed,0
lf3_trunk,StemBleeding248,3_trunk_disease,1,0.9999998807907104,,coconut-tree-disease,Coconut Tree Disease Dataset/Stem Bleeding/StemBleeding248.jpg,stembleed,0
lf3_trunk,StemBleeding249,3_trunk_disease,1,0.9999997615814208,,coconut-tree-disease,Coconut Tree Disease Dataset/Stem Bleeding/StemBleeding249.jpg,stembleed,0
lf3_trunk,StemBleeding262,3_trunk_disease,1,0.9999974966049194,,coconut-tree-disease,Coconut Tree Disease Dataset/Stem Bleeding/StemBleeding262.jpg,stembleed,0
lf3_trunk,StemBleeding267,3_trunk_disease,1,0.9999991655349731,,coconut-tree-disease,Coconut Tree Disease Dataset/Stem Bleeding/StemBleeding267.jpg,stembleed,0
lf3_trunk,StemBleeding269,3_trunk_disease,1,1.0,,coconut-tree-disease,Coconut Tree Disease Dataset/Stem Bleeding/StemBleeding269.jpg,stembleed,0
lf3_trunk,StemBleeding270,3_trunk_disease,1,0.9999996423721312,,coconut-tree-disease,Coconut Tree Disease Dataset/Stem Bleeding/StemBleeding270.jpg,stembleed,0
lf3_trunk,StemBleeding286,3_trunk_disease,1,1.0,,coconut-tree-disease,Coconut Tree Disease Dataset/Stem Bleeding/StemBleeding286.jpg,stembleed,0
lf3_trunk,StemBleeding289,3_trunk_disease,1,1.0,,coconut-tree-disease,Coconut Tree Disease Dataset/Stem Bleeding/StemBleeding289.jpg,stembleed,0
lf3_trunk,StemBleeding301,3_trunk_disease,1,0.9999980926513672,,coconut-tree-disease,Coconut Tree Disease Dataset/Stem Bleeding/StemBleeding301.jpg,stembleed,0
lf3_trunk,StemBleeding307,3_trunk_disease,1,1.0,,coconut-tree-disease,Coconut Tree Disease Dataset/Stem Bleeding/StemBleeding307.jpg,stembleed,0
lf3_trunk,StemBleeding309,3_trunk_disease,1,1.0,,coconut-tree-disease,Coconut Tree Disease Dataset/Stem Bleeding/StemBleeding309.jpg,stembleed,0
lf3_trunk,StemBleeding313,3_trunk_disease,1,1.0,,coconut-tree-disease,Coconut Tree Disease Dataset/Stem Bleeding/StemBleeding313.jpg,stembleed,0
lf3_trunk,StemBleeding316,3_trunk_disease,1,1.0,,coconut-tree-disease,Coconut Tree Disease Dataset/Stem Bleeding/StemBleeding316.jpg,stembleed,0
lf3_trunk,StemBleeding331,3_trunk_disease,1,0.9999998807907104,,coconut-tree-disease,Coconut Tree Disease Dataset/Stem Bleeding/StemBleeding331.jpg,stembleed,0
lf3_trunk,StemBleeding332,3_trunk_disease,1,0.9999998807907104,,coconut-tree-disease,Coconut Tree Disease Dataset/Stem Bleeding/StemBleeding332.jpg,stembleed,0
lf3_trunk,StemBleeding333,3_trunk_disease,1,0.9999984502792358,,coconut-tree-disease,Coconut Tree Disease Dataset/Stem Bleeding/StemBleeding333.jpg,stembleed,0
lf3_trunk,StemBleeding338,3_trunk_disease,1,0.9999680519104004,,coconut-tree-disease,Coconut Tree Disease Dataset/Stem Bleeding/StemBleeding338.jpg,stembleed,0
lf3_trunk,StemBleeding340,3_trunk_disease,1,0.9999970197677612,,coconut-tree-disease,Coconut Tree Disease Dataset/Stem Bleeding/StemBleeding340.jpg,stembleed,0
lf3_trunk,StemBleeding342,3_trunk_disease,1,0.9999984502792358,,coconut-tree-disease,Coconut Tree Disease Dataset/Stem Bleeding/StemBleeding342.jpg,stembleed,0
lf3_trunk,StemBleeding348,3_trunk_disease,1,0.9999991655349731,,coconut-tree-disease,Coconut Tree Disease Dataset/Stem Bleeding/StemBleeding348.jpg,stembleed,0
lf3_trunk,StemBleeding349,3_trunk_disease,1,1.0,,coconut-tree-disease,Coconut Tree Disease Dataset/Stem Bleeding/StemBleeding349.jpg,stembleed,0
lf3_trunk,StemBleeding360,3_trunk_disease,1,1.0,,coconut-tree-disease,Coconut Tree Disease Dataset/Stem Bleeding/StemBleeding360.jpg,stembleed,0
lf3_trunk,StemBleeding366,3_trunk_disease,1,1.0,,coconut-tree-disease,Coconut Tree Disease Dataset/Stem Bleeding/StemBleeding366.jpg,stembleed,0
lf3_trunk,StemBleeding385,3_trunk_disease,1,0.9999977350234984,,coconut-tree-disease,Coconut Tree Disease Dataset/Stem Bleeding/StemBleeding385.jpg,stembleed,0
lf3_trunk,StemBleeding389,3_trunk_disease,1,0.9999988079071044,,coconut-tree-disease,Coconut Tree Disease Dataset/Stem Bleeding/StemBleeding389.jpg,stembleed,0
lf3_trunk,StemBleeding397,3_trunk_disease,1,0.9999864101409912,,coconut-tree-disease,Coconut Tree Disease Dataset/Stem Bleeding/StemBleeding397.jpg,stembleed,0
lf3_trunk,StemBleeding399,3_trunk_disease,1,0.9999862909317015,,coconut-tree-disease,Coconut Tree Disease Dataset/Stem Bleeding/StemBleeding399.jpg,stembleed,0
lf3_trunk,StemBleeding401,3_trunk_disease,1,0.9999979734420776,,coconut-tree-disease,Coconut Tree Disease Dataset/Stem Bleeding/StemBleeding401.jpg,stembleed,0
lf3_trunk,StemBleeding403,3_trunk_disease,1,0.9999991655349731,,coconut-tree-disease,Coconut Tree Disease Dataset/Stem Bleeding/StemBleeding403.jpg,stembleed,0
lf3_trunk,StemBleeding406,3_trunk_disease,1,1.0,,coconut-tree-disease,Coconut Tree Disease Dataset/Stem Bleeding/StemBleeding406.jpg,stembleed,0
lf3_trunk,StemBleeding409,3_trunk_disease,1,1.0,,coconut-tree-disease,Coconut Tree Disease Dataset/Stem Bleeding/StemBleeding409.jpg,stembleed,0
lf3_trunk,StemBleeding412,3_trunk_disease,1,1.0,,coconut-tree-disease,Coconut Tree Disease Dataset/Stem Bleeding/StemBleeding412.jpg,stembleed,0
lf3_trunk,StemBleeding414,3_trunk_disease,1,1.0,,coconut-tree-disease,Coconut Tree Disease Dataset/Stem Bleeding/StemBleeding414.jpg,stembleed,0
lf3_trunk,StemBleeding425,3_trunk_disease,1,1.0,,coconut-tree-disease,Coconut Tree Disease Dataset/Stem Bleeding/StemBleeding425.jpg,stembleed,0
lf3_trunk,StemBleeding427,3_trunk_disease,1,1.0,,coconut-tree-disease,Coconut Tree Disease Dataset/Stem Bleeding/StemBleeding427.jpg,stembleed,0
lf3_trunk,StemBleeding436,3_trunk_disease,1,1.0,,coconut-tree-disease,Coconut Tree Disease Dataset/Stem Bleeding/StemBleeding436.jpg,stembleed,0
lf3_trunk,StemBleeding438,3_trunk_disease,1,1.0,,coconut-tree-disease,Coconut Tree Disease Dataset/Stem Bleeding/StemBleeding438.jpg,stembleed,0
lf3_trunk,StemBleeding440,3_trunk_disease,1,1.0,,coconut-tree-disease,Coconut Tree Disease Dataset/Stem Bleeding/StemBleeding440.jpg,stembleed,0
lf3_trunk,StemBleeding450,3_trunk_disease,1,1.0,,coconut-tree-disease,Coconut Tree Disease Dataset/Stem Bleeding/StemBleeding450.jpg,stembleed,0
lf3_trunk,StemBleeding451,3_trunk_disease,1,1.0,,coconut-tree-disease,Coconut Tree Disease Dataset/Stem Bleeding/StemBleeding451.jpg,stembleed,0
lf3_trunk,StemBleeding455,3_trunk_disease,1,1.0,,coconut-tree-disease,Coconut Tree Disease Dataset/Stem Bleeding/StemBleeding455.jpg,stembleed,0
lf3_trunk,StemBleeding458,3_trunk_disease,1,1.0,,coconut-tree-disease,Coconut Tree Disease Dataset/Stem Bleeding/StemBleeding458.jpg,stembleed,0
lf3_trunk,StemBleeding472,3_trunk_disease,1,1.0,,coconut-tree-disease,Coconut Tree Disease Dataset/Stem Bleeding/StemBleeding472.jpg,stembleed,0
lf3_trunk,StemBleeding474,3_trunk_disease,1,0.9999998807907104,,coconut-tree-disease,Coconut Tree Disease Dataset/Stem Bleeding/StemBleeding474.jpg,stembleed,0
lf3_trunk,StemBleeding478,3_trunk_disease,1,1.0,,coconut-tree-disease,Coconut Tree Disease Dataset/Stem Bleeding/StemBleeding478.jpg,stembleed,0
lf3_trunk,StemBleeding481,3_trunk_disease,1,1.0,,coconut-tree-disease,Coconut Tree Disease Dataset/Stem Bleeding/StemBleeding481.jpg,stembleed,0
lf3_trunk,StemBleeding486,3_trunk_disease,1,0.9999996423721312,,coconut-tree-disease,Coconut Tree Disease Dataset/Stem Bleeding/StemBleeding486.jpg,stembleed,0
lf3_trunk,StemBleeding487,3_trunk_disease,1,0.999991536140442,,coconut-tree-disease,Coconut Tree Disease Dataset/Stem Bleeding/StemBleeding487.jpg,stembleed,0
lf3_trunk,StemBleeding491,3_trunk_disease,1,0.9999977350234984,,coconut-tree-disease,Coconut Tree Disease Dataset/Stem Bleeding/StemBleeding491.jpg,stembleed,0
lf3_trunk,StemBleeding497,3_trunk_disease,1,0.9999992847442628,,coconut-tree-disease,Coconut Tree Disease Dataset/Stem Bleeding/StemBleeding497.jpg,stembleed,0
lf3_trunk,StemBleeding498,3_trunk_disease,1,1.0,,coconut-tree-disease,Coconut Tree Disease Dataset/Stem Bleeding/StemBleeding498.jpg,stembleed,0
lf3_trunk,StemBleeding503,3_trunk_disease,1,0.9999997615814208,,coconut-tree-disease,Coconut Tree Disease Dataset/Stem Bleeding/StemBleeding503.jpg,stembleed,0
lf3_trunk,StemBleeding504,3_trunk_disease,1,0.9999996423721312,,coconut-tree-disease,Coconut Tree Disease Dataset/Stem Bleeding/StemBleeding504.jpg,stembleed,0
lf3_trunk,StemBleeding507,3_trunk_disease,1,1.0,,coconut-tree-disease,Coconut Tree Disease Dataset/Stem Bleeding/StemBleeding507.jpg,stembleed,0
lf3_trunk,StemBleeding511,3_trunk_disease,1,1.0,,coconut-tree-disease,Coconut Tree Disease Dataset/Stem Bleeding/StemBleeding511.jpg,stembleed,0
lf3_trunk,StemBleeding513,3_trunk_disease,1,1.0,,coconut-tree-disease,Coconut Tree Disease Dataset/Stem Bleeding/StemBleeding513.jpg,stembleed,0
lf3_trunk,StemBleeding515,3_trunk_disease,1,1.0,,coconut-tree-disease,Coconut Tree Disease Dataset/Stem Bleeding/StemBleeding515.jpg,stembleed,0
lf3_trunk,StemBleeding517,3_trunk_disease,1,1.0,,coconut-tree-disease,Coconut Tree Disease Dataset/Stem Bleeding/StemBleeding517.jpg,stembleed,0
lf3_trunk,StemBleeding528,3_trunk_disease,1,0.9999991655349731,,coconut-tree-disease,Coconut Tree Disease Dataset/Stem Bleeding/StemBleeding528.jpg,stembleed,0
lf3_trunk,StemBleeding530,3_trunk_disease,1,0.999998927116394,,coconut-tree-disease,Coconut Tree Disease Dataset/Stem Bleeding/StemBleeding530.jpg,stembleed,0
lf3_trunk,StemBleeding532,3_trunk_disease,1,0.9999995231628418,,coconut-tree-disease,Coconut Tree Disease Dataset/Stem Bleeding/StemBleeding532.jpg,stembleed,0
lf3_trunk,StemBleeding533,3_trunk_disease,1,0.9999996423721312,,coconut-tree-disease,Coconut Tree Disease Dataset/Stem Bleeding/StemBleeding533.jpg,stembleed,0
lf3_trunk,StemBleeding535,3_trunk_disease,1,0.9999996423721312,,coconut-tree-disease,Coconut Tree Disease Dataset/Stem Bleeding/StemBleeding535.jpg,stembleed,0
lf3_trunk,StemBleeding538,3_trunk_disease,1,0.9999945163726808,,coconut-tree-disease,Coconut Tree Disease Dataset/Stem Bleeding/StemBleeding538.jpg,stembleed,0
lf3_trunk,StemBleeding539,3_trunk_disease,1,0.9999938011169434,,coconut-tree-disease,Coconut Tree Disease Dataset/Stem Bleeding/StemBleeding539.jpg,stembleed,0
lf3_trunk,StemBleeding552,3_trunk_disease,1,0.9999997615814208,,coconut-tree-disease,Coconut Tree Disease Dataset/Stem Bleeding/StemBleeding552.jpg,stembleed,0
lf3_trunk,StemBleeding553,3_trunk_disease,1,1.0,,coconut-tree-disease,Coconut Tree Disease Dataset/Stem Bleeding/StemBleeding553.jpg,stembleed,0
lf3_trunk,StemBleeding557,3_trunk_disease,1,1.0,,coconut-tree-disease,Coconut Tree Disease Dataset/Stem Bleeding/StemBleeding557.jpg,stembleed,0
lf3_trunk,StemBleeding558,3_trunk_disease,1,0.9999998807907104,,coconut-tree-disease,Coconut Tree Disease Dataset/Stem Bleeding/StemBleeding558.jpg,stembleed,0
lf3_trunk,StemBleeding560,3_trunk_disease,1,1.0,,coconut-tree-disease,Coconut Tree Disease Dataset/Stem Bleeding/StemBleeding560.jpg,stembleed,0
lf3_trunk,StemBleeding567,3_trunk_disease,1,1.0,,coconut-tree-disease,Coconut Tree Disease Dataset/Stem Bleeding/StemBleeding567.jpg,stembleed,0
lf3_trunk,StemBleeding569,3_trunk_disease,1,1.0,,coconut-tree-disease,Coconut Tree Disease Dataset/Stem Bleeding/StemBleeding569.jpg,stembleed,0
lf3_trunk,StemBleeding572,3_trunk_disease,1,1.0,,coconut-tree-disease,Coconut Tree Disease Dataset/Stem Bleeding/StemBleeding572.jpg,stembleed,0
lf3_trunk,StemBleeding573,3_trunk_disease,1,0.9999998807907104,,coconut-tree-disease,Coconut Tree Disease Dataset/Stem Bleeding/StemBleeding573.jpg,stembleed,0
lf3_trunk,StemBleeding574,3_trunk_disease,1,1.0,,coconut-tree-disease,Coconut Tree Disease Dataset/Stem Bleeding/StemBleeding574.jpg,stembleed,0
lf3_trunk,StemBleeding597,3_trunk_disease,1,0.9999988079071044,,coconut-tree-disease,Coconut Tree Disease Dataset/Stem Bleeding/StemBleeding597.jpg,stembleed,0
lf3_trunk,StemBleeding599,3_trunk_disease,1,0.9999997615814208,,coconut-tree-disease,Coconut Tree Disease Dataset/Stem Bleeding/StemBleeding599.jpg,stembleed,0
lf3_trunk,StemBleeding601,3_trunk_disease,1,0.9999994039535522,,coconut-tree-disease,Coconut Tree Disease Dataset/Stem Bleeding/StemBleeding601.jpg,stembleed,0
lf3_trunk,StemBleeding613,3_trunk_disease,1,0.999996781349182,,coconut-tree-disease,Coconut Tree Disease Dataset/Stem Bleeding/StemBleeding613.jpg,stembleed,0
lf3_trunk,StemBleeding638,3_trunk_disease,1,1.0,,coconut-tree-disease,Coconut Tree Disease Dataset/Stem Bleeding/StemBleeding638.jpg,stembleed,0
lf3_trunk,StemBleeding640,3_trunk_disease,1,1.0,,coconut-tree-disease,Coconut Tree Disease Dataset/Stem Bleeding/StemBleeding640.jpg,stembleed,0
lf3_trunk,StemBleeding641,3_trunk_disease,1,1.0,,coconut-tree-disease,Coconut Tree Disease Dataset/Stem Bleeding/StemBleeding641.jpg,stembleed,0
lf3_trunk,StemBleeding650,3_trunk_disease,1,1.0,,coconut-tree-disease,Coconut Tree Disease Dataset/Stem Bleeding/StemBleeding650.jpg,stembleed,0
lf3_trunk,StemBleeding651,3_trunk_disease,1,1.0,,coconut-tree-disease,Coconut Tree Disease Dataset/Stem Bleeding/StemBleeding651.jpg,stembleed,0
lf3_trunk,StemBleeding652,3_trunk_disease,1,1.0,,coconut-tree-disease,Coconut Tree Disease Dataset/Stem Bleeding/StemBleeding652.jpg,stembleed,0
lf3_trunk,StemBleeding653,3_trunk_disease,1,1.0,,coconut-tree-disease,Coconut Tree Disease Dataset/Stem Bleeding/StemBleeding653.jpg,stembleed,0
lf3_trunk,StemBleeding654,3_trunk_disease,1,1.0,,coconut-tree-disease,Coconut Tree Disease Dataset/Stem Bleeding/StemBleeding654.jpg,stembleed,0
lf3_trunk,StemBleeding667,3_trunk_disease,1,1.0,,coconut-tree-disease,Coconut Tree Disease Dataset/Stem Bleeding/StemBleeding667.jpg,stembleed,0
lf3_trunk,StemBleeding675,3_trunk_disease,1,0.9999998807907104,,coconut-tree-disease,Coconut Tree Disease Dataset/Stem Bleeding/StemBleeding675.jpg,stembleed,0
lf3_trunk,StemBleeding677,3_trunk_disease,1,0.9999992847442628,,coconut-tree-disease,Coconut Tree Disease Dataset/Stem Bleeding/StemBleeding677.jpg,stembleed,0
lf3_trunk,StemBleeding679,3_trunk_disease,1,0.999997615814209,,coconut-tree-disease,Coconut Tree Disease Dataset/Stem Bleeding/StemBleeding679.jpg,stembleed,0
lf3_trunk,StemBleeding682,3_trunk_disease,1,0.9999899864196776,,coconut-tree-disease,Coconut Tree Disease Dataset/Stem Bleeding/StemBleeding682.jpg,stembleed,0
lf3_trunk,StemBleeding691,3_trunk_disease,1,0.9999983310699464,,coconut-tree-disease,Coconut Tree Disease Dataset/Stem Bleeding/StemBleeding691.jpg,stembleed,0
lf3_trunk,StemBleeding696,3_trunk_disease,1,0.9999997615814208,,coconut-tree-disease,Coconut Tree Disease Dataset/Stem Bleeding/StemBleeding696.jpg,stembleed,0
lf3_trunk,StemBleeding702,3_trunk_disease,1,0.9999998807907104,,coconut-tree-disease,Coconut Tree Disease Dataset/Stem Bleeding/StemBleeding702.jpg,stembleed,0
lf3_trunk,StemBleeding708,3_trunk_disease,1,1.0,,coconut-tree-disease,Coconut Tree Disease Dataset/Stem Bleeding/StemBleeding708.jpg,stembleed,0
lf3_trunk,StemBleeding711,3_trunk_disease,1,0.9999994039535522,,coconut-tree-disease,Coconut Tree Disease Dataset/Stem Bleeding/StemBleeding711.jpg,stembleed,0
lf3_trunk,StemBleeding712,3_trunk_disease,1,0.9999983310699464,,coconut-tree-disease,Coconut Tree Disease Dataset/Stem Bleeding/StemBleeding712.jpg,stembleed,0
lf3_trunk,StemBleeding713,3_trunk_disease,1,0.9999985694885254,,coconut-tree-disease,Coconut Tree Disease Dataset/Stem Bleeding/StemBleeding713.jpg,stembleed,0
lf3_trunk,StemBleeding715,3_trunk_disease,1,0.9999996423721312,,coconut-tree-disease,Coconut Tree Disease Dataset/Stem Bleeding/StemBleeding715.jpg,stembleed,0
lf3_trunk,StemBleeding716,3_trunk_disease,1,0.9999984502792358,,coconut-tree-disease,Coconut Tree Disease Dataset/Stem Bleeding/StemBleeding716.jpg,stembleed,0
lf3_trunk,StemBleeding718,3_trunk_disease,1,0.9999961853027344,,coconut-tree-disease,Coconut Tree Disease Dataset/Stem Bleeding/StemBleeding718.jpg,stembleed,0
lf3_trunk,StemBleeding719,3_trunk_disease,1,0.9999964237213136,,coconut-tree-disease,Coconut Tree Disease Dataset/Stem Bleeding/StemBleeding719.jpg,stembleed,0
lf3_trunk,StemBleeding725,3_trunk_disease,1,1.0,,coconut-tree-disease,Coconut Tree Disease Dataset/Stem Bleeding/StemBleeding725.jpg,stembleed,0
lf3_trunk,StemBleeding735,3_trunk_disease,1,0.999998927116394,,coconut-tree-disease,Coconut Tree Disease Dataset/Stem Bleeding/StemBleeding735.jpg,stembleed,0
lf3_trunk,StemBleeding737,3_trunk_disease,1,0.9999990463256836,,coconut-tree-disease,Coconut Tree Disease Dataset/Stem Bleeding/StemBleeding737.jpg,stembleed,0
lf3_trunk,StemBleeding740,3_trunk_disease,1,0.9999982118606568,,coconut-tree-disease,Coconut Tree Disease Dataset/Stem Bleeding/StemBleeding740.jpg,stembleed,0
lf3_trunk,StemBleeding741,3_trunk_disease,1,0.9999986886978148,,coconut-tree-disease,Coconut Tree Disease Dataset/Stem Bleeding/StemBleeding741.jpg,stembleed,0
lf3_trunk,StemBleeding747,3_trunk_disease,1,0.9999992847442628,,coconut-tree-disease,Coconut Tree Disease Dataset/Stem Bleeding/StemBleeding747.jpg,stembleed,0
lf3_trunk,StemBleeding749,3_trunk_disease,1,0.9999997615814208,,coconut-tree-disease,Coconut Tree Disease Dataset/Stem Bleeding/StemBleeding749.jpg,stembleed,0
lf3_trunk,StemBleeding754,3_trunk_disease,1,0.9999996423721312,,coconut-tree-disease,Coconut Tree Disease Dataset/Stem Bleeding/StemBleeding754.jpg,stembleed,0
lf3_trunk,StemBleeding757,3_trunk_disease,1,0.9999988079071044,,coconut-tree-disease,Coconut Tree Disease Dataset/Stem Bleeding/StemBleeding757.jpg,stembleed,0
lf3_trunk,StemBleeding761,3_trunk_disease,1,0.9999990463256836,,coconut-tree-disease,Coconut Tree Disease Dataset/Stem Bleeding/StemBleeding761.jpg,stembleed,0
lf3_trunk,StemBleeding766,3_trunk_disease,1,0.9999996423721312,,coconut-tree-disease,Coconut Tree Disease Dataset/Stem Bleeding/StemBleeding766.jpg,stembleed,0
lf3_trunk,StemBleeding772,3_trunk_disease,1,1.0,,coconut-tree-disease,Coconut Tree Disease Dataset/Stem Bleeding/StemBleeding772.jpg,stembleed,0
lf3_trunk,StemBleeding777,3_trunk_disease,1,0.9999974966049194,,coconut-tree-disease,Coconut Tree Disease Dataset/Stem Bleeding/StemBleeding777.jpg,stembleed,0
lf3_trunk,StemBleeding780,3_trunk_disease,1,0.999998927116394,,coconut-tree-disease,Coconut Tree Disease Dataset/Stem Bleeding/StemBleeding780.jpg,stembleed,0
lf3_trunk,StemBleeding792,3_trunk_disease,1,0.9999998807907104,,coconut-tree-disease,Coconut Tree Disease Dataset/Stem Bleeding/StemBleeding792.jpg,stembleed,0
lf3_trunk,StemBleeding793,3_trunk_disease,1,0.9999998807907104,,coconut-tree-disease,Coconut Tree Disease Dataset/Stem Bleeding/StemBleeding793.jpg,stembleed,0
lf3_trunk,StemBleeding794,3_trunk_disease,1,0.9999996423721312,,coconut-tree-disease,Coconut Tree Disease Dataset/Stem Bleeding/StemBleeding794.jpg,stembleed,0
lf3_trunk,StemBleeding799,3_trunk_disease,1,0.9999991655349731,,coconut-tree-disease,Coconut Tree Disease Dataset/Stem Bleeding/StemBleeding799.jpg,stembleed,0
lf3_trunk,StemBleeding802,3_trunk_disease,1,0.9999996423721312,,coconut-tree-disease,Coconut Tree Disease Dataset/Stem Bleeding/StemBleeding802.jpg,stembleed,0
lf3_trunk,StemBleeding808,3_trunk_disease,1,0.9999988079071044,,coconut-tree-disease,Coconut Tree Disease Dataset/Stem Bleeding/StemBleeding808.jpg,stembleed,0
lf3_trunk,StemBleeding811,3_trunk_disease,1,0.9999972581863404,,coconut-tree-disease,Coconut Tree Disease Dataset/Stem Bleeding/StemBleeding811.jpg,stembleed,0
lf3_trunk,StemBleeding812,3_trunk_disease,1,0.9999954700469972,,coconut-tree-disease,Coconut Tree Disease Dataset/Stem Bleeding/StemBleeding812.jpg,stembleed,0
lf3_trunk,StemBleeding815,3_trunk_disease,1,0.9999934434890748,,coconut-tree-disease,Coconut Tree Disease Dataset/Stem Bleeding/StemBleeding815.jpg,stembleed,0
lf3_trunk,StemBleeding818,3_trunk_disease,1,0.999987006187439,,coconut-tree-disease,Coconut Tree Disease Dataset/Stem Bleeding/StemBleeding818.jpg,stembleed,0
lf3_trunk,StemBleeding825,3_trunk_disease,1,0.9999986886978148,,coconut-tree-disease,Coconut Tree Disease Dataset/Stem Bleeding/StemBleeding825.jpg,stembleed,0
lf3_trunk,StemBleeding826,3_trunk_disease,1,0.9999984502792358,,coconut-tree-disease,Coconut Tree Disease Dataset/Stem Bleeding/StemBleeding826.jpg,stembleed,0
lf3_trunk,StemBleeding827,3_trunk_disease,1,0.9999948740005492,,coconut-tree-disease,Coconut Tree Disease Dataset/Stem Bleeding/StemBleeding827.jpg,stembleed,0
lf3_trunk,StemBleeding830,3_trunk_disease,1,0.9999992847442628,,coconut-tree-disease,Coconut Tree Disease Dataset/Stem Bleeding/StemBleeding830.jpg,stembleed,0
lf3_trunk,StemBleeding832,3_trunk_disease,1,0.9999998807907104,,coconut-tree-disease,Coconut Tree Disease Dataset/Stem Bleeding/StemBleeding832.jpg,stembleed,0
lf3_trunk,StemBleeding834,3_trunk_disease,1,1.0,,coconut-tree-disease,Coconut Tree Disease Dataset/Stem Bleeding/StemBleeding834.jpg,stembleed,0
lf3_trunk,StemBleeding837,3_trunk_disease,1,1.0,,coconut-tree-disease,Coconut Tree Disease Dataset/Stem Bleeding/StemBleeding837.jpg,stembleed,0
lf3_trunk,StemBleeding840,3_trunk_disease,1,1.0,,coconut-tree-disease,Coconut Tree Disease Dataset/Stem Bleeding/StemBleeding840.jpg,stembleed,0
lf3_trunk,StemBleeding846,3_trunk_disease,1,1.0,,coconut-tree-disease,Coconut Tree Disease Dataset/Stem Bleeding/StemBleeding846.jpg,stembleed,0
lf3_trunk,StemBleeding853,3_trunk_disease,1,1.0,,coconut-tree-disease,Coconut Tree Disease Dataset/Stem Bleeding/StemBleeding853.jpg,stembleed,0
lf3_trunk,StemBleeding855,3_trunk_disease,1,1.0,,coconut-tree-disease,Coconut Tree Disease Dataset/Stem Bleeding/StemBleeding855.jpg,stembleed,0
lf3_trunk,StemBleeding867,3_trunk_disease,1,1.0,,coconut-tree-disease,Coconut Tree Disease Dataset/Stem Bleeding/StemBleeding867.jpg,stembleed,0
lf3_trunk,StemBleeding869,3_trunk_disease,1,0.9999998807907104,,coconut-tree-disease,Coconut Tree Disease Dataset/Stem Bleeding/StemBleeding869.jpg,stembleed,0
lf3_trunk,StemBleeding872,3_trunk_disease,1,0.9999998807907104,,coconut-tree-disease,Coconut Tree Disease Dataset/Stem Bleeding/StemBleeding872.jpg,stembleed,0
lf3_trunk,StemBleeding875,3_trunk_disease,1,1.0,,coconut-tree-disease,Coconut Tree Disease Dataset/Stem Bleeding/StemBleeding875.jpg,stembleed,0
lf3_trunk,StemBleeding878,3_trunk_disease,1,1.0,,coconut-tree-disease,Coconut Tree Disease Dataset/Stem Bleeding/StemBleeding878.jpg,stembleed,0
lf3_trunk,StemBleeding884,3_trunk_disease,1,0.9999996423721312,,coconut-tree-disease,Coconut Tree Disease Dataset/Stem Bleeding/StemBleeding884.jpg,stembleed,0
lf3_trunk,StemBleeding886,3_trunk_disease,1,0.9999996423721312,,coconut-tree-disease,Coconut Tree Disease Dataset/Stem Bleeding/StemBleeding886.jpg,stembleed,0
lf3_trunk,StemBleeding887,3_trunk_disease,1,1.0,,coconut-tree-disease,Coconut Tree Disease Dataset/Stem Bleeding/StemBleeding887.jpg,stembleed,0
lf3_trunk,StemBleeding893,3_trunk_disease,1,1.0,,coconut-tree-disease,Coconut Tree Disease Dataset/Stem Bleeding/StemBleeding893.jpg,stembleed,0
lf3_trunk,StemBleeding900,3_trunk_disease,1,1.0,,coconut-tree-disease,Coconut Tree Disease Dataset/Stem Bleeding/StemBleeding900.jpg,stembleed,0
lf3_trunk,StemBleeding903,3_trunk_disease,1,1.0,,coconut-tree-disease,Coconut Tree Disease Dataset/Stem Bleeding/StemBleeding903.jpg,stembleed,0
lf3_trunk,StemBleeding908,3_trunk_disease,1,1.0,,coconut-tree-disease,Coconut Tree Disease Dataset/Stem Bleeding/StemBleeding908.jpg,stembleed,0
lf3_trunk,StemBleeding915,3_trunk_disease,1,1.0,,coconut-tree-disease,Coconut Tree Disease Dataset/Stem Bleeding/StemBleeding915.jpg,stembleed,0
lf3_trunk,StemBleeding918,3_trunk_disease,1,1.0,,coconut-tree-disease,Coconut Tree Disease Dataset/Stem Bleeding/StemBleeding918.jpg,stembleed,0
lf3_trunk,StemBleeding927,3_trunk_disease,1,1.0,,coconut-tree-disease,Coconut Tree Disease Dataset/Stem Bleeding/StemBleeding927.jpg,stembleed,0
lf3_trunk,StemBleeding930,3_trunk_disease,1,1.0,,coconut-tree-disease,Coconut Tree Disease Dataset/Stem Bleeding/StemBleeding930.jpg,stembleed,0
lf3_trunk,StemBleeding932,3_trunk_disease,1,1.0,,coconut-tree-disease,Coconut Tree Disease Dataset/Stem Bleeding/StemBleeding932.jpg,stembleed,0
lf3_trunk,StemBleeding934,3_trunk_disease,1,1.0,,coconut-tree-disease,Coconut Tree Disease Dataset/Stem Bleeding/StemBleeding934.jpg,stembleed,0
lf3_trunk,StemBleeding938,3_trunk_disease,1,1.0,,coconut-tree-disease,Coconut Tree Disease Dataset/Stem Bleeding/StemBleeding938.jpg,stembleed,0
lf3_trunk,StemBleeding941,3_trunk_disease,1,1.0,,coconut-tree-disease,Coconut Tree Disease Dataset/Stem Bleeding/StemBleeding941.jpg,stembleed,0
lf3_trunk,StemBleeding953,3_trunk_disease,1,1.0,,coconut-tree-disease,Coconut Tree Disease Dataset/Stem Bleeding/StemBleeding953.jpg,stembleed,0
lf3_trunk,StemBleeding958,3_trunk_disease,1,1.0,,coconut-tree-disease,Coconut Tree Disease Dataset/Stem Bleeding/StemBleeding958.jpg,stembleed,0
lf3_trunk,StemBleeding962,3_trunk_disease,1,1.0,,coconut-tree-disease,Coconut Tree Disease Dataset/Stem Bleeding/StemBleeding962.jpg,stembleed,0
lf3_trunk,StemBleeding964,3_trunk_disease,1,1.0,,coconut-tree-disease,Coconut Tree Disease Dataset/Stem Bleeding/StemBleeding964.jpg,stembleed,0
lf3_trunk,StemBleeding965,3_trunk_disease,1,1.0,,coconut-tree-disease,Coconut Tree Disease Dataset/Stem Bleeding/StemBleeding965.jpg,stembleed,0
lf3_trunk,StemBleeding967,3_trunk_disease,1,0.9999998807907104,,coconut-tree-disease,Coconut Tree Disease Dataset/Stem Bleeding/StemBleeding967.jpg,stembleed,0
lf3_trunk,StemBleeding971,3_trunk_disease,1,0.9999998807907104,,coconut-tree-disease,Coconut Tree Disease Dataset/Stem Bleeding/StemBleeding971.jpg,stembleed,0
lf3_trunk,StemBleeding973,3_trunk_disease,1,0.9999998807907104,,coconut-tree-disease,Coconut Tree Disease Dataset/Stem Bleeding/StemBleeding973.jpg,stembleed,0
lf3_trunk,StemBleeding974,3_trunk_disease,1,1.0,,coconut-tree-disease,Coconut Tree Disease Dataset/Stem Bleeding/StemBleeding974.jpg,stembleed,0
lf3_trunk,StemBleeding977,3_trunk_disease,1,1.0,,coconut-tree-disease,Coconut Tree Disease Dataset/Stem Bleeding/StemBleeding977.jpg,stembleed,0
lf3_trunk,StemBleeding978,3_trunk_disease,1,1.0,,coconut-tree-disease,Coconut Tree Disease Dataset/Stem Bleeding/StemBleeding978.jpg,stembleed,0
lf3_trunk,StemBleeding979,3_trunk_disease,1,1.0,,coconut-tree-disease,Coconut Tree Disease Dataset/Stem Bleeding/StemBleeding979.jpg,stembleed,0
lf3_trunk,StemBleeding980,3_trunk_disease,1,1.0,,coconut-tree-disease,Coconut Tree Disease Dataset/Stem Bleeding/StemBleeding980.jpg,stembleed,0
lf3_trunk,StemBleeding984,3_trunk_disease,1,1.0,,coconut-tree-disease,Coconut Tree Disease Dataset/Stem Bleeding/StemBleeding984.jpg,stembleed,0
lf3_trunk,StemBleeding987,3_trunk_disease,1,1.0,,coconut-tree-disease,Coconut Tree Disease Dataset/Stem Bleeding/StemBleeding987.jpg,stembleed,0
lf3_trunk,StemBleeding990,3_trunk_disease,1,1.0,,coconut-tree-disease,Coconut Tree Disease Dataset/Stem Bleeding/StemBleeding990.jpg,stembleed,0
lf3_trunk,StemBleeding992,3_trunk_disease,1,1.0,,coconut-tree-disease,Coconut Tree Disease Dataset/Stem Bleeding/StemBleeding992.jpg,stembleed,0
lf3_trunk,StemBleeding993,3_trunk_disease,1,1.0,,coconut-tree-disease,Coconut Tree Disease Dataset/Stem Bleeding/StemBleeding993.jpg,stembleed,0
lf3_trunk,StemBleeding002,3_trunk_disease,1,0.9999998807907104,,coconut-tree-disease,Coconut Tree Disease Dataset/Stem Bleeding/StemBleeding002.jpg,stembleed,1
lf3_trunk,StemBleeding003,3_trunk_disease,1,0.9999998807907104,,coconut-tree-disease,Coconut Tree Disease Dataset/Stem Bleeding/StemBleeding003.jpg,stembleed,1
lf3_trunk,StemBleeding007,3_trunk_disease,1,0.9999998807907104,,coconut-tree-disease,Coconut Tree Disease Dataset/Stem Bleeding/StemBleeding007.jpg,stembleed,1
lf3_trunk,StemBleeding014,3_trunk_disease,1,0.9999996423721312,,coconut-tree-disease,Coconut Tree Disease Dataset/Stem Bleeding/StemBleeding014.jpg,stembleed,1
lf3_trunk,StemBleeding020,3_trunk_disease,1,0.9999998807907104,,coconut-tree-disease,Coconut Tree Disease Dataset/Stem Bleeding/StemBleeding020.jpg,stembleed,1
lf3_trunk,StemBleeding028,3_trunk_disease,1,0.9999998807907104,,coconut-tree-disease,Coconut Tree Disease Dataset/Stem Bleeding/StemBleeding028.jpg,stembleed,1
lf3_trunk,StemBleeding041,3_trunk_disease,1,0.9999998807907104,,coconut-tree-disease,Coconut Tree Disease Dataset/Stem Bleeding/StemBleeding041.jpg,stembleed,1
lf3_trunk,StemBleeding043,3_trunk_disease,1,1.0,,coconut-tree-disease,Coconut Tree Disease Dataset/Stem Bleeding/StemBleeding043.jpg,stembleed,1
lf3_trunk,StemBleeding046,3_trunk_disease,1,1.0,,coconut-tree-disease,Coconut Tree Disease Dataset/Stem Bleeding/StemBleeding046.jpg,stembleed,1
lf3_trunk,StemBleeding048,3_trunk_disease,1,1.0,,coconut-tree-disease,Coconut Tree Disease Dataset/Stem Bleeding/StemBleeding048.jpg,stembleed,1
lf3_trunk,StemBleeding050,3_trunk_disease,1,1.0,,coconut-tree-disease,Coconut Tree Disease Dataset/Stem Bleeding/StemBleeding050.jpg,stembleed,1
lf3_trunk,StemBleeding054,3_trunk_disease,1,1.0,,coconut-tree-disease,Coconut Tree Disease Dataset/Stem Bleeding/StemBleeding054.jpg,stembleed,1
lf3_trunk,StemBleeding062,3_trunk_disease,1,0.9999998807907104,,coconut-tree-disease,Coconut Tree Disease Dataset/Stem Bleeding/StemBleeding062.jpg,stembleed,1
lf3_trunk,StemBleeding074,3_trunk_disease,1,1.0,,coconut-tree-disease,Coconut Tree Disease Dataset/Stem Bleeding/StemBleeding074.jpg,stembleed,1
lf3_trunk,StemBleeding080,3_trunk_disease,1,1.0,,coconut-tree-disease,Coconut Tree Disease Dataset/Stem Bleeding/StemBleeding080.jpg,stembleed,1
lf3_trunk,StemBleeding083,3_trunk_disease,1,1.0,,coconut-tree-disease,Coconut Tree Disease Dataset/Stem Bleeding/StemBleeding083.jpg,stembleed,1
lf3_trunk,StemBleeding094,3_trunk_disease,1,0.9999995231628418,,coconut-tree-disease,Coconut Tree Disease Dataset/Stem Bleeding/StemBleeding094.jpg,stembleed,1
lf3_trunk,StemBleeding096,3_trunk_disease,1,0.9999988079071044,,coconut-tree-disease,Coconut Tree Disease Dataset/Stem Bleeding/StemBleeding096.jpg,stembleed,1
lf3_trunk,StemBleeding1002,3_trunk_disease,1,0.9999988079071044,,coconut-tree-disease,Coconut Tree Disease Dataset/Stem Bleeding/StemBleeding1002.jpg,stembleed,1
lf3_trunk,StemBleeding1006,3_trunk_disease,1,0.9999972581863404,,coconut-tree-disease,Coconut Tree Disease Dataset/Stem Bleeding/StemBleeding1006.jpg,stembleed,1
lf3_trunk,StemBleeding105,3_trunk_disease,1,0.999994158744812,,coconut-tree-disease,Coconut Tree Disease Dataset/Stem Bleeding/StemBleeding105.jpg,stembleed,1
lf3_trunk,StemBleeding106,3_trunk_disease,1,0.999997615814209,,coconut-tree-disease,Coconut Tree Disease Dataset/Stem Bleeding/StemBleeding106.jpg,stembleed,1
lf3_trunk,StemBleeding107,3_trunk_disease,1,0.9999991655349731,,coconut-tree-disease,Coconut Tree Disease Dataset/Stem Bleeding/StemBleeding107.jpg,stembleed,1
lf3_trunk,StemBleeding113,3_trunk_disease,1,0.9999995231628418,,coconut-tree-disease,Coconut Tree Disease Dataset/Stem Bleeding/StemBleeding113.jpg,stembleed,1
lf3_trunk,StemBleeding120,3_trunk_disease,1,0.9999991655349731,,coconut-tree-disease,Coconut Tree Disease Dataset/Stem Bleeding/StemBleeding120.jpg,stembleed,1
lf3_trunk,StemBleeding137,3_trunk_disease,1,0.9999997615814208,,coconut-tree-disease,Coconut Tree Disease Dataset/Stem Bleeding/StemBleeding137.jpg,stembleed,1
lf3_trunk,StemBleeding143,3_trunk_disease,1,0.9999972581863404,,coconut-tree-disease,Coconut Tree Disease Dataset/Stem Bleeding/StemBleeding143.jpg,stembleed,1
lf3_trunk,StemBleeding155,3_trunk_disease,1,0.9999966621398926,,coconut-tree-disease,Coconut Tree Disease Dataset/Stem Bleeding/StemBleeding155.jpg,stembleed,1
lf3_trunk,StemBleeding160,3_trunk_disease,1,0.999997615814209,,coconut-tree-disease,Coconut Tree Disease Dataset/Stem Bleeding/StemBleeding160.jpg,stembleed,1
lf3_trunk,StemBleeding161,3_trunk_disease,1,0.9999991655349731,,coconut-tree-disease,Coconut Tree Disease Dataset/Stem Bleeding/StemBleeding161.jpg,stembleed,1
lf3_trunk,StemBleeding162,3_trunk_disease,1,0.9999991655349731,,coconut-tree-disease,Coconut Tree Disease Dataset/Stem Bleeding/StemBleeding162.jpg,stembleed,1
lf3_trunk,StemBleeding163,3_trunk_disease,1,0.9999991655349731,,coconut-tree-disease,Coconut Tree Disease Dataset/Stem Bleeding/StemBleeding163.jpg,stembleed,1
lf3_trunk,StemBleeding164,3_trunk_disease,1,0.9999980926513672,,coconut-tree-disease,Coconut Tree Disease Dataset/Stem Bleeding/StemBleeding164.jpg,stembleed,1
lf3_trunk,StemBleeding165,3_trunk_disease,1,0.9999983310699464,,coconut-tree-disease,Coconut Tree Disease Dataset/Stem Bleeding/StemBleeding165.jpg,stembleed,1
lf3_trunk,StemBleeding173,3_trunk_disease,1,0.9999996423721312,,coconut-tree-disease,Coconut Tree Disease Dataset/Stem Bleeding/StemBleeding173.jpg,stembleed,1
lf3_trunk,StemBleeding175,3_trunk_disease,1,0.9999996423721312,,coconut-tree-disease,Coconut Tree Disease Dataset/Stem Bleeding/StemBleeding175.jpg,stembleed,1
lf3_trunk,StemBleeding176,3_trunk_disease,1,0.9999996423721312,,coconut-tree-disease,Coconut Tree Disease Dataset/Stem Bleeding/StemBleeding176.jpg,stembleed,1
lf3_trunk,StemBleeding178,3_trunk_disease,1,0.9999994039535522,,coconut-tree-disease,Coconut Tree Disease Dataset/Stem Bleeding/StemBleeding178.jpg,stembleed,1
lf3_trunk,StemBleeding179,3_trunk_disease,1,0.9999997615814208,,coconut-tree-disease,Coconut Tree Disease Dataset/Stem Bleeding/StemBleeding179.jpg,stembleed,1
lf3_trunk,StemBleeding187,3_trunk_disease,1,1.0,,coconut-tree-disease,Coconut Tree Disease Dataset/Stem Bleeding/StemBleeding187.jpg,stembleed,1
lf3_trunk,StemBleeding197,3_trunk_disease,1,1.0,,coconut-tree-disease,Coconut Tree Disease Dataset/Stem Bleeding/StemBleeding197.jpg,stembleed,1
lf3_trunk,StemBleeding205,3_trunk_disease,1,0.9999998807907104,,coconut-tree-disease,Coconut Tree Disease Dataset/Stem Bleeding/StemBleeding205.jpg,stembleed,1
lf3_trunk,StemBleeding208,3_trunk_disease,1,0.9999985694885254,,coconut-tree-disease,Coconut Tree Disease Dataset/Stem Bleeding/StemBleeding208.jpg,stembleed,1
lf3_trunk,StemBleeding209,3_trunk_disease,1,0.9999966621398926,,coconut-tree-disease,Coconut Tree Disease Dataset/Stem Bleeding/StemBleeding209.jpg,stembleed,1
lf3_trunk,StemBleeding210,3_trunk_disease,1,0.9999891519546508,,coconut-tree-disease,Coconut Tree Disease Dataset/Stem Bleeding/StemBleeding210.jpg,stembleed,1
lf3_trunk,StemBleeding215,3_trunk_disease,1,0.9999997615814208,,coconut-tree-disease,Coconut Tree Disease Dataset/Stem Bleeding/StemBleeding215.jpg,stembleed,1
lf3_trunk,StemBleeding231,3_trunk_disease,1,0.9999998807907104,,coconut-tree-disease,Coconut Tree Disease Dataset/Stem Bleeding/StemBleeding231.jpg,stembleed,1
lf3_trunk,StemBleeding234,3_trunk_disease,1,1.0,,coconut-tree-disease,Coconut Tree Disease Dataset/Stem Bleeding/StemBleeding234.jpg,stembleed,1
lf3_trunk,StemBleeding239,3_trunk_disease,1,0.9999992847442628,,coconut-tree-disease,Coconut Tree Disease Dataset/Stem Bleeding/StemBleeding239.jpg,stembleed,1
lf3_trunk,StemBleeding245,3_trunk_disease,1,0.9999998807907104,,coconut-tree-disease,Coconut Tree Disease Dataset/Stem Bleeding/StemBleeding245.jpg,stembleed,1
lf3_trunk,StemBleeding253,3_trunk_disease,1,0.9999998807907104,,coconut-tree-disease,Coconut Tree Disease Dataset/Stem Bleeding/StemBleeding253.jpg,stembleed,1
lf3_trunk,StemBleeding256,3_trunk_disease,1,1.0,,coconut-tree-disease,Coconut Tree Disease Dataset/Stem Bleeding/StemBleeding256.jpg,stembleed,1
lf3_trunk,StemBleeding258,3_trunk_disease,1,0.9999998807907104,,coconut-tree-disease,Coconut Tree Disease Dataset/Stem Bleeding/StemBleeding258.jpg,stembleed,1
lf3_trunk,StemBleeding259,3_trunk_disease,1,0.9999998807907104,,coconut-tree-disease,Coconut Tree Disease Dataset/Stem Bleeding/StemBleeding259.jpg,stembleed,1
lf3_trunk,StemBleeding260,3_trunk_disease,1,0.9999998807907104,,coconut-tree-disease,Coconut Tree Disease Dataset/Stem Bleeding/StemBleeding260.jpg,stembleed,1
lf3_trunk,StemBleeding266,3_trunk_disease,1,0.9999996423721312,,coconut-tree-disease,Coconut Tree Disease Dataset/Stem Bleeding/StemBleeding266.jpg,stembleed,1
lf3_trunk,StemBleeding268,3_trunk_disease,1,0.9999991655349731,,coconut-tree-disease,Coconut Tree Disease Dataset/Stem Bleeding/StemBleeding268.jpg,stembleed,1
lf3_trunk,StemBleeding272,3_trunk_disease,1,0.9999994039535522,,coconut-tree-disease,Coconut Tree Disease Dataset/Stem Bleeding/StemBleeding272.jpg,stembleed,1
lf3_trunk,StemBleeding275,3_trunk_disease,1,0.9999991655349731,,coconut-tree-disease,Coconut Tree Disease Dataset/Stem Bleeding/StemBleeding275.jpg,stembleed,1
lf3_trunk,StemBleeding278,3_trunk_disease,1,0.9999995231628418,,coconut-tree-disease,Coconut Tree Disease Dataset/Stem Bleeding/StemBleeding278.jpg,stembleed,1
lf3_trunk,StemBleeding279,3_trunk_disease,1,0.9999998807907104,,coconut-tree-disease,Coconut Tree Disease Dataset/Stem Bleeding/StemBleeding279.jpg,stembleed,1
lf3_trunk,StemBleeding285,3_trunk_disease,1,1.0,,coconut-tree-disease,Coconut Tree Disease Dataset/Stem Bleeding/StemBleeding285.jpg,stembleed,1
lf3_trunk,StemBleeding299,3_trunk_disease,1,1.0,,coconut-tree-disease,Coconut Tree Disease Dataset/Stem Bleeding/StemBleeding299.jpg,stembleed,1
lf3_trunk,StemBleeding300,3_trunk_disease,1,1.0,,coconut-tree-disease,Coconut Tree Disease Dataset/Stem Bleeding/StemBleeding300.jpg,stembleed,1
lf3_trunk,StemBleeding321,3_trunk_disease,1,1.0,,coconut-tree-disease,Coconut Tree Disease Dataset/Stem Bleeding/StemBleeding321.jpg,stembleed,1
lf3_trunk,StemBleeding328,3_trunk_disease,1,0.9999996423721312,,coconut-tree-disease,Coconut Tree Disease Dataset/Stem Bleeding/StemBleeding328.jpg,stembleed,1
lf3_trunk,StemBleeding329,3_trunk_disease,1,0.9999995231628418,,coconut-tree-disease,Coconut Tree Disease Dataset/Stem Bleeding/StemBleeding329.jpg,stembleed,1
lf3_trunk,StemBleeding330,3_trunk_disease,1,0.9999995231628418,,coconut-tree-disease,Coconut Tree Disease Dataset/Stem Bleeding/StemBleeding330.jpg,stembleed,1
lf3_trunk,StemBleeding334,3_trunk_disease,1,0.999998927116394,,coconut-tree-disease,Coconut Tree Disease Dataset/Stem Bleeding/StemBleeding334.jpg,stembleed,1
lf3_trunk,StemBleeding336,3_trunk_disease,1,0.9999988079071044,,coconut-tree-disease,Coconut Tree Disease Dataset/Stem Bleeding/StemBleeding336.jpg,stembleed,1
lf3_trunk,StemBleeding350,3_trunk_disease,1,0.9999998807907104,,coconut-tree-disease,Coconut Tree Disease Dataset/Stem Bleeding/StemBleeding350.jpg,stembleed,1
lf3_trunk,StemBleeding356,3_trunk_disease,1,0.9999997615814208,,coconut-tree-disease,Coconut Tree Disease Dataset/Stem Bleeding/StemBleeding356.jpg,stembleed,1
lf3_trunk,StemBleeding361,3_trunk_disease,1,0.9999998807907104,,coconut-tree-disease,Coconut Tree Disease Dataset/Stem Bleeding/StemBleeding361.jpg,stembleed,1
lf3_trunk,StemBleeding362,3_trunk_disease,1,0.9999995231628418,,coconut-tree-disease,Coconut Tree Disease Dataset/Stem Bleeding/StemBleeding362.jpg,stembleed,1
lf3_trunk,StemBleeding363,3_trunk_disease,1,0.9999998807907104,,coconut-tree-disease,Coconut Tree Disease Dataset/Stem Bleeding/StemBleeding363.jpg,stembleed,1
lf3_trunk,StemBleeding368,3_trunk_disease,1,0.9999991655349731,,coconut-tree-disease,Coconut Tree Disease Dataset/Stem Bleeding/StemBleeding368.jpg,stembleed,1
lf3_trunk,StemBleeding372,3_trunk_disease,1,0.9999998807907104,,coconut-tree-disease,Coconut Tree Disease Dataset/Stem Bleeding/StemBleeding372.jpg,stembleed,1
lf3_trunk,StemBleeding374,3_trunk_disease,1,0.9999997615814208,,coconut-tree-disease,Coconut Tree Disease Dataset/Stem Bleeding/StemBleeding374.jpg,stembleed,1
lf3_trunk,StemBleeding379,3_trunk_disease,1,0.9977464079856871,,coconut-tree-disease,Coconut Tree Disease Dataset/Stem Bleeding/StemBleeding379.jpg,stembleed,1
lf3_trunk,StemBleeding394,3_trunk_disease,1,0.9999110698699952,,coconut-tree-disease,Coconut Tree Disease Dataset/Stem Bleeding/StemBleeding394.jpg,stembleed,1
lf3_trunk,StemBleeding404,3_trunk_disease,1,0.9998745918273926,,coconut-tree-disease,Coconut Tree Disease Dataset/Stem Bleeding/StemBleeding404.jpg,stembleed,1
lf3_trunk,StemBleeding407,3_trunk_disease,1,0.9999998807907104,,coconut-tree-disease,Coconut Tree Disease Dataset/Stem Bleeding/StemBleeding407.jpg,stembleed,1
lf3_trunk,StemBleeding408,3_trunk_disease,1,0.9999998807907104,,coconut-tree-disease,Coconut Tree Disease Dataset/Stem Bleeding/StemBleeding408.jpg,stembleed,1
lf3_trunk,StemBleeding416,3_trunk_disease,1,0.9999998807907104,,coconut-tree-disease,Coconut Tree Disease Dataset/Stem Bleeding/StemBleeding416.jpg,stembleed,1
lf3_trunk,StemBleeding419,3_trunk_disease,1,0.9999998807907104,,coconut-tree-disease,Coconut Tree Disease Dataset/Stem Bleeding/StemBleeding419.jpg,stembleed,1
lf3_trunk,StemBleeding448,3_trunk_disease,1,1.0,,coconut-tree-disease,Coconut Tree Disease Dataset/Stem Bleeding/StemBleeding448.jpg,stembleed,1
lf3_trunk,StemBleeding456,3_trunk_disease,1,1.0,,coconut-tree-disease,Coconut Tree Disease Dataset/Stem Bleeding/StemBleeding456.jpg,stembleed,1
lf3_trunk,StemBleeding459,3_trunk_disease,1,1.0,,coconut-tree-disease,Coconut Tree Disease Dataset/Stem Bleeding/StemBleeding459.jpg,stembleed,1
lf3_trunk,StemBleeding461,3_trunk_disease,1,0.9999998807907104,,coconut-tree-disease,Coconut Tree Disease Dataset/Stem Bleeding/StemBleeding461.jpg,stembleed,1
lf3_trunk,StemBleeding466,3_trunk_disease,1,1.0,,coconut-tree-disease,Coconut Tree Disease Dataset/Stem Bleeding/StemBleeding466.jpg,stembleed,1
lf3_trunk,StemBleeding468,3_trunk_disease,1,0.9999997615814208,,coconut-tree-disease,Coconut Tree Disease Dataset/Stem Bleeding/StemBleeding468.jpg,stembleed,1
lf3_trunk,StemBleeding471,3_trunk_disease,1,0.9999996423721312,,coconut-tree-disease,Coconut Tree Disease Dataset/Stem Bleeding/StemBleeding471.jpg,stembleed,1
lf3_trunk,StemBleeding484,3_trunk_disease,1,0.9999994039535522,,coconut-tree-disease,Coconut Tree Disease Dataset/Stem Bleeding/StemBleeding484.jpg,stembleed,1
lf3_trunk,StemBleeding488,3_trunk_disease,1,0.999997854232788,,coconut-tree-disease,Coconut Tree Disease Dataset/Stem Bleeding/StemBleeding488.jpg,stembleed,1
lf3_trunk,StemBleeding490,3_trunk_disease,1,0.9999983310699464,,coconut-tree-disease,Coconut Tree Disease Dataset/Stem Bleeding/StemBleeding490.jpg,stembleed,1
lf3_trunk,StemBleeding494,3_trunk_disease,1,0.9999997615814208,,coconut-tree-disease,Coconut Tree Disease Dataset/Stem Bleeding/StemBleeding494.jpg,stembleed,1
lf3_trunk,StemBleeding500,3_trunk_disease,1,1.0,,coconut-tree-disease,Coconut Tree Disease Dataset/Stem Bleeding/StemBleeding500.jpg,stembleed,1
lf3_trunk,StemBleeding501,3_trunk_disease,1,1.0,,coconut-tree-disease,Coconut Tree Disease Dataset/Stem Bleeding/StemBleeding501.jpg,stembleed,1
lf3_trunk,StemBleeding508,3_trunk_disease,1,1.0,,coconut-tree-disease,Coconut Tree Disease Dataset/Stem Bleeding/StemBleeding508.jpg,stembleed,1
lf3_trunk,StemBleeding509,3_trunk_disease,1,1.0,,coconut-tree-disease,Coconut Tree Disease Dataset/Stem Bleeding/StemBleeding509.jpg,stembleed,1
lf3_trunk,StemBleeding510,3_trunk_disease,1,1.0,,coconut-tree-disease,Coconut Tree Disease Dataset/Stem Bleeding/StemBleeding510.jpg,stembleed,1
lf3_trunk,StemBleeding519,3_trunk_disease,1,0.9999991655349731,,coconut-tree-disease,Coconut Tree Disease Dataset/Stem Bleeding/StemBleeding519.jpg,stembleed,1
lf3_trunk,StemBleeding522,3_trunk_disease,1,1.0,,coconut-tree-disease,Coconut Tree Disease Dataset/Stem Bleeding/StemBleeding522.jpg,stembleed,1
lf3_trunk,StemBleeding523,3_trunk_disease,1,1.0,,coconut-tree-disease,Coconut Tree Disease Dataset/Stem Bleeding/StemBleeding523.jpg,stembleed,1
lf3_trunk,StemBleeding527,3_trunk_disease,1,1.0,,coconut-tree-disease,Coconut Tree Disease Dataset/Stem Bleeding/StemBleeding527.jpg,stembleed,1
lf3_trunk,StemBleeding531,3_trunk_disease,1,1.0,,coconut-tree-disease,Coconut Tree Disease Dataset/Stem Bleeding/StemBleeding531.jpg,stembleed,1
lf3_trunk,StemBleeding534,3_trunk_disease,1,0.9999998807907104,,coconut-tree-disease,Coconut Tree Disease Dataset/Stem Bleeding/StemBleeding534.jpg,stembleed,1
lf3_trunk,StemBleeding540,3_trunk_disease,1,0.9999932050704956,,coconut-tree-disease,Coconut Tree Disease Dataset/Stem Bleeding/StemBleeding540.jpg,stembleed,1
lf3_trunk,StemBleeding541,3_trunk_disease,1,0.9999920129776,,coconut-tree-disease,Coconut Tree Disease Dataset/Stem Bleeding/StemBleeding541.jpg,stembleed,1
lf3_trunk,StemBleeding542,3_trunk_disease,1,0.9999911785125732,,coconut-tree-disease,Coconut Tree Disease Dataset/Stem Bleeding/StemBleeding542.jpg,stembleed,1
lf3_trunk,StemBleeding546,3_trunk_disease,1,0.999991774559021,,coconut-tree-disease,Coconut Tree Disease Dataset/Stem Bleeding/StemBleeding546.jpg,stembleed,1
lf3_trunk,StemBleeding548,3_trunk_disease,1,0.9999971389770508,,coconut-tree-disease,Coconut Tree Disease Dataset/Stem Bleeding/StemBleeding548.jpg,stembleed,1
lf3_trunk,StemBleeding550,3_trunk_disease,1,0.999998927116394,,coconut-tree-disease,Coconut Tree Disease Dataset/Stem Bleeding/StemBleeding550.jpg,stembleed,1
lf3_trunk,StemBleeding562,3_trunk_disease,1,0.9999997615814208,,coconut-tree-disease,Coconut Tree Disease Dataset/Stem Bleeding/StemBleeding562.jpg,stembleed,1
lf3_trunk,StemBleeding564,3_trunk_disease,1,0.999996304512024,,coconut-tree-disease,Coconut Tree Disease Dataset/Stem Bleeding/StemBleeding564.jpg,stembleed,1
lf3_trunk,StemBleeding575,3_trunk_disease,1,0.9999998807907104,,coconut-tree-disease,Coconut Tree Disease Dataset/Stem Bleeding/StemBleeding575.jpg,stembleed,1
lf3_trunk,StemBleeding576,3_trunk_disease,1,0.9999991655349731,,coconut-tree-disease,Coconut Tree Disease Dataset/Stem Bleeding/StemBleeding576.jpg,stembleed,1
lf3_trunk,StemBleeding577,3_trunk_disease,1,0.999992847442627,,coconut-tree-disease,Coconut Tree Disease Dataset/Stem Bleeding/StemBleeding577.jpg,stembleed,1
lf3_trunk,StemBleeding578,3_trunk_disease,1,0.999997854232788,,coconut-tree-disease,Coconut Tree Disease Dataset/Stem Bleeding/StemBleeding578.jpg,stembleed,1
lf3_trunk,StemBleeding583,3_trunk_disease,1,0.9999996423721312,,coconut-tree-disease,Coconut Tree Disease Dataset/Stem Bleeding/StemBleeding583.jpg,stembleed,1
lf3_trunk,StemBleeding590,3_trunk_disease,1,0.9999985694885254,,coconut-tree-disease,Coconut Tree Disease Dataset/Stem Bleeding/StemBleeding590.jpg,stembleed,1
lf3_trunk,StemBleeding593,3_trunk_disease,1,0.9999996423721312,,coconut-tree-disease,Coconut Tree Disease Dataset/Stem Bleeding/StemBleeding593.jpg,stembleed,1
lf3_trunk,StemBleeding596,3_trunk_disease,1,0.9999998807907104,,coconut-tree-disease,Coconut Tree Disease Dataset/Stem Bleeding/StemBleeding596.jpg,stembleed,1
lf3_trunk,StemBleeding598,3_trunk_disease,1,0.9999998807907104,,coconut-tree-disease,Coconut Tree Disease Dataset/Stem Bleeding/StemBleeding598.jpg,stembleed,1
lf3_trunk,StemBleeding608,3_trunk_disease,1,0.999997615814209,,coconut-tree-disease,Coconut Tree Disease Dataset/Stem Bleeding/StemBleeding608.jpg,stembleed,1
lf3_trunk,StemBleeding609,3_trunk_disease,1,0.9999980926513672,,coconut-tree-disease,Coconut Tree Disease Dataset/Stem Bleeding/StemBleeding609.jpg,stembleed,1
lf3_trunk,StemBleeding610,3_trunk_disease,1,0.999997615814209,,coconut-tree-disease,Coconut Tree Disease Dataset/Stem Bleeding/StemBleeding610.jpg,stembleed,1
lf3_trunk,StemBleeding619,3_trunk_disease,1,0.9999998807907104,,coconut-tree-disease,Coconut Tree Disease Dataset/Stem Bleeding/StemBleeding619.jpg,stembleed,1
lf3_trunk,StemBleeding623,3_trunk_disease,1,0.9999998807907104,,coconut-tree-disease,Coconut Tree Disease Dataset/Stem Bleeding/StemBleeding623.jpg,stembleed,1
lf3_trunk,StemBleeding627,3_trunk_disease,1,0.9999988079071044,,coconut-tree-disease,Coconut Tree Disease Dataset/Stem Bleeding/StemBleeding627.jpg,stembleed,1
lf3_trunk,StemBleeding630,3_trunk_disease,1,0.999996542930603,,coconut-tree-disease,Coconut Tree Disease Dataset/Stem Bleeding/StemBleeding630.jpg,stembleed,1
lf3_trunk,StemBleeding635,3_trunk_disease,1,0.9999977350234984,,coconut-tree-disease,Coconut Tree Disease Dataset/Stem Bleeding/StemBleeding635.jpg,stembleed,1
lf3_trunk,StemBleeding639,3_trunk_disease,1,0.999992609024048,,coconut-tree-disease,Coconut Tree Disease Dataset/Stem Bleeding/StemBleeding639.jpg,stembleed,1
lf3_trunk,StemBleeding642,3_trunk_disease,1,0.9999986886978148,,coconut-tree-disease,Coconut Tree Disease Dataset/Stem Bleeding/StemBleeding642.jpg,stembleed,1
lf3_trunk,StemBleeding656,3_trunk_disease,1,1.0,,coconut-tree-disease,Coconut Tree Disease Dataset/Stem Bleeding/StemBleeding656.jpg,stembleed,1
lf3_trunk,StemBleeding657,3_trunk_disease,1,1.0,,coconut-tree-disease,Coconut Tree Disease Dataset/Stem Bleeding/StemBleeding657.jpg,stembleed,1
lf3_trunk,StemBleeding660,3_trunk_disease,1,1.0,,coconut-tree-disease,Coconut Tree Disease Dataset/Stem Bleeding/StemBleeding660.jpg,stembleed,1
lf3_trunk,StemBleeding665,3_trunk_disease,1,1.0,,coconut-tree-disease,Coconut Tree Disease Dataset/Stem Bleeding/StemBleeding665.jpg,stembleed,1
lf3_trunk,StemBleeding673,3_trunk_disease,1,1.0,,coconut-tree-disease,Coconut Tree Disease Dataset/Stem Bleeding/StemBleeding673.jpg,stembleed,1
lf3_trunk,StemBleeding678,3_trunk_disease,1,1.0,,coconut-tree-disease,Coconut Tree Disease Dataset/Stem Bleeding/StemBleeding678.jpg,stembleed,1
lf3_trunk,StemBleeding680,3_trunk_disease,1,1.0,,coconut-tree-disease,Coconut Tree Disease Dataset/Stem Bleeding/StemBleeding680.jpg,stembleed,1
lf3_trunk,StemBleeding694,3_trunk_disease,1,1.0,,coconut-tree-disease,Coconut Tree Disease Dataset/Stem Bleeding/StemBleeding694.jpg,stembleed,1
lf3_trunk,StemBleeding699,3_trunk_disease,1,1.0,,coconut-tree-disease,Coconut Tree Disease Dataset/Stem Bleeding/StemBleeding699.jpg,stembleed,1
lf3_trunk,StemBleeding701,3_trunk_disease,1,1.0,,coconut-tree-disease,Coconut Tree Disease Dataset/Stem Bleeding/StemBleeding701.jpg,stembleed,1
lf3_trunk,StemBleeding704,3_trunk_disease,1,1.0,,coconut-tree-disease,Coconut Tree Disease Dataset/Stem Bleeding/StemBleeding704.jpg,stembleed,1
lf3_trunk,StemBleeding705,3_trunk_disease,1,1.0,,coconut-tree-disease,Coconut Tree Disease Dataset/Stem Bleeding/StemBleeding705.jpg,stembleed,1
lf3_trunk,StemBleeding728,3_trunk_disease,1,1.0,,coconut-tree-disease,Coconut Tree Disease Dataset/Stem Bleeding/StemBleeding728.jpg,stembleed,1
lf3_trunk,StemBleeding729,3_trunk_disease,1,1.0,,coconut-tree-disease,Coconut Tree Disease Dataset/Stem Bleeding/StemBleeding729.jpg,stembleed,1
lf3_trunk,StemBleeding731,3_trunk_disease,1,1.0,,coconut-tree-disease,Coconut Tree Disease Dataset/Stem Bleeding/StemBleeding731.jpg,stembleed,1
lf3_trunk,StemBleeding736,3_trunk_disease,1,0.9999992847442628,,coconut-tree-disease,Coconut Tree Disease Dataset/Stem Bleeding/StemBleeding736.jpg,stembleed,1
lf3_trunk,StemBleeding750,3_trunk_disease,1,1.0,,coconut-tree-disease,Coconut Tree Disease Dataset/Stem Bleeding/StemBleeding750.jpg,stembleed,1
lf3_trunk,StemBleeding751,3_trunk_disease,1,1.0,,coconut-tree-disease,Coconut Tree Disease Dataset/Stem Bleeding/StemBleeding751.jpg,stembleed,1
lf3_trunk,StemBleeding753,3_trunk_disease,1,0.9999998807907104,,coconut-tree-disease,Coconut Tree Disease Dataset/Stem Bleeding/StemBleeding753.jpg,stembleed,1
lf3_trunk,StemBleeding758,3_trunk_disease,1,1.0,,coconut-tree-disease,Coconut Tree Disease Dataset/Stem Bleeding/StemBleeding758.jpg,stembleed,1
lf3_trunk,StemBleeding760,3_trunk_disease,1,1.0,,coconut-tree-disease,Coconut Tree Disease Dataset/Stem Bleeding/StemBleeding760.jpg,stembleed,1
lf3_trunk,StemBleeding767,3_trunk_disease,1,1.0,,coconut-tree-disease,Coconut Tree Disease Dataset/Stem Bleeding/StemBleeding767.jpg,stembleed,1
lf3_trunk,StemBleeding771,3_trunk_disease,1,0.9999998807907104,,coconut-tree-disease,Coconut Tree Disease Dataset/Stem Bleeding/StemBleeding771.jpg,stembleed,1
lf3_trunk,StemBleeding778,3_trunk_disease,1,0.9999979734420776,,coconut-tree-disease,Coconut Tree Disease Dataset/Stem Bleeding/StemBleeding778.jpg,stembleed,1
lf3_trunk,StemBleeding786,3_trunk_disease,1,1.0,,coconut-tree-disease,Coconut Tree Disease Dataset/Stem Bleeding/StemBleeding786.jpg,stembleed,1
lf3_trunk,StemBleeding795,3_trunk_disease,1,0.9999971389770508,,coconut-tree-disease,Coconut Tree Disease Dataset/Stem Bleeding/StemBleeding795.jpg,stembleed,1
lf3_trunk,StemBleeding800,3_trunk_disease,1,0.9999997615814208,,coconut-tree-disease,Coconut Tree Disease Dataset/Stem Bleeding/StemBleeding800.jpg,stembleed,1
lf3_trunk,StemBleeding807,3_trunk_disease,1,0.9999998807907104,,coconut-tree-disease,Coconut Tree Disease Dataset/Stem Bleeding/StemBleeding807.jpg,stembleed,1
lf3_trunk,StemBleeding814,3_trunk_disease,1,0.9999994039535522,,coconut-tree-disease,Coconut Tree Disease Dataset/Stem Bleeding/StemBleeding814.jpg,stembleed,1
lf3_trunk,StemBleeding816,3_trunk_disease,1,0.9999986886978148,,coconut-tree-disease,Coconut Tree Disease Dataset/Stem Bleeding/StemBleeding816.jpg,stembleed,1
lf3_trunk,StemBleeding824,3_trunk_disease,1,1.0,,coconut-tree-disease,Coconut Tree Disease Dataset/Stem Bleeding/StemBleeding824.jpg,stembleed,1
lf3_trunk,StemBleeding839,3_trunk_disease,1,1.0,,coconut-tree-disease,Coconut Tree Disease Dataset/Stem Bleeding/StemBleeding839.jpg,stembleed,1
lf3_trunk,StemBleeding842,3_trunk_disease,1,1.0,,coconut-tree-disease,Coconut Tree Disease Dataset/Stem Bleeding/StemBleeding842.jpg,stembleed,1
lf3_trunk,StemBleeding844,3_trunk_disease,1,0.9999998807907104,,coconut-tree-disease,Coconut Tree Disease Dataset/Stem Bleeding/StemBleeding844.jpg,stembleed,1
lf3_trunk,StemBleeding849,3_trunk_disease,1,1.0,,coconut-tree-disease,Coconut Tree Disease Dataset/Stem Bleeding/StemBleeding849.jpg,stembleed,1
lf3_trunk,StemBleeding850,3_trunk_disease,1,1.0,,coconut-tree-disease,Coconut Tree Disease Dataset/Stem Bleeding/StemBleeding850.jpg,stembleed,1
lf3_trunk,StemBleeding854,3_trunk_disease,1,0.9999998807907104,,coconut-tree-disease,Coconut Tree Disease Dataset/Stem Bleeding/StemBleeding854.jpg,stembleed,1
lf3_trunk,StemBleeding859,3_trunk_disease,1,0.9999998807907104,,coconut-tree-disease,Coconut Tree Disease Dataset/Stem Bleeding/StemBleeding859.jpg,stembleed,1
lf3_trunk,StemBleeding860,3_trunk_disease,1,0.9999998807907104,,coconut-tree-disease,Coconut Tree Disease Dataset/Stem Bleeding/StemBleeding860.jpg,stembleed,1
lf3_trunk,StemBleeding861,3_trunk_disease,1,0.9999998807907104,,coconut-tree-disease,Coconut Tree Disease Dataset/Stem Bleeding/StemBleeding861.jpg,stembleed,1
lf3_trunk,StemBleeding868,3_trunk_disease,1,0.9999998807907104,,coconut-tree-disease,Coconut Tree Disease Dataset/Stem Bleeding/StemBleeding868.jpg,stembleed,1
lf3_trunk,StemBleeding881,3_trunk_disease,1,1.0,,coconut-tree-disease,Coconut Tree Disease Dataset/Stem Bleeding/StemBleeding881.jpg,stembleed,1
lf3_trunk,StemBleeding890,3_trunk_disease,1,1.0,,coconut-tree-disease,Coconut Tree Disease Dataset/Stem Bleeding/StemBleeding890.jpg,stembleed,1
lf3_trunk,StemBleeding892,3_trunk_disease,1,1.0,,coconut-tree-disease,Coconut Tree Disease Dataset/Stem Bleeding/StemBleeding892.jpg,stembleed,1
lf3_trunk,StemBleeding907,3_trunk_disease,1,0.9999986886978148,,coconut-tree-disease,Coconut Tree Disease Dataset/Stem Bleeding/StemBleeding907.jpg,stembleed,1
lf3_trunk,StemBleeding912,3_trunk_disease,1,0.9999998807907104,,coconut-tree-disease,Coconut Tree Disease Dataset/Stem Bleeding/StemBleeding912.jpg,stembleed,1
lf3_trunk,StemBleeding913,3_trunk_disease,1,0.9999994039535522,,coconut-tree-disease,Coconut Tree Disease Dataset/Stem Bleeding/StemBleeding913.jpg,stembleed,1
lf3_trunk,StemBleeding919,3_trunk_disease,1,0.999903917312622,,coconut-tree-disease,Coconut Tree Disease Dataset/Stem Bleeding/StemBleeding919.jpg,stembleed,1
lf3_trunk,StemBleeding920,3_trunk_disease,1,0.9990424513816832,,coconut-tree-disease,Coconut Tree Disease Dataset/Stem Bleeding/StemBleeding920.jpg,stembleed,1
lf3_trunk,StemBleeding926,3_trunk_disease,1,0.9725034832954408,,coconut-tree-disease,Coconut Tree Disease Dataset/Stem Bleeding/StemBleeding926.jpg,stembleed,1
lf3_trunk,StemBleeding937,3_trunk_disease,1,0.9999997615814208,,coconut-tree-disease,Coconut Tree Disease Dataset/Stem Bleeding/StemBleeding937.jpg,stembleed,1
lf3_trunk,StemBleeding946,3_trunk_disease,1,0.999997854232788,,coconut-tree-disease,Coconut Tree Disease Dataset/Stem Bleeding/StemBleeding946.jpg,stembleed,1
lf3_trunk,StemBleeding947,3_trunk_disease,1,0.99999737739563,,coconut-tree-disease,Coconut Tree Disease Dataset/Stem Bleeding/StemBleeding947.jpg,stembleed,1
lf3_trunk,StemBleeding952,3_trunk_disease,1,0.9999998807907104,,coconut-tree-disease,Coconut Tree Disease Dataset/Stem Bleeding/StemBleeding952.jpg,stembleed,1
lf3_trunk,StemBleeding954,3_trunk_disease,1,0.9999998807907104,,coconut-tree-disease,Coconut Tree Disease Dataset/Stem Bleeding/StemBleeding954.jpg,stembleed,1
lf3_trunk,StemBleeding960,3_trunk_disease,1,0.9999998807907104,,coconut-tree-disease,Coconut Tree Disease Dataset/Stem Bleeding/StemBleeding960.jpg,stembleed,1
lf3_trunk,StemBleeding972,3_trunk_disease,1,0.9999982118606568,,coconut-tree-disease,Coconut Tree Disease Dataset/Stem Bleeding/StemBleeding972.jpg,stembleed,1
lf3_trunk,StemBleeding976,3_trunk_disease,1,0.9999996423721312,,coconut-tree-disease,Coconut Tree Disease Dataset/Stem Bleeding/StemBleeding976.jpg,stembleed,1
lf3_trunk,StemBleeding986,3_trunk_disease,1,0.9999992847442628,,coconut-tree-disease,Coconut Tree Disease Dataset/Stem Bleeding/StemBleeding986.jpg,stembleed,1
lf3_trunk,StemBleeding994,3_trunk_disease,1,0.999998927116394,,coconut-tree-disease,Coconut Tree Disease Dataset/Stem Bleeding/StemBleeding994.jpg,stembleed,1
lf3_trunk,StemBleeding995,3_trunk_disease,1,0.999997615814209,,coconut-tree-disease,Coconut Tree Disease Dataset/Stem Bleeding/StemBleeding995.jpg,stembleed,1
lf3_trunk,StemBleeding997,3_trunk_disease,1,0.9999964237213136,,coconut-tree-disease,Coconut Tree Disease Dataset/Stem Bleeding/StemBleeding997.jpg,stembleed,1
lf3_trunk,StemBleeding009,3_trunk_disease,1,0.9999997615814208,,coconut-tree-disease,Coconut Tree Disease Dataset/Stem Bleeding/StemBleeding009.jpg,stembleed,2
lf3_trunk,StemBleeding015,3_trunk_disease,1,0.9999997615814208,,coconut-tree-disease,Coconut Tree Disease Dataset/Stem Bleeding/StemBleeding015.jpg,stembleed,2
lf3_trunk,StemBleeding026,3_trunk_disease,1,0.9999997615814208,,coconut-tree-disease,Coconut Tree Disease Dataset/Stem Bleeding/StemBleeding026.jpg,stembleed,2
lf3_trunk,StemBleeding027,3_trunk_disease,1,0.9999997615814208,,coconut-tree-disease,Coconut Tree Disease Dataset/Stem Bleeding/StemBleeding027.jpg,stembleed,2
lf3_trunk,StemBleeding033,3_trunk_disease,1,1.0,,coconut-tree-disease,Coconut Tree Disease Dataset/Stem Bleeding/StemBleeding033.jpg,stembleed,2
lf3_trunk,StemBleeding035,3_trunk_disease,1,0.9999997615814208,,coconut-tree-disease,Coconut Tree Disease Dataset/Stem Bleeding/StemBleeding035.jpg,stembleed,2
lf3_trunk,StemBleeding051,3_trunk_disease,1,1.0,,coconut-tree-disease,Coconut Tree Disease Dataset/Stem Bleeding/StemBleeding051.jpg,stembleed,2
lf3_trunk,StemBleeding055,3_trunk_disease,1,0.9999998807907104,,coconut-tree-disease,Coconut Tree Disease Dataset/Stem Bleeding/StemBleeding055.jpg,stembleed,2
lf3_trunk,StemBleeding057,3_trunk_disease,1,0.9999997615814208,,coconut-tree-disease,Coconut Tree Disease Dataset/Stem Bleeding/StemBleeding057.jpg,stembleed,2
lf3_trunk,StemBleeding084,3_trunk_disease,1,0.9999998807907104,,coconut-tree-disease,Coconut Tree Disease Dataset/Stem Bleeding/StemBleeding084.jpg,stembleed,2
lf3_trunk,StemBleeding087,3_trunk_disease,1,0.9999998807907104,,coconut-tree-disease,Coconut Tree Disease Dataset/Stem Bleeding/StemBleeding087.jpg,stembleed,2
lf3_trunk,StemBleeding088,3_trunk_disease,1,0.9999998807907104,,coconut-tree-disease,Coconut Tree Disease Dataset/Stem Bleeding/StemBleeding088.jpg,stembleed,2
lf3_trunk,StemBleeding091,3_trunk_disease,1,0.9999998807907104,,coconut-tree-disease,Coconut Tree Disease Dataset/Stem Bleeding/StemBleeding091.jpg,stembleed,2
lf3_trunk,StemBleeding1005,3_trunk_disease,1,0.9999997615814208,,coconut-tree-disease,Coconut Tree Disease Dataset/Stem Bleeding/StemBleeding1005.jpg,stembleed,2
lf3_trunk,StemBleeding109,3_trunk_disease,1,0.9999998807907104,,coconut-tree-disease,Coconut Tree Disease Dataset/Stem Bleeding/StemBleeding109.jpg,stembleed,2
lf3_trunk,StemBleeding114,3_trunk_disease,1,1.0,,coconut-tree-disease,Coconut Tree Disease Dataset/Stem Bleeding/StemBleeding114.jpg,stembleed,2
lf3_trunk,StemBleeding118,3_trunk_disease,1,1.0,,coconut-tree-disease,Coconut Tree Disease Dataset/Stem Bleeding/StemBleeding118.jpg,stembleed,2
lf3_trunk,StemBleeding119,3_trunk_disease,1,1.0,,coconut-tree-disease,Coconut Tree Disease Dataset/Stem Bleeding/StemBleeding119.jpg,stembleed,2
lf3_trunk,StemBleeding124,3_trunk_disease,1,1.0,,coconut-tree-disease,Coconut Tree Disease Dataset/Stem Bleeding/StemBleeding124.jpg,stembleed,2
lf3_trunk,StemBleeding128,3_trunk_disease,1,0.999998927116394,,coconut-tree-disease,Coconut Tree Disease Dataset/Stem Bleeding/StemBleeding128.jpg,stembleed,2
lf3_trunk,StemBleeding130,3_trunk_disease,1,0.9999990463256836,,coconut-tree-disease,Coconut Tree Disease Dataset/Stem Bleeding/StemBleeding130.jpg,stembleed,2
lf3_trunk,StemBleeding131,3_trunk_disease,1,0.9999997615814208,,coconut-tree-disease,Coconut Tree Disease Dataset/Stem Bleeding/StemBleeding131.jpg,stembleed,2
lf3_trunk,StemBleeding134,3_trunk_disease,1,0.9999995231628418,,coconut-tree-disease,Coconut Tree Disease Dataset/Stem Bleeding/StemBleeding134.jpg,stembleed,2
lf3_trunk,StemBleeding138,3_trunk_disease,1,0.9999997615814208,,coconut-tree-disease,Coconut Tree Disease Dataset/Stem Bleeding/StemBleeding138.jpg,stembleed,2
lf3_trunk,StemBleeding139,3_trunk_disease,1,0.9999997615814208,,coconut-tree-disease,Coconut Tree Disease Dataset/Stem Bleeding/StemBleeding139.jpg,stembleed,2
lf3_trunk,StemBleeding148,3_trunk_disease,1,0.9999997615814208,,coconut-tree-disease,Coconut Tree Disease Dataset/Stem Bleeding/StemBleeding148.jpg,stembleed,2
lf3_trunk,StemBleeding156,3_trunk_disease,1,0.9999971389770508,,coconut-tree-disease,Coconut Tree Disease Dataset/Stem Bleeding/StemBleeding156.jpg,stembleed,2
lf3_trunk,StemBleeding157,3_trunk_disease,1,0.9999970197677612,,coconut-tree-disease,Coconut Tree Disease Dataset/Stem Bleeding/StemBleeding157.jpg,stembleed,2
lf3_trunk,StemBleeding159,3_trunk_disease,1,0.9999986886978148,,coconut-tree-disease,Coconut Tree Disease Dataset/Stem Bleeding/StemBleeding159.jpg,stembleed,2
lf3_trunk,StemBleeding170,3_trunk_disease,1,0.9999992847442628,,coconut-tree-disease,Coconut Tree Disease Dataset/Stem Bleeding/StemBleeding170.jpg,stembleed,2
lf3_trunk,StemBleeding172,3_trunk_disease,1,0.9999997615814208,,coconut-tree-disease,Coconut Tree Disease Dataset/Stem Bleeding/StemBleeding172.jpg,stembleed,2
lf3_trunk,StemBleeding184,3_trunk_disease,1,1.0,,coconut-tree-disease,Coconut Tree Disease Dataset/Stem Bleeding/StemBleeding184.jpg,stembleed,2
lf3_trunk,StemBleeding188,3_trunk_disease,1,0.9999994039535522,,coconut-tree-disease,Coconut Tree Disease Dataset/Stem Bleeding/StemBleeding188.jpg,stembleed,2
lf3_trunk,StemBleeding196,3_trunk_disease,1,0.9999994039535522,,coconut-tree-disease,Coconut Tree Disease Dataset/Stem Bleeding/StemBleeding196.jpg,stembleed,2
lf3_trunk,StemBleeding201,3_trunk_disease,1,1.0,,coconut-tree-disease,Coconut Tree Disease Dataset/Stem Bleeding/StemBleeding201.jpg,stembleed,2
lf3_trunk,StemBleeding206,3_trunk_disease,1,0.9999998807907104,,coconut-tree-disease,Coconut Tree Disease Dataset/Stem Bleeding/StemBleeding206.jpg,stembleed,2
lf3_trunk,StemBleeding207,3_trunk_disease,1,1.0,,coconut-tree-disease,Coconut Tree Disease Dataset/Stem Bleeding/StemBleeding207.jpg,stembleed,2
lf3_trunk,StemBleeding211,3_trunk_disease,1,0.9999997615814208,,coconut-tree-disease,Coconut Tree Disease Dataset/Stem Bleeding/StemBleeding211.jpg,stembleed,2
lf3_trunk,StemBleeding212,3_trunk_disease,1,0.9999997615814208,,coconut-tree-disease,Coconut Tree Disease Dataset/Stem Bleeding/StemBleeding212.jpg,stembleed,2
lf3_trunk,StemBleeding213,3_trunk_disease,1,0.9999996423721312,,coconut-tree-disease,Coconut Tree Disease Dataset/Stem Bleeding/StemBleeding213.jpg,stembleed,2
lf3_trunk,StemBleeding214,3_trunk_disease,1,0.9999984502792358,,coconut-tree-disease,Coconut Tree Disease Dataset/Stem Bleeding/StemBleeding214.jpg,stembleed,2
lf3_trunk,StemBleeding227,3_trunk_disease,1,0.9999995231628418,,coconut-tree-disease,Coconut Tree Disease Dataset/Stem Bleeding/StemBleeding227.jpg,stembleed,2
lf3_trunk,StemBleeding237,3_trunk_disease,1,0.9999998807907104,,coconut-tree-disease,Coconut Tree Disease Dataset/Stem Bleeding/StemBleeding237.jpg,stembleed,2
lf3_trunk,StemBleeding254,3_trunk_disease,1,0.9999997615814208,,coconut-tree-disease,Coconut Tree Disease Dataset/Stem Bleeding/StemBleeding254.jpg,stembleed,2
lf3_trunk,StemBleeding255,3_trunk_disease,1,0.9999997615814208,,coconut-tree-disease,Coconut Tree Disease Dataset/Stem Bleeding/StemBleeding255.jpg,stembleed,2
lf3_trunk,StemBleeding257,3_trunk_disease,1,0.9999996423721312,,coconut-tree-disease,Coconut Tree Disease Dataset/Stem Bleeding/StemBleeding257.jpg,stembleed,2
lf3_trunk,StemBleeding271,3_trunk_disease,1,0.9999997615814208,,coconut-tree-disease,Coconut Tree Disease Dataset/Stem Bleeding/StemBleeding271.jpg,stembleed,2
lf3_trunk,StemBleeding281,3_trunk_disease,1,0.9999992847442628,,coconut-tree-disease,Coconut Tree Disease Dataset/Stem Bleeding/StemBleeding281.jpg,stembleed,2
lf3_trunk,StemBleeding294,3_trunk_disease,1,0.9999995231628418,,coconut-tree-disease,Coconut Tree Disease Dataset/Stem Bleeding/StemBleeding294.jpg,stembleed,2
lf3_trunk,StemBleeding296,3_trunk_disease,1,0.9999995231628418,,coconut-tree-disease,Coconut Tree Disease Dataset/Stem Bleeding/StemBleeding296.jpg,stembleed,2
lf3_trunk,StemBleeding305,3_trunk_disease,1,0.9999997615814208,,coconut-tree-disease,Coconut Tree Disease Dataset/Stem Bleeding/StemBleeding305.jpg,stembleed,2
lf3_trunk,StemBleeding311,3_trunk_disease,1,1.0,,coconut-tree-disease,Coconut Tree Disease Dataset/Stem Bleeding/StemBleeding311.jpg,stembleed,2
lf3_trunk,StemBleeding312,3_trunk_disease,1,1.0,,coconut-tree-disease,Coconut Tree Disease Dataset/Stem Bleeding/StemBleeding312.jpg,stembleed,2
lf3_trunk,StemBleeding314,3_trunk_disease,1,0.9999995231628418,,coconut-tree-disease,Coconut Tree Disease Dataset/Stem Bleeding/StemBleeding314.jpg,stembleed,2
lf3_trunk,StemBleeding317,3_trunk_disease,1,0.9999995231628418,,coconut-tree-disease,Coconut Tree Disease Dataset/Stem Bleeding/StemBleeding317.jpg,stembleed,2
lf3_trunk,StemBleeding320,3_trunk_disease,1,1.0,,coconut-tree-disease,Coconut Tree Disease Dataset/Stem Bleeding/StemBleeding320.jpg,stembleed,2
lf3_trunk,StemBleeding323,3_trunk_disease,1,0.9999997615814208,,coconut-tree-disease,Coconut Tree Disease Dataset/Stem Bleeding/StemBleeding323.jpg,stembleed,2
lf3_trunk,StemBleeding347,3_trunk_disease,1,0.9999996423721312,,coconut-tree-disease,Coconut Tree Disease Dataset/Stem Bleeding/StemBleeding347.jpg,stembleed,2
lf3_trunk,StemBleeding352,3_trunk_disease,1,0.9999998807907104,,coconut-tree-disease,Coconut Tree Disease Dataset/Stem Bleeding/StemBleeding352.jpg,stembleed,2
lf3_trunk,StemBleeding353,3_trunk_disease,1,0.9999998807907104,,coconut-tree-disease,Coconut Tree Disease Dataset/Stem Bleeding/StemBleeding353.jpg,stembleed,2
lf3_trunk,StemBleeding358,3_trunk_disease,1,0.9999996423721312,,coconut-tree-disease,Coconut Tree Disease Dataset/Stem Bleeding/StemBleeding358.jpg,stembleed,2
lf3_trunk,StemBleeding359,3_trunk_disease,1,0.9999995231628418,,coconut-tree-disease,Coconut Tree Disease Dataset/Stem Bleeding/StemBleeding359.jpg,stembleed,2
lf3_trunk,StemBleeding365,3_trunk_disease,1,0.9999995231628418,,coconut-tree-disease,Coconut Tree Disease Dataset/Stem Bleeding/StemBleeding365.jpg,stembleed,2
lf3_trunk,StemBleeding377,3_trunk_disease,1,0.9999998807907104,,coconut-tree-disease,Coconut Tree Disease Dataset/Stem Bleeding/StemBleeding377.jpg,stembleed,2
lf3_trunk,StemBleeding381,3_trunk_disease,1,0.9999998807907104,,coconut-tree-disease,Coconut Tree Disease Dataset/Stem Bleeding/StemBleeding381.jpg,stembleed,2
lf3_trunk,StemBleeding383,3_trunk_disease,1,0.9999998807907104,,coconut-tree-disease,Coconut Tree Disease Dataset/Stem Bleeding/StemBleeding383.jpg,stembleed,2
lf3_trunk,StemBleeding388,3_trunk_disease,1,0.9999998807907104,,coconut-tree-disease,Coconut Tree Disease Dataset/Stem Bleeding/StemBleeding388.jpg,stembleed,2
lf3_trunk,StemBleeding390,3_trunk_disease,1,0.9999997615814208,,coconut-tree-disease,Coconut Tree Disease Dataset/Stem Bleeding/StemBleeding390.jpg,stembleed,2
lf3_trunk,StemBleeding396,3_trunk_disease,1,0.9999997615814208,,coconut-tree-disease,Coconut Tree Disease Dataset/Stem Bleeding/StemBleeding396.jpg,stembleed,2
lf3_trunk,StemBleeding402,3_trunk_disease,1,1.0,,coconut-tree-disease,Coconut Tree Disease Dataset/Stem Bleeding/StemBleeding402.jpg,stembleed,2
lf3_trunk,StemBleeding410,3_trunk_disease,1,0.9999998807907104,,coconut-tree-disease,Coconut Tree Disease Dataset/Stem Bleeding/StemBleeding410.jpg,stembleed,2
lf3_trunk,StemBleeding411,3_trunk_disease,1,0.9999998807907104,,coconut-tree-disease,Coconut Tree Disease Dataset/Stem Bleeding/StemBleeding411.jpg,stembleed,2
lf3_trunk,StemBleeding415,3_trunk_disease,1,1.0,,coconut-tree-disease,Coconut Tree Disease Dataset/Stem Bleeding/StemBleeding415.jpg,stembleed,2
lf3_trunk,StemBleeding418,3_trunk_disease,1,1.0,,coconut-tree-disease,Coconut Tree Disease Dataset/Stem Bleeding/StemBleeding418.jpg,stembleed,2
lf3_trunk,StemBleeding420,3_trunk_disease,1,1.0,,coconut-tree-disease,Coconut Tree Disease Dataset/Stem Bleeding/StemBleeding420.jpg,stembleed,2
lf3_trunk,StemBleeding422,3_trunk_disease,1,1.0,,coconut-tree-disease,Coconut Tree Disease Dataset/Stem Bleeding/StemBleeding422.jpg,stembleed,2
lf3_trunk,StemBleeding424,3_trunk_disease,1,1.0,,coconut-tree-disease,Coconut Tree Disease Dataset/Stem Bleeding/StemBleeding424.jpg,stembleed,2
lf3_trunk,StemBleeding429,3_trunk_disease,1,1.0,,coconut-tree-disease,Coconut Tree Disease Dataset/Stem Bleeding/StemBleeding429.jpg,stembleed,2
lf3_trunk,StemBleeding434,3_trunk_disease,1,1.0,,coconut-tree-disease,Coconut Tree Disease Dataset/Stem Bleeding/StemBleeding434.jpg,stembleed,2
lf3_trunk,StemBleeding437,3_trunk_disease,1,1.0,,coconut-tree-disease,Coconut Tree Disease Dataset/Stem Bleeding/StemBleeding437.jpg,stembleed,2
lf3_trunk,StemBleeding442,3_trunk_disease,1,1.0,,coconut-tree-disease,Coconut Tree Disease Dataset/Stem Bleeding/StemBleeding442.jpg,stembleed,2
lf3_trunk,StemBleeding443,3_trunk_disease,1,1.0,,coconut-tree-disease,Coconut Tree Disease Dataset/Stem Bleeding/StemBleeding443.jpg,stembleed,2
lf3_trunk,StemBleeding444,3_trunk_disease,1,1.0,,coconut-tree-disease,Coconut Tree Disease Dataset/Stem Bleeding/StemBleeding444.jpg,stembleed,2
lf3_trunk,StemBleeding445,3_trunk_disease,1,1.0,,coconut-tree-disease,Coconut Tree Disease Dataset/Stem Bleeding/StemBleeding445.jpg,stembleed,2
lf3_trunk,StemBleeding447,3_trunk_disease,1,0.9999986886978148,,coconut-tree-disease,Coconut Tree Disease Dataset/Stem Bleeding/StemBleeding447.jpg,stembleed,2
lf3_trunk,StemBleeding453,3_trunk_disease,1,0.9999998807907104,,coconut-tree-disease,Coconut Tree Disease Dataset/Stem Bleeding/StemBleeding453.jpg,stembleed,2
lf3_trunk,StemBleeding460,3_trunk_disease,1,1.0,,coconut-tree-disease,Coconut Tree Disease Dataset/Stem Bleeding/StemBleeding460.jpg,stembleed,2
lf3_trunk,StemBleeding462,3_trunk_disease,1,1.0,,coconut-tree-disease,Coconut Tree Disease Dataset/Stem Bleeding/StemBleeding462.jpg,stembleed,2
lf3_trunk,StemBleeding463,3_trunk_disease,1,1.0,,coconut-tree-disease,Coconut Tree Disease Dataset/Stem Bleeding/StemBleeding463.jpg,stembleed,2
lf3_trunk,StemBleeding464,3_trunk_disease,1,1.0,,coconut-tree-disease,Coconut Tree Disease Dataset/Stem Bleeding/StemBleeding464.jpg,stembleed,2
lf3_trunk,StemBleeding473,3_trunk_disease,1,0.9999998807907104,,coconut-tree-disease,Coconut Tree Disease Dataset/Stem Bleeding/StemBleeding473.jpg,stembleed,2
lf3_trunk,StemBleeding482,3_trunk_disease,1,0.9999997615814208,,coconut-tree-disease,Coconut Tree Disease Dataset/Stem Bleeding/StemBleeding482.jpg,stembleed,2
lf3_trunk,StemBleeding489,3_trunk_disease,1,0.9999998807907104,,coconut-tree-disease,Coconut Tree Disease Dataset/Stem Bleeding/StemBleeding489.jpg,stembleed,2
lf3_trunk,StemBleeding492,3_trunk_disease,1,1.0,,coconut-tree-disease,Coconut Tree Disease Dataset/Stem Bleeding/StemBleeding492.jpg,stembleed,2
lf3_trunk,StemBleeding496,3_trunk_disease,1,1.0,,coconut-tree-disease,Coconut Tree Disease Dataset/Stem Bleeding/StemBleeding496.jpg,stembleed,2
lf3_trunk,StemBleeding502,3_trunk_disease,1,0.9999998807907104,,coconut-tree-disease,Coconut Tree Disease Dataset/Stem Bleeding/StemBleeding502.jpg,stembleed,2
lf3_trunk,StemBleeding516,3_trunk_disease,1,1.0,,coconut-tree-disease,Coconut Tree Disease Dataset/Stem Bleeding/StemBleeding516.jpg,stembleed,2
lf3_trunk,StemBleeding518,3_trunk_disease,1,1.0,,coconut-tree-disease,Coconut Tree Disease Dataset/Stem Bleeding/StemBleeding518.jpg,stembleed,2
lf3_trunk,StemBleeding521,3_trunk_disease,1,0.9999998807907104,,coconut-tree-disease,Coconut Tree Disease Dataset/Stem Bleeding/StemBleeding521.jpg,stembleed,2
lf3_trunk,StemBleeding526,3_trunk_disease,1,1.0,,coconut-tree-disease,Coconut Tree Disease Dataset/Stem Bleeding/StemBleeding526.jpg,stembleed,2
lf3_trunk,StemBleeding536,3_trunk_disease,1,1.0,,coconut-tree-disease,Coconut Tree Disease Dataset/Stem Bleeding/StemBleeding536.jpg,stembleed,2
lf3_trunk,StemBleeding537,3_trunk_disease,1,1.0,,coconut-tree-disease,Coconut Tree Disease Dataset/Stem Bleeding/StemBleeding537.jpg,stembleed,2
lf3_trunk,StemBleeding544,3_trunk_disease,1,1.0,,coconut-tree-disease,Coconut Tree Disease Dataset/Stem Bleeding/StemBleeding544.jpg,stembleed,2
lf3_trunk,StemBleeding545,3_trunk_disease,1,1.0,,coconut-tree-disease,Coconut Tree Disease Dataset/Stem Bleeding/StemBleeding545.jpg,stembleed,2
lf3_trunk,StemBleeding547,3_trunk_disease,1,1.0,,coconut-tree-disease,Coconut Tree Disease Dataset/Stem Bleeding/StemBleeding547.jpg,stembleed,2
lf3_trunk,StemBleeding551,3_trunk_disease,1,1.0,,coconut-tree-disease,Coconut Tree Disease Dataset/Stem Bleeding/StemBleeding551.jpg,stembleed,2
lf3_trunk,StemBleeding556,3_trunk_disease,1,1.0,,coconut-tree-disease,Coconut Tree Disease Dataset/Stem Bleeding/StemBleeding556.jpg,stembleed,2
lf3_trunk,StemBleeding563,3_trunk_disease,1,0.9999998807907104,,coconut-tree-disease,Coconut Tree Disease Dataset/Stem Bleeding/StemBleeding563.jpg,stembleed,2
lf3_trunk,StemBleeding568,3_trunk_disease,1,0.9999996423721312,,coconut-tree-disease,Coconut Tree Disease Dataset/Stem Bleeding/StemBleeding568.jpg,stembleed,2
lf3_trunk,StemBleeding581,3_trunk_disease,1,0.9999995231628418,,coconut-tree-disease,Coconut Tree Disease Dataset/Stem Bleeding/StemBleeding581.jpg,stembleed,2
lf3_trunk,StemBleeding585,3_trunk_disease,1,0.9999997615814208,,coconut-tree-disease,Coconut Tree Disease Dataset/Stem Bleeding/StemBleeding585.jpg,stembleed,2
lf3_trunk,StemBleeding586,3_trunk_disease,1,0.9999997615814208,,coconut-tree-disease,Coconut Tree Disease Dataset/Stem Bleeding/StemBleeding586.jpg,stembleed,2
lf3_trunk,StemBleeding587,3_trunk_disease,1,0.9999997615814208,,coconut-tree-disease,Coconut Tree Disease Dataset/Stem Bleeding/StemBleeding587.jpg,stembleed,2
lf3_trunk,StemBleeding588,3_trunk_disease,1,0.9999997615814208,,coconut-tree-disease,Coconut Tree Disease Dataset/Stem Bleeding/StemBleeding588.jpg,stembleed,2
lf3_trunk,StemBleeding594,3_trunk_disease,1,0.9999997615814208,,coconut-tree-disease,Coconut Tree Disease Dataset/Stem Bleeding/StemBleeding594.jpg,stembleed,2
lf3_trunk,StemBleeding595,3_trunk_disease,1,0.9999995231628418,,coconut-tree-disease,Coconut Tree Disease Dataset/Stem Bleeding/StemBleeding595.jpg,stembleed,2
lf3_trunk,StemBleeding602,3_trunk_disease,1,0.9999984502792358,,coconut-tree-disease,Coconut Tree Disease Dataset/Stem Bleeding/StemBleeding602.jpg,stembleed,2
lf3_trunk,StemBleeding607,3_trunk_disease,1,0.9999994039535522,,coconut-tree-disease,Coconut Tree Disease Dataset/Stem Bleeding/StemBleeding607.jpg,stembleed,2
lf3_trunk,StemBleeding611,3_trunk_disease,1,0.9999998807907104,,coconut-tree-disease,Coconut Tree Disease Dataset/Stem Bleeding/StemBleeding611.jpg,stembleed,2
lf3_trunk,StemBleeding612,3_trunk_disease,1,0.9999998807907104,,coconut-tree-disease,Coconut Tree Disease Dataset/Stem Bleeding/StemBleeding612.jpg,stembleed,2
lf3_trunk,StemBleeding620,3_trunk_disease,1,1.0,,coconut-tree-disease,Coconut Tree Disease Dataset/Stem Bleeding/StemBleeding620.jpg,stembleed,2
lf3_trunk,StemBleeding621,3_trunk_disease,1,1.0,,coconut-tree-disease,Coconut Tree Disease Dataset/Stem Bleeding/StemBleeding621.jpg,stembleed,2
lf3_trunk,StemBleeding622,3_trunk_disease,1,1.0,,coconut-tree-disease,Coconut Tree Disease Dataset/Stem Bleeding/StemBleeding622.jpg,stembleed,2
lf3_trunk,StemBleeding628,3_trunk_disease,1,0.9999997615814208,,coconut-tree-disease,Coconut Tree Disease Dataset/Stem Bleeding/StemBleeding628.jpg,stembleed,2
lf3_trunk,StemBleeding631,3_trunk_disease,1,0.9999997615814208,,coconut-tree-disease,Coconut Tree Disease Dataset/Stem Bleeding/StemBleeding631.jpg,stembleed,2
lf3_trunk,StemBleeding637,3_trunk_disease,1,0.9999998807907104,,coconut-tree-disease,Coconut Tree Disease Dataset/Stem Bleeding/StemBleeding637.jpg,stembleed,2
lf3_trunk,StemBleeding643,3_trunk_disease,1,0.9999998807907104,,coconut-tree-disease,Coconut Tree Disease Dataset/Stem Bleeding/StemBleeding643.jpg,stembleed,2
lf3_trunk,StemBleeding645,3_trunk_disease,1,0.9999998807907104,,coconut-tree-disease,Coconut Tree Disease Dataset/Stem Bleeding/StemBleeding645.jpg,stembleed,2
lf3_trunk,StemBleeding647,3_trunk_disease,1,0.9999998807907104,,coconut-tree-disease,Coconut Tree Disease Dataset/Stem Bleeding/StemBleeding647.jpg,stembleed,2
lf3_trunk,StemBleeding659,3_trunk_disease,1,1.0,,coconut-tree-disease,Coconut Tree Disease Dataset/Stem Bleeding/StemBleeding659.jpg,stembleed,2
lf3_trunk,StemBleeding662,3_trunk_disease,1,1.0,,coconut-tree-disease,Coconut Tree Disease Dataset/Stem Bleeding/StemBleeding662.jpg,stembleed,2
lf3_trunk,StemBleeding669,3_trunk_disease,1,1.0,,coconut-tree-disease,Coconut Tree Disease Dataset/Stem Bleeding/StemBleeding669.jpg,stembleed,2
lf3_trunk,StemBleeding683,3_trunk_disease,1,1.0,,coconut-tree-disease,Coconut Tree Disease Dataset/Stem Bleeding/StemBleeding683.jpg,stembleed,2
lf3_trunk,StemBleeding688,3_trunk_disease,1,1.0,,coconut-tree-disease,Coconut Tree Disease Dataset/Stem Bleeding/StemBleeding688.jpg,stembleed,2
lf3_trunk,StemBleeding689,3_trunk_disease,1,0.9999998807907104,,coconut-tree-disease,Coconut Tree Disease Dataset/Stem Bleeding/StemBleeding689.jpg,stembleed,2
lf3_trunk,StemBleeding690,3_trunk_disease,1,0.9999998807907104,,coconut-tree-disease,Coconut Tree Disease Dataset/Stem Bleeding/StemBleeding690.jpg,stembleed,2
lf3_trunk,StemBleeding692,3_trunk_disease,1,0.9999997615814208,,coconut-tree-disease,Coconut Tree Disease Dataset/Stem Bleeding/StemBleeding692.jpg,stembleed,2
lf3_trunk,StemBleeding698,3_trunk_disease,1,1.0,,coconut-tree-disease,Coconut Tree Disease Dataset/Stem Bleeding/StemBleeding698.jpg,stembleed,2
lf3_trunk,StemBleeding700,3_trunk_disease,1,0.9999998807907104,,coconut-tree-disease,Coconut Tree Disease Dataset/Stem Bleeding/StemBleeding700.jpg,stembleed,2
lf3_trunk,StemBleeding703,3_trunk_disease,1,0.9999998807907104,,coconut-tree-disease,Coconut Tree Disease Dataset/Stem Bleeding/StemBleeding703.jpg,stembleed,2
lf3_trunk,StemBleeding706,3_trunk_disease,1,1.0,,coconut-tree-disease,Coconut Tree Disease Dataset/Stem Bleeding/StemBleeding706.jpg,stembleed,2
lf3_trunk,StemBleeding709,3_trunk_disease,1,0.9999998807907104,,coconut-tree-disease,Coconut Tree Disease Dataset/Stem Bleeding/StemBleeding709.jpg,stembleed,2
lf3_trunk,StemBleeding710,3_trunk_disease,1,0.9999997615814208,,coconut-tree-disease,Coconut Tree Disease Dataset/Stem Bleeding/StemBleeding710.jpg,stembleed,2
lf3_trunk,StemBleeding722,3_trunk_disease,1,1.0,,coconut-tree-disease,Coconut Tree Disease Dataset/Stem Bleeding/StemBleeding722.jpg,stembleed,2
lf3_trunk,StemBleeding726,3_trunk_disease,1,0.9999998807907104,,coconut-tree-disease,Coconut Tree Disease Dataset/Stem Bleeding/StemBleeding726.jpg,stembleed,2
lf3_trunk,StemBleeding734,3_trunk_disease,1,1.0,,coconut-tree-disease,Coconut Tree Disease Dataset/Stem Bleeding/StemBleeding734.jpg,stembleed,2
lf3_trunk,StemBleeding745,3_trunk_disease,1,1.0,,coconut-tree-disease,Coconut Tree Disease Dataset/Stem Bleeding/StemBleeding745.jpg,stembleed,2
lf3_trunk,StemBleeding755,3_trunk_disease,1,1.0,,coconut-tree-disease,Coconut Tree Disease Dataset/Stem Bleeding/StemBleeding755.jpg,stembleed,2
lf3_trunk,StemBleeding756,3_trunk_disease,1,1.0,,coconut-tree-disease,Coconut Tree Disease Dataset/Stem Bleeding/StemBleeding756.jpg,stembleed,2
lf3_trunk,StemBleeding765,3_trunk_disease,1,1.0,,coconut-tree-disease,Coconut Tree Disease Dataset/Stem Bleeding/StemBleeding765.jpg,stembleed,2
lf3_trunk,StemBleeding770,3_trunk_disease,1,0.9999990463256836,,coconut-tree-disease,Coconut Tree Disease Dataset/Stem Bleeding/StemBleeding770.jpg,stembleed,2
lf3_trunk,StemBleeding779,3_trunk_disease,1,1.0,,coconut-tree-disease,Coconut Tree Disease Dataset/Stem Bleeding/StemBleeding779.jpg,stembleed,2
lf3_trunk,StemBleeding781,3_trunk_disease,1,0.9999998807907104,,coconut-tree-disease,Coconut Tree Disease Dataset/Stem Bleeding/StemBleeding781.jpg,stembleed,2
lf3_trunk,StemBleeding782,3_trunk_disease,1,1.0,,coconut-tree-disease,Coconut Tree Disease Dataset/Stem Bleeding/StemBleeding782.jpg,stembleed,2
lf3_trunk,StemBleeding783,3_trunk_disease,1,1.0,,coconut-tree-disease,Coconut Tree Disease Dataset/Stem Bleeding/StemBleeding783.jpg,stembleed,2
lf3_trunk,StemBleeding785,3_trunk_disease,1,1.0,,coconut-tree-disease,Coconut Tree Disease Dataset/Stem Bleeding/StemBleeding785.jpg,stembleed,2
lf3_trunk,StemBleeding787,3_trunk_disease,1,1.0,,coconut-tree-disease,Coconut Tree Disease Dataset/Stem Bleeding/StemBleeding787.jpg,stembleed,2
lf3_trunk,StemBleeding789,3_trunk_disease,1,0.9999998807907104,,coconut-tree-disease,Coconut Tree Disease Dataset/Stem Bleeding/StemBleeding789.jpg,stembleed,2
lf3_trunk,StemBleeding791,3_trunk_disease,1,0.9999998807907104,,coconut-tree-disease,Coconut Tree Disease Dataset/Stem Bleeding/StemBleeding791.jpg,stembleed,2
lf3_trunk,StemBleeding796,3_trunk_disease,1,0.9999998807907104,,coconut-tree-disease,Coconut Tree Disease Dataset/Stem Bleeding/StemBleeding796.jpg,stembleed,2
lf3_trunk,StemBleeding803,3_trunk_disease,1,1.0,,coconut-tree-disease,Coconut Tree Disease Dataset/Stem Bleeding/StemBleeding803.jpg,stembleed,2
lf3_trunk,StemBleeding805,3_trunk_disease,1,1.0,,coconut-tree-disease,Coconut Tree Disease Dataset/Stem Bleeding/StemBleeding805.jpg,stembleed,2
lf3_trunk,StemBleeding806,3_trunk_disease,1,1.0,,coconut-tree-disease,Coconut Tree Disease Dataset/Stem Bleeding/StemBleeding806.jpg,stembleed,2
lf3_trunk,StemBleeding820,3_trunk_disease,1,1.0,,coconut-tree-disease,Coconut Tree Disease Dataset/Stem Bleeding/StemBleeding820.jpg,stembleed,2
lf3_trunk,StemBleeding821,3_trunk_disease,1,1.0,,coconut-tree-disease,Coconut Tree Disease Dataset/Stem Bleeding/StemBleeding821.jpg,stembleed,2
lf3_trunk,StemBleeding822,3_trunk_disease,1,1.0,,coconut-tree-disease,Coconut Tree Disease Dataset/Stem Bleeding/StemBleeding822.jpg,stembleed,2
lf3_trunk,StemBleeding831,3_trunk_disease,1,0.9999997615814208,,coconut-tree-disease,Coconut Tree Disease Dataset/Stem Bleeding/StemBleeding831.jpg,stembleed,2
lf3_trunk,StemBleeding835,3_trunk_disease,1,1.0,,coconut-tree-disease,Coconut Tree Disease Dataset/Stem Bleeding/StemBleeding835.jpg,stembleed,2
lf3_trunk,StemBleeding845,3_trunk_disease,1,0.9999998807907104,,coconut-tree-disease,Coconut Tree Disease Dataset/Stem Bleeding/StemBleeding845.jpg,stembleed,2
lf3_trunk,StemBleeding851,3_trunk_disease,1,0.9999998807907104,,coconut-tree-disease,Coconut Tree Disease Dataset/Stem Bleeding/StemBleeding851.jpg,stembleed,2
lf3_trunk,StemBleeding852,3_trunk_disease,1,1.0,,coconut-tree-disease,Coconut Tree Disease Dataset/Stem Bleeding/StemBleeding852.jpg,stembleed,2
lf3_trunk,StemBleeding858,3_trunk_disease,1,0.9999997615814208,,coconut-tree-disease,Coconut Tree Disease Dataset/Stem Bleeding/StemBleeding858.jpg,stembleed,2
lf3_trunk,StemBleeding863,3_trunk_disease,1,0.9999997615814208,,coconut-tree-disease,Coconut Tree Disease Dataset/Stem Bleeding/StemBleeding863.jpg,stembleed,2
lf3_trunk,StemBleeding870,3_trunk_disease,1,1.0,,coconut-tree-disease,Coconut Tree Disease Dataset/Stem Bleeding/StemBleeding870.jpg,stembleed,2
lf3_trunk,StemBleeding876,3_trunk_disease,1,0.9999997615814208,,coconut-tree-disease,Coconut Tree Disease Dataset/Stem Bleeding/StemBleeding876.jpg,stembleed,2
lf3_trunk,StemBleeding882,3_trunk_disease,1,1.0,,coconut-tree-disease,Coconut Tree Disease Dataset/Stem Bleeding/StemBleeding882.jpg,stembleed,2
lf3_trunk,StemBleeding885,3_trunk_disease,1,1.0,,coconut-tree-disease,Coconut Tree Disease Dataset/Stem Bleeding/StemBleeding885.jpg,stembleed,2
lf3_trunk,StemBleeding891,3_trunk_disease,1,1.0,,coconut-tree-disease,Coconut Tree Disease Dataset/Stem Bleeding/StemBleeding891.jpg,stembleed,2
lf3_trunk,StemBleeding894,3_trunk_disease,1,0.999998927116394,,coconut-tree-disease,Coconut Tree Disease Dataset/Stem Bleeding/StemBleeding894.jpg,stembleed,2
lf3_trunk,StemBleeding895,3_trunk_disease,1,0.9999997615814208,,coconut-tree-disease,Coconut Tree Disease Dataset/Stem Bleeding/StemBleeding895.jpg,stembleed,2
lf3_trunk,StemBleeding896,3_trunk_disease,1,0.9999997615814208,,coconut-tree-disease,Coconut Tree Disease Dataset/Stem Bleeding/StemBleeding896.jpg,stembleed,2
lf3_trunk,StemBleeding899,3_trunk_disease,1,0.9999998807907104,,coconut-tree-disease,Coconut Tree Disease Dataset/Stem Bleeding/StemBleeding899.jpg,stembleed,2
lf3_trunk,StemBleeding902,3_trunk_disease,1,0.9999995231628418,,coconut-tree-disease,Coconut Tree Disease Dataset/Stem Bleeding/StemBleeding902.jpg,stembleed,2
lf3_trunk,StemBleeding906,3_trunk_disease,1,0.9999986886978148,,coconut-tree-disease,Coconut Tree Disease Dataset/Stem Bleeding/StemBleeding906.jpg,stembleed,2
lf3_trunk,StemBleeding910,3_trunk_disease,1,0.9999995231628418,,coconut-tree-disease,Coconut Tree Disease Dataset/Stem Bleeding/StemBleeding910.jpg,stembleed,2
lf3_trunk,StemBleeding917,3_trunk_disease,1,0.9999994039535522,,coconut-tree-disease,Coconut Tree Disease Dataset/Stem Bleeding/StemBleeding917.jpg,stembleed,2
lf3_trunk,StemBleeding921,3_trunk_disease,1,0.9999998807907104,,coconut-tree-disease,Coconut Tree Disease Dataset/Stem Bleeding/StemBleeding921.jpg,stembleed,2
lf3_trunk,StemBleeding923,3_trunk_disease,1,0.9999998807907104,,coconut-tree-disease,Coconut Tree Disease Dataset/Stem Bleeding/StemBleeding923.jpg,stembleed,2
lf3_trunk,StemBleeding924,3_trunk_disease,1,0.9999998807907104,,coconut-tree-disease,Coconut Tree Disease Dataset/Stem Bleeding/StemBleeding924.jpg,stembleed,2
lf3_trunk,StemBleeding928,3_trunk_disease,1,0.9999998807907104,,coconut-tree-disease,Coconut Tree Disease Dataset/Stem Bleeding/StemBleeding928.jpg,stembleed,2
lf3_trunk,StemBleeding933,3_trunk_disease,1,0.9999997615814208,,coconut-tree-disease,Coconut Tree Disease Dataset/Stem Bleeding/StemBleeding933.jpg,stembleed,2
lf3_trunk,StemBleeding943,3_trunk_disease,1,0.9999998807907104,,coconut-tree-disease,Coconut Tree Disease Dataset/Stem Bleeding/StemBleeding943.jpg,stembleed,2
lf3_trunk,StemBleeding948,3_trunk_disease,1,0.9999998807907104,,coconut-tree-disease,Coconut Tree Disease Dataset/Stem Bleeding/StemBleeding948.jpg,stembleed,2
lf3_trunk,StemBleeding951,3_trunk_disease,1,1.0,,coconut-tree-disease,Coconut Tree Disease Dataset/Stem Bleeding/StemBleeding951.jpg,stembleed,2
lf3_trunk,StemBleeding963,3_trunk_disease,1,1.0,,coconut-tree-disease,Coconut Tree Disease Dataset/Stem Bleeding/StemBleeding963.jpg,stembleed,2
lf3_trunk,StemBleeding968,3_trunk_disease,1,0.9999998807907104,,coconut-tree-disease,Coconut Tree Disease Dataset/Stem Bleeding/StemBleeding968.jpg,stembleed,2
lf3_trunk,StemBleeding969,3_trunk_disease,1,1.0,,coconut-tree-disease,Coconut Tree Disease Dataset/Stem Bleeding/StemBleeding969.jpg,stembleed,2
lf3_trunk,StemBleeding985,3_trunk_disease,1,1.0,,coconut-tree-disease,Coconut Tree Disease Dataset/Stem Bleeding/StemBleeding985.jpg,stembleed,2
lf3_trunk,StemBleeding988,3_trunk_disease,1,0.9999998807907104,,coconut-tree-disease,Coconut Tree Disease Dataset/Stem Bleeding/StemBleeding988.jpg,stembleed,2
lf3_trunk,StemBleeding996,3_trunk_disease,1,1.0,,coconut-tree-disease,Coconut Tree Disease Dataset/Stem Bleeding/StemBleeding996.jpg,stembleed,2
lf3_trunk,StemBleeding005,3_trunk_disease,1,0.9996664524078368,,coconut-tree-disease,Coconut Tree Disease Dataset/Stem Bleeding/StemBleeding005.jpg,stembleed,3
lf3_trunk,StemBleeding010,3_trunk_disease,1,0.9997112154960632,,coconut-tree-disease,Coconut Tree Disease Dataset/Stem Bleeding/StemBleeding010.jpg,stembleed,3
lf3_trunk,StemBleeding022,3_trunk_disease,1,0.9997331500053406,,coconut-tree-disease,Coconut Tree Disease Dataset/Stem Bleeding/StemBleeding022.jpg,stembleed,3
lf3_trunk,StemBleeding030,3_trunk_disease,1,0.999831199645996,,coconut-tree-disease,Coconut Tree Disease Dataset/Stem Bleeding/StemBleeding030.jpg,stembleed,3
lf3_trunk,StemBleeding031,3_trunk_disease,1,0.9998074173927308,,coconut-tree-disease,Coconut Tree Disease Dataset/Stem Bleeding/StemBleeding031.jpg,stembleed,3
lf3_trunk,StemBleeding032,3_trunk_disease,1,0.9998569488525392,,coconut-tree-disease,Coconut Tree Disease Dataset/Stem Bleeding/StemBleeding032.jpg,stembleed,3
lf3_trunk,StemBleeding034,3_trunk_disease,1,0.9998844861984252,,coconut-tree-disease,Coconut Tree Disease Dataset/Stem Bleeding/StemBleeding034.jpg,stembleed,3
lf3_trunk,StemBleeding036,3_trunk_disease,1,0.99982750415802,,coconut-tree-disease,Coconut Tree Disease Dataset/Stem Bleeding/StemBleeding036.jpg,stembleed,3
lf3_trunk,StemBleeding037,3_trunk_disease,1,0.9998735189437866,,coconut-tree-disease,Coconut Tree Disease Dataset/Stem Bleeding/StemBleeding037.jpg,stembleed,3
lf3_trunk,StemBleeding039,3_trunk_disease,1,0.9999216794967652,,coconut-tree-disease,Coconut Tree Disease Dataset/Stem Bleeding/StemBleeding039.jpg,stembleed,3
lf3_trunk,StemBleeding040,3_trunk_disease,1,0.9999189376831056,,coconut-tree-disease,Coconut Tree Disease Dataset/Stem Bleeding/StemBleeding040.jpg,stembleed,3
lf3_trunk,StemBleeding044,3_trunk_disease,1,0.9999067783355712,,coconut-tree-disease,Coconut Tree Disease Dataset/Stem Bleeding/StemBleeding044.jpg,stembleed,3
lf3_trunk,StemBleeding059,3_trunk_disease,1,0.9996557235717772,,coconut-tree-disease,Coconut Tree Disease Dataset/Stem Bleeding/StemBleeding059.jpg,stembleed,3
lf3_trunk,StemBleeding060,3_trunk_disease,1,0.9997574687004088,,coconut-tree-disease,Coconut Tree Disease Dataset/Stem Bleeding/StemBleeding060.jpg,stembleed,3
lf3_trunk,StemBleeding064,3_trunk_disease,1,0.9997825026512146,,coconut-tree-disease,Coconut Tree Disease Dataset/Stem Bleeding/StemBleeding064.jpg,stembleed,3
lf3_trunk,StemBleeding066,3_trunk_disease,1,0.9994639754295348,,coconut-tree-disease,Coconut Tree Disease Dataset/Stem Bleeding/StemBleeding066.jpg,stembleed,3
lf3_trunk,StemBleeding070,3_trunk_disease,1,0.999614119529724,,coconut-tree-disease,Coconut Tree Disease Dataset/Stem Bleeding/StemBleeding070.jpg,stembleed,3
lf3_trunk,StemBleeding089,3_trunk_disease,1,0.9998304843902588,,coconut-tree-disease,Coconut Tree Disease Dataset/Stem Bleeding/StemBleeding089.jpg,stembleed,3
lf3_trunk,StemBleeding092,3_trunk_disease,1,0.9998289346694946,,coconut-tree-disease,Coconut Tree Disease Dataset/Stem Bleeding/StemBleeding092.jpg,stembleed,3
lf3_trunk,StemBleeding1001,3_trunk_disease,1,0.9996851682662964,,coconut-tree-disease,Coconut Tree Disease Dataset/Stem Bleeding/StemBleeding1001.jpg,stembleed,3
lf3_trunk,StemBleeding101,3_trunk_disease,1,0.9998847246170044,,coconut-tree-disease,Coconut Tree Disease Dataset/Stem Bleeding/StemBleeding101.jpg,stembleed,3
lf3_trunk,StemBleeding117,3_trunk_disease,1,0.99994158744812,,coconut-tree-disease,Coconut Tree Disease Dataset/Stem Bleeding/StemBleeding117.jpg,stembleed,3
lf3_trunk,StemBleeding125,3_trunk_disease,1,0.9992125034332277,,coconut-tree-disease,Coconut Tree Disease Dataset/Stem Bleeding/StemBleeding125.jpg,stembleed,3
lf3_trunk,StemBleeding126,3_trunk_disease,1,0.999258816242218,,coconut-tree-disease,Coconut Tree Disease Dataset/Stem Bleeding/StemBleeding126.jpg,stembleed,3
lf3_trunk,StemBleeding135,3_trunk_disease,1,0.9996775388717652,,coconut-tree-disease,Coconut Tree Disease Dataset/Stem Bleeding/StemBleeding135.jpg,stembleed,3
lf3_trunk,StemBleeding140,3_trunk_disease,1,0.9994567036628724,,coconut-tree-disease,Coconut Tree Disease Dataset/Stem Bleeding/StemBleeding140.jpg,stembleed,3
lf3_trunk,StemBleeding142,3_trunk_disease,1,0.9995348453521729,,coconut-tree-disease,Coconut Tree Disease Dataset/Stem Bleeding/StemBleeding142.jpg,stembleed,3
lf3_trunk,StemBleeding147,3_trunk_disease,1,0.9996234178543092,,coconut-tree-disease,Coconut Tree Disease Dataset/Stem Bleeding/StemBleeding147.jpg,stembleed,3
lf3_trunk,StemBleeding150,3_trunk_disease,1,0.9995818734169006,,coconut-tree-disease,Coconut Tree Disease Dataset/Stem Bleeding/StemBleeding150.jpg,stembleed,3
lf3_trunk,StemBleeding151,3_trunk_disease,1,0.99976247549057,,coconut-tree-disease,Coconut Tree Disease Dataset/Stem Bleeding/StemBleeding151.jpg,stembleed,3
lf3_trunk,StemBleeding158,3_trunk_disease,1,0.9982661604881288,,coconut-tree-disease,Coconut Tree Disease Dataset/Stem Bleeding/StemBleeding158.jpg,stembleed,3
lf3_trunk,StemBleeding166,3_trunk_disease,1,0.9980744123458862,,coconut-tree-disease,Coconut Tree Disease Dataset/Stem Bleeding/StemBleeding166.jpg,stembleed,3
lf3_trunk,StemBleeding169,3_trunk_disease,1,0.998376965522766,,coconut-tree-disease,Coconut Tree Disease Dataset/Stem Bleeding/StemBleeding169.jpg,stembleed,3
lf3_trunk,StemBleeding174,3_trunk_disease,1,0.9994462132453918,,coconut-tree-disease,Coconut Tree Disease Dataset/Stem Bleeding/StemBleeding174.jpg,stembleed,3
lf3_trunk,StemBleeding177,3_trunk_disease,1,0.9996532201766968,,coconut-tree-disease,Coconut Tree Disease Dataset/Stem Bleeding/StemBleeding177.jpg,stembleed,3
lf3_trunk,StemBleeding181,3_trunk_disease,1,0.9997538924217224,,coconut-tree-disease,Coconut Tree Disease Dataset/Stem Bleeding/StemBleeding181.jpg,stembleed,3
lf3_trunk,StemBleeding182,3_trunk_disease,1,0.9996707439422609,,coconut-tree-disease,Coconut Tree Disease Dataset/Stem Bleeding/StemBleeding182.jpg,stembleed,3
lf3_trunk,StemBleeding183,3_trunk_disease,1,0.9997137188911438,,coconut-tree-disease,Coconut Tree Disease Dataset/Stem Bleeding/StemBleeding183.jpg,stembleed,3
lf3_trunk,StemBleeding192,3_trunk_disease,1,0.999572217464447,,coconut-tree-disease,Coconut Tree Disease Dataset/Stem Bleeding/StemBleeding192.jpg,stembleed,3
lf3_trunk,StemBleeding194,3_trunk_disease,1,0.999569833278656,,coconut-tree-disease,Coconut Tree Disease Dataset/Stem Bleeding/StemBleeding194.jpg,stembleed,3
lf3_trunk,StemBleeding198,3_trunk_disease,1,0.9996030926704408,,coconut-tree-disease,Coconut Tree Disease Dataset/Stem Bleeding/StemBleeding198.jpg,stembleed,3
lf3_trunk,StemBleeding202,3_trunk_disease,1,0.9995346069335938,,coconut-tree-disease,Coconut Tree Disease Dataset/Stem Bleeding/StemBleeding202.jpg,stembleed,3
lf3_trunk,StemBleeding204,3_trunk_disease,1,0.9997244477272034,,coconut-tree-disease,Coconut Tree Disease Dataset/Stem Bleeding/StemBleeding204.jpg,stembleed,3
lf3_trunk,StemBleeding218,3_trunk_disease,1,0.9992462396621704,,coconut-tree-disease,Coconut Tree Disease Dataset/Stem Bleeding/StemBleeding218.jpg,stembleed,3
lf3_trunk,StemBleeding220,3_trunk_disease,1,0.9995198249816896,,coconut-tree-disease,Coconut Tree Disease Dataset/Stem Bleeding/StemBleeding220.jpg,stembleed,3
lf3_trunk,StemBleeding221,3_trunk_disease,1,0.9996201992034912,,coconut-tree-disease,Coconut Tree Disease Dataset/Stem Bleeding/StemBleeding221.jpg,stembleed,3
lf3_trunk,StemBleeding228,3_trunk_disease,1,0.9997542500495912,,coconut-tree-disease,Coconut Tree Disease Dataset/Stem Bleeding/StemBleeding228.jpg,stembleed,3
lf3_trunk,StemBleeding232,3_trunk_disease,1,0.999717652797699,,coconut-tree-disease,Coconut Tree Disease Dataset/Stem Bleeding/StemBleeding232.jpg,stembleed,3
lf3_trunk,StemBleeding240,3_trunk_disease,1,0.9996159076690674,,coconut-tree-disease,Coconut Tree Disease Dataset/Stem Bleeding/StemBleeding240.jpg,stembleed,3
lf3_trunk,StemBleeding246,3_trunk_disease,1,0.9995476603507996,,coconut-tree-disease,Coconut Tree Disease Dataset/Stem Bleeding/StemBleeding246.jpg,stembleed,3
lf3_trunk,StemBleeding247,3_trunk_disease,1,0.9994527697563172,,coconut-tree-disease,Coconut Tree Disease Dataset/Stem Bleeding/StemBleeding247.jpg,stembleed,3
lf3_trunk,StemBleeding250,3_trunk_disease,1,0.9996367692947388,,coconut-tree-disease,Coconut Tree Disease Dataset/Stem Bleeding/StemBleeding250.jpg,stembleed,3
lf3_trunk,StemBleeding252,3_trunk_disease,1,0.9996174573898317,,coconut-tree-disease,Coconut Tree Disease Dataset/Stem Bleeding/StemBleeding252.jpg,stembleed,3
lf3_trunk,StemBleeding274,3_trunk_disease,1,0.9995328187942504,,coconut-tree-disease,Coconut Tree Disease Dataset/Stem Bleeding/StemBleeding274.jpg,stembleed,3
lf3_trunk,StemBleeding277,3_trunk_disease,1,0.9995954632759094,,coconut-tree-disease,Coconut Tree Disease Dataset/Stem Bleeding/StemBleeding277.jpg,stembleed,3
lf3_trunk,StemBleeding283,3_trunk_disease,1,0.9996681213378906,,coconut-tree-disease,Coconut Tree Disease Dataset/Stem Bleeding/StemBleeding283.jpg,stembleed,3
lf3_trunk,StemBleeding291,3_trunk_disease,1,0.9997275471687316,,coconut-tree-disease,Coconut Tree Disease Dataset/Stem Bleeding/StemBleeding291.jpg,stembleed,3
lf3_trunk,StemBleeding292,3_trunk_disease,1,0.9998254179954528,,coconut-tree-disease,Coconut Tree Disease Dataset/Stem Bleeding/StemBleeding292.jpg,stembleed,3
lf3_trunk,StemBleeding293,3_trunk_disease,1,0.9996845722198486,,coconut-tree-disease,Coconut Tree Disease Dataset/Stem Bleeding/StemBleeding293.jpg,stembleed,3
lf3_trunk,StemBleeding298,3_trunk_disease,1,0.9998403787612916,,coconut-tree-disease,Coconut Tree Disease Dataset/Stem Bleeding/StemBleeding298.jpg,stembleed,3
lf3_trunk,StemBleeding302,3_trunk_disease,1,0.9997621178627014,,coconut-tree-disease,Coconut Tree Disease Dataset/Stem Bleeding/StemBleeding302.jpg,stembleed,3
lf3_trunk,StemBleeding304,3_trunk_disease,1,0.9998045563697816,,coconut-tree-disease,Coconut Tree Disease Dataset/Stem Bleeding/StemBleeding304.jpg,stembleed,3
lf3_trunk,StemBleeding306,3_trunk_disease,1,0.9998039603233336,,coconut-tree-disease,Coconut Tree Disease Dataset/Stem Bleeding/StemBleeding306.jpg,stembleed,3
lf3_trunk,StemBleeding315,3_trunk_disease,1,0.9998999834060668,,coconut-tree-disease,Coconut Tree Disease Dataset/Stem Bleeding/StemBleeding315.jpg,stembleed,3
lf3_trunk,StemBleeding322,3_trunk_disease,1,0.9998053908348083,,coconut-tree-disease,Coconut Tree Disease Dataset/Stem Bleeding/StemBleeding322.jpg,stembleed,3
lf3_trunk,StemBleeding325,3_trunk_disease,1,0.999823033809662,,coconut-tree-disease,Coconut Tree Disease Dataset/Stem Bleeding/StemBleeding325.jpg,stembleed,3
lf3_trunk,StemBleeding326,3_trunk_disease,1,0.999823033809662,,coconut-tree-disease,Coconut Tree Disease Dataset/Stem Bleeding/StemBleeding326.jpg,stembleed,3
lf3_trunk,StemBleeding335,3_trunk_disease,1,0.9995415210723876,,coconut-tree-disease,Coconut Tree Disease Dataset/Stem Bleeding/StemBleeding335.jpg,stembleed,3
lf3_trunk,StemBleeding344,3_trunk_disease,1,0.99972802400589,,coconut-tree-disease,Coconut Tree Disease Dataset/Stem Bleeding/StemBleeding344.jpg,stembleed,3
lf3_trunk,StemBleeding346,3_trunk_disease,1,0.9996381998062134,,coconut-tree-disease,Coconut Tree Disease Dataset/Stem Bleeding/StemBleeding346.jpg,stembleed,3
lf3_trunk,StemBleeding351,3_trunk_disease,1,0.9997560381889344,,coconut-tree-disease,Coconut Tree Disease Dataset/Stem Bleeding/StemBleeding351.jpg,stembleed,3
lf3_trunk,StemBleeding355,3_trunk_disease,1,0.9998030066490172,,coconut-tree-disease,Coconut Tree Disease Dataset/Stem Bleeding/StemBleeding355.jpg,stembleed,3
lf3_trunk,StemBleeding367,3_trunk_disease,1,0.9998396635055542,,coconut-tree-disease,Coconut Tree Disease Dataset/Stem Bleeding/StemBleeding367.jpg,stembleed,3
lf3_trunk,StemBleeding369,3_trunk_disease,1,0.9998581409454346,,coconut-tree-disease,Coconut Tree Disease Dataset/Stem Bleeding/StemBleeding369.jpg,stembleed,3
lf3_trunk,StemBleeding375,3_trunk_disease,1,0.9996179342269896,,coconut-tree-disease,Coconut Tree Disease Dataset/Stem Bleeding/StemBleeding375.jpg,stembleed,3
lf3_trunk,StemBleeding378,3_trunk_disease,1,0.99969482421875,,coconut-tree-disease,Coconut Tree Disease Dataset/Stem Bleeding/StemBleeding378.jpg,stembleed,3
lf3_trunk,StemBleeding380,3_trunk_disease,1,0.99982088804245,,coconut-tree-disease,Coconut Tree Disease Dataset/Stem Bleeding/StemBleeding380.jpg,stembleed,3
lf3_trunk,StemBleeding382,3_trunk_disease,1,0.9998058676719666,,coconut-tree-disease,Coconut Tree Disease Dataset/Stem Bleeding/StemBleeding382.jpg,stembleed,3
lf3_trunk,StemBleeding384,3_trunk_disease,1,0.9998064637184144,,coconut-tree-disease,Coconut Tree Disease Dataset/Stem Bleeding/StemBleeding384.jpg,stembleed,3
lf3_trunk,StemBleeding387,3_trunk_disease,1,0.9998681545257568,,coconut-tree-disease,Coconut Tree Disease Dataset/Stem Bleeding/StemBleeding387.jpg,stembleed,3
lf3_trunk,StemBleeding392,3_trunk_disease,1,0.9999183416366576,,coconut-tree-disease,Coconut Tree Disease Dataset/Stem Bleeding/StemBleeding392.jpg,stembleed,3
lf3_trunk,StemBleeding393,3_trunk_disease,1,0.9998944997787476,,coconut-tree-disease,Coconut Tree Disease Dataset/Stem Bleeding/StemBleeding393.jpg,stembleed,3
lf3_trunk,StemBleeding398,3_trunk_disease,1,0.9998835325241088,,coconut-tree-disease,Coconut Tree Disease Dataset/Stem Bleeding/StemBleeding398.jpg,stembleed,3
lf3_trunk,StemBleeding400,3_trunk_disease,1,0.9998921155929564,,coconut-tree-disease,Coconut Tree Disease Dataset/Stem Bleeding/StemBleeding400.jpg,stembleed,3
lf3_trunk,StemBleeding405,3_trunk_disease,1,0.9999457597732544,,coconut-tree-disease,Coconut Tree Disease Dataset/Stem Bleeding/StemBleeding405.jpg,stembleed,3
lf3_trunk,StemBleeding413,3_trunk_disease,1,0.999935507774353,,coconut-tree-disease,Coconut Tree Disease Dataset/Stem Bleeding/StemBleeding413.jpg,stembleed,3
lf3_trunk,StemBleeding417,3_trunk_disease,1,0.9999531507492064,,coconut-tree-disease,Coconut Tree Disease Dataset/Stem Bleeding/StemBleeding417.jpg,stembleed,3
lf3_trunk,StemBleeding421,3_trunk_disease,1,0.999961256980896,,coconut-tree-disease,Coconut Tree Disease Dataset/Stem Bleeding/StemBleeding421.jpg,stembleed,3
lf3_trunk,StemBleeding423,3_trunk_disease,1,0.9999217987060548,,coconut-tree-disease,Coconut Tree Disease Dataset/Stem Bleeding/StemBleeding423.jpg,stembleed,3
lf3_trunk,StemBleeding426,3_trunk_disease,1,0.9998770952224731,,coconut-tree-disease,Coconut Tree Disease Dataset/Stem Bleeding/StemBleeding426.jpg,stembleed,3
lf3_trunk,StemBleeding428,3_trunk_disease,1,0.9999494552612304,,coconut-tree-disease,Coconut Tree Disease Dataset/Stem Bleeding/StemBleeding428.jpg,stembleed,3
lf3_trunk,StemBleeding431,3_trunk_disease,1,0.9998518228530884,,coconut-tree-disease,Coconut Tree Disease Dataset/Stem Bleeding/StemBleeding431.jpg,stembleed,3
lf3_trunk,StemBleeding432,3_trunk_disease,1,0.9998481273651124,,coconut-tree-disease,Coconut Tree Disease Dataset/Stem Bleeding/StemBleeding432.jpg,stembleed,3
lf3_trunk,StemBleeding435,3_trunk_disease,1,0.9998363256454468,,coconut-tree-disease,Coconut Tree Disease Dataset/Stem Bleeding/StemBleeding435.jpg,stembleed,3
lf3_trunk,StemBleeding441,3_trunk_disease,1,0.9997813105583192,,coconut-tree-disease,Coconut Tree Disease Dataset/Stem Bleeding/StemBleeding441.jpg,stembleed,3
lf3_trunk,StemBleeding449,3_trunk_disease,1,0.9997633099555968,,coconut-tree-disease,Coconut Tree Disease Dataset/Stem Bleeding/StemBleeding449.jpg,stembleed,3
lf3_trunk,StemBleeding457,3_trunk_disease,1,0.9998540878295898,,coconut-tree-disease,Coconut Tree Disease Dataset/Stem Bleeding/StemBleeding457.jpg,stembleed,3
lf3_trunk,StemBleeding470,3_trunk_disease,1,0.9996393918991088,,coconut-tree-disease,Coconut Tree Disease Dataset/Stem Bleeding/StemBleeding470.jpg,stembleed,3
lf3_trunk,StemBleeding475,3_trunk_disease,1,0.9997450709342957,,coconut-tree-disease,Coconut Tree Disease Dataset/Stem Bleeding/StemBleeding475.jpg,stembleed,3
lf3_trunk,StemBleeding476,3_trunk_disease,1,0.999722421169281,,coconut-tree-disease,Coconut Tree Disease Dataset/Stem Bleeding/StemBleeding476.jpg,stembleed,3
lf3_trunk,StemBleeding483,3_trunk_disease,1,0.9997913241386414,,coconut-tree-disease,Coconut Tree Disease Dataset/Stem Bleeding/StemBleeding483.jpg,stembleed,3
lf3_trunk,StemBleeding499,3_trunk_disease,1,0.9998759031295776,,coconut-tree-disease,Coconut Tree Disease Dataset/Stem Bleeding/StemBleeding499.jpg,stembleed,3
lf3_trunk,StemBleeding505,3_trunk_disease,1,0.9998552799224854,,coconut-tree-disease,Coconut Tree Disease Dataset/Stem Bleeding/StemBleeding505.jpg,stembleed,3
lf3_trunk,StemBleeding506,3_trunk_disease,1,0.9998899698257446,,coconut-tree-disease,Coconut Tree Disease Dataset/Stem Bleeding/StemBleeding506.jpg,stembleed,3
lf3_trunk,StemBleeding512,3_trunk_disease,1,0.9999065399169922,,coconut-tree-disease,Coconut Tree Disease Dataset/Stem Bleeding/StemBleeding512.jpg,stembleed,3
lf3_trunk,StemBleeding520,3_trunk_disease,1,0.9998762607574464,,coconut-tree-disease,Coconut Tree Disease Dataset/Stem Bleeding/StemBleeding520.jpg,stembleed,3
lf3_trunk,StemBleeding529,3_trunk_disease,1,0.9998873472213744,,coconut-tree-disease,Coconut Tree Disease Dataset/Stem Bleeding/StemBleeding529.jpg,stembleed,3
lf3_trunk,StemBleeding549,3_trunk_disease,1,0.9999316930770874,,coconut-tree-disease,Coconut Tree Disease Dataset/Stem Bleeding/StemBleeding549.jpg,stembleed,3
lf3_trunk,StemBleeding561,3_trunk_disease,1,0.9998972415924072,,coconut-tree-disease,Coconut Tree Disease Dataset/Stem Bleeding/StemBleeding561.jpg,stembleed,3
lf3_trunk,StemBleeding566,3_trunk_disease,1,0.999717891216278,,coconut-tree-disease,Coconut Tree Disease Dataset/Stem Bleeding/StemBleeding566.jpg,stembleed,3
lf3_trunk,StemBleeding580,3_trunk_disease,1,0.9999077320098876,,coconut-tree-disease,Coconut Tree Disease Dataset/Stem Bleeding/StemBleeding580.jpg,stembleed,3
lf3_trunk,StemBleeding592,3_trunk_disease,1,0.9996473789215088,,coconut-tree-disease,Coconut Tree Disease Dataset/Stem Bleeding/StemBleeding592.jpg,stembleed,3
lf3_trunk,StemBleeding605,3_trunk_disease,1,0.999769389629364,,coconut-tree-disease,Coconut Tree Disease Dataset/Stem Bleeding/StemBleeding605.jpg,stembleed,3
lf3_trunk,StemBleeding614,3_trunk_disease,1,0.9995813965797424,,coconut-tree-disease,Coconut Tree Disease Dataset/Stem Bleeding/StemBleeding614.jpg,stembleed,3
lf3_trunk,StemBleeding616,3_trunk_disease,1,0.9995535016059875,,coconut-tree-disease,Coconut Tree Disease Dataset/Stem Bleeding/StemBleeding616.jpg,stembleed,3
lf3_trunk,StemBleeding617,3_trunk_disease,1,0.9998030066490172,,coconut-tree-disease,Coconut Tree Disease Dataset/Stem Bleeding/StemBleeding617.jpg,stembleed,3
lf3_trunk,StemBleeding618,3_trunk_disease,1,0.9998539686203004,,coconut-tree-disease,Coconut Tree Disease Dataset/Stem Bleeding/StemBleeding618.jpg,stembleed,3
lf3_trunk,StemBleeding624,3_trunk_disease,1,0.9998743534088136,,coconut-tree-disease,Coconut Tree Disease Dataset/Stem Bleeding/StemBleeding624.jpg,stembleed,3
lf3_trunk,StemBleeding629,3_trunk_disease,1,0.9995180368423462,,coconut-tree-disease,Coconut Tree Disease Dataset/Stem Bleeding/StemBleeding629.jpg,stembleed,3
lf3_trunk,StemBleeding632,3_trunk_disease,1,0.9993816614151,,coconut-tree-disease,Coconut Tree Disease Dataset/Stem Bleeding/StemBleeding632.jpg,stembleed,3
lf3_trunk,StemBleeding644,3_trunk_disease,1,0.999842405319214,,coconut-tree-disease,Coconut Tree Disease Dataset/Stem Bleeding/StemBleeding644.jpg,stembleed,3
lf3_trunk,StemBleeding648,3_trunk_disease,1,0.9998756647109984,,coconut-tree-disease,Coconut Tree Disease Dataset/Stem Bleeding/StemBleeding648.jpg,stembleed,3
lf3_trunk,StemBleeding655,3_trunk_disease,1,0.9999139308929444,,coconut-tree-disease,Coconut Tree Disease Dataset/Stem Bleeding/StemBleeding655.jpg,stembleed,3
lf3_trunk,StemBleeding664,3_trunk_disease,1,0.9997941851615906,,coconut-tree-disease,Coconut Tree Disease Dataset/Stem Bleeding/StemBleeding664.jpg,stembleed,3
lf3_trunk,StemBleeding681,3_trunk_disease,1,0.9998832941055298,,coconut-tree-disease,Coconut Tree Disease Dataset/Stem Bleeding/StemBleeding681.jpg,stembleed,3
lf3_trunk,StemBleeding684,3_trunk_disease,1,0.9999079704284668,,coconut-tree-disease,Coconut Tree Disease Dataset/Stem Bleeding/StemBleeding684.jpg,stembleed,3
lf3_trunk,StemBleeding686,3_trunk_disease,1,0.9999008178710938,,coconut-tree-disease,Coconut Tree Disease Dataset/Stem Bleeding/StemBleeding686.jpg,stembleed,3
lf3_trunk,StemBleeding687,3_trunk_disease,1,0.9997535347938538,,coconut-tree-disease,Coconut Tree Disease Dataset/Stem Bleeding/StemBleeding687.jpg,stembleed,3
lf3_trunk,StemBleeding693,3_trunk_disease,1,0.9992096424102784,,coconut-tree-disease,Coconut Tree Disease Dataset/Stem Bleeding/StemBleeding693.jpg,stembleed,3
lf3_trunk,StemBleeding695,3_trunk_disease,1,0.9992586970329284,,coconut-tree-disease,Coconut Tree Disease Dataset/Stem Bleeding/StemBleeding695.jpg,stembleed,3
lf3_trunk,StemBleeding707,3_trunk_disease,1,0.9994327425956726,,coconut-tree-disease,Coconut Tree Disease Dataset/Stem Bleeding/StemBleeding707.jpg,stembleed,3
lf3_trunk,StemBleeding714,3_trunk_disease,1,0.9993508458137512,,coconut-tree-disease,Coconut Tree Disease Dataset/Stem Bleeding/StemBleeding714.jpg,stembleed,3
lf3_trunk,StemBleeding720,3_trunk_disease,1,0.9996236562728882,,coconut-tree-disease,Coconut Tree Disease Dataset/Stem Bleeding/StemBleeding720.jpg,stembleed,3
lf3_trunk,StemBleeding721,3_trunk_disease,1,0.9993958473205566,,coconut-tree-disease,Coconut Tree Disease Dataset/Stem Bleeding/StemBleeding721.jpg,stembleed,3
lf3_trunk,StemBleeding724,3_trunk_disease,1,0.9998650550842284,,coconut-tree-disease,Coconut Tree Disease Dataset/Stem Bleeding/StemBleeding724.jpg,stembleed,3
lf3_trunk,StemBleeding727,3_trunk_disease,1,0.9998787641525269,,coconut-tree-disease,Coconut Tree Disease Dataset/Stem Bleeding/StemBleeding727.jpg,stembleed,3
lf3_trunk,StemBleeding738,3_trunk_disease,1,0.9996187686920166,,coconut-tree-disease,Coconut Tree Disease Dataset/Stem Bleeding/StemBleeding738.jpg,stembleed,3
lf3_trunk,StemBleeding739,3_trunk_disease,1,0.9995637536048888,,coconut-tree-disease,Coconut Tree Disease Dataset/Stem Bleeding/StemBleeding739.jpg,stembleed,3
lf3_trunk,StemBleeding742,3_trunk_disease,1,0.999544322490692,,coconut-tree-disease,Coconut Tree Disease Dataset/Stem Bleeding/StemBleeding742.jpg,stembleed,3
lf3_trunk,StemBleeding743,3_trunk_disease,1,0.999504327774048,,coconut-tree-disease,Coconut Tree Disease Dataset/Stem Bleeding/StemBleeding743.jpg,stembleed,3
lf3_trunk,StemBleeding744,3_trunk_disease,1,0.9994316697120668,,coconut-tree-disease,Coconut Tree Disease Dataset/Stem Bleeding/StemBleeding744.jpg,stembleed,3
lf3_trunk,StemBleeding748,3_trunk_disease,1,0.9996781349182128,,coconut-tree-disease,Coconut Tree Disease Dataset/Stem Bleeding/StemBleeding748.jpg,stembleed,3
lf3_trunk,StemBleeding763,3_trunk_disease,1,0.9995490908622742,,coconut-tree-disease,Coconut Tree Disease Dataset/Stem Bleeding/StemBleeding763.jpg,stembleed,3
lf3_trunk,StemBleeding769,3_trunk_disease,1,0.999596893787384,,coconut-tree-disease,Coconut Tree Disease Dataset/Stem Bleeding/StemBleeding769.jpg,stembleed,3
lf3_trunk,StemBleeding773,3_trunk_disease,1,0.9993377327919006,,coconut-tree-disease,Coconut Tree Disease Dataset/Stem Bleeding/StemBleeding773.jpg,stembleed,3
lf3_trunk,StemBleeding775,3_trunk_disease,1,0.998421311378479,,coconut-tree-disease,Coconut Tree Disease Dataset/Stem Bleeding/StemBleeding775.jpg,stembleed,3
lf3_trunk,StemBleeding788,3_trunk_disease,1,0.9997997879981996,,coconut-tree-disease,Coconut Tree Disease Dataset/Stem Bleeding/StemBleeding788.jpg,stembleed,3
lf3_trunk,StemBleeding790,3_trunk_disease,1,0.9997984766960144,,coconut-tree-disease,Coconut Tree Disease Dataset/Stem Bleeding/StemBleeding790.jpg,stembleed,3
lf3_trunk,StemBleeding798,3_trunk_disease,1,0.9998190999031068,,coconut-tree-disease,Coconut Tree Disease Dataset/Stem Bleeding/StemBleeding798.jpg,stembleed,3
lf3_trunk,StemBleeding804,3_trunk_disease,1,0.9998164772987366,,coconut-tree-disease,Coconut Tree Disease Dataset/Stem Bleeding/StemBleeding804.jpg,stembleed,3
lf3_trunk,StemBleeding828,3_trunk_disease,1,0.9996825456619264,,coconut-tree-disease,Coconut Tree Disease Dataset/Stem Bleeding/StemBleeding828.jpg,stembleed,3
lf3_trunk,StemBleeding833,3_trunk_disease,1,0.999886393547058,,coconut-tree-disease,Coconut Tree Disease Dataset/Stem Bleeding/StemBleeding833.jpg,stembleed,3
lf3_trunk,StemBleeding836,3_trunk_disease,1,0.9998745918273926,,coconut-tree-disease,Coconut Tree Disease Dataset/Stem Bleeding/StemBleeding836.jpg,stembleed,3
lf3_trunk,StemBleeding847,3_trunk_disease,1,0.9997405409812928,,coconut-tree-disease,Coconut Tree Disease Dataset/Stem Bleeding/StemBleeding847.jpg,stembleed,3
lf3_trunk,StemBleeding848,3_trunk_disease,1,0.9997707009315492,,coconut-tree-disease,Coconut Tree Disease Dataset/Stem Bleeding/StemBleeding848.jpg,stembleed,3
lf3_trunk,StemBleeding857,3_trunk_disease,1,0.999573528766632,,coconut-tree-disease,Coconut Tree Disease Dataset/Stem Bleeding/StemBleeding857.jpg,stembleed,3
lf3_trunk,StemBleeding864,3_trunk_disease,1,0.9996709823608398,,coconut-tree-disease,Coconut Tree Disease Dataset/Stem Bleeding/StemBleeding864.jpg,stembleed,3
lf3_trunk,StemBleeding865,3_trunk_disease,1,0.9996654987335204,,coconut-tree-disease,Coconut Tree Disease Dataset/Stem Bleeding/StemBleeding865.jpg,stembleed,3
lf3_trunk,StemBleeding879,3_trunk_disease,1,0.9998345375061036,,coconut-tree-disease,Coconut Tree Disease Dataset/Stem Bleeding/StemBleeding879.jpg,stembleed,3
lf3_trunk,StemBleeding880,3_trunk_disease,1,0.9997472167015076,,coconut-tree-disease,Coconut Tree Disease Dataset/Stem Bleeding/StemBleeding880.jpg,stembleed,3
lf3_trunk,StemBleeding897,3_trunk_disease,1,0.9997054934501648,,coconut-tree-disease,Coconut Tree Disease Dataset/Stem Bleeding/StemBleeding897.jpg,stembleed,3
lf3_trunk,StemBleeding901,3_trunk_disease,1,0.9997739195823668,,coconut-tree-disease,Coconut Tree Disease Dataset/Stem Bleeding/StemBleeding901.jpg,stembleed,3
lf3_trunk,StemBleeding905,3_trunk_disease,1,0.9997610449790956,,coconut-tree-disease,Coconut Tree Disease Dataset/Stem Bleeding/StemBleeding905.jpg,stembleed,3
lf3_trunk,StemBleeding911,3_trunk_disease,1,0.9998452663421632,,coconut-tree-disease,Coconut Tree Disease Dataset/Stem Bleeding/StemBleeding911.jpg,stembleed,3
lf3_trunk,StemBleeding914,3_trunk_disease,1,0.9998389482498168,,coconut-tree-disease,Coconut Tree Disease Dataset/Stem Bleeding/StemBleeding914.jpg,stembleed,3
lf3_trunk,StemBleeding916,3_trunk_disease,1,0.9997279047966005,,coconut-tree-disease,Coconut Tree Disease Dataset/Stem Bleeding/StemBleeding916.jpg,stembleed,3
lf3_trunk,StemBleeding922,3_trunk_disease,1,0.9999462366104126,,coconut-tree-disease,Coconut Tree Disease Dataset/Stem Bleeding/StemBleeding922.jpg,stembleed,3
lf3_trunk,StemBleeding935,3_trunk_disease,1,0.9994438290596008,,coconut-tree-disease,Coconut Tree Disease Dataset/Stem Bleeding/StemBleeding935.jpg,stembleed,3
lf3_trunk,StemBleeding936,3_trunk_disease,1,0.9996449947357178,,coconut-tree-disease,Coconut Tree Disease Dataset/Stem Bleeding/StemBleeding936.jpg,stembleed,3
lf3_trunk,StemBleeding939,3_trunk_disease,1,0.9995759129524232,,coconut-tree-disease,Coconut Tree Disease Dataset/Stem Bleeding/StemBleeding939.jpg,stembleed,3
lf3_trunk,StemBleeding940,3_trunk_disease,1,0.9996923208236694,,coconut-tree-disease,Coconut Tree Disease Dataset/Stem Bleeding/StemBleeding940.jpg,stembleed,3
lf3_trunk,StemBleeding944,3_trunk_disease,1,0.9992054104804992,,coconut-tree-disease,Coconut Tree Disease Dataset/Stem Bleeding/StemBleeding944.jpg,stembleed,3
lf3_trunk,StemBleeding950,3_trunk_disease,1,0.9997592568397522,,coconut-tree-disease,Coconut Tree Disease Dataset/Stem Bleeding/StemBleeding950.jpg,stembleed,3
lf3_trunk,StemBleeding956,3_trunk_disease,1,0.9996423721313475,,coconut-tree-disease,Coconut Tree Disease Dataset/Stem Bleeding/StemBleeding956.jpg,stembleed,3
lf3_trunk,StemBleeding957,3_trunk_disease,1,0.9997710585594176,,coconut-tree-disease,Coconut Tree Disease Dataset/Stem Bleeding/StemBleeding957.jpg,stembleed,3
lf3_trunk,StemBleeding959,3_trunk_disease,1,0.9998155236244202,,coconut-tree-disease,Coconut Tree Disease Dataset/Stem Bleeding/StemBleeding959.jpg,stembleed,3
lf3_trunk,StemBleeding961,3_trunk_disease,1,0.9996623992919922,,coconut-tree-disease,Coconut Tree Disease Dataset/Stem Bleeding/StemBleeding961.jpg,stembleed,3
lf3_trunk,StemBleeding975,3_trunk_disease,1,0.9997623562812804,,coconut-tree-disease,Coconut Tree Disease Dataset/Stem Bleeding/StemBleeding975.jpg,stembleed,3
lf3_trunk,StemBleeding989,3_trunk_disease,1,0.9996633529663086,,coconut-tree-disease,Coconut Tree Disease Dataset/Stem Bleeding/StemBleeding989.jpg,stembleed,3
lf3_trunk,StemBleeding991,3_trunk_disease,1,0.999618411064148,,coconut-tree-disease,Coconut Tree Disease Dataset/Stem Bleeding/StemBleeding991.jpg,stembleed,3
lf3_trunk,StemBleeding001,3_trunk_disease,1,0.9999943971633912,,coconut-tree-disease,Coconut Tree Disease Dataset/Stem Bleeding/StemBleeding001.jpg,stembleed,4
lf3_trunk,StemBleeding012,3_trunk_disease,1,0.9999974966049194,,coconut-tree-disease,Coconut Tree Disease Dataset/Stem Bleeding/StemBleeding012.jpg,stembleed,4
lf3_trunk,StemBleeding016,3_trunk_disease,1,0.9999889135360718,,coconut-tree-disease,Coconut Tree Disease Dataset/Stem Bleeding/StemBleeding016.jpg,stembleed,4
lf3_trunk,StemBleeding017,3_trunk_disease,1,0.9999980926513672,,coconut-tree-disease,Coconut Tree Disease Dataset/Stem Bleeding/StemBleeding017.jpg,stembleed,4
lf3_trunk,StemBleeding018,3_trunk_disease,1,0.9999982118606568,,coconut-tree-disease,Coconut Tree Disease Dataset/Stem Bleeding/StemBleeding018.jpg,stembleed,4
lf3_trunk,StemBleeding019,3_trunk_disease,1,0.9999990463256836,,coconut-tree-disease,Coconut Tree Disease Dataset/Stem Bleeding/StemBleeding019.jpg,stembleed,4
lf3_trunk,StemBleeding021,3_trunk_disease,1,0.9999980926513672,,coconut-tree-disease,Coconut Tree Disease Dataset/Stem Bleeding/StemBleeding021.jpg,stembleed,4
lf3_trunk,StemBleeding029,3_trunk_disease,1,0.9999986886978148,,coconut-tree-disease,Coconut Tree Disease Dataset/Stem Bleeding/StemBleeding029.jpg,stembleed,4
lf3_trunk,StemBleeding053,3_trunk_disease,1,1.0,,coconut-tree-disease,Coconut Tree Disease Dataset/Stem Bleeding/StemBleeding053.jpg,stembleed,4
lf3_trunk,StemBleeding058,3_trunk_disease,1,1.0,,coconut-tree-disease,Coconut Tree Disease Dataset/Stem Bleeding/StemBleeding058.jpg,stembleed,4
lf3_trunk,StemBleeding061,3_trunk_disease,1,0.9999998807907104,,coconut-tree-disease,Coconut Tree Disease Dataset/Stem Bleeding/StemBleeding061.jpg,stembleed,4
lf3_trunk,StemBleeding063,3_trunk_disease,1,1.0,,coconut-tree-disease,Coconut Tree Disease Dataset/Stem Bleeding/StemBleeding063.jpg,stembleed,4
lf3_trunk,StemBleeding065,3_trunk_disease,1,0.9999995231628418,,coconut-tree-disease,Coconut Tree Disease Dataset/Stem Bleeding/StemBleeding065.jpg,stembleed,4
lf3_trunk,StemBleeding067,3_trunk_disease,1,0.9999984502792358,,coconut-tree-disease,Coconut Tree Disease Dataset/Stem Bleeding/StemBleeding067.jpg,stembleed,4
lf3_trunk,StemBleeding072,3_trunk_disease,1,0.9999996423721312,,coconut-tree-disease,Coconut Tree Disease Dataset/Stem Bleeding/StemBleeding072.jpg,stembleed,4
lf3_trunk,StemBleeding076,3_trunk_disease,1,0.9999997615814208,,coconut-tree-disease,Coconut Tree Disease Dataset/Stem Bleeding/StemBleeding076.jpg,stembleed,4
lf3_trunk,StemBleeding078,3_trunk_disease,1,1.0,,coconut-tree-disease,Coconut Tree Disease Dataset/Stem Bleeding/StemBleeding078.jpg,stembleed,4
lf3_trunk,StemBleeding079,3_trunk_disease,1,0.9999997615814208,,coconut-tree-disease,Coconut Tree Disease Dataset/Stem Bleeding/StemBleeding079.jpg,stembleed,4
lf3_trunk,StemBleeding090,3_trunk_disease,1,1.0,,coconut-tree-disease,Coconut Tree Disease Dataset/Stem Bleeding/StemBleeding090.jpg,stembleed,4
lf3_trunk,StemBleeding095,3_trunk_disease,1,1.0,,coconut-tree-disease,Coconut Tree Disease Dataset/Stem Bleeding/StemBleeding095.jpg,stembleed,4
lf3_trunk,StemBleeding097,3_trunk_disease,1,1.0,,coconut-tree-disease,Coconut Tree Disease Dataset/Stem Bleeding/StemBleeding097.jpg,stembleed,4
lf3_trunk,StemBleeding098,3_trunk_disease,1,1.0,,coconut-tree-disease,Coconut Tree Disease Dataset/Stem Bleeding/StemBleeding098.jpg,stembleed,4
lf3_trunk,StemBleeding099,3_trunk_disease,1,1.0,,coconut-tree-disease,Coconut Tree Disease Dataset/Stem Bleeding/StemBleeding099.jpg,stembleed,4
lf3_trunk,StemBleeding100,3_trunk_disease,1,1.0,,coconut-tree-disease,Coconut Tree Disease Dataset/Stem Bleeding/StemBleeding100.jpg,stembleed,4
lf3_trunk,StemBleeding1000,3_trunk_disease,1,1.0,,coconut-tree-disease,Coconut Tree Disease Dataset/Stem Bleeding/StemBleeding1000.jpg,stembleed,4
lf3_trunk,StemBleeding1004,3_trunk_disease,1,1.0,,coconut-tree-disease,Coconut Tree Disease Dataset/Stem Bleeding/StemBleeding1004.jpg,stembleed,4
lf3_trunk,StemBleeding102,3_trunk_disease,1,0.9999997615814208,,coconut-tree-disease,Coconut Tree Disease Dataset/Stem Bleeding/StemBleeding102.jpg,stembleed,4
lf3_trunk,StemBleeding103,3_trunk_disease,1,1.0,,coconut-tree-disease,Coconut Tree Disease Dataset/Stem Bleeding/StemBleeding103.jpg,stembleed,4
lf3_trunk,StemBleeding110,3_trunk_disease,1,1.0,,coconut-tree-disease,Coconut Tree Disease Dataset/Stem Bleeding/StemBleeding110.jpg,stembleed,4
lf3_trunk,StemBleeding111,3_trunk_disease,1,1.0,,coconut-tree-disease,Coconut Tree Disease Dataset/Stem Bleeding/StemBleeding111.jpg,stembleed,4
lf3_trunk,StemBleeding127,3_trunk_disease,1,0.9999997615814208,,coconut-tree-disease,Coconut Tree Disease Dataset/Stem Bleeding/StemBleeding127.jpg,stembleed,4
lf3_trunk,StemBleeding133,3_trunk_disease,1,1.0,,coconut-tree-disease,Coconut Tree Disease Dataset/Stem Bleeding/StemBleeding133.jpg,stembleed,4
lf3_trunk,StemBleeding141,3_trunk_disease,1,1.0,,coconut-tree-disease,Coconut Tree Disease Dataset/Stem Bleeding/StemBleeding141.jpg,stembleed,4
lf3_trunk,StemBleeding149,3_trunk_disease,1,0.9999997615814208,,coconut-tree-disease,Coconut Tree Disease Dataset/Stem Bleeding/StemBleeding149.jpg,stembleed,4
lf3_trunk,StemBleeding153,3_trunk_disease,1,0.9999852180480956,,coconut-tree-disease,Coconut Tree Disease Dataset/Stem Bleeding/StemBleeding153.jpg,stembleed,4
lf3_trunk,StemBleeding154,3_trunk_disease,1,0.9999387264251708,,coconut-tree-disease,Coconut Tree Disease Dataset/Stem Bleeding/StemBleeding154.jpg,stembleed,4
lf3_trunk,StemBleeding168,3_trunk_disease,1,0.9999997615814208,,coconut-tree-disease,Coconut Tree Disease Dataset/Stem Bleeding/StemBleeding168.jpg,stembleed,4
lf3_trunk,StemBleeding185,3_trunk_disease,1,0.9999996423721312,,coconut-tree-disease,Coconut Tree Disease Dataset/Stem Bleeding/StemBleeding185.jpg,stembleed,4
lf3_trunk,StemBleeding190,3_trunk_disease,1,0.9999997615814208,,coconut-tree-disease,Coconut Tree Disease Dataset/Stem Bleeding/StemBleeding190.jpg,stembleed,4
lf3_trunk,StemBleeding191,3_trunk_disease,1,0.9999998807907104,,coconut-tree-disease,Coconut Tree Disease Dataset/Stem Bleeding/StemBleeding191.jpg,stembleed,4
lf3_trunk,StemBleeding193,3_trunk_disease,1,1.0,,coconut-tree-disease,Coconut Tree Disease Dataset/Stem Bleeding/StemBleeding193.jpg,stembleed,4
lf3_trunk,StemBleeding195,3_trunk_disease,1,1.0,,coconut-tree-disease,Coconut Tree Disease Dataset/Stem Bleeding/StemBleeding195.jpg,stembleed,4
lf3_trunk,StemBleeding199,3_trunk_disease,1,1.0,,coconut-tree-disease,Coconut Tree Disease Dataset/Stem Bleeding/StemBleeding199.jpg,stembleed,4
lf3_trunk,StemBleeding200,3_trunk_disease,1,1.0,,coconut-tree-disease,Coconut Tree Disease Dataset/Stem Bleeding/StemBleeding200.jpg,stembleed,4
lf3_trunk,StemBleeding216,3_trunk_disease,1,1.0,,coconut-tree-disease,Coconut Tree Disease Dataset/Stem Bleeding/StemBleeding216.jpg,stembleed,4
lf3_trunk,StemBleeding217,3_trunk_disease,1,1.0,,coconut-tree-disease,Coconut Tree Disease Dataset/Stem Bleeding/StemBleeding217.jpg,stembleed,4
lf3_trunk,StemBleeding223,3_trunk_disease,1,0.9999996423721312,,coconut-tree-disease,Coconut Tree Disease Dataset/Stem Bleeding/StemBleeding223.jpg,stembleed,4
lf3_trunk,StemBleeding225,3_trunk_disease,1,0.999997854232788,,coconut-tree-disease,Coconut Tree Disease Dataset/Stem Bleeding/StemBleeding225.jpg,stembleed,4
lf3_trunk,StemBleeding226,3_trunk_disease,1,0.9999998807907104,,coconut-tree-disease,Coconut Tree Disease Dataset/Stem Bleeding/StemBleeding226.jpg,stembleed,4
lf3_trunk,StemBleeding230,3_trunk_disease,1,1.0,,coconut-tree-disease,Coconut Tree Disease Dataset/Stem Bleeding/StemBleeding230.jpg,stembleed,4
lf3_trunk,StemBleeding236,3_trunk_disease,1,0.9999997615814208,,coconut-tree-disease,Coconut Tree Disease Dataset/Stem Bleeding/StemBleeding236.jpg,stembleed,4
lf3_trunk,StemBleeding238,3_trunk_disease,1,0.9999754428863524,,coconut-tree-disease,Coconut Tree Disease Dataset/Stem Bleeding/StemBleeding238.jpg,stembleed,4
lf3_trunk,StemBleeding241,3_trunk_disease,1,0.9999977350234984,,coconut-tree-disease,Coconut Tree Disease Dataset/Stem Bleeding/StemBleeding241.jpg,stembleed,4
lf3_trunk,StemBleeding242,3_trunk_disease,1,0.9999977350234984,,coconut-tree-disease,Coconut Tree Disease Dataset/Stem Bleeding/StemBleeding242.jpg,stembleed,4
lf3_trunk,StemBleeding251,3_trunk_disease,1,1.0,,coconut-tree-disease,Coconut Tree Disease Dataset/Stem Bleeding/StemBleeding251.jpg,stembleed,4
lf3_trunk,StemBleeding261,3_trunk_disease,1,0.9999985694885254,,coconut-tree-disease,Coconut Tree Disease Dataset/Stem Bleeding/StemBleeding261.jpg,stembleed,4
lf3_trunk,StemBleeding263,3_trunk_disease,1,0.9999990463256836,,coconut-tree-disease,Coconut Tree Disease Dataset/Stem Bleeding/StemBleeding263.jpg,stembleed,4
lf3_trunk,StemBleeding264,3_trunk_disease,1,0.9999994039535522,,coconut-tree-disease,Coconut Tree Disease Dataset/Stem Bleeding/StemBleeding264.jpg,stembleed,4
lf3_trunk,StemBleeding265,3_trunk_disease,1,0.9999997615814208,,coconut-tree-disease,Coconut Tree Disease Dataset/Stem Bleeding/StemBleeding265.jpg,stembleed,4
lf3_trunk,StemBleeding273,3_trunk_disease,1,0.9999998807907104,,coconut-tree-disease,Coconut Tree Disease Dataset/Stem Bleeding/StemBleeding273.jpg,stembleed,4
lf3_trunk,StemBleeding276,3_trunk_disease,1,0.9999998807907104,,coconut-tree-disease,Coconut Tree Disease Dataset/Stem Bleeding/StemBleeding276.jpg,stembleed,4
lf3_trunk,StemBleeding280,3_trunk_disease,1,0.9999997615814208,,coconut-tree-disease,Coconut Tree Disease Dataset/Stem Bleeding/StemBleeding280.jpg,stembleed,4
lf3_trunk,StemBleeding282,3_trunk_disease,1,1.0,,coconut-tree-disease,Coconut Tree Disease Dataset/Stem Bleeding/StemBleeding282.jpg,stembleed,4
lf3_trunk,StemBleeding284,3_trunk_disease,1,0.9999996423721312,,coconut-tree-disease,Coconut Tree Disease Dataset/Stem Bleeding/StemBleeding284.jpg,stembleed,4
lf3_trunk,StemBleeding287,3_trunk_disease,1,0.999998927116394,,coconut-tree-disease,Coconut Tree Disease Dataset/Stem Bleeding/StemBleeding287.jpg,stembleed,4
lf3_trunk,StemBleeding288,3_trunk_disease,1,0.9999998807907104,,coconut-tree-disease,Coconut Tree Disease Dataset/Stem Bleeding/StemBleeding288.jpg,stembleed,4
lf3_trunk,StemBleeding290,3_trunk_disease,1,1.0,,coconut-tree-disease,Coconut Tree Disease Dataset/Stem Bleeding/StemBleeding290.jpg,stembleed,4
lf3_trunk,StemBleeding295,3_trunk_disease,1,1.0,,coconut-tree-disease,Coconut Tree Disease Dataset/Stem Bleeding/StemBleeding295.jpg,stembleed,4
lf3_trunk,StemBleeding297,3_trunk_disease,1,0.9999998807907104,,coconut-tree-disease,Coconut Tree Disease Dataset/Stem Bleeding/StemBleeding297.jpg,stembleed,4
lf3_trunk,StemBleeding303,3_trunk_disease,1,1.0,,coconut-tree-disease,Coconut Tree Disease Dataset/Stem Bleeding/StemBleeding303.jpg,stembleed,4
lf3_trunk,StemBleeding308,3_trunk_disease,1,1.0,,coconut-tree-disease,Coconut Tree Disease Dataset/Stem Bleeding/StemBleeding308.jpg,stembleed,4
lf3_trunk,StemBleeding310,3_trunk_disease,1,1.0,,coconut-tree-disease,Coconut Tree Disease Dataset/Stem Bleeding/StemBleeding310.jpg,stembleed,4
lf3_trunk,StemBleeding318,3_trunk_disease,1,1.0,,coconut-tree-disease,Coconut Tree Disease Dataset/Stem Bleeding/StemBleeding318.jpg,stembleed,4
lf3_trunk,StemBleeding319,3_trunk_disease,1,1.0,,coconut-tree-disease,Coconut Tree Disease Dataset/Stem Bleeding/StemBleeding319.jpg,stembleed,4
lf3_trunk,StemBleeding324,3_trunk_disease,1,1.0,,coconut-tree-disease,Coconut Tree Disease Dataset/Stem Bleeding/StemBleeding324.jpg,stembleed,4
lf3_trunk,StemBleeding327,3_trunk_disease,1,1.0,,coconut-tree-disease,Coconut Tree Disease Dataset/Stem Bleeding/StemBleeding327.jpg,stembleed,4
lf3_trunk,StemBleeding337,3_trunk_disease,1,0.9999996423721312,,coconut-tree-disease,Coconut Tree Disease Dataset/Stem Bleeding/StemBleeding337.jpg,stembleed,4
lf3_trunk,StemBleeding339,3_trunk_disease,1,0.9999995231628418,,coconut-tree-disease,Coconut Tree Disease Dataset/Stem Bleeding/StemBleeding339.jpg,stembleed,4
lf3_trunk,StemBleeding341,3_trunk_disease,1,0.9999992847442628,,coconut-tree-disease,Coconut Tree Disease Dataset/Stem Bleeding/StemBleeding341.jpg,stembleed,4
lf3_trunk,StemBleeding343,3_trunk_disease,1,0.9999995231628418,,coconut-tree-disease,Coconut Tree Disease Dataset/Stem Bleeding/StemBleeding343.jpg,stembleed,4
lf3_trunk,StemBleeding345,3_trunk_disease,1,1.0,,coconut-tree-disease,Coconut Tree Disease Dataset/Stem Bleeding/StemBleeding345.jpg,stembleed,4
lf3_trunk,StemBleeding354,3_trunk_disease,1,0.9999985694885254,,coconut-tree-disease,Coconut Tree Disease Dataset/Stem Bleeding/StemBleeding354.jpg,stembleed,4
lf3_trunk,StemBleeding357,3_trunk_disease,1,0.9999995231628418,,coconut-tree-disease,Coconut Tree Disease Dataset/Stem Bleeding/StemBleeding357.jpg,stembleed,4
lf3_trunk,StemBleeding364,3_trunk_disease,1,1.0,,coconut-tree-disease,Coconut Tree Disease Dataset/Stem Bleeding/StemBleeding364.jpg,stembleed,4
lf3_trunk,StemBleeding370,3_trunk_disease,1,0.9999979734420776,,coconut-tree-disease,Coconut Tree Disease Dataset/Stem Bleeding/StemBleeding370.jpg,stembleed,4
lf3_trunk,StemBleeding371,3_trunk_disease,1,0.9999901056289672,,coconut-tree-disease,Coconut Tree Disease Dataset/Stem Bleeding/StemBleeding371.jpg,stembleed,4
lf3_trunk,StemBleeding373,3_trunk_disease,1,0.9998388290405272,,coconut-tree-disease,Coconut Tree Disease Dataset/Stem Bleeding/StemBleeding373.jpg,stembleed,4
lf3_trunk,StemBleeding376,3_trunk_disease,1,0.9999992847442628,,coconut-tree-disease,Coconut Tree Disease Dataset/Stem Bleeding/StemBleeding376.jpg,stembleed,4
lf3_trunk,StemBleeding386,3_trunk_disease,1,1.0,,coconut-tree-disease,Coconut Tree Disease Dataset/Stem Bleeding/StemBleeding386.jpg,stembleed,4
lf3_trunk,StemBleeding391,3_trunk_disease,1,1.0,,coconut-tree-disease,Coconut Tree Disease Dataset/Stem Bleeding/StemBleeding391.jpg,stembleed,4
lf3_trunk,StemBleeding395,3_trunk_disease,1,1.0,,coconut-tree-disease,Coconut Tree Disease Dataset/Stem Bleeding/StemBleeding395.jpg,stembleed,4
lf3_trunk,StemBleeding430,3_trunk_disease,1,1.0,,coconut-tree-disease,Coconut Tree Disease Dataset/Stem Bleeding/StemBleeding430.jpg,stembleed,4
lf3_trunk,StemBleeding433,3_trunk_disease,1,1.0,,coconut-tree-disease,Coconut Tree Disease Dataset/Stem Bleeding/StemBleeding433.jpg,stembleed,4
lf3_trunk,StemBleeding439,3_trunk_disease,1,0.999996781349182,,coconut-tree-disease,Coconut Tree Disease Dataset/Stem Bleeding/StemBleeding439.jpg,stembleed,4
lf3_trunk,StemBleeding446,3_trunk_disease,1,1.0,,coconut-tree-disease,Coconut Tree Disease Dataset/Stem Bleeding/StemBleeding446.jpg,stembleed,4
lf3_trunk,StemBleeding452,3_trunk_disease,1,1.0,,coconut-tree-disease,Coconut Tree Disease Dataset/Stem Bleeding/StemBleeding452.jpg,stembleed,4
lf3_trunk,StemBleeding454,3_trunk_disease,1,1.0,,coconut-tree-disease,Coconut Tree Disease Dataset/Stem Bleeding/StemBleeding454.jpg,stembleed,4
lf3_trunk,StemBleeding465,3_trunk_disease,1,1.0,,coconut-tree-disease,Coconut Tree Disease Dataset/Stem Bleeding/StemBleeding465.jpg,stembleed,4
lf3_trunk,StemBleeding467,3_trunk_disease,1,0.9999939203262328,,coconut-tree-disease,Coconut Tree Disease Dataset/Stem Bleeding/StemBleeding467.jpg,stembleed,4
lf3_trunk,StemBleeding469,3_trunk_disease,1,1.0,,coconut-tree-disease,Coconut Tree Disease Dataset/Stem Bleeding/StemBleeding469.jpg,stembleed,4
lf3_trunk,StemBleeding477,3_trunk_disease,1,1.0,,coconut-tree-disease,Coconut Tree Disease Dataset/Stem Bleeding/StemBleeding477.jpg,stembleed,4
lf3_trunk,StemBleeding479,3_trunk_disease,1,1.0,,coconut-tree-disease,Coconut Tree Disease Dataset/Stem Bleeding/StemBleeding479.jpg,stembleed,4
lf3_trunk,StemBleeding480,3_trunk_disease,1,0.9999997615814208,,coconut-tree-disease,Coconut Tree Disease Dataset/Stem Bleeding/StemBleeding480.jpg,stembleed,4
lf3_trunk,StemBleeding485,3_trunk_disease,1,0.9999990463256836,,coconut-tree-disease,Coconut Tree Disease Dataset/Stem Bleeding/StemBleeding485.jpg,stembleed,4
lf3_trunk,StemBleeding493,3_trunk_disease,1,1.0,,coconut-tree-disease,Coconut Tree Disease Dataset/Stem Bleeding/StemBleeding493.jpg,stembleed,4
lf3_trunk,StemBleeding495,3_trunk_disease,1,1.0,,coconut-tree-disease,Coconut Tree Disease Dataset/Stem Bleeding/StemBleeding495.jpg,stembleed,4
lf3_trunk,StemBleeding514,3_trunk_disease,1,1.0,,coconut-tree-disease,Coconut Tree Disease Dataset/Stem Bleeding/StemBleeding514.jpg,stembleed,4
lf3_trunk,StemBleeding524,3_trunk_disease,1,0.9963456988334656,,coconut-tree-disease,Coconut Tree Disease Dataset/Stem Bleeding/StemBleeding524.jpg,stembleed,4
lf3_trunk,StemBleeding525,3_trunk_disease,1,0.9995368719100952,,coconut-tree-disease,Coconut Tree Disease Dataset/Stem Bleeding/StemBleeding525.jpg,stembleed,4
lf3_trunk,StemBleeding543,3_trunk_disease,1,1.0,,coconut-tree-disease,Coconut Tree Disease Dataset/Stem Bleeding/StemBleeding543.jpg,stembleed,4
lf3_trunk,StemBleeding554,3_trunk_disease,1,0.9999886751174928,,coconut-tree-disease,Coconut Tree Disease Dataset/Stem Bleeding/StemBleeding554.jpg,stembleed,4
lf3_trunk,StemBleeding555,3_trunk_disease,1,1.0,,coconut-tree-disease,Coconut Tree Disease Dataset/Stem Bleeding/StemBleeding555.jpg,stembleed,4
lf3_trunk,StemBleeding559,3_trunk_disease,1,1.0,,coconut-tree-disease,Coconut Tree Disease Dataset/Stem Bleeding/StemBleeding559.jpg,stembleed,4
lf3_trunk,StemBleeding565,3_trunk_disease,1,1.0,,coconut-tree-disease,Coconut Tree Disease Dataset/Stem Bleeding/StemBleeding565.jpg,stembleed,4
lf3_trunk,StemBleeding570,3_trunk_disease,1,1.0,,coconut-tree-disease,Coconut Tree Disease Dataset/Stem Bleeding/StemBleeding570.jpg,stembleed,4
lf3_trunk,StemBleeding571,3_trunk_disease,1,1.0,,coconut-tree-disease,Coconut Tree Disease Dataset/Stem Bleeding/StemBleeding571.jpg,stembleed,4
lf3_trunk,StemBleeding579,3_trunk_disease,1,0.9999946355819702,,coconut-tree-disease,Coconut Tree Disease Dataset/Stem Bleeding/StemBleeding579.jpg,stembleed,4
lf3_trunk,StemBleeding582,3_trunk_disease,1,0.9999310970306396,,coconut-tree-disease,Coconut Tree Disease Dataset/Stem Bleeding/StemBleeding582.jpg,stembleed,4
lf3_trunk,StemBleeding584,3_trunk_disease,1,1.0,,coconut-tree-disease,Coconut Tree Disease Dataset/Stem Bleeding/StemBleeding584.jpg,stembleed,4
lf3_trunk,StemBleeding589,3_trunk_disease,1,1.0,,coconut-tree-disease,Coconut Tree Disease Dataset/Stem Bleeding/StemBleeding589.jpg,stembleed,4
lf3_trunk,StemBleeding591,3_trunk_disease,1,1.0,,coconut-tree-disease,Coconut Tree Disease Dataset/Stem Bleeding/StemBleeding591.jpg,stembleed,4
lf3_trunk,StemBleeding600,3_trunk_disease,1,1.0,,coconut-tree-disease,Coconut Tree Disease Dataset/Stem Bleeding/StemBleeding600.jpg,stembleed,4
lf3_trunk,StemBleeding603,3_trunk_disease,1,0.9999959468841552,,coconut-tree-disease,Coconut Tree Disease Dataset/Stem Bleeding/StemBleeding603.jpg,stembleed,4
lf3_trunk,StemBleeding604,3_trunk_disease,1,0.99998939037323,,coconut-tree-disease,Coconut Tree Disease Dataset/Stem Bleeding/StemBleeding604.jpg,stembleed,4
lf3_trunk,StemBleeding606,3_trunk_disease,1,0.9999797344207764,,coconut-tree-disease,Coconut Tree Disease Dataset/Stem Bleeding/StemBleeding606.jpg,stembleed,4
lf3_trunk,StemBleeding615,3_trunk_disease,1,0.9999985694885254,,coconut-tree-disease,Coconut Tree Disease Dataset/Stem Bleeding/StemBleeding615.jpg,stembleed,4
lf3_trunk,StemBleeding625,3_trunk_disease,1,0.9999983310699464,,coconut-tree-disease,Coconut Tree Disease Dataset/Stem Bleeding/StemBleeding625.jpg,stembleed,4
lf3_trunk,StemBleeding626,3_trunk_disease,1,0.9999979734420776,,coconut-tree-disease,Coconut Tree Disease Dataset/Stem Bleeding/StemBleeding626.jpg,stembleed,4
lf3_trunk,StemBleeding633,3_trunk_disease,1,1.0,,coconut-tree-disease,Coconut Tree Disease Dataset/Stem Bleeding/StemBleeding633.jpg,stembleed,4
lf3_trunk,StemBleeding634,3_trunk_disease,1,1.0,,coconut-tree-disease,Coconut Tree Disease Dataset/Stem Bleeding/StemBleeding634.jpg,stembleed,4
lf3_trunk,StemBleeding636,3_trunk_disease,1,1.0,,coconut-tree-disease,Coconut Tree Disease Dataset/Stem Bleeding/StemBleeding636.jpg,stembleed,4
lf3_trunk,StemBleeding646,3_trunk_disease,1,0.9999980926513672,,coconut-tree-disease,Coconut Tree Disease Dataset/Stem Bleeding/StemBleeding646.jpg,stembleed,4
lf3_trunk,StemBleeding649,3_trunk_disease,1,0.9851453304290771,,coconut-tree-disease,Coconut Tree Disease Dataset/Stem Bleeding/StemBleeding649.jpg,stembleed,4
lf3_trunk,StemBleeding658,3_trunk_disease,1,0.9999784231185912,,coconut-tree-disease,Coconut Tree Disease Dataset/Stem Bleeding/StemBleeding658.jpg,stembleed,4
lf3_trunk,StemBleeding661,3_trunk_disease,1,0.9999496936798096,,coconut-tree-disease,Coconut Tree Disease Dataset/Stem Bleeding/StemBleeding661.jpg,stembleed,4
lf3_trunk,StemBleeding663,3_trunk_disease,1,1.0,,coconut-tree-disease,Coconut Tree Disease Dataset/Stem Bleeding/StemBleeding663.jpg,stembleed,4
lf3_trunk,StemBleeding666,3_trunk_disease,1,1.0,,coconut-tree-disease,Coconut Tree Disease Dataset/Stem Bleeding/StemBleeding666.jpg,stembleed,4
lf3_trunk,StemBleeding668,3_trunk_disease,1,1.0,,coconut-tree-disease,Coconut Tree Disease Dataset/Stem Bleeding/StemBleeding668.jpg,stembleed,4
lf3_trunk,StemBleeding670,3_trunk_disease,1,1.0,,coconut-tree-disease,Coconut Tree Disease Dataset/Stem Bleeding/StemBleeding670.jpg,stembleed,4
lf3_trunk,StemBleeding671,3_trunk_disease,1,1.0,,coconut-tree-disease,Coconut Tree Disease Dataset/Stem Bleeding/StemBleeding671.jpg,stembleed,4
lf3_trunk,StemBleeding672,3_trunk_disease,1,1.0,,coconut-tree-disease,Coconut Tree Disease Dataset/Stem Bleeding/StemBleeding672.jpg,stembleed,4
lf3_trunk,StemBleeding674,3_trunk_disease,1,1.0,,coconut-tree-disease,Coconut Tree Disease Dataset/Stem Bleeding/StemBleeding674.jpg,stembleed,4
lf3_trunk,StemBleeding676,3_trunk_disease,1,0.9999998807907104,,coconut-tree-disease,Coconut Tree Disease Dataset/Stem Bleeding/StemBleeding676.jpg,stembleed,4
lf3_trunk,StemBleeding685,3_trunk_disease,1,1.0,,coconut-tree-disease,Coconut Tree Disease Dataset/Stem Bleeding/StemBleeding685.jpg,stembleed,4
lf3_trunk,StemBleeding697,3_trunk_disease,1,0.999998927116394,,coconut-tree-disease,Coconut Tree Disease Dataset/Stem Bleeding/StemBleeding697.jpg,stembleed,4
lf3_trunk,StemBleeding717,3_trunk_disease,1,0.9996657371520996,,coconut-tree-disease,Coconut Tree Disease Dataset/Stem Bleeding/StemBleeding717.jpg,stembleed,4
lf3_trunk,StemBleeding723,3_trunk_disease,1,1.0,,coconut-tree-disease,Coconut Tree Disease Dataset/Stem Bleeding/StemBleeding723.jpg,stembleed,4
lf3_trunk,StemBleeding730,3_trunk_disease,1,1.0,,coconut-tree-disease,Coconut Tree Disease Dataset/Stem Bleeding/StemBleeding730.jpg,stembleed,4
lf3_trunk,StemBleeding732,3_trunk_disease,1,1.0,,coconut-tree-disease,Coconut Tree Disease Dataset/Stem Bleeding/StemBleeding732.jpg,stembleed,4
lf3_trunk,StemBleeding733,3_trunk_disease,1,1.0,,coconut-tree-disease,Coconut Tree Disease Dataset/Stem Bleeding/StemBleeding733.jpg,stembleed,4
lf3_trunk,StemBleeding746,3_trunk_disease,1,0.9999988079071044,,coconut-tree-disease,Coconut Tree Disease Dataset/Stem Bleeding/StemBleeding746.jpg,stembleed,4
lf3_trunk,StemBleeding752,3_trunk_disease,1,0.9999969005584716,,coconut-tree-disease,Coconut Tree Disease Dataset/Stem Bleeding/StemBleeding752.jpg,stembleed,4
lf3_trunk,StemBleeding759,3_trunk_disease,1,0.9999994039535522,,coconut-tree-disease,Coconut Tree Disease Dataset/Stem Bleeding/StemBleeding759.jpg,stembleed,4
lf3_trunk,StemBleeding762,3_trunk_disease,1,0.9999997615814208,,coconut-tree-disease,Coconut Tree Disease Dataset/Stem Bleeding/StemBleeding762.jpg,stembleed,4
lf3_trunk,StemBleeding764,3_trunk_disease,1,0.9999997615814208,,coconut-tree-disease,Coconut Tree Disease Dataset/Stem Bleeding/StemBleeding764.jpg,stembleed,4
lf3_trunk,StemBleeding768,3_trunk_disease,1,1.0,,coconut-tree-disease,Coconut Tree Disease Dataset/Stem Bleeding/StemBleeding768.jpg,stembleed,4
lf3_trunk,StemBleeding774,3_trunk_disease,1,0.9999997615814208,,coconut-tree-disease,Coconut Tree Disease Dataset/Stem Bleeding/StemBleeding774.jpg,stembleed,4
lf3_trunk,StemBleeding776,3_trunk_disease,1,0.9999806880950928,,coconut-tree-disease,Coconut Tree Disease Dataset/Stem Bleeding/StemBleeding776.jpg,stembleed,4
lf3_trunk,StemBleeding784,3_trunk_disease,1,0.9999979734420776,,coconut-tree-disease,Coconut Tree Disease Dataset/Stem Bleeding/StemBleeding784.jpg,stembleed,4
lf3_trunk,StemBleeding797,3_trunk_disease,1,1.0,,coconut-tree-disease,Coconut Tree Disease Dataset/Stem Bleeding/StemBleeding797.jpg,stembleed,4
lf3_trunk,StemBleeding801,3_trunk_disease,1,1.0,,coconut-tree-disease,Coconut Tree Disease Dataset/Stem Bleeding/StemBleeding801.jpg,stembleed,4
lf3_trunk,StemBleeding809,3_trunk_disease,1,1.0,,coconut-tree-disease,Coconut Tree Disease Dataset/Stem Bleeding/StemBleeding809.jpg,stembleed,4
lf3_trunk,StemBleeding810,3_trunk_disease,1,1.0,,coconut-tree-disease,Coconut Tree Disease Dataset/Stem Bleeding/StemBleeding810.jpg,stembleed,4
lf3_trunk,StemBleeding813,3_trunk_disease,1,1.0,,coconut-tree-disease,Coconut Tree Disease Dataset/Stem Bleeding/StemBleeding813.jpg,stembleed,4
lf3_trunk,StemBleeding817,3_trunk_disease,1,1.0,,coconut-tree-disease,Coconut Tree Disease Dataset/Stem Bleeding/StemBleeding817.jpg,stembleed,4
lf3_trunk,StemBleeding819,3_trunk_disease,1,0.9999997615814208,,coconut-tree-disease,Coconut Tree Disease Dataset/Stem Bleeding/StemBleeding819.jpg,stembleed,4
lf3_trunk,StemBleeding823,3_trunk_disease,1,1.0,,coconut-tree-disease,Coconut Tree Disease Dataset/Stem Bleeding/StemBleeding823.jpg,stembleed,4
lf3_trunk,StemBleeding829,3_trunk_disease,1,0.9999994039535522,,coconut-tree-disease,Coconut Tree Disease Dataset/Stem Bleeding/StemBleeding829.jpg,stembleed,4
lf3_trunk,StemBleeding838,3_trunk_disease,1,1.0,,coconut-tree-disease,Coconut Tree Disease Dataset/Stem Bleeding/StemBleeding838.jpg,stembleed,4
lf3_trunk,StemBleeding841,3_trunk_disease,1,0.999969482421875,,coconut-tree-disease,Coconut Tree Disease Dataset/Stem Bleeding/StemBleeding841.jpg,stembleed,4
lf3_trunk,StemBleeding843,3_trunk_disease,1,0.9984164237976074,,coconut-tree-disease,Coconut Tree Disease Dataset/Stem Bleeding/StemBleeding843.jpg,stembleed,4
lf3_trunk,StemBleeding856,3_trunk_disease,1,1.0,,coconut-tree-disease,Coconut Tree Disease Dataset/Stem Bleeding/StemBleeding856.jpg,stembleed,4
lf3_trunk,StemBleeding862,3_trunk_disease,1,1.0,,coconut-tree-disease,Coconut Tree Disease Dataset/Stem Bleeding/StemBleeding862.jpg,stembleed,4
lf3_trunk,StemBleeding866,3_trunk_disease,1,1.0,,coconut-tree-disease,Coconut Tree Disease Dataset/Stem Bleeding/StemBleeding866.jpg,stembleed,4
lf3_trunk,StemBleeding871,3_trunk_disease,1,0.9999997615814208,,coconut-tree-disease,Coconut Tree Disease Dataset/Stem Bleeding/StemBleeding871.jpg,stembleed,4
lf3_trunk,StemBleeding873,3_trunk_disease,1,1.0,,coconut-tree-disease,Coconut Tree Disease Dataset/Stem Bleeding/StemBleeding873.jpg,stembleed,4
lf3_trunk,StemBleeding874,3_trunk_disease,1,1.0,,coconut-tree-disease,Coconut Tree Disease Dataset/Stem Bleeding/StemBleeding874.jpg,stembleed,4
lf3_trunk,StemBleeding877,3_trunk_disease,1,1.0,,coconut-tree-disease,Coconut Tree Disease Dataset/Stem Bleeding/StemBleeding877.jpg,stembleed,4
lf3_trunk,StemBleeding883,3_trunk_disease,1,0.9999953508377076,,coconut-tree-disease,Coconut Tree Disease Dataset/Stem Bleeding/StemBleeding883.jpg,stembleed,4
lf3_trunk,StemBleeding888,3_trunk_disease,1,0.9999992847442628,,coconut-tree-disease,Coconut Tree Disease Dataset/Stem Bleeding/StemBleeding888.jpg,stembleed,4
lf3_trunk,StemBleeding889,3_trunk_disease,1,0.9999997615814208,,coconut-tree-disease,Coconut Tree Disease Dataset/Stem Bleeding/StemBleeding889.jpg,stembleed,4
lf3_trunk,StemBleeding898,3_trunk_disease,1,1.0,,coconut-tree-disease,Coconut Tree Disease Dataset/Stem Bleeding/StemBleeding898.jpg,stembleed,4
lf3_trunk,StemBleeding904,3_trunk_disease,1,1.0,,coconut-tree-disease,Coconut Tree Disease Dataset/Stem Bleeding/StemBleeding904.jpg,stembleed,4
lf3_trunk,StemBleeding909,3_trunk_disease,1,1.0,,coconut-tree-disease,Coconut Tree Disease Dataset/Stem Bleeding/StemBleeding909.jpg,stembleed,4
lf3_trunk,StemBleeding925,3_trunk_disease,1,1.0,,coconut-tree-disease,Coconut Tree Disease Dataset/Stem Bleeding/StemBleeding925.jpg,stembleed,4
lf3_trunk,StemBleeding929,3_trunk_disease,1,1.0,,coconut-tree-disease,Coconut Tree Disease Dataset/Stem Bleeding/StemBleeding929.jpg,stembleed,4
lf3_trunk,StemBleeding931,3_trunk_disease,1,1.0,,coconut-tree-disease,Coconut Tree Disease Dataset/Stem Bleeding/StemBleeding931.jpg,stembleed,4
lf3_trunk,StemBleeding942,3_trunk_disease,1,0.9999998807907104,,coconut-tree-disease,Coconut Tree Disease Dataset/Stem Bleeding/StemBleeding942.jpg,stembleed,4
lf3_trunk,StemBleeding945,3_trunk_disease,1,0.999881386756897,,coconut-tree-disease,Coconut Tree Disease Dataset/Stem Bleeding/StemBleeding945.jpg,stembleed,4
lf3_trunk,StemBleeding949,3_trunk_disease,1,1.0,,coconut-tree-disease,Coconut Tree Disease Dataset/Stem Bleeding/StemBleeding949.jpg,stembleed,4
lf3_trunk,StemBleeding955,3_trunk_disease,1,1.0,,coconut-tree-disease,Coconut Tree Disease Dataset/Stem Bleeding/StemBleeding955.jpg,stembleed,4
lf3_trunk,StemBleeding966,3_trunk_disease,1,0.9999957084655762,,coconut-tree-disease,Coconut Tree Disease Dataset/Stem Bleeding/StemBleeding966.jpg,stembleed,4
lf3_trunk,StemBleeding970,3_trunk_disease,1,0.9999991655349731,,coconut-tree-disease,Coconut Tree Disease Dataset/Stem Bleeding/StemBleeding970.jpg,stembleed,4
lf3_trunk,StemBleeding981,3_trunk_disease,1,1.0,,coconut-tree-disease,Coconut Tree Disease Dataset/Stem Bleeding/StemBleeding981.jpg,stembleed,4
lf3_trunk,StemBleeding982,3_trunk_disease,1,1.0,,coconut-tree-disease,Coconut Tree Disease Dataset/Stem Bleeding/StemBleeding982.jpg,stembleed,4
lf3_trunk,StemBleeding983,3_trunk_disease,1,1.0,,coconut-tree-disease,Coconut Tree Disease Dataset/Stem Bleeding/StemBleeding983.jpg,stembleed,4
lf3_trunk,StemBleeding998,3_trunk_disease,1,1.0,,coconut-tree-disease,Coconut Tree Disease Dataset/Stem Bleeding/StemBleeding998.jpg,stembleed,4
lf3_trunk,StemBleeding999,3_trunk_disease,1,1.0,,coconut-tree-disease,Coconut Tree Disease Dataset/Stem Bleeding/StemBleeding999.jpg,stembleed,4
