image_id,task,n_votes,n_pos,n_neg,score,prob_usable,label
0100_jpg.rf.0d343bad8dab2daf913d921a776694e7,1_maturity_evaluation,1,1,0,1.0,0.7311,1
010_jpg.rf.0bceb2935b70017af4f5c8f966af09ab,1_maturity_evaluation,1,1,0,1.0,0.7311,1
010_jpg.rf.438e09acddb8e73d2bbce4e8dbe080a3,1_maturity_evaluation,1,1,0,1.0,0.7311,1
010_jpg.rf.bc166106b70d5c7392f13edb897b33fe,1_maturity_evaluation,1,1,0,1.0,0.7311,1
011_jpg.rf.6125db4869932d2246e1c63cdb4d1680,1_maturity_evaluation,1,1,0,1.0,0.7311,1
015_jpg.rf.0696ae9f97d9a7e8f642fd504e1dfccc,1_maturity_evaluation,1,0,1,-1.0,0.2689,0
015_jpg.rf.cfbcf01b383875e14bf9c7bb8921fe08,1_maturity_evaluation,1,0,1,-1.0,0.2689,0
015_jpg.rf.f0fe9af2487360f5ade10db38a21e87a,1_maturity_evaluation,1,0,1,-1.0,0.2689,0
016_jpg.rf.1c75e3c14cf0b3190250b33769414d95,1_maturity_evaluation,1,1,0,1.0,0.7311,1
016_jpg.rf.c307f930336c424f57b36d40e9eb758a,1_maturity_evaluation,1,1,0,1.0,0.7311,1
016_jpg.rf.e7e5eb3b47416c3c4ee2fb3aafe53aca,1_maturity_evaluation,1,1,0,1.0,0.7311,1
017_jpg.rf.56ee43ce0abdf695f5f4be4def2c97a1,1_maturity_evaluation,1,1,0,1.0,0.7311,1
017_jpg.rf.744a099317cd7c34727ec5f74e028f51,1_maturity_evaluation,1,1,0,1.0,0.7311,1
017_jpg.rf.d9a59ee6444d4cfbd3301079faa0dcc7,1_maturity_evaluation,1,1,0,1.0,0.7311,1
018_jpg.rf.e836998369d489b08c6a1f59942b130c,1_maturity_evaluation,1,1,0,1.0,0.7311,1
019_jpg.rf.d968e76ac51779ee570513b509510b57,1_maturity_evaluation,1,1,0,1.0,0.7311,1
01_jpg.rf.9a2fdd1fbadf3f0f94e9a35bf7f28f01,1_maturity_evaluation,1,0,1,-1.0,0.2689,0
01_jpg.rf.ece606812fdb5842eb935687c6322fd3,1_maturity_evaluation,1,0,1,-1.0,0.2689,0
01_jpg.rf.fc88eede4194a104bda7f5c428b7c9b7,1_maturity_evaluation,1,0,1,-1.0,0.2689,0
020_jpg.rf.934aab5db8374bbe99ef6fbc9604ff3d,1_maturity_evaluation,1,0,1,-1.0,0.2689,0
020_jpg.rf.d679d9ac81c79060983caa8ad7e149c2,1_maturity_evaluation,1,0,1,-1.0,0.2689,0
020_jpg.rf.f5f0998289c04ba709de12e047444934,1_maturity_evaluation,1,0,1,-1.0,0.2689,0
021_jpg.rf.24120bf2c217fad7ac3bcd9faaa6df6e,1_maturity_evaluation,1,1,0,1.0,0.7311,1
021_jpg.rf.baa2292357e865726965f74cdaf06646,1_maturity_evaluation,1,1,0,1.0,0.7311,1
021_jpg.rf.da84d22087580791cf012fb2bf44cee3,1_maturity_evaluation,1,1,0,1.0,0.7311,1
022_jpg.rf.67395f06ace3af2d3384695dbf2011cb,1_maturity_evaluation,1,0,1,-1.0,0.2689,0
024_jpg.rf.3810930e4b3ba803033286768a43f116,1_maturity_evaluation,1,1,0,1.0,0.7311,1
024_jpg.rf.986e5416dcbe8f00c94be8fa6665f743,1_maturity_evaluation,1,1,0,1.0,0.7311,1
024_jpg.rf.bbb801416c7019f99906c3abac6ceef4,1_maturity_evaluation,1,1,0,1.0,0.7311,1
025_jpg.rf.78b5ee68f7bd9dbc2da3c7294ad61e09,1_maturity_evaluation,1,0,1,-1.0,0.2689,0
025_jpg.rf.b5c41140981f89faa1897dab5da34de1,1_maturity_evaluation,1,0,1,-1.0,0.2689,0
025_jpg.rf.b99075fcfa02fb6351e9b101110571ab,1_maturity_evaluation,1,0,1,-1.0,0.2689,0
026_jpg.rf.7471e889893fd7f8393880e1264636fc,1_maturity_evaluation,1,0,1,-1.0,0.2689,0
027_jpg.rf.6b8411c2832a8ea72e4a1946ffc965da,1_maturity_evaluation,1,1,0,1.0,0.7311,1
028_jpg.rf.39a688f8e971db9974b4cf1fac321bbe,1_maturity_evaluation,1,1,0,1.0,0.7311,1
028_jpg.rf.81287a6187ed2da94ead99de11882007,1_maturity_evaluation,1,1,0,1.0,0.7311,1
028_jpg.rf.963050a8c09b0548ba61cc53d5b7d3fd,1_maturity_evaluation,1,1,0,1.0,0.7311,1
029_jpg.rf.77dcd828a97a397603679f93015d1bf6,1_maturity_evaluation,1,1,0,1.0,0.7311,1
02_jpg.rf.1a1d0ce506e8a23fe8f78a880e1ba3e5,1_maturity_evaluation,1,1,0,1.0,0.7311,1
02_jpg.rf.51b096275a95594ba96ae00aed305efc,1_maturity_evaluation,1,1,0,1.0,0.7311,1
02_jpg.rf.8eeeccd907183fe6760b5da041c6b9eb,1_maturity_evaluation,1,1,0,1.0,0.7311,1
030_jpg.rf.bf8b9b31dcadda699117ea362bf6fb90,1_maturity_evaluation,1,1,0,1.0,0.7311,1
031_jpg.rf.b997d31b04ef4f5f1a1d9d3c3ca00fc9,1_maturity_evaluation,1,1,0,1.0,0.7311,1
032_jpg.rf.08e6c4d8094a14f7de1eaf05221bedb6,1_maturity_evaluation,1,1,0,1.0,0.7311,1
032_jpg.rf.17d881d4910f520eef369c159d9b24d6,1_maturity_evaluation,1,1,0,1.0,0.7311,1
032_jpg.rf.195451b49cc0e25dbdfb1313f41cbbc5,1_maturity_evaluation,1,1,0,1.0,0.7311,1
034_jpg.rf.c78733b5dbd647633326fcebc4a368ac,1_maturity_evaluation,1,1,0,1.0,0.7311,1
035_jpg.rf.f84d40bcb90cc69e2524622ad44d3de9,1_maturity_evaluation,1,1,0,1.0,0.7311,1
036_jpg.rf.3d9aea88a3641fc29768759cdde273b6,1_maturity_evaluation,1,1,0,1.0,0.7311,1
036_jpg.rf.addccd40c1011b4098a5fe7d2a6f2f09,1_maturity_evaluation,1,1,0,1.0,0.7311,1
036_jpg.rf.b9eb4de1a97ed732ef49ac14cde556c0,1_maturity_evaluation,1,1,0,1.0,0.7311,1
037_jpg.rf.a977f2a6befee00d208e5f50912fa5e0,1_maturity_evaluation,1,1,0,1.0,0.7311,1
037_jpg.rf.b4560d431e830369954ac7096dcc35c7,1_maturity_evaluation,1,1,0,1.0,0.7311,1
037_jpg.rf.c04a7d706c0e4af0ed71c71ad654bc9b,1_maturity_evaluation,1,1,0,1.0,0.7311,1
038_jpg.rf.22420cdd82d6095377a8d49061d5c2fb,1_maturity_evaluation,1,1,0,1.0,0.7311,1
038_jpg.rf.7ae76cea4fb75e467a5d77be974185da,1_maturity_evaluation,1,0,1,-1.0,0.2689,0
038_jpg.rf.9a2970f3b5c64ecba3f0085562bf2176,1_maturity_evaluation,1,0,1,-1.0,0.2689,0
039_jpg.rf.6a7b757abbc330fc2f4e67bf635406a6,1_maturity_evaluation,1,1,0,1.0,0.7311,1
03_jpg.rf.23f37c64ff4097b8bef807d4be6dedd3,1_maturity_evaluation,1,0,1,-1.0,0.2689,0
040_jpg.rf.2f8c9048987fc3d8cd06655c40d85a42,1_maturity_evaluation,1,1,0,1.0,0.7311,1
040_jpg.rf.4205c16498532d3986370e02b397f7ce,1_maturity_evaluation,1,1,0,1.0,0.7311,1
040_jpg.rf.e6ad0cba25d881211fcc6dee82fd8020,1_maturity_evaluation,1,1,0,1.0,0.7311,1
042_jpg.rf.13dba456d91a32c1f2ca946cc4800402,1_maturity_evaluation,1,1,0,1.0,0.7311,1
042_jpg.rf.7be3067652086ef8107c12d557d88f01,1_maturity_evaluation,1,1,0,1.0,0.7311,1
042_jpg.rf.b90fe9fc9b407529fa2906ee8e21ccce,1_maturity_evaluation,1,1,0,1.0,0.7311,1
043_jpg.rf.0b44b045bdbb720a01b3cc7521706cf2,1_maturity_evaluation,1,0,1,-1.0,0.2689,0
043_jpg.rf.29c37d9480db579d5e80f5a4c61fae10,1_maturity_evaluation,1,0,1,-1.0,0.2689,0
043_jpg.rf.3b879b2ec8537d93f103284ae2ca3a2b,1_maturity_evaluation,1,0,1,-1.0,0.2689,0
044_jpg.rf.1374fd2fda0cd9e90106598dbab2c6bc,1_maturity_evaluation,1,0,1,-1.0,0.2689,0
044_jpg.rf.4364c01270f0e063fe0b9c4a071e9788,1_maturity_evaluation,1,0,1,-1.0,0.2689,0
044_jpg.rf.7e2652e821ba3b126e629a746afa70c6,1_maturity_evaluation,1,0,1,-1.0,0.2689,0
046_jpeg.rf.18fc9e843c6d9d7ff00f26f088357550,1_maturity_evaluation,1,1,0,1.0,0.7311,1
046_jpeg.rf.3e69f3b73c97628d9b885dc6ba482467,1_maturity_evaluation,1,1,0,1.0,0.7311,1
046_jpeg.rf.b90a8166c7b1013287150fa4180698f4,1_maturity_evaluation,1,1,0,1.0,0.7311,1
047_jpg.rf.87a10694450eafa409539feaa730fe93,1_maturity_evaluation,1,1,0,1.0,0.7311,1
049_jpeg.rf.1b21d2bcad75110f76a7d8ea4c143ee9,1_maturity_evaluation,1,1,0,1.0,0.7311,1
049_jpeg.rf.5371ec437347af51f1234fc00f0ccc2f,1_maturity_evaluation,1,1,0,1.0,0.7311,1
049_jpeg.rf.f36ed434b28d85ea187db191fef0f389,1_maturity_evaluation,1,1,0,1.0,0.7311,1
04_jpg.rf.1ac4fcee4634cad16b6d444f2ec38d3c,1_maturity_evaluation,1,0,1,-1.0,0.2689,0
04_jpg.rf.7c237959701cf3e84050663258debb2c,1_maturity_evaluation,1,0,1,-1.0,0.2689,0
04_jpg.rf.992d68ec12b365da4a32226a234dd2e7,1_maturity_evaluation,1,0,1,-1.0,0.2689,0
052_jpg.rf.0caaf596899b3f445159fcea15f9f7ec,1_maturity_evaluation,1,0,1,-1.0,0.2689,0
052_jpg.rf.20c014a16b187062d1dece3f07b65293,1_maturity_evaluation,1,0,1,-1.0,0.2689,0
052_jpg.rf.d465a003604b928fd45ca6e00b4c36d4,1_maturity_evaluation,1,0,1,-1.0,0.2689,0
053_jpg.rf.0a5abe5fbf66f06c41dcb869cb43248b,1_maturity_evaluation,1,1,0,1.0,0.7311,1
053_jpg.rf.16a87b38237cbf12321887f8e63c85c4,1_maturity_evaluation,1,1,0,1.0,0.7311,1
053_jpg.rf.83811c2315128bad87d28f5f8a46b6ce,1_maturity_evaluation,1,1,0,1.0,0.7311,1
054_jpg.rf.6985931b12ca60bf2189a937b2c50156,1_maturity_evaluation,1,1,0,1.0,0.7311,1
054_jpg.rf.6b7ae3ea381fcc5de3ed3f4a0d74b365,1_maturity_evaluation,1,1,0,1.0,0.7311,1
054_jpg.rf.aec3073824f8f99b3518db16e6223ba0,1_maturity_evaluation,1,1,0,1.0,0.7311,1
055_jpeg.rf.48b25d091dadf1161944a77b019a0985,1_maturity_evaluation,1,1,0,1.0,0.7311,1
056_jpg.rf.fbf3c79d8c7938ab258e2114633d2f53,1_maturity_evaluation,1,1,0,1.0,0.7311,1
057_jpg.rf.44bb885372d871dd557018b3a86e9093,1_maturity_evaluation,1,1,0,1.0,0.7311,1
057_jpg.rf.7c2838abc46a6556989b2664b62f2eff,1_maturity_evaluation,1,1,0,1.0,0.7311,1
057_jpg.rf.d84497872036225588007593a488ebb3,1_maturity_evaluation,1,1,0,1.0,0.7311,1
058_jpg.rf.4468c7749beadcde397c966f11caafa5,1_maturity_evaluation,1,1,0,1.0,0.7311,1
058_jpg.rf.baa7f434506f55a353853f01817f9517,1_maturity_evaluation,1,1,0,1.0,0.7311,1
058_jpg.rf.e53e230ffc69dddd9a1950f8960991f0,1_maturity_evaluation,1,1,0,1.0,0.7311,1
059_jpg.rf.1366af527e37219789b57ade7b18f5ca,1_maturity_evaluation,1,1,0,1.0,0.7311,1
059_jpg.rf.21972af4bf364619536f460d795fd1d6,1_maturity_evaluation,1,1,0,1.0,0.7311,1
059_jpg.rf.8b00e073b8624e12be8deb66dcb133c5,1_maturity_evaluation,1,1,0,1.0,0.7311,1
05_jpg.rf.205ee0c8cb4e19eeda2b6709b9af9d33,1_maturity_evaluation,1,1,0,1.0,0.7311,1
05_jpg.rf.5a152404a6cf132f67407de3d139fa7d,1_maturity_evaluation,1,1,0,1.0,0.7311,1
05_jpg.rf.f7f25e167da5c8ba5e1a372fb3f53d33,1_maturity_evaluation,1,1,0,1.0,0.7311,1
060_jpg.rf.6f9604db77a3721e34fa7b8806c51211,1_maturity_evaluation,1,1,0,1.0,0.7311,1
060_jpg.rf.9a5367eee35f0210f72ea81c45dd2b04,1_maturity_evaluation,1,1,0,1.0,0.7311,1
060_jpg.rf.d8830cc9a1eb158cf405e880bb7b60c0,1_maturity_evaluation,1,1,0,1.0,0.7311,1
061_jpg.rf.0047fc7c272411ab8cb5459dfc84bcd8,1_maturity_evaluation,1,1,0,1.0,0.7311,1
061_jpg.rf.02055709ae2d983524f343102687a167,1_maturity_evaluation,1,1,0,1.0,0.7311,1
061_jpg.rf.4a33f2aceb36f117d16ccc4381cbc5eb,1_maturity_evaluation,1,1,0,1.0,0.7311,1
062_jpg.rf.ac95db25f27ea09ca0c30238c43e8095,1_maturity_evaluation,1,1,0,1.0,0.7311,1
062_jpg.rf.b374fed271bb813e90e6b8de6c893264,1_maturity_evaluation,1,1,0,1.0,0.7311,1
062_jpg.rf.d594e46bdf5f5165441daae6c15e3e7b,1_maturity_evaluation,1,1,0,1.0,0.7311,1
064_jpg.rf.6e73bcbb321362fa2144a50ddffd3b90,1_maturity_evaluation,1,0,1,-1.0,0.2689,0
065_jpg.rf.74d068653c1483b865ce3ca36bf93714,1_maturity_evaluation,1,0,1,-1.0,0.2689,0
065_jpg.rf.a18b513c2174bf6a0fe5185b6bc46341,1_maturity_evaluation,1,0,1,-1.0,0.2689,0
065_jpg.rf.b06d7ffbfac972059d61b1be4b9219b5,1_maturity_evaluation,1,0,1,-1.0,0.2689,0
066_jpg.rf.815aca1ae83da1f0c538e536f02933b9,1_maturity_evaluation,1,1,0,1.0,0.7311,1
067_jpg.rf.09b5ff924209d25731f8ddb5c3691c97,1_maturity_evaluation,1,1,0,1.0,0.7311,1
067_jpg.rf.cba162f5906e14a849f29c6c2d61279b,1_maturity_evaluation,1,1,0,1.0,0.7311,1
067_jpg.rf.ecc70ae5d38791842e7d02b614112463,1_maturity_evaluation,1,1,0,1.0,0.7311,1
069_jpg.rf.03ec90b6a9afe9a0ac54b6853b211c29,1_maturity_evaluation,1,1,0,1.0,0.7311,1
069_jpg.rf.b4722b28f23b1029a6622a6a8ae3c0b6,1_maturity_evaluation,1,1,0,1.0,0.7311,1
069_jpg.rf.d2f46165d58271ad3bea945085cac871,1_maturity_evaluation,1,1,0,1.0,0.7311,1
06_jpg.rf.5172ca7ed7bc6de67ef030732e7c4833,1_maturity_evaluation,1,1,0,1.0,0.7311,1
072_jpg.rf.129748a6b0ce5509f141f1b91a41371a,1_maturity_evaluation,1,1,0,1.0,0.7311,1
072_jpg.rf.1857b0cbecbd7389289ca716a22794fb,1_maturity_evaluation,1,1,0,1.0,0.7311,1
072_jpg.rf.4f242e52f68c6a904a48387072357f46,1_maturity_evaluation,1,1,0,1.0,0.7311,1
073_jpg.rf.44364eb14fc387e9f682cc248d1c0b34,1_maturity_evaluation,1,1,0,1.0,0.7311,1
073_jpg.rf.890cb6901fbec700491e8098e7f3648f,1_maturity_evaluation,1,1,0,1.0,0.7311,1
073_jpg.rf.a4b65d0d4da654e85e4c7d61bd507290,1_maturity_evaluation,1,1,0,1.0,0.7311,1
075_jpg.rf.8a986ed998fd3cda347c48dff38726ea,1_maturity_evaluation,1,1,0,1.0,0.7311,1
075_jpg.rf.b666e4fc7ee8c4ce505b0bab6fe7e710,1_maturity_evaluation,1,1,0,1.0,0.7311,1
075_jpg.rf.f4920136713ded9552210396ce2de76d,1_maturity_evaluation,1,1,0,1.0,0.7311,1
077_jpg.rf.15ee587cb6101e3f601bfa8c292159cf,1_maturity_evaluation,1,1,0,1.0,0.7311,1
077_jpg.rf.ae8921a050c5740ed2e80220bf0b7d17,1_maturity_evaluation,1,1,0,1.0,0.7311,1
077_jpg.rf.e0397e777f032ab8a01a34b870c0c025,1_maturity_evaluation,1,1,0,1.0,0.7311,1
078_jpg.rf.09cbab20676d70179f508ea037e2fed5,1_maturity_evaluation,1,1,0,1.0,0.7311,1
078_jpg.rf.5c2430889e2c4a6d7c9e719eb99a1011,1_maturity_evaluation,1,1,0,1.0,0.7311,1
078_jpg.rf.be4cccd19ea5014f9892258fee442daa,1_maturity_evaluation,1,1,0,1.0,0.7311,1
079_jpg.rf.f1e20bc316c0456c6c51b937d4af2011,1_maturity_evaluation,1,0,1,-1.0,0.2689,0
07_jpg.rf.0f23d3d4c678de04e163a34aee36da16,1_maturity_evaluation,1,1,0,1.0,0.7311,1
07_jpg.rf.859a49ad609c7023ae5346eb526eb56c,1_maturity_evaluation,1,1,0,1.0,0.7311,1
07_jpg.rf.93701b47a0e08fda75130161af969c7d,1_maturity_evaluation,1,1,0,1.0,0.7311,1
080_jpg.rf.08f1b3f457a0dcd2ba624648e37c9462,1_maturity_evaluation,1,1,0,1.0,0.7311,1
080_jpg.rf.6a2b1a8079f10dd08744eaabb7470f3e,1_maturity_evaluation,1,1,0,1.0,0.7311,1
080_jpg.rf.cad406ef56d7e32b0f8828e04ada9470,1_maturity_evaluation,1,1,0,1.0,0.7311,1
081_jpg.rf.449d3c0358eaf9bec929a92fbd41a970,1_maturity_evaluation,1,1,0,1.0,0.7311,1
081_jpg.rf.8450f3f488d6449d6e478ad256af1e61,1_maturity_evaluation,1,1,0,1.0,0.7311,1
081_jpg.rf.b85896cc303c63f446e561f970749ab8,1_maturity_evaluation,1,1,0,1.0,0.7311,1
082_jpg.rf.662233f61856735daecb3045eeda229a,1_maturity_evaluation,1,1,0,1.0,0.7311,1
082_jpg.rf.98e8f213a93183d8395aec3d6e6505dd,1_maturity_evaluation,1,1,0,1.0,0.7311,1
082_jpg.rf.a5c4f5b8f70dac85208dea145a0aa902,1_maturity_evaluation,1,1,0,1.0,0.7311,1
083_jpg.rf.b86a1677e764495eec3499910aab985c,1_maturity_evaluation,1,1,0,1.0,0.7311,1
084_jpg.rf.c38b1b0ec46c01e0824f38830107a514,1_maturity_evaluation,1,1,0,1.0,0.7311,1
085_jpg.rf.16c59ed8d283b919dcf3f6cb531a79ad,1_maturity_evaluation,1,1,0,1.0,0.7311,1
085_jpg.rf.7ac87ed2792fc578848eb1e3a6ac086f,1_maturity_evaluation,1,1,0,1.0,0.7311,1
085_jpg.rf.bcb283a5b4dc198245ceb72d8b8eef29,1_maturity_evaluation,1,1,0,1.0,0.7311,1
087_jpg.rf.0e4f02fe34ff0f349b683e99ea53b1b9,1_maturity_evaluation,1,1,0,1.0,0.7311,1
087_jpg.rf.c0682e3deab1112ced1e6861d880eb32,1_maturity_evaluation,1,1,0,1.0,0.7311,1
087_jpg.rf.ee39d0e2229c4ecc9bd2b9c6455383a0,1_maturity_evaluation,1,1,0,1.0,0.7311,1
088_jpg.rf.2959e01e7fc0b7160cbe76b5b2198e30,1_maturity_evaluation,1,0,1,-1.0,0.2689,0
088_jpg.rf.31690d5b65ee8f5076358345607566fe,1_maturity_evaluation,1,0,1,-1.0,0.2689,0
088_jpg.rf.efb0d31ad7c58c988208c3d07df9333c,1_maturity_evaluation,1,0,1,-1.0,0.2689,0
089_jpg.rf.fa1ba0a7d3f53d8e5987bd14527ffc0d,1_maturity_evaluation,1,1,0,1.0,0.7311,1
08_jpg.rf.0286ef27b25b2857d4ffab88bb5ffaad,1_maturity_evaluation,1,0,1,-1.0,0.2689,0
08_jpg.rf.92b6c67243232bb3e35617db12a18f5e,1_maturity_evaluation,1,0,1,-1.0,0.2689,0
08_jpg.rf.a2ea044a34cd56db3f530ba49c0eb810,1_maturity_evaluation,1,0,1,-1.0,0.2689,0
090_jpg.rf.746355ed00064913ca06f842f30c30ca,1_maturity_evaluation,1,1,0,1.0,0.7311,1
090_jpg.rf.8511ec746657d19f858fe11ba3357367,1_maturity_evaluation,1,1,0,1.0,0.7311,1
090_jpg.rf.d5d39b39d9bbf9bf5642883260b853bc,1_maturity_evaluation,1,1,0,1.0,0.7311,1
091_jpg.rf.0c3d7c8ac2302fe012da72e4f2f08df0,1_maturity_evaluation,1,1,0,1.0,0.7311,1
091_jpg.rf.35796d6fb0b48de809ea4796e9d9d9b8,1_maturity_evaluation,1,1,0,1.0,0.7311,1
091_jpg.rf.b063ab3500215e2125484c95ca4dfc1d,1_maturity_evaluation,1,1,0,1.0,0.7311,1
092_jpg.rf.3e536be545670c1b9ca189ab347165fc,1_maturity_evaluation,1,1,0,1.0,0.7311,1
092_jpg.rf.61de8048dbf0cd09c0ac3a3ee04a154f,1_maturity_evaluation,1,1,0,1.0,0.7311,1
092_jpg.rf.dd71d718da0b265285bf8d4a90ae6b04,1_maturity_evaluation,1,1,0,1.0,0.7311,1
093_jpg.rf.0344206d0b6e7aade8ede091765f857d,1_maturity_evaluation,1,1,0,1.0,0.7311,1
093_jpg.rf.60384f00ce3c04dc427fb62397bbf626,1_maturity_evaluation,1,1,0,1.0,0.7311,1
093_jpg.rf.cb69b67c0ac05b7d51cbf1a31e346f1c,1_maturity_evaluation,1,1,0,1.0,0.7311,1
094_jpg.rf.a2b00b86e068c19634c00bef0c3f6b54,1_maturity_evaluation,1,1,0,1.0,0.7311,1
095_jpg.rf.ac8021e6b25b5ff6ad5d36bf1e3989ea,1_maturity_evaluation,1,0,1,-1.0,0.2689,0
095_jpg.rf.af6d1ea6cee18196652bc58ab2446325,1_maturity_evaluation,1,0,1,-1.0,0.2689,0
095_jpg.rf.c875f6bf70317f7ebc5537e4a2d317e8,1_maturity_evaluation,1,0,1,-1.0,0.2689,0
096_jpg.rf.41d05085dd67f932e39af8c0ddbb5c8d,1_maturity_evaluation,1,1,0,1.0,0.7311,1
096_jpg.rf.bc8e5ea485126ee2042a4f121156603c,1_maturity_evaluation,1,1,0,1.0,0.7311,1
096_jpg.rf.d040196a3495925290349ca67b41d4a1,1_maturity_evaluation,1,1,0,1.0,0.7311,1
097_jpg.rf.0d76c631d3f141e6f5af5471fa6dd741,1_maturity_evaluation,1,1,0,1.0,0.7311,1
097_jpg.rf.4f06cbddfce84d59d2c91328f3147f7f,1_maturity_evaluation,1,1,0,1.0,0.7311,1
097_jpg.rf.db220ab08bd12b39391297abdb02deeb,1_maturity_evaluation,1,1,0,1.0,0.7311,1
09_jpg.rf.334c8d0b95bdea8afc482c6b8301da8b,1_maturity_evaluation,1,1,0,1.0,0.7311,1
09_jpg.rf.5d5f5c8e5056e037f4161575f18fe794,1_maturity_evaluation,1,1,0,1.0,0.7311,1
09_jpg.rf.6396888c62ea7de5666ecdc505b906c4,1_maturity_evaluation,1,1,0,1.0,0.7311,1
100_jpg.rf.13f4df25eb834d4749dc88e32b10007c,1_maturity_evaluation,1,1,0,1.0,0.7311,1
100_jpg.rf.9fc8f5bd005d066e8347ce3069bb49e1,1_maturity_evaluation,1,1,0,1.0,0.7311,1
100_jpg.rf.fa2f41ff4877cdb69ad841c4c5474cb6,1_maturity_evaluation,1,1,0,1.0,0.7311,1
101_jpg.rf.384207a2c5706a096d0210403e8fc624,1_maturity_evaluation,1,1,0,1.0,0.7311,1
101_jpg.rf.5d597a8360ccd8ae27a1dfa8e59fe827,1_maturity_evaluation,1,1,0,1.0,0.7311,1
101_jpg.rf.8d7161a63bf0b34f65ba1d65b4f71146,1_maturity_evaluation,1,1,0,1.0,0.7311,1
102_jpg.rf.28a733fba27d71952c071cf9cf389167,1_maturity_evaluation,1,1,0,1.0,0.7311,1
102_jpg.rf.4b4b9553e76010020981ff475fb4890d,1_maturity_evaluation,1,1,0,1.0,0.7311,1
102_jpg.rf.5e438296c9dbcd36c20a8d35e3f2e7f1,1_maturity_evaluation,1,1,0,1.0,0.7311,1
103_jpg.rf.38f6ee3b1beb1749808525423527e1e0,1_maturity_evaluation,1,0,1,-1.0,0.2689,0
103_jpg.rf.a1d2ff13ff14ea4a0343b95628970e17,1_maturity_evaluation,1,1,0,1.0,0.7311,1
103_jpg.rf.a86a1bf5d0614be8014f6c55ddcbf190,1_maturity_evaluation,1,0,1,-1.0,0.2689,0
104_jpg.rf.6b6a577d02b54aa93edb64c16ff47ca0,1_maturity_evaluation,1,0,1,-1.0,0.2689,0
105_jpg.rf.0a831c1f7910d2cebc2a79ec6677aed1,1_maturity_evaluation,1,1,0,1.0,0.7311,1
106_jpg.rf.1cd863804f43b1802c50bc5e879775de,1_maturity_evaluation,1,1,0,1.0,0.7311,1
106_jpg.rf.e86ec5511f5323c692a23f3fb9961ff5,1_maturity_evaluation,1,1,0,1.0,0.7311,1
106_jpg.rf.f546c84c22ab34ef7bbf7557b464603b,1_maturity_evaluation,1,1,0,1.0,0.7311,1
107_jpg.rf.5f9841f56e824f142c0f3f483285b93c,1_maturity_evaluation,1,1,0,1.0,0.7311,1
107_jpg.rf.75a33237915a78efb9e30d425d145a52,1_maturity_evaluation,1,1,0,1.0,0.7311,1
107_jpg.rf.b458e3f96264a1c410446cd4175d5455,1_maturity_evaluation,1,1,0,1.0,0.7311,1
108_jpg.rf.239c9a57dd8d0b1c98e6467500b8a6c9,1_maturity_evaluation,1,1,0,1.0,0.7311,1
108_jpg.rf.6239bba02c9cf277a0e6e6efcf466cc7,1_maturity_evaluation,1,1,0,1.0,0.7311,1
108_jpg.rf.62719b2003155a94d2eebc8650fde44d,1_maturity_evaluation,1,1,0,1.0,0.7311,1
109_jpg.rf.4b12dda522493d7013b2f3877327a802,1_maturity_evaluation,1,1,0,1.0,0.7311,1
109_jpg.rf.5146aecd9c19f348f6838ca6699f0caa,1_maturity_evaluation,1,1,0,1.0,0.7311,1
109_jpg.rf.675f885a27e04026805c270cc1621913,1_maturity_evaluation,1,1,0,1.0,0.7311,1
10_jpg.rf.1cea6172c6d6f9b44feafcc202fa4e7b,1_maturity_evaluation,1,1,0,1.0,0.7311,1
10_jpg.rf.8f68def0e2078b6d9cbfd7b87f3771b8,1_maturity_evaluation,1,1,0,1.0,0.7311,1
10_jpg.rf.fc5fa083406ea64c23e7796084faa615,1_maturity_evaluation,1,1,0,1.0,0.7311,1
110_jpg.rf.10f660cc0522eab867d86837d245a3dd,1_maturity_evaluation,1,1,0,1.0,0.7311,1
111_jpg.rf.153d0f62cd94c6c3bf44b4d7bc967278,1_maturity_evaluation,1,1,0,1.0,0.7311,1
111_jpg.rf.27deb6849d714eacd5ad9d647db92616,1_maturity_evaluation,1,1,0,1.0,0.7311,1
111_jpg.rf.d2831fc8f5ca939697b41ba8f613cc83,1_maturity_evaluation,1,1,0,1.0,0.7311,1
112_jpg.rf.2edcc5ae0e27caf40667f68e6dfc308b,1_maturity_evaluation,1,1,0,1.0,0.7311,1
112_jpg.rf.3ca353267f1048a9a553525588f414e5,1_maturity_evaluation,1,1,0,1.0,0.7311,1
112_jpg.rf.a56c80658b5caf64987e6ed591b5fe04,1_maturity_evaluation,1,1,0,1.0,0.7311,1
113_jpg.rf.cf197cf519c1270cc96b390771a9ce9e,1_maturity_evaluation,1,1,0,1.0,0.7311,1
113_jpg.rf.dc8cc84a2623b5717a7cba84ed26542f,1_maturity_evaluation,1,1,0,1.0,0.7311,1
113_jpg.rf.f93e6648742628073c28a87379b73e05,1_maturity_evaluation,1,1,0,1.0,0.7311,1
114_jpg.rf.2db07d6494514ec3243f5299570e1702,1_maturity_evaluation,1,1,0,1.0,0.7311,1
114_jpg.rf.4cddae52ef4901d47d39ef2908f40f87,1_maturity_evaluation,1,1,0,1.0,0.7311,1
114_jpg.rf.7a68f7ad349bcf68bbf0b4574de0361e,1_maturity_evaluation,1,1,0,1.0,0.7311,1
115_jpg.rf.7a5094f981fe322cbfc785f8a4f4caf7,1_maturity_evaluation,1,1,0,1.0,0.7311,1
116_jpg.rf.c33346e88a81bcddd17633ccf46eb2ee,1_maturity_evaluation,1,1,0,1.0,0.7311,1
116_jpg.rf.c9e2718cf534ab75e2fa0ea134ad5705,1_maturity_evaluation,1,0,1,-1.0,0.2689,0
116_jpg.rf.f8d65639eb04f374fc655659592424d3,1_maturity_evaluation,1,0,1,-1.0,0.2689,0
117_jpg.rf.9eb7795b405e7487ca9a0c46ab9a9225,1_maturity_evaluation,1,1,0,1.0,0.7311,1
117_jpg.rf.a506abbff38b61158b8555b0b8565043,1_maturity_evaluation,1,1,0,1.0,0.7311,1
117_jpg.rf.e50d3b042681ab6333d723e32390e56e,1_maturity_evaluation,1,1,0,1.0,0.7311,1
118_jpg.rf.34d9f8535a24a1f3935ab091308cbbbf,1_maturity_evaluation,1,1,0,1.0,0.7311,1
118_jpg.rf.498a83b56e80eb6c4e3bb819fbd3cc4f,1_maturity_evaluation,1,1,0,1.0,0.7311,1
118_jpg.rf.ec1595ef566acff5416f1f78dbb18d16,1_maturity_evaluation,1,1,0,1.0,0.7311,1
119_jpg.rf.28eda55e0379167a4ea5b1facc5eb9d8,1_maturity_evaluation,1,0,1,-1.0,0.2689,0
119_jpg.rf.36671f52248b97c83db4bf0c16bbd096,1_maturity_evaluation,1,1,0,1.0,0.7311,1
119_jpg.rf.480f46ff0894822030e9bf1566024d8a,1_maturity_evaluation,1,0,1,-1.0,0.2689,0
11_jpg.rf.4abe98a1e65a34a5611aec3a6deb1a1d,1_maturity_evaluation,1,1,0,1.0,0.7311,1
120_jpg.rf.1d27b2b5175a76ab05e1552bf68f8262,1_maturity_evaluation,1,1,0,1.0,0.7311,1
120_jpg.rf.d35ac0fb7244b35f4dc44253f82a7f52,1_maturity_evaluation,1,1,0,1.0,0.7311,1
120_jpg.rf.f0c566bc6fb331842ec8a5d8ffe60f0b,1_maturity_evaluation,1,1,0,1.0,0.7311,1
121_jpg.rf.0091becc9cdd05d1228538c899ed30f7,1_maturity_evaluation,1,1,0,1.0,0.7311,1
121_jpg.rf.b423debf68f33f934202d3be56c11bb1,1_maturity_evaluation,1,1,0,1.0,0.7311,1
121_jpg.rf.f7f72d8a977f755da7b08ac7b34237e3,1_maturity_evaluation,1,1,0,1.0,0.7311,1
123_jpg.rf.00be6c2eab691d485813756608b68577,1_maturity_evaluation,1,1,0,1.0,0.7311,1
123_jpg.rf.064235e2f97c43f59cee3119134d4078,1_maturity_evaluation,1,1,0,1.0,0.7311,1
123_jpg.rf.394b89b9794561038e06de7b0a2992d1,1_maturity_evaluation,1,1,0,1.0,0.7311,1
124_jpg.rf.5b66f71c933fa9745f8ff165f5ae443a,1_maturity_evaluation,1,0,1,-1.0,0.2689,0
124_jpg.rf.696787780cded77d7de08d8a1ab09e90,1_maturity_evaluation,1,0,1,-1.0,0.2689,0
124_jpg.rf.e9bb1348c9793e71426616f6c2f58c98,1_maturity_evaluation,1,1,0,1.0,0.7311,1
125_jpg.rf.439e58033145a9256d6915caac236ea0,1_maturity_evaluation,1,1,0,1.0,0.7311,1
126_jpg.rf.f912e18dbffdf0fd0638865d77e04964,1_maturity_evaluation,1,1,0,1.0,0.7311,1
127_jpg.rf.a8d036d481dcbaf390fef36a5eedcb27,1_maturity_evaluation,1,1,0,1.0,0.7311,1
127_jpg.rf.e4385f4c0223e75b744100728ebfa636,1_maturity_evaluation,1,1,0,1.0,0.7311,1
127_jpg.rf.ec2e3ddb5dde93b8118194fb63dac69d,1_maturity_evaluation,1,1,0,1.0,0.7311,1
128_jpg.rf.1c552598822a0005dbc387194e92b3ec,1_maturity_evaluation,1,0,1,-1.0,0.2689,0
128_jpg.rf.74d641d9ba2ebde4c4f7feb013c92326,1_maturity_evaluation,1,0,1,-1.0,0.2689,0
128_jpg.rf.f39a81da7044dd220b5fbcb1ae6ad432,1_maturity_evaluation,1,0,1,-1.0,0.2689,0
129_jpg.rf.04b73da7b45231e898cfa2ce979c9fc1,1_maturity_evaluation,1,1,0,1.0,0.7311,1
129_jpg.rf.87286141fd0af7db9a2dd014577bb2f7,1_maturity_evaluation,1,1,0,1.0,0.7311,1
129_jpg.rf.dc3933c84f31b8d10b9fb3e95417765f,1_maturity_evaluation,1,1,0,1.0,0.7311,1
130_jpg.rf.19c2cdfeb449ec0b7d64e98b701f4f45,1_maturity_evaluation,1,1,0,1.0,0.7311,1
130_jpg.rf.2d71931ad3eb88177e60dd5f24689887,1_maturity_evaluation,1,1,0,1.0,0.7311,1
130_jpg.rf.914c2a1d31467a690eec7d6a76559d81,1_maturity_evaluation,1,1,0,1.0,0.7311,1
131_jpg.rf.859d65c0024a682f5f482cf83ad78feb,1_maturity_evaluation,1,1,0,1.0,0.7311,1
132_jpg.rf.f7e974e7ea11ef07590507eb0eb836b5,1_maturity_evaluation,1,1,0,1.0,0.7311,1
133_jpg.rf.1d7f40b973fb11bbcea779393360f902,1_maturity_evaluation,1,0,1,-1.0,0.2689,0
133_jpg.rf.9cd770393d1f37453a3c1bc8c58dc5b9,1_maturity_evaluation,1,0,1,-1.0,0.2689,0
133_jpg.rf.f54e19ab08201f9b000998807cccf5c2,1_maturity_evaluation,1,0,1,-1.0,0.2689,0
134_jpg.rf.18fcb44bcd1ff79328086053cecf90d3,1_maturity_evaluation,1,1,0,1.0,0.7311,1
134_jpg.rf.3e6bfc42de948801acffd19d4765f592,1_maturity_evaluation,1,1,0,1.0,0.7311,1
134_jpg.rf.b7acb7016fd62db743338debd25783cb,1_maturity_evaluation,1,1,0,1.0,0.7311,1
135_jpg.rf.b210e4eec9664f6abdceb849b997b708,1_maturity_evaluation,1,0,1,-1.0,0.2689,0
135_jpg.rf.babfbce21898f0161cfdbc2b3a93870c,1_maturity_evaluation,1,0,1,-1.0,0.2689,0
135_jpg.rf.e8d18c9492a9fdbf1a29e3732179e3c5,1_maturity_evaluation,1,0,1,-1.0,0.2689,0
136_jpg.rf.bb5c24f4f8f52a05fb1687b157ee825d,1_maturity_evaluation,1,1,0,1.0,0.7311,1
136_jpg.rf.c13fb1f3888e126731736517a682df02,1_maturity_evaluation,1,1,0,1.0,0.7311,1
136_jpg.rf.d3200b60c4f2d2a6550def4b720edf0f,1_maturity_evaluation,1,1,0,1.0,0.7311,1
137_jpg.rf.22606766ade1fd1cb454abbc0f047574,1_maturity_evaluation,1,1,0,1.0,0.7311,1
137_jpg.rf.39371017caad22b4b48c6d3d49f2fe65,1_maturity_evaluation,1,1,0,1.0,0.7311,1
137_jpg.rf.aee0e542da7460e36fde50cb9bc9322a,1_maturity_evaluation,1,1,0,1.0,0.7311,1
138_jpg.rf.797241e1640346d4266bff9680c89b78,1_maturity_evaluation,1,1,0,1.0,0.7311,1
138_jpg.rf.8296aaf02f59221ed65f21e5f974ab47,1_maturity_evaluation,1,1,0,1.0,0.7311,1
138_jpg.rf.b4d7fb2ed3d0ff2805eb404ad1c1d192,1_maturity_evaluation,1,1,0,1.0,0.7311,1
139_jpg.rf.3ff07a0d0ad4762184d6357b6826d37f,1_maturity_evaluation,1,1,0,1.0,0.7311,1
139_jpg.rf.95495f100bcfcebb1d3e68cceb7ad3b6,1_maturity_evaluation,1,1,0,1.0,0.7311,1
139_jpg.rf.e8e83c7b999304726f88add33899003e,1_maturity_evaluation,1,1,0,1.0,0.7311,1
140_jpg.rf.166a37b1e678bca4d4c5363072edadad,1_maturity_evaluation,1,1,0,1.0,0.7311,1
140_jpg.rf.27f0273e271fc58dc8725c033578da4b,1_maturity_evaluation,1,1,0,1.0,0.7311,1
140_jpg.rf.5d4efd23f1ec74696c0c0d7f1148d10c,1_maturity_evaluation,1,1,0,1.0,0.7311,1
141_jpg.rf.8918aa1b6eeba6f0908b7e7472f6f5d0,1_maturity_evaluation,1,1,0,1.0,0.7311,1
141_jpg.rf.d5992fbe4ce8d0f82ba24b71845fca49,1_maturity_evaluation,1,1,0,1.0,0.7311,1
141_jpg.rf.f38daf6349adab246fcbf59c05ca3a26,1_maturity_evaluation,1,1,0,1.0,0.7311,1
142_jpg.rf.889d10dc95901a9b0a66a7965ce231b8,1_maturity_evaluation,1,1,0,1.0,0.7311,1
142_jpg.rf.abc1b99e4bf3497347cb0d928fbca994,1_maturity_evaluation,1,1,0,1.0,0.7311,1
142_jpg.rf.b26a0e47e2f3811e8596670f9aa50e25,1_maturity_evaluation,1,1,0,1.0,0.7311,1
143_jpg.rf.44644fa084629f9291a639aa7b4ccd7f,1_maturity_evaluation,1,1,0,1.0,0.7311,1
143_jpg.rf.be29482c71b97b6265580f387e3d4dd1,1_maturity_evaluation,1,1,0,1.0,0.7311,1
143_jpg.rf.e50c4b609f1350fc83d04bd9a5c19340,1_maturity_evaluation,1,1,0,1.0,0.7311,1
144_jpg.rf.27d75d899d8505fbd42399dc06c15c1d,1_maturity_evaluation,1,1,0,1.0,0.7311,1
144_jpg.rf.4c0f2ee978761b30a933bf23755e3e15,1_maturity_evaluation,1,1,0,1.0,0.7311,1
144_jpg.rf.e2cdb966ae35c22b2674637117b3993a,1_maturity_evaluation,1,1,0,1.0,0.7311,1
15_jpg.rf.4656ed0079f870384bca58fd5a64aaba,1_maturity_evaluation,1,0,1,-1.0,0.2689,0
15_jpg.rf.b319533cdd9740aefb3c78aaf32d28ed,1_maturity_evaluation,1,0,1,-1.0,0.2689,0
15_jpg.rf.b8ea5847961ae4d9ee33dcdfefcf8172,1_maturity_evaluation,1,0,1,-1.0,0.2689,0
16_jpg.rf.6641b71b4e5b94608b314d68a5fc9564,1_maturity_evaluation,1,1,0,1.0,0.7311,1
16_jpg.rf.c7c7dbbec279631f0772f22defa3260f,1_maturity_evaluation,1,1,0,1.0,0.7311,1
16_jpg.rf.fa153898c7034640fd4c036949577242,1_maturity_evaluation,1,1,0,1.0,0.7311,1
17_jpg.rf.4c6f1375b2f7781d11ad38f923854be1,1_maturity_evaluation,1,1,0,1.0,0.7311,1
18_jpg.rf.4d6b21418497e3d22be5a99f433cd03d,1_maturity_evaluation,1,0,1,-1.0,0.2689,0
18_jpg.rf.d694ad2ee9809891303e80c211dc9759,1_maturity_evaluation,1,0,1,-1.0,0.2689,0
18_jpg.rf.e98940b6e4969aa3a2a9b52ea9742e69,1_maturity_evaluation,1,1,0,1.0,0.7311,1
19_jpg.rf.8dcc655b098737e254f846ecce7c6e7c,1_maturity_evaluation,1,1,0,1.0,0.7311,1
1_jpg.rf.0108574a03358c611c7b9b19ff45778e,1_maturity_evaluation,1,0,1,-1.0,0.2689,0
1_jpg.rf.3b2883f5cd3dd7cd330ec85702da529e,1_maturity_evaluation,1,0,1,-1.0,0.2689,0
1_jpg.rf.7ac84c960c85d66b6279de6157159a66,1_maturity_evaluation,1,0,1,-1.0,0.2689,0
20_jpg.rf.b5a1be0073f6328d9aa4298fa3723a96,1_maturity_evaluation,1,0,1,-1.0,0.2689,0
20_jpg.rf.c6858a04f436693bb48b49a28fdc9aa2,1_maturity_evaluation,1,0,1,-1.0,0.2689,0
20_jpg.rf.e3fda47c90f8340daaa1c605f75a3fc5,1_maturity_evaluation,1,0,1,-1.0,0.2689,0
21_jpg.rf.0f33742641945158c254ad9d3360921e,1_maturity_evaluation,1,0,1,-1.0,0.2689,0
21_jpg.rf.283e9ab4083cf4ea4937bf789ab25558,1_maturity_evaluation,1,0,1,-1.0,0.2689,0
21_jpg.rf.cb204e0eaa064bf8f4da06065dd85402,1_maturity_evaluation,1,0,1,-1.0,0.2689,0
22_jpg.rf.a152f7c47c9b8bafd390c4df1a257184,1_maturity_evaluation,1,0,1,-1.0,0.2689,0
24_jpg.rf.0340ba3a2a934d0e535c14b410732cad,1_maturity_evaluation,1,1,0,1.0,0.7311,1
24_jpg.rf.8b86611fed63007de24bdab17f3a2313,1_maturity_evaluation,1,1,0,1.0,0.7311,1
24_jpg.rf.97b52b7385d8fb1983f5a2d5067dae2b,1_maturity_evaluation,1,1,0,1.0,0.7311,1
25_jpg.rf.580ba267f053263ea47237131ca8a1ca,1_maturity_evaluation,1,0,1,-1.0,0.2689,0
25_jpg.rf.b35180f7e45b455473c2427cc9c9b8b0,1_maturity_evaluation,1,0,1,-1.0,0.2689,0
25_jpg.rf.bffc34a84b02d2f6dd305ec7d13f9b06,1_maturity_evaluation,1,0,1,-1.0,0.2689,0
26_jpg.rf.b4ad46d76046277a59923eea1ca19add,1_maturity_evaluation,1,0,1,-1.0,0.2689,0
27_jpg.rf.a678d2aafba8b585fe5274b44f81df57,1_maturity_evaluation,1,1,0,1.0,0.7311,1
28_jpg.rf.37a4b4ef52e28dc31f59871a6a88578b,1_maturity_evaluation,1,1,0,1.0,0.7311,1
28_jpg.rf.4c52e304a29fe9091a0cbd68fda441db,1_maturity_evaluation,1,1,0,1.0,0.7311,1
28_jpg.rf.fab4d9e34bfdc7d501f7d131f12212bf,1_maturity_evaluation,1,1,0,1.0,0.7311,1
29_jpg.rf.70789c526dc6c93271886f85201ade25,1_maturity_evaluation,1,1,0,1.0,0.7311,1
29_jpg.rf.74352f0caf19bd4a8da6c4d53b118458,1_maturity_evaluation,1,1,0,1.0,0.7311,1
29_jpg.rf.bc6e73b8e0b959d5a37188285226c6db,1_maturity_evaluation,1,1,0,1.0,0.7311,1
2_jpg.rf.18d4b3928d0413b944dc9938d98021b6,1_maturity_evaluation,1,1,0,1.0,0.7311,1
2_jpg.rf.390ae3b23f8aca476dd54353d96d708d,1_maturity_evaluation,1,1,0,1.0,0.7311,1
2_jpg.rf.c6f8333ef0d28f933aabf81dd09bb11f,1_maturity_evaluation,1,1,0,1.0,0.7311,1
30_jpg.rf.0c83429c01e64eec21f2e05ad1bb3951,1_maturity_evaluation,1,1,0,1.0,0.7311,1
30_jpg.rf.2033ec38f2e7e425ea94fa2bae1d4d00,1_maturity_evaluation,1,1,0,1.0,0.7311,1
30_jpg.rf.983f208e5881b873b89d8a4e286a2b30,1_maturity_evaluation,1,1,0,1.0,0.7311,1
31_jpg.rf.135c137f63a919f7979c0cdcc2acb279,1_maturity_evaluation,1,1,0,1.0,0.7311,1
31_jpg.rf.696a081640be232609f3084486417059,1_maturity_evaluation,1,1,0,1.0,0.7311,1
31_jpg.rf.db31cad22a303ba68ad48e798fad24c8,1_maturity_evaluation,1,1,0,1.0,0.7311,1
32_jpg.rf.573b5ca0cd5e94ce91c13cc50612070c,1_maturity_evaluation,1,1,0,1.0,0.7311,1
32_jpg.rf.9728413de19cf88af36836008a01bc07,1_maturity_evaluation,1,1,0,1.0,0.7311,1
32_jpg.rf.ddd050b5125f3db4bb49b3bee6636def,1_maturity_evaluation,1,1,0,1.0,0.7311,1
34_jpg.rf.0766526d70039b1035d8bf90d9d31e82,1_maturity_evaluation,1,1,0,1.0,0.7311,1
34_jpg.rf.5721c0c707ab37d2612bb209ea52d00e,1_maturity_evaluation,1,1,0,1.0,0.7311,1
34_jpg.rf.f4c8e85955fd4bfac38b4fb64df94994,1_maturity_evaluation,1,1,0,1.0,0.7311,1
35_jpg.rf.c3b018ccde0c04ab6dbd34c06d7059a3,1_maturity_evaluation,1,1,0,1.0,0.7311,1
36_jpg.rf.7837e37c3ba45540cbfb71b462bf8486,1_maturity_evaluation,1,1,0,1.0,0.7311,1
36_jpg.rf.8a0d468fdc442c0608ef320df67ab17c,1_maturity_evaluation,1,1,0,1.0,0.7311,1
36_jpg.rf.952962e5ac3fce069afda8e2c14fc12b,1_maturity_evaluation,1,1,0,1.0,0.7311,1
37_jpg.rf.b92f665dd9512191e24147028a02a957,1_maturity_evaluation,1,1,0,1.0,0.7311,1
38_jpg.rf.104c164537be4e2633e0e79ccdc6455d,1_maturity_evaluation,1,0,1,-1.0,0.2689,0
38_jpg.rf.7b64e0cb02622738a12633e7693bcf2c,1_maturity_evaluation,1,0,1,-1.0,0.2689,0
38_jpg.rf.e000d49d1a179ea85801d4741a9407e9,1_maturity_evaluation,1,0,1,-1.0,0.2689,0
39_jpg.rf.01e3b40bbe1bd4bf8ecdb39b97e43da9,1_maturity_evaluation,1,0,1,-1.0,0.2689,0
39_jpg.rf.1d8f5b8c30b5a56801c0f2f9b64a3779,1_maturity_evaluation,1,0,1,-1.0,0.2689,0
39_jpg.rf.9b18809ee4440f4b252c76395cdaae50,1_maturity_evaluation,1,0,1,-1.0,0.2689,0
3_jpg.rf.6937fa6e31479a856f78019a8ce1b908,1_maturity_evaluation,1,0,1,-1.0,0.2689,0
3_jpg.rf.b31c79c6786396c03f93ed84579849a4,1_maturity_evaluation,1,0,1,-1.0,0.2689,0
3_jpg.rf.f227a447530ab9f95be5f4ead8b25683,1_maturity_evaluation,1,0,1,-1.0,0.2689,0
40_jpg.rf.76a4805d480e15118c23b8d12afd4406,1_maturity_evaluation,1,1,0,1.0,0.7311,1
40_jpg.rf.94a2cc0644850fe6adb6d8b0e8c75e44,1_maturity_evaluation,1,1,0,1.0,0.7311,1
40_jpg.rf.97aa8584e21a63a6fb76dfed1160fceb,1_maturity_evaluation,1,1,0,1.0,0.7311,1
42_jpg.rf.0662d18340bf533a3ffdc83369597cdd,1_maturity_evaluation,1,1,0,1.0,0.7311,1
42_jpg.rf.5bfeb30ed6c1876a0568efb7663d76a3,1_maturity_evaluation,1,1,0,1.0,0.7311,1
42_jpg.rf.ba0aaa1d4e468da7a7182a093ae00f71,1_maturity_evaluation,1,1,0,1.0,0.7311,1
43_jpg.rf.12caf20ef00b3c78b80ce420c33c7c0d,1_maturity_evaluation,1,0,1,-1.0,0.2689,0
43_jpg.rf.4a5989e67be834e3ca4268b9f1b87e59,1_maturity_evaluation,1,0,1,-1.0,0.2689,0
43_jpg.rf.fa037c3c00169e1d82a721520e802772,1_maturity_evaluation,1,0,1,-1.0,0.2689,0
46_jpeg.rf.2750d55988fa9becfcd23883bf3763e9,1_maturity_evaluation,1,1,0,1.0,0.7311,1
46_jpeg.rf.64bc7c255b693d62b7b2a03ef123ba92,1_maturity_evaluation,1,1,0,1.0,0.7311,1
46_jpeg.rf.89b89d4f3641e4a6f16e07e8169acef8,1_maturity_evaluation,1,1,0,1.0,0.7311,1
47_jpg.rf.876ae0012f9fcdcf1b35cc5e6b89c905,1_maturity_evaluation,1,1,0,1.0,0.7311,1
47_jpg.rf.8c282e7e950574dd99473cd103682d5a,1_maturity_evaluation,1,1,0,1.0,0.7311,1
47_jpg.rf.a4367f8a36e730e3980e3e5c27bc3702,1_maturity_evaluation,1,1,0,1.0,0.7311,1
48_jpg.rf.162507dce48b48a4c6ad4644449cd8da,1_maturity_evaluation,1,0,1,-1.0,0.2689,0
48_jpg.rf.9198c4ace81b0b05437fd612a9298e89,1_maturity_evaluation,1,0,1,-1.0,0.2689,0
48_jpg.rf.c4475542948b60a5144502e9309d968e,1_maturity_evaluation,1,0,1,-1.0,0.2689,0
4_jpg.rf.90cc60a388bbe16cf73c3f6ce4800654,1_maturity_evaluation,1,0,1,-1.0,0.2689,0
4_jpg.rf.bec8f107e36b746594eb6dfc4b5ba2a6,1_maturity_evaluation,1,0,1,-1.0,0.2689,0
4_jpg.rf.c2399647e4031d11797fc7348ea3effa,1_maturity_evaluation,1,0,1,-1.0,0.2689,0
501_jpg.rf.9a5f9ac368cdeadb06940afa7f53ba83,1_maturity_evaluation,1,1,0,1.0,0.7311,1
501_jpg.rf.9d21625812e42028723b5b879eec2b1c,1_maturity_evaluation,1,1,0,1.0,0.7311,1
501_jpg.rf.fa616f31b4a9cd2d82c525c239ce4e7e,1_maturity_evaluation,1,1,0,1.0,0.7311,1
502_jpg.rf.49cec2105f0387a9efa78757e53f053f,1_maturity_evaluation,1,1,0,1.0,0.7311,1
502_jpg.rf.91a7f9e5bc0130421224837b50e6ce8b,1_maturity_evaluation,1,1,0,1.0,0.7311,1
502_jpg.rf.d66bafc527c3d14aaf5061f814d613a7,1_maturity_evaluation,1,1,0,1.0,0.7311,1
503_jpg.rf.9cb32c1b22f1a465a62cc09d8d76d701,1_maturity_evaluation,1,0,1,-1.0,0.2689,0
504_jpg.rf.7abac987b59f963f19ed4665f23874a3,1_maturity_evaluation,1,0,1,-1.0,0.2689,0
504_jpg.rf.f03986235faddf3d76bde2ae69c27133,1_maturity_evaluation,1,0,1,-1.0,0.2689,0
504_jpg.rf.fb37aea635d16bca141136d01f7b8e79,1_maturity_evaluation,1,0,1,-1.0,0.2689,0
506_jpg.rf.19e0fcaaadff345f7cb9f44b17e18479,1_maturity_evaluation,1,1,0,1.0,0.7311,1
506_jpg.rf.848ac0850b367a3dafdb882c54a05000,1_maturity_evaluation,1,1,0,1.0,0.7311,1
506_jpg.rf.8daa08b56c01da69d0bf25b7e3e0d4e5,1_maturity_evaluation,1,1,0,1.0,0.7311,1
507_jpg.rf.1e65a32574ecf50fd4c7b706ec4e186a,1_maturity_evaluation,1,1,0,1.0,0.7311,1
507_jpg.rf.3b6eb6cb653f2eb94ade12c00b4de2fb,1_maturity_evaluation,1,1,0,1.0,0.7311,1
507_jpg.rf.6737b02ca9cded911ad8a7deaffb2a7b,1_maturity_evaluation,1,1,0,1.0,0.7311,1
508_jpg.rf.2d2aaeb4dc70ff23e2629495dbc607bc,1_maturity_evaluation,1,1,0,1.0,0.7311,1
508_jpg.rf.69bac82f7418734ac625a651eb5b9f0b,1_maturity_evaluation,1,1,0,1.0,0.7311,1
508_jpg.rf.7e37e592b4edee860014e12f17287229,1_maturity_evaluation,1,1,0,1.0,0.7311,1
509_jpg.rf.125178ec68e7dd7954ccb5e9915e29b3,1_maturity_evaluation,1,1,0,1.0,0.7311,1
509_jpg.rf.421f962f7ad66cfb5cc48ea81ff03470,1_maturity_evaluation,1,1,0,1.0,0.7311,1
509_jpg.rf.a0201056580915aa09b43d836a1e51b4,1_maturity_evaluation,1,1,0,1.0,0.7311,1
510_jpg.rf.1655ba8aea789354672ab136255daa16,1_maturity_evaluation,1,1,0,1.0,0.7311,1
511_jpg.rf.8606bbca97de808f8eba0bc29e647739,1_maturity_evaluation,1,1,0,1.0,0.7311,1
512_jpg.rf.aae4cdc418689324dcad198efe12ed9d,1_maturity_evaluation,1,1,0,1.0,0.7311,1
513_jpg.rf.13d24c65554ce8cfc7ab569626cf1412,1_maturity_evaluation,1,1,0,1.0,0.7311,1
513_jpg.rf.642fda394340043b78d7bb3f76c9eb34,1_maturity_evaluation,1,1,0,1.0,0.7311,1
513_jpg.rf.67ac9206bb9d5aa02588410c4e23296d,1_maturity_evaluation,1,1,0,1.0,0.7311,1
514_jpg.rf.2ba42d818c28242adfb4264b5f6b6438,1_maturity_evaluation,1,1,0,1.0,0.7311,1
514_jpg.rf.ba74feb9ee2bb0cb37be63302d110ab9,1_maturity_evaluation,1,1,0,1.0,0.7311,1
514_jpg.rf.cde5daf6474f0c7e3697a5232a941f3d,1_maturity_evaluation,1,1,0,1.0,0.7311,1
515_jpg.rf.62507b976429c29519f16e5eaf3197f9,1_maturity_evaluation,1,0,1,-1.0,0.2689,0
516_jpg.rf.1a416d307a1d68c5962520fc6bfccc46,1_maturity_evaluation,1,0,1,-1.0,0.2689,0
516_jpg.rf.72753618b4028203ccdb805df7af802b,1_maturity_evaluation,1,0,1,-1.0,0.2689,0
516_jpg.rf.dd94a0c54810f7559e1b54bc49435e17,1_maturity_evaluation,1,1,0,1.0,0.7311,1
517_jpg.rf.5058b5d30fe487ede6cfbf3baca1253d,1_maturity_evaluation,1,1,0,1.0,0.7311,1
518_jpg.rf.4329c5f3c504e873318684dab0f1811f,1_maturity_evaluation,1,1,0,1.0,0.7311,1
518_jpg.rf.463edceaf8aefe2aa0a5f8342fa0534a,1_maturity_evaluation,1,1,0,1.0,0.7311,1
518_jpg.rf.8c5a667ecb4ab16539063a81fa440c90,1_maturity_evaluation,1,1,0,1.0,0.7311,1
519_jpg.rf.75fb44821a0b36ee64cd7d7a13a7a5ee,1_maturity_evaluation,1,0,1,-1.0,0.2689,0
51_jpg.rf.5268b43c8550382ff1a17187c5e610d7,1_maturity_evaluation,1,0,1,-1.0,0.2689,0
520_jpg.rf.7e6b38414bffbebfac03d0b9c62f87d9,1_maturity_evaluation,1,1,0,1.0,0.7311,1
520_jpg.rf.8837fe0cbc43622cc32d832acbd0dc9d,1_maturity_evaluation,1,1,0,1.0,0.7311,1
520_jpg.rf.c9df51e619e75109bffc22e782df7501,1_maturity_evaluation,1,1,0,1.0,0.7311,1
521_jpg.rf.a7653ea8bd1f45404272e17d60fef14f,1_maturity_evaluation,1,1,0,1.0,0.7311,1
523_jpg.rf.1880becd8b27f0a9f10b2fc52852d344,1_maturity_evaluation,1,1,0,1.0,0.7311,1
523_jpg.rf.2b5f817c145ccd254e72f6685a1ae693,1_maturity_evaluation,1,0,1,-1.0,0.2689,0
523_jpg.rf.817915143b47ff62f61f80f47d5f676a,1_maturity_evaluation,1,1,0,1.0,0.7311,1
524_jpg.rf.53f036f4af2f03761aa073c575bde87a,1_maturity_evaluation,1,1,0,1.0,0.7311,1
525_jpg.rf.403c5a83df159f1ec7e02a8578f0e302,1_maturity_evaluation,1,1,0,1.0,0.7311,1
525_jpg.rf.8532c2f4648da67b19c560f737a6b5a8,1_maturity_evaluation,1,1,0,1.0,0.7311,1
525_jpg.rf.b63bf8ea1d4b05552a9d8c1b2add0c2f,1_maturity_evaluation,1,1,0,1.0,0.7311,1
526_jpg.rf.642462b3b16c75fc0576416d96795c27,1_maturity_evaluation,1,1,0,1.0,0.7311,1
527_jpg.rf.37261b6d3a935e058983b6629152994a,1_maturity_evaluation,1,1,0,1.0,0.7311,1
527_jpg.rf.70f0c17f9e460089b2fa17a2a97b3a98,1_maturity_evaluation,1,1,0,1.0,0.7311,1
527_jpg.rf.e41a2ad931c9e7c65e0325caae8d1e79,1_maturity_evaluation,1,1,0,1.0,0.7311,1
528_jpg.rf.16aa52e401bdbc4e964700c9ff371ccc,1_maturity_evaluation,1,0,1,-1.0,0.2689,0
530_jpg.rf.eeff0bd3e1d176ca34dfdc78daac1976,1_maturity_evaluation,1,1,0,1.0,0.7311,1
531_jpg.rf.3361befe8070c6e7264e0d53a883882a,1_maturity_evaluation,1,1,0,1.0,0.7311,1
531_jpg.rf.b982c21d8a4493b267d29463815cdf32,1_maturity_evaluation,1,1,0,1.0,0.7311,1
531_jpg.rf.d94e02e36bcc39260ddf3a64910c39fc,1_maturity_evaluation,1,1,0,1.0,0.7311,1
534_jpg.rf.3662e186d5a4c86278f2554c5fe5d0f8,1_maturity_evaluation,1,1,0,1.0,0.7311,1
536_jpg.rf.2b30660021b1bf5575670cf96ce2b134,1_maturity_evaluation,1,1,0,1.0,0.7311,1
536_jpg.rf.b6c4622b5c347da5034168168250c6db,1_maturity_evaluation,1,1,0,1.0,0.7311,1
536_jpg.rf.daf8b0e6be9984425605349b09b12e3b,1_maturity_evaluation,1,1,0,1.0,0.7311,1
537_jpg.rf.c36458cd08875b3d897b5dd675cb76e1,1_maturity_evaluation,1,0,1,-1.0,0.2689,0
538_jpg.rf.59af5a9252c738c2f048c8aef95340bc,1_maturity_evaluation,1,1,0,1.0,0.7311,1
539_jpg.rf.878008acc47baaf78c19b5205290a4f8,1_maturity_evaluation,1,1,0,1.0,0.7311,1
539_jpg.rf.a9f8d5d5f4795dd18d6a26b54409b2a1,1_maturity_evaluation,1,1,0,1.0,0.7311,1
539_jpg.rf.e28bdc652238a5f95f070581717482b2,1_maturity_evaluation,1,1,0,1.0,0.7311,1
53_jpg.rf.03b5f16024d3d42300c2c78baa12c48f,1_maturity_evaluation,1,1,0,1.0,0.7311,1
53_jpg.rf.dbdc74b629286a563a40a8a4af17ec39,1_maturity_evaluation,1,1,0,1.0,0.7311,1
53_jpg.rf.e5298499c271a314b33d851c0bf911ce,1_maturity_evaluation,1,1,0,1.0,0.7311,1
540_jpg.rf.93d96a1fde5e691b07018ab34385029c,1_maturity_evaluation,1,1,0,1.0,0.7311,1
540_jpg.rf.b1a316e088d3b5fb13c21ec380087012,1_maturity_evaluation,1,1,0,1.0,0.7311,1
540_jpg.rf.d770c07eeee5b9d2fb82938bd426750c,1_maturity_evaluation,1,1,0,1.0,0.7311,1
541_jpg.rf.38298aa5326e97cf5ea0fd58efa545f9,1_maturity_evaluation,1,1,0,1.0,0.7311,1
541_jpg.rf.89e6749fa7ed55922e04b4d42c24c678,1_maturity_evaluation,1,1,0,1.0,0.7311,1
541_jpg.rf.8fcb1b46e99504546017c2d4b2a5a02c,1_maturity_evaluation,1,1,0,1.0,0.7311,1
542_jpg.rf.00c57ec342d09a86b90a160bc5069dea,1_maturity_evaluation,1,1,0,1.0,0.7311,1
542_jpg.rf.5244bcdc243009a81bd4795689ced37d,1_maturity_evaluation,1,1,0,1.0,0.7311,1
542_jpg.rf.c18d969b65116b6c933bb462085b28cb,1_maturity_evaluation,1,1,0,1.0,0.7311,1
543_jpg.rf.63bd4fcb715cc4096c87c2d0f6ca9841,1_maturity_evaluation,1,1,0,1.0,0.7311,1
543_jpg.rf.baabbb1549c39b76243fcbfceb6d98d9,1_maturity_evaluation,1,1,0,1.0,0.7311,1
543_jpg.rf.fbd27bc0f3f35ac44ad06b8312d6b972,1_maturity_evaluation,1,1,0,1.0,0.7311,1
544_jpg.rf.02669eb649287ed8e9d3a97bb86d91c6,1_maturity_evaluation,1,1,0,1.0,0.7311,1
544_jpg.rf.749eab67e22772f0008e4a48d5b7fb9b,1_maturity_evaluation,1,1,0,1.0,0.7311,1
544_jpg.rf.7c11bf9f121da77e03deb57a79d318c3,1_maturity_evaluation,1,1,0,1.0,0.7311,1
54_jpg.rf.0a35edb71587caf593e6ef256d3fa0e4,1_maturity_evaluation,1,1,0,1.0,0.7311,1
54_jpg.rf.2465508ed468ec39719c83c7989dacc0,1_maturity_evaluation,1,1,0,1.0,0.7311,1
54_jpg.rf.e5ad4efb0d9b3dde6082da86cff17df1,1_maturity_evaluation,1,1,0,1.0,0.7311,1
55_jpeg.rf.1b2dd7bacf946b5ba085df8a1d4e7869,1_maturity_evaluation,1,1,0,1.0,0.7311,1
55_jpeg.rf.618cc26f1f2def545f56759838958473,1_maturity_evaluation,1,1,0,1.0,0.7311,1
55_jpeg.rf.be602dc4edfb08528ff573962392ccca,1_maturity_evaluation,1,1,0,1.0,0.7311,1
56_jpg.rf.587e69ffcef686e2631f3dcdb569fee8,1_maturity_evaluation,1,1,0,1.0,0.7311,1
56_jpg.rf.ce1409e428763b5415873e3dcfc1a726,1_maturity_evaluation,1,1,0,1.0,0.7311,1
56_jpg.rf.ec3a06eb922ab197f7dab49bde465202,1_maturity_evaluation,1,1,0,1.0,0.7311,1
58_jpg.rf.04ec6de6b183c7dacc6f7bde7cb42774,1_maturity_evaluation,1,1,0,1.0,0.7311,1
58_jpg.rf.7680f50bbb1f24b301756017a01aa382,1_maturity_evaluation,1,1,0,1.0,0.7311,1
58_jpg.rf.96c5842b03800fb507cb3fc9e9a4814c,1_maturity_evaluation,1,1,0,1.0,0.7311,1
59_jpg.rf.249dd57533fc4712d9d736a92007b613,1_maturity_evaluation,1,1,0,1.0,0.7311,1
59_jpg.rf.2877b849b5b8f8c4f4073f011a0f4067,1_maturity_evaluation,1,1,0,1.0,0.7311,1
59_jpg.rf.a6c3d79c0de623b2e2d86ebb99aa966a,1_maturity_evaluation,1,1,0,1.0,0.7311,1
5_jpg.rf.50be873f9a8f7fa942b7de62d3232c3a,1_maturity_evaluation,1,1,0,1.0,0.7311,1
601_jpg.rf.3e4c772567ccc26f3eb77b04cf1a8c5f,1_maturity_evaluation,1,1,0,1.0,0.7311,1
601_jpg.rf.5efbaf83401e82fa00d2fbefe92b29c4,1_maturity_evaluation,1,1,0,1.0,0.7311,1
601_jpg.rf.b871a6a047410195b66ab19f36a155d9,1_maturity_evaluation,1,1,0,1.0,0.7311,1
602_jpg.rf.2eca14d89b5f3bbbd47779e70f94d9a3,1_maturity_evaluation,1,1,0,1.0,0.7311,1
602_jpg.rf.a5dbc24cea7819cecd74fd15666f5299,1_maturity_evaluation,1,1,0,1.0,0.7311,1
602_jpg.rf.f9221b428432c72aa8d31415f143c1b6,1_maturity_evaluation,1,1,0,1.0,0.7311,1
603_jpg.rf.1e765b6a458bd691d144bf4f2cc4f507,1_maturity_evaluation,1,1,0,1.0,0.7311,1
603_jpg.rf.453ba7d6994d73c3379ffa4c9ef75150,1_maturity_evaluation,1,1,0,1.0,0.7311,1
605_jpg.rf.c8d0045fe5b3c4493bec73f038c67a7d,1_maturity_evaluation,1,1,0,1.0,0.7311,1
605_jpg.rf.e2ac58671dbd256dc68cf3160c62dd58,1_maturity_evaluation,1,1,0,1.0,0.7311,1
605_jpg.rf.e734c20dd5a4b6ccdff3f8d056d54b00,1_maturity_evaluation,1,1,0,1.0,0.7311,1
606_jpg.rf.bcb87978f168cb419778be0dede5aac7,1_maturity_evaluation,1,1,0,1.0,0.7311,1
607_jpg.rf.0cdaca42d4ebd1e7d162f04a11d3a3ef,1_maturity_evaluation,1,1,0,1.0,0.7311,1
607_jpg.rf.4a9a54203c5b8cbb77c73fc45c5f5e3d,1_maturity_evaluation,1,1,0,1.0,0.7311,1
607_jpg.rf.a194d81fc1efd254b241fa018ef3a15c,1_maturity_evaluation,1,1,0,1.0,0.7311,1
608_jpg.rf.e69f166858cfb6801831b3b2c448b048,1_maturity_evaluation,1,1,0,1.0,0.7311,1
609_jpg.rf.595749b5b2c7443219cfd5d2c9eb9a33,1_maturity_evaluation,1,1,0,1.0,0.7311,1
609_jpg.rf.c4d390c8b6b33268474c246deec7be99,1_maturity_evaluation,1,1,0,1.0,0.7311,1
609_jpg.rf.cf048376f98c7dc031e69a1b156323a7,1_maturity_evaluation,1,1,0,1.0,0.7311,1
60_jpg.rf.8512e6620ce2d5b0a21855361256c18d,1_maturity_evaluation,1,1,0,1.0,0.7311,1
60_jpg.rf.b23ad82acd44895fc221376e02a2f901,1_maturity_evaluation,1,1,0,1.0,0.7311,1
60_jpg.rf.dde692e4c34abfba9bbc265849bce687,1_maturity_evaluation,1,1,0,1.0,0.7311,1
610_jpg.rf.bcedcb944da9918420f3e98abe2e9ad0,1_maturity_evaluation,1,1,0,1.0,0.7311,1
610_jpg.rf.d1b0838fd4f37e6fe60c155b6b33106c,1_maturity_evaluation,1,1,0,1.0,0.7311,1
610_jpg.rf.f36149d158b89194062dd317dc7ec030,1_maturity_evaluation,1,1,0,1.0,0.7311,1
612_jpg.rf.3637976aeb727ff87995e468c1ee4dcf,1_maturity_evaluation,1,1,0,1.0,0.7311,1
612_jpg.rf.d487b79caf271969553b6f0ab916f66e,1_maturity_evaluation,1,1,0,1.0,0.7311,1
612_jpg.rf.dc299a1b03bc00ba23703c0a7fd9b7b0,1_maturity_evaluation,1,1,0,1.0,0.7311,1
613_jpg.rf.dbf55b4e2bd013c6413c709ce72a9419,1_maturity_evaluation,1,1,0,1.0,0.7311,1
614_jpg.rf.3b800ac8ce0efae6bdb1cb432488c855,1_maturity_evaluation,1,1,0,1.0,0.7311,1
614_jpg.rf.b37134ad0a4182f09a09081c0c74a963,1_maturity_evaluation,1,1,0,1.0,0.7311,1
614_jpg.rf.c045dd2e9a4f1b4faee42ceb1363dfb1,1_maturity_evaluation,1,1,0,1.0,0.7311,1
616_jpg.rf.4035ce0e3872d6d3fd9f57b9c8612655,1_maturity_evaluation,1,1,0,1.0,0.7311,1
616_jpg.rf.67c6629282d69f15767658466b9a50b7,1_maturity_evaluation,1,1,0,1.0,0.7311,1
616_jpg.rf.96ea00abbf4374eda0da8319e4894dbf,1_maturity_evaluation,1,1,0,1.0,0.7311,1
617_jpg.rf.f3101f20d175da53768fe90a86043277,1_maturity_evaluation,1,1,0,1.0,0.7311,1
618_jpg.rf.07943739d399d962cc5ef5c1b456874e,1_maturity_evaluation,1,1,0,1.0,0.7311,1
618_jpg.rf.0cf4c7d877ef0f18df5d06dabd1b1358,1_maturity_evaluation,1,1,0,1.0,0.7311,1
618_jpg.rf.25191328aeaea15aafa125a5aa5d29bb,1_maturity_evaluation,1,1,0,1.0,0.7311,1
619_jpg.rf.230268573d9a27eb3e13327cf60a5dea,1_maturity_evaluation,1,1,0,1.0,0.7311,1
619_jpg.rf.9b092f3fbf33c494e11a4ebec956146b,1_maturity_evaluation,1,1,0,1.0,0.7311,1
619_jpg.rf.a0ff3e5a30936fbda84f4889729447b4,1_maturity_evaluation,1,1,0,1.0,0.7311,1
61_jpg.rf.764cccbc5950a7fc696ee3adf4c99c38,1_maturity_evaluation,1,1,0,1.0,0.7311,1
61_jpg.rf.ad98d8f508e25cd28fee98454ead2bf7,1_maturity_evaluation,1,1,0,1.0,0.7311,1
61_jpg.rf.ea0485b0512ef99f25b0287782ec3824,1_maturity_evaluation,1,1,0,1.0,0.7311,1
620_jpg.rf.9e3312d1d096875e301d8444ee127f7e,1_maturity_evaluation,1,1,0,1.0,0.7311,1
621_jpg.rf.75e1eca1e6f189aac32355293a0bbeac,1_maturity_evaluation,1,1,0,1.0,0.7311,1
621_jpg.rf.91edc6ecf45bab3899d77d24dbf84157,1_maturity_evaluation,1,1,0,1.0,0.7311,1
621_jpg.rf.e413e4a6efacba916f3db1d244a12730,1_maturity_evaluation,1,1,0,1.0,0.7311,1
622_jpg.rf.62df9e598cf1187eb34629d11fcdf27f,1_maturity_evaluation,1,1,0,1.0,0.7311,1
622_jpg.rf.ac9af591cd802bdc4102008a7d3b7451,1_maturity_evaluation,1,1,0,1.0,0.7311,1
622_jpg.rf.bee996ca13fd56d20170121c896eb603,1_maturity_evaluation,1,1,0,1.0,0.7311,1
624_jpg.rf.a9e9c2072605afc4cf2a8b6104f28d5f,1_maturity_evaluation,1,1,0,1.0,0.7311,1
625_jpg.rf.cf54311c745684bdbdfd415d4c451049,1_maturity_evaluation,1,1,0,1.0,0.7311,1
625_jpg.rf.d2c2111cd909f87af79229d50a1b8fbf,1_maturity_evaluation,1,1,0,1.0,0.7311,1
625_jpg.rf.f7434de31e67e80fd929112e2e577c20,1_maturity_evaluation,1,1,0,1.0,0.7311,1
626_jpg.rf.64e1c5346ff31fccb9e639c6fced54a6,1_maturity_evaluation,1,1,0,1.0,0.7311,1
627_jpg.rf.69a533c9d3cec69a3175d38e4680e182,1_maturity_evaluation,1,1,0,1.0,0.7311,1
627_jpg.rf.924497b38b26eb1403173f37af35226c,1_maturity_evaluation,1,1,0,1.0,0.7311,1
627_jpg.rf.dec0df2e7010974ca8e885386bb3f8d6,1_maturity_evaluation,1,1,0,1.0,0.7311,1
628_jpg.rf.58b7d747f5224c697f10a19cf863e091,1_maturity_evaluation,1,1,0,1.0,0.7311,1
628_jpg.rf.9418568cd85c0756dac13613d76f506f,1_maturity_evaluation,1,1,0,1.0,0.7311,1
628_jpg.rf.f88f2ae07239839237a4541f7cedb71c,1_maturity_evaluation,1,1,0,1.0,0.7311,1
629_jpg.rf.20d7d60339bcdfccb53f55ff730007a2,1_maturity_evaluation,1,1,0,1.0,0.7311,1
629_jpg.rf.2ac68bb1bd9788d0c7b677b88b4fad9b,1_maturity_evaluation,1,1,0,1.0,0.7311,1
629_jpg.rf.4629e10de60dbfd12c27a716e6a09b99,1_maturity_evaluation,1,1,0,1.0,0.7311,1
62_jpg.rf.179f788a0cd4b32c17eb383993a1e911,1_maturity_evaluation,1,0,1,-1.0,0.2689,0
62_jpg.rf.52a8f52c5b254ed8a323c6bfc314ee2c,1_maturity_evaluation,1,0,1,-1.0,0.2689,0
62_jpg.rf.81d015b32ba9e4c397a4175319a6f486,1_maturity_evaluation,1,0,1,-1.0,0.2689,0
630_jpg.rf.e2c9b3f2fc7e286f317ada8362410add,1_maturity_evaluation,1,1,0,1.0,0.7311,1
631_jpg.rf.37becedc41eec2729f5118284c33e49d,1_maturity_evaluation,1,1,0,1.0,0.7311,1
631_jpg.rf.60b42426138f83015fecb3e7c09719a4,1_maturity_evaluation,1,1,0,1.0,0.7311,1
631_jpg.rf.b853fc20812568a553294b9588182500,1_maturity_evaluation,1,1,0,1.0,0.7311,1
633_jpg.rf.3e5e5d996ab2b4d734e49e1423edd487,1_maturity_evaluation,1,1,0,1.0,0.7311,1
633_jpg.rf.842b3af1fb2b8dcb22a7e45e4ad6055e,1_maturity_evaluation,1,1,0,1.0,0.7311,1
633_jpg.rf.babc6c7f5bee6afa65a5025e59f00be6,1_maturity_evaluation,1,1,0,1.0,0.7311,1
634_jpg.rf.2c9dcb27d2692de3f57c4a7413cfd7f3,1_maturity_evaluation,1,1,0,1.0,0.7311,1
634_jpg.rf.90a2a031090b844b45f23997d7697cda,1_maturity_evaluation,1,1,0,1.0,0.7311,1
634_jpg.rf.9be71571393e3c3330a01002082434cd,1_maturity_evaluation,1,1,0,1.0,0.7311,1
635_jpg.rf.a059885df2bce4a69f2999e926631bc3,1_maturity_evaluation,1,1,0,1.0,0.7311,1
635_jpg.rf.b78d140914e2535bc8048e33aeb46675,1_maturity_evaluation,1,1,0,1.0,0.7311,1
635_jpg.rf.d7f7c4c1fbe0784792ea2f8323ff9bb3,1_maturity_evaluation,1,1,0,1.0,0.7311,1
636_jpg.rf.175cd7721b128962c225d50ffcaf0fe7,1_maturity_evaluation,1,1,0,1.0,0.7311,1
636_jpg.rf.37362187e21f0ac09b679c135ffc22bf,1_maturity_evaluation,1,1,0,1.0,0.7311,1
636_jpg.rf.69e85855f0e2e97b4461b24f245e00e7,1_maturity_evaluation,1,1,0,1.0,0.7311,1
637_jpg.rf.314812f2336cd2096a42f2e2ed60c2b6,1_maturity_evaluation,1,1,0,1.0,0.7311,1
637_jpg.rf.50f0db19c904e14346c99ca11d6f18d4,1_maturity_evaluation,1,1,0,1.0,0.7311,1
637_jpg.rf.8f91f2809d11b506cbaa3e8fd42deba3,1_maturity_evaluation,1,1,0,1.0,0.7311,1
638_jpg.rf.373c2a5bfd336bdfa4016d4fa94a0315,1_maturity_evaluation,1,1,0,1.0,0.7311,1
638_jpg.rf.67329efceb7788319314d6b3777e2088,1_maturity_evaluation,1,1,0,1.0,0.7311,1
638_jpg.rf.e8adc5f728633e2fca6c568ce09cb160,1_maturity_evaluation,1,1,0,1.0,0.7311,1
639_jpg.rf.b3f264e182e2e87ad17be685e8f5b430,1_maturity_evaluation,1,1,0,1.0,0.7311,1
63_jpg.rf.80a6fb58202f20939c4dc429ccf137b9,1_maturity_evaluation,1,0,1,-1.0,0.2689,0
63_jpg.rf.dd2aba3902581697d20d36d20426ae10,1_maturity_evaluation,1,0,1,-1.0,0.2689,0
63_jpg.rf.f19d2c6fc94b07e6d1af5d0e2a89b1b6,1_maturity_evaluation,1,0,1,-1.0,0.2689,0
640_jpg.rf.0f5074580b364685e21b0b492e971b80,1_maturity_evaluation,1,1,0,1.0,0.7311,1
640_jpg.rf.3714f84956bad5e78af43e8fdc98ee7c,1_maturity_evaluation,1,1,0,1.0,0.7311,1
640_jpg.rf.40f1f1865442a0ce457a8cef34a15475,1_maturity_evaluation,1,1,0,1.0,0.7311,1
642_jpg.rf.4fd26fe482783d44c5d6491712f0f9ab,1_maturity_evaluation,1,1,0,1.0,0.7311,1
642_jpg.rf.6a0771430bf2f05372c89f897d1a2fc3,1_maturity_evaluation,1,1,0,1.0,0.7311,1
642_jpg.rf.eb7f005d2f3ebd4af2c624550d937fa5,1_maturity_evaluation,1,1,0,1.0,0.7311,1
644_jpg.rf.9b8a9781bf1f9835d4d170eae00955c8,1_maturity_evaluation,1,1,0,1.0,0.7311,1
645_jpg.rf.4843d2a21ebcbfa06f67650cd64c9281,1_maturity_evaluation,1,1,0,1.0,0.7311,1
645_jpg.rf.aeb1c76192149c8ac45daa3aa6877a74,1_maturity_evaluation,1,1,0,1.0,0.7311,1
645_jpg.rf.f80a317765cd60f3686e10dc0a80983d,1_maturity_evaluation,1,1,0,1.0,0.7311,1
646_jpg.rf.163c6b3086ff4905a600c6af037760d1,1_maturity_evaluation,1,0,1,-1.0,0.2689,0
646_jpg.rf.1d863a9753bc9248e4d0d1fb0ec94ce0,1_maturity_evaluation,1,0,1,-1.0,0.2689,0
646_jpg.rf.c5b5cbaf1e7b98fdea94695f5b2786d0,1_maturity_evaluation,1,0,1,-1.0,0.2689,0
647_jpg.rf.022bd85f814c6ee73c1be3a9d4a857a2,1_maturity_evaluation,1,1,0,1.0,0.7311,1
647_jpg.rf.c74a9b72eb3074b750dd834d1094dd5c,1_maturity_evaluation,1,0,1,-1.0,0.2689,0
647_jpg.rf.eb9f86f2a47f60822f25116ae76b0d0f,1_maturity_evaluation,1,1,0,1.0,0.7311,1
649_jpg.rf.4b5d5fc44df3968dfaeb7675459187b5,1_maturity_evaluation,1,1,0,1.0,0.7311,1
649_jpg.rf.521f22c3eae0bd8b5664e013470c90bd,1_maturity_evaluation,1,1,0,1.0,0.7311,1
649_jpg.rf.cf9e44e1aa664a040fd9d6b7b621bf9c,1_maturity_evaluation,1,1,0,1.0,0.7311,1
64_jpg.rf.aa806dcf5ae0d4052660254a262b411d,1_maturity_evaluation,1,0,1,-1.0,0.2689,0
64_jpg.rf.e552018f78544c26b70a55e1e196d238,1_maturity_evaluation,1,0,1,-1.0,0.2689,0
64_jpg.rf.ff1fc35cbb8b313ab467aec8486e7121,1_maturity_evaluation,1,0,1,-1.0,0.2689,0
650_jpg.rf.1fe58fced01dd321b28470edee62632a,1_maturity_evaluation,1,1,0,1.0,0.7311,1
650_jpg.rf.aee7356333ff4e8e36984fc21864569a,1_maturity_evaluation,1,1,0,1.0,0.7311,1
650_jpg.rf.d175af91e7525cc40c294af20a3b1252,1_maturity_evaluation,1,1,0,1.0,0.7311,1
651_jpg.rf.4afdacf8ea8763775e04e6bfe4bb7902,1_maturity_evaluation,1,1,0,1.0,0.7311,1
651_jpg.rf.57e41378bd8c4545fa0b3a8f2edaee03,1_maturity_evaluation,1,1,0,1.0,0.7311,1
651_jpg.rf.ce46edf0b5be618797d1781b6efa8213,1_maturity_evaluation,1,1,0,1.0,0.7311,1
652_jpg.rf.7dcf7303af7c3047721e9617facee580,1_maturity_evaluation,1,1,0,1.0,0.7311,1
653_jpg.rf.afa08fdb40ec03ad23c63e06245b22eb,1_maturity_evaluation,1,1,0,1.0,0.7311,1
653_jpg.rf.b7713be3fee2b7c0fe4fb09b0c5dbdc7,1_maturity_evaluation,1,1,0,1.0,0.7311,1
653_jpg.rf.eefe3da59b9b0ce711c800bc789c104c,1_maturity_evaluation,1,1,0,1.0,0.7311,1
654_jpg.rf.4491895c4f875d5d07df903ab5e553b5,1_maturity_evaluation,1,1,0,1.0,0.7311,1
654_jpg.rf.4eb8d7e0df8c32bd12a10afbd0978a3e,1_maturity_evaluation,1,1,0,1.0,0.7311,1
655_jpg.rf.3bbc3f63d68b60daa66d24b8ffd6622f,1_maturity_evaluation,1,1,0,1.0,0.7311,1
655_jpg.rf.b3c1bd58fdcb4881ec5825f73c6f683a,1_maturity_evaluation,1,1,0,1.0,0.7311,1
655_jpg.rf.ccddfeb50a40793eb5c78bcf53ebd3e1,1_maturity_evaluation,1,1,0,1.0,0.7311,1
656_jpg.rf.1a93c06ca38e8e00f186c99bf6c6c569,1_maturity_evaluation,1,1,0,1.0,0.7311,1
656_jpg.rf.7f9d6904214095236a4b89f12f8f28c5,1_maturity_evaluation,1,1,0,1.0,0.7311,1
656_jpg.rf.db0b1700107db2245137740ddf9aa917,1_maturity_evaluation,1,1,0,1.0,0.7311,1
657_jpg.rf.0d9711505e045d97085937a3dd034d02,1_maturity_evaluation,1,1,0,1.0,0.7311,1
657_jpg.rf.1e5adc3971d6fc5912f07a5248bfa02d,1_maturity_evaluation,1,1,0,1.0,0.7311,1
657_jpg.rf.278be3c5aa2e27c12667806f2447addb,1_maturity_evaluation,1,1,0,1.0,0.7311,1
658_jpg.rf.93d649526267bed2a4593c6a25ce0273,1_maturity_evaluation,1,1,0,1.0,0.7311,1
658_jpg.rf.ca91316e0c4244443a68fbc09d28b9cb,1_maturity_evaluation,1,1,0,1.0,0.7311,1
658_jpg.rf.ec991f874fe0d260b74ce59e0ea99b07,1_maturity_evaluation,1,1,0,1.0,0.7311,1
659_jpg.rf.3eb39e71900a41066dfac461e1337c2d,1_maturity_evaluation,1,1,0,1.0,0.7311,1
659_jpg.rf.736115c53ae0ac38187827832b213c51,1_maturity_evaluation,1,1,0,1.0,0.7311,1
659_jpg.rf.cc2cf93123fdb04b5862438a9a99fefd,1_maturity_evaluation,1,1,0,1.0,0.7311,1
65_jpg.rf.0136e2cd871554d4724f74aca610c225,1_maturity_evaluation,1,0,1,-1.0,0.2689,0
65_jpg.rf.3bae29aba57d58cc589ec076353ea311,1_maturity_evaluation,1,0,1,-1.0,0.2689,0
65_jpg.rf.ff817b3f1b5e6f13d6c9253fc74ee298,1_maturity_evaluation,1,0,1,-1.0,0.2689,0
660_jpg.rf.5fa700b9e91c86d7c826a46afedc5598,1_maturity_evaluation,1,1,0,1.0,0.7311,1
660_jpg.rf.6bcee9a43d72d1b534b27c359d879c0d,1_maturity_evaluation,1,1,0,1.0,0.7311,1
660_jpg.rf.89dca503cb73a583c3fefd7c2c775590,1_maturity_evaluation,1,1,0,1.0,0.7311,1
661_jpg.rf.3c56525f5d05b7479fc04f944a118dd0,1_maturity_evaluation,1,1,0,1.0,0.7311,1
662_jpg.rf.2709222f75d50278371f50326ce2bd30,1_maturity_evaluation,1,1,0,1.0,0.7311,1
662_jpg.rf.59d7f344fa1c718047068453e00659f4,1_maturity_evaluation,1,1,0,1.0,0.7311,1
662_jpg.rf.adf87a7405f40180dc2bbb9d4905f1c4,1_maturity_evaluation,1,1,0,1.0,0.7311,1
663_jpg.rf.906dde766b02aca3266f265de29b75fb,1_maturity_evaluation,1,1,0,1.0,0.7311,1
664_jpg.rf.6ec95c6116cc91fa3542866db9b8af85,1_maturity_evaluation,1,1,0,1.0,0.7311,1
665_jpg.rf.f8c218c3b41ca139e394ffcfc94f663c,1_maturity_evaluation,1,1,0,1.0,0.7311,1
666_jpg.rf.aa3f186fd06a3426989d6fc18c9e5e71,1_maturity_evaluation,1,1,0,1.0,0.7311,1
667_jpg.rf.30d748ba52f7c7fa7be7dd5a99723060,1_maturity_evaluation,1,1,0,1.0,0.7311,1
668_jpg.rf.1f2a30ac31b4995cdae1e75ad2c18cce,1_maturity_evaluation,1,1,0,1.0,0.7311,1
668_jpg.rf.ad22b2ea82e9568026d64dc03719d029,1_maturity_evaluation,1,1,0,1.0,0.7311,1
668_jpg.rf.c503e31f46e22e0e34d21c09acfa5211,1_maturity_evaluation,1,1,0,1.0,0.7311,1
669_jpg.rf.10f0e553c6dc438e0e6f5487946a56d9,1_maturity_evaluation,1,1,0,1.0,0.7311,1
66_jpg.rf.3d52b1eb926f9b607d29da1f690bb1c2,1_maturity_evaluation,1,1,0,1.0,0.7311,1
66_jpg.rf.637c4327bedd409c58deada2c1040b79,1_maturity_evaluation,1,1,0,1.0,0.7311,1
66_jpg.rf.bb530e6abde9117394924106377f8e23,1_maturity_evaluation,1,1,0,1.0,0.7311,1
670_jpg.rf.0b8561a87ee579a761616ab86bf05575,1_maturity_evaluation,1,1,0,1.0,0.7311,1
670_jpg.rf.252eea229549df3d790ae8703df1e386,1_maturity_evaluation,1,1,0,1.0,0.7311,1
670_jpg.rf.98ed1ac1bd03f357304d5c738fbf38ba,1_maturity_evaluation,1,1,0,1.0,0.7311,1
671_jpg.rf.1b2b3bda0f9e39162c88c2edaca19ce2,1_maturity_evaluation,1,1,0,1.0,0.7311,1
672_jpg.rf.8e8723002797b394ce256e2d3d26f8ed,1_maturity_evaluation,1,1,0,1.0,0.7311,1
673_jpg.rf.25a7badcde431c1470c6cd0d0a7e67fa,1_maturity_evaluation,1,1,0,1.0,0.7311,1
673_jpg.rf.2e61aea7ae23793935e9ef729a2cae18,1_maturity_evaluation,1,1,0,1.0,0.7311,1
673_jpg.rf.860395dc688da196ef59fa450f70a5a4,1_maturity_evaluation,1,1,0,1.0,0.7311,1
674_jpg.rf.b4a94d27d975d17d439c165c90d5041b,1_maturity_evaluation,1,1,0,1.0,0.7311,1
674_jpg.rf.b9ca40ca80723998bc1181b9619bd39d,1_maturity_evaluation,1,1,0,1.0,0.7311,1
674_jpg.rf.c0c8c1a24bd0698f044015eb4933a716,1_maturity_evaluation,1,1,0,1.0,0.7311,1
675_jpg.rf.06621e9ff925011223f2f213cf6092d5,1_maturity_evaluation,1,1,0,1.0,0.7311,1
676_jpg.rf.adf41f42fbd37e45830b822a54e7031b,1_maturity_evaluation,1,1,0,1.0,0.7311,1
676_jpg.rf.de178ffc6d573313f2887857002ee6ca,1_maturity_evaluation,1,1,0,1.0,0.7311,1
676_jpg.rf.e3f55a2c8b78b8e58d2d438d7cc21f31,1_maturity_evaluation,1,1,0,1.0,0.7311,1
677_jpg.rf.8a24a9245ac3cb445d069f79a1574c24,1_maturity_evaluation,1,1,0,1.0,0.7311,1
678_jpg.rf.0759eef9bfc34f90ace18087c8f5ef26,1_maturity_evaluation,1,1,0,1.0,0.7311,1
678_jpg.rf.145fd083cb93fbc37ea5e6458f4483b2,1_maturity_evaluation,1,1,0,1.0,0.7311,1
678_jpg.rf.fa1331648468f056747c223976ae951f,1_maturity_evaluation,1,1,0,1.0,0.7311,1
679_jpg.rf.878357e1e485e1b315b60550aafa8219,1_maturity_evaluation,1,1,0,1.0,0.7311,1
679_jpg.rf.99ea879db72b210e7effb623539fc9a3,1_maturity_evaluation,1,1,0,1.0,0.7311,1
679_jpg.rf.c7e051ef921ffec3a4cb40fe57310b47,1_maturity_evaluation,1,1,0,1.0,0.7311,1
67_jpg.rf.2d654b9cfdefc945b7fb789cd6d30e76,1_maturity_evaluation,1,0,1,-1.0,0.2689,0
67_jpg.rf.7f4707bcc04ad9836d4912d2bcb3c137,1_maturity_evaluation,1,0,1,-1.0,0.2689,0
67_jpg.rf.d4d2da24ab35ea9c967c4205e9e27496,1_maturity_evaluation,1,0,1,-1.0,0.2689,0
680_jpg.rf.1832a11cd27653be4f4cfd12b0d716cd,1_maturity_evaluation,1,1,0,1.0,0.7311,1
680_jpg.rf.351ece78c489f46a0163272a5cd03845,1_maturity_evaluation,1,1,0,1.0,0.7311,1
680_jpg.rf.36610f483176dd47e78d8b23499c7853,1_maturity_evaluation,1,1,0,1.0,0.7311,1
681_jpg.rf.6d494b206e3a8a33aa7d9ad0e1c4e1d3,1_maturity_evaluation,1,1,0,1.0,0.7311,1
681_jpg.rf.8269d49612cf51e3ebd74d6830f5db8f,1_maturity_evaluation,1,1,0,1.0,0.7311,1
681_jpg.rf.c0bc37a7c350fa021e628e96b6bf93d8,1_maturity_evaluation,1,1,0,1.0,0.7311,1
682_jpg.rf.5655b9181b3e9d41780cd4889be658ec,1_maturity_evaluation,1,1,0,1.0,0.7311,1
682_jpg.rf.5da6691f043c3b72cda1e1ddbd06e162,1_maturity_evaluation,1,1,0,1.0,0.7311,1
682_jpg.rf.6b1273408bcf216a63b744d9aa53b968,1_maturity_evaluation,1,1,0,1.0,0.7311,1
683_jpg.rf.2195d3173a2585b2fe91b4e393f44139,1_maturity_evaluation,1,1,0,1.0,0.7311,1
684_jpg.rf.6154a969b8d9f71b224d87be46ef84e2,1_maturity_evaluation,1,1,0,1.0,0.7311,1
684_jpg.rf.b6a49022fa301afee294b96b53e1175b,1_maturity_evaluation,1,1,0,1.0,0.7311,1
684_jpg.rf.b9d684e2e7ce86bc60bfa96d252d935e,1_maturity_evaluation,1,1,0,1.0,0.7311,1
685_jpg.rf.613a884b6c5cdfab1d4c79779f29f13a,1_maturity_evaluation,1,1,0,1.0,0.7311,1
685_jpg.rf.7a4ed6d3f5d621a4fbf459b6c4aebb2d,1_maturity_evaluation,1,1,0,1.0,0.7311,1
685_jpg.rf.f9ebf343c681a9f6e481bd9864276404,1_maturity_evaluation,1,1,0,1.0,0.7311,1
686_jpg.rf.4b7585e71a78a01cbcfb430309c75e34,1_maturity_evaluation,1,1,0,1.0,0.7311,1
686_jpg.rf.a1d0325f3249ef12c8c84e3ac9e73938,1_maturity_evaluation,1,1,0,1.0,0.7311,1
686_jpg.rf.cd3a2ddbb5f518c128ea762819d15871,1_maturity_evaluation,1,1,0,1.0,0.7311,1
687_jpg.rf.03b42974a681e98f7d091adc50c72b95,1_maturity_evaluation,1,1,0,1.0,0.7311,1
687_jpg.rf.3cc938fb5d4064154d036291f857c00f,1_maturity_evaluation,1,1,0,1.0,0.7311,1
687_jpg.rf.4bbdb526234b12c4d8c2fa8e436c36ad,1_maturity_evaluation,1,1,0,1.0,0.7311,1
688_jpg.rf.b5500c40ca76fcbfed42fd71c54d65f3,1_maturity_evaluation,1,1,0,1.0,0.7311,1
689_jpg.rf.171c98bb07051ad9521ec227756883d1,1_maturity_evaluation,1,1,0,1.0,0.7311,1
689_jpg.rf.5e6dfb25fa76f49c0fbcd7e26c313060,1_maturity_evaluation,1,1,0,1.0,0.7311,1
689_jpg.rf.db27f4ea7d879ce7a83a830a62e727f2,1_maturity_evaluation,1,1,0,1.0,0.7311,1
691_jpg.rf.6e717b67481579486183c77bccef0b80,1_maturity_evaluation,1,1,0,1.0,0.7311,1
691_jpg.rf.729ec67501936a136f8e9689c5ca3179,1_maturity_evaluation,1,1,0,1.0,0.7311,1
691_jpg.rf.cdb18fcdd7db2d27c947429a3705b8bd,1_maturity_evaluation,1,1,0,1.0,0.7311,1
692_jpg.rf.3a5a02e7d9e5d827a587dd1f95df6595,1_maturity_evaluation,1,1,0,1.0,0.7311,1
692_jpg.rf.c1f299efb6d7be279e674532015958a3,1_maturity_evaluation,1,1,0,1.0,0.7311,1
692_jpg.rf.f96f2caeda1ec36b4524c0c920a37c25,1_maturity_evaluation,1,1,0,1.0,0.7311,1
693_jpg.rf.0d96bf8917120d413ed94a8ffbb4b633,1_maturity_evaluation,1,1,0,1.0,0.7311,1
693_jpg.rf.150e040e1217cc97311b04026011b267,1_maturity_evaluation,1,1,0,1.0,0.7311,1
693_jpg.rf.7b21d875d60117be364241ea9b4f17e4,1_maturity_evaluation,1,1,0,1.0,0.7311,1
694_jpg.rf.b87eb457b1ca28afa3792bbf1933c96a,1_maturity_evaluation,1,1,0,1.0,0.7311,1
695_jpg.rf.eb7106a4d85e18538469179e2612cdec,1_maturity_evaluation,1,1,0,1.0,0.7311,1
696_jpg.rf.11bd336d1f86f5ba71ae27887a414e04,1_maturity_evaluation,1,1,0,1.0,0.7311,1
697_jpg.rf.0e7b187082b159be3f4e6221cb8c3b0e,1_maturity_evaluation,1,1,0,1.0,0.7311,1
697_jpg.rf.29c2d45946ba258c0df3e87750afdb5a,1_maturity_evaluation,1,1,0,1.0,0.7311,1
697_jpg.rf.4b1319ea9f856661e50fb7649a173a7f,1_maturity_evaluation,1,1,0,1.0,0.7311,1
698_jpg.rf.0136c8e90646e009013b0c94fd555d59,1_maturity_evaluation,1,1,0,1.0,0.7311,1
698_jpg.rf.130eab3ad3fa4f47210af3e37bed6493,1_maturity_evaluation,1,1,0,1.0,0.7311,1
698_jpg.rf.6e48b44ab626ff7aee4163cb6baa9708,1_maturity_evaluation,1,1,0,1.0,0.7311,1
69_jpg.rf.4321d00f6c8237de4d97581fcd75befa,1_maturity_evaluation,1,1,0,1.0,0.7311,1
69_jpg.rf.5fd6dd507e4c1dbe6ff69f716ab286c3,1_maturity_evaluation,1,1,0,1.0,0.7311,1
69_jpg.rf.accbdf8f5c48045bc4883bcaf2ce86cc,1_maturity_evaluation,1,1,0,1.0,0.7311,1
6_jpg.rf.ae02ac081a2915e3957d00f91e3fa905,1_maturity_evaluation,1,1,0,1.0,0.7311,1
700_jpg.rf.4c1d37c8163e585422504bd2fda155b6,1_maturity_evaluation,1,1,0,1.0,0.7311,1
700_jpg.rf.a6bfd341439394a40143118401ae4e17,1_maturity_evaluation,1,1,0,1.0,0.7311,1
700_jpg.rf.cbc0cf064dc9556c89268bc4f56eba0b,1_maturity_evaluation,1,1,0,1.0,0.7311,1
701_jpg.rf.2fca942183db46ec63db735e69d34281,1_maturity_evaluation,1,1,0,1.0,0.7311,1
701_jpg.rf.825e554d03e1f5332644149e6984217f,1_maturity_evaluation,1,1,0,1.0,0.7311,1
701_jpg.rf.9db60b633de7b05098756e89bb7466d9,1_maturity_evaluation,1,1,0,1.0,0.7311,1
702_jpg.rf.2be588a2e9b88a3c81f4e653e3d68427,1_maturity_evaluation,1,1,0,1.0,0.7311,1
702_jpg.rf.3016d789534307cee10556c46463d280,1_maturity_evaluation,1,1,0,1.0,0.7311,1
702_jpg.rf.dbcf0dba4f8981e0e78127c90cd6264e,1_maturity_evaluation,1,1,0,1.0,0.7311,1
703_jpg.rf.26db05c33c823602906477d3fd48a473,1_maturity_evaluation,1,1,0,1.0,0.7311,1
703_jpg.rf.696be8e156e42cee632b7d2a29709699,1_maturity_evaluation,1,1,0,1.0,0.7311,1
703_jpg.rf.77c473aaa5290b04e8f111f5558c867d,1_maturity_evaluation,1,1,0,1.0,0.7311,1
704_jpg.rf.4f984dd7235f29fbabfa09820cf8955c,1_maturity_evaluation,1,1,0,1.0,0.7311,1
704_jpg.rf.a808991cc00c2b3450c2799ca01c481a,1_maturity_evaluation,1,1,0,1.0,0.7311,1
704_jpg.rf.d03b350ba3b91157be5d86b784b5eb1a,1_maturity_evaluation,1,1,0,1.0,0.7311,1
705_jpg.rf.981f893cae6ed63ca5ca055c75d3e417,1_maturity_evaluation,1,1,0,1.0,0.7311,1
705_jpg.rf.c922806d652620a579b193f21d55e7b4,1_maturity_evaluation,1,1,0,1.0,0.7311,1
705_jpg.rf.f594dd380763b6f533934174aea0eb72,1_maturity_evaluation,1,1,0,1.0,0.7311,1
706_jpg.rf.55c632e28a94a01b122652c5b5c0b864,1_maturity_evaluation,1,1,0,1.0,0.7311,1
706_jpg.rf.74ae8c98a7766c2bb5dafe9603b7c1d5,1_maturity_evaluation,1,1,0,1.0,0.7311,1
706_jpg.rf.914474a1eea7553330374480d67e7033,1_maturity_evaluation,1,1,0,1.0,0.7311,1
707_jpg.rf.5578d546197409e232f20fedc066c7b2,1_maturity_evaluation,1,1,0,1.0,0.7311,1
707_jpg.rf.9b824e54f8c31507b399eb562ccc7b07,1_maturity_evaluation,1,1,0,1.0,0.7311,1
707_jpg.rf.9bd9a367cda09b44a551d298dc7abd46,1_maturity_evaluation,1,1,0,1.0,0.7311,1
708_jpg.rf.777c3b7e82c8a5af2da3c47db6ba1ece,1_maturity_evaluation,1,1,0,1.0,0.7311,1
708_jpg.rf.bd490cb2d3c8390e12530557124b0286,1_maturity_evaluation,1,1,0,1.0,0.7311,1
708_jpg.rf.d6028f635e85e0e9d909b819f275d9b3,1_maturity_evaluation,1,1,0,1.0,0.7311,1
709_jpg.rf.0b314ccb94848b43a64605c5aa3a1e6d,1_maturity_evaluation,1,1,0,1.0,0.7311,1
709_jpg.rf.ca095d5d25b0e9c59366678b09821cdc,1_maturity_evaluation,1,1,0,1.0,0.7311,1
709_jpg.rf.e9538d23d3adff3bf51c9da0d8398f97,1_maturity_evaluation,1,1,0,1.0,0.7311,1
70_jpg.rf.352f4779d1fdedaf856cc42d9e6c8ffd,1_maturity_evaluation,1,1,0,1.0,0.7311,1
70_jpg.rf.b34698a45e65bb86bf361bddd7ff1e65,1_maturity_evaluation,1,1,0,1.0,0.7311,1
70_jpg.rf.d45b652d3cdadee4a3d9ec04b74ab319,1_maturity_evaluation,1,1,0,1.0,0.7311,1
70_jpg.rf.da25f233c1f89a35b37b82539ec45b1a,1_maturity_evaluation,1,1,0,1.0,0.7311,1
710_jpg.rf.60ec53549f29c7f5281d000a6cedcd1a,1_maturity_evaluation,1,1,0,1.0,0.7311,1
711_jpg.rf.384ff07ff2e9589ac3ebc82188bfb28b,1_maturity_evaluation,1,1,0,1.0,0.7311,1
711_jpg.rf.792be6a53c586fad7c8b262fe98b6379,1_maturity_evaluation,1,1,0,1.0,0.7311,1
711_jpg.rf.bae5a12c34a5e530996825800a139f53,1_maturity_evaluation,1,1,0,1.0,0.7311,1
712_jpg.rf.7e0a0b8f3289327eb95f3a8580928667,1_maturity_evaluation,1,1,0,1.0,0.7311,1
712_jpg.rf.9739f244badf78958917670840d48996,1_maturity_evaluation,1,1,0,1.0,0.7311,1
712_jpg.rf.e508e1102084cf87dfd8ec97ebcbaaac,1_maturity_evaluation,1,1,0,1.0,0.7311,1
713_jpg.rf.5b815bd6bdf3b29074453947269bb20f,1_maturity_evaluation,1,1,0,1.0,0.7311,1
714_jpg.rf.cd5ae7fc3335a8659e318d3b0612ef5e,1_maturity_evaluation,1,1,0,1.0,0.7311,1
716_jpg.rf.1cb9462942f1946194489cada28cf82d,1_maturity_evaluation,1,1,0,1.0,0.7311,1
716_jpg.rf.4c7cd32032120b8b1c2596fff713ca28,1_maturity_evaluation,1,1,0,1.0,0.7311,1
716_jpg.rf.72027b8ee87cab7bbf230d2a8f5e932c,1_maturity_evaluation,1,1,0,1.0,0.7311,1
717_jpg.rf.05ee4a3883c73e3e7e35a16b5d30651f,1_maturity_evaluation,1,1,0,1.0,0.7311,1
717_jpg.rf.35a8fdaaf219ca56d08e144e027a7031,1_maturity_evaluation,1,1,0,1.0,0.7311,1
717_jpg.rf.6eb1ab9056accc8464d54132ca1fa265,1_maturity_evaluation,1,1,0,1.0,0.7311,1
718_jpg.rf.23047ea4a26eeecb5d70b2db7d6c86b9,1_maturity_evaluation,1,1,0,1.0,0.7311,1
718_jpg.rf.3d4715a660b187b3bc1fd9e348dca74f,1_maturity_evaluation,1,1,0,1.0,0.7311,1
718_jpg.rf.43f878f1eff67d66ddfc1edcceaf39e6,1_maturity_evaluation,1,1,0,1.0,0.7311,1
719_jpg.rf.8f001b3faf658293c2d19111a385f3f8,1_maturity_evaluation,1,1,0,1.0,0.7311,1
71_jpg.rf.1c50a796cdb0b51a14f2f176d39c2988,1_maturity_evaluation,1,0,1,-1.0,0.2689,0
71_jpg.rf.935ca8ae0a3aa33281b013a062acd954,1_maturity_evaluation,1,0,1,-1.0,0.2689,0
71_jpg.rf.fbfbd87194638069a91b0818792b31db,1_maturity_evaluation,1,0,1,-1.0,0.2689,0
720_jpg.rf.1c6c5e5c34865846dfc4dba006a93043,1_maturity_evaluation,1,1,0,1.0,0.7311,1
721_jpg.rf.4d0734c31e6de0559b311e9f3482334f,1_maturity_evaluation,1,1,0,1.0,0.7311,1
722_jpg.rf.2f3b34b174d7c83bef0186f391e0dfb8,1_maturity_evaluation,1,1,0,1.0,0.7311,1
722_jpg.rf.ac087a24b01f93b2967269fad9b755fb,1_maturity_evaluation,1,1,0,1.0,0.7311,1
722_jpg.rf.f6f6f27cc83855d2372f349b9dbfc827,1_maturity_evaluation,1,1,0,1.0,0.7311,1
723_jpg.rf.23b196786dbf40503cab5829dd882c01,1_maturity_evaluation,1,1,0,1.0,0.7311,1
723_jpg.rf.3c1a9398d07e062cd4008e5f15905701,1_maturity_evaluation,1,1,0,1.0,0.7311,1
723_jpg.rf.d8ca038e8ec78861bc66bae3944de56a,1_maturity_evaluation,1,1,0,1.0,0.7311,1
724_jpg.rf.561a584fa8036f65cca8a2d4793dc278,1_maturity_evaluation,1,1,0,1.0,0.7311,1
725_jpg.rf.17f6a6ac3b6495cbf4aeac8a61378c06,1_maturity_evaluation,1,1,0,1.0,0.7311,1
725_jpg.rf.6351ae6fa2a51fb660bed02798d42f5a,1_maturity_evaluation,1,1,0,1.0,0.7311,1
725_jpg.rf.8e715c435a392f054be3d2a3306a837d,1_maturity_evaluation,1,1,0,1.0,0.7311,1
726_jpg.rf.84e1cf10e71211380586a1856256141e,1_maturity_evaluation,1,1,0,1.0,0.7311,1
726_jpg.rf.8b3e41a7f52851bf1926513d4a672ed5,1_maturity_evaluation,1,1,0,1.0,0.7311,1
726_jpg.rf.9ce4d7cf5b957e69ed29fb6cbd064e69,1_maturity_evaluation,1,1,0,1.0,0.7311,1
727_jpg.rf.be0b1d765a5e32bde439e21cbed69f70,1_maturity_evaluation,1,1,0,1.0,0.7311,1
728_jpg.rf.26f54f3140937435b4a68c301286ea32,1_maturity_evaluation,1,1,0,1.0,0.7311,1
728_jpg.rf.3dc58653f29f305123496c97ea9376da,1_maturity_evaluation,1,1,0,1.0,0.7311,1
728_jpg.rf.d66ebcd0833e8037e9c99feae7464cc8,1_maturity_evaluation,1,1,0,1.0,0.7311,1
729_jpg.rf.2dbd1c53108b0e81997f4587823837c3,1_maturity_evaluation,1,1,0,1.0,0.7311,1
72_jpg.rf.104e6b9a1a1e49d01b8e6df6023d0267,1_maturity_evaluation,1,1,0,1.0,0.7311,1
72_jpg.rf.444f165b9d18187720f77a478f734aaa,1_maturity_evaluation,1,1,0,1.0,0.7311,1
72_jpg.rf.d0e1a0e2a34c8555fe1536f0635b26c8,1_maturity_evaluation,1,1,0,1.0,0.7311,1
730_jpg.rf.4f3737a2903f2977ac77a9a0f23570d6,1_maturity_evaluation,1,1,0,1.0,0.7311,1
731_jpg.rf.1cf0551decaa94b3946c94647b08bcf9,1_maturity_evaluation,1,1,0,1.0,0.7311,1
732_jpg.rf.30cffc07083b4ac771c53383970bf763,1_maturity_evaluation,1,1,0,1.0,0.7311,1
732_jpg.rf.4d164922ca16973a47de3365905a524a,1_maturity_evaluation,1,1,0,1.0,0.7311,1
732_jpg.rf.9d1e04c01f5e48e19b82b36782286cda,1_maturity_evaluation,1,1,0,1.0,0.7311,1
733_jpg.rf.ca40ebb7eccaab3a236aa9110feab1a5,1_maturity_evaluation,1,1,0,1.0,0.7311,1
733_jpg.rf.db1e7f131b5de4f8cf9f93f8c210e74d,1_maturity_evaluation,1,1,0,1.0,0.7311,1
733_jpg.rf.ef7af416b8929e262017fbb3fc350867,1_maturity_evaluation,1,1,0,1.0,0.7311,1
734_jpg.rf.206fe550cee485c11a1daac0750926c8,1_maturity_evaluation,1,1,0,1.0,0.7311,1
734_jpg.rf.cc287ef48a2455988aeb689e3a3895db,1_maturity_evaluation,1,1,0,1.0,0.7311,1
734_jpg.rf.da8ef7fa0ad8b6b2bd8fe7aad94df478,1_maturity_evaluation,1,1,0,1.0,0.7311,1
736_jpg.rf.21603b63999ebce50e1372f53d920366,1_maturity_evaluation,1,1,0,1.0,0.7311,1
736_jpg.rf.42a5e60355b8649ba547e0e7646e52ce,1_maturity_evaluation,1,1,0,1.0,0.7311,1
736_jpg.rf.ad448dfb280d6be61e9906b22c6467c1,1_maturity_evaluation,1,1,0,1.0,0.7311,1
737_jpg.rf.0ded242b8f699b08ec4dbc0d0dd4b54f,1_maturity_evaluation,1,1,0,1.0,0.7311,1
738_jpg.rf.424f2a820b00ebcd35e05755dcf82614,1_maturity_evaluation,1,1,0,1.0,0.7311,1
738_jpg.rf.9985279ec9ef5fad6a63745a5866365b,1_maturity_evaluation,1,1,0,1.0,0.7311,1
738_jpg.rf.ead07fcc5f8432c0fd1a065fb529d1e5,1_maturity_evaluation,1,1,0,1.0,0.7311,1
739_jpg.rf.12c136e156851c3adb93492497f9bde3,1_maturity_evaluation,1,1,0,1.0,0.7311,1
739_jpg.rf.4eb176d76b48a04fd16473b26ee565bf,1_maturity_evaluation,1,1,0,1.0,0.7311,1
739_jpg.rf.c5a92e4b4ed0dc02b366a1b1d4f8c44a,1_maturity_evaluation,1,1,0,1.0,0.7311,1
73_jpg.rf.9ef871b55af54ae9bf4566252579514d,1_maturity_evaluation,1,1,0,1.0,0.7311,1
740_jpg.rf.900ea7973052a24fb9ebd0313f240526,1_maturity_evaluation,1,1,0,1.0,0.7311,1
742_jpg.rf.8a4681834c3d73fc82e66e395e19eef6,1_maturity_evaluation,1,1,0,1.0,0.7311,1
742_jpg.rf.c76254ed85d7d169c6cf3c0e6c8f68b9,1_maturity_evaluation,1,1,0,1.0,0.7311,1
742_jpg.rf.f0aad9e96c528df5ee276765fbb4d3bb,1_maturity_evaluation,1,1,0,1.0,0.7311,1
743_jpg.rf.ec8bc9fc52b4e6a6fdba806e64d95bd8,1_maturity_evaluation,1,1,0,1.0,0.7311,1
743_jpg.rf.f1d6138d2db9839bf1c5c946adb92946,1_maturity_evaluation,1,1,0,1.0,0.7311,1
743_jpg.rf.f6961e11cc59419a622ced3dff90eef5,1_maturity_evaluation,1,1,0,1.0,0.7311,1
744_jpg.rf.b082de700a03d7d48a14cff5374d3481,1_maturity_evaluation,1,1,0,1.0,0.7311,1
745_jpg.rf.10bfd38f4d6867397b482d16683c1674,1_maturity_evaluation,1,1,0,1.0,0.7311,1
745_jpg.rf.3f68c4a3bd54dfa1b25cd28c0411aa70,1_maturity_evaluation,1,1,0,1.0,0.7311,1
745_jpg.rf.7a5848e25772a367fc86de537d4fd607,1_maturity_evaluation,1,1,0,1.0,0.7311,1
747_jpg.rf.54d262b5643971ceccd913272ca0f6c0,1_maturity_evaluation,1,1,0,1.0,0.7311,1
747_jpg.rf.6e74305bf2a031c32b6e6741016d79b6,1_maturity_evaluation,1,1,0,1.0,0.7311,1
747_jpg.rf.7e97565abe6f5d565825581117b87037,1_maturity_evaluation,1,1,0,1.0,0.7311,1
748_jpg.rf.682425bc996dd9267e812025f251e96c,1_maturity_evaluation,1,1,0,1.0,0.7311,1
748_jpg.rf.b92428d35160edcefe02315b6c74ce55,1_maturity_evaluation,1,1,0,1.0,0.7311,1
748_jpg.rf.e79c2baca1c8e9f6faf395d455f16c8f,1_maturity_evaluation,1,1,0,1.0,0.7311,1
749_jpg.rf.1737ea66f361d7cdfafd1379b1a5f668,1_maturity_evaluation,1,1,0,1.0,0.7311,1
749_jpg.rf.28a1c1f2a96bb88fc04c8692aba26571,1_maturity_evaluation,1,1,0,1.0,0.7311,1
749_jpg.rf.9bc11f47f4ec1717b19208c5bde47ccb,1_maturity_evaluation,1,1,0,1.0,0.7311,1
750_jpg.rf.3547caf16ca62c821360a6c347b325b2,1_maturity_evaluation,1,1,0,1.0,0.7311,1
750_jpg.rf.3e34bc3c89e982d205d688e24eabb7a9,1_maturity_evaluation,1,1,0,1.0,0.7311,1
750_jpg.rf.e603228b83813458e2fc23e336fae8dc,1_maturity_evaluation,1,1,0,1.0,0.7311,1
751_jpg.rf.6073c3463e98d79a65dd287979a69cd6,1_maturity_evaluation,1,1,0,1.0,0.7311,1
751_jpg.rf.b29a1c59e583af929fe8117581d53eb2,1_maturity_evaluation,1,1,0,1.0,0.7311,1
751_jpg.rf.e707676416bb16af4f5d1287b8568afc,1_maturity_evaluation,1,1,0,1.0,0.7311,1
752_jpg.rf.c8e8b9db474c4336c3c1e7b9c93e5688,1_maturity_evaluation,1,1,0,1.0,0.7311,1
753_jpg.rf.3fcbd882d6fd64462939b10743b3741b,1_maturity_evaluation,1,1,0,1.0,0.7311,1
754_jpg.rf.cafe64543350a6caadfa127faab140b5,1_maturity_evaluation,1,1,0,1.0,0.7311,1
755_jpg.rf.05858db5cd24f4dd6c7e35905d81a1b8,1_maturity_evaluation,1,1,0,1.0,0.7311,1
755_jpg.rf.63c5f56d0fb4df790aa5627e385e57d6,1_maturity_evaluation,1,1,0,1.0,0.7311,1
755_jpg.rf.ca2c7b403df53d1ae86a97bf8bdd6540,1_maturity_evaluation,1,1,0,1.0,0.7311,1
756_jpg.rf.6310ca62273111c54bd451111b485f7d,1_maturity_evaluation,1,1,0,1.0,0.7311,1
756_jpg.rf.79207623c7a1571426f3b878868a3d10,1_maturity_evaluation,1,1,0,1.0,0.7311,1
756_jpg.rf.a88098c064736b06c01ebe97f4036ed9,1_maturity_evaluation,1,1,0,1.0,0.7311,1
757_jpg.rf.22ac0c9431289496601e452c8607b49b,1_maturity_evaluation,1,0,1,-1.0,0.2689,0
757_jpg.rf.a576301b7761bd58bfd6341821135a14,1_maturity_evaluation,1,0,1,-1.0,0.2689,0
757_jpg.rf.bf1f1759e8322d7034a7a6e7f8a3a258,1_maturity_evaluation,1,0,1,-1.0,0.2689,0
758_jpg.rf.43cbab9d8140cf0a9fc68c885a9e4cd0,1_maturity_evaluation,1,1,0,1.0,0.7311,1
758_jpg.rf.676bccf60bd7aab443ff1458c3503c2d,1_maturity_evaluation,1,1,0,1.0,0.7311,1
758_jpg.rf.93e8bc629e1a7c9c153b3b4b39e5e96c,1_maturity_evaluation,1,1,0,1.0,0.7311,1
759_jpg.rf.438a83fcceb26e7bfe098373f5177db1,1_maturity_evaluation,1,1,0,1.0,0.7311,1
759_jpg.rf.67ad8333fc1189ba94ae171def00c108,1_maturity_evaluation,1,1,0,1.0,0.7311,1
759_jpg.rf.bbb52dea6fed4b35970d2bc6952da6b6,1_maturity_evaluation,1,1,0,1.0,0.7311,1
75_jpg.rf.a3aa9842ff3c0776a7ba6412ede7184f,1_maturity_evaluation,1,1,0,1.0,0.7311,1
75_jpg.rf.b9970a039c1275c06ae5d2ebc40c927e,1_maturity_evaluation,1,1,0,1.0,0.7311,1
75_jpg.rf.f0cde20dfe3cf7ebc9ce05b56f577b5a,1_maturity_evaluation,1,1,0,1.0,0.7311,1
760_jpg.rf.21d3a052345e5adb8120bafa08742120,1_maturity_evaluation,1,1,0,1.0,0.7311,1
760_jpg.rf.935a3e872ed5b7887d3faeafd7a16cac,1_maturity_evaluation,1,1,0,1.0,0.7311,1
760_jpg.rf.b7376193a778fc40b4630b1b4b2a59c8,1_maturity_evaluation,1,1,0,1.0,0.7311,1
77_jpg.rf.2065235ede5ee2840e03a3f5ba601ff2,1_maturity_evaluation,1,1,0,1.0,0.7311,1
77_jpg.rf.f0b46e11670d4c946e54c142fd3d1ba3,1_maturity_evaluation,1,1,0,1.0,0.7311,1
77_jpg.rf.f90d09593bdc4b17158ed91446cc8e99,1_maturity_evaluation,1,1,0,1.0,0.7311,1
78_jpg.rf.730181db81978efc9b1228db75137fa3,1_maturity_evaluation,1,1,0,1.0,0.7311,1
78_jpg.rf.80cc1e07c1ff036ab269e2490aa7d5cc,1_maturity_evaluation,1,1,0,1.0,0.7311,1
78_jpg.rf.860cf6edf966e2b7607b4c205f91d770,1_maturity_evaluation,1,1,0,1.0,0.7311,1
79_jpg.rf.1630b9c10b69cc07ee086fd24e59d124,1_maturity_evaluation,1,1,0,1.0,0.7311,1
79_jpg.rf.778532524e0d262bd469d1a79c70acb8,1_maturity_evaluation,1,0,1,-1.0,0.2689,0
79_jpg.rf.7cb13bc0517b8c22c713479c91fb7c10,1_maturity_evaluation,1,1,0,1.0,0.7311,1
7_jpg.rf.093e05a1474afcd8e6a4acbdb20d4348,1_maturity_evaluation,1,1,0,1.0,0.7311,1
7_jpg.rf.dd827dff8a5462c5946917a6f778fd54,1_maturity_evaluation,1,1,0,1.0,0.7311,1
7_jpg.rf.f8874e75c5ac784b374f7c4fa4e862b2,1_maturity_evaluation,1,1,0,1.0,0.7311,1
80_jpg.rf.a47f0b5f1ca0d81682fecd02aba92db5,1_maturity_evaluation,1,1,0,1.0,0.7311,1
81_jpg.rf.0beadb2a8ccdad59cc7dabd237cef178,1_maturity_evaluation,1,1,0,1.0,0.7311,1
81_jpg.rf.6b73b4f2086bdf52f22229b26e49abbf,1_maturity_evaluation,1,1,0,1.0,0.7311,1
81_jpg.rf.82e766bb96d4584790b6fb83e898928b,1_maturity_evaluation,1,1,0,1.0,0.7311,1
82_jpg.rf.c793332578c30e12f7c9f3864db76bf8,1_maturity_evaluation,1,1,0,1.0,0.7311,1
83_jpg.rf.03a5bf00b973a837e57436b022b96c64,1_maturity_evaluation,1,1,0,1.0,0.7311,1
83_jpg.rf.2a820191637902f7541ccde6949b3451,1_maturity_evaluation,1,1,0,1.0,0.7311,1
83_jpg.rf.396d1f1926d366e6c243f0082be75225,1_maturity_evaluation,1,1,0,1.0,0.7311,1
84_jpg.rf.9d0b44c6b837a76fa6f413c5a4b1f1bb,1_maturity_evaluation,1,1,0,1.0,0.7311,1
85_jpg.rf.8d2d5ea75e6701843381e74b682a9b28,1_maturity_evaluation,1,1,0,1.0,0.7311,1
85_jpg.rf.91a4a56ad6f78868ab7aed877f5dd575,1_maturity_evaluation,1,1,0,1.0,0.7311,1
85_jpg.rf.d3ee2c13b0521dfe37dfebc83cde8217,1_maturity_evaluation,1,1,0,1.0,0.7311,1
87_jpg.rf.3acdd93d68f0d178c66e22d05aeffe7c,1_maturity_evaluation,1,0,1,-1.0,0.2689,0
87_jpg.rf.8d9555d3708bc9623a387ab85150ae88,1_maturity_evaluation,1,0,1,-1.0,0.2689,0
87_jpg.rf.facce9ddb9d5f1ecb78df64046fff026,1_maturity_evaluation,1,0,1,-1.0,0.2689,0
88_jpg.rf.08ec1f6f2f0d6170b4fc018f72a12543,1_maturity_evaluation,1,0,1,-1.0,0.2689,0
88_jpg.rf.64e396f149eae2b937efb90ea8ab9bc5,1_maturity_evaluation,1,0,1,-1.0,0.2689,0
88_jpg.rf.904f5ac1f3c36c8f96ebf8d5555d6b9f,1_maturity_evaluation,1,0,1,-1.0,0.2689,0
89_jpg.rf.0ef84b970f393e9a3ac7d374e4659da2,1_maturity_evaluation,1,1,0,1.0,0.7311,1
90_jpg.rf.1a6838e653005182b1cfc4bc1e7deafe,1_maturity_evaluation,1,1,0,1.0,0.7311,1
90_jpg.rf.2a0c57b5f16994217ecdd1e4a86ca3e3,1_maturity_evaluation,1,1,0,1.0,0.7311,1
90_jpg.rf.6aa3c5bc9cb6b081e4b1b67ece8840dd,1_maturity_evaluation,1,1,0,1.0,0.7311,1
92_jpg.rf.7f7906813c1f56aaac11cbe054a58862,1_maturity_evaluation,1,1,0,1.0,0.7311,1
93_jpg.rf.c622126f61d3d5d69591f2017d7f7dff,1_maturity_evaluation,1,1,0,1.0,0.7311,1
94_jpg.rf.5dffe0919badb645ea5a74f8cf6ee3cd,1_maturity_evaluation,1,1,0,1.0,0.7311,1
95_jpg.rf.44e48ae91f0356f81c38ebf5cdda7b21,1_maturity_evaluation,1,0,1,-1.0,0.2689,0
96_jpg.rf.40719d3479ded3a2c22f218ba2757bdf,1_maturity_evaluation,1,1,0,1.0,0.7311,1
96_jpg.rf.8bdcf4b751ef28a95899323aed07f4fd,1_maturity_evaluation,1,1,0,1.0,0.7311,1
96_jpg.rf.9958e8ea202d4dfe8bdba64a9495a25c,1_maturity_evaluation,1,1,0,1.0,0.7311,1
97_jpg.rf.4fe256e1f180056c381244c4d93aceee,1_maturity_evaluation,1,1,0,1.0,0.7311,1
98_jpg.rf.082d1f6b8f63bdfe6800425ea6f3944e,1_maturity_evaluation,1,0,1,-1.0,0.2689,0
98_jpg.rf.404a86337bd6de1acc1e55a5004d5bdf,1_maturity_evaluation,1,0,1,-1.0,0.2689,0
98_jpg.rf.a8f86f0fb439ae33ee458c57b7d6ad6c,1_maturity_evaluation,1,1,0,1.0,0.7311,1
99_jpg.rf.8e07578fe8014e6876ca231fc14dbd93,1_maturity_evaluation,1,0,1,-1.0,0.2689,0
99_jpg.rf.f7c0f5ffdff86be74832fc0f77f2ccea,1_maturity_evaluation,1,0,1,-1.0,0.2689,0
9_jpg.rf.6982a158c6d0332b5e892c4f42fe6de2,1_maturity_evaluation,1,1,0,1.0,0.7311,1
9_jpg.rf.94022d2815be6ae744632e34323ecfc9,1_maturity_evaluation,1,1,0,1.0,0.7311,1
9_jpg.rf.bd93a8741b71624dd451324e642dd8ae,1_maturity_evaluation,1,1,0,1.0,0.7311,1
BudRootDropping001,5_petiole,1,1,0,1.0,0.7311,1
BudRootDropping002,5_petiole,1,1,0,1.0,0.7311,1
BudRootDropping003,5_petiole,1,1,0,1.0,0.7311,1
BudRootDropping004,5_petiole,1,1,0,1.0,0.7311,1
BudRootDropping005,5_petiole,1,1,0,1.0,0.7311,1
BudRootDropping006,5_petiole,1,1,0,1.0,0.7311,1
BudRootDropping007,5_petiole,1,1,0,1.0,0.7311,1
BudRootDropping008,5_petiole,1,1,0,1.0,0.7311,1
BudRootDropping009,5_petiole,1,1,0,1.0,0.7311,1
BudRootDropping010,5_petiole,1,1,0,1.0,0.7311,1
BudRootDropping011,5_petiole,1,1,0,1.0,0.7311,1
BudRootDropping012,5_petiole,1,1,0,1.0,0.7311,1
BudRootDropping013,5_petiole,1,1,0,1.0,0.7311,1
BudRootDropping014,5_petiole,1,1,0,1.0,0.7311,1
BudRootDropping015,5_petiole,1,1,0,1.0,0.7311,1
BudRootDropping016,5_petiole,1,1,0,1.0,0.7311,1
BudRootDropping017,5_petiole,1,1,0,1.0,0.7311,1
BudRootDropping018,5_petiole,1,1,0,1.0,0.7311,1
BudRootDropping019,5_petiole,1,1,0,1.0,0.7311,1
BudRootDropping020,5_petiole,1,1,0,1.0,0.7311,1
BudRootDropping021,5_petiole,1,1,0,1.0,0.7311,1
BudRootDropping022,5_petiole,1,1,0,1.0,0.7311,1
BudRootDropping023,5_petiole,1,1,0,1.0,0.7311,1
BudRootDropping024,5_petiole,1,1,0,1.0,0.7311,1
BudRootDropping025,5_petiole,1,1,0,1.0,0.7311,1
BudRootDropping026,5_petiole,1,1,0,1.0,0.7311,1
BudRootDropping027,5_petiole,1,1,0,1.0,0.7311,1
BudRootDropping028,5_petiole,1,1,0,1.0,0.7311,1
BudRootDropping029,5_petiole,1,1,0,1.0,0.7311,1
BudRootDropping030,5_petiole,1,1,0,1.0,0.7311,1
BudRootDropping031,5_petiole,1,1,0,1.0,0.7311,1
BudRootDropping032,5_petiole,1,1,0,1.0,0.7311,1
BudRootDropping033,5_petiole,1,1,0,1.0,0.7311,1
BudRootDropping034,5_petiole,1,1,0,1.0,0.7311,1
BudRootDropping035,5_petiole,1,1,0,1.0,0.7311,1
BudRootDropping036,5_petiole,1,1,0,1.0,0.7311,1
BudRootDropping037,5_petiole,1,1,0,1.0,0.7311,1
BudRootDropping038,5_petiole,1,1,0,1.0,0.7311,1
BudRootDropping039,5_petiole,1,1,0,1.0,0.7311,1
BudRootDropping040,5_petiole,1,1,0,1.0,0.7311,1
BudRootDropping041,5_petiole,1,1,0,1.0,0.7311,1
BudRootDropping042,5_petiole,1,1,0,1.0,0.7311,1
BudRootDropping043,5_petiole,1,1,0,1.0,0.7311,1
BudRootDropping044,5_petiole,1,1,0,1.0,0.7311,1
BudRootDropping045,5_petiole,1,1,0,1.0,0.7311,1
BudRootDropping046,5_petiole,1,1,0,1.0,0.7311,1
BudRootDropping047,5_petiole,1,1,0,1.0,0.7311,1
BudRootDropping048,5_petiole,1,1,0,1.0,0.7311,1
BudRootDropping049,5_petiole,1,1,0,1.0,0.7311,1
BudRootDropping050,5_petiole,1,1,0,1.0,0.7311,1
BudRootDropping051,5_petiole,1,1,0,1.0,0.7311,1
BudRootDropping052,5_petiole,1,1,0,1.0,0.7311,1
BudRootDropping053,5_petiole,1,1,0,1.0,0.7311,1
BudRootDropping054,5_petiole,1,1,0,1.0,0.7311,1
BudRootDropping055,5_petiole,1,1,0,1.0,0.7311,1
BudRootDropping056,5_petiole,1,1,0,1.0,0.7311,1
BudRootDropping057,5_petiole,1,1,0,1.0,0.7311,1
BudRootDropping058,5_petiole,1,1,0,1.0,0.7311,1
BudRootDropping059,5_petiole,1,1,0,1.0,0.7311,1
BudRootDropping060,5_petiole,1,1,0,1.0,0.7311,1
BudRootDropping061,5_petiole,1,1,0,1.0,0.7311,1
BudRootDropping062,5_petiole,1,1,0,1.0,0.7311,1
BudRootDropping063,5_petiole,1,1,0,1.0,0.7311,1
BudRootDropping064,5_petiole,1,1,0,1.0,0.7311,1
BudRootDropping065,5_petiole,1,1,0,1.0,0.7311,1
BudRootDropping066,5_petiole,1,1,0,1.0,0.7311,1
BudRootDropping067,5_petiole,1,1,0,1.0,0.7311,1
BudRootDropping068,5_petiole,1,1,0,1.0,0.7311,1
BudRootDropping069,5_petiole,1,1,0,1.0,0.7311,1
BudRootDropping070,5_petiole,1,1,0,1.0,0.7311,1
BudRootDropping071,5_petiole,1,1,0,1.0,0.7311,1
BudRootDropping072,5_petiole,1,1,0,1.0,0.7311,1
BudRootDropping073,5_petiole,1,1,0,1.0,0.7311,1
BudRootDropping074,5_petiole,1,1,0,1.0,0.7311,1
BudRootDropping075,5_petiole,1,1,0,1.0,0.7311,1
BudRootDropping076,5_petiole,1,1,0,1.0,0.7311,1
BudRootDropping077,5_petiole,1,1,0,1.0,0.7311,1
BudRootDropping078,5_petiole,1,1,0,1.0,0.7311,1
BudRootDropping079,5_petiole,1,1,0,1.0,0.7311,1
BudRootDropping080,5_petiole,1,1,0,1.0,0.7311,1
BudRootDropping081,5_petiole,1,1,0,1.0,0.7311,1
BudRootDropping082,5_petiole,1,1,0,1.0,0.7311,1
BudRootDropping083,5_petiole,1,1,0,1.0,0.7311,1
BudRootDropping084,5_petiole,1,1,0,1.0,0.7311,1
BudRootDropping085,5_petiole,1,1,0,1.0,0.7311,1
BudRootDropping086,5_petiole,1,1,0,1.0,0.7311,1
BudRootDropping087,5_petiole,1,1,0,1.0,0.7311,1
BudRootDropping088,5_petiole,1,1,0,1.0,0.7311,1
BudRootDropping089,5_petiole,1,1,0,1.0,0.7311,1
BudRootDropping090,5_petiole,1,1,0,1.0,0.7311,1
BudRootDropping091,5_petiole,1,1,0,1.0,0.7311,1
BudRootDropping092,5_petiole,1,1,0,1.0,0.7311,1
BudRootDropping093,5_petiole,1,1,0,1.0,0.7311,1
BudRootDropping094,5_petiole,1,1,0,1.0,0.7311,1
BudRootDropping095,5_petiole,1,1,0,1.0,0.7311,1
BudRootDropping096,5_petiole,1,1,0,1.0,0.7311,1
BudRootDropping097,5_petiole,1,1,0,1.0,0.7311,1
BudRootDropping098,5_petiole,1,1,0,1.0,0.7311,1
BudRootDropping099,5_petiole,1,1,0,1.0,0.7311,1
BudRootDropping100,5_petiole,1,1,0,1.0,0.7311,1
BudRootDropping101,5_petiole,1,1,0,1.0,0.7311,1
BudRootDropping102,5_petiole,1,1,0,1.0,0.7311,1
BudRootDropping103,5_petiole,1,1,0,1.0,0.7311,1
BudRootDropping104,5_petiole,1,1,0,1.0,0.7311,1
BudRootDropping105,5_petiole,1,1,0,1.0,0.7311,1
BudRootDropping106,5_petiole,1,1,0,1.0,0.7311,1
BudRootDropping107,5_petiole,1,1,0,1.0,0.7311,1
BudRootDropping108,5_petiole,1,1,0,1.0,0.7311,1
BudRootDropping109,5_petiole,1,1,0,1.0,0.7311,1
BudRootDropping110,5_petiole,1,1,0,1.0,0.7311,1
BudRootDropping111,5_petiole,1,1,0,1.0,0.7311,1
BudRootDropping112,5_petiole,1,1,0,1.0,0.7311,1
BudRootDropping113,5_petiole,1,1,0,1.0,0.7311,1
BudRootDropping114,5_petiole,1,1,0,1.0,0.7311,1
BudRootDropping115,5_petiole,1,1,0,1.0,0.7311,1
BudRootDropping116,5_petiole,1,1,0,1.0,0.7311,1
BudRootDropping117,5_petiole,1,1,0,1.0,0.7311,1
BudRootDropping118,5_petiole,1,1,0,1.0,0.7311,1
BudRootDropping119,5_petiole,1,1,0,1.0,0.7311,1
BudRootDropping120,5_petiole,1,1,0,1.0,0.7311,1
BudRootDropping121,5_petiole,1,1,0,1.0,0.7311,1
BudRootDropping122,5_petiole,1,1,0,1.0,0.7311,1
BudRootDropping123,5_petiole,1,1,0,1.0,0.7311,1
BudRootDropping124,5_petiole,1,1,0,1.0,0.7311,1
BudRootDropping125,5_petiole,1,1,0,1.0,0.7311,1
BudRootDropping126,5_petiole,1,1,0,1.0,0.7311,1
BudRootDropping127,5_petiole,1,1,0,1.0,0.7311,1
BudRootDropping128,5_petiole,1,1,0,1.0,0.7311,1
BudRootDropping129,5_petiole,1,1,0,1.0,0.7311,1
BudRootDropping130,5_petiole,1,1,0,1.0,0.7311,1
BudRootDropping131,5_petiole,1,1,0,1.0,0.7311,1
BudRootDropping132,5_petiole,1,1,0,1.0,0.7311,1
BudRootDropping133,5_petiole,1,1,0,1.0,0.7311,1
BudRootDropping134,5_petiole,1,1,0,1.0,0.7311,1
BudRootDropping135,5_petiole,1,1,0,1.0,0.7311,1
BudRootDropping136,5_petiole,1,1,0,1.0,0.7311,1
BudRootDropping137,5_petiole,1,1,0,1.0,0.7311,1
BudRootDropping138,5_petiole,1,1,0,1.0,0.7311,1
BudRootDropping139,5_petiole,1,1,0,1.0,0.7311,1
BudRootDropping140,5_petiole,1,1,0,1.0,0.7311,1
BudRootDropping141,5_petiole,1,1,0,1.0,0.7311,1
BudRootDropping142,5_petiole,1,1,0,1.0,0.7311,1
BudRootDropping143,5_petiole,1,1,0,1.0,0.7311,1
BudRootDropping144,5_petiole,1,1,0,1.0,0.7311,1
BudRootDropping145,5_petiole,1,1,0,1.0,0.7311,1
BudRootDropping146,5_petiole,1,1,0,1.0,0.7311,1
BudRootDropping147,5_petiole,1,1,0,1.0,0.7311,1
BudRootDropping148,5_petiole,1,1,0,1.0,0.7311,1
BudRootDropping149,5_petiole,1,1,0,1.0,0.7311,1
BudRootDropping150,5_petiole,1,1,0,1.0,0.7311,1
BudRootDropping151,5_petiole,1,1,0,1.0,0.7311,1
BudRootDropping152,5_petiole,1,1,0,1.0,0.7311,1
BudRootDropping153,5_petiole,1,1,0,1.0,0.7311,1
BudRootDropping154,5_petiole,1,1,0,1.0,0.7311,1
BudRootDropping155,5_petiole,1,1,0,1.0,0.7311,1
BudRootDropping156,5_petiole,1,1,0,1.0,0.7311,1
BudRootDropping157,5_petiole,1,1,0,1.0,0.7311,1
BudRootDropping158,5_petiole,1,1,0,1.0,0.7311,1
BudRootDropping159,5_petiole,1,1,0,1.0,0.7311,1
BudRootDropping160,5_petiole,1,1,0,1.0,0.7311,1
BudRootDropping161,5_petiole,1,1,0,1.0,0.7311,1
BudRootDropping162,5_petiole,1,1,0,1.0,0.7311,1
BudRootDropping163,5_petiole,1,1,0,1.0,0.7311,1
BudRootDropping164,5_petiole,1,1,0,1.0,0.7311,1
BudRootDropping165,5_petiole,1,1,0,1.0,0.7311,1
BudRootDropping166,5_petiole,1,1,0,1.0,0.7311,1
BudRootDropping167,5_petiole,1,1,0,1.0,0.7311,1
BudRootDropping168,5_petiole,1,1,0,1.0,0.7311,1
BudRootDropping169,5_petiole,1,1,0,1.0,0.7311,1
BudRootDropping170,5_petiole,1,1,0,1.0,0.7311,1
BudRootDropping171,5_petiole,1,1,0,1.0,0.7311,1
BudRootDropping172,5_petiole,1,1,0,1.0,0.7311,1
BudRootDropping173,5_petiole,1,1,0,1.0,0.7311,1
BudRootDropping174,5_petiole,1,1,0,1.0,0.7311,1
BudRootDropping175,5_petiole,1,1,0,1.0,0.7311,1
BudRootDropping176,5_petiole,1,1,0,1.0,0.7311,1
BudRootDropping177,5_petiole,1,1,0,1.0,0.7311,1
BudRootDropping178,5_petiole,1,1,0,1.0,0.7311,1
BudRootDropping179,5_petiole,1,1,0,1.0,0.7311,1
BudRootDropping180,5_petiole,1,1,0,1.0,0.7311,1
BudRootDropping181,5_petiole,1,1,0,1.0,0.7311,1
BudRootDropping182,5_petiole,1,1,0,1.0,0.7311,1
BudRootDropping183,5_petiole,1,1,0,1.0,0.7311,1
BudRootDropping184,5_petiole,1,1,0,1.0,0.7311,1
BudRootDropping185,5_petiole,1,1,0,1.0,0.7311,1
BudRootDropping186,5_petiole,1,1,0,1.0,0.7311,1
BudRootDropping187,5_petiole,1,1,0,1.0,0.7311,1
BudRootDropping188,5_petiole,1,1,0,1.0,0.7311,1
BudRootDropping189,5_petiole,1,1,0,1.0,0.7311,1
BudRootDropping190,5_petiole,1,1,0,1.0,0.7311,1
BudRootDropping191,5_petiole,1,1,0,1.0,0.7311,1
BudRootDropping192,5_petiole,1,1,0,1.0,0.7311,1
BudRootDropping193,5_petiole,1,1,0,1.0,0.7311,1
BudRootDropping194,5_petiole,1,1,0,1.0,0.7311,1
BudRootDropping195,5_petiole,1,1,0,1.0,0.7311,1
BudRootDropping196,5_petiole,1,1,0,1.0,0.7311,1
BudRootDropping197,5_petiole,1,1,0,1.0,0.7311,1
BudRootDropping198,5_petiole,1,1,0,1.0,0.7311,1
BudRootDropping199,5_petiole,1,1,0,1.0,0.7311,1
BudRootDropping200,5_petiole,1,1,0,1.0,0.7311,1
BudRootDropping201,5_petiole,1,1,0,1.0,0.7311,1
BudRootDropping202,5_petiole,1,1,0,1.0,0.7311,1
BudRootDropping203,5_petiole,1,1,0,1.0,0.7311,1
BudRootDropping204,5_petiole,1,1,0,1.0,0.7311,1
BudRootDropping205,5_petiole,1,1,0,1.0,0.7311,1
BudRootDropping206,5_petiole,1,1,0,1.0,0.7311,1
BudRootDropping207,5_petiole,1,1,0,1.0,0.7311,1
BudRootDropping208,5_petiole,1,1,0,1.0,0.7311,1
BudRootDropping209,5_petiole,1,1,0,1.0,0.7311,1
BudRootDropping210,5_petiole,1,1,0,1.0,0.7311,1
BudRootDropping211,5_petiole,1,1,0,1.0,0.7311,1
BudRootDropping212,5_petiole,1,1,0,1.0,0.7311,1
BudRootDropping213,5_petiole,1,1,0,1.0,0.7311,1
BudRootDropping214,5_petiole,1,1,0,1.0,0.7311,1
BudRootDropping215,5_petiole,1,1,0,1.0,0.7311,1
BudRootDropping216,5_petiole,1,1,0,1.0,0.7311,1
BudRootDropping217,5_petiole,1,1,0,1.0,0.7311,1
BudRootDropping218,5_petiole,1,1,0,1.0,0.7311,1
BudRootDropping219,5_petiole,1,1,0,1.0,0.7311,1
BudRootDropping220,5_petiole,1,1,0,1.0,0.7311,1
BudRootDropping221,5_petiole,1,1,0,1.0,0.7311,1
BudRootDropping222,5_petiole,1,1,0,1.0,0.7311,1
BudRootDropping223,5_petiole,1,1,0,1.0,0.7311,1
BudRootDropping224,5_petiole,1,1,0,1.0,0.7311,1
BudRootDropping225,5_petiole,1,1,0,1.0,0.7311,1
BudRootDropping226,5_petiole,1,1,0,1.0,0.7311,1
BudRootDropping227,5_petiole,1,1,0,1.0,0.7311,1
BudRootDropping228,5_petiole,1,1,0,1.0,0.7311,1
BudRootDropping229,5_petiole,1,1,0,1.0,0.7311,1
BudRootDropping230,5_petiole,1,1,0,1.0,0.7311,1
BudRootDropping231,5_petiole,1,1,0,1.0,0.7311,1
BudRootDropping232,5_petiole,1,1,0,1.0,0.7311,1
BudRootDropping233,5_petiole,1,1,0,1.0,0.7311,1
BudRootDropping234,5_petiole,1,1,0,1.0,0.7311,1
BudRootDropping235,5_petiole,1,1,0,1.0,0.7311,1
BudRootDropping236,5_petiole,1,1,0,1.0,0.7311,1
BudRootDropping237,5_petiole,1,1,0,1.0,0.7311,1
BudRootDropping238,5_petiole,1,1,0,1.0,0.7311,1
BudRootDropping239,5_petiole,1,1,0,1.0,0.7311,1
BudRootDropping240,5_petiole,1,1,0,1.0,0.7311,1
BudRootDropping241,5_petiole,1,1,0,1.0,0.7311,1
BudRootDropping242,5_petiole,1,1,0,1.0,0.7311,1
BudRootDropping243,5_petiole,1,1,0,1.0,0.7311,1
BudRootDropping244,5_petiole,1,1,0,1.0,0.7311,1
BudRootDropping245,5_petiole,1,1,0,1.0,0.7311,1
BudRootDropping246,5_petiole,1,1,0,1.0,0.7311,1
BudRootDropping247,5_petiole,1,1,0,1.0,0.7311,1
BudRootDropping248,5_petiole,1,1,0,1.0,0.7311,1
BudRootDropping249,5_petiole,1,1,0,1.0,0.7311,1
BudRootDropping250,5_petiole,1,1,0,1.0,0.7311,1
BudRootDropping251,5_petiole,1,1,0,1.0,0.7311,1
BudRootDropping252,5_petiole,1,1,0,1.0,0.7311,1
BudRootDropping253,5_petiole,1,1,0,1.0,0.7311,1
BudRootDropping254,5_petiole,1,1,0,1.0,0.7311,1
BudRootDropping255,5_petiole,1,1,0,1.0,0.7311,1
BudRootDropping256,5_petiole,1,1,0,1.0,0.7311,1
BudRootDropping257,5_petiole,1,1,0,1.0,0.7311,1
BudRootDropping258,5_petiole,1,1,0,1.0,0.7311,1
BudRootDropping259,5_petiole,1,1,0,1.0,0.7311,1
BudRootDropping260,5_petiole,1,1,0,1.0,0.7311,1
BudRootDropping261,5_petiole,1,1,0,1.0,0.7311,1
BudRootDropping262,5_petiole,1,1,0,1.0,0.7311,1
BudRootDropping263,5_petiole,1,1,0,1.0,0.7311,1
BudRootDropping264,5_petiole,1,1,0,1.0,0.7311,1
BudRootDropping265,5_petiole,1,1,0,1.0,0.7311,1
BudRootDropping266,5_petiole,1,1,0,1.0,0.7311,1
BudRootDropping267,5_petiole,1,1,0,1.0,0.7311,1
BudRootDropping268,5_petiole,1,1,0,1.0,0.7311,1
BudRootDropping269,5_petiole,1,1,0,1.0,0.7311,1
BudRootDropping270,5_petiole,1,1,0,1.0,0.7311,1
BudRootDropping271,5_petiole,1,1,0,1.0,0.7311,1
BudRootDropping272,5_petiole,1,1,0,1.0,0.7311,1
BudRootDropping273,5_petiole,1,1,0,1.0,0.7311,1
BudRootDropping274,5_petiole,1,1,0,1.0,0.7311,1
BudRootDropping275,5_petiole,1,1,0,1.0,0.7311,1
BudRootDropping276,5_petiole,1,1,0,1.0,0.7311,1
BudRootDropping277,5_petiole,1,1,0,1.0,0.7311,1
BudRootDropping278,5_petiole,1,1,0,1.0,0.7311,1
BudRootDropping279,5_petiole,1,1,0,1.0,0.7311,1
BudRootDropping280,5_petiole,1,1,0,1.0,0.7311,1
BudRootDropping281,5_petiole,1,1,0,1.0,0.7311,1
BudRootDropping282,5_petiole,1,1,0,1.0,0.7311,1
BudRootDropping283,5_petiole,1,1,0,1.0,0.7311,1
BudRootDropping284,5_petiole,1,1,0,1.0,0.7311,1
BudRootDropping285,5_petiole,1,1,0,1.0,0.7311,1
BudRootDropping286,5_petiole,1,1,0,1.0,0.7311,1
BudRootDropping287,5_petiole,1,1,0,1.0,0.7311,1
BudRootDropping288,5_petiole,1,1,0,1.0,0.7311,1
BudRootDropping289,5_petiole,1,1,0,1.0,0.7311,1
BudRootDropping290,5_petiole,1,1,0,1.0,0.7311,1
BudRootDropping291,5_petiole,1,1,0,1.0,0.7311,1
BudRootDropping292,5_petiole,1,1,0,1.0,0.7311,1
BudRootDropping293,5_petiole,1,1,0,1.0,0.7311,1
BudRootDropping294,5_petiole,1,1,0,1.0,0.7311,1
BudRootDropping295,5_petiole,1,1,0,1.0,0.7311,1
BudRootDropping296,5_petiole,1,1,0,1.0,0.7311,1
BudRootDropping297,5_petiole,1,1,0,1.0,0.7311,1
BudRootDropping298,5_petiole,1,1,0,1.0,0.7311,1
BudRootDropping299,5_petiole,1,1,0,1.0,0.7311,1
BudRootDropping300,5_petiole,1,1,0,1.0,0.7311,1
BudRootDropping301,5_petiole,1,1,0,1.0,0.7311,1
BudRootDropping302,5_petiole,1,1,0,1.0,0.7311,1
BudRootDropping303,5_petiole,1,1,0,1.0,0.7311,1
BudRootDropping304,5_petiole,1,1,0,1.0,0.7311,1
BudRootDropping305,5_petiole,1,1,0,1.0,0.7311,1
BudRootDropping306,5_petiole,1,1,0,1.0,0.7311,1
BudRootDropping307,5_petiole,1,1,0,1.0,0.7311,1
BudRootDropping308,5_petiole,1,1,0,1.0,0.7311,1
BudRootDropping309,5_petiole,1,1,0,1.0,0.7311,1
BudRootDropping310,5_petiole,1,1,0,1.0,0.7311,1
BudRootDropping311,5_petiole,1,1,0,1.0,0.7311,1
BudRootDropping312,5_petiole,1,1,0,1.0,0.7311,1
BudRootDropping313,5_petiole,1,1,0,1.0,0.7311,1
BudRootDropping314,5_petiole,1,1,0,1.0,0.7311,1
BudRootDropping315,5_petiole,1,1,0,1.0,0.7311,1
BudRootDropping316,5_petiole,1,1,0,1.0,0.7311,1
BudRootDropping317,5_petiole,1,1,0,1.0,0.7311,1
BudRootDropping318,5_petiole,1,1,0,1.0,0.7311,1
BudRootDropping319,5_petiole,1,1,0,1.0,0.7311,1
BudRootDropping320,5_petiole,1,1,0,1.0,0.7311,1
BudRootDropping321,5_petiole,1,1,0,1.0,0.7311,1
BudRootDropping322,5_petiole,1,1,0,1.0,0.7311,1
BudRootDropping323,5_petiole,1,1,0,1.0,0.7311,1
BudRootDropping324,5_petiole,1,1,0,1.0,0.7311,1
BudRootDropping325,5_petiole,1,1,0,1.0,0.7311,1
BudRootDropping326,5_petiole,1,1,0,1.0,0.7311,1
BudRootDropping327,5_petiole,1,1,0,1.0,0.7311,1
BudRootDropping328,5_petiole,1,1,0,1.0,0.7311,1
BudRootDropping329,5_petiole,1,1,0,1.0,0.7311,1
BudRootDropping330,5_petiole,1,1,0,1.0,0.7311,1
BudRootDropping331,5_petiole,1,1,0,1.0,0.7311,1
BudRootDropping332,5_petiole,1,1,0,1.0,0.7311,1
BudRootDropping333,5_petiole,1,1,0,1.0,0.7311,1
BudRootDropping334,5_petiole,1,1,0,1.0,0.7311,1
BudRootDropping335,5_petiole,1,1,0,1.0,0.7311,1
BudRootDropping336,5_petiole,1,1,0,1.0,0.7311,1
BudRootDropping337,5_petiole,1,1,0,1.0,0.7311,1
BudRootDropping338,5_petiole,1,1,0,1.0,0.7311,1
BudRootDropping339,5_petiole,1,1,0,1.0,0.7311,1
BudRootDropping340,5_petiole,1,1,0,1.0,0.7311,1
BudRootDropping341,5_petiole,1,1,0,1.0,0.7311,1
BudRootDropping342,5_petiole,1,1,0,1.0,0.7311,1
BudRootDropping343,5_petiole,1,1,0,1.0,0.7311,1
BudRootDropping344,5_petiole,1,1,0,1.0,0.7311,1
BudRootDropping345,5_petiole,1,1,0,1.0,0.7311,1
BudRootDropping346,5_petiole,1,1,0,1.0,0.7311,1
BudRootDropping347,5_petiole,1,1,0,1.0,0.7311,1
BudRootDropping348,5_petiole,1,1,0,1.0,0.7311,1
BudRootDropping349,5_petiole,1,1,0,1.0,0.7311,1
BudRootDropping350,5_petiole,1,1,0,1.0,0.7311,1
BudRootDropping351,5_petiole,1,1,0,1.0,0.7311,1
BudRootDropping352,5_petiole,1,1,0,1.0,0.7311,1
BudRootDropping353,5_petiole,1,1,0,1.0,0.7311,1
BudRootDropping354,5_petiole,1,1,0,1.0,0.7311,1
BudRootDropping355,5_petiole,1,1,0,1.0,0.7311,1
BudRootDropping356,5_petiole,1,1,0,1.0,0.7311,1
BudRootDropping357,5_petiole,1,1,0,1.0,0.7311,1
BudRootDropping358,5_petiole,1,1,0,1.0,0.7311,1
BudRootDropping359,5_petiole,1,1,0,1.0,0.7311,1
BudRootDropping360,5_petiole,1,1,0,1.0,0.7311,1
BudRootDropping361,5_petiole,1,1,0,1.0,0.7311,1
BudRootDropping362,5_petiole,1,1,0,1.0,0.7311,1
BudRootDropping363,5_petiole,1,1,0,1.0,0.7311,1
BudRootDropping364,5_petiole,1,1,0,1.0,0.7311,1
BudRootDropping365,5_petiole,1,1,0,1.0,0.7311,1
BudRootDropping366,5_petiole,1,1,0,1.0,0.7311,1
BudRootDropping367,5_petiole,1,1,0,1.0,0.7311,1
BudRootDropping368,5_petiole,1,1,0,1.0,0.7311,1
BudRootDropping369,5_petiole,1,1,0,1.0,0.7311,1
BudRootDropping370,5_petiole,1,1,0,1.0,0.7311,1
BudRootDropping371,5_petiole,1,1,0,1.0,0.7311,1
BudRootDropping372,5_petiole,1,1,0,1.0,0.7311,1
BudRootDropping373,5_petiole,1,1,0,1.0,0.7311,1
BudRootDropping374,5_petiole,1,1,0,1.0,0.7311,1
BudRootDropping375,5_petiole,1,1,0,1.0,0.7311,1
BudRootDropping376,5_petiole,1,1,0,1.0,0.7311,1
BudRootDropping377,5_petiole,1,1,0,1.0,0.7311,1
BudRootDropping378,5_petiole,1,1,0,1.0,0.7311,1
BudRootDropping379,5_petiole,1,1,0,1.0,0.7311,1
BudRootDropping380,5_petiole,1,1,0,1.0,0.7311,1
BudRootDropping381,5_petiole,1,1,0,1.0,0.7311,1
BudRootDropping382,5_petiole,1,1,0,1.0,0.7311,1
BudRootDropping383,5_petiole,1,1,0,1.0,0.7311,1
BudRootDropping384,5_petiole,1,1,0,1.0,0.7311,1
BudRootDropping385,5_petiole,1,1,0,1.0,0.7311,1
BudRootDropping386,5_petiole,1,1,0,1.0,0.7311,1
BudRootDropping387,5_petiole,1,1,0,1.0,0.7311,1
BudRootDropping388,5_petiole,1,1,0,1.0,0.7311,1
BudRootDropping389,5_petiole,1,1,0,1.0,0.7311,1
BudRootDropping390,5_petiole,1,1,0,1.0,0.7311,1
BudRootDropping391,5_petiole,1,1,0,1.0,0.7311,1
BudRootDropping392,5_petiole,1,1,0,1.0,0.7311,1
BudRootDropping393,5_petiole,1,1,0,1.0,0.7311,1
BudRootDropping394,5_petiole,1,1,0,1.0,0.7311,1
BudRootDropping395,5_petiole,1,1,0,1.0,0.7311,1
BudRootDropping396,5_petiole,1,1,0,1.0,0.7311,1
BudRootDropping397,5_petiole,1,1,0,1.0,0.7311,1
BudRootDropping398,5_petiole,1,1,0,1.0,0.7311,1
BudRootDropping399,5_petiole,1,1,0,1.0,0.7311,1
BudRootDropping400,5_petiole,1,1,0,1.0,0.7311,1
BudRootDropping401,5_petiole,1,1,0,1.0,0.7311,1
BudRootDropping402,5_petiole,1,1,0,1.0,0.7311,1
BudRootDropping403,5_petiole,1,1,0,1.0,0.7311,1
BudRootDropping404,5_petiole,1,1,0,1.0,0.7311,1
BudRootDropping405,5_petiole,1,1,0,1.0,0.7311,1
BudRootDropping406,5_petiole,1,1,0,1.0,0.7311,1
BudRootDropping407,5_petiole,1,1,0,1.0,0.7311,1
BudRootDropping408,5_petiole,1,1,0,1.0,0.7311,1
BudRootDropping409,5_petiole,1,1,0,1.0,0.7311,1
BudRootDropping410,5_petiole,1,1,0,1.0,0.7311,1
BudRootDropping411,5_petiole,1,1,0,1.0,0.7311,1
BudRootDropping412,5_petiole,1,1,0,1.0,0.7311,1
BudRootDropping413,5_petiole,1,1,0,1.0,0.7311,1
BudRootDropping414,5_petiole,1,1,0,1.0,0.7311,1
BudRootDropping415,5_petiole,1,1,0,1.0,0.7311,1
BudRootDropping416,5_petiole,1,1,0,1.0,0.7311,1
BudRootDropping417,5_petiole,1,1,0,1.0,0.7311,1
BudRootDropping418,5_petiole,1,1,0,1.0,0.7311,1
BudRootDropping419,5_petiole,1,1,0,1.0,0.7311,1
BudRootDropping420,5_petiole,1,1,0,1.0,0.7311,1
BudRootDropping421,5_petiole,1,1,0,1.0,0.7311,1
BudRootDropping422,5_petiole,1,1,0,1.0,0.7311,1
BudRootDropping423,5_petiole,1,1,0,1.0,0.7311,1
BudRootDropping424,5_petiole,1,1,0,1.0,0.7311,1
BudRootDropping425,5_petiole,1,1,0,1.0,0.7311,1
BudRootDropping426,5_petiole,1,1,0,1.0,0.7311,1
BudRootDropping427,5_petiole,1,1,0,1.0,0.7311,1
BudRootDropping428,5_petiole,1,1,0,1.0,0.7311,1
BudRootDropping429,5_petiole,1,1,0,1.0,0.7311,1
BudRootDropping430,5_petiole,1,1,0,1.0,0.7311,1
BudRootDropping431,5_petiole,1,1,0,1.0,0.7311,1
BudRootDropping432,5_petiole,1,1,0,1.0,0.7311,1
BudRootDropping433,5_petiole,1,1,0,1.0,0.7311,1
BudRootDropping434,5_petiole,1,1,0,1.0,0.7311,1
BudRootDropping435,5_petiole,1,1,0,1.0,0.7311,1
BudRootDropping436,5_petiole,1,1,0,1.0,0.7311,1
BudRootDropping437,5_petiole,1,1,0,1.0,0.7311,1
BudRootDropping438,5_petiole,1,1,0,1.0,0.7311,1
BudRootDropping439,5_petiole,1,1,0,1.0,0.7311,1
BudRootDropping440,5_petiole,1,1,0,1.0,0.7311,1
BudRootDropping441,5_petiole,1,1,0,1.0,0.7311,1
BudRootDropping442,5_petiole,1,1,0,1.0,0.7311,1
BudRootDropping443,5_petiole,1,1,0,1.0,0.7311,1
BudRootDropping444,5_petiole,1,1,0,1.0,0.7311,1
BudRootDropping445,5_petiole,1,1,0,1.0,0.7311,1
BudRootDropping446,5_petiole,1,1,0,1.0,0.7311,1
BudRootDropping447,5_petiole,1,1,0,1.0,0.7311,1
BudRootDropping448,5_petiole,1,1,0,1.0,0.7311,1
BudRootDropping449,5_petiole,1,1,0,1.0,0.7311,1
BudRootDropping450,5_petiole,1,1,0,1.0,0.7311,1
BudRootDropping451,5_petiole,1,1,0,1.0,0.7311,1
BudRootDropping452,5_petiole,1,1,0,1.0,0.7311,1
BudRootDropping453,5_petiole,1,1,0,1.0,0.7311,1
BudRootDropping454,5_petiole,1,1,0,1.0,0.7311,1
BudRootDropping455,5_petiole,1,1,0,1.0,0.7311,1
BudRootDropping456,5_petiole,1,1,0,1.0,0.7311,1
BudRootDropping457,5_petiole,1,1,0,1.0,0.7311,1
BudRootDropping458,5_petiole,1,1,0,1.0,0.7311,1
BudRootDropping459,5_petiole,1,1,0,1.0,0.7311,1
BudRootDropping460,5_petiole,1,1,0,1.0,0.7311,1
BudRootDropping461,5_petiole,1,1,0,1.0,0.7311,1
BudRootDropping462,5_petiole,1,1,0,1.0,0.7311,1
BudRootDropping463,5_petiole,1,1,0,1.0,0.7311,1
BudRootDropping464,5_petiole,1,1,0,1.0,0.7311,1
BudRootDropping465,5_petiole,1,1,0,1.0,0.7311,1
BudRootDropping466,5_petiole,1,1,0,1.0,0.7311,1
BudRootDropping467,5_petiole,1,1,0,1.0,0.7311,1
BudRootDropping468,5_petiole,1,1,0,1.0,0.7311,1
BudRootDropping469,5_petiole,1,1,0,1.0,0.7311,1
BudRootDropping470,5_petiole,1,1,0,1.0,0.7311,1
BudRootDropping471,5_petiole,1,1,0,1.0,0.7311,1
BudRootDropping472,5_petiole,1,1,0,1.0,0.7311,1
BudRootDropping473,5_petiole,1,1,0,1.0,0.7311,1
BudRootDropping474,5_petiole,1,1,0,1.0,0.7311,1
BudRootDropping475,5_petiole,1,1,0,1.0,0.7311,1
BudRootDropping476,5_petiole,1,1,0,1.0,0.7311,1
BudRootDropping477,5_petiole,1,1,0,1.0,0.7311,1
BudRootDropping478,5_petiole,1,1,0,1.0,0.7311,1
BudRootDropping479,5_petiole,1,1,0,1.0,0.7311,1
BudRootDropping480,5_petiole,1,1,0,1.0,0.7311,1
BudRootDropping481,5_petiole,1,1,0,1.0,0.7311,1
BudRootDropping482,5_petiole,1,1,0,1.0,0.7311,1
BudRootDropping483,5_petiole,1,1,0,1.0,0.7311,1
BudRootDropping484,5_petiole,1,1,0,1.0,0.7311,1
BudRootDropping485,5_petiole,1,1,0,1.0,0.7311,1
BudRootDropping486,5_petiole,1,1,0,1.0,0.7311,1
BudRootDropping487,5_petiole,1,1,0,1.0,0.7311,1
BudRootDropping488,5_petiole,1,1,0,1.0,0.7311,1
BudRootDropping489,5_petiole,1,1,0,1.0,0.7311,1
BudRootDropping490,5_petiole,1,1,0,1.0,0.7311,1
BudRootDropping491,5_petiole,1,1,0,1.0,0.7311,1
BudRootDropping492,5_petiole,1,1,0,1.0,0.7311,1
BudRootDropping493,5_petiole,1,1,0,1.0,0.7311,1
BudRootDropping494,5_petiole,1,1,0,1.0,0.7311,1
BudRootDropping495,5_petiole,1,1,0,1.0,0.7311,1
BudRootDropping496,5_petiole,1,1,0,1.0,0.7311,1
BudRootDropping497,5_petiole,1,1,0,1.0,0.7311,1
BudRootDropping498,5_petiole,1,1,0,1.0,0.7311,1
BudRootDropping499,5_petiole,1,1,0,1.0,0.7311,1
BudRootDropping500,5_petiole,1,1,0,1.0,0.7311,1
BudRootDropping501,5_petiole,1,1,0,1.0,0.7311,1
BudRootDropping502,5_petiole,1,1,0,1.0,0.7311,1
BudRootDropping503,5_petiole,1,1,0,1.0,0.7311,1
BudRootDropping504,5_petiole,1,1,0,1.0,0.7311,1
BudRootDropping505,5_petiole,1,1,0,1.0,0.7311,1
BudRootDropping506,5_petiole,1,1,0,1.0,0.7311,1
BudRootDropping507,5_petiole,1,1,0,1.0,0.7311,1
BudRootDropping508,5_petiole,1,1,0,1.0,0.7311,1
BudRootDropping509,5_petiole,1,1,0,1.0,0.7311,1
BudRootDropping510,5_petiole,1,1,0,1.0,0.7311,1
BudRootDropping511,5_petiole,1,1,0,1.0,0.7311,1
BudRootDropping512,5_petiole,1,1,0,1.0,0.7311,1
BudRootDropping513,5_petiole,1,1,0,1.0,0.7311,1
BudRootDropping514,5_petiole,1,1,0,1.0,0.7311,1
BudRot001,4_crown_disease,1,1,0,1.0,0.7311,1
BudRot002,4_crown_disease,1,1,0,1.0,0.7311,1
BudRot003,4_crown_disease,1,1,0,1.0,0.7311,1
BudRot004,4_crown_disease,1,1,0,1.0,0.7311,1
BudRot005,4_crown_disease,1,1,0,1.0,0.7311,1
BudRot006,4_crown_disease,1,1,0,1.0,0.7311,1
BudRot007,4_crown_disease,1,1,0,1.0,0.7311,1
BudRot008,4_crown_disease,1,1,0,1.0,0.7311,1
BudRot009,4_crown_disease,1,1,0,1.0,0.7311,1
BudRot010,4_crown_disease,1,1,0,1.0,0.7311,1
BudRot011,4_crown_disease,1,1,0,1.0,0.7311,1
BudRot012,4_crown_disease,1,1,0,1.0,0.7311,1
BudRot013,4_crown_disease,1,1,0,1.0,0.7311,1
BudRot014,4_crown_disease,1,1,0,1.0,0.7311,1
BudRot015,4_crown_disease,1,1,0,1.0,0.7311,1
BudRot016,4_crown_disease,1,1,0,1.0,0.7311,1
BudRot017,4_crown_disease,1,1,0,1.0,0.7311,1
BudRot018,4_crown_disease,1,1,0,1.0,0.7311,1
BudRot019,4_crown_disease,1,1,0,1.0,0.7311,1
BudRot020,4_crown_disease,1,1,0,1.0,0.7311,1
BudRot021,4_crown_disease,1,1,0,1.0,0.7311,1
BudRot022,4_crown_disease,1,1,0,1.0,0.7311,1
BudRot023,4_crown_disease,1,1,0,1.0,0.7311,1
BudRot024,4_crown_disease,1,1,0,1.0,0.7311,1
BudRot025,4_crown_disease,1,1,0,1.0,0.7311,1
BudRot026,4_crown_disease,1,1,0,1.0,0.7311,1
BudRot027,4_crown_disease,1,1,0,1.0,0.7311,1
BudRot028,4_crown_disease,1,1,0,1.0,0.7311,1
BudRot029,4_crown_disease,1,1,0,1.0,0.7311,1
BudRot030,4_crown_disease,1,1,0,1.0,0.7311,1
BudRot031,4_crown_disease,1,1,0,1.0,0.7311,1
BudRot032,4_crown_disease,1,1,0,1.0,0.7311,1
BudRot033,4_crown_disease,1,1,0,1.0,0.7311,1
BudRot034,4_crown_disease,1,1,0,1.0,0.7311,1
BudRot035,4_crown_disease,1,1,0,1.0,0.7311,1
BudRot036,4_crown_disease,1,1,0,1.0,0.7311,1
BudRot037,4_crown_disease,1,1,0,1.0,0.7311,1
BudRot038,4_crown_disease,1,1,0,1.0,0.7311,1
BudRot039,4_crown_disease,1,1,0,1.0,0.7311,1
BudRot040,4_crown_disease,1,1,0,1.0,0.7311,1
BudRot041,4_crown_disease,1,1,0,1.0,0.7311,1
BudRot042,4_crown_disease,1,1,0,1.0,0.7311,1
BudRot043,4_crown_disease,1,1,0,1.0,0.7311,1
BudRot044,4_crown_disease,1,1,0,1.0,0.7311,1
BudRot045,4_crown_disease,1,1,0,1.0,0.7311,1
BudRot046,4_crown_disease,1,1,0,1.0,0.7311,1
BudRot047,4_crown_disease,1,1,0,1.0,0.7311,1
BudRot048,4_crown_disease,1,1,0,1.0,0.7311,1
BudRot049,4_crown_disease,1,1,0,1.0,0.7311,1
BudRot050,4_crown_disease,1,1,0,1.0,0.7311,1
BudRot051,4_crown_disease,1,1,0,1.0,0.7311,1
BudRot052,4_crown_disease,1,1,0,1.0,0.7311,1
BudRot053,4_crown_disease,1,1,0,1.0,0.7311,1
BudRot054,4_crown_disease,1,1,0,1.0,0.7311,1
BudRot055,4_crown_disease,1,1,0,1.0,0.7311,1
BudRot056,4_crown_disease,1,1,0,1.0,0.7311,1
BudRot057,4_crown_disease,1,1,0,1.0,0.7311,1
BudRot058,4_crown_disease,1,1,0,1.0,0.7311,1
BudRot059,4_crown_disease,1,1,0,1.0,0.7311,1
BudRot060,4_crown_disease,1,1,0,1.0,0.7311,1
BudRot061,4_crown_disease,1,1,0,1.0,0.7311,1
BudRot062,4_crown_disease,1,1,0,1.0,0.7311,1
BudRot063,4_crown_disease,1,1,0,1.0,0.7311,1
BudRot064,4_crown_disease,1,1,0,1.0,0.7311,1
BudRot065,4_crown_disease,1,1,0,1.0,0.7311,1
BudRot066,4_crown_disease,1,1,0,1.0,0.7311,1
BudRot067,4_crown_disease,1,1,0,1.0,0.7311,1
BudRot068,4_crown_disease,1,1,0,1.0,0.7311,1
BudRot069,4_crown_disease,1,1,0,1.0,0.7311,1
BudRot070,4_crown_disease,1,1,0,1.0,0.7311,1
BudRot071,4_crown_disease,1,1,0,1.0,0.7311,1
BudRot072,4_crown_disease,1,1,0,1.0,0.7311,1
BudRot073,4_crown_disease,1,1,0,1.0,0.7311,1
BudRot074,4_crown_disease,1,1,0,1.0,0.7311,1
BudRot075,4_crown_disease,1,1,0,1.0,0.7311,1
BudRot076,4_crown_disease,1,1,0,1.0,0.7311,1
BudRot077,4_crown_disease,1,1,0,1.0,0.7311,1
BudRot078,4_crown_disease,1,1,0,1.0,0.7311,1
BudRot079,4_crown_disease,1,1,0,1.0,0.7311,1
BudRot080,4_crown_disease,1,1,0,1.0,0.7311,1
BudRot081,4_crown_disease,1,1,0,1.0,0.7311,1
BudRot082,4_crown_disease,1,1,0,1.0,0.7311,1
BudRot083,4_crown_disease,1,1,0,1.0,0.7311,1
BudRot084,4_crown_disease,1,1,0,1.0,0.7311,1
BudRot085,4_crown_disease,1,1,0,1.0,0.7311,1
BudRot086,4_crown_disease,1,1,0,1.0,0.7311,1
BudRot087,4_crown_disease,1,1,0,1.0,0.7311,1
BudRot088,4_crown_disease,1,1,0,1.0,0.7311,1
BudRot089,4_crown_disease,1,1,0,1.0,0.7311,1
BudRot090,4_crown_disease,1,1,0,1.0,0.7311,1
BudRot091,4_crown_disease,1,1,0,1.0,0.7311,1
BudRot092,4_crown_disease,1,1,0,1.0,0.7311,1
BudRot093,4_crown_disease,1,1,0,1.0,0.7311,1
BudRot094,4_crown_disease,1,1,0,1.0,0.7311,1
BudRot095,4_crown_disease,1,1,0,1.0,0.7311,1
BudRot096,4_crown_disease,1,1,0,1.0,0.7311,1
BudRot097,4_crown_disease,1,1,0,1.0,0.7311,1
BudRot098,4_crown_disease,1,1,0,1.0,0.7311,1
BudRot099,4_crown_disease,1,1,0,1.0,0.7311,1
BudRot100,4_crown_disease,1,1,0,1.0,0.7311,1
BudRot101,4_crown_disease,1,1,0,1.0,0.7311,1
BudRot102,4_crown_disease,1,1,0,1.0,0.7311,1
BudRot103,4_crown_disease,1,1,0,1.0,0.7311,1
BudRot104,4_crown_disease,1,1,0,1.0,0.7311,1
BudRot105,4_crown_disease,1,1,0,1.0,0.7311,1
BudRot106,4_crown_disease,1,1,0,1.0,0.7311,1
BudRot107,4_crown_disease,1,1,0,1.0,0.7311,1
BudRot108,4_crown_disease,1,1,0,1.0,0.7311,1
BudRot109,4_crown_disease,1,1,0,1.0,0.7311,1
BudRot110,4_crown_disease,1,1,0,1.0,0.7311,1
BudRot111,4_crown_disease,1,1,0,1.0,0.7311,1
BudRot112,4_crown_disease,1,1,0,1.0,0.7311,1
BudRot113,4_crown_disease,1,1,0,1.0,0.7311,1
BudRot114,4_crown_disease,1,1,0,1.0,0.7311,1
BudRot115,4_crown_disease,1,1,0,1.0,0.7311,1
BudRot116,4_crown_disease,1,1,0,1.0,0.7311,1
BudRot117,4_crown_disease,1,1,0,1.0,0.7311,1
BudRot118,4_crown_disease,1,1,0,1.0,0.7311,1
BudRot119,4_crown_disease,1,1,0,1.0,0.7311,1
BudRot120,4_crown_disease,1,1,0,1.0,0.7311,1
BudRot121,4_crown_disease,1,1,0,1.0,0.7311,1
BudRot122,4_crown_disease,1,1,0,1.0,0.7311,1
BudRot123,4_crown_disease,1,1,0,1.0,0.7311,1
BudRot124,4_crown_disease,1,1,0,1.0,0.7311,1
BudRot125,4_crown_disease,1,1,0,1.0,0.7311,1
BudRot126,4_crown_disease,1,1,0,1.0,0.7311,1
BudRot127,4_crown_disease,1,1,0,1.0,0.7311,1
BudRot128,4_crown_disease,1,1,0,1.0,0.7311,1
BudRot129,4_crown_disease,1,1,0,1.0,0.7311,1
BudRot130,4_crown_disease,1,1,0,1.0,0.7311,1
BudRot131,4_crown_disease,1,1,0,1.0,0.7311,1
BudRot132,4_crown_disease,1,1,0,1.0,0.7311,1
BudRot133,4_crown_disease,1,1,0,1.0,0.7311,1
BudRot134,4_crown_disease,1,1,0,1.0,0.7311,1
BudRot135,4_crown_disease,1,1,0,1.0,0.7311,1
BudRot136,4_crown_disease,1,1,0,1.0,0.7311,1
BudRot137,4_crown_disease,1,1,0,1.0,0.7311,1
BudRot138,4_crown_disease,1,1,0,1.0,0.7311,1
BudRot139,4_crown_disease,1,1,0,1.0,0.7311,1
BudRot140,4_crown_disease,1,1,0,1.0,0.7311,1
BudRot141,4_crown_disease,1,1,0,1.0,0.7311,1
BudRot142,4_crown_disease,1,1,0,1.0,0.7311,1
BudRot143,4_crown_disease,1,1,0,1.0,0.7311,1
BudRot144,4_crown_disease,1,1,0,1.0,0.7311,1
BudRot145,4_crown_disease,1,1,0,1.0,0.7311,1
BudRot146,4_crown_disease,1,1,0,1.0,0.7311,1
BudRot147,4_crown_disease,1,1,0,1.0,0.7311,1
BudRot148,4_crown_disease,1,1,0,1.0,0.7311,1
BudRot149,4_crown_disease,1,1,0,1.0,0.7311,1
BudRot150,4_crown_disease,1,1,0,1.0,0.7311,1
BudRot151,4_crown_disease,1,1,0,1.0,0.7311,1
BudRot152,4_crown_disease,1,1,0,1.0,0.7311,1
BudRot153,4_crown_disease,1,1,0,1.0,0.7311,1
BudRot154,4_crown_disease,1,1,0,1.0,0.7311,1
BudRot155,4_crown_disease,1,1,0,1.0,0.7311,1
BudRot156,4_crown_disease,1,1,0,1.0,0.7311,1
BudRot157,4_crown_disease,1,1,0,1.0,0.7311,1
BudRot158,4_crown_disease,1,1,0,1.0,0.7311,1
BudRot159,4_crown_disease,1,1,0,1.0,0.7311,1
BudRot160,4_crown_disease,1,1,0,1.0,0.7311,1
BudRot161,4_crown_disease,1,1,0,1.0,0.7311,1
BudRot162,4_crown_disease,1,1,0,1.0,0.7311,1
BudRot163,4_crown_disease,1,1,0,1.0,0.7311,1
BudRot164,4_crown_disease,1,1,0,1.0,0.7311,1
BudRot165,4_crown_disease,1,1,0,1.0,0.7311,1
BudRot166,4_crown_disease,1,1,0,1.0,0.7311,1
BudRot167,4_crown_disease,1,1,0,1.0,0.7311,1
BudRot168,4_crown_disease,1,1,0,1.0,0.7311,1
BudRot169,4_crown_disease,1,1,0,1.0,0.7311,1
BudRot170,4_crown_disease,1,1,0,1.0,0.7311,1
BudRot171,4_crown_disease,1,1,0,1.0,0.7311,1
BudRot172,4_crown_disease,1,1,0,1.0,0.7311,1
BudRot173,4_crown_disease,1,1,0,1.0,0.7311,1
BudRot174,4_crown_disease,1,1,0,1.0,0.7311,1
BudRot175,4_crown_disease,1,1,0,1.0,0.7311,1
BudRot176,4_crown_disease,1,1,0,1.0,0.7311,1
BudRot177,4_crown_disease,1,1,0,1.0,0.7311,1
BudRot178,4_crown_disease,1,1,0,1.0,0.7311,1
BudRot179,4_crown_disease,1,1,0,1.0,0.7311,1
BudRot180,4_crown_disease,1,1,0,1.0,0.7311,1
BudRot181,4_crown_disease,1,1,0,1.0,0.7311,1
BudRot182,4_crown_disease,1,1,0,1.0,0.7311,1
BudRot183,4_crown_disease,1,1,0,1.0,0.7311,1
BudRot184,4_crown_disease,1,1,0,1.0,0.7311,1
BudRot185,4_crown_disease,1,1,0,1.0,0.7311,1
BudRot186,4_crown_disease,1,1,0,1.0,0.7311,1
BudRot187,4_crown_disease,1,1,0,1.0,0.7311,1
BudRot188,4_crown_disease,1,1,0,1.0,0.7311,1
BudRot189,4_crown_disease,1,1,0,1.0,0.7311,1
BudRot190,4_crown_disease,1,1,0,1.0,0.7311,1
BudRot191,4_crown_disease,1,1,0,1.0,0.7311,1
BudRot192,4_crown_disease,1,1,0,1.0,0.7311,1
BudRot193,4_crown_disease,1,1,0,1.0,0.7311,1
BudRot194,4_crown_disease,1,1,0,1.0,0.7311,1
BudRot195,4_crown_disease,1,1,0,1.0,0.7311,1
BudRot196,4_crown_disease,1,1,0,1.0,0.7311,1
BudRot197,4_crown_disease,1,1,0,1.0,0.7311,1
BudRot198,4_crown_disease,1,1,0,1.0,0.7311,1
BudRot199,4_crown_disease,1,1,0,1.0,0.7311,1
BudRot200,4_crown_disease,1,1,0,1.0,0.7311,1
BudRot201,4_crown_disease,1,1,0,1.0,0.7311,1
BudRot202,4_crown_disease,1,1,0,1.0,0.7311,1
BudRot203,4_crown_disease,1,1,0,1.0,0.7311,1
BudRot204,4_crown_disease,1,1,0,1.0,0.7311,1
BudRot205,4_crown_disease,1,1,0,1.0,0.7311,1
BudRot206,4_crown_disease,1,1,0,1.0,0.7311,1
BudRot207,4_crown_disease,1,1,0,1.0,0.7311,1
BudRot208,4_crown_disease,1,1,0,1.0,0.7311,1
BudRot209,4_crown_disease,1,1,0,1.0,0.7311,1
BudRot210,4_crown_disease,1,1,0,1.0,0.7311,1
BudRot211,4_crown_disease,1,1,0,1.0,0.7311,1
BudRot212,4_crown_disease,1,1,0,1.0,0.7311,1
BudRot213,4_crown_disease,1,1,0,1.0,0.7311,1
BudRot214,4_crown_disease,1,1,0,1.0,0.7311,1
BudRot215,4_crown_disease,1,1,0,1.0,0.7311,1
BudRot216,4_crown_disease,1,1,0,1.0,0.7311,1
BudRot217,4_crown_disease,1,1,0,1.0,0.7311,1
BudRot218,4_crown_disease,1,1,0,1.0,0.7311,1
BudRot219,4_crown_disease,1,1,0,1.0,0.7311,1
BudRot220,4_crown_disease,1,1,0,1.0,0.7311,1
BudRot221,4_crown_disease,1,1,0,1.0,0.7311,1
BudRot222,4_crown_disease,1,1,0,1.0,0.7311,1
BudRot223,4_crown_disease,1,1,0,1.0,0.7311,1
BudRot224,4_crown_disease,1,1,0,1.0,0.7311,1
BudRot225,4_crown_disease,1,1,0,1.0,0.7311,1
BudRot226,4_crown_disease,1,1,0,1.0,0.7311,1
BudRot227,4_crown_disease,1,1,0,1.0,0.7311,1
BudRot228,4_crown_disease,1,1,0,1.0,0.7311,1
BudRot229,4_crown_disease,1,1,0,1.0,0.7311,1
BudRot230,4_crown_disease,1,1,0,1.0,0.7311,1
BudRot231,4_crown_disease,1,1,0,1.0,0.7311,1
BudRot232,4_crown_disease,1,1,0,1.0,0.7311,1
BudRot233,4_crown_disease,1,1,0,1.0,0.7311,1
BudRot234,4_crown_disease,1,1,0,1.0,0.7311,1
BudRot235,4_crown_disease,1,1,0,1.0,0.7311,1
BudRot236,4_crown_disease,1,1,0,1.0,0.7311,1
BudRot237,4_crown_disease,1,1,0,1.0,0.7311,1
BudRot238,4_crown_disease,1,1,0,1.0,0.7311,1
BudRot239,4_crown_disease,1,1,0,1.0,0.7311,1
BudRot240,4_crown_disease,1,1,0,1.0,0.7311,1
BudRot241,4_crown_disease,1,1,0,1.0,0.7311,1
BudRot242,4_crown_disease,1,1,0,1.0,0.7311,1
BudRot243,4_crown_disease,1,1,0,1.0,0.7311,1
BudRot244,4_crown_disease,1,1,0,1.0,0.7311,1
BudRot245,4_crown_disease,1,1,0,1.0,0.7311,1
BudRot246,4_crown_disease,1,1,0,1.0,0.7311,1
BudRot247,4_crown_disease,1,1,0,1.0,0.7311,1
BudRot248,4_crown_disease,1,1,0,1.0,0.7311,1
BudRot249,4_crown_disease,1,1,0,1.0,0.7311,1
BudRot250,4_crown_disease,1,1,0,1.0,0.7311,1
BudRot251,4_crown_disease,1,1,0,1.0,0.7311,1
BudRot252,4_crown_disease,1,1,0,1.0,0.7311,1
BudRot253,4_crown_disease,1,1,0,1.0,0.7311,1
BudRot254,4_crown_disease,1,1,0,1.0,0.7311,1
BudRot255,4_crown_disease,1,1,0,1.0,0.7311,1
BudRot256,4_crown_disease,1,1,0,1.0,0.7311,1
BudRot257,4_crown_disease,1,1,0,1.0,0.7311,1
BudRot258,4_crown_disease,1,1,0,1.0,0.7311,1
BudRot259,4_crown_disease,1,1,0,1.0,0.7311,1
BudRot260,4_crown_disease,1,1,0,1.0,0.7311,1
BudRot261,4_crown_disease,1,1,0,1.0,0.7311,1
BudRot262,4_crown_disease,1,1,0,1.0,0.7311,1
BudRot263,4_crown_disease,1,1,0,1.0,0.7311,1
BudRot264,4_crown_disease,1,1,0,1.0,0.7311,1
BudRot265,4_crown_disease,1,1,0,1.0,0.7311,1
BudRot266,4_crown_disease,1,1,0,1.0,0.7311,1
BudRot267,4_crown_disease,1,1,0,1.0,0.7311,1
BudRot268,4_crown_disease,1,1,0,1.0,0.7311,1
BudRot269,4_crown_disease,1,1,0,1.0,0.7311,1
BudRot270,4_crown_disease,1,1,0,1.0,0.7311,1
BudRot271,4_crown_disease,1,1,0,1.0,0.7311,1
BudRot272,4_crown_disease,1,1,0,1.0,0.7311,1
BudRot273,4_crown_disease,1,1,0,1.0,0.7311,1
BudRot274,4_crown_disease,1,1,0,1.0,0.7311,1
BudRot275,4_crown_disease,1,1,0,1.0,0.7311,1
BudRot276,4_crown_disease,1,1,0,1.0,0.7311,1
BudRot277,4_crown_disease,1,1,0,1.0,0.7311,1
BudRot278,4_crown_disease,1,1,0,1.0,0.7311,1
BudRot279,4_crown_disease,1,1,0,1.0,0.7311,1
BudRot280,4_crown_disease,1,1,0,1.0,0.7311,1
BudRot281,4_crown_disease,1,1,0,1.0,0.7311,1
BudRot282,4_crown_disease,1,1,0,1.0,0.7311,1
BudRot283,4_crown_disease,1,1,0,1.0,0.7311,1
BudRot284,4_crown_disease,1,1,0,1.0,0.7311,1
BudRot285,4_crown_disease,1,1,0,1.0,0.7311,1
BudRot286,4_crown_disease,1,1,0,1.0,0.7311,1
BudRot287,4_crown_disease,1,1,0,1.0,0.7311,1
BudRot288,4_crown_disease,1,1,0,1.0,0.7311,1
BudRot289,4_crown_disease,1,1,0,1.0,0.7311,1
BudRot290,4_crown_disease,1,1,0,1.0,0.7311,1
BudRot291,4_crown_disease,1,1,0,1.0,0.7311,1
BudRot292,4_crown_disease,1,1,0,1.0,0.7311,1
BudRot293,4_crown_disease,1,1,0,1.0,0.7311,1
BudRot294,4_crown_disease,1,1,0,1.0,0.7311,1
BudRot295,4_crown_disease,1,1,0,1.0,0.7311,1
BudRot296,4_crown_disease,1,1,0,1.0,0.7311,1
BudRot297,4_crown_disease,1,1,0,1.0,0.7311,1
BudRot298,4_crown_disease,1,1,0,1.0,0.7311,1
BudRot299,4_crown_disease,1,1,0,1.0,0.7311,1
BudRot300,4_crown_disease,1,1,0,1.0,0.7311,1
BudRot301,4_crown_disease,1,1,0,1.0,0.7311,1
BudRot302,4_crown_disease,1,1,0,1.0,0.7311,1
BudRot303,4_crown_disease,1,1,0,1.0,0.7311,1
BudRot304,4_crown_disease,1,1,0,1.0,0.7311,1
BudRot305,4_crown_disease,1,1,0,1.0,0.7311,1
BudRot306,4_crown_disease,1,1,0,1.0,0.7311,1
BudRot307,4_crown_disease,1,1,0,1.0,0.7311,1
BudRot308,4_crown_disease,1,1,0,1.0,0.7311,1
BudRot309,4_crown_disease,1,1,0,1.0,0.7311,1
BudRot310,4_crown_disease,1,1,0,1.0,0.7311,1
BudRot311,4_crown_disease,1,1,0,1.0,0.7311,1
BudRot312,4_crown_disease,1,1,0,1.0,0.7311,1
BudRot313,4_crown_disease,1,1,0,1.0,0.7311,1
BudRot314,4_crown_disease,1,1,0,1.0,0.7311,1
BudRot315,4_crown_disease,1,1,0,1.0,0.7311,1
BudRot316,4_crown_disease,1,1,0,1.0,0.7311,1
BudRot317,4_crown_disease,1,1,0,1.0,0.7311,1
BudRot318,4_crown_disease,1,1,0,1.0,0.7311,1
BudRot319,4_crown_disease,1,1,0,1.0,0.7311,1
BudRot320,4_crown_disease,1,1,0,1.0,0.7311,1
BudRot321,4_crown_disease,1,1,0,1.0,0.7311,1
BudRot322,4_crown_disease,1,1,0,1.0,0.7311,1
BudRot323,4_crown_disease,1,1,0,1.0,0.7311,1
BudRot324,4_crown_disease,1,1,0,1.0,0.7311,1
BudRot325,4_crown_disease,1,1,0,1.0,0.7311,1
BudRot326,4_crown_disease,1,1,0,1.0,0.7311,1
BudRot327,4_crown_disease,1,1,0,1.0,0.7311,1
BudRot328,4_crown_disease,1,1,0,1.0,0.7311,1
BudRot329,4_crown_disease,1,1,0,1.0,0.7311,1
BudRot330,4_crown_disease,1,1,0,1.0,0.7311,1
BudRot331,4_crown_disease,1,1,0,1.0,0.7311,1
BudRot332,4_crown_disease,1,1,0,1.0,0.7311,1
BudRot333,4_crown_disease,1,1,0,1.0,0.7311,1
BudRot334,4_crown_disease,1,1,0,1.0,0.7311,1
BudRot335,4_crown_disease,1,1,0,1.0,0.7311,1
BudRot336,4_crown_disease,1,1,0,1.0,0.7311,1
BudRot337,4_crown_disease,1,1,0,1.0,0.7311,1
BudRot338,4_crown_disease,1,1,0,1.0,0.7311,1
BudRot339,4_crown_disease,1,1,0,1.0,0.7311,1
BudRot340,4_crown_disease,1,1,0,1.0,0.7311,1
BudRot341,4_crown_disease,1,1,0,1.0,0.7311,1
BudRot342,4_crown_disease,1,1,0,1.0,0.7311,1
BudRot343,4_crown_disease,1,1,0,1.0,0.7311,1
BudRot344,4_crown_disease,1,1,0,1.0,0.7311,1
BudRot345,4_crown_disease,1,1,0,1.0,0.7311,1
BudRot346,4_crown_disease,1,1,0,1.0,0.7311,1
BudRot347,4_crown_disease,1,1,0,1.0,0.7311,1
BudRot348,4_crown_disease,1,1,0,1.0,0.7311,1
BudRot349,4_crown_disease,1,1,0,1.0,0.7311,1
BudRot350,4_crown_disease,1,1,0,1.0,0.7311,1
BudRot351,4_crown_disease,1,1,0,1.0,0.7311,1
BudRot352,4_crown_disease,1,1,0,1.0,0.7311,1
BudRot353,4_crown_disease,1,1,0,1.0,0.7311,1
BudRot354,4_crown_disease,1,1,0,1.0,0.7311,1
BudRot355,4_crown_disease,1,1,0,1.0,0.7311,1
BudRot356,4_crown_disease,1,1,0,1.0,0.7311,1
BudRot357,4_crown_disease,1,1,0,1.0,0.7311,1
BudRot358,4_crown_disease,1,1,0,1.0,0.7311,1
BudRot359,4_crown_disease,1,1,0,1.0,0.7311,1
BudRot360,4_crown_disease,1,1,0,1.0,0.7311,1
BudRot361,4_crown_disease,1,1,0,1.0,0.7311,1
BudRot362,4_crown_disease,1,1,0,1.0,0.7311,1
BudRot363,4_crown_disease,1,1,0,1.0,0.7311,1
BudRot364,4_crown_disease,1,1,0,1.0,0.7311,1
BudRot365,4_crown_disease,1,1,0,1.0,0.7311,1
BudRot366,4_crown_disease,1,1,0,1.0,0.7311,1
BudRot367,4_crown_disease,1,1,0,1.0,0.7311,1
BudRot368,4_crown_disease,1,1,0,1.0,0.7311,1
BudRot369,4_crown_disease,1,1,0,1.0,0.7311,1
BudRot370,4_crown_disease,1,1,0,1.0,0.7311,1
BudRot371,4_crown_disease,1,1,0,1.0,0.7311,1
BudRot372,4_crown_disease,1,1,0,1.0,0.7311,1
BudRot373,4_crown_disease,1,1,0,1.0,0.7311,1
BudRot374,4_crown_disease,1,1,0,1.0,0.7311,1
BudRot375,4_crown_disease,1,1,0,1.0,0.7311,1
BudRot376,4_crown_disease,1,1,0,1.0,0.7311,1
BudRot377,4_crown_disease,1,1,0,1.0,0.7311,1
BudRot378,4_crown_disease,1,1,0,1.0,0.7311,1
BudRot379,4_crown_disease,1,1,0,1.0,0.7311,1
BudRot380,4_crown_disease,1,1,0,1.0,0.7311,1
BudRot381,4_crown_disease,1,1,0,1.0,0.7311,1
BudRot382,4_crown_disease,1,1,0,1.0,0.7311,1
BudRot383,4_crown_disease,1,1,0,1.0,0.7311,1
BudRot384,4_crown_disease,1,1,0,1.0,0.7311,1
BudRot385,4_crown_disease,1,1,0,1.0,0.7311,1
BudRot386,4_crown_disease,1,1,0,1.0,0.7311,1
BudRot387,4_crown_disease,1,1,0,1.0,0.7311,1
BudRot388,4_crown_disease,1,1,0,1.0,0.7311,1
BudRot389,4_crown_disease,1,1,0,1.0,0.7311,1
BudRot390,4_crown_disease,1,1,0,1.0,0.7311,1
BudRot391,4_crown_disease,1,1,0,1.0,0.7311,1
BudRot392,4_crown_disease,1,1,0,1.0,0.7311,1
BudRot393,4_crown_disease,1,1,0,1.0,0.7311,1
BudRot394,4_crown_disease,1,1,0,1.0,0.7311,1
BudRot395,4_crown_disease,1,1,0,1.0,0.7311,1
BudRot396,4_crown_disease,1,1,0,1.0,0.7311,1
BudRot397,4_crown_disease,1,1,0,1.0,0.7311,1
BudRot398,4_crown_disease,1,1,0,1.0,0.7311,1
BudRot399,4_crown_disease,1,1,0,1.0,0.7311,1
BudRot400,4_crown_disease,1,1,0,1.0,0.7311,1
BudRot401,4_crown_disease,1,1,0,1.0,0.7311,1
BudRot402,4_crown_disease,1,1,0,1.0,0.7311,1
BudRot403,4_crown_disease,1,1,0,1.0,0.7311,1
BudRot404,4_crown_disease,1,1,0,1.0,0.7311,1
BudRot405,4_crown_disease,1,1,0,1.0,0.7311,1
BudRot406,4_crown_disease,1,1,0,1.0,0.7311,1
BudRot407,4_crown_disease,1,1,0,1.0,0.7311,1
BudRot408,4_crown_disease,1,1,0,1.0,0.7311,1
BudRot409,4_crown_disease,1,1,0,1.0,0.7311,1
BudRot410,4_crown_disease,1,1,0,1.0,0.7311,1
BudRot411,4_crown_disease,1,1,0,1.0,0.7311,1
BudRot412,4_crown_disease,1,1,0,1.0,0.7311,1
BudRot413,4_crown_disease,1,1,0,1.0,0.7311,1
BudRot414,4_crown_disease,1,1,0,1.0,0.7311,1
BudRot415,4_crown_disease,1,1,0,1.0,0.7311,1
BudRot416,4_crown_disease,1,1,0,1.0,0.7311,1
BudRot417,4_crown_disease,1,1,0,1.0,0.7311,1
BudRot418,4_crown_disease,1,1,0,1.0,0.7311,1
BudRot419,4_crown_disease,1,1,0,1.0,0.7311,1
BudRot420,4_crown_disease,1,1,0,1.0,0.7311,1
BudRot421,4_crown_disease,1,1,0,1.0,0.7311,1
BudRot422,4_crown_disease,1,1,0,1.0,0.7311,1
BudRot423,4_crown_disease,1,1,0,1.0,0.7311,1
BudRot424,4_crown_disease,1,1,0,1.0,0.7311,1
BudRot425,4_crown_disease,1,1,0,1.0,0.7311,1
BudRot426,4_crown_disease,1,1,0,1.0,0.7311,1
BudRot427,4_crown_disease,1,1,0,1.0,0.7311,1
BudRot428,4_crown_disease,1,1,0,1.0,0.7311,1
BudRot429,4_crown_disease,1,1,0,1.0,0.7311,1
BudRot430,4_crown_disease,1,1,0,1.0,0.7311,1
BudRot431,4_crown_disease,1,1,0,1.0,0.7311,1
BudRot432,4_crown_disease,1,1,0,1.0,0.7311,1
BudRot433,4_crown_disease,1,1,0,1.0,0.7311,1
BudRot434,4_crown_disease,1,1,0,1.0,0.7311,1
BudRot435,4_crown_disease,1,1,0,1.0,0.7311,1
BudRot436,4_crown_disease,1,1,0,1.0,0.7311,1
BudRot437,4_crown_disease,1,1,0,1.0,0.7311,1
BudRot438,4_crown_disease,1,1,0,1.0,0.7311,1
BudRot439,4_crown_disease,1,1,0,1.0,0.7311,1
BudRot440,4_crown_disease,1,1,0,1.0,0.7311,1
BudRot441,4_crown_disease,1,1,0,1.0,0.7311,1
BudRot442,4_crown_disease,1,1,0,1.0,0.7311,1
BudRot443,4_crown_disease,1,1,0,1.0,0.7311,1
BudRot444,4_crown_disease,1,1,0,1.0,0.7311,1
BudRot445,4_crown_disease,1,1,0,1.0,0.7311,1
BudRot446,4_crown_disease,1,1,0,1.0,0.7311,1
BudRot447,4_crown_disease,1,1,0,1.0,0.7311,1
BudRot448,4_crown_disease,1,1,0,1.0,0.7311,1
BudRot449,4_crown_disease,1,1,0,1.0,0.7311,1
BudRot450,4_crown_disease,1,1,0,1.0,0.7311,1
BudRot451,4_crown_disease,1,1,0,1.0,0.7311,1
BudRot452,4_crown_disease,1,1,0,1.0,0.7311,1
BudRot453,4_crown_disease,1,1,0,1.0,0.7311,1
BudRot454,4_crown_disease,1,1,0,1.0,0.7311,1
BudRot455,4_crown_disease,1,1,0,1.0,0.7311,1
BudRot456,4_crown_disease,1,1,0,1.0,0.7311,1
BudRot457,4_crown_disease,1,1,0,1.0,0.7311,1
BudRot458,4_crown_disease,1,1,0,1.0,0.7311,1
BudRot459,4_crown_disease,1,1,0,1.0,0.7311,1
BudRot460,4_crown_disease,1,1,0,1.0,0.7311,1
BudRot461,4_crown_disease,1,1,0,1.0,0.7311,1
BudRot462,4_crown_disease,1,1,0,1.0,0.7311,1
BudRot463,4_crown_disease,1,1,0,1.0,0.7311,1
BudRot464,4_crown_disease,1,1,0,1.0,0.7311,1
BudRot465,4_crown_disease,1,1,0,1.0,0.7311,1
BudRot466,4_crown_disease,1,1,0,1.0,0.7311,1
BudRot467,4_crown_disease,1,1,0,1.0,0.7311,1
BudRot468,4_crown_disease,1,1,0,1.0,0.7311,1
BudRot469,4_crown_disease,1,1,0,1.0,0.7311,1
BudRot470,4_crown_disease,1,1,0,1.0,0.7311,1
GrayLeafSpot001,2_foliar_disease,1,1,0,1.0,0.7311,1
GrayLeafSpot002,2_foliar_disease,1,1,0,1.0,0.7311,1
GrayLeafSpot003,2_foliar_disease,1,1,0,1.0,0.7311,1
GrayLeafSpot004,2_foliar_disease,1,1,0,1.0,0.7311,1
GrayLeafSpot005,2_foliar_disease,1,1,0,1.0,0.7311,1
GrayLeafSpot006,2_foliar_disease,1,1,0,1.0,0.7311,1
GrayLeafSpot007,2_foliar_disease,1,1,0,1.0,0.7311,1
GrayLeafSpot008,2_foliar_disease,1,1,0,1.0,0.7311,1
GrayLeafSpot009,2_foliar_disease,1,1,0,1.0,0.7311,1
GrayLeafSpot010,2_foliar_disease,1,1,0,1.0,0.7311,1
GrayLeafSpot011,2_foliar_disease,1,1,0,1.0,0.7311,1
GrayLeafSpot012,2_foliar_disease,1,1,0,1.0,0.7311,1
GrayLeafSpot013,2_foliar_disease,1,1,0,1.0,0.7311,1
GrayLeafSpot014,2_foliar_disease,1,1,0,1.0,0.7311,1
GrayLeafSpot015,2_foliar_disease,1,1,0,1.0,0.7311,1
GrayLeafSpot016,2_foliar_disease,1,1,0,1.0,0.7311,1
GrayLeafSpot017,2_foliar_disease,1,1,0,1.0,0.7311,1
GrayLeafSpot018,2_foliar_disease,1,1,0,1.0,0.7311,1
GrayLeafSpot019,2_foliar_disease,1,1,0,1.0,0.7311,1
GrayLeafSpot020,2_foliar_disease,1,1,0,1.0,0.7311,1
GrayLeafSpot021,2_foliar_disease,1,1,0,1.0,0.7311,1
GrayLeafSpot022,2_foliar_disease,1,1,0,1.0,0.7311,1
GrayLeafSpot023,2_foliar_disease,1,1,0,1.0,0.7311,1
GrayLeafSpot024,2_foliar_disease,1,1,0,1.0,0.7311,1
GrayLeafSpot025,2_foliar_disease,1,1,0,1.0,0.7311,1
GrayLeafSpot026,2_foliar_disease,1,1,0,1.0,0.7311,1
GrayLeafSpot027,2_foliar_disease,1,1,0,1.0,0.7311,1
GrayLeafSpot028,2_foliar_disease,1,1,0,1.0,0.7311,1
GrayLeafSpot029,2_foliar_disease,1,1,0,1.0,0.7311,1
GrayLeafSpot030,2_foliar_disease,1,1,0,1.0,0.7311,1
GrayLeafSpot031,2_foliar_disease,1,1,0,1.0,0.7311,1
GrayLeafSpot032,2_foliar_disease,1,1,0,1.0,0.7311,1
GrayLeafSpot033,2_foliar_disease,1,1,0,1.0,0.7311,1
GrayLeafSpot034,2_foliar_disease,1,1,0,1.0,0.7311,1
GrayLeafSpot035,2_foliar_disease,1,1,0,1.0,0.7311,1
GrayLeafSpot036,2_foliar_disease,1,1,0,1.0,0.7311,1
GrayLeafSpot037,2_foliar_disease,1,1,0,1.0,0.7311,1
GrayLeafSpot038,2_foliar_disease,1,1,0,1.0,0.7311,1
GrayLeafSpot039,2_foliar_disease,1,1,0,1.0,0.7311,1
GrayLeafSpot040,2_foliar_disease,1,1,0,1.0,0.7311,1
GrayLeafSpot041,2_foliar_disease,1,1,0,1.0,0.7311,1
GrayLeafSpot042,2_foliar_disease,1,1,0,1.0,0.7311,1
GrayLeafSpot043,2_foliar_disease,1,1,0,1.0,0.7311,1
GrayLeafSpot044,2_foliar_disease,1,1,0,1.0,0.7311,1
GrayLeafSpot045,2_foliar_disease,1,1,0,1.0,0.7311,1
GrayLeafSpot046,2_foliar_disease,1,1,0,1.0,0.7311,1
GrayLeafSpot047,2_foliar_disease,1,1,0,1.0,0.7311,1
GrayLeafSpot048,2_foliar_disease,1,1,0,1.0,0.7311,1
GrayLeafSpot049,2_foliar_disease,1,1,0,1.0,0.7311,1
GrayLeafSpot050,2_foliar_disease,1,1,0,1.0,0.7311,1
GrayLeafSpot051,2_foliar_disease,1,1,0,1.0,0.7311,1
GrayLeafSpot052,2_foliar_disease,1,1,0,1.0,0.7311,1
GrayLeafSpot053,2_foliar_disease,1,1,0,1.0,0.7311,1
GrayLeafSpot054,2_foliar_disease,1,1,0,1.0,0.7311,1
GrayLeafSpot055,2_foliar_disease,1,1,0,1.0,0.7311,1
GrayLeafSpot056,2_foliar_disease,1,1,0,1.0,0.7311,1
GrayLeafSpot057,2_foliar_disease,1,1,0,1.0,0.7311,1
GrayLeafSpot058,2_foliar_disease,1,1,0,1.0,0.7311,1
GrayLeafSpot059,2_foliar_disease,1,1,0,1.0,0.7311,1
GrayLeafSpot060,2_foliar_disease,1,1,0,1.0,0.7311,1
GrayLeafSpot061,2_foliar_disease,1,1,0,1.0,0.7311,1
GrayLeafSpot062,2_foliar_disease,1,1,0,1.0,0.7311,1
GrayLeafSpot063,2_foliar_disease,1,1,0,1.0,0.7311,1
GrayLeafSpot064,2_foliar_disease,1,1,0,1.0,0.7311,1
GrayLeafSpot065,2_foliar_disease,1,1,0,1.0,0.7311,1
GrayLeafSpot066,2_foliar_disease,1,1,0,1.0,0.7311,1
GrayLeafSpot067,2_foliar_disease,1,1,0,1.0,0.7311,1
GrayLeafSpot068,2_foliar_disease,1,1,0,1.0,0.7311,1
GrayLeafSpot069,2_foliar_disease,1,1,0,1.0,0.7311,1
GrayLeafSpot070,2_foliar_disease,1,1,0,1.0,0.7311,1
GrayLeafSpot071,2_foliar_disease,1,1,0,1.0,0.7311,1
GrayLeafSpot072,2_foliar_disease,1,1,0,1.0,0.7311,1
GrayLeafSpot073,2_foliar_disease,1,1,0,1.0,0.7311,1
GrayLeafSpot074,2_foliar_disease,1,1,0,1.0,0.7311,1
GrayLeafSpot075,2_foliar_disease,1,1,0,1.0,0.7311,1
GrayLeafSpot076,2_foliar_disease,1,1,0,1.0,0.7311,1
GrayLeafSpot077,2_foliar_disease,1,1,0,1.0,0.7311,1
GrayLeafSpot078,2_foliar_disease,1,1,0,1.0,0.7311,1
GrayLeafSpot079,2_foliar_disease,1,1,0,1.0,0.7311,1
GrayLeafSpot080,2_foliar_disease,1,1,0,1.0,0.7311,1
GrayLeafSpot081,2_foliar_disease,1,1,0,1.0,0.7311,1
GrayLeafSpot082,2_foliar_disease,1,1,0,1.0,0.7311,1
GrayLeafSpot083,2_foliar_disease,1,1,0,1.0,0.7311,1
GrayLeafSpot084,2_foliar_disease,1,1,0,1.0,0.7311,1
GrayLeafSpot085,2_foliar_disease,1,1,0,1.0,0.7311,1
GrayLeafSpot086,2_foliar_disease,1,1,0,1.0,0.7311,1
GrayLeafSpot087,2_foliar_disease,1,1,0,1.0,0.7311,1
GrayLeafSpot088,2_foliar_disease,1,1,0,1.0,0.7311,1
GrayLeafSpot089,2_foliar_disease,1,1,0,1.0,0.7311,1
GrayLeafSpot090,2_foliar_disease,1,1,0,1.0,0.7311,1
GrayLeafSpot091,2_foliar_disease,1,1,0,1.0,0.7311,1
GrayLeafSpot092,2_foliar_disease,1,1,0,1.0,0.7311,1
GrayLeafSpot093,2_foliar_disease,1,1,0,1.0,0.7311,1
GrayLeafSpot094,2_foliar_disease,1,1,0,1.0,0.7311,1
GrayLeafSpot095,2_foliar_disease,1,1,0,1.0,0.7311,1
GrayLeafSpot096,2_foliar_disease,1,1,0,1.0,0.7311,1
GrayLeafSpot097,2_foliar_disease,1,1,0,1.0,0.7311,1
GrayLeafSpot098,2_foliar_disease,1,1,0,1.0,0.7311,1
GrayLeafSpot099,2_foliar_disease,1,1,0,1.0,0.7311,1
GrayLeafSpot100,2_foliar_disease,1,1,0,1.0,0.7311,1
GrayLeafSpot1000,2_foliar_disease,1,1,0,1.0,0.7311,1
GrayLeafSpot1001,2_foliar_disease,1,1,0,1.0,0.7311,1
GrayLeafSpot1002,2_foliar_disease,1,1,0,1.0,0.7311,1
GrayLeafSpot1003,2_foliar_disease,1,1,0,1.0,0.7311,1
GrayLeafSpot1004,2_foliar_disease,1,1,0,1.0,0.7311,1
GrayLeafSpot1005,2_foliar_disease,1,1,0,1.0,0.7311,1
GrayLeafSpot1006,2_foliar_disease,1,1,0,1.0,0.7311,1
GrayLeafSpot1007,2_foliar_disease,1,1,0,1.0,0.7311,1
GrayLeafSpot1008,2_foliar_disease,1,1,0,1.0,0.7311,1
GrayLeafSpot1009,2_foliar_disease,1,1,0,1.0,0.7311,1
GrayLeafSpot101,2_foliar_disease,1,1,0,1.0,0.7311,1
GrayLeafSpot1010,2_foliar_disease,1,1,0,1.0,0.7311,1
GrayLeafSpot1011,2_foliar_disease,1,1,0,1.0,0.7311,1
GrayLeafSpot1012,2_foliar_disease,1,1,0,1.0,0.7311,1
GrayLeafSpot1013,2_foliar_disease,1,1,0,1.0,0.7311,1
GrayLeafSpot1014,2_foliar_disease,1,1,0,1.0,0.7311,1
GrayLeafSpot1015,2_foliar_disease,1,1,0,1.0,0.7311,1
GrayLeafSpot1016,2_foliar_disease,1,1,0,1.0,0.7311,1
GrayLeafSpot1017,2_foliar_disease,1,1,0,1.0,0.7311,1
GrayLeafSpot1018,2_foliar_disease,1,1,0,1.0,0.7311,1
GrayLeafSpot1019,2_foliar_disease,1,1,0,1.0,0.7311,1
GrayLeafSpot102,2_foliar_disease,1,1,0,1.0,0.7311,1
GrayLeafSpot1020,2_foliar_disease,1,1,0,1.0,0.7311,1
GrayLeafSpot1021,2_foliar_disease,1,1,0,1.0,0.7311,1
GrayLeafSpot1022,2_foliar_disease,1,1,0,1.0,0.7311,1
GrayLeafSpot1023,2_foliar_disease,1,1,0,1.0,0.7311,1
GrayLeafSpot1024,2_foliar_disease,1,1,0,1.0,0.7311,1
GrayLeafSpot1025,2_foliar_disease,1,1,0,1.0,0.7311,1
GrayLeafSpot1026,2_foliar_disease,1,1,0,1.0,0.7311,1
GrayLeafSpot1027,2_foliar_disease,1,1,0,1.0,0.7311,1
GrayLeafSpot1028,2_foliar_disease,1,1,0,1.0,0.7311,1
GrayLeafSpot1029,2_foliar_disease,1,1,0,1.0,0.7311,1
GrayLeafSpot103,2_foliar_disease,1,1,0,1.0,0.7311,1
GrayLeafSpot1030,2_foliar_disease,1,1,0,1.0,0.7311,1
GrayLeafSpot1031,2_foliar_disease,1,1,0,1.0,0.7311,1
GrayLeafSpot1032,2_foliar_disease,1,1,0,1.0,0.7311,1
GrayLeafSpot1033,2_foliar_disease,1,1,0,1.0,0.7311,1
GrayLeafSpot1034,2_foliar_disease,1,1,0,1.0,0.7311,1
GrayLeafSpot1035,2_foliar_disease,1,1,0,1.0,0.7311,1
GrayLeafSpot1036,2_foliar_disease,1,1,0,1.0,0.7311,1
GrayLeafSpot1037,2_foliar_disease,1,1,0,1.0,0.7311,1
GrayLeafSpot1038,2_foliar_disease,1,1,0,1.0,0.7311,1
GrayLeafSpot1039,2_foliar_disease,1,1,0,1.0,0.7311,1
GrayLeafSpot104,2_foliar_disease,1,1,0,1.0,0.7311,1
GrayLeafSpot1040,2_foliar_disease,1,1,0,1.0,0.7311,1
GrayLeafSpot1041,2_foliar_disease,1,1,0,1.0,0.7311,1
GrayLeafSpot1042,2_foliar_disease,1,1,0,1.0,0.7311,1
GrayLeafSpot1043,2_foliar_disease,1,1,0,1.0,0.7311,1
GrayLeafSpot1044,2_foliar_disease,1,1,0,1.0,0.7311,1
GrayLeafSpot1045,2_foliar_disease,1,1,0,1.0,0.7311,1
GrayLeafSpot1046,2_foliar_disease,1,1,0,1.0,0.7311,1
GrayLeafSpot1047,2_foliar_disease,1,1,0,1.0,0.7311,1
GrayLeafSpot1048,2_foliar_disease,1,1,0,1.0,0.7311,1
GrayLeafSpot1049,2_foliar_disease,1,1,0,1.0,0.7311,1
GrayLeafSpot105,2_foliar_disease,1,1,0,1.0,0.7311,1
GrayLeafSpot1050,2_foliar_disease,1,1,0,1.0,0.7311,1
GrayLeafSpot1051,2_foliar_disease,1,1,0,1.0,0.7311,1
GrayLeafSpot1052,2_foliar_disease,1,1,0,1.0,0.7311,1
GrayLeafSpot1053,2_foliar_disease,1,1,0,1.0,0.7311,1
GrayLeafSpot1054,2_foliar_disease,1,1,0,1.0,0.7311,1
GrayLeafSpot1055,2_foliar_disease,1,1,0,1.0,0.7311,1
GrayLeafSpot1056,2_foliar_disease,1,1,0,1.0,0.7311,1
GrayLeafSpot1057,2_foliar_disease,1,1,0,1.0,0.7311,1
GrayLeafSpot1058,2_foliar_disease,1,1,0,1.0,0.7311,1
GrayLeafSpot1059,2_foliar_disease,1,1,0,1.0,0.7311,1
GrayLeafSpot106,2_foliar_disease,1,1,0,1.0,0.7311,1
GrayLeafSpot1060,2_foliar_disease,1,1,0,1.0,0.7311,1
GrayLeafSpot1061,2_foliar_disease,1,1,0,1.0,0.7311,1
GrayLeafSpot1062,2_foliar_disease,1,1,0,1.0,0.7311,1
GrayLeafSpot1063,2_foliar_disease,1,1,0,1.0,0.7311,1
GrayLeafSpot1064,2_foliar_disease,1,1,0,1.0,0.7311,1
GrayLeafSpot1065,2_foliar_disease,1,1,0,1.0,0.7311,1
GrayLeafSpot1066,2_foliar_disease,1,1,0,1.0,0.7311,1
GrayLeafSpot1067,2_foliar_disease,1,1,0,1.0,0.7311,1
GrayLeafSpot1068,2_foliar_disease,1,1,0,1.0,0.7311,1
GrayLeafSpot1069,2_foliar_disease,1,1,0,1.0,0.7311,1
GrayLeafSpot107,2_foliar_disease,1,1,0,1.0,0.7311,1
GrayLeafSpot1070,2_foliar_disease,1,1,0,1.0,0.7311,1
GrayLeafSpot1071,2_foliar_disease,1,1,0,1.0,0.7311,1
GrayLeafSpot1072,2_foliar_disease,1,1,0,1.0,0.7311,1
GrayLeafSpot1073,2_foliar_disease,1,1,0,1.0,0.7311,1
GrayLeafSpot1074,2_foliar_disease,1,1,0,1.0,0.7311,1
GrayLeafSpot1075,2_foliar_disease,1,1,0,1.0,0.7311,1
GrayLeafSpot1076,2_foliar_disease,1,1,0,1.0,0.7311,1
GrayLeafSpot1077,2_foliar_disease,1,1,0,1.0,0.7311,1
GrayLeafSpot1078,2_foliar_disease,1,1,0,1.0,0.7311,1
GrayLeafSpot1079,2_foliar_disease,1,1,0,1.0,0.7311,1
GrayLeafSpot108,2_foliar_disease,1,1,0,1.0,0.7311,1
GrayLeafSpot1080,2_foliar_disease,1,1,0,1.0,0.7311,1
GrayLeafSpot1081,2_foliar_disease,1,1,0,1.0,0.7311,1
GrayLeafSpot1082,2_foliar_disease,1,1,0,1.0,0.7311,1
GrayLeafSpot1083,2_foliar_disease,1,1,0,1.0,0.7311,1
GrayLeafSpot1084,2_foliar_disease,1,1,0,1.0,0.7311,1
GrayLeafSpot1085,2_foliar_disease,1,1,0,1.0,0.7311,1
GrayLeafSpot1086,2_foliar_disease,1,1,0,1.0,0.7311,1
GrayLeafSpot1087,2_foliar_disease,1,1,0,1.0,0.7311,1
GrayLeafSpot1088,2_foliar_disease,1,1,0,1.0,0.7311,1
GrayLeafSpot1089,2_foliar_disease,1,1,0,1.0,0.7311,1
GrayLeafSpot109,2_foliar_disease,1,1,0,1.0,0.7311,1
GrayLeafSpot1090,2_foliar_disease,1,1,0,1.0,0.7311,1
GrayLeafSpot1091,2_foliar_disease,1,1,0,1.0,0.7311,1
GrayLeafSpot1092,2_foliar_disease,1,1,0,1.0,0.7311,1
GrayLeafSpot1093,2_foliar_disease,1,1,0,1.0,0.7311,1
GrayLeafSpot1094,2_foliar_disease,1,1,0,1.0,0.7311,1
GrayLeafSpot1095,2_foliar_disease,1,1,0,1.0,0.7311,1
GrayLeafSpot1096,2_foliar_disease,1,1,0,1.0,0.7311,1
GrayLeafSpot1097,2_foliar_disease,1,1,0,1.0,0.7311,1
GrayLeafSpot1098,2_foliar_disease,1,1,0,1.0,0.7311,1
GrayLeafSpot1099,2_foliar_disease,1,1,0,1.0,0.7311,1
GrayLeafSpot110,2_foliar_disease,1,1,0,1.0,0.7311,1
GrayLeafSpot1100,2_foliar_disease,1,1,0,1.0,0.7311,1
GrayLeafSpot1101,2_foliar_disease,1,1,0,1.0,0.7311,1
GrayLeafSpot1102,2_foliar_disease,1,1,0,1.0,0.7311,1
GrayLeafSpot1103,2_foliar_disease,1,1,0,1.0,0.7311,1
GrayLeafSpot1104,2_foliar_disease,1,1,0,1.0,0.7311,1
GrayLeafSpot1105,2_foliar_disease,1,1,0,1.0,0.7311,1
GrayLeafSpot1106,2_foliar_disease,1,1,0,1.0,0.7311,1
GrayLeafSpot1107,2_foliar_disease,1,1,0,1.0,0.7311,1
GrayLeafSpot1108,2_foliar_disease,1,1,0,1.0,0.7311,1
GrayLeafSpot1109,2_foliar_disease,1,1,0,1.0,0.7311,1
GrayLeafSpot111,2_foliar_disease,1,1,0,1.0,0.7311,1
GrayLeafSpot1110,2_foliar_disease,1,1,0,1.0,0.7311,1
GrayLeafSpot1111,2_foliar_disease,1,1,0,1.0,0.7311,1
GrayLeafSpot1112,2_foliar_disease,1,1,0,1.0,0.7311,1
GrayLeafSpot1113,2_foliar_disease,1,1,0,1.0,0.7311,1
GrayLeafSpot1114,2_foliar_disease,1,1,0,1.0,0.7311,1
GrayLeafSpot1115,2_foliar_disease,1,1,0,1.0,0.7311,1
GrayLeafSpot1116,2_foliar_disease,1,1,0,1.0,0.7311,1
GrayLeafSpot1117,2_foliar_disease,1,1,0,1.0,0.7311,1
GrayLeafSpot1118,2_foliar_disease,1,1,0,1.0,0.7311,1
GrayLeafSpot1119,2_foliar_disease,1,1,0,1.0,0.7311,1
GrayLeafSpot112,2_foliar_disease,1,1,0,1.0,0.7311,1
GrayLeafSpot1120,2_foliar_disease,1,1,0,1.0,0.7311,1
GrayLeafSpot1121,2_foliar_disease,1,1,0,1.0,0.7311,1
GrayLeafSpot1122,2_foliar_disease,1,1,0,1.0,0.7311,1
GrayLeafSpot1123,2_foliar_disease,1,1,0,1.0,0.7311,1
GrayLeafSpot1124,2_foliar_disease,1,1,0,1.0,0.7311,1
GrayLeafSpot1125,2_foliar_disease,1,1,0,1.0,0.7311,1
GrayLeafSpot1126,2_foliar_disease,1,1,0,1.0,0.7311,1
GrayLeafSpot1127,2_foliar_disease,1,1,0,1.0,0.7311,1
GrayLeafSpot1128,2_foliar_disease,1,1,0,1.0,0.7311,1
GrayLeafSpot1129,2_foliar_disease,1,1,0,1.0,0.7311,1
GrayLeafSpot113,2_foliar_disease,1,1,0,1.0,0.7311,1
GrayLeafSpot1130,2_foliar_disease,1,1,0,1.0,0.7311,1
GrayLeafSpot1131,2_foliar_disease,1,1,0,1.0,0.7311,1
GrayLeafSpot1132,2_foliar_disease,1,1,0,1.0,0.7311,1
GrayLeafSpot1133,2_foliar_disease,1,1,0,1.0,0.7311,1
GrayLeafSpot1134,2_foliar_disease,1,1,0,1.0,0.7311,1
GrayLeafSpot1135,2_foliar_disease,1,1,0,1.0,0.7311,1
GrayLeafSpot1136,2_foliar_disease,1,1,0,1.0,0.7311,1
GrayLeafSpot1137,2_foliar_disease,1,1,0,1.0,0.7311,1
GrayLeafSpot1138,2_foliar_disease,1,1,0,1.0,0.7311,1
GrayLeafSpot1139,2_foliar_disease,1,1,0,1.0,0.7311,1
GrayLeafSpot114,2_foliar_disease,1,1,0,1.0,0.7311,1
GrayLeafSpot1140,2_foliar_disease,1,1,0,1.0,0.7311,1
GrayLeafSpot1141,2_foliar_disease,1,1,0,1.0,0.7311,1
GrayLeafSpot1142,2_foliar_disease,1,1,0,1.0,0.7311,1
GrayLeafSpot1143,2_foliar_disease,1,1,0,1.0,0.7311,1
GrayLeafSpot1144,2_foliar_disease,1,1,0,1.0,0.7311,1
GrayLeafSpot1145,2_foliar_disease,1,1,0,1.0,0.7311,1
GrayLeafSpot1146,2_foliar_disease,1,1,0,1.0,0.7311,1
GrayLeafSpot1147,2_foliar_disease,1,1,0,1.0,0.7311,1
GrayLeafSpot1148,2_foliar_disease,1,1,0,1.0,0.7311,1
GrayLeafSpot1149,2_foliar_disease,1,1,0,1.0,0.7311,1
GrayLeafSpot115,2_foliar_disease,1,1,0,1.0,0.7311,1
GrayLeafSpot1150,2_foliar_disease,1,1,0,1.0,0.7311,1
GrayLeafSpot1151,2_foliar_disease,1,1,0,1.0,0.7311,1
GrayLeafSpot1152,2_foliar_disease,1,1,0,1.0,0.7311,1
GrayLeafSpot1153,2_foliar_disease,1,1,0,1.0,0.7311,1
GrayLeafSpot1154,2_foliar_disease,1,1,0,1.0,0.7311,1
GrayLeafSpot1155,2_foliar_disease,1,1,0,1.0,0.7311,1
GrayLeafSpot1156,2_foliar_disease,1,1,0,1.0,0.7311,1
GrayLeafSpot1157,2_foliar_disease,1,1,0,1.0,0.7311,1
GrayLeafSpot1158,2_foliar_disease,1,1,0,1.0,0.7311,1
GrayLeafSpot1159,2_foliar_disease,1,1,0,1.0,0.7311,1
GrayLeafSpot116,2_foliar_disease,1,1,0,1.0,0.7311,1
GrayLeafSpot1160,2_foliar_disease,1,1,0,1.0,0.7311,1
GrayLeafSpot1161,2_foliar_disease,1,1,0,1.0,0.7311,1
GrayLeafSpot1162,2_foliar_disease,1,1,0,1.0,0.7311,1
GrayLeafSpot1163,2_foliar_disease,1,1,0,1.0,0.7311,1
GrayLeafSpot1164,2_foliar_disease,1,1,0,1.0,0.7311,1
GrayLeafSpot1165,2_foliar_disease,1,1,0,1.0,0.7311,1
GrayLeafSpot1166,2_foliar_disease,1,1,0,1.0,0.7311,1
GrayLeafSpot1167,2_foliar_disease,1,1,0,1.0,0.7311,1
GrayLeafSpot1168,2_foliar_disease,1,1,0,1.0,0.7311,1
GrayLeafSpot1169,2_foliar_disease,1,1,0,1.0,0.7311,1
GrayLeafSpot117,2_foliar_disease,1,1,0,1.0,0.7311,1
GrayLeafSpot1170,2_foliar_disease,1,1,0,1.0,0.7311,1
GrayLeafSpot1171,2_foliar_disease,1,1,0,1.0,0.7311,1
GrayLeafSpot1172,2_foliar_disease,1,1,0,1.0,0.7311,1
GrayLeafSpot1173,2_foliar_disease,1,1,0,1.0,0.7311,1
GrayLeafSpot1174,2_foliar_disease,1,1,0,1.0,0.7311,1
GrayLeafSpot1175,2_foliar_disease,1,1,0,1.0,0.7311,1
GrayLeafSpot1176,2_foliar_disease,1,1,0,1.0,0.7311,1
GrayLeafSpot1177,2_foliar_disease,1,1,0,1.0,0.7311,1
GrayLeafSpot1178,2_foliar_disease,1,1,0,1.0,0.7311,1
GrayLeafSpot1179,2_foliar_disease,1,1,0,1.0,0.7311,1
GrayLeafSpot118,2_foliar_disease,1,1,0,1.0,0.7311,1
GrayLeafSpot1180,2_foliar_disease,1,1,0,1.0,0.7311,1
GrayLeafSpot1181,2_foliar_disease,1,1,0,1.0,0.7311,1
GrayLeafSpot1182,2_foliar_disease,1,1,0,1.0,0.7311,1
GrayLeafSpot1183,2_foliar_disease,1,1,0,1.0,0.7311,1
GrayLeafSpot1184,2_foliar_disease,1,1,0,1.0,0.7311,1
GrayLeafSpot1185,2_foliar_disease,1,1,0,1.0,0.7311,1
GrayLeafSpot1186,2_foliar_disease,1,1,0,1.0,0.7311,1
GrayLeafSpot1187,2_foliar_disease,1,1,0,1.0,0.7311,1
GrayLeafSpot1188,2_foliar_disease,1,1,0,1.0,0.7311,1
GrayLeafSpot1189,2_foliar_disease,1,1,0,1.0,0.7311,1
GrayLeafSpot119,2_foliar_disease,1,1,0,1.0,0.7311,1
GrayLeafSpot1190,2_foliar_disease,1,1,0,1.0,0.7311,1
GrayLeafSpot1191,2_foliar_disease,1,1,0,1.0,0.7311,1
GrayLeafSpot1192,2_foliar_disease,1,1,0,1.0,0.7311,1
GrayLeafSpot1193,2_foliar_disease,1,1,0,1.0,0.7311,1
GrayLeafSpot1194,2_foliar_disease,1,1,0,1.0,0.7311,1
GrayLeafSpot1195,2_foliar_disease,1,1,0,1.0,0.7311,1
GrayLeafSpot1196,2_foliar_disease,1,1,0,1.0,0.7311,1
GrayLeafSpot1197,2_foliar_disease,1,1,0,1.0,0.7311,1
GrayLeafSpot1198,2_foliar_disease,1,1,0,1.0,0.7311,1
GrayLeafSpot1199,2_foliar_disease,1,1,0,1.0,0.7311,1
GrayLeafSpot120,2_foliar_disease,1,1,0,1.0,0.7311,1
GrayLeafSpot1200,2_foliar_disease,1,1,0,1.0,0.7311,1
GrayLeafSpot1201,2_foliar_disease,1,1,0,1.0,0.7311,1
GrayLeafSpot1202,2_foliar_disease,1,1,0,1.0,0.7311,1
GrayLeafSpot1203,2_foliar_disease,1,1,0,1.0,0.7311,1
GrayLeafSpot1204,2_foliar_disease,1,1,0,1.0,0.7311,1
GrayLeafSpot1205,2_foliar_disease,1,1,0,1.0,0.7311,1
GrayLeafSpot1206,2_foliar_disease,1,1,0,1.0,0.7311,1
GrayLeafSpot1207,2_foliar_disease,1,1,0,1.0,0.7311,1
GrayLeafSpot1208,2_foliar_disease,1,1,0,1.0,0.7311,1
GrayLeafSpot1209,2_foliar_disease,1,1,0,1.0,0.7311,1
GrayLeafSpot121,2_foliar_disease,1,1,0,1.0,0.7311,1
GrayLeafSpot1210,2_foliar_disease,1,1,0,1.0,0.7311,1
GrayLeafSpot1211,2_foliar_disease,1,1,0,1.0,0.7311,1
GrayLeafSpot1212,2_foliar_disease,1,1,0,1.0,0.7311,1
GrayLeafSpot1213,2_foliar_disease,1,1,0,1.0,0.7311,1
GrayLeafSpot1214,2_foliar_disease,1,1,0,1.0,0.7311,1
GrayLeafSpot1215,2_foliar_disease,1,1,0,1.0,0.7311,1
GrayLeafSpot1216,2_foliar_disease,1,1,0,1.0,0.7311,1
GrayLeafSpot1217,2_foliar_disease,1,1,0,1.0,0.7311,1
GrayLeafSpot1218,2_foliar_disease,1,1,0,1.0,0.7311,1
GrayLeafSpot1219,2_foliar_disease,1,1,0,1.0,0.7311,1
GrayLeafSpot122,2_foliar_disease,1,1,0,1.0,0.7311,1
GrayLeafSpot1220,2_foliar_disease,1,1,0,1.0,0.7311,1
GrayLeafSpot1221,2_foliar_disease,1,1,0,1.0,0.7311,1
GrayLeafSpot1222,2_foliar_disease,1,1,0,1.0,0.7311,1
GrayLeafSpot1223,2_foliar_disease,1,1,0,1.0,0.7311,1
GrayLeafSpot1224,2_foliar_disease,1,1,0,1.0,0.7311,1
GrayLeafSpot1225,2_foliar_disease,1,1,0,1.0,0.7311,1
GrayLeafSpot1226,2_foliar_disease,1,1,0,1.0,0.7311,1
GrayLeafSpot1227,2_foliar_disease,1,1,0,1.0,0.7311,1
GrayLeafSpot1228,2_foliar_disease,1,1,0,1.0,0.7311,1
GrayLeafSpot1229,2_foliar_disease,1,1,0,1.0,0.7311,1
GrayLeafSpot123,2_foliar_disease,1,1,0,1.0,0.7311,1
GrayLeafSpot1230,2_foliar_disease,1,1,0,1.0,0.7311,1
GrayLeafSpot1231,2_foliar_disease,1,1,0,1.0,0.7311,1
GrayLeafSpot1232,2_foliar_disease,1,1,0,1.0,0.7311,1
GrayLeafSpot1233,2_foliar_disease,1,1,0,1.0,0.7311,1
GrayLeafSpot1234,2_foliar_disease,1,1,0,1.0,0.7311,1
GrayLeafSpot1235,2_foliar_disease,1,1,0,1.0,0.7311,1
GrayLeafSpot1236,2_foliar_disease,1,1,0,1.0,0.7311,1
GrayLeafSpot1237,2_foliar_disease,1,1,0,1.0,0.7311,1
GrayLeafSpot1238,2_foliar_disease,1,1,0,1.0,0.7311,1
GrayLeafSpot1239,2_foliar_disease,1,1,0,1.0,0.7311,1
GrayLeafSpot124,2_foliar_disease,1,1,0,1.0,0.7311,1
GrayLeafSpot1240,2_foliar_disease,1,1,0,1.0,0.7311,1
GrayLeafSpot1241,2_foliar_disease,1,1,0,1.0,0.7311,1
GrayLeafSpot1242,2_foliar_disease,1,1,0,1.0,0.7311,1
GrayLeafSpot1243,2_foliar_disease,1,1,0,1.0,0.7311,1
GrayLeafSpot1244,2_foliar_disease,1,1,0,1.0,0.7311,1
GrayLeafSpot1245,2_foliar_disease,1,1,0,1.0,0.7311,1
GrayLeafSpot1246,2_foliar_disease,1,1,0,1.0,0.7311,1
GrayLeafSpot1247,2_foliar_disease,1,1,0,1.0,0.7311,1
GrayLeafSpot1248,2_foliar_disease,1,1,0,1.0,0.7311,1
GrayLeafSpot1249,2_foliar_disease,1,1,0,1.0,0.7311,1
GrayLeafSpot125,2_foliar_disease,1,1,0,1.0,0.7311,1
GrayLeafSpot1250,2_foliar_disease,1,1,0,1.0,0.7311,1
GrayLeafSpot1251,2_foliar_disease,1,1,0,1.0,0.7311,1
GrayLeafSpot1252,2_foliar_disease,1,1,0,1.0,0.7311,1
GrayLeafSpot1253,2_foliar_disease,1,1,0,1.0,0.7311,1
GrayLeafSpot1254,2_foliar_disease,1,1,0,1.0,0.7311,1
GrayLeafSpot1255,2_foliar_disease,1,1,0,1.0,0.7311,1
GrayLeafSpot1256,2_foliar_disease,1,1,0,1.0,0.7311,1
GrayLeafSpot1257,2_foliar_disease,1,1,0,1.0,0.7311,1
GrayLeafSpot1258,2_foliar_disease,1,1,0,1.0,0.7311,1
GrayLeafSpot1259,2_foliar_disease,1,1,0,1.0,0.7311,1
GrayLeafSpot126,2_foliar_disease,1,1,0,1.0,0.7311,1
GrayLeafSpot1260,2_foliar_disease,1,1,0,1.0,0.7311,1
GrayLeafSpot1261,2_foliar_disease,1,1,0,1.0,0.7311,1
GrayLeafSpot1262,2_foliar_disease,1,1,0,1.0,0.7311,1
GrayLeafSpot1263,2_foliar_disease,1,1,0,1.0,0.7311,1
GrayLeafSpot1264,2_foliar_disease,1,1,0,1.0,0.7311,1
GrayLeafSpot1265,2_foliar_disease,1,1,0,1.0,0.7311,1
GrayLeafSpot1266,2_foliar_disease,1,1,0,1.0,0.7311,1
GrayLeafSpot1267,2_foliar_disease,1,1,0,1.0,0.7311,1
GrayLeafSpot1268,2_foliar_disease,1,1,0,1.0,0.7311,1
GrayLeafSpot1269,2_foliar_disease,1,1,0,1.0,0.7311,1
GrayLeafSpot127,2_foliar_disease,1,1,0,1.0,0.7311,1
GrayLeafSpot1270,2_foliar_disease,1,1,0,1.0,0.7311,1
GrayLeafSpot1271,2_foliar_disease,1,1,0,1.0,0.7311,1
GrayLeafSpot1272,2_foliar_disease,1,1,0,1.0,0.7311,1
GrayLeafSpot1273,2_foliar_disease,1,1,0,1.0,0.7311,1
GrayLeafSpot1274,2_foliar_disease,1,1,0,1.0,0.7311,1
GrayLeafSpot1275,2_foliar_disease,1,1,0,1.0,0.7311,1
GrayLeafSpot1276,2_foliar_disease,1,1,0,1.0,0.7311,1
GrayLeafSpot1277,2_foliar_disease,1,1,0,1.0,0.7311,1
GrayLeafSpot1278,2_foliar_disease,1,1,0,1.0,0.7311,1
GrayLeafSpot1279,2_foliar_disease,1,1,0,1.0,0.7311,1
GrayLeafSpot128,2_foliar_disease,1,1,0,1.0,0.7311,1
GrayLeafSpot1280,2_foliar_disease,1,1,0,1.0,0.7311,1
GrayLeafSpot1281,2_foliar_disease,1,1,0,1.0,0.7311,1
GrayLeafSpot1282,2_foliar_disease,1,1,0,1.0,0.7311,1
GrayLeafSpot1283,2_foliar_disease,1,1,0,1.0,0.7311,1
GrayLeafSpot1284,2_foliar_disease,1,1,0,1.0,0.7311,1
GrayLeafSpot1285,2_foliar_disease,1,1,0,1.0,0.7311,1
GrayLeafSpot1286,2_foliar_disease,1,1,0,1.0,0.7311,1
GrayLeafSpot1287,2_foliar_disease,1,1,0,1.0,0.7311,1
GrayLeafSpot1288,2_foliar_disease,1,1,0,1.0,0.7311,1
GrayLeafSpot1289,2_foliar_disease,1,1,0,1.0,0.7311,1
GrayLeafSpot129,2_foliar_disease,1,1,0,1.0,0.7311,1
GrayLeafSpot1290,2_foliar_disease,1,1,0,1.0,0.7311,1
GrayLeafSpot1291,2_foliar_disease,1,1,0,1.0,0.7311,1
GrayLeafSpot1292,2_foliar_disease,1,1,0,1.0,0.7311,1
GrayLeafSpot1293,2_foliar_disease,1,1,0,1.0,0.7311,1
GrayLeafSpot1294,2_foliar_disease,1,1,0,1.0,0.7311,1
GrayLeafSpot1295,2_foliar_disease,1,1,0,1.0,0.7311,1
GrayLeafSpot1296,2_foliar_disease,1,1,0,1.0,0.7311,1
GrayLeafSpot1297,2_foliar_disease,1,1,0,1.0,0.7311,1
GrayLeafSpot1298,2_foliar_disease,1,1,0,1.0,0.7311,1
GrayLeafSpot1299,2_foliar_disease,1,1,0,1.0,0.7311,1
GrayLeafSpot130,2_foliar_disease,1,1,0,1.0,0.7311,1
GrayLeafSpot1300,2_foliar_disease,1,1,0,1.0,0.7311,1
GrayLeafSpot1301,2_foliar_disease,1,1,0,1.0,0.7311,1
GrayLeafSpot1302,2_foliar_disease,1,1,0,1.0,0.7311,1
GrayLeafSpot1303,2_foliar_disease,1,1,0,1.0,0.7311,1
GrayLeafSpot1304,2_foliar_disease,1,1,0,1.0,0.7311,1
GrayLeafSpot1305,2_foliar_disease,1,1,0,1.0,0.7311,1
GrayLeafSpot1306,2_foliar_disease,1,1,0,1.0,0.7311,1
GrayLeafSpot1307,2_foliar_disease,1,1,0,1.0,0.7311,1
GrayLeafSpot1308,2_foliar_disease,1,1,0,1.0,0.7311,1
GrayLeafSpot1309,2_foliar_disease,1,1,0,1.0,0.7311,1
GrayLeafSpot131,2_foliar_disease,1,1,0,1.0,0.7311,1
GrayLeafSpot1310,2_foliar_disease,1,1,0,1.0,0.7311,1
GrayLeafSpot1311,2_foliar_disease,1,1,0,1.0,0.7311,1
GrayLeafSpot1312,2_foliar_disease,1,1,0,1.0,0.7311,1
GrayLeafSpot1313,2_foliar_disease,1,1,0,1.0,0.7311,1
GrayLeafSpot1314,2_foliar_disease,1,1,0,1.0,0.7311,1
GrayLeafSpot1315,2_foliar_disease,1,1,0,1.0,0.7311,1
GrayLeafSpot1316,2_foliar_disease,1,1,0,1.0,0.7311,1
GrayLeafSpot1317,2_foliar_disease,1,1,0,1.0,0.7311,1
GrayLeafSpot1318,2_foliar_disease,1,1,0,1.0,0.7311,1
GrayLeafSpot1319,2_foliar_disease,1,1,0,1.0,0.7311,1
GrayLeafSpot132,2_foliar_disease,1,1,0,1.0,0.7311,1
GrayLeafSpot1320,2_foliar_disease,1,1,0,1.0,0.7311,1
GrayLeafSpot1321,2_foliar_disease,1,1,0,1.0,0.7311,1
GrayLeafSpot1322,2_foliar_disease,1,1,0,1.0,0.7311,1
GrayLeafSpot1323,2_foliar_disease,1,1,0,1.0,0.7311,1
GrayLeafSpot1324,2_foliar_disease,1,1,0,1.0,0.7311,1
GrayLeafSpot1325,2_foliar_disease,1,1,0,1.0,0.7311,1
GrayLeafSpot1326,2_foliar_disease,1,1,0,1.0,0.7311,1
GrayLeafSpot1327,2_foliar_disease,1,1,0,1.0,0.7311,1
GrayLeafSpot1328,2_foliar_disease,1,1,0,1.0,0.7311,1
GrayLeafSpot1329,2_foliar_disease,1,1,0,1.0,0.7311,1
GrayLeafSpot133,2_foliar_disease,1,1,0,1.0,0.7311,1
GrayLeafSpot1330,2_foliar_disease,1,1,0,1.0,0.7311,1
GrayLeafSpot1331,2_foliar_disease,1,1,0,1.0,0.7311,1
GrayLeafSpot1332,2_foliar_disease,1,1,0,1.0,0.7311,1
GrayLeafSpot1333,2_foliar_disease,1,1,0,1.0,0.7311,1
GrayLeafSpot1334,2_foliar_disease,1,1,0,1.0,0.7311,1
GrayLeafSpot1335,2_foliar_disease,1,1,0,1.0,0.7311,1
GrayLeafSpot1336,2_foliar_disease,1,1,0,1.0,0.7311,1
GrayLeafSpot1337,2_foliar_disease,1,1,0,1.0,0.7311,1
GrayLeafSpot1338,2_foliar_disease,1,1,0,1.0,0.7311,1
GrayLeafSpot1339,2_foliar_disease,1,1,0,1.0,0.7311,1
GrayLeafSpot134,2_foliar_disease,1,1,0,1.0,0.7311,1
GrayLeafSpot1340,2_foliar_disease,1,1,0,1.0,0.7311,1
GrayLeafSpot1341,2_foliar_disease,1,1,0,1.0,0.7311,1
GrayLeafSpot1342,2_foliar_disease,1,1,0,1.0,0.7311,1
GrayLeafSpot1343,2_foliar_disease,1,1,0,1.0,0.7311,1
GrayLeafSpot1344,2_foliar_disease,1,1,0,1.0,0.7311,1
GrayLeafSpot1345,2_foliar_disease,1,1,0,1.0,0.7311,1
GrayLeafSpot1346,2_foliar_disease,1,1,0,1.0,0.7311,1
GrayLeafSpot1347,2_foliar_disease,1,1,0,1.0,0.7311,1
GrayLeafSpot1348,2_foliar_disease,1,1,0,1.0,0.7311,1
GrayLeafSpot1349,2_foliar_disease,1,1,0,1.0,0.7311,1
GrayLeafSpot135,2_foliar_disease,1,1,0,1.0,0.7311,1
GrayLeafSpot1350,2_foliar_disease,1,1,0,1.0,0.7311,1
GrayLeafSpot1351,2_foliar_disease,1,1,0,1.0,0.7311,1
GrayLeafSpot1352,2_foliar_disease,1,1,0,1.0,0.7311,1
GrayLeafSpot1353,2_foliar_disease,1,1,0,1.0,0.7311,1
GrayLeafSpot1354,2_foliar_disease,1,1,0,1.0,0.7311,1
GrayLeafSpot1355,2_foliar_disease,1,1,0,1.0,0.7311,1
GrayLeafSpot1356,2_foliar_disease,1,1,0,1.0,0.7311,1
GrayLeafSpot1357,2_foliar_disease,1,1,0,1.0,0.7311,1
GrayLeafSpot1358,2_foliar_disease,1,1,0,1.0,0.7311,1
GrayLeafSpot1359,2_foliar_disease,1,1,0,1.0,0.7311,1
GrayLeafSpot136,2_foliar_disease,1,1,0,1.0,0.7311,1
GrayLeafSpot1360,2_foliar_disease,1,1,0,1.0,0.7311,1
GrayLeafSpot1361,2_foliar_disease,1,1,0,1.0,0.7311,1
GrayLeafSpot1362,2_foliar_disease,1,1,0,1.0,0.7311,1
GrayLeafSpot1363,2_foliar_disease,1,1,0,1.0,0.7311,1
GrayLeafSpot1364,2_foliar_disease,1,1,0,1.0,0.7311,1
GrayLeafSpot1365,2_foliar_disease,1,1,0,1.0,0.7311,1
GrayLeafSpot1366,2_foliar_disease,1,1,0,1.0,0.7311,1
GrayLeafSpot1367,2_foliar_disease,1,1,0,1.0,0.7311,1
GrayLeafSpot1368,2_foliar_disease,1,1,0,1.0,0.7311,1
GrayLeafSpot1369,2_foliar_disease,1,1,0,1.0,0.7311,1
GrayLeafSpot137,2_foliar_disease,1,1,0,1.0,0.7311,1
GrayLeafSpot1370,2_foliar_disease,1,1,0,1.0,0.7311,1
GrayLeafSpot1371,2_foliar_disease,1,1,0,1.0,0.7311,1
GrayLeafSpot1372,2_foliar_disease,1,1,0,1.0,0.7311,1
GrayLeafSpot1373,2_foliar_disease,1,1,0,1.0,0.7311,1
GrayLeafSpot1374,2_foliar_disease,1,1,0,1.0,0.7311,1
GrayLeafSpot1375,2_foliar_disease,1,1,0,1.0,0.7311,1
GrayLeafSpot1376,2_foliar_disease,1,1,0,1.0,0.7311,1
GrayLeafSpot1377,2_foliar_disease,1,1,0,1.0,0.7311,1
GrayLeafSpot1378,2_foliar_disease,1,1,0,1.0,0.7311,1
GrayLeafSpot1379,2_foliar_disease,1,1,0,1.0,0.7311,1
GrayLeafSpot138,2_foliar_disease,1,1,0,1.0,0.7311,1
GrayLeafSpot1380,2_foliar_disease,1,1,0,1.0,0.7311,1
GrayLeafSpot1381,2_foliar_disease,1,1,0,1.0,0.7311,1
GrayLeafSpot1382,2_foliar_disease,1,1,0,1.0,0.7311,1
GrayLeafSpot1383,2_foliar_disease,1,1,0,1.0,0.7311,1
GrayLeafSpot1384,2_foliar_disease,1,1,0,1.0,0.7311,1
GrayLeafSpot1385,2_foliar_disease,1,1,0,1.0,0.7311,1
GrayLeafSpot1386,2_foliar_disease,1,1,0,1.0,0.7311,1
GrayLeafSpot1387,2_foliar_disease,1,1,0,1.0,0.7311,1
GrayLeafSpot1388,2_foliar_disease,1,1,0,1.0,0.7311,1
GrayLeafSpot1389,2_foliar_disease,1,1,0,1.0,0.7311,1
GrayLeafSpot139,2_foliar_disease,1,1,0,1.0,0.7311,1
GrayLeafSpot1390,2_foliar_disease,1,1,0,1.0,0.7311,1
GrayLeafSpot1391,2_foliar_disease,1,1,0,1.0,0.7311,1
GrayLeafSpot1392,2_foliar_disease,1,1,0,1.0,0.7311,1
GrayLeafSpot1393,2_foliar_disease,1,1,0,1.0,0.7311,1
GrayLeafSpot1394,2_foliar_disease,1,1,0,1.0,0.7311,1
GrayLeafSpot1395,2_foliar_disease,1,1,0,1.0,0.7311,1
GrayLeafSpot1396,2_foliar_disease,1,1,0,1.0,0.7311,1
GrayLeafSpot1397,2_foliar_disease,1,1,0,1.0,0.7311,1
GrayLeafSpot1398,2_foliar_disease,1,1,0,1.0,0.7311,1
GrayLeafSpot1399,2_foliar_disease,1,1,0,1.0,0.7311,1
GrayLeafSpot140,2_foliar_disease,1,1,0,1.0,0.7311,1
GrayLeafSpot1400,2_foliar_disease,1,1,0,1.0,0.7311,1
GrayLeafSpot1401,2_foliar_disease,1,1,0,1.0,0.7311,1
GrayLeafSpot1402,2_foliar_disease,1,1,0,1.0,0.7311,1
GrayLeafSpot1403,2_foliar_disease,1,1,0,1.0,0.7311,1
GrayLeafSpot1404,2_foliar_disease,1,1,0,1.0,0.7311,1
GrayLeafSpot1405,2_foliar_disease,1,1,0,1.0,0.7311,1
GrayLeafSpot1406,2_foliar_disease,1,1,0,1.0,0.7311,1
GrayLeafSpot1407,2_foliar_disease,1,1,0,1.0,0.7311,1
GrayLeafSpot1408,2_foliar_disease,1,1,0,1.0,0.7311,1
GrayLeafSpot1409,2_foliar_disease,1,1,0,1.0,0.7311,1
GrayLeafSpot141,2_foliar_disease,1,1,0,1.0,0.7311,1
GrayLeafSpot1410,2_foliar_disease,1,1,0,1.0,0.7311,1
GrayLeafSpot1411,2_foliar_disease,1,1,0,1.0,0.7311,1
GrayLeafSpot1412,2_foliar_disease,1,1,0,1.0,0.7311,1
GrayLeafSpot1413,2_foliar_disease,1,1,0,1.0,0.7311,1
GrayLeafSpot1414,2_foliar_disease,1,1,0,1.0,0.7311,1
GrayLeafSpot1415,2_foliar_disease,1,1,0,1.0,0.7311,1
GrayLeafSpot1416,2_foliar_disease,1,1,0,1.0,0.7311,1
GrayLeafSpot1417,2_foliar_disease,1,1,0,1.0,0.7311,1
GrayLeafSpot1418,2_foliar_disease,1,1,0,1.0,0.7311,1
GrayLeafSpot1419,2_foliar_disease,1,1,0,1.0,0.7311,1
GrayLeafSpot142,2_foliar_disease,1,1,0,1.0,0.7311,1
GrayLeafSpot1420,2_foliar_disease,1,1,0,1.0,0.7311,1
GrayLeafSpot1421,2_foliar_disease,1,1,0,1.0,0.7311,1
GrayLeafSpot1422,2_foliar_disease,1,1,0,1.0,0.7311,1
GrayLeafSpot1423,2_foliar_disease,1,1,0,1.0,0.7311,1
GrayLeafSpot1424,2_foliar_disease,1,1,0,1.0,0.7311,1
GrayLeafSpot1425,2_foliar_disease,1,1,0,1.0,0.7311,1
GrayLeafSpot1426,2_foliar_disease,1,1,0,1.0,0.7311,1
GrayLeafSpot1427,2_foliar_disease,1,1,0,1.0,0.7311,1
GrayLeafSpot1428,2_foliar_disease,1,1,0,1.0,0.7311,1
GrayLeafSpot1429,2_foliar_disease,1,1,0,1.0,0.7311,1
GrayLeafSpot143,2_foliar_disease,1,1,0,1.0,0.7311,1
GrayLeafSpot1430,2_foliar_disease,1,1,0,1.0,0.7311,1
GrayLeafSpot1431,2_foliar_disease,1,1,0,1.0,0.7311,1
GrayLeafSpot1432,2_foliar_disease,1,1,0,1.0,0.7311,1
GrayLeafSpot1433,2_foliar_disease,1,1,0,1.0,0.7311,1
GrayLeafSpot1434,2_foliar_disease,1,1,0,1.0,0.7311,1
GrayLeafSpot1435,2_foliar_disease,1,1,0,1.0,0.7311,1
GrayLeafSpot1436,2_foliar_disease,1,1,0,1.0,0.7311,1
GrayLeafSpot1437,2_foliar_disease,1,1,0,1.0,0.7311,1
GrayLeafSpot1438,2_foliar_disease,1,1,0,1.0,0.7311,1
GrayLeafSpot1439,2_foliar_disease,1,1,0,1.0,0.7311,1
GrayLeafSpot144,2_foliar_disease,1,1,0,1.0,0.7311,1
GrayLeafSpot1440,2_foliar_disease,1,1,0,1.0,0.7311,1
GrayLeafSpot1441,2_foliar_disease,1,1,0,1.0,0.7311,1
GrayLeafSpot1442,2_foliar_disease,1,1,0,1.0,0.7311,1
GrayLeafSpot1443,2_foliar_disease,1,1,0,1.0,0.7311,1
GrayLeafSpot1444,2_foliar_disease,1,1,0,1.0,0.7311,1
GrayLeafSpot1445,2_foliar_disease,1,1,0,1.0,0.7311,1
GrayLeafSpot1446,2_foliar_disease,1,1,0,1.0,0.7311,1
GrayLeafSpot1447,2_foliar_disease,1,1,0,1.0,0.7311,1
GrayLeafSpot1448,2_foliar_disease,1,1,0,1.0,0.7311,1
GrayLeafSpot1449,2_foliar_disease,1,1,0,1.0,0.7311,1
GrayLeafSpot145,2_foliar_disease,1,1,0,1.0,0.7311,1
GrayLeafSpot1450,2_foliar_disease,1,1,0,1.0,0.7311,1
GrayLeafSpot1451,2_foliar_disease,1,1,0,1.0,0.7311,1
GrayLeafSpot1452,2_foliar_disease,1,1,0,1.0,0.7311,1
GrayLeafSpot1453,2_foliar_disease,1,1,0,1.0,0.7311,1
GrayLeafSpot1454,2_foliar_disease,1,1,0,1.0,0.7311,1
GrayLeafSpot1455,2_foliar_disease,1,1,0,1.0,0.7311,1
GrayLeafSpot1456,2_foliar_disease,1,1,0,1.0,0.7311,1
GrayLeafSpot1457,2_foliar_disease,1,1,0,1.0,0.7311,1
GrayLeafSpot1458,2_foliar_disease,1,1,0,1.0,0.7311,1
GrayLeafSpot1459,2_foliar_disease,1,1,0,1.0,0.7311,1
GrayLeafSpot146,2_foliar_disease,1,1,0,1.0,0.7311,1
GrayLeafSpot1460,2_foliar_disease,1,1,0,1.0,0.7311,1
GrayLeafSpot1461,2_foliar_disease,1,1,0,1.0,0.7311,1
GrayLeafSpot1462,2_foliar_disease,1,1,0,1.0,0.7311,1
GrayLeafSpot1463,2_foliar_disease,1,1,0,1.0,0.7311,1
GrayLeafSpot1464,2_foliar_disease,1,1,0,1.0,0.7311,1
GrayLeafSpot1465,2_foliar_disease,1,1,0,1.0,0.7311,1
GrayLeafSpot1466,2_foliar_disease,1,1,0,1.0,0.7311,1
GrayLeafSpot1467,2_foliar_disease,1,1,0,1.0,0.7311,1
GrayLeafSpot1468,2_foliar_disease,1,1,0,1.0,0.7311,1
GrayLeafSpot1469,2_foliar_disease,1,1,0,1.0,0.7311,1
GrayLeafSpot147,2_foliar_disease,1,1,0,1.0,0.7311,1
GrayLeafSpot1470,2_foliar_disease,1,1,0,1.0,0.7311,1
GrayLeafSpot1471,2_foliar_disease,1,1,0,1.0,0.7311,1
GrayLeafSpot1472,2_foliar_disease,1,1,0,1.0,0.7311,1
GrayLeafSpot1473,2_foliar_disease,1,1,0,1.0,0.7311,1
GrayLeafSpot1474,2_foliar_disease,1,1,0,1.0,0.7311,1
GrayLeafSpot1475,2_foliar_disease,1,1,0,1.0,0.7311,1
GrayLeafSpot1476,2_foliar_disease,1,1,0,1.0,0.7311,1
GrayLeafSpot1477,2_foliar_disease,1,1,0,1.0,0.7311,1
GrayLeafSpot1478,2_foliar_disease,1,1,0,1.0,0.7311,1
GrayLeafSpot1479,2_foliar_disease,1,1,0,1.0,0.7311,1
GrayLeafSpot148,2_foliar_disease,1,1,0,1.0,0.7311,1
GrayLeafSpot1480,2_foliar_disease,1,1,0,1.0,0.7311,1
GrayLeafSpot1481,2_foliar_disease,1,1,0,1.0,0.7311,1
GrayLeafSpot1482,2_foliar_disease,1,1,0,1.0,0.7311,1
GrayLeafSpot1483,2_foliar_disease,1,1,0,1.0,0.7311,1
GrayLeafSpot1484,2_foliar_disease,1,1,0,1.0,0.7311,1
GrayLeafSpot1485,2_foliar_disease,1,1,0,1.0,0.7311,1
GrayLeafSpot1486,2_foliar_disease,1,1,0,1.0,0.7311,1
GrayLeafSpot1487,2_foliar_disease,1,1,0,1.0,0.7311,1
GrayLeafSpot1488,2_foliar_disease,1,1,0,1.0,0.7311,1
GrayLeafSpot1489,2_foliar_disease,1,1,0,1.0,0.7311,1
GrayLeafSpot149,2_foliar_disease,1,1,0,1.0,0.7311,1
GrayLeafSpot1490,2_foliar_disease,1,1,0,1.0,0.7311,1
GrayLeafSpot1491,2_foliar_disease,1,1,0,1.0,0.7311,1
GrayLeafSpot1492,2_foliar_disease,1,1,0,1.0,0.7311,1
GrayLeafSpot1493,2_foliar_disease,1,1,0,1.0,0.7311,1
GrayLeafSpot1494,2_foliar_disease,1,1,0,1.0,0.7311,1
GrayLeafSpot1495,2_foliar_disease,1,1,0,1.0,0.7311,1
GrayLeafSpot1496,2_foliar_disease,1,1,0,1.0,0.7311,1
GrayLeafSpot1497,2_foliar_disease,1,1,0,1.0,0.7311,1
GrayLeafSpot1498,2_foliar_disease,1,1,0,1.0,0.7311,1
GrayLeafSpot1499,2_foliar_disease,1,1,0,1.0,0.7311,1
GrayLeafSpot150,2_foliar_disease,1,1,0,1.0,0.7311,1
GrayLeafSpot1500,2_foliar_disease,1,1,0,1.0,0.7311,1
GrayLeafSpot1501,2_foliar_disease,1,1,0,1.0,0.7311,1
GrayLeafSpot1502,2_foliar_disease,1,1,0,1.0,0.7311,1
GrayLeafSpot1503,2_foliar_disease,1,1,0,1.0,0.7311,1
GrayLeafSpot1504,2_foliar_disease,1,1,0,1.0,0.7311,1
GrayLeafSpot1505,2_foliar_disease,1,1,0,1.0,0.7311,1
GrayLeafSpot1506,2_foliar_disease,1,1,0,1.0,0.7311,1
GrayLeafSpot1507,2_foliar_disease,1,1,0,1.0,0.7311,1
GrayLeafSpot1508,2_foliar_disease,1,1,0,1.0,0.7311,1
GrayLeafSpot1509,2_foliar_disease,1,1,0,1.0,0.7311,1
GrayLeafSpot151,2_foliar_disease,1,1,0,1.0,0.7311,1
GrayLeafSpot1510,2_foliar_disease,1,1,0,1.0,0.7311,1
GrayLeafSpot1511,2_foliar_disease,1,1,0,1.0,0.7311,1
GrayLeafSpot1512,2_foliar_disease,1,1,0,1.0,0.7311,1
GrayLeafSpot1513,2_foliar_disease,1,1,0,1.0,0.7311,1
GrayLeafSpot1514,2_foliar_disease,1,1,0,1.0,0.7311,1
GrayLeafSpot1515,2_foliar_disease,1,1,0,1.0,0.7311,1
GrayLeafSpot1516,2_foliar_disease,1,1,0,1.0,0.7311,1
GrayLeafSpot1517,2_foliar_disease,1,1,0,1.0,0.7311,1
GrayLeafSpot1518,2_foliar_disease,1,1,0,1.0,0.7311,1
GrayLeafSpot1519,2_foliar_disease,1,1,0,1.0,0.7311,1
GrayLeafSpot152,2_foliar_disease,1,1,0,1.0,0.7311,1
GrayLeafSpot1520,2_foliar_disease,1,1,0,1.0,0.7311,1
GrayLeafSpot1521,2_foliar_disease,1,1,0,1.0,0.7311,1
GrayLeafSpot1522,2_foliar_disease,1,1,0,1.0,0.7311,1
GrayLeafSpot1523,2_foliar_disease,1,1,0,1.0,0.7311,1
GrayLeafSpot1524,2_foliar_disease,1,1,0,1.0,0.7311,1
GrayLeafSpot1525,2_foliar_disease,1,1,0,1.0,0.7311,1
GrayLeafSpot1526,2_foliar_disease,1,1,0,1.0,0.7311,1
GrayLeafSpot1527,2_foliar_disease,1,1,0,1.0,0.7311,1
GrayLeafSpot1528,2_foliar_disease,1,1,0,1.0,0.7311,1
GrayLeafSpot1529,2_foliar_disease,1,1,0,1.0,0.7311,1
GrayLeafSpot153,2_foliar_disease,1,1,0,1.0,0.7311,1
GrayLeafSpot1530,2_foliar_disease,1,1,0,1.0,0.7311,1
GrayLeafSpot1531,2_foliar_disease,1,1,0,1.0,0.7311,1
GrayLeafSpot1532,2_foliar_disease,1,1,0,1.0,0.7311,1
GrayLeafSpot1533,2_foliar_disease,1,1,0,1.0,0.7311,1
GrayLeafSpot1534,2_foliar_disease,1,1,0,1.0,0.7311,1
GrayLeafSpot1535,2_foliar_disease,1,1,0,1.0,0.7311,1
GrayLeafSpot1536,2_foliar_disease,1,1,0,1.0,0.7311,1
GrayLeafSpot1537,2_foliar_disease,1,1,0,1.0,0.7311,1
GrayLeafSpot1538,2_foliar_disease,1,1,0,1.0,0.7311,1
GrayLeafSpot1539,2_foliar_disease,1,1,0,1.0,0.7311,1
GrayLeafSpot154,2_foliar_disease,1,1,0,1.0,0.7311,1
GrayLeafSpot1540,2_foliar_disease,1,1,0,1.0,0.7311,1
GrayLeafSpot1541,2_foliar_disease,1,1,0,1.0,0.7311,1
GrayLeafSpot1542,2_foliar_disease,1,1,0,1.0,0.7311,1
GrayLeafSpot1543,2_foliar_disease,1,1,0,1.0,0.7311,1
GrayLeafSpot1544,2_foliar_disease,1,1,0,1.0,0.7311,1
GrayLeafSpot1545,2_foliar_disease,1,1,0,1.0,0.7311,1
GrayLeafSpot1546,2_foliar_disease,1,1,0,1.0,0.7311,1
GrayLeafSpot1547,2_foliar_disease,1,1,0,1.0,0.7311,1
GrayLeafSpot1548,2_foliar_disease,1,1,0,1.0,0.7311,1
GrayLeafSpot1549,2_foliar_disease,1,1,0,1.0,0.7311,1
GrayLeafSpot155,2_foliar_disease,1,1,0,1.0,0.7311,1
GrayLeafSpot1550,2_foliar_disease,1,1,0,1.0,0.7311,1
GrayLeafSpot1551,2_foliar_disease,1,1,0,1.0,0.7311,1
GrayLeafSpot1552,2_foliar_disease,1,1,0,1.0,0.7311,1
GrayLeafSpot1553,2_foliar_disease,1,1,0,1.0,0.7311,1
GrayLeafSpot1554,2_foliar_disease,1,1,0,1.0,0.7311,1
GrayLeafSpot1555,2_foliar_disease,1,1,0,1.0,0.7311,1
GrayLeafSpot1556,2_foliar_disease,1,1,0,1.0,0.7311,1
GrayLeafSpot1557,2_foliar_disease,1,1,0,1.0,0.7311,1
GrayLeafSpot1558,2_foliar_disease,1,1,0,1.0,0.7311,1
GrayLeafSpot1559,2_foliar_disease,1,1,0,1.0,0.7311,1
GrayLeafSpot156,2_foliar_disease,1,1,0,1.0,0.7311,1
GrayLeafSpot1560,2_foliar_disease,1,1,0,1.0,0.7311,1
GrayLeafSpot1561,2_foliar_disease,1,1,0,1.0,0.7311,1
GrayLeafSpot1562,2_foliar_disease,1,1,0,1.0,0.7311,1
GrayLeafSpot1563,2_foliar_disease,1,1,0,1.0,0.7311,1
GrayLeafSpot1564,2_foliar_disease,1,1,0,1.0,0.7311,1
GrayLeafSpot1565,2_foliar_disease,1,1,0,1.0,0.7311,1
GrayLeafSpot1566,2_foliar_disease,1,1,0,1.0,0.7311,1
GrayLeafSpot1567,2_foliar_disease,1,1,0,1.0,0.7311,1
GrayLeafSpot1568,2_foliar_disease,1,1,0,1.0,0.7311,1
GrayLeafSpot1569,2_foliar_disease,1,1,0,1.0,0.7311,1
GrayLeafSpot157,2_foliar_disease,1,1,0,1.0,0.7311,1
GrayLeafSpot1570,2_foliar_disease,1,1,0,1.0,0.7311,1
GrayLeafSpot1571,2_foliar_disease,1,1,0,1.0,0.7311,1
GrayLeafSpot1572,2_foliar_disease,1,1,0,1.0,0.7311,1
GrayLeafSpot1573,2_foliar_disease,1,1,0,1.0,0.7311,1
GrayLeafSpot1574,2_foliar_disease,1,1,0,1.0,0.7311,1
GrayLeafSpot1575,2_foliar_disease,1,1,0,1.0,0.7311,1
GrayLeafSpot1576,2_foliar_disease,1,1,0,1.0,0.7311,1
GrayLeafSpot1577,2_foliar_disease,1,1,0,1.0,0.7311,1
GrayLeafSpot1578,2_foliar_disease,1,1,0,1.0,0.7311,1
GrayLeafSpot1579,2_foliar_disease,1,1,0,1.0,0.7311,1
GrayLeafSpot158,2_foliar_disease,1,1,0,1.0,0.7311,1
GrayLeafSpot1580,2_foliar_disease,1,1,0,1.0,0.7311,1
GrayLeafSpot1581,2_foliar_disease,1,1,0,1.0,0.7311,1
GrayLeafSpot1582,2_foliar_disease,1,1,0,1.0,0.7311,1
GrayLeafSpot1583,2_foliar_disease,1,1,0,1.0,0.7311,1
GrayLeafSpot1584,2_foliar_disease,1,1,0,1.0,0.7311,1
GrayLeafSpot1585,2_foliar_disease,1,1,0,1.0,0.7311,1
GrayLeafSpot1586,2_foliar_disease,1,1,0,1.0,0.7311,1
GrayLeafSpot1587,2_foliar_disease,1,1,0,1.0,0.7311,1
GrayLeafSpot1588,2_foliar_disease,1,1,0,1.0,0.7311,1
GrayLeafSpot1589,2_foliar_disease,1,1,0,1.0,0.7311,1
GrayLeafSpot159,2_foliar_disease,1,1,0,1.0,0.7311,1
GrayLeafSpot1590,2_foliar_disease,1,1,0,1.0,0.7311,1
GrayLeafSpot1591,2_foliar_disease,1,1,0,1.0,0.7311,1
GrayLeafSpot1592,2_foliar_disease,1,1,0,1.0,0.7311,1
GrayLeafSpot1593,2_foliar_disease,1,1,0,1.0,0.7311,1
GrayLeafSpot1594,2_foliar_disease,1,1,0,1.0,0.7311,1
GrayLeafSpot1595,2_foliar_disease,1,1,0,1.0,0.7311,1
GrayLeafSpot1596,2_foliar_disease,1,1,0,1.0,0.7311,1
GrayLeafSpot1597,2_foliar_disease,1,1,0,1.0,0.7311,1
GrayLeafSpot1598,2_foliar_disease,1,1,0,1.0,0.7311,1
GrayLeafSpot1599,2_foliar_disease,1,1,0,1.0,0.7311,1
GrayLeafSpot160,2_foliar_disease,1,1,0,1.0,0.7311,1
GrayLeafSpot1600,2_foliar_disease,1,1,0,1.0,0.7311,1
GrayLeafSpot1601,2_foliar_disease,1,1,0,1.0,0.7311,1
GrayLeafSpot1602,2_foliar_disease,1,1,0,1.0,0.7311,1
GrayLeafSpot1603,2_foliar_disease,1,1,0,1.0,0.7311,1
GrayLeafSpot1604,2_foliar_disease,1,1,0,1.0,0.7311,1
GrayLeafSpot1605,2_foliar_disease,1,1,0,1.0,0.7311,1
GrayLeafSpot1606,2_foliar_disease,1,1,0,1.0,0.7311,1
GrayLeafSpot1607,2_foliar_disease,1,1,0,1.0,0.7311,1
GrayLeafSpot1608,2_foliar_disease,1,1,0,1.0,0.7311,1
GrayLeafSpot1609,2_foliar_disease,1,1,0,1.0,0.7311,1
GrayLeafSpot161,2_foliar_disease,1,1,0,1.0,0.7311,1
GrayLeafSpot1610,2_foliar_disease,1,1,0,1.0,0.7311,1
GrayLeafSpot1611,2_foliar_disease,1,1,0,1.0,0.7311,1
GrayLeafSpot1612,2_foliar_disease,1,1,0,1.0,0.7311,1
GrayLeafSpot1613,2_foliar_disease,1,1,0,1.0,0.7311,1
GrayLeafSpot1614,2_foliar_disease,1,1,0,1.0,0.7311,1
GrayLeafSpot1615,2_foliar_disease,1,1,0,1.0,0.7311,1
GrayLeafSpot1616,2_foliar_disease,1,1,0,1.0,0.7311,1
GrayLeafSpot1617,2_foliar_disease,1,1,0,1.0,0.7311,1
GrayLeafSpot1618,2_foliar_disease,1,1,0,1.0,0.7311,1
GrayLeafSpot1619,2_foliar_disease,1,1,0,1.0,0.7311,1
GrayLeafSpot162,2_foliar_disease,1,1,0,1.0,0.7311,1
GrayLeafSpot1620,2_foliar_disease,1,1,0,1.0,0.7311,1
GrayLeafSpot1621,2_foliar_disease,1,1,0,1.0,0.7311,1
GrayLeafSpot1622,2_foliar_disease,1,1,0,1.0,0.7311,1
GrayLeafSpot1623,2_foliar_disease,1,1,0,1.0,0.7311,1
GrayLeafSpot1624,2_foliar_disease,1,1,0,1.0,0.7311,1
GrayLeafSpot1625,2_foliar_disease,1,1,0,1.0,0.7311,1
GrayLeafSpot1626,2_foliar_disease,1,1,0,1.0,0.7311,1
GrayLeafSpot1627,2_foliar_disease,1,1,0,1.0,0.7311,1
GrayLeafSpot1628,2_foliar_disease,1,1,0,1.0,0.7311,1
GrayLeafSpot1629,2_foliar_disease,1,1,0,1.0,0.7311,1
GrayLeafSpot163,2_foliar_disease,1,1,0,1.0,0.7311,1
GrayLeafSpot1630,2_foliar_disease,1,1,0,1.0,0.7311,1
GrayLeafSpot1631,2_foliar_disease,1,1,0,1.0,0.7311,1
GrayLeafSpot1632,2_foliar_disease,1,1,0,1.0,0.7311,1
GrayLeafSpot1633,2_foliar_disease,1,1,0,1.0,0.7311,1
GrayLeafSpot1634,2_foliar_disease,1,1,0,1.0,0.7311,1
GrayLeafSpot1635,2_foliar_disease,1,1,0,1.0,0.7311,1
GrayLeafSpot1636,2_foliar_disease,1,1,0,1.0,0.7311,1
GrayLeafSpot1637,2_foliar_disease,1,1,0,1.0,0.7311,1
GrayLeafSpot1638,2_foliar_disease,1,1,0,1.0,0.7311,1
GrayLeafSpot1639,2_foliar_disease,1,1,0,1.0,0.7311,1
GrayLeafSpot164,2_foliar_disease,1,1,0,1.0,0.7311,1
GrayLeafSpot1640,2_foliar_disease,1,1,0,1.0,0.7311,1
GrayLeafSpot1641,2_foliar_disease,1,1,0,1.0,0.7311,1
GrayLeafSpot1642,2_foliar_disease,1,1,0,1.0,0.7311,1
GrayLeafSpot1643,2_foliar_disease,1,1,0,1.0,0.7311,1
GrayLeafSpot1644,2_foliar_disease,1,1,0,1.0,0.7311,1
GrayLeafSpot1645,2_foliar_disease,1,1,0,1.0,0.7311,1
GrayLeafSpot1646,2_foliar_disease,1,1,0,1.0,0.7311,1
GrayLeafSpot1647,2_foliar_disease,1,1,0,1.0,0.7311,1
GrayLeafSpot1648,2_foliar_disease,1,1,0,1.0,0.7311,1
GrayLeafSpot1649,2_foliar_disease,1,1,0,1.0,0.7311,1
GrayLeafSpot165,2_foliar_disease,1,1,0,1.0,0.7311,1
GrayLeafSpot1650,2_foliar_disease,1,1,0,1.0,0.7311,1
GrayLeafSpot1651,2_foliar_disease,1,1,0,1.0,0.7311,1
GrayLeafSpot1652,2_foliar_disease,1,1,0,1.0,0.7311,1
GrayLeafSpot1653,2_foliar_disease,1,1,0,1.0,0.7311,1
GrayLeafSpot1654,2_foliar_disease,1,1,0,1.0,0.7311,1
GrayLeafSpot1655,2_foliar_disease,1,1,0,1.0,0.7311,1
GrayLeafSpot1656,2_foliar_disease,1,1,0,1.0,0.7311,1
GrayLeafSpot1657,2_foliar_disease,1,1,0,1.0,0.7311,1
GrayLeafSpot1658,2_foliar_disease,1,1,0,1.0,0.7311,1
GrayLeafSpot1659,2_foliar_disease,1,1,0,1.0,0.7311,1
GrayLeafSpot166,2_foliar_disease,1,1,0,1.0,0.7311,1
GrayLeafSpot1660,2_foliar_disease,1,1,0,1.0,0.7311,1
GrayLeafSpot1661,2_foliar_disease,1,1,0,1.0,0.7311,1
GrayLeafSpot1662,2_foliar_disease,1,1,0,1.0,0.7311,1
GrayLeafSpot1663,2_foliar_disease,1,1,0,1.0,0.7311,1
GrayLeafSpot1664,2_foliar_disease,1,1,0,1.0,0.7311,1
GrayLeafSpot1665,2_foliar_disease,1,1,0,1.0,0.7311,1
GrayLeafSpot1666,2_foliar_disease,1,1,0,1.0,0.7311,1
GrayLeafSpot1667,2_foliar_disease,1,1,0,1.0,0.7311,1
GrayLeafSpot1668,2_foliar_disease,1,1,0,1.0,0.7311,1
GrayLeafSpot1669,2_foliar_disease,1,1,0,1.0,0.7311,1
GrayLeafSpot167,2_foliar_disease,1,1,0,1.0,0.7311,1
GrayLeafSpot1670,2_foliar_disease,1,1,0,1.0,0.7311,1
GrayLeafSpot1671,2_foliar_disease,1,1,0,1.0,0.7311,1
GrayLeafSpot1672,2_foliar_disease,1,1,0,1.0,0.7311,1
GrayLeafSpot1673,2_foliar_disease,1,1,0,1.0,0.7311,1
GrayLeafSpot1674,2_foliar_disease,1,1,0,1.0,0.7311,1
GrayLeafSpot1675,2_foliar_disease,1,1,0,1.0,0.7311,1
GrayLeafSpot1676,2_foliar_disease,1,1,0,1.0,0.7311,1
GrayLeafSpot1677,2_foliar_disease,1,1,0,1.0,0.7311,1
GrayLeafSpot1678,2_foliar_disease,1,1,0,1.0,0.7311,1
GrayLeafSpot1679,2_foliar_disease,1,1,0,1.0,0.7311,1
GrayLeafSpot168,2_foliar_disease,1,1,0,1.0,0.7311,1
GrayLeafSpot1680,2_foliar_disease,1,1,0,1.0,0.7311,1
GrayLeafSpot1681,2_foliar_disease,1,1,0,1.0,0.7311,1
GrayLeafSpot1682,2_foliar_disease,1,1,0,1.0,0.7311,1
GrayLeafSpot1683,2_foliar_disease,1,1,0,1.0,0.7311,1
GrayLeafSpot1684,2_foliar_disease,1,1,0,1.0,0.7311,1
GrayLeafSpot1685,2_foliar_disease,1,1,0,1.0,0.7311,1
GrayLeafSpot1686,2_foliar_disease,1,1,0,1.0,0.7311,1
GrayLeafSpot1687,2_foliar_disease,1,1,0,1.0,0.7311,1
GrayLeafSpot1688,2_foliar_disease,1,1,0,1.0,0.7311,1
GrayLeafSpot1689,2_foliar_disease,1,1,0,1.0,0.7311,1
GrayLeafSpot169,2_foliar_disease,1,1,0,1.0,0.7311,1
GrayLeafSpot1690,2_foliar_disease,1,1,0,1.0,0.7311,1
GrayLeafSpot1691,2_foliar_disease,1,1,0,1.0,0.7311,1
GrayLeafSpot1692,2_foliar_disease,1,1,0,1.0,0.7311,1
GrayLeafSpot1693,2_foliar_disease,1,1,0,1.0,0.7311,1
GrayLeafSpot1694,2_foliar_disease,1,1,0,1.0,0.7311,1
GrayLeafSpot1695,2_foliar_disease,1,1,0,1.0,0.7311,1
GrayLeafSpot1696,2_foliar_disease,1,1,0,1.0,0.7311,1
GrayLeafSpot1697,2_foliar_disease,1,1,0,1.0,0.7311,1
GrayLeafSpot1698,2_foliar_disease,1,1,0,1.0,0.7311,1
GrayLeafSpot1699,2_foliar_disease,1,1,0,1.0,0.7311,1
GrayLeafSpot170,2_foliar_disease,1,1,0,1.0,0.7311,1
GrayLeafSpot1700,2_foliar_disease,1,1,0,1.0,0.7311,1
GrayLeafSpot1701,2_foliar_disease,1,1,0,1.0,0.7311,1
GrayLeafSpot1702,2_foliar_disease,1,1,0,1.0,0.7311,1
GrayLeafSpot1703,2_foliar_disease,1,1,0,1.0,0.7311,1
GrayLeafSpot1704,2_foliar_disease,1,1,0,1.0,0.7311,1
GrayLeafSpot1705,2_foliar_disease,1,1,0,1.0,0.7311,1
GrayLeafSpot1706,2_foliar_disease,1,1,0,1.0,0.7311,1
GrayLeafSpot1707,2_foliar_disease,1,1,0,1.0,0.7311,1
GrayLeafSpot1708,2_foliar_disease,1,1,0,1.0,0.7311,1
GrayLeafSpot1709,2_foliar_disease,1,1,0,1.0,0.7311,1
GrayLeafSpot171,2_foliar_disease,1,1,0,1.0,0.7311,1
GrayLeafSpot1710,2_foliar_disease,1,1,0,1.0,0.7311,1
GrayLeafSpot1711,2_foliar_disease,1,1,0,1.0,0.7311,1
GrayLeafSpot1712,2_foliar_disease,1,1,0,1.0,0.7311,1
GrayLeafSpot1713,2_foliar_disease,1,1,0,1.0,0.7311,1
GrayLeafSpot1714,2_foliar_disease,1,1,0,1.0,0.7311,1
GrayLeafSpot1715,2_foliar_disease,1,1,0,1.0,0.7311,1
GrayLeafSpot1716,2_foliar_disease,1,1,0,1.0,0.7311,1
GrayLeafSpot1717,2_foliar_disease,1,1,0,1.0,0.7311,1
GrayLeafSpot1718,2_foliar_disease,1,1,0,1.0,0.7311,1
GrayLeafSpot1719,2_foliar_disease,1,1,0,1.0,0.7311,1
GrayLeafSpot172,2_foliar_disease,1,1,0,1.0,0.7311,1
GrayLeafSpot1720,2_foliar_disease,1,1,0,1.0,0.7311,1
GrayLeafSpot1721,2_foliar_disease,1,1,0,1.0,0.7311,1
GrayLeafSpot1722,2_foliar_disease,1,1,0,1.0,0.7311,1
GrayLeafSpot1723,2_foliar_disease,1,1,0,1.0,0.7311,1
GrayLeafSpot1724,2_foliar_disease,1,1,0,1.0,0.7311,1
GrayLeafSpot1725,2_foliar_disease,1,1,0,1.0,0.7311,1
GrayLeafSpot1726,2_foliar_disease,1,1,0,1.0,0.7311,1
GrayLeafSpot1727,2_foliar_disease,1,1,0,1.0,0.7311,1
GrayLeafSpot1728,2_foliar_disease,1,1,0,1.0,0.7311,1
GrayLeafSpot1729,2_foliar_disease,1,1,0,1.0,0.7311,1
GrayLeafSpot173,2_foliar_disease,1,1,0,1.0,0.7311,1
GrayLeafSpot1730,2_foliar_disease,1,1,0,1.0,0.7311,1
GrayLeafSpot1731,2_foliar_disease,1,1,0,1.0,0.7311,1
GrayLeafSpot1732,2_foliar_disease,1,1,0,1.0,0.7311,1
GrayLeafSpot1733,2_foliar_disease,1,1,0,1.0,0.7311,1
GrayLeafSpot1734,2_foliar_disease,1,1,0,1.0,0.7311,1
GrayLeafSpot1735,2_foliar_disease,1,1,0,1.0,0.7311,1
GrayLeafSpot1736,2_foliar_disease,1,1,0,1.0,0.7311,1
GrayLeafSpot1737,2_foliar_disease,1,1,0,1.0,0.7311,1
GrayLeafSpot1738,2_foliar_disease,1,1,0,1.0,0.7311,1
GrayLeafSpot1739,2_foliar_disease,1,1,0,1.0,0.7311,1
GrayLeafSpot174,2_foliar_disease,1,1,0,1.0,0.7311,1
GrayLeafSpot1740,2_foliar_disease,1,1,0,1.0,0.7311,1
GrayLeafSpot1741,2_foliar_disease,1,1,0,1.0,0.7311,1
GrayLeafSpot1742,2_foliar_disease,1,1,0,1.0,0.7311,1
GrayLeafSpot1743,2_foliar_disease,1,1,0,1.0,0.7311,1
GrayLeafSpot1744,2_foliar_disease,1,1,0,1.0,0.7311,1
GrayLeafSpot1745,2_foliar_disease,1,1,0,1.0,0.7311,1
GrayLeafSpot1746,2_foliar_disease,1,1,0,1.0,0.7311,1
GrayLeafSpot1747,2_foliar_disease,1,1,0,1.0,0.7311,1
GrayLeafSpot1748,2_foliar_disease,1,1,0,1.0,0.7311,1
GrayLeafSpot1749,2_foliar_disease,1,1,0,1.0,0.7311,1
GrayLeafSpot175,2_foliar_disease,1,1,0,1.0,0.7311,1
GrayLeafSpot1750,2_foliar_disease,1,1,0,1.0,0.7311,1
GrayLeafSpot1751,2_foliar_disease,1,1,0,1.0,0.7311,1
GrayLeafSpot1752,2_foliar_disease,1,1,0,1.0,0.7311,1
GrayLeafSpot1753,2_foliar_disease,1,1,0,1.0,0.7311,1
GrayLeafSpot1754,2_foliar_disease,1,1,0,1.0,0.7311,1
GrayLeafSpot1755,2_foliar_disease,1,1,0,1.0,0.7311,1
GrayLeafSpot1756,2_foliar_disease,1,1,0,1.0,0.7311,1
GrayLeafSpot1757,2_foliar_disease,1,1,0,1.0,0.7311,1
GrayLeafSpot1758,2_foliar_disease,1,1,0,1.0,0.7311,1
GrayLeafSpot1759,2_foliar_disease,1,1,0,1.0,0.7311,1
GrayLeafSpot176,2_foliar_disease,1,1,0,1.0,0.7311,1
GrayLeafSpot1760,2_foliar_disease,1,1,0,1.0,0.7311,1
GrayLeafSpot1761,2_foliar_disease,1,1,0,1.0,0.7311,1
GrayLeafSpot1762,2_foliar_disease,1,1,0,1.0,0.7311,1
GrayLeafSpot1763,2_foliar_disease,1,1,0,1.0,0.7311,1
GrayLeafSpot1764,2_foliar_disease,1,1,0,1.0,0.7311,1
GrayLeafSpot1765,2_foliar_disease,1,1,0,1.0,0.7311,1
GrayLeafSpot1766,2_foliar_disease,1,1,0,1.0,0.7311,1
GrayLeafSpot1767,2_foliar_disease,1,1,0,1.0,0.7311,1
GrayLeafSpot1768,2_foliar_disease,1,1,0,1.0,0.7311,1
GrayLeafSpot1769,2_foliar_disease,1,1,0,1.0,0.7311,1
GrayLeafSpot177,2_foliar_disease,1,1,0,1.0,0.7311,1
GrayLeafSpot1770,2_foliar_disease,1,1,0,1.0,0.7311,1
GrayLeafSpot1771,2_foliar_disease,1,1,0,1.0,0.7311,1
GrayLeafSpot1772,2_foliar_disease,1,1,0,1.0,0.7311,1
GrayLeafSpot1773,2_foliar_disease,1,1,0,1.0,0.7311,1
GrayLeafSpot1774,2_foliar_disease,1,1,0,1.0,0.7311,1
GrayLeafSpot1775,2_foliar_disease,1,1,0,1.0,0.7311,1
GrayLeafSpot1776,2_foliar_disease,1,1,0,1.0,0.7311,1
GrayLeafSpot1777,2_foliar_disease,1,1,0,1.0,0.7311,1
GrayLeafSpot1778,2_foliar_disease,1,1,0,1.0,0.7311,1
GrayLeafSpot1779,2_foliar_disease,1,1,0,1.0,0.7311,1
GrayLeafSpot178,2_foliar_disease,1,1,0,1.0,0.7311,1
GrayLeafSpot1780,2_foliar_disease,1,1,0,1.0,0.7311,1
GrayLeafSpot1781,2_foliar_disease,1,1,0,1.0,0.7311,1
GrayLeafSpot1782,2_foliar_disease,1,1,0,1.0,0.7311,1
GrayLeafSpot1783,2_foliar_disease,1,1,0,1.0,0.7311,1
GrayLeafSpot1784,2_foliar_disease,1,1,0,1.0,0.7311,1
GrayLeafSpot1785,2_foliar_disease,1,1,0,1.0,0.7311,1
GrayLeafSpot1786,2_foliar_disease,1,1,0,1.0,0.7311,1
GrayLeafSpot1787,2_foliar_disease,1,1,0,1.0,0.7311,1
GrayLeafSpot1788,2_foliar_disease,1,1,0,1.0,0.7311,1
GrayLeafSpot1789,2_foliar_disease,1,1,0,1.0,0.7311,1
GrayLeafSpot179,2_foliar_disease,1,1,0,1.0,0.7311,1
GrayLeafSpot1790,2_foliar_disease,1,1,0,1.0,0.7311,1
GrayLeafSpot1791,2_foliar_disease,1,1,0,1.0,0.7311,1
GrayLeafSpot1792,2_foliar_disease,1,1,0,1.0,0.7311,1
GrayLeafSpot1793,2_foliar_disease,1,1,0,1.0,0.7311,1
GrayLeafSpot1794,2_foliar_disease,1,1,0,1.0,0.7311,1
GrayLeafSpot1795,2_foliar_disease,1,1,0,1.0,0.7311,1
GrayLeafSpot1796,2_foliar_disease,1,1,0,1.0,0.7311,1
GrayLeafSpot1797,2_foliar_disease,1,1,0,1.0,0.7311,1
GrayLeafSpot1798,2_foliar_disease,1,1,0,1.0,0.7311,1
GrayLeafSpot1799,2_foliar_disease,1,1,0,1.0,0.7311,1
GrayLeafSpot180,2_foliar_disease,1,1,0,1.0,0.7311,1
GrayLeafSpot1800,2_foliar_disease,1,1,0,1.0,0.7311,1
GrayLeafSpot1801,2_foliar_disease,1,1,0,1.0,0.7311,1
GrayLeafSpot1802,2_foliar_disease,1,1,0,1.0,0.7311,1
GrayLeafSpot1803,2_foliar_disease,1,1,0,1.0,0.7311,1
GrayLeafSpot1804,2_foliar_disease,1,1,0,1.0,0.7311,1
GrayLeafSpot1805,2_foliar_disease,1,1,0,1.0,0.7311,1
GrayLeafSpot1806,2_foliar_disease,1,1,0,1.0,0.7311,1
GrayLeafSpot1807,2_foliar_disease,1,1,0,1.0,0.7311,1
GrayLeafSpot1808,2_foliar_disease,1,1,0,1.0,0.7311,1
GrayLeafSpot1809,2_foliar_disease,1,1,0,1.0,0.7311,1
GrayLeafSpot181,2_foliar_disease,1,1,0,1.0,0.7311,1
GrayLeafSpot1810,2_foliar_disease,1,1,0,1.0,0.7311,1
GrayLeafSpot1811,2_foliar_disease,1,1,0,1.0,0.7311,1
GrayLeafSpot1812,2_foliar_disease,1,1,0,1.0,0.7311,1
GrayLeafSpot1813,2_foliar_disease,1,1,0,1.0,0.7311,1
GrayLeafSpot1814,2_foliar_disease,1,1,0,1.0,0.7311,1
GrayLeafSpot1815,2_foliar_disease,1,1,0,1.0,0.7311,1
GrayLeafSpot1816,2_foliar_disease,1,1,0,1.0,0.7311,1
GrayLeafSpot1817,2_foliar_disease,1,1,0,1.0,0.7311,1
GrayLeafSpot1818,2_foliar_disease,1,1,0,1.0,0.7311,1
GrayLeafSpot1819,2_foliar_disease,1,1,0,1.0,0.7311,1
GrayLeafSpot182,2_foliar_disease,1,1,0,1.0,0.7311,1
GrayLeafSpot1820,2_foliar_disease,1,1,0,1.0,0.7311,1
GrayLeafSpot1821,2_foliar_disease,1,1,0,1.0,0.7311,1
GrayLeafSpot1822,2_foliar_disease,1,1,0,1.0,0.7311,1
GrayLeafSpot1823,2_foliar_disease,1,1,0,1.0,0.7311,1
GrayLeafSpot1824,2_foliar_disease,1,1,0,1.0,0.7311,1
GrayLeafSpot1825,2_foliar_disease,1,1,0,1.0,0.7311,1
GrayLeafSpot1826,2_foliar_disease,1,1,0,1.0,0.7311,1
GrayLeafSpot1827,2_foliar_disease,1,1,0,1.0,0.7311,1
GrayLeafSpot1828,2_foliar_disease,1,1,0,1.0,0.7311,1
GrayLeafSpot1829,2_foliar_disease,1,1,0,1.0,0.7311,1
GrayLeafSpot183,2_foliar_disease,1,1,0,1.0,0.7311,1
GrayLeafSpot1830,2_foliar_disease,1,1,0,1.0,0.7311,1
GrayLeafSpot1831,2_foliar_disease,1,1,0,1.0,0.7311,1
GrayLeafSpot1832,2_foliar_disease,1,1,0,1.0,0.7311,1
GrayLeafSpot1833,2_foliar_disease,1,1,0,1.0,0.7311,1
GrayLeafSpot1834,2_foliar_disease,1,1,0,1.0,0.7311,1
GrayLeafSpot1835,2_foliar_disease,1,1,0,1.0,0.7311,1
GrayLeafSpot1836,2_foliar_disease,1,1,0,1.0,0.7311,1
GrayLeafSpot1837,2_foliar_disease,1,1,0,1.0,0.7311,1
GrayLeafSpot1838,2_foliar_disease,1,1,0,1.0,0.7311,1
GrayLeafSpot1839,2_foliar_disease,1,1,0,1.0,0.7311,1
GrayLeafSpot184,2_foliar_disease,1,1,0,1.0,0.7311,1
GrayLeafSpot1840,2_foliar_disease,1,1,0,1.0,0.7311,1
GrayLeafSpot1841,2_foliar_disease,1,1,0,1.0,0.7311,1
GrayLeafSpot1842,2_foliar_disease,1,1,0,1.0,0.7311,1
GrayLeafSpot1843,2_foliar_disease,1,1,0,1.0,0.7311,1
GrayLeafSpot1844,2_foliar_disease,1,1,0,1.0,0.7311,1
GrayLeafSpot1845,2_foliar_disease,1,1,0,1.0,0.7311,1
GrayLeafSpot1846,2_foliar_disease,1,1,0,1.0,0.7311,1
GrayLeafSpot1847,2_foliar_disease,1,1,0,1.0,0.7311,1
GrayLeafSpot1848,2_foliar_disease,1,1,0,1.0,0.7311,1
GrayLeafSpot1849,2_foliar_disease,1,1,0,1.0,0.7311,1
GrayLeafSpot185,2_foliar_disease,1,1,0,1.0,0.7311,1
GrayLeafSpot1850,2_foliar_disease,1,1,0,1.0,0.7311,1
GrayLeafSpot1851,2_foliar_disease,1,1,0,1.0,0.7311,1
GrayLeafSpot1852,2_foliar_disease,1,1,0,1.0,0.7311,1
GrayLeafSpot1853,2_foliar_disease,1,1,0,1.0,0.7311,1
GrayLeafSpot1854,2_foliar_disease,1,1,0,1.0,0.7311,1
GrayLeafSpot1855,2_foliar_disease,1,1,0,1.0,0.7311,1
GrayLeafSpot1856,2_foliar_disease,1,1,0,1.0,0.7311,1
GrayLeafSpot1857,2_foliar_disease,1,1,0,1.0,0.7311,1
GrayLeafSpot1858,2_foliar_disease,1,1,0,1.0,0.7311,1
GrayLeafSpot1859,2_foliar_disease,1,1,0,1.0,0.7311,1
GrayLeafSpot186,2_foliar_disease,1,1,0,1.0,0.7311,1
GrayLeafSpot1860,2_foliar_disease,1,1,0,1.0,0.7311,1
GrayLeafSpot1861,2_foliar_disease,1,1,0,1.0,0.7311,1
GrayLeafSpot1862,2_foliar_disease,1,1,0,1.0,0.7311,1
GrayLeafSpot1863,2_foliar_disease,1,1,0,1.0,0.7311,1
GrayLeafSpot1864,2_foliar_disease,1,1,0,1.0,0.7311,1
GrayLeafSpot1865,2_foliar_disease,1,1,0,1.0,0.7311,1
GrayLeafSpot1866,2_foliar_disease,1,1,0,1.0,0.7311,1
GrayLeafSpot1867,2_foliar_disease,1,1,0,1.0,0.7311,1
GrayLeafSpot1868,2_foliar_disease,1,1,0,1.0,0.7311,1
GrayLeafSpot1869,2_foliar_disease,1,1,0,1.0,0.7311,1
GrayLeafSpot187,2_foliar_disease,1,1,0,1.0,0.7311,1
GrayLeafSpot1870,2_foliar_disease,1,1,0,1.0,0.7311,1
GrayLeafSpot1871,2_foliar_disease,1,1,0,1.0,0.7311,1
GrayLeafSpot1872,2_foliar_disease,1,1,0,1.0,0.7311,1
GrayLeafSpot1873,2_foliar_disease,1,1,0,1.0,0.7311,1
GrayLeafSpot1874,2_foliar_disease,1,1,0,1.0,0.7311,1
GrayLeafSpot1875,2_foliar_disease,1,1,0,1.0,0.7311,1
GrayLeafSpot1876,2_foliar_disease,1,1,0,1.0,0.7311,1
GrayLeafSpot1877,2_foliar_disease,1,1,0,1.0,0.7311,1
GrayLeafSpot1878,2_foliar_disease,1,1,0,1.0,0.7311,1
GrayLeafSpot1879,2_foliar_disease,1,1,0,1.0,0.7311,1
GrayLeafSpot188,2_foliar_disease,1,1,0,1.0,0.7311,1
GrayLeafSpot1880,2_foliar_disease,1,1,0,1.0,0.7311,1
GrayLeafSpot1881,2_foliar_disease,1,1,0,1.0,0.7311,1
GrayLeafSpot1882,2_foliar_disease,1,1,0,1.0,0.7311,1
GrayLeafSpot1883,2_foliar_disease,1,1,0,1.0,0.7311,1
GrayLeafSpot1884,2_foliar_disease,1,1,0,1.0,0.7311,1
GrayLeafSpot1885,2_foliar_disease,1,1,0,1.0,0.7311,1
GrayLeafSpot1886,2_foliar_disease,1,1,0,1.0,0.7311,1
GrayLeafSpot1887,2_foliar_disease,1,1,0,1.0,0.7311,1
GrayLeafSpot1888,2_foliar_disease,1,1,0,1.0,0.7311,1
GrayLeafSpot1889,2_foliar_disease,1,1,0,1.0,0.7311,1
GrayLeafSpot189,2_foliar_disease,1,1,0,1.0,0.7311,1
GrayLeafSpot1890,2_foliar_disease,1,1,0,1.0,0.7311,1
GrayLeafSpot1891,2_foliar_disease,1,1,0,1.0,0.7311,1
GrayLeafSpot1892,2_foliar_disease,1,1,0,1.0,0.7311,1
GrayLeafSpot1893,2_foliar_disease,1,1,0,1.0,0.7311,1
GrayLeafSpot1894,2_foliar_disease,1,1,0,1.0,0.7311,1
GrayLeafSpot1895,2_foliar_disease,1,1,0,1.0,0.7311,1
GrayLeafSpot1896,2_foliar_disease,1,1,0,1.0,0.7311,1
GrayLeafSpot1897,2_foliar_disease,1,1,0,1.0,0.7311,1
GrayLeafSpot1898,2_foliar_disease,1,1,0,1.0,0.7311,1
GrayLeafSpot1899,2_foliar_disease,1,1,0,1.0,0.7311,1
GrayLeafSpot190,2_foliar_disease,1,1,0,1.0,0.7311,1
GrayLeafSpot1900,2_foliar_disease,1,1,0,1.0,0.7311,1
GrayLeafSpot1901,2_foliar_disease,1,1,0,1.0,0.7311,1
GrayLeafSpot1902,2_foliar_disease,1,1,0,1.0,0.7311,1
GrayLeafSpot1903,2_foliar_disease,1,1,0,1.0,0.7311,1
GrayLeafSpot1904,2_foliar_disease,1,1,0,1.0,0.7311,1
GrayLeafSpot1905,2_foliar_disease,1,1,0,1.0,0.7311,1
GrayLeafSpot1906,2_foliar_disease,1,1,0,1.0,0.7311,1
GrayLeafSpot1907,2_foliar_disease,1,1,0,1.0,0.7311,1
GrayLeafSpot1908,2_foliar_disease,1,1,0,1.0,0.7311,1
GrayLeafSpot1909,2_foliar_disease,1,1,0,1.0,0.7311,1
GrayLeafSpot191,2_foliar_disease,1,1,0,1.0,0.7311,1
GrayLeafSpot1910,2_foliar_disease,1,1,0,1.0,0.7311,1
GrayLeafSpot1911,2_foliar_disease,1,1,0,1.0,0.7311,1
GrayLeafSpot1912,2_foliar_disease,1,1,0,1.0,0.7311,1
GrayLeafSpot1913,2_foliar_disease,1,1,0,1.0,0.7311,1
GrayLeafSpot1914,2_foliar_disease,1,1,0,1.0,0.7311,1
GrayLeafSpot1915,2_foliar_disease,1,1,0,1.0,0.7311,1
GrayLeafSpot1916,2_foliar_disease,1,1,0,1.0,0.7311,1
GrayLeafSpot1917,2_foliar_disease,1,1,0,1.0,0.7311,1
GrayLeafSpot1918,2_foliar_disease,1,1,0,1.0,0.7311,1
GrayLeafSpot1919,2_foliar_disease,1,1,0,1.0,0.7311,1
GrayLeafSpot192,2_foliar_disease,1,1,0,1.0,0.7311,1
GrayLeafSpot1920,2_foliar_disease,1,1,0,1.0,0.7311,1
GrayLeafSpot1921,2_foliar_disease,1,1,0,1.0,0.7311,1
GrayLeafSpot1922,2_foliar_disease,1,1,0,1.0,0.7311,1
GrayLeafSpot1923,2_foliar_disease,1,1,0,1.0,0.7311,1
GrayLeafSpot1924,2_foliar_disease,1,1,0,1.0,0.7311,1
GrayLeafSpot1925,2_foliar_disease,1,1,0,1.0,0.7311,1
GrayLeafSpot1926,2_foliar_disease,1,1,0,1.0,0.7311,1
GrayLeafSpot1927,2_foliar_disease,1,1,0,1.0,0.7311,1
GrayLeafSpot1928,2_foliar_disease,1,1,0,1.0,0.7311,1
GrayLeafSpot1929,2_foliar_disease,1,1,0,1.0,0.7311,1
GrayLeafSpot193,2_foliar_disease,1,1,0,1.0,0.7311,1
GrayLeafSpot1930,2_foliar_disease,1,1,0,1.0,0.7311,1
GrayLeafSpot1931,2_foliar_disease,1,1,0,1.0,0.7311,1
GrayLeafSpot1932,2_foliar_disease,1,1,0,1.0,0.7311,1
GrayLeafSpot1933,2_foliar_disease,1,1,0,1.0,0.7311,1
GrayLeafSpot1934,2_foliar_disease,1,1,0,1.0,0.7311,1
GrayLeafSpot1935,2_foliar_disease,1,1,0,1.0,0.7311,1
GrayLeafSpot1936,2_foliar_disease,1,1,0,1.0,0.7311,1
GrayLeafSpot1937,2_foliar_disease,1,1,0,1.0,0.7311,1
GrayLeafSpot1938,2_foliar_disease,1,1,0,1.0,0.7311,1
GrayLeafSpot1939,2_foliar_disease,1,1,0,1.0,0.7311,1
GrayLeafSpot194,2_foliar_disease,1,1,0,1.0,0.7311,1
GrayLeafSpot1940,2_foliar_disease,1,1,0,1.0,0.7311,1
GrayLeafSpot1941,2_foliar_disease,1,1,0,1.0,0.7311,1
GrayLeafSpot1942,2_foliar_disease,1,1,0,1.0,0.7311,1
GrayLeafSpot1943,2_foliar_disease,1,1,0,1.0,0.7311,1
GrayLeafSpot1944,2_foliar_disease,1,1,0,1.0,0.7311,1
GrayLeafSpot1945,2_foliar_disease,1,1,0,1.0,0.7311,1
GrayLeafSpot1946,2_foliar_disease,1,1,0,1.0,0.7311,1
GrayLeafSpot1947,2_foliar_disease,1,1,0,1.0,0.7311,1
GrayLeafSpot1948,2_foliar_disease,1,1,0,1.0,0.7311,1
GrayLeafSpot1949,2_foliar_disease,1,1,0,1.0,0.7311,1
GrayLeafSpot195,2_foliar_disease,1,1,0,1.0,0.7311,1
GrayLeafSpot1950,2_foliar_disease,1,1,0,1.0,0.7311,1
GrayLeafSpot1951,2_foliar_disease,1,1,0,1.0,0.7311,1
GrayLeafSpot1952,2_foliar_disease,1,1,0,1.0,0.7311,1
GrayLeafSpot1953,2_foliar_disease,1,1,0,1.0,0.7311,1
GrayLeafSpot1954,2_foliar_disease,1,1,0,1.0,0.7311,1
GrayLeafSpot1955,2_foliar_disease,1,1,0,1.0,0.7311,1
GrayLeafSpot1956,2_foliar_disease,1,1,0,1.0,0.7311,1
GrayLeafSpot1957,2_foliar_disease,1,1,0,1.0,0.7311,1
GrayLeafSpot1958,2_foliar_disease,1,1,0,1.0,0.7311,1
GrayLeafSpot1959,2_foliar_disease,1,1,0,1.0,0.7311,1
GrayLeafSpot196,2_foliar_disease,1,1,0,1.0,0.7311,1
GrayLeafSpot1960,2_foliar_disease,1,1,0,1.0,0.7311,1
GrayLeafSpot1961,2_foliar_disease,1,1,0,1.0,0.7311,1
GrayLeafSpot1962,2_foliar_disease,1,1,0,1.0,0.7311,1
GrayLeafSpot1963,2_foliar_disease,1,1,0,1.0,0.7311,1
GrayLeafSpot1964,2_foliar_disease,1,1,0,1.0,0.7311,1
GrayLeafSpot1965,2_foliar_disease,1,1,0,1.0,0.7311,1
GrayLeafSpot1966,2_foliar_disease,1,1,0,1.0,0.7311,1
GrayLeafSpot1967,2_foliar_disease,1,1,0,1.0,0.7311,1
GrayLeafSpot1968,2_foliar_disease,1,1,0,1.0,0.7311,1
GrayLeafSpot1969,2_foliar_disease,1,1,0,1.0,0.7311,1
GrayLeafSpot197,2_foliar_disease,1,1,0,1.0,0.7311,1
GrayLeafSpot1970,2_foliar_disease,1,1,0,1.0,0.7311,1
GrayLeafSpot1971,2_foliar_disease,1,1,0,1.0,0.7311,1
GrayLeafSpot1972,2_foliar_disease,1,1,0,1.0,0.7311,1
GrayLeafSpot1973,2_foliar_disease,1,1,0,1.0,0.7311,1
GrayLeafSpot1974,2_foliar_disease,1,1,0,1.0,0.7311,1
GrayLeafSpot1975,2_foliar_disease,1,1,0,1.0,0.7311,1
GrayLeafSpot1976,2_foliar_disease,1,1,0,1.0,0.7311,1
GrayLeafSpot1977,2_foliar_disease,1,1,0,1.0,0.7311,1
GrayLeafSpot1978,2_foliar_disease,1,1,0,1.0,0.7311,1
GrayLeafSpot1979,2_foliar_disease,1,1,0,1.0,0.7311,1
GrayLeafSpot198,2_foliar_disease,1,1,0,1.0,0.7311,1
GrayLeafSpot1980,2_foliar_disease,1,1,0,1.0,0.7311,1
GrayLeafSpot1981,2_foliar_disease,1,1,0,1.0,0.7311,1
GrayLeafSpot1982,2_foliar_disease,1,1,0,1.0,0.7311,1
GrayLeafSpot1983,2_foliar_disease,1,1,0,1.0,0.7311,1
GrayLeafSpot1984,2_foliar_disease,1,1,0,1.0,0.7311,1
GrayLeafSpot1985,2_foliar_disease,1,1,0,1.0,0.7311,1
GrayLeafSpot1986,2_foliar_disease,1,1,0,1.0,0.7311,1
GrayLeafSpot1987,2_foliar_disease,1,1,0,1.0,0.7311,1
GrayLeafSpot1988,2_foliar_disease,1,1,0,1.0,0.7311,1
GrayLeafSpot1989,2_foliar_disease,1,1,0,1.0,0.7311,1
GrayLeafSpot199,2_foliar_disease,1,1,0,1.0,0.7311,1
GrayLeafSpot1990,2_foliar_disease,1,1,0,1.0,0.7311,1
GrayLeafSpot1991,2_foliar_disease,1,1,0,1.0,0.7311,1
GrayLeafSpot1992,2_foliar_disease,1,1,0,1.0,0.7311,1
GrayLeafSpot1993,2_foliar_disease,1,1,0,1.0,0.7311,1
GrayLeafSpot1994,2_foliar_disease,1,1,0,1.0,0.7311,1
GrayLeafSpot1995,2_foliar_disease,1,1,0,1.0,0.7311,1
GrayLeafSpot1996,2_foliar_disease,1,1,0,1.0,0.7311,1
GrayLeafSpot1997,2_foliar_disease,1,1,0,1.0,0.7311,1
GrayLeafSpot1998,2_foliar_disease,1,1,0,1.0,0.7311,1
GrayLeafSpot1999,2_foliar_disease,1,1,0,1.0,0.7311,1
GrayLeafSpot200,2_foliar_disease,1,1,0,1.0,0.7311,1
GrayLeafSpot2000,2_foliar_disease,1,1,0,1.0,0.7311,1
GrayLeafSpot2001,2_foliar_disease,1,1,0,1.0,0.7311,1
GrayLeafSpot2002,2_foliar_disease,1,1,0,1.0,0.7311,1
GrayLeafSpot2003,2_foliar_disease,1,1,0,1.0,0.7311,1
GrayLeafSpot2004,2_foliar_disease,1,1,0,1.0,0.7311,1
GrayLeafSpot2005,2_foliar_disease,1,1,0,1.0,0.7311,1
GrayLeafSpot2006,2_foliar_disease,1,1,0,1.0,0.7311,1
GrayLeafSpot2007,2_foliar_disease,1,1,0,1.0,0.7311,1
GrayLeafSpot2008,2_foliar_disease,1,1,0,1.0,0.7311,1
GrayLeafSpot2009,2_foliar_disease,1,1,0,1.0,0.7311,1
GrayLeafSpot201,2_foliar_disease,1,1,0,1.0,0.7311,1
GrayLeafSpot2010,2_foliar_disease,1,1,0,1.0,0.7311,1
GrayLeafSpot2011,2_foliar_disease,1,1,0,1.0,0.7311,1
GrayLeafSpot2012,2_foliar_disease,1,1,0,1.0,0.7311,1
GrayLeafSpot2013,2_foliar_disease,1,1,0,1.0,0.7311,1
GrayLeafSpot2014,2_foliar_disease,1,1,0,1.0,0.7311,1
GrayLeafSpot2015,2_foliar_disease,1,1,0,1.0,0.7311,1
GrayLeafSpot2016,2_foliar_disease,1,1,0,1.0,0.7311,1
GrayLeafSpot2017,2_foliar_disease,1,1,0,1.0,0.7311,1
GrayLeafSpot2018,2_foliar_disease,1,1,0,1.0,0.7311,1
GrayLeafSpot2019,2_foliar_disease,1,1,0,1.0,0.7311,1
GrayLeafSpot202,2_foliar_disease,1,1,0,1.0,0.7311,1
GrayLeafSpot2020,2_foliar_disease,1,1,0,1.0,0.7311,1
GrayLeafSpot2021,2_foliar_disease,1,1,0,1.0,0.7311,1
GrayLeafSpot2022,2_foliar_disease,1,1,0,1.0,0.7311,1
GrayLeafSpot2023,2_foliar_disease,1,1,0,1.0,0.7311,1
GrayLeafSpot2024,2_foliar_disease,1,1,0,1.0,0.7311,1
GrayLeafSpot2025,2_foliar_disease,1,1,0,1.0,0.7311,1
GrayLeafSpot2026,2_foliar_disease,1,1,0,1.0,0.7311,1
GrayLeafSpot2027,2_foliar_disease,1,1,0,1.0,0.7311,1
GrayLeafSpot2028,2_foliar_disease,1,1,0,1.0,0.7311,1
GrayLeafSpot2029,2_foliar_disease,1,1,0,1.0,0.7311,1
GrayLeafSpot203,2_foliar_disease,1,1,0,1.0,0.7311,1
GrayLeafSpot2030,2_foliar_disease,1,1,0,1.0,0.7311,1
GrayLeafSpot2031,2_foliar_disease,1,1,0,1.0,0.7311,1
GrayLeafSpot2032,2_foliar_disease,1,1,0,1.0,0.7311,1
GrayLeafSpot2033,2_foliar_disease,1,1,0,1.0,0.7311,1
GrayLeafSpot2034,2_foliar_disease,1,1,0,1.0,0.7311,1
GrayLeafSpot2035,2_foliar_disease,1,1,0,1.0,0.7311,1
GrayLeafSpot2036,2_foliar_disease,1,1,0,1.0,0.7311,1
GrayLeafSpot2037,2_foliar_disease,1,1,0,1.0,0.7311,1
GrayLeafSpot2038,2_foliar_disease,1,1,0,1.0,0.7311,1
GrayLeafSpot2039,2_foliar_disease,1,1,0,1.0,0.7311,1
GrayLeafSpot204,2_foliar_disease,1,1,0,1.0,0.7311,1
GrayLeafSpot2040,2_foliar_disease,1,1,0,1.0,0.7311,1
GrayLeafSpot2041,2_foliar_disease,1,1,0,1.0,0.7311,1
GrayLeafSpot2042,2_foliar_disease,1,1,0,1.0,0.7311,1
GrayLeafSpot2043,2_foliar_disease,1,1,0,1.0,0.7311,1
GrayLeafSpot2044,2_foliar_disease,1,1,0,1.0,0.7311,1
GrayLeafSpot2045,2_foliar_disease,1,1,0,1.0,0.7311,1
GrayLeafSpot2046,2_foliar_disease,1,1,0,1.0,0.7311,1
GrayLeafSpot2047,2_foliar_disease,1,1,0,1.0,0.7311,1
GrayLeafSpot2048,2_foliar_disease,1,1,0,1.0,0.7311,1
GrayLeafSpot2049,2_foliar_disease,1,1,0,1.0,0.7311,1
GrayLeafSpot205,2_foliar_disease,1,1,0,1.0,0.7311,1
GrayLeafSpot2050,2_foliar_disease,1,1,0,1.0,0.7311,1
GrayLeafSpot2051,2_foliar_disease,1,1,0,1.0,0.7311,1
GrayLeafSpot2052,2_foliar_disease,1,1,0,1.0,0.7311,1
GrayLeafSpot2053,2_foliar_disease,1,1,0,1.0,0.7311,1
GrayLeafSpot2054,2_foliar_disease,1,1,0,1.0,0.7311,1
GrayLeafSpot2055,2_foliar_disease,1,1,0,1.0,0.7311,1
GrayLeafSpot2056,2_foliar_disease,1,1,0,1.0,0.7311,1
GrayLeafSpot2057,2_foliar_disease,1,1,0,1.0,0.7311,1
GrayLeafSpot2058,2_foliar_disease,1,1,0,1.0,0.7311,1
GrayLeafSpot2059,2_foliar_disease,1,1,0,1.0,0.7311,1
GrayLeafSpot206,2_foliar_disease,1,1,0,1.0,0.7311,1
GrayLeafSpot2060,2_foliar_disease,1,1,0,1.0,0.7311,1
GrayLeafSpot2061,2_foliar_disease,1,1,0,1.0,0.7311,1
GrayLeafSpot2062,2_foliar_disease,1,1,0,1.0,0.7311,1
GrayLeafSpot2063,2_foliar_disease,1,1,0,1.0,0.7311,1
GrayLeafSpot2064,2_foliar_disease,1,1,0,1.0,0.7311,1
GrayLeafSpot2065,2_foliar_disease,1,1,0,1.0,0.7311,1
GrayLeafSpot2066,2_foliar_disease,1,1,0,1.0,0.7311,1
GrayLeafSpot2067,2_foliar_disease,1,1,0,1.0,0.7311,1
GrayLeafSpot2068,2_foliar_disease,1,1,0,1.0,0.7311,1
GrayLeafSpot2069,2_foliar_disease,1,1,0,1.0,0.7311,1
GrayLeafSpot207,2_foliar_disease,1,1,0,1.0,0.7311,1
GrayLeafSpot2070,2_foliar_disease,1,1,0,1.0,0.7311,1
GrayLeafSpot2071,2_foliar_disease,1,1,0,1.0,0.7311,1
GrayLeafSpot2072,2_foliar_disease,1,1,0,1.0,0.7311,1
GrayLeafSpot2073,2_foliar_disease,1,1,0,1.0,0.7311,1
GrayLeafSpot2074,2_foliar_disease,1,1,0,1.0,0.7311,1
GrayLeafSpot2075,2_foliar_disease,1,1,0,1.0,0.7311,1
GrayLeafSpot2076,2_foliar_disease,1,1,0,1.0,0.7311,1
GrayLeafSpot2077,2_foliar_disease,1,1,0,1.0,0.7311,1
GrayLeafSpot2078,2_foliar_disease,1,1,0,1.0,0.7311,1
GrayLeafSpot2079,2_foliar_disease,1,1,0,1.0,0.7311,1
GrayLeafSpot208,2_foliar_disease,1,1,0,1.0,0.7311,1
GrayLeafSpot2080,2_foliar_disease,1,1,0,1.0,0.7311,1
GrayLeafSpot2081,2_foliar_disease,1,1,0,1.0,0.7311,1
GrayLeafSpot2082,2_foliar_disease,1,1,0,1.0,0.7311,1
GrayLeafSpot2083,2_foliar_disease,1,1,0,1.0,0.7311,1
GrayLeafSpot2084,2_foliar_disease,1,1,0,1.0,0.7311,1
GrayLeafSpot2085,2_foliar_disease,1,1,0,1.0,0.7311,1
GrayLeafSpot2086,2_foliar_disease,1,1,0,1.0,0.7311,1
GrayLeafSpot2087,2_foliar_disease,1,1,0,1.0,0.7311,1
GrayLeafSpot2088,2_foliar_disease,1,1,0,1.0,0.7311,1
GrayLeafSpot2089,2_foliar_disease,1,1,0,1.0,0.7311,1
GrayLeafSpot209,2_foliar_disease,1,1,0,1.0,0.7311,1
GrayLeafSpot2090,2_foliar_disease,1,1,0,1.0,0.7311,1
GrayLeafSpot2091,2_foliar_disease,1,1,0,1.0,0.7311,1
GrayLeafSpot2092,2_foliar_disease,1,1,0,1.0,0.7311,1
GrayLeafSpot2093,2_foliar_disease,1,1,0,1.0,0.7311,1
GrayLeafSpot2094,2_foliar_disease,1,1,0,1.0,0.7311,1
GrayLeafSpot2095,2_foliar_disease,1,1,0,1.0,0.7311,1
GrayLeafSpot2096,2_foliar_disease,1,1,0,1.0,0.7311,1
GrayLeafSpot2097,2_foliar_disease,1,1,0,1.0,0.7311,1
GrayLeafSpot2098,2_foliar_disease,1,1,0,1.0,0.7311,1
GrayLeafSpot2099,2_foliar_disease,1,1,0,1.0,0.7311,1
GrayLeafSpot210,2_foliar_disease,1,1,0,1.0,0.7311,1
GrayLeafSpot2100,2_foliar_disease,1,1,0,1.0,0.7311,1
GrayLeafSpot2101,2_foliar_disease,1,1,0,1.0,0.7311,1
GrayLeafSpot2102,2_foliar_disease,1,1,0,1.0,0.7311,1
GrayLeafSpot2103,2_foliar_disease,1,1,0,1.0,0.7311,1
GrayLeafSpot2104,2_foliar_disease,1,1,0,1.0,0.7311,1
GrayLeafSpot2105,2_foliar_disease,1,1,0,1.0,0.7311,1
GrayLeafSpot2106,2_foliar_disease,1,1,0,1.0,0.7311,1
GrayLeafSpot2107,2_foliar_disease,1,1,0,1.0,0.7311,1
GrayLeafSpot2108,2_foliar_disease,1,1,0,1.0,0.7311,1
GrayLeafSpot2109,2_foliar_disease,1,1,0,1.0,0.7311,1
GrayLeafSpot211,2_foliar_disease,1,1,0,1.0,0.7311,1
GrayLeafSpot2110,2_foliar_disease,1,1,0,1.0,0.7311,1
GrayLeafSpot2111,2_foliar_disease,1,1,0,1.0,0.7311,1
GrayLeafSpot2112,2_foliar_disease,1,1,0,1.0,0.7311,1
GrayLeafSpot2113,2_foliar_disease,1,1,0,1.0,0.7311,1
GrayLeafSpot2114,2_foliar_disease,1,1,0,1.0,0.7311,1
GrayLeafSpot2115,2_foliar_disease,1,1,0,1.0,0.7311,1
GrayLeafSpot2116,2_foliar_disease,1,1,0,1.0,0.7311,1
GrayLeafSpot2117,2_foliar_disease,1,1,0,1.0,0.7311,1
GrayLeafSpot2118,2_foliar_disease,1,1,0,1.0,0.7311,1
GrayLeafSpot2119,2_foliar_disease,1,1,0,1.0,0.7311,1
GrayLeafSpot212,2_foliar_disease,1,1,0,1.0,0.7311,1
GrayLeafSpot2120,2_foliar_disease,1,1,0,1.0,0.7311,1
GrayLeafSpot2121,2_foliar_disease,1,1,0,1.0,0.7311,1
GrayLeafSpot2122,2_foliar_disease,1,1,0,1.0,0.7311,1
GrayLeafSpot2123,2_foliar_disease,1,1,0,1.0,0.7311,1
GrayLeafSpot2124,2_foliar_disease,1,1,0,1.0,0.7311,1
GrayLeafSpot2125,2_foliar_disease,1,1,0,1.0,0.7311,1
GrayLeafSpot2126,2_foliar_disease,1,1,0,1.0,0.7311,1
GrayLeafSpot2127,2_foliar_disease,1,1,0,1.0,0.7311,1
GrayLeafSpot2128,2_foliar_disease,1,1,0,1.0,0.7311,1
GrayLeafSpot2129,2_foliar_disease,1,1,0,1.0,0.7311,1
GrayLeafSpot213,2_foliar_disease,1,1,0,1.0,0.7311,1
GrayLeafSpot2130,2_foliar_disease,1,1,0,1.0,0.7311,1
GrayLeafSpot2131,2_foliar_disease,1,1,0,1.0,0.7311,1
GrayLeafSpot2132,2_foliar_disease,1,1,0,1.0,0.7311,1
GrayLeafSpot2133,2_foliar_disease,1,1,0,1.0,0.7311,1
GrayLeafSpot2134,2_foliar_disease,1,1,0,1.0,0.7311,1
GrayLeafSpot2135,2_foliar_disease,1,1,0,1.0,0.7311,1
GrayLeafSpot214,2_foliar_disease,1,1,0,1.0,0.7311,1
GrayLeafSpot215,2_foliar_disease,1,1,0,1.0,0.7311,1
GrayLeafSpot216,2_foliar_disease,1,1,0,1.0,0.7311,1
GrayLeafSpot217,2_foliar_disease,1,1,0,1.0,0.7311,1
GrayLeafSpot218,2_foliar_disease,1,1,0,1.0,0.7311,1
GrayLeafSpot219,2_foliar_disease,1,1,0,1.0,0.7311,1
GrayLeafSpot220,2_foliar_disease,1,1,0,1.0,0.7311,1
GrayLeafSpot221,2_foliar_disease,1,1,0,1.0,0.7311,1
GrayLeafSpot222,2_foliar_disease,1,1,0,1.0,0.7311,1
GrayLeafSpot223,2_foliar_disease,1,1,0,1.0,0.7311,1
GrayLeafSpot224,2_foliar_disease,1,1,0,1.0,0.7311,1
GrayLeafSpot225,2_foliar_disease,1,1,0,1.0,0.7311,1
GrayLeafSpot226,2_foliar_disease,1,1,0,1.0,0.7311,1
GrayLeafSpot227,2_foliar_disease,1,1,0,1.0,0.7311,1
GrayLeafSpot228,2_foliar_disease,1,1,0,1.0,0.7311,1
GrayLeafSpot229,2_foliar_disease,1,1,0,1.0,0.7311,1
GrayLeafSpot230,2_foliar_disease,1,1,0,1.0,0.7311,1
GrayLeafSpot231,2_foliar_disease,1,1,0,1.0,0.7311,1
GrayLeafSpot232,2_foliar_disease,1,1,0,1.0,0.7311,1
GrayLeafSpot233,2_foliar_disease,1,1,0,1.0,0.7311,1
GrayLeafSpot234,2_foliar_disease,1,1,0,1.0,0.7311,1
GrayLeafSpot235,2_foliar_disease,1,1,0,1.0,0.7311,1
GrayLeafSpot236,2_foliar_disease,1,1,0,1.0,0.7311,1
GrayLeafSpot237,2_foliar_disease,1,1,0,1.0,0.7311,1
GrayLeafSpot238,2_foliar_disease,1,1,0,1.0,0.7311,1
GrayLeafSpot239,2_foliar_disease,1,1,0,1.0,0.7311,1
GrayLeafSpot240,2_foliar_disease,1,1,0,1.0,0.7311,1
GrayLeafSpot241,2_foliar_disease,1,1,0,1.0,0.7311,1
GrayLeafSpot242,2_foliar_disease,1,1,0,1.0,0.7311,1
GrayLeafSpot243,2_foliar_disease,1,1,0,1.0,0.7311,1
GrayLeafSpot244,2_foliar_disease,1,1,0,1.0,0.7311,1
GrayLeafSpot245,2_foliar_disease,1,1,0,1.0,0.7311,1
GrayLeafSpot246,2_foliar_disease,1,1,0,1.0,0.7311,1
GrayLeafSpot247,2_foliar_disease,1,1,0,1.0,0.7311,1
GrayLeafSpot248,2_foliar_disease,1,1,0,1.0,0.7311,1
GrayLeafSpot249,2_foliar_disease,1,1,0,1.0,0.7311,1
GrayLeafSpot250,2_foliar_disease,1,1,0,1.0,0.7311,1
GrayLeafSpot251,2_foliar_disease,1,1,0,1.0,0.7311,1
GrayLeafSpot252,2_foliar_disease,1,1,0,1.0,0.7311,1
GrayLeafSpot253,2_foliar_disease,1,1,0,1.0,0.7311,1
GrayLeafSpot254,2_foliar_disease,1,1,0,1.0,0.7311,1
GrayLeafSpot255,2_foliar_disease,1,1,0,1.0,0.7311,1
GrayLeafSpot256,2_foliar_disease,1,1,0,1.0,0.7311,1
GrayLeafSpot257,2_foliar_disease,1,1,0,1.0,0.7311,1
GrayLeafSpot258,2_foliar_disease,1,1,0,1.0,0.7311,1
GrayLeafSpot259,2_foliar_disease,1,1,0,1.0,0.7311,1
GrayLeafSpot260,2_foliar_disease,1,1,0,1.0,0.7311,1
GrayLeafSpot261,2_foliar_disease,1,1,0,1.0,0.7311,1
GrayLeafSpot262,2_foliar_disease,1,1,0,1.0,0.7311,1
GrayLeafSpot263,2_foliar_disease,1,1,0,1.0,0.7311,1
GrayLeafSpot264,2_foliar_disease,1,1,0,1.0,0.7311,1
GrayLeafSpot265,2_foliar_disease,1,1,0,1.0,0.7311,1
GrayLeafSpot266,2_foliar_disease,1,1,0,1.0,0.7311,1
GrayLeafSpot267,2_foliar_disease,1,1,0,1.0,0.7311,1
GrayLeafSpot268,2_foliar_disease,1,1,0,1.0,0.7311,1
GrayLeafSpot269,2_foliar_disease,1,1,0,1.0,0.7311,1
GrayLeafSpot270,2_foliar_disease,1,1,0,1.0,0.7311,1
GrayLeafSpot271,2_foliar_disease,1,1,0,1.0,0.7311,1
GrayLeafSpot272,2_foliar_disease,1,1,0,1.0,0.7311,1
GrayLeafSpot273,2_foliar_disease,1,1,0,1.0,0.7311,1
GrayLeafSpot274,2_foliar_disease,1,1,0,1.0,0.7311,1
GrayLeafSpot275,2_foliar_disease,1,1,0,1.0,0.7311,1
GrayLeafSpot276,2_foliar_disease,1,1,0,1.0,0.7311,1
GrayLeafSpot277,2_foliar_disease,1,1,0,1.0,0.7311,1
GrayLeafSpot278,2_foliar_disease,1,1,0,1.0,0.7311,1
GrayLeafSpot279,2_foliar_disease,1,1,0,1.0,0.7311,1
GrayLeafSpot280,2_foliar_disease,1,1,0,1.0,0.7311,1
GrayLeafSpot281,2_foliar_disease,1,1,0,1.0,0.7311,1
GrayLeafSpot282,2_foliar_disease,1,1,0,1.0,0.7311,1
GrayLeafSpot283,2_foliar_disease,1,1,0,1.0,0.7311,1
GrayLeafSpot284,2_foliar_disease,1,1,0,1.0,0.7311,1
GrayLeafSpot285,2_foliar_disease,1,1,0,1.0,0.7311,1
GrayLeafSpot286,2_foliar_disease,1,1,0,1.0,0.7311,1
GrayLeafSpot287,2_foliar_disease,1,1,0,1.0,0.7311,1
GrayLeafSpot288,2_foliar_disease,1,1,0,1.0,0.7311,1
GrayLeafSpot289,2_foliar_disease,1,1,0,1.0,0.7311,1
GrayLeafSpot290,2_foliar_disease,1,1,0,1.0,0.7311,1
GrayLeafSpot291,2_foliar_disease,1,1,0,1.0,0.7311,1
GrayLeafSpot292,2_foliar_disease,1,1,0,1.0,0.7311,1
GrayLeafSpot293,2_foliar_disease,1,1,0,1.0,0.7311,1
GrayLeafSpot294,2_foliar_disease,1,1,0,1.0,0.7311,1
GrayLeafSpot295,2_foliar_disease,1,1,0,1.0,0.7311,1
GrayLeafSpot296,2_foliar_disease,1,1,0,1.0,0.7311,1
GrayLeafSpot297,2_foliar_disease,1,1,0,1.0,0.7311,1
GrayLeafSpot298,2_foliar_disease,1,1,0,1.0,0.7311,1
GrayLeafSpot299,2_foliar_disease,1,1,0,1.0,0.7311,1
GrayLeafSpot300,2_foliar_disease,1,1,0,1.0,0.7311,1
GrayLeafSpot301,2_foliar_disease,1,1,0,1.0,0.7311,1
GrayLeafSpot302,2_foliar_disease,1,1,0,1.0,0.7311,1
GrayLeafSpot303,2_foliar_disease,1,1,0,1.0,0.7311,1
GrayLeafSpot304,2_foliar_disease,1,1,0,1.0,0.7311,1
GrayLeafSpot305,2_foliar_disease,1,1,0,1.0,0.7311,1
GrayLeafSpot306,2_foliar_disease,1,1,0,1.0,0.7311,1
GrayLeafSpot307,2_foliar_disease,1,1,0,1.0,0.7311,1
GrayLeafSpot308,2_foliar_disease,1,1,0,1.0,0.7311,1
GrayLeafSpot309,2_foliar_disease,1,1,0,1.0,0.7311,1
GrayLeafSpot310,2_foliar_disease,1,1,0,1.0,0.7311,1
GrayLeafSpot311,2_foliar_disease,1,1,0,1.0,0.7311,1
GrayLeafSpot312,2_foliar_disease,1,1,0,1.0,0.7311,1
GrayLeafSpot313,2_foliar_disease,1,1,0,1.0,0.7311,1
GrayLeafSpot314,2_foliar_disease,1,1,0,1.0,0.7311,1
GrayLeafSpot315,2_foliar_disease,1,1,0,1.0,0.7311,1
GrayLeafSpot316,2_foliar_disease,1,1,0,1.0,0.7311,1
GrayLeafSpot317,2_foliar_disease,1,1,0,1.0,0.7311,1
GrayLeafSpot318,2_foliar_disease,1,0,1,-1.0,0.2689,0
GrayLeafSpot319,2_foliar_disease,1,1,0,1.0,0.7311,1
GrayLeafSpot320,2_foliar_disease,1,0,1,-1.0,0.2689,0
GrayLeafSpot321,2_foliar_disease,1,1,0,1.0,0.7311,1
GrayLeafSpot323,2_foliar_disease,1,0,1,-1.0,0.2689,0
GrayLeafSpot325,2_foliar_disease,1,0,1,-1.0,0.2689,0
GrayLeafSpot326,2_foliar_disease,1,0,1,-1.0,0.2689,0
GrayLeafSpot327,2_foliar_disease,1,0,1,-1.0,0.2689,0
GrayLeafSpot328,2_foliar_disease,1,0,1,-1.0,0.2689,0
GrayLeafSpot329,2_foliar_disease,1,0,1,-1.0,0.2689,0
GrayLeafSpot331,2_foliar_disease,1,0,1,-1.0,0.2689,0
GrayLeafSpot332,2_foliar_disease,1,0,1,-1.0,0.2689,0
GrayLeafSpot333,2_foliar_disease,1,0,1,-1.0,0.2689,0
GrayLeafSpot334,2_foliar_disease,1,0,1,-1.0,0.2689,0
GrayLeafSpot335,2_foliar_disease,1,0,1,-1.0,0.2689,0
GrayLeafSpot336,2_foliar_disease,1,0,1,-1.0,0.2689,0
GrayLeafSpot337,2_foliar_disease,1,0,1,-1.0,0.2689,0
GrayLeafSpot338,2_foliar_disease,1,0,1,-1.0,0.2689,0
GrayLeafSpot339,2_foliar_disease,1,0,1,-1.0,0.2689,0
GrayLeafSpot341,2_foliar_disease,1,0,1,-1.0,0.2689,0
GrayLeafSpot342,2_foliar_disease,1,0,1,-1.0,0.2689,0
GrayLeafSpot343,2_foliar_disease,1,0,1,-1.0,0.2689,0
GrayLeafSpot344,2_foliar_disease,1,0,1,-1.0,0.2689,0
GrayLeafSpot345,2_foliar_disease,1,0,1,-1.0,0.2689,0
GrayLeafSpot346,2_foliar_disease,1,1,0,1.0,0.7311,1
GrayLeafSpot347,2_foliar_disease,1,1,0,1.0,0.7311,1
GrayLeafSpot348,2_foliar_disease,1,1,0,1.0,0.7311,1
GrayLeafSpot349,2_foliar_disease,1,1,0,1.0,0.7311,1
GrayLeafSpot350,2_foliar_disease,1,1,0,1.0,0.7311,1
GrayLeafSpot351,2_foliar_disease,1,1,0,1.0,0.7311,1
GrayLeafSpot352,2_foliar_disease,1,1,0,1.0,0.7311,1
GrayLeafSpot353,2_foliar_disease,1,1,0,1.0,0.7311,1
GrayLeafSpot354,2_foliar_disease,1,1,0,1.0,0.7311,1
GrayLeafSpot355,2_foliar_disease,1,1,0,1.0,0.7311,1
GrayLeafSpot356,2_foliar_disease,1,1,0,1.0,0.7311,1
GrayLeafSpot357,2_foliar_disease,1,1,0,1.0,0.7311,1
GrayLeafSpot358,2_foliar_disease,1,1,0,1.0,0.7311,1
GrayLeafSpot359,2_foliar_disease,1,1,0,1.0,0.7311,1
GrayLeafSpot360,2_foliar_disease,1,1,0,1.0,0.7311,1
GrayLeafSpot361,2_foliar_disease,1,1,0,1.0,0.7311,1
GrayLeafSpot362,2_foliar_disease,1,1,0,1.0,0.7311,1
GrayLeafSpot363,2_foliar_disease,1,1,0,1.0,0.7311,1
GrayLeafSpot364,2_foliar_disease,1,1,0,1.0,0.7311,1
GrayLeafSpot365,2_foliar_disease,1,1,0,1.0,0.7311,1
GrayLeafSpot366,2_foliar_disease,1,1,0,1.0,0.7311,1
GrayLeafSpot367,2_foliar_disease,1,1,0,1.0,0.7311,1
GrayLeafSpot368,2_foliar_disease,1,1,0,1.0,0.7311,1
GrayLeafSpot369,2_foliar_disease,1,1,0,1.0,0.7311,1
GrayLeafSpot370,2_foliar_disease,1,1,0,1.0,0.7311,1
GrayLeafSpot371,2_foliar_disease,1,1,0,1.0,0.7311,1
GrayLeafSpot372,2_foliar_disease,1,1,0,1.0,0.7311,1
GrayLeafSpot373,2_foliar_disease,1,1,0,1.0,0.7311,1
GrayLeafSpot374,2_foliar_disease,1,1,0,1.0,0.7311,1
GrayLeafSpot375,2_foliar_disease,1,1,0,1.0,0.7311,1
GrayLeafSpot376,2_foliar_disease,1,1,0,1.0,0.7311,1
GrayLeafSpot377,2_foliar_disease,1,1,0,1.0,0.7311,1
GrayLeafSpot378,2_foliar_disease,1,1,0,1.0,0.7311,1
GrayLeafSpot379,2_foliar_disease,1,1,0,1.0,0.7311,1
GrayLeafSpot380,2_foliar_disease,1,1,0,1.0,0.7311,1
GrayLeafSpot381,2_foliar_disease,1,1,0,1.0,0.7311,1
GrayLeafSpot382,2_foliar_disease,1,1,0,1.0,0.7311,1
GrayLeafSpot383,2_foliar_disease,1,1,0,1.0,0.7311,1
GrayLeafSpot384,2_foliar_disease,1,1,0,1.0,0.7311,1
GrayLeafSpot385,2_foliar_disease,1,1,0,1.0,0.7311,1
GrayLeafSpot386,2_foliar_disease,1,1,0,1.0,0.7311,1
GrayLeafSpot387,2_foliar_disease,1,1,0,1.0,0.7311,1
GrayLeafSpot388,2_foliar_disease,1,1,0,1.0,0.7311,1
GrayLeafSpot389,2_foliar_disease,1,1,0,1.0,0.7311,1
GrayLeafSpot390,2_foliar_disease,1,1,0,1.0,0.7311,1
GrayLeafSpot391,2_foliar_disease,1,1,0,1.0,0.7311,1
GrayLeafSpot392,2_foliar_disease,1,1,0,1.0,0.7311,1
GrayLeafSpot393,2_foliar_disease,1,1,0,1.0,0.7311,1
GrayLeafSpot394,2_foliar_disease,1,1,0,1.0,0.7311,1
GrayLeafSpot395,2_foliar_disease,1,1,0,1.0,0.7311,1
GrayLeafSpot396,2_foliar_disease,1,1,0,1.0,0.7311,1
GrayLeafSpot397,2_foliar_disease,1,1,0,1.0,0.7311,1
GrayLeafSpot398,2_foliar_disease,1,1,0,1.0,0.7311,1
GrayLeafSpot399,2_foliar_disease,1,1,0,1.0,0.7311,1
GrayLeafSpot400,2_foliar_disease,1,1,0,1.0,0.7311,1
GrayLeafSpot401,2_foliar_disease,1,1,0,1.0,0.7311,1
GrayLeafSpot402,2_foliar_disease,1,1,0,1.0,0.7311,1
GrayLeafSpot403,2_foliar_disease,1,1,0,1.0,0.7311,1
GrayLeafSpot404,2_foliar_disease,1,1,0,1.0,0.7311,1
GrayLeafSpot405,2_foliar_disease,1,1,0,1.0,0.7311,1
GrayLeafSpot406,2_foliar_disease,1,1,0,1.0,0.7311,1
GrayLeafSpot407,2_foliar_disease,1,1,0,1.0,0.7311,1
GrayLeafSpot408,2_foliar_disease,1,1,0,1.0,0.7311,1
GrayLeafSpot409,2_foliar_disease,1,1,0,1.0,0.7311,1
GrayLeafSpot410,2_foliar_disease,1,1,0,1.0,0.7311,1
GrayLeafSpot411,2_foliar_disease,1,1,0,1.0,0.7311,1
GrayLeafSpot412,2_foliar_disease,1,1,0,1.0,0.7311,1
GrayLeafSpot413,2_foliar_disease,1,1,0,1.0,0.7311,1
GrayLeafSpot414,2_foliar_disease,1,1,0,1.0,0.7311,1
GrayLeafSpot415,2_foliar_disease,1,1,0,1.0,0.7311,1
GrayLeafSpot416,2_foliar_disease,1,1,0,1.0,0.7311,1
GrayLeafSpot417,2_foliar_disease,1,1,0,1.0,0.7311,1
GrayLeafSpot418,2_foliar_disease,1,1,0,1.0,0.7311,1
GrayLeafSpot419,2_foliar_disease,1,1,0,1.0,0.7311,1
GrayLeafSpot420,2_foliar_disease,1,1,0,1.0,0.7311,1
GrayLeafSpot421,2_foliar_disease,1,1,0,1.0,0.7311,1
GrayLeafSpot422,2_foliar_disease,1,1,0,1.0,0.7311,1
GrayLeafSpot423,2_foliar_disease,1,1,0,1.0,0.7311,1
GrayLeafSpot424,2_foliar_disease,1,1,0,1.0,0.7311,1
GrayLeafSpot425,2_foliar_disease,1,1,0,1.0,0.7311,1
GrayLeafSpot426,2_foliar_disease,1,1,0,1.0,0.7311,1
GrayLeafSpot427,2_foliar_disease,1,1,0,1.0,0.7311,1
GrayLeafSpot428,2_foliar_disease,1,1,0,1.0,0.7311,1
GrayLeafSpot429,2_foliar_disease,1,1,0,1.0,0.7311,1
GrayLeafSpot430,2_foliar_disease,1,1,0,1.0,0.7311,1
GrayLeafSpot431,2_foliar_disease,1,1,0,1.0,0.7311,1
GrayLeafSpot432,2_foliar_disease,1,1,0,1.0,0.7311,1
GrayLeafSpot433,2_foliar_disease,1,1,0,1.0,0.7311,1
GrayLeafSpot434,2_foliar_disease,1,1,0,1.0,0.7311,1
GrayLeafSpot435,2_foliar_disease,1,1,0,1.0,0.7311,1
GrayLeafSpot436,2_foliar_disease,1,1,0,1.0,0.7311,1
GrayLeafSpot437,2_foliar_disease,1,1,0,1.0,0.7311,1
GrayLeafSpot438,2_foliar_disease,1,1,0,1.0,0.7311,1
GrayLeafSpot439,2_foliar_disease,1,1,0,1.0,0.7311,1
GrayLeafSpot440,2_foliar_disease,1,1,0,1.0,0.7311,1
GrayLeafSpot441,2_foliar_disease,1,1,0,1.0,0.7311,1
GrayLeafSpot442,2_foliar_disease,1,1,0,1.0,0.7311,1
GrayLeafSpot443,2_foliar_disease,1,1,0,1.0,0.7311,1
GrayLeafSpot444,2_foliar_disease,1,1,0,1.0,0.7311,1
GrayLeafSpot445,2_foliar_disease,1,1,0,1.0,0.7311,1
GrayLeafSpot446,2_foliar_disease,1,1,0,1.0,0.7311,1
GrayLeafSpot447,2_foliar_disease,1,1,0,1.0,0.7311,1
GrayLeafSpot448,2_foliar_disease,1,1,0,1.0,0.7311,1
GrayLeafSpot449,2_foliar_disease,1,1,0,1.0,0.7311,1
GrayLeafSpot450,2_foliar_disease,1,1,0,1.0,0.7311,1
GrayLeafSpot451,2_foliar_disease,1,1,0,1.0,0.7311,1
GrayLeafSpot452,2_foliar_disease,1,1,0,1.0,0.7311,1
GrayLeafSpot453,2_foliar_disease,1,1,0,1.0,0.7311,1
GrayLeafSpot454,2_foliar_disease,1,1,0,1.0,0.7311,1
GrayLeafSpot455,2_foliar_disease,1,1,0,1.0,0.7311,1
GrayLeafSpot456,2_foliar_disease,1,1,0,1.0,0.7311,1
GrayLeafSpot457,2_foliar_disease,1,1,0,1.0,0.7311,1
GrayLeafSpot458,2_foliar_disease,1,1,0,1.0,0.7311,1
GrayLeafSpot459,2_foliar_disease,1,1,0,1.0,0.7311,1
GrayLeafSpot460,2_foliar_disease,1,1,0,1.0,0.7311,1
GrayLeafSpot461,2_foliar_disease,1,1,0,1.0,0.7311,1
GrayLeafSpot462,2_foliar_disease,1,1,0,1.0,0.7311,1
GrayLeafSpot463,2_foliar_disease,1,1,0,1.0,0.7311,1
GrayLeafSpot464,2_foliar_disease,1,1,0,1.0,0.7311,1
GrayLeafSpot465,2_foliar_disease,1,1,0,1.0,0.7311,1
GrayLeafSpot466,2_foliar_disease,1,1,0,1.0,0.7311,1
GrayLeafSpot467,2_foliar_disease,1,1,0,1.0,0.7311,1
GrayLeafSpot468,2_foliar_disease,1,1,0,1.0,0.7311,1
GrayLeafSpot469,2_foliar_disease,1,1,0,1.0,0.7311,1
GrayLeafSpot470,2_foliar_disease,1,1,0,1.0,0.7311,1
GrayLeafSpot471,2_foliar_disease,1,1,0,1.0,0.7311,1
GrayLeafSpot472,2_foliar_disease,1,1,0,1.0,0.7311,1
GrayLeafSpot473,2_foliar_disease,1,1,0,1.0,0.7311,1
GrayLeafSpot474,2_foliar_disease,1,1,0,1.0,0.7311,1
GrayLeafSpot475,2_foliar_disease,1,1,0,1.0,0.7311,1
GrayLeafSpot476,2_foliar_disease,1,1,0,1.0,0.7311,1
GrayLeafSpot477,2_foliar_disease,1,1,0,1.0,0.7311,1
GrayLeafSpot478,2_foliar_disease,1,1,0,1.0,0.7311,1
GrayLeafSpot479,2_foliar_disease,1,1,0,1.0,0.7311,1
GrayLeafSpot480,2_foliar_disease,1,1,0,1.0,0.7311,1
GrayLeafSpot481,2_foliar_disease,1,1,0,1.0,0.7311,1
GrayLeafSpot482,2_foliar_disease,1,1,0,1.0,0.7311,1
GrayLeafSpot483,2_foliar_disease,1,1,0,1.0,0.7311,1
GrayLeafSpot484,2_foliar_disease,1,1,0,1.0,0.7311,1
GrayLeafSpot485,2_foliar_disease,1,1,0,1.0,0.7311,1
GrayLeafSpot486,2_foliar_disease,1,1,0,1.0,0.7311,1
GrayLeafSpot487,2_foliar_disease,1,1,0,1.0,0.7311,1
GrayLeafSpot488,2_foliar_disease,1,1,0,1.0,0.7311,1
GrayLeafSpot489,2_foliar_disease,1,1,0,1.0,0.7311,1
GrayLeafSpot490,2_foliar_disease,1,1,0,1.0,0.7311,1
GrayLeafSpot491,2_foliar_disease,1,1,0,1.0,0.7311,1
GrayLeafSpot492,2_foliar_disease,1,1,0,1.0,0.7311,1
GrayLeafSpot493,2_foliar_disease,1,1,0,1.0,0.7311,1
GrayLeafSpot494,2_foliar_disease,1,1,0,1.0,0.7311,1
GrayLeafSpot495,2_foliar_disease,1,1,0,1.0,0.7311,1
GrayLeafSpot496,2_foliar_disease,1,1,0,1.0,0.7311,1
GrayLeafSpot497,2_foliar_disease,1,1,0,1.0,0.7311,1
GrayLeafSpot498,2_foliar_disease,1,1,0,1.0,0.7311,1
GrayLeafSpot499,2_foliar_disease,1,1,0,1.0,0.7311,1
GrayLeafSpot500,2_foliar_disease,1,1,0,1.0,0.7311,1
GrayLeafSpot501,2_foliar_disease,1,1,0,1.0,0.7311,1
GrayLeafSpot502,2_foliar_disease,1,1,0,1.0,0.7311,1
GrayLeafSpot503,2_foliar_disease,1,1,0,1.0,0.7311,1
GrayLeafSpot504,2_foliar_disease,1,1,0,1.0,0.7311,1
GrayLeafSpot505,2_foliar_disease,1,1,0,1.0,0.7311,1
GrayLeafSpot506,2_foliar_disease,1,1,0,1.0,0.7311,1
GrayLeafSpot507,2_foliar_disease,1,1,0,1.0,0.7311,1
GrayLeafSpot508,2_foliar_disease,1,1,0,1.0,0.7311,1
GrayLeafSpot509,2_foliar_disease,1,1,0,1.0,0.7311,1
GrayLeafSpot510,2_foliar_disease,1,1,0,1.0,0.7311,1
GrayLeafSpot511,2_foliar_disease,1,1,0,1.0,0.7311,1
GrayLeafSpot512,2_foliar_disease,1,1,0,1.0,0.7311,1
GrayLeafSpot513,2_foliar_disease,1,1,0,1.0,0.7311,1
GrayLeafSpot514,2_foliar_disease,1,1,0,1.0,0.7311,1
GrayLeafSpot515,2_foliar_disease,1,1,0,1.0,0.7311,1
GrayLeafSpot516,2_foliar_disease,1,1,0,1.0,0.7311,1
GrayLeafSpot517,2_foliar_disease,1,1,0,1.0,0.7311,1
GrayLeafSpot518,2_foliar_disease,1,1,0,1.0,0.7311,1
GrayLeafSpot519,2_foliar_disease,1,1,0,1.0,0.7311,1
GrayLeafSpot520,2_foliar_disease,1,1,0,1.0,0.7311,1
GrayLeafSpot521,2_foliar_disease,1,1,0,1.0,0.7311,1
GrayLeafSpot522,2_foliar_disease,1,1,0,1.0,0.7311,1
GrayLeafSpot523,2_foliar_disease,1,1,0,1.0,0.7311,1
GrayLeafSpot524,2_foliar_disease,1,1,0,1.0,0.7311,1
GrayLeafSpot525,2_foliar_disease,1,1,0,1.0,0.7311,1
GrayLeafSpot526,2_foliar_disease,1,1,0,1.0,0.7311,1
GrayLeafSpot527,2_foliar_disease,1,1,0,1.0,0.7311,1
GrayLeafSpot528,2_foliar_disease,1,1,0,1.0,0.7311,1
GrayLeafSpot529,2_foliar_disease,1,1,0,1.0,0.7311,1
GrayLeafSpot530,2_foliar_disease,1,1,0,1.0,0.7311,1
GrayLeafSpot531,2_foliar_disease,1,1,0,1.0,0.7311,1
GrayLeafSpot532,2_foliar_disease,1,1,0,1.0,0.7311,1
GrayLeafSpot533,2_foliar_disease,1,1,0,1.0,0.7311,1
GrayLeafSpot534,2_foliar_disease,1,1,0,1.0,0.7311,1
GrayLeafSpot535,2_foliar_disease,1,1,0,1.0,0.7311,1
GrayLeafSpot536,2_foliar_disease,1,1,0,1.0,0.7311,1
GrayLeafSpot537,2_foliar_disease,1,1,0,1.0,0.7311,1
GrayLeafSpot538,2_foliar_disease,1,1,0,1.0,0.7311,1
GrayLeafSpot539,2_foliar_disease,1,1,0,1.0,0.7311,1
GrayLeafSpot540,2_foliar_disease,1,1,0,1.0,0.7311,1
GrayLeafSpot541,2_foliar_disease,1,1,0,1.0,0.7311,1
GrayLeafSpot542,2_foliar_disease,1,1,0,1.0,0.7311,1
GrayLeafSpot543,2_foliar_disease,1,1,0,1.0,0.7311,1
GrayLeafSpot544,2_foliar_disease,1,1,0,1.0,0.7311,1
GrayLeafSpot545,2_foliar_disease,1,1,0,1.0,0.7311,1
GrayLeafSpot546,2_foliar_disease,1,1,0,1.0,0.7311,1
GrayLeafSpot547,2_foliar_disease,1,1,0,1.0,0.7311,1
GrayLeafSpot548,2_foliar_disease,1,1,0,1.0,0.7311,1
GrayLeafSpot549,2_foliar_disease,1,1,0,1.0,0.7311,1
GrayLeafSpot550,2_foliar_disease,1,1,0,1.0,0.7311,1
GrayLeafSpot551,2_foliar_disease,1,1,0,1.0,0.7311,1
GrayLeafSpot552,2_foliar_disease,1,1,0,1.0,0.7311,1
GrayLeafSpot553,2_foliar_disease,1,1,0,1.0,0.7311,1
GrayLeafSpot554,2_foliar_disease,1,1,0,1.0,0.7311,1
GrayLeafSpot555,2_foliar_disease,1,1,0,1.0,0.7311,1
GrayLeafSpot556,2_foliar_disease,1,1,0,1.0,0.7311,1
GrayLeafSpot557,2_foliar_disease,1,1,0,1.0,0.7311,1
GrayLeafSpot558,2_foliar_disease,1,1,0,1.0,0.7311,1
GrayLeafSpot559,2_foliar_disease,1,1,0,1.0,0.7311,1
GrayLeafSpot560,2_foliar_disease,1,1,0,1.0,0.7311,1
GrayLeafSpot561,2_foliar_disease,1,1,0,1.0,0.7311,1
GrayLeafSpot562,2_foliar_disease,1,1,0,1.0,0.7311,1
GrayLeafSpot563,2_foliar_disease,1,1,0,1.0,0.7311,1
GrayLeafSpot564,2_foliar_disease,1,1,0,1.0,0.7311,1
GrayLeafSpot565,2_foliar_disease,1,1,0,1.0,0.7311,1
GrayLeafSpot566,2_foliar_disease,1,1,0,1.0,0.7311,1
GrayLeafSpot567,2_foliar_disease,1,1,0,1.0,0.7311,1
GrayLeafSpot568,2_foliar_disease,1,1,0,1.0,0.7311,1
GrayLeafSpot569,2_foliar_disease,1,1,0,1.0,0.7311,1
GrayLeafSpot570,2_foliar_disease,1,1,0,1.0,0.7311,1
GrayLeafSpot571,2_foliar_disease,1,1,0,1.0,0.7311,1
GrayLeafSpot572,2_foliar_disease,1,1,0,1.0,0.7311,1
GrayLeafSpot573,2_foliar_disease,1,1,0,1.0,0.7311,1
GrayLeafSpot574,2_foliar_disease,1,1,0,1.0,0.7311,1
GrayLeafSpot575,2_foliar_disease,1,1,0,1.0,0.7311,1
GrayLeafSpot576,2_foliar_disease,1,1,0,1.0,0.7311,1
GrayLeafSpot577,2_foliar_disease,1,1,0,1.0,0.7311,1
GrayLeafSpot578,2_foliar_disease,1,1,0,1.0,0.7311,1
GrayLeafSpot579,2_foliar_disease,1,1,0,1.0,0.7311,1
GrayLeafSpot580,2_foliar_disease,1,1,0,1.0,0.7311,1
GrayLeafSpot581,2_foliar_disease,1,1,0,1.0,0.7311,1
GrayLeafSpot582,2_foliar_disease,1,1,0,1.0,0.7311,1
GrayLeafSpot583,2_foliar_disease,1,1,0,1.0,0.7311,1
GrayLeafSpot584,2_foliar_disease,1,1,0,1.0,0.7311,1
GrayLeafSpot585,2_foliar_disease,1,1,0,1.0,0.7311,1
GrayLeafSpot586,2_foliar_disease,1,1,0,1.0,0.7311,1
GrayLeafSpot587,2_foliar_disease,1,1,0,1.0,0.7311,1
GrayLeafSpot588,2_foliar_disease,1,1,0,1.0,0.7311,1
GrayLeafSpot589,2_foliar_disease,1,1,0,1.0,0.7311,1
GrayLeafSpot590,2_foliar_disease,1,1,0,1.0,0.7311,1
GrayLeafSpot591,2_foliar_disease,1,1,0,1.0,0.7311,1
GrayLeafSpot592,2_foliar_disease,1,1,0,1.0,0.7311,1
GrayLeafSpot593,2_foliar_disease,1,1,0,1.0,0.7311,1
GrayLeafSpot594,2_foliar_disease,1,1,0,1.0,0.7311,1
GrayLeafSpot595,2_foliar_disease,1,1,0,1.0,0.7311,1
GrayLeafSpot596,2_foliar_disease,1,1,0,1.0,0.7311,1
GrayLeafSpot597,2_foliar_disease,1,1,0,1.0,0.7311,1
GrayLeafSpot598,2_foliar_disease,1,1,0,1.0,0.7311,1
GrayLeafSpot599,2_foliar_disease,1,1,0,1.0,0.7311,1
GrayLeafSpot600,2_foliar_disease,1,1,0,1.0,0.7311,1
GrayLeafSpot601,2_foliar_disease,1,1,0,1.0,0.7311,1
GrayLeafSpot602,2_foliar_disease,1,1,0,1.0,0.7311,1
GrayLeafSpot603,2_foliar_disease,1,1,0,1.0,0.7311,1
GrayLeafSpot604,2_foliar_disease,1,1,0,1.0,0.7311,1
GrayLeafSpot605,2_foliar_disease,1,1,0,1.0,0.7311,1
GrayLeafSpot606,2_foliar_disease,1,1,0,1.0,0.7311,1
GrayLeafSpot607,2_foliar_disease,1,1,0,1.0,0.7311,1
GrayLeafSpot608,2_foliar_disease,1,1,0,1.0,0.7311,1
GrayLeafSpot609,2_foliar_disease,1,1,0,1.0,0.7311,1
GrayLeafSpot610,2_foliar_disease,1,1,0,1.0,0.7311,1
GrayLeafSpot611,2_foliar_disease,1,1,0,1.0,0.7311,1
GrayLeafSpot612,2_foliar_disease,1,1,0,1.0,0.7311,1
GrayLeafSpot613,2_foliar_disease,1,1,0,1.0,0.7311,1
GrayLeafSpot614,2_foliar_disease,1,1,0,1.0,0.7311,1
GrayLeafSpot615,2_foliar_disease,1,1,0,1.0,0.7311,1
GrayLeafSpot616,2_foliar_disease,1,1,0,1.0,0.7311,1
GrayLeafSpot617,2_foliar_disease,1,1,0,1.0,0.7311,1
GrayLeafSpot618,2_foliar_disease,1,1,0,1.0,0.7311,1
GrayLeafSpot619,2_foliar_disease,1,1,0,1.0,0.7311,1
GrayLeafSpot620,2_foliar_disease,1,1,0,1.0,0.7311,1
GrayLeafSpot621,2_foliar_disease,1,1,0,1.0,0.7311,1
GrayLeafSpot622,2_foliar_disease,1,1,0,1.0,0.7311,1
GrayLeafSpot623,2_foliar_disease,1,1,0,1.0,0.7311,1
GrayLeafSpot624,2_foliar_disease,1,1,0,1.0,0.7311,1
GrayLeafSpot625,2_foliar_disease,1,1,0,1.0,0.7311,1
GrayLeafSpot626,2_foliar_disease,1,1,0,1.0,0.7311,1
GrayLeafSpot627,2_foliar_disease,1,1,0,1.0,0.7311,1
GrayLeafSpot628,2_foliar_disease,1,1,0,1.0,0.7311,1
GrayLeafSpot629,2_foliar_disease,1,1,0,1.0,0.7311,1
GrayLeafSpot630,2_foliar_disease,1,1,0,1.0,0.7311,1
GrayLeafSpot631,2_foliar_disease,1,1,0,1.0,0.7311,1
GrayLeafSpot632,2_foliar_disease,1,1,0,1.0,0.7311,1
GrayLeafSpot633,2_foliar_disease,1,1,0,1.0,0.7311,1
GrayLeafSpot634,2_foliar_disease,1,1,0,1.0,0.7311,1
GrayLeafSpot635,2_foliar_disease,1,1,0,1.0,0.7311,1
GrayLeafSpot636,2_foliar_disease,1,1,0,1.0,0.7311,1
GrayLeafSpot637,2_foliar_disease,1,1,0,1.0,0.7311,1
GrayLeafSpot638,2_foliar_disease,1,1,0,1.0,0.7311,1
GrayLeafSpot639,2_foliar_disease,1,1,0,1.0,0.7311,1
GrayLeafSpot640,2_foliar_disease,1,1,0,1.0,0.7311,1
GrayLeafSpot641,2_foliar_disease,1,1,0,1.0,0.7311,1
GrayLeafSpot642,2_foliar_disease,1,1,0,1.0,0.7311,1
GrayLeafSpot643,2_foliar_disease,1,1,0,1.0,0.7311,1
GrayLeafSpot644,2_foliar_disease,1,1,0,1.0,0.7311,1
GrayLeafSpot645,2_foliar_disease,1,1,0,1.0,0.7311,1
GrayLeafSpot646,2_foliar_disease,1,1,0,1.0,0.7311,1
GrayLeafSpot647,2_foliar_disease,1,1,0,1.0,0.7311,1
GrayLeafSpot648,2_foliar_disease,1,1,0,1.0,0.7311,1
GrayLeafSpot649,2_foliar_disease,1,1,0,1.0,0.7311,1
GrayLeafSpot650,2_foliar_disease,1,1,0,1.0,0.7311,1
GrayLeafSpot651,2_foliar_disease,1,1,0,1.0,0.7311,1
GrayLeafSpot652,2_foliar_disease,1,1,0,1.0,0.7311,1
GrayLeafSpot653,2_foliar_disease,1,1,0,1.0,0.7311,1
GrayLeafSpot654,2_foliar_disease,1,1,0,1.0,0.7311,1
GrayLeafSpot655,2_foliar_disease,1,1,0,1.0,0.7311,1
GrayLeafSpot656,2_foliar_disease,1,1,0,1.0,0.7311,1
GrayLeafSpot657,2_foliar_disease,1,1,0,1.0,0.7311,1
GrayLeafSpot658,2_foliar_disease,1,1,0,1.0,0.7311,1
GrayLeafSpot659,2_foliar_disease,1,1,0,1.0,0.7311,1
GrayLeafSpot660,2_foliar_disease,1,1,0,1.0,0.7311,1
GrayLeafSpot661,2_foliar_disease,1,1,0,1.0,0.7311,1
GrayLeafSpot662,2_foliar_disease,1,1,0,1.0,0.7311,1
GrayLeafSpot663,2_foliar_disease,1,1,0,1.0,0.7311,1
GrayLeafSpot664,2_foliar_disease,1,1,0,1.0,0.7311,1
GrayLeafSpot665,2_foliar_disease,1,1,0,1.0,0.7311,1
GrayLeafSpot666,2_foliar_disease,1,1,0,1.0,0.7311,1
GrayLeafSpot667,2_foliar_disease,1,1,0,1.0,0.7311,1
GrayLeafSpot668,2_foliar_disease,1,1,0,1.0,0.7311,1
GrayLeafSpot669,2_foliar_disease,1,1,0,1.0,0.7311,1
GrayLeafSpot670,2_foliar_disease,1,1,0,1.0,0.7311,1
GrayLeafSpot671,2_foliar_disease,1,1,0,1.0,0.7311,1
GrayLeafSpot672,2_foliar_disease,1,1,0,1.0,0.7311,1
GrayLeafSpot673,2_foliar_disease,1,1,0,1.0,0.7311,1
GrayLeafSpot674,2_foliar_disease,1,1,0,1.0,0.7311,1
GrayLeafSpot675,2_foliar_disease,1,1,0,1.0,0.7311,1
GrayLeafSpot676,2_foliar_disease,1,1,0,1.0,0.7311,1
GrayLeafSpot677,2_foliar_disease,1,1,0,1.0,0.7311,1
GrayLeafSpot678,2_foliar_disease,1,1,0,1.0,0.7311,1
GrayLeafSpot679,2_foliar_disease,1,1,0,1.0,0.7311,1
GrayLeafSpot680,2_foliar_disease,1,1,0,1.0,0.7311,1
GrayLeafSpot681,2_foliar_disease,1,1,0,1.0,0.7311,1
GrayLeafSpot682,2_foliar_disease,1,1,0,1.0,0.7311,1
GrayLeafSpot683,2_foliar_disease,1,1,0,1.0,0.7311,1
GrayLeafSpot684,2_foliar_disease,1,1,0,1.0,0.7311,1
GrayLeafSpot685,2_foliar_disease,1,1,0,1.0,0.7311,1
GrayLeafSpot686,2_foliar_disease,1,1,0,1.0,0.7311,1
GrayLeafSpot687,2_foliar_disease,1,1,0,1.0,0.7311,1
GrayLeafSpot688,2_foliar_disease,1,1,0,1.0,0.7311,1
GrayLeafSpot689,2_foliar_disease,1,1,0,1.0,0.7311,1
GrayLeafSpot690,2_foliar_disease,1,1,0,1.0,0.7311,1
GrayLeafSpot691,2_foliar_disease,1,1,0,1.0,0.7311,1
GrayLeafSpot692,2_foliar_disease,1,1,0,1.0,0.7311,1
GrayLeafSpot693,2_foliar_disease,1,1,0,1.0,0.7311,1
GrayLeafSpot694,2_foliar_disease,1,1,0,1.0,0.7311,1
GrayLeafSpot695,2_foliar_disease,1,1,0,1.0,0.7311,1
GrayLeafSpot696,2_foliar_disease,1,1,0,1.0,0.7311,1
GrayLeafSpot697,2_foliar_disease,1,1,0,1.0,0.7311,1
GrayLeafSpot698,2_foliar_disease,1,1,0,1.0,0.7311,1
GrayLeafSpot699,2_foliar_disease,1,1,0,1.0,0.7311,1
GrayLeafSpot700,2_foliar_disease,1,1,0,1.0,0.7311,1
GrayLeafSpot701,2_foliar_disease,1,1,0,1.0,0.7311,1
GrayLeafSpot702,2_foliar_disease,1,1,0,1.0,0.7311,1
GrayLeafSpot703,2_foliar_disease,1,1,0,1.0,0.7311,1
GrayLeafSpot704,2_foliar_disease,1,1,0,1.0,0.7311,1
GrayLeafSpot705,2_foliar_disease,1,1,0,1.0,0.7311,1
GrayLeafSpot706,2_foliar_disease,1,1,0,1.0,0.7311,1
GrayLeafSpot707,2_foliar_disease,1,1,0,1.0,0.7311,1
GrayLeafSpot708,2_foliar_disease,1,1,0,1.0,0.7311,1
GrayLeafSpot709,2_foliar_disease,1,1,0,1.0,0.7311,1
GrayLeafSpot710,2_foliar_disease,1,1,0,1.0,0.7311,1
GrayLeafSpot711,2_foliar_disease,1,1,0,1.0,0.7311,1
GrayLeafSpot712,2_foliar_disease,1,1,0,1.0,0.7311,1
GrayLeafSpot713,2_foliar_disease,1,1,0,1.0,0.7311,1
GrayLeafSpot714,2_foliar_disease,1,1,0,1.0,0.7311,1
GrayLeafSpot715,2_foliar_disease,1,1,0,1.0,0.7311,1
GrayLeafSpot716,2_foliar_disease,1,1,0,1.0,0.7311,1
GrayLeafSpot717,2_foliar_disease,1,1,0,1.0,0.7311,1
GrayLeafSpot718,2_foliar_disease,1,1,0,1.0,0.7311,1
GrayLeafSpot719,2_foliar_disease,1,1,0,1.0,0.7311,1
GrayLeafSpot720,2_foliar_disease,1,1,0,1.0,0.7311,1
GrayLeafSpot721,2_foliar_disease,1,1,0,1.0,0.7311,1
GrayLeafSpot722,2_foliar_disease,1,1,0,1.0,0.7311,1
GrayLeafSpot723,2_foliar_disease,1,1,0,1.0,0.7311,1
GrayLeafSpot724,2_foliar_disease,1,1,0,1.0,0.7311,1
GrayLeafSpot725,2_foliar_disease,1,1,0,1.0,0.7311,1
GrayLeafSpot726,2_foliar_disease,1,1,0,1.0,0.7311,1
GrayLeafSpot727,2_foliar_disease,1,1,0,1.0,0.7311,1
GrayLeafSpot728,2_foliar_disease,1,1,0,1.0,0.7311,1
GrayLeafSpot729,2_foliar_disease,1,1,0,1.0,0.7311,1
GrayLeafSpot730,2_foliar_disease,1,1,0,1.0,0.7311,1
GrayLeafSpot731,2_foliar_disease,1,1,0,1.0,0.7311,1
GrayLeafSpot732,2_foliar_disease,1,1,0,1.0,0.7311,1
GrayLeafSpot733,2_foliar_disease,1,1,0,1.0,0.7311,1
GrayLeafSpot734,2_foliar_disease,1,1,0,1.0,0.7311,1
GrayLeafSpot735,2_foliar_disease,1,1,0,1.0,0.7311,1
GrayLeafSpot736,2_foliar_disease,1,1,0,1.0,0.7311,1
GrayLeafSpot737,2_foliar_disease,1,1,0,1.0,0.7311,1
GrayLeafSpot738,2_foliar_disease,1,1,0,1.0,0.7311,1
GrayLeafSpot739,2_foliar_disease,1,1,0,1.0,0.7311,1
GrayLeafSpot740,2_foliar_disease,1,1,0,1.0,0.7311,1
GrayLeafSpot741,2_foliar_disease,1,1,0,1.0,0.7311,1
GrayLeafSpot742,2_foliar_disease,1,1,0,1.0,0.7311,1
GrayLeafSpot743,2_foliar_disease,1,1,0,1.0,0.7311,1
GrayLeafSpot744,2_foliar_disease,1,1,0,1.0,0.7311,1
GrayLeafSpot745,2_foliar_disease,1,1,0,1.0,0.7311,1
GrayLeafSpot746,2_foliar_disease,1,1,0,1.0,0.7311,1
GrayLeafSpot747,2_foliar_disease,1,1,0,1.0,0.7311,1
GrayLeafSpot748,2_foliar_disease,1,1,0,1.0,0.7311,1
GrayLeafSpot749,2_foliar_disease,1,1,0,1.0,0.7311,1
GrayLeafSpot750,2_foliar_disease,1,1,0,1.0,0.7311,1
GrayLeafSpot751,2_foliar_disease,1,1,0,1.0,0.7311,1
GrayLeafSpot752,2_foliar_disease,1,1,0,1.0,0.7311,1
GrayLeafSpot753,2_foliar_disease,1,1,0,1.0,0.7311,1
GrayLeafSpot754,2_foliar_disease,1,1,0,1.0,0.7311,1
GrayLeafSpot755,2_foliar_disease,1,1,0,1.0,0.7311,1
GrayLeafSpot756,2_foliar_disease,1,1,0,1.0,0.7311,1
GrayLeafSpot757,2_foliar_disease,1,1,0,1.0,0.7311,1
GrayLeafSpot758,2_foliar_disease,1,1,0,1.0,0.7311,1
GrayLeafSpot759,2_foliar_disease,1,1,0,1.0,0.7311,1
GrayLeafSpot760,2_foliar_disease,1,1,0,1.0,0.7311,1
GrayLeafSpot761,2_foliar_disease,1,1,0,1.0,0.7311,1
GrayLeafSpot762,2_foliar_disease,1,1,0,1.0,0.7311,1
GrayLeafSpot763,2_foliar_disease,1,1,0,1.0,0.7311,1
GrayLeafSpot764,2_foliar_disease,1,1,0,1.0,0.7311,1
GrayLeafSpot765,2_foliar_disease,1,1,0,1.0,0.7311,1
GrayLeafSpot766,2_foliar_disease,1,1,0,1.0,0.7311,1
GrayLeafSpot767,2_foliar_disease,1,1,0,1.0,0.7311,1
GrayLeafSpot768,2_foliar_disease,1,1,0,1.0,0.7311,1
GrayLeafSpot769,2_foliar_disease,1,1,0,1.0,0.7311,1
GrayLeafSpot770,2_foliar_disease,1,1,0,1.0,0.7311,1
GrayLeafSpot771,2_foliar_disease,1,1,0,1.0,0.7311,1
GrayLeafSpot772,2_foliar_disease,1,1,0,1.0,0.7311,1
GrayLeafSpot773,2_foliar_disease,1,1,0,1.0,0.7311,1
GrayLeafSpot774,2_foliar_disease,1,1,0,1.0,0.7311,1
GrayLeafSpot775,2_foliar_disease,1,1,0,1.0,0.7311,1
GrayLeafSpot776,2_foliar_disease,1,1,0,1.0,0.7311,1
GrayLeafSpot777,2_foliar_disease,1,1,0,1.0,0.7311,1
GrayLeafSpot778,2_foliar_disease,1,1,0,1.0,0.7311,1
GrayLeafSpot779,2_foliar_disease,1,1,0,1.0,0.7311,1
GrayLeafSpot780,2_foliar_disease,1,1,0,1.0,0.7311,1
GrayLeafSpot781,2_foliar_disease,1,1,0,1.0,0.7311,1
GrayLeafSpot782,2_foliar_disease,1,1,0,1.0,0.7311,1
GrayLeafSpot783,2_foliar_disease,1,1,0,1.0,0.7311,1
GrayLeafSpot784,2_foliar_disease,1,1,0,1.0,0.7311,1
GrayLeafSpot785,2_foliar_disease,1,1,0,1.0,0.7311,1
GrayLeafSpot786,2_foliar_disease,1,1,0,1.0,0.7311,1
GrayLeafSpot787,2_foliar_disease,1,1,0,1.0,0.7311,1
GrayLeafSpot788,2_foliar_disease,1,1,0,1.0,0.7311,1
GrayLeafSpot789,2_foliar_disease,1,1,0,1.0,0.7311,1
GrayLeafSpot790,2_foliar_disease,1,1,0,1.0,0.7311,1
GrayLeafSpot791,2_foliar_disease,1,1,0,1.0,0.7311,1
GrayLeafSpot792,2_foliar_disease,1,1,0,1.0,0.7311,1
GrayLeafSpot793,2_foliar_disease,1,1,0,1.0,0.7311,1
GrayLeafSpot794,2_foliar_disease,1,1,0,1.0,0.7311,1
GrayLeafSpot795,2_foliar_disease,1,1,0,1.0,0.7311,1
GrayLeafSpot796,2_foliar_disease,1,1,0,1.0,0.7311,1
GrayLeafSpot797,2_foliar_disease,1,1,0,1.0,0.7311,1
GrayLeafSpot798,2_foliar_disease,1,1,0,1.0,0.7311,1
GrayLeafSpot799,2_foliar_disease,1,1,0,1.0,0.7311,1
GrayLeafSpot800,2_foliar_disease,1,1,0,1.0,0.7311,1
GrayLeafSpot801,2_foliar_disease,1,1,0,1.0,0.7311,1
GrayLeafSpot802,2_foliar_disease,1,1,0,1.0,0.7311,1
GrayLeafSpot803,2_foliar_disease,1,1,0,1.0,0.7311,1
GrayLeafSpot804,2_foliar_disease,1,1,0,1.0,0.7311,1
GrayLeafSpot805,2_foliar_disease,1,1,0,1.0,0.7311,1
GrayLeafSpot806,2_foliar_disease,1,1,0,1.0,0.7311,1
GrayLeafSpot807,2_foliar_disease,1,1,0,1.0,0.7311,1
GrayLeafSpot808,2_foliar_disease,1,1,0,1.0,0.7311,1
GrayLeafSpot809,2_foliar_disease,1,1,0,1.0,0.7311,1
GrayLeafSpot810,2_foliar_disease,1,1,0,1.0,0.7311,1
GrayLeafSpot811,2_foliar_disease,1,1,0,1.0,0.7311,1
GrayLeafSpot812,2_foliar_disease,1,1,0,1.0,0.7311,1
GrayLeafSpot813,2_foliar_disease,1,1,0,1.0,0.7311,1
GrayLeafSpot814,2_foliar_disease,1,1,0,1.0,0.7311,1
GrayLeafSpot815,2_foliar_disease,1,1,0,1.0,0.7311,1
GrayLeafSpot816,2_foliar_disease,1,1,0,1.0,0.7311,1
GrayLeafSpot817,2_foliar_disease,1,1,0,1.0,0.7311,1
GrayLeafSpot818,2_foliar_disease,1,1,0,1.0,0.7311,1
GrayLeafSpot819,2_foliar_disease,1,1,0,1.0,0.7311,1
GrayLeafSpot820,2_foliar_disease,1,1,0,1.0,0.7311,1
GrayLeafSpot821,2_foliar_disease,1,1,0,1.0,0.7311,1
GrayLeafSpot822,2_foliar_disease,1,1,0,1.0,0.7311,1
GrayLeafSpot823,2_foliar_disease,1,1,0,1.0,0.7311,1
GrayLeafSpot824,2_foliar_disease,1,1,0,1.0,0.7311,1
GrayLeafSpot825,2_foliar_disease,1,1,0,1.0,0.7311,1
GrayLeafSpot826,2_foliar_disease,1,1,0,1.0,0.7311,1
GrayLeafSpot827,2_foliar_disease,1,1,0,1.0,0.7311,1
GrayLeafSpot828,2_foliar_disease,1,1,0,1.0,0.7311,1
GrayLeafSpot829,2_foliar_disease,1,1,0,1.0,0.7311,1
GrayLeafSpot830,2_foliar_disease,1,1,0,1.0,0.7311,1
GrayLeafSpot831,2_foliar_disease,1,1,0,1.0,0.7311,1
GrayLeafSpot832,2_foliar_disease,1,1,0,1.0,0.7311,1
GrayLeafSpot833,2_foliar_disease,1,1,0,1.0,0.7311,1
GrayLeafSpot834,2_foliar_disease,1,1,0,1.0,0.7311,1
GrayLeafSpot835,2_foliar_disease,1,1,0,1.0,0.7311,1
GrayLeafSpot836,2_foliar_disease,1,1,0,1.0,0.7311,1
GrayLeafSpot837,2_foliar_disease,1,1,0,1.0,0.7311,1
GrayLeafSpot838,2_foliar_disease,1,1,0,1.0,0.7311,1
GrayLeafSpot839,2_foliar_disease,1,1,0,1.0,0.7311,1
GrayLeafSpot840,2_foliar_disease,1,1,0,1.0,0.7311,1
GrayLeafSpot841,2_foliar_disease,1,1,0,1.0,0.7311,1
GrayLeafSpot842,2_foliar_disease,1,1,0,1.0,0.7311,1
GrayLeafSpot843,2_foliar_disease,1,1,0,1.0,0.7311,1
GrayLeafSpot844,2_foliar_disease,1,1,0,1.0,0.7311,1
GrayLeafSpot845,2_foliar_disease,1,1,0,1.0,0.7311,1
GrayLeafSpot846,2_foliar_disease,1,1,0,1.0,0.7311,1
GrayLeafSpot847,2_foliar_disease,1,1,0,1.0,0.7311,1
GrayLeafSpot848,2_foliar_disease,1,1,0,1.0,0.7311,1
GrayLeafSpot849,2_foliar_disease,1,1,0,1.0,0.7311,1
GrayLeafSpot850,2_foliar_disease,1,1,0,1.0,0.7311,1
GrayLeafSpot851,2_foliar_disease,1,1,0,1.0,0.7311,1
GrayLeafSpot852,2_foliar_disease,1,1,0,1.0,0.7311,1
GrayLeafSpot853,2_foliar_disease,1,1,0,1.0,0.7311,1
GrayLeafSpot854,2_foliar_disease,1,1,0,1.0,0.7311,1
GrayLeafSpot855,2_foliar_disease,1,1,0,1.0,0.7311,1
GrayLeafSpot856,2_foliar_disease,1,1,0,1.0,0.7311,1
GrayLeafSpot857,2_foliar_disease,1,1,0,1.0,0.7311,1
GrayLeafSpot858,2_foliar_disease,1,1,0,1.0,0.7311,1
GrayLeafSpot859,2_foliar_disease,1,1,0,1.0,0.7311,1
GrayLeafSpot860,2_foliar_disease,1,1,0,1.0,0.7311,1
GrayLeafSpot861,2_foliar_disease,1,1,0,1.0,0.7311,1
GrayLeafSpot862,2_foliar_disease,1,1,0,1.0,0.7311,1
GrayLeafSpot863,2_foliar_disease,1,1,0,1.0,0.7311,1
GrayLeafSpot864,2_foliar_disease,1,1,0,1.0,0.7311,1
GrayLeafSpot865,2_foliar_disease,1,1,0,1.0,0.7311,1
GrayLeafSpot866,2_foliar_disease,1,1,0,1.0,0.7311,1
GrayLeafSpot867,2_foliar_disease,1,1,0,1.0,0.7311,1
GrayLeafSpot868,2_foliar_disease,1,1,0,1.0,0.7311,1
GrayLeafSpot869,2_foliar_disease,1,1,0,1.0,0.7311,1
GrayLeafSpot870,2_foliar_disease,1,1,0,1.0,0.7311,1
GrayLeafSpot871,2_foliar_disease,1,1,0,1.0,0.7311,1
GrayLeafSpot872,2_foliar_disease,1,1,0,1.0,0.7311,1
GrayLeafSpot873,2_foliar_disease,1,1,0,1.0,0.7311,1
GrayLeafSpot874,2_foliar_disease,1,1,0,1.0,0.7311,1
GrayLeafSpot875,2_foliar_disease,1,1,0,1.0,0.7311,1
GrayLeafSpot876,2_foliar_disease,1,1,0,1.0,0.7311,1
GrayLeafSpot877,2_foliar_disease,1,1,0,1.0,0.7311,1
GrayLeafSpot878,2_foliar_disease,1,1,0,1.0,0.7311,1
GrayLeafSpot879,2_foliar_disease,1,1,0,1.0,0.7311,1
GrayLeafSpot880,2_foliar_disease,1,1,0,1.0,0.7311,1
GrayLeafSpot881,2_foliar_disease,1,1,0,1.0,0.7311,1
GrayLeafSpot882,2_foliar_disease,1,1,0,1.0,0.7311,1
GrayLeafSpot883,2_foliar_disease,1,1,0,1.0,0.7311,1
GrayLeafSpot884,2_foliar_disease,1,1,0,1.0,0.7311,1
GrayLeafSpot885,2_foliar_disease,1,1,0,1.0,0.7311,1
GrayLeafSpot886,2_foliar_disease,1,1,0,1.0,0.7311,1
GrayLeafSpot887,2_foliar_disease,1,1,0,1.0,0.7311,1
GrayLeafSpot888,2_foliar_disease,1,1,0,1.0,0.7311,1
GrayLeafSpot889,2_foliar_disease,1,1,0,1.0,0.7311,1
GrayLeafSpot890,2_foliar_disease,1,1,0,1.0,0.7311,1
GrayLeafSpot891,2_foliar_disease,1,1,0,1.0,0.7311,1
GrayLeafSpot892,2_foliar_disease,1,1,0,1.0,0.7311,1
GrayLeafSpot893,2_foliar_disease,1,1,0,1.0,0.7311,1
GrayLeafSpot894,2_foliar_disease,1,1,0,1.0,0.7311,1
GrayLeafSpot895,2_foliar_disease,1,1,0,1.0,0.7311,1
GrayLeafSpot896,2_foliar_disease,1,1,0,1.0,0.7311,1
GrayLeafSpot897,2_foliar_disease,1,1,0,1.0,0.7311,1
GrayLeafSpot898,2_foliar_disease,1,1,0,1.0,0.7311,1
GrayLeafSpot899,2_foliar_disease,1,1,0,1.0,0.7311,1
GrayLeafSpot900,2_foliar_disease,1,1,0,1.0,0.7311,1
GrayLeafSpot901,2_foliar_disease,1,1,0,1.0,0.7311,1
GrayLeafSpot902,2_foliar_disease,1,1,0,1.0,0.7311,1
GrayLeafSpot903,2_foliar_disease,1,1,0,1.0,0.7311,1
GrayLeafSpot904,2_foliar_disease,1,1,0,1.0,0.7311,1
GrayLeafSpot905,2_foliar_disease,1,1,0,1.0,0.7311,1
GrayLeafSpot906,2_foliar_disease,1,1,0,1.0,0.7311,1
GrayLeafSpot907,2_foliar_disease,1,1,0,1.0,0.7311,1
GrayLeafSpot908,2_foliar_disease,1,1,0,1.0,0.7311,1
GrayLeafSpot909,2_foliar_disease,1,1,0,1.0,0.7311,1
GrayLeafSpot910,2_foliar_disease,1,1,0,1.0,0.7311,1
GrayLeafSpot911,2_foliar_disease,1,1,0,1.0,0.7311,1
GrayLeafSpot912,2_foliar_disease,1,1,0,1.0,0.7311,1
GrayLeafSpot913,2_foliar_disease,1,1,0,1.0,0.7311,1
GrayLeafSpot914,2_foliar_disease,1,1,0,1.0,0.7311,1
GrayLeafSpot915,2_foliar_disease,1,1,0,1.0,0.7311,1
GrayLeafSpot916,2_foliar_disease,1,1,0,1.0,0.7311,1
GrayLeafSpot917,2_foliar_disease,1,1,0,1.0,0.7311,1
GrayLeafSpot918,2_foliar_disease,1,1,0,1.0,0.7311,1
GrayLeafSpot919,2_foliar_disease,1,1,0,1.0,0.7311,1
GrayLeafSpot920,2_foliar_disease,1,1,0,1.0,0.7311,1
GrayLeafSpot921,2_foliar_disease,1,1,0,1.0,0.7311,1
GrayLeafSpot922,2_foliar_disease,1,1,0,1.0,0.7311,1
GrayLeafSpot923,2_foliar_disease,1,1,0,1.0,0.7311,1
GrayLeafSpot924,2_foliar_disease,1,1,0,1.0,0.7311,1
GrayLeafSpot925,2_foliar_disease,1,1,0,1.0,0.7311,1
GrayLeafSpot926,2_foliar_disease,1,1,0,1.0,0.7311,1
GrayLeafSpot927,2_foliar_disease,1,1,0,1.0,0.7311,1
GrayLeafSpot928,2_foliar_disease,1,1,0,1.0,0.7311,1
GrayLeafSpot929,2_foliar_disease,1,1,0,1.0,0.7311,1
GrayLeafSpot930,2_foliar_disease,1,1,0,1.0,0.7311,1
GrayLeafSpot931,2_foliar_disease,1,1,0,1.0,0.7311,1
GrayLeafSpot932,2_foliar_disease,1,1,0,1.0,0.7311,1
GrayLeafSpot933,2_foliar_disease,1,1,0,1.0,0.7311,1
GrayLeafSpot934,2_foliar_disease,1,1,0,1.0,0.7311,1
GrayLeafSpot935,2_foliar_disease,1,1,0,1.0,0.7311,1
GrayLeafSpot936,2_foliar_disease,1,1,0,1.0,0.7311,1
GrayLeafSpot937,2_foliar_disease,1,1,0,1.0,0.7311,1
GrayLeafSpot938,2_foliar_disease,1,1,0,1.0,0.7311,1
GrayLeafSpot939,2_foliar_disease,1,1,0,1.0,0.7311,1
GrayLeafSpot940,2_foliar_disease,1,1,0,1.0,0.7311,1
GrayLeafSpot941,2_foliar_disease,1,1,0,1.0,0.7311,1
GrayLeafSpot942,2_foliar_disease,1,1,0,1.0,0.7311,1
GrayLeafSpot943,2_foliar_disease,1,1,0,1.0,0.7311,1
GrayLeafSpot944,2_foliar_disease,1,1,0,1.0,0.7311,1
GrayLeafSpot945,2_foliar_disease,1,1,0,1.0,0.7311,1
GrayLeafSpot946,2_foliar_disease,1,1,0,1.0,0.7311,1
GrayLeafSpot947,2_foliar_disease,1,1,0,1.0,0.7311,1
GrayLeafSpot948,2_foliar_disease,1,1,0,1.0,0.7311,1
GrayLeafSpot949,2_foliar_disease,1,1,0,1.0,0.7311,1
GrayLeafSpot950,2_foliar_disease,1,1,0,1.0,0.7311,1
GrayLeafSpot951,2_foliar_disease,1,1,0,1.0,0.7311,1
GrayLeafSpot952,2_foliar_disease,1,1,0,1.0,0.7311,1
GrayLeafSpot953,2_foliar_disease,1,1,0,1.0,0.7311,1
GrayLeafSpot954,2_foliar_disease,1,1,0,1.0,0.7311,1
GrayLeafSpot955,2_foliar_disease,1,1,0,1.0,0.7311,1
GrayLeafSpot956,2_foliar_disease,1,1,0,1.0,0.7311,1
GrayLeafSpot957,2_foliar_disease,1,1,0,1.0,0.7311,1
GrayLeafSpot958,2_foliar_disease,1,1,0,1.0,0.7311,1
GrayLeafSpot959,2_foliar_disease,1,1,0,1.0,0.7311,1
GrayLeafSpot960,2_foliar_disease,1,1,0,1.0,0.7311,1
GrayLeafSpot961,2_foliar_disease,1,1,0,1.0,0.7311,1
GrayLeafSpot962,2_foliar_disease,1,1,0,1.0,0.7311,1
GrayLeafSpot963,2_foliar_disease,1,1,0,1.0,0.7311,1
GrayLeafSpot964,2_foliar_disease,1,1,0,1.0,0.7311,1
GrayLeafSpot965,2_foliar_disease,1,1,0,1.0,0.7311,1
GrayLeafSpot966,2_foliar_disease,1,1,0,1.0,0.7311,1
GrayLeafSpot967,2_foliar_disease,1,1,0,1.0,0.7311,1
GrayLeafSpot968,2_foliar_disease,1,1,0,1.0,0.7311,1
GrayLeafSpot969,2_foliar_disease,1,1,0,1.0,0.7311,1
GrayLeafSpot970,2_foliar_disease,1,1,0,1.0,0.7311,1
GrayLeafSpot971,2_foliar_disease,1,1,0,1.0,0.7311,1
GrayLeafSpot972,2_foliar_disease,1,1,0,1.0,0.7311,1
GrayLeafSpot973,2_foliar_disease,1,1,0,1.0,0.7311,1
GrayLeafSpot974,2_foliar_disease,1,1,0,1.0,0.7311,1
GrayLeafSpot975,2_foliar_disease,1,1,0,1.0,0.7311,1
GrayLeafSpot976,2_foliar_disease,1,1,0,1.0,0.7311,1
GrayLeafSpot977,2_foliar_disease,1,1,0,1.0,0.7311,1
GrayLeafSpot978,2_foliar_disease,1,1,0,1.0,0.7311,1
GrayLeafSpot979,2_foliar_disease,1,1,0,1.0,0.7311,1
GrayLeafSpot980,2_foliar_disease,1,1,0,1.0,0.7311,1
GrayLeafSpot981,2_foliar_disease,1,1,0,1.0,0.7311,1
GrayLeafSpot982,2_foliar_disease,1,1,0,1.0,0.7311,1
GrayLeafSpot983,2_foliar_disease,1,1,0,1.0,0.7311,1
GrayLeafSpot984,2_foliar_disease,1,1,0,1.0,0.7311,1
GrayLeafSpot985,2_foliar_disease,1,1,0,1.0,0.7311,1
GrayLeafSpot986,2_foliar_disease,1,1,0,1.0,0.7311,1
GrayLeafSpot987,2_foliar_disease,1,1,0,1.0,0.7311,1
GrayLeafSpot988,2_foliar_disease,1,1,0,1.0,0.7311,1
GrayLeafSpot989,2_foliar_disease,1,1,0,1.0,0.7311,1
GrayLeafSpot990,2_foliar_disease,1,1,0,1.0,0.7311,1
GrayLeafSpot991,2_foliar_disease,1,1,0,1.0,0.7311,1
GrayLeafSpot992,2_foliar_disease,1,1,0,1.0,0.7311,1
GrayLeafSpot993,2_foliar_disease,1,1,0,1.0,0.7311,1
GrayLeafSpot994,2_foliar_disease,1,1,0,1.0,0.7311,1
GrayLeafSpot995,2_foliar_disease,1,1,0,1.0,0.7311,1
GrayLeafSpot996,2_foliar_disease,1,1,0,1.0,0.7311,1
GrayLeafSpot997,2_foliar_disease,1,1,0,1.0,0.7311,1
GrayLeafSpot998,2_foliar_disease,1,1,0,1.0,0.7311,1
GrayLeafSpot999,2_foliar_disease,1,1,0,1.0,0.7311,1
LeafRot001,2_foliar_disease,1,1,0,1.0,0.7311,1
LeafRot002,2_foliar_disease,1,1,0,1.0,0.7311,1
LeafRot003,2_foliar_disease,1,1,0,1.0,0.7311,1
LeafRot004,2_foliar_disease,1,1,0,1.0,0.7311,1
LeafRot005,2_foliar_disease,1,1,0,1.0,0.7311,1
LeafRot006,2_foliar_disease,1,1,0,1.0,0.7311,1
LeafRot007,2_foliar_disease,1,1,0,1.0,0.7311,1
LeafRot008,2_foliar_disease,1,1,0,1.0,0.7311,1
LeafRot009,2_foliar_disease,1,1,0,1.0,0.7311,1
LeafRot010,2_foliar_disease,1,1,0,1.0,0.7311,1
LeafRot011,2_foliar_disease,1,1,0,1.0,0.7311,1
LeafRot012,2_foliar_disease,1,1,0,1.0,0.7311,1
LeafRot013,2_foliar_disease,1,1,0,1.0,0.7311,1
LeafRot014,2_foliar_disease,1,1,0,1.0,0.7311,1
LeafRot015,2_foliar_disease,1,1,0,1.0,0.7311,1
LeafRot016,2_foliar_disease,1,1,0,1.0,0.7311,1
LeafRot017,2_foliar_disease,1,1,0,1.0,0.7311,1
LeafRot018,2_foliar_disease,1,1,0,1.0,0.7311,1
LeafRot019,2_foliar_disease,1,1,0,1.0,0.7311,1
LeafRot020,2_foliar_disease,1,1,0,1.0,0.7311,1
LeafRot021,2_foliar_disease,1,1,0,1.0,0.7311,1
LeafRot022,2_foliar_disease,1,1,0,1.0,0.7311,1
LeafRot023,2_foliar_disease,1,1,0,1.0,0.7311,1
LeafRot024,2_foliar_disease,1,1,0,1.0,0.7311,1
LeafRot025,2_foliar_disease,1,1,0,1.0,0.7311,1
LeafRot026,2_foliar_disease,1,1,0,1.0,0.7311,1
LeafRot027,2_foliar_disease,1,0,1,-1.0,0.2689,0
LeafRot028,2_foliar_disease,1,0,1,-1.0,0.2689,0
LeafRot029,2_foliar_disease,1,1,0,1.0,0.7311,1
LeafRot030,2_foliar_disease,1,1,0,1.0,0.7311,1
LeafRot031,2_foliar_disease,1,0,1,-1.0,0.2689,0
LeafRot034,2_foliar_disease,1,1,0,1.0,0.7311,1
LeafRot035,2_foliar_disease,1,1,0,1.0,0.7311,1
LeafRot036,2_foliar_disease,1,1,0,1.0,0.7311,1
LeafRot037,2_foliar_disease,1,1,0,1.0,0.7311,1
LeafRot038,2_foliar_disease,1,1,0,1.0,0.7311,1
LeafRot039,2_foliar_disease,1,1,0,1.0,0.7311,1
LeafRot042,2_foliar_disease,1,1,0,1.0,0.7311,1
LeafRot044,2_foliar_disease,1,1,0,1.0,0.7311,1
LeafRot046,2_foliar_disease,1,1,0,1.0,0.7311,1
LeafRot049,2_foliar_disease,1,1,0,1.0,0.7311,1
LeafRot050,2_foliar_disease,1,1,0,1.0,0.7311,1
LeafRot051,2_foliar_disease,1,1,0,1.0,0.7311,1
LeafRot053,2_foliar_disease,1,1,0,1.0,0.7311,1
LeafRot054,2_foliar_disease,1,1,0,1.0,0.7311,1
LeafRot056,2_foliar_disease,1,1,0,1.0,0.7311,1
LeafRot057,2_foliar_disease,1,1,0,1.0,0.7311,1
LeafRot058,2_foliar_disease,1,1,0,1.0,0.7311,1
LeafRot059,2_foliar_disease,1,1,0,1.0,0.7311,1
LeafRot060,2_foliar_disease,1,1,0,1.0,0.7311,1
LeafRot061,2_foliar_disease,1,1,0,1.0,0.7311,1
LeafRot062,2_foliar_disease,1,1,0,1.0,0.7311,1
LeafRot063,2_foliar_disease,1,1,0,1.0,0.7311,1
LeafRot064,2_foliar_disease,1,1,0,1.0,0.7311,1
LeafRot065,2_foliar_disease,1,1,0,1.0,0.7311,1
LeafRot066,2_foliar_disease,1,1,0,1.0,0.7311,1
LeafRot067,2_foliar_disease,1,1,0,1.0,0.7311,1
LeafRot068,2_foliar_disease,1,1,0,1.0,0.7311,1
LeafRot069,2_foliar_disease,1,1,0,1.0,0.7311,1
LeafRot070,2_foliar_disease,1,1,0,1.0,0.7311,1
LeafRot071,2_foliar_disease,1,1,0,1.0,0.7311,1
LeafRot072,2_foliar_disease,1,1,0,1.0,0.7311,1
LeafRot073,2_foliar_disease,1,1,0,1.0,0.7311,1
LeafRot074,2_foliar_disease,1,1,0,1.0,0.7311,1
LeafRot075,2_foliar_disease,1,1,0,1.0,0.7311,1
LeafRot076,2_foliar_disease,1,1,0,1.0,0.7311,1
LeafRot077,2_foliar_disease,1,0,1,-1.0,0.2689,0
LeafRot078,2_foliar_disease,1,1,0,1.0,0.7311,1
LeafRot079,2_foliar_disease,1,1,0,1.0,0.7311,1
LeafRot080,2_foliar_disease,1,1,0,1.0,0.7311,1
LeafRot081,2_foliar_disease,1,1,0,1.0,0.7311,1
LeafRot082,2_foliar_disease,1,1,0,1.0,0.7311,1
LeafRot083,2_foliar_disease,1,1,0,1.0,0.7311,1
LeafRot084,2_foliar_disease,1,1,0,1.0,0.7311,1
LeafRot085,2_foliar_disease,1,1,0,1.0,0.7311,1
LeafRot086,2_foliar_disease,1,1,0,1.0,0.7311,1
LeafRot087,2_foliar_disease,1,1,0,1.0,0.7311,1
LeafRot088,2_foliar_disease,1,1,0,1.0,0.7311,1
LeafRot089,2_foliar_disease,1,1,0,1.0,0.7311,1
LeafRot090,2_foliar_disease,1,1,0,1.0,0.7311,1
LeafRot091,2_foliar_disease,1,1,0,1.0,0.7311,1
LeafRot092,2_foliar_disease,1,1,0,1.0,0.7311,1
LeafRot093,2_foliar_disease,1,1,0,1.0,0.7311,1
LeafRot094,2_foliar_disease,1,1,0,1.0,0.7311,1
LeafRot095,2_foliar_disease,1,1,0,1.0,0.7311,1
LeafRot096,2_foliar_disease,1,1,0,1.0,0.7311,1
LeafRot097,2_foliar_disease,1,1,0,1.0,0.7311,1
LeafRot098,2_foliar_disease,1,1,0,1.0,0.7311,1
LeafRot099,2_foliar_disease,1,1,0,1.0,0.7311,1
LeafRot100,2_foliar_disease,1,1,0,1.0,0.7311,1
LeafRot1000,2_foliar_disease,1,1,0,1.0,0.7311,1
LeafRot1001,2_foliar_disease,1,1,0,1.0,0.7311,1
LeafRot1002,2_foliar_disease,1,1,0,1.0,0.7311,1
LeafRot1003,2_foliar_disease,1,1,0,1.0,0.7311,1
LeafRot1004,2_foliar_disease,1,1,0,1.0,0.7311,1
LeafRot1005,2_foliar_disease,1,1,0,1.0,0.7311,1
LeafRot1006,2_foliar_disease,1,1,0,1.0,0.7311,1
LeafRot1007,2_foliar_disease,1,1,0,1.0,0.7311,1
LeafRot1008,2_foliar_disease,1,1,0,1.0,0.7311,1
LeafRot1009,2_foliar_disease,1,1,0,1.0,0.7311,1
LeafRot101,2_foliar_disease,1,1,0,1.0,0.7311,1
LeafRot1010,2_foliar_disease,1,1,0,1.0,0.7311,1
LeafRot1011,2_foliar_disease,1,1,0,1.0,0.7311,1
LeafRot1012,2_foliar_disease,1,1,0,1.0,0.7311,1
LeafRot1013,2_foliar_disease,1,1,0,1.0,0.7311,1
LeafRot1014,2_foliar_disease,1,1,0,1.0,0.7311,1
LeafRot1015,2_foliar_disease,1,1,0,1.0,0.7311,1
LeafRot1016,2_foliar_disease,1,1,0,1.0,0.7311,1
LeafRot1017,2_foliar_disease,1,1,0,1.0,0.7311,1
LeafRot1018,2_foliar_disease,1,1,0,1.0,0.7311,1
LeafRot1019,2_foliar_disease,1,1,0,1.0,0.7311,1
LeafRot102,2_foliar_disease,1,1,0,1.0,0.7311,1
LeafRot1020,2_foliar_disease,1,1,0,1.0,0.7311,1
LeafRot1021,2_foliar_disease,1,1,0,1.0,0.7311,1
LeafRot1022,2_foliar_disease,1,1,0,1.0,0.7311,1
LeafRot1023,2_foliar_disease,1,1,0,1.0,0.7311,1
LeafRot1024,2_foliar_disease,1,1,0,1.0,0.7311,1
LeafRot1025,2_foliar_disease,1,1,0,1.0,0.7311,1
LeafRot1026,2_foliar_disease,1,1,0,1.0,0.7311,1
LeafRot1027,2_foliar_disease,1,1,0,1.0,0.7311,1
LeafRot1028,2_foliar_disease,1,1,0,1.0,0.7311,1
LeafRot1029,2_foliar_disease,1,1,0,1.0,0.7311,1
LeafRot103,2_foliar_disease,1,1,0,1.0,0.7311,1
LeafRot1030,2_foliar_disease,1,1,0,1.0,0.7311,1
LeafRot1031,2_foliar_disease,1,1,0,1.0,0.7311,1
LeafRot1032,2_foliar_disease,1,1,0,1.0,0.7311,1
LeafRot1033,2_foliar_disease,1,1,0,1.0,0.7311,1
LeafRot1034,2_foliar_disease,1,1,0,1.0,0.7311,1
LeafRot1035,2_foliar_disease,1,1,0,1.0,0.7311,1
LeafRot1036,2_foliar_disease,1,1,0,1.0,0.7311,1
LeafRot1037,2_foliar_disease,1,1,0,1.0,0.7311,1
LeafRot1038,2_foliar_disease,1,1,0,1.0,0.7311,1
LeafRot1039,2_foliar_disease,1,1,0,1.0,0.7311,1
LeafRot104,2_foliar_disease,1,1,0,1.0,0.7311,1
LeafRot1040,2_foliar_disease,1,1,0,1.0,0.7311,1
LeafRot1041,2_foliar_disease,1,1,0,1.0,0.7311,1
LeafRot1042,2_foliar_disease,1,1,0,1.0,0.7311,1
LeafRot1043,2_foliar_disease,1,1,0,1.0,0.7311,1
LeafRot1044,2_foliar_disease,1,1,0,1.0,0.7311,1
LeafRot1045,2_foliar_disease,1,1,0,1.0,0.7311,1
LeafRot1046,2_foliar_disease,1,1,0,1.0,0.7311,1
LeafRot1047,2_foliar_disease,1,1,0,1.0,0.7311,1
LeafRot1048,2_foliar_disease,1,1,0,1.0,0.7311,1
LeafRot1049,2_foliar_disease,1,1,0,1.0,0.7311,1
LeafRot105,2_foliar_disease,1,1,0,1.0,0.7311,1
LeafRot1050,2_foliar_disease,1,1,0,1.0,0.7311,1
LeafRot1051,2_foliar_disease,1,1,0,1.0,0.7311,1
LeafRot1052,2_foliar_disease,1,1,0,1.0,0.7311,1
LeafRot1053,2_foliar_disease,1,1,0,1.0,0.7311,1
LeafRot1054,2_foliar_disease,1,1,0,1.0,0.7311,1
LeafRot1055,2_foliar_disease,1,1,0,1.0,0.7311,1
LeafRot1056,2_foliar_disease,1,1,0,1.0,0.7311,1
LeafRot1057,2_foliar_disease,1,1,0,1.0,0.7311,1
LeafRot1058,2_foliar_disease,1,1,0,1.0,0.7311,1
LeafRot1059,2_foliar_disease,1,1,0,1.0,0.7311,1
LeafRot106,2_foliar_disease,1,1,0,1.0,0.7311,1
LeafRot1060,2_foliar_disease,1,1,0,1.0,0.7311,1
LeafRot1061,2_foliar_disease,1,1,0,1.0,0.7311,1
LeafRot1062,2_foliar_disease,1,1,0,1.0,0.7311,1
LeafRot1063,2_foliar_disease,1,1,0,1.0,0.7311,1
LeafRot1064,2_foliar_disease,1,1,0,1.0,0.7311,1
LeafRot1065,2_foliar_disease,1,1,0,1.0,0.7311,1
LeafRot1066,2_foliar_disease,1,1,0,1.0,0.7311,1
LeafRot1067,2_foliar_disease,1,1,0,1.0,0.7311,1
LeafRot1068,2_foliar_disease,1,1,0,1.0,0.7311,1
LeafRot1069,2_foliar_disease,1,1,0,1.0,0.7311,1
LeafRot107,2_foliar_disease,1,1,0,1.0,0.7311,1
LeafRot1070,2_foliar_disease,1,1,0,1.0,0.7311,1
LeafRot1071,2_foliar_disease,1,1,0,1.0,0.7311,1
LeafRot1072,2_foliar_disease,1,1,0,1.0,0.7311,1
LeafRot1073,2_foliar_disease,1,1,0,1.0,0.7311,1
LeafRot1074,2_foliar_disease,1,1,0,1.0,0.7311,1
LeafRot1075,2_foliar_disease,1,1,0,1.0,0.7311,1
LeafRot1076,2_foliar_disease,1,1,0,1.0,0.7311,1
LeafRot1077,2_foliar_disease,1,1,0,1.0,0.7311,1
LeafRot1078,2_foliar_disease,1,1,0,1.0,0.7311,1
LeafRot1079,2_foliar_disease,1,1,0,1.0,0.7311,1
LeafRot108,2_foliar_disease,1,1,0,1.0,0.7311,1
LeafRot1080,2_foliar_disease,1,1,0,1.0,0.7311,1
LeafRot1081,2_foliar_disease,1,1,0,1.0,0.7311,1
LeafRot1082,2_foliar_disease,1,1,0,1.0,0.7311,1
LeafRot1083,2_foliar_disease,1,1,0,1.0,0.7311,1
LeafRot1084,2_foliar_disease,1,1,0,1.0,0.7311,1
LeafRot1085,2_foliar_disease,1,1,0,1.0,0.7311,1
LeafRot1086,2_foliar_disease,1,1,0,1.0,0.7311,1
LeafRot1087,2_foliar_disease,1,1,0,1.0,0.7311,1
LeafRot1088,2_foliar_disease,1,1,0,1.0,0.7311,1
LeafRot1089,2_foliar_disease,1,1,0,1.0,0.7311,1
LeafRot109,2_foliar_disease,1,1,0,1.0,0.7311,1
LeafRot1090,2_foliar_disease,1,1,0,1.0,0.7311,1
LeafRot1091,2_foliar_disease,1,1,0,1.0,0.7311,1
LeafRot1092,2_foliar_disease,1,1,0,1.0,0.7311,1
LeafRot1093,2_foliar_disease,1,1,0,1.0,0.7311,1
LeafRot1094,2_foliar_disease,1,1,0,1.0,0.7311,1
LeafRot1095,2_foliar_disease,1,1,0,1.0,0.7311,1
LeafRot1096,2_foliar_disease,1,1,0,1.0,0.7311,1
LeafRot1097,2_foliar_disease,1,1,0,1.0,0.7311,1
LeafRot1098,2_foliar_disease,1,1,0,1.0,0.7311,1
LeafRot1099,2_foliar_disease,1,1,0,1.0,0.7311,1
LeafRot110,2_foliar_disease,1,1,0,1.0,0.7311,1
LeafRot1100,2_foliar_disease,1,1,0,1.0,0.7311,1
LeafRot1101,2_foliar_disease,1,1,0,1.0,0.7311,1
LeafRot1102,2_foliar_disease,1,1,0,1.0,0.7311,1
LeafRot1103,2_foliar_disease,1,1,0,1.0,0.7311,1
LeafRot1104,2_foliar_disease,1,1,0,1.0,0.7311,1
LeafRot1105,2_foliar_disease,1,1,0,1.0,0.7311,1
LeafRot1106,2_foliar_disease,1,1,0,1.0,0.7311,1
LeafRot1107,2_foliar_disease,1,1,0,1.0,0.7311,1
LeafRot1108,2_foliar_disease,1,1,0,1.0,0.7311,1
LeafRot1109,2_foliar_disease,1,1,0,1.0,0.7311,1
LeafRot111,2_foliar_disease,1,1,0,1.0,0.7311,1
LeafRot1110,2_foliar_disease,1,1,0,1.0,0.7311,1
LeafRot1111,2_foliar_disease,1,1,0,1.0,0.7311,1
LeafRot1112,2_foliar_disease,1,1,0,1.0,0.7311,1
LeafRot1113,2_foliar_disease,1,1,0,1.0,0.7311,1
LeafRot1114,2_foliar_disease,1,1,0,1.0,0.7311,1
LeafRot1115,2_foliar_disease,1,1,0,1.0,0.7311,1
LeafRot1116,2_foliar_disease,1,1,0,1.0,0.7311,1
LeafRot1117,2_foliar_disease,1,1,0,1.0,0.7311,1
LeafRot1118,2_foliar_disease,1,1,0,1.0,0.7311,1
LeafRot1119,2_foliar_disease,1,1,0,1.0,0.7311,1
LeafRot112,2_foliar_disease,1,1,0,1.0,0.7311,1
LeafRot1120,2_foliar_disease,1,1,0,1.0,0.7311,1
LeafRot1121,2_foliar_disease,1,1,0,1.0,0.7311,1
LeafRot1122,2_foliar_disease,1,1,0,1.0,0.7311,1
LeafRot1123,2_foliar_disease,1,1,0,1.0,0.7311,1
LeafRot1124,2_foliar_disease,1,1,0,1.0,0.7311,1
LeafRot1125,2_foliar_disease,1,1,0,1.0,0.7311,1
LeafRot1126,2_foliar_disease,1,1,0,1.0,0.7311,1
LeafRot1127,2_foliar_disease,1,1,0,1.0,0.7311,1
LeafRot1128,2_foliar_disease,1,1,0,1.0,0.7311,1
LeafRot1129,2_foliar_disease,1,1,0,1.0,0.7311,1
LeafRot113,2_foliar_disease,1,1,0,1.0,0.7311,1
LeafRot1130,2_foliar_disease,1,1,0,1.0,0.7311,1
LeafRot1131,2_foliar_disease,1,1,0,1.0,0.7311,1
LeafRot1132,2_foliar_disease,1,1,0,1.0,0.7311,1
LeafRot1133,2_foliar_disease,1,1,0,1.0,0.7311,1
LeafRot1134,2_foliar_disease,1,1,0,1.0,0.7311,1
LeafRot1135,2_foliar_disease,1,1,0,1.0,0.7311,1
LeafRot1136,2_foliar_disease,1,1,0,1.0,0.7311,1
LeafRot1137,2_foliar_disease,1,1,0,1.0,0.7311,1
LeafRot1138,2_foliar_disease,1,1,0,1.0,0.7311,1
LeafRot1139,2_foliar_disease,1,1,0,1.0,0.7311,1
LeafRot114,2_foliar_disease,1,1,0,1.0,0.7311,1
LeafRot1140,2_foliar_disease,1,1,0,1.0,0.7311,1
LeafRot1141,2_foliar_disease,1,1,0,1.0,0.7311,1
LeafRot1142,2_foliar_disease,1,1,0,1.0,0.7311,1
LeafRot1143,2_foliar_disease,1,1,0,1.0,0.7311,1
LeafRot1144,2_foliar_disease,1,1,0,1.0,0.7311,1
LeafRot1145,2_foliar_disease,1,1,0,1.0,0.7311,1
LeafRot1146,2_foliar_disease,1,1,0,1.0,0.7311,1
LeafRot1147,2_foliar_disease,1,1,0,1.0,0.7311,1
LeafRot1148,2_foliar_disease,1,1,0,1.0,0.7311,1
LeafRot1149,2_foliar_disease,1,1,0,1.0,0.7311,1
LeafRot115,2_foliar_disease,1,1,0,1.0,0.7311,1
LeafRot1150,2_foliar_disease,1,1,0,1.0,0.7311,1
LeafRot1151,2_foliar_disease,1,1,0,1.0,0.7311,1
LeafRot1152,2_foliar_disease,1,1,0,1.0,0.7311,1
LeafRot1153,2_foliar_disease,1,1,0,1.0,0.7311,1
LeafRot1154,2_foliar_disease,1,1,0,1.0,0.7311,1
LeafRot1155,2_foliar_disease,1,1,0,1.0,0.7311,1
LeafRot1156,2_foliar_disease,1,1,0,1.0,0.7311,1
LeafRot1157,2_foliar_disease,1,1,0,1.0,0.7311,1
LeafRot1158,2_foliar_disease,1,1,0,1.0,0.7311,1
LeafRot1159,2_foliar_disease,1,1,0,1.0,0.7311,1
LeafRot116,2_foliar_disease,1,1,0,1.0,0.7311,1
LeafRot1160,2_foliar_disease,1,1,0,1.0,0.7311,1
LeafRot1161,2_foliar_disease,1,1,0,1.0,0.7311,1
LeafRot1162,2_foliar_disease,1,1,0,1.0,0.7311,1
LeafRot1163,2_foliar_disease,1,1,0,1.0,0.7311,1
LeafRot1164,2_foliar_disease,1,1,0,1.0,0.7311,1
LeafRot1165,2_foliar_disease,1,1,0,1.0,0.7311,1
LeafRot1166,2_foliar_disease,1,1,0,1.0,0.7311,1
LeafRot1167,2_foliar_disease,1,1,0,1.0,0.7311,1
LeafRot1168,2_foliar_disease,1,1,0,1.0,0.7311,1
LeafRot1169,2_foliar_disease,1,1,0,1.0,0.7311,1
LeafRot117,2_foliar_disease,1,1,0,1.0,0.7311,1
LeafRot1170,2_foliar_disease,1,1,0,1.0,0.7311,1
LeafRot1171,2_foliar_disease,1,1,0,1.0,0.7311,1
LeafRot1172,2_foliar_disease,1,1,0,1.0,0.7311,1
LeafRot1173,2_foliar_disease,1,1,0,1.0,0.7311,1
LeafRot1174,2_foliar_disease,1,1,0,1.0,0.7311,1
LeafRot1175,2_foliar_disease,1,1,0,1.0,0.7311,1
LeafRot1176,2_foliar_disease,1,1,0,1.0,0.7311,1
LeafRot1177,2_foliar_disease,1,1,0,1.0,0.7311,1
LeafRot1178,2_foliar_disease,1,1,0,1.0,0.7311,1
LeafRot1179,2_foliar_disease,1,1,0,1.0,0.7311,1
LeafRot118,2_foliar_disease,1,1,0,1.0,0.7311,1
LeafRot1180,2_foliar_disease,1,1,0,1.0,0.7311,1
LeafRot1181,2_foliar_disease,1,1,0,1.0,0.7311,1
LeafRot1182,2_foliar_disease,1,1,0,1.0,0.7311,1
LeafRot1183,2_foliar_disease,1,1,0,1.0,0.7311,1
LeafRot1184,2_foliar_disease,1,1,0,1.0,0.7311,1
LeafRot1185,2_foliar_disease,1,1,0,1.0,0.7311,1
LeafRot1186,2_foliar_disease,1,1,0,1.0,0.7311,1
LeafRot1187,2_foliar_disease,1,1,0,1.0,0.7311,1
LeafRot1188,2_foliar_disease,1,1,0,1.0,0.7311,1
LeafRot1189,2_foliar_disease,1,1,0,1.0,0.7311,1
LeafRot119,2_foliar_disease,1,1,0,1.0,0.7311,1
LeafRot1190,2_foliar_disease,1,1,0,1.0,0.7311,1
LeafRot1191,2_foliar_disease,1,1,0,1.0,0.7311,1
LeafRot1192,2_foliar_disease,1,1,0,1.0,0.7311,1
LeafRot1193,2_foliar_disease,1,1,0,1.0,0.7311,1
LeafRot1194,2_foliar_disease,1,1,0,1.0,0.7311,1
LeafRot1195,2_foliar_disease,1,1,0,1.0,0.7311,1
LeafRot1196,2_foliar_disease,1,1,0,1.0,0.7311,1
LeafRot1197,2_foliar_disease,1,1,0,1.0,0.7311,1
LeafRot1198,2_foliar_disease,1,1,0,1.0,0.7311,1
LeafRot1199,2_foliar_disease,1,1,0,1.0,0.7311,1
LeafRot120,2_foliar_disease,1,1,0,1.0,0.7311,1
LeafRot1200,2_foliar_disease,1,1,0,1.0,0.7311,1
LeafRot1201,2_foliar_disease,1,1,0,1.0,0.7311,1
LeafRot1202,2_foliar_disease,1,1,0,1.0,0.7311,1
LeafRot1203,2_foliar_disease,1,1,0,1.0,0.7311,1
LeafRot1204,2_foliar_disease,1,1,0,1.0,0.7311,1
LeafRot1205,2_foliar_disease,1,1,0,1.0,0.7311,1
LeafRot1206,2_foliar_disease,1,1,0,1.0,0.7311,1
LeafRot1207,2_foliar_disease,1,1,0,1.0,0.7311,1
LeafRot1208,2_foliar_disease,1,1,0,1.0,0.7311,1
LeafRot1209,2_foliar_disease,1,1,0,1.0,0.7311,1
LeafRot121,2_foliar_disease,1,1,0,1.0,0.7311,1
LeafRot1210,2_foliar_disease,1,1,0,1.0,0.7311,1
LeafRot1211,2_foliar_disease,1,1,0,1.0,0.7311,1
LeafRot1212,2_foliar_disease,1,1,0,1.0,0.7311,1
LeafRot1213,2_foliar_disease,1,1,0,1.0,0.7311,1
LeafRot1214,2_foliar_disease,1,1,0,1.0,0.7311,1
LeafRot1215,2_foliar_disease,1,1,0,1.0,0.7311,1
LeafRot1216,2_foliar_disease,1,1,0,1.0,0.7311,1
LeafRot1217,2_foliar_disease,1,1,0,1.0,0.7311,1
LeafRot1218,2_foliar_disease,1,1,0,1.0,0.7311,1
LeafRot1219,2_foliar_disease,1,1,0,1.0,0.7311,1
LeafRot122,2_foliar_disease,1,1,0,1.0,0.7311,1
LeafRot1220,2_foliar_disease,1,1,0,1.0,0.7311,1
LeafRot1221,2_foliar_disease,1,1,0,1.0,0.7311,1
LeafRot1222,2_foliar_disease,1,1,0,1.0,0.7311,1
LeafRot1223,2_foliar_disease,1,1,0,1.0,0.7311,1
LeafRot1224,2_foliar_disease,1,1,0,1.0,0.7311,1
LeafRot1225,2_foliar_disease,1,1,0,1.0,0.7311,1
LeafRot1226,2_foliar_disease,1,1,0,1.0,0.7311,1
LeafRot1227,2_foliar_disease,1,1,0,1.0,0.7311,1
LeafRot1228,2_foliar_disease,1,1,0,1.0,0.7311,1
LeafRot1229,2_foliar_disease,1,1,0,1.0,0.7311,1
LeafRot123,2_foliar_disease,1,1,0,1.0,0.7311,1
LeafRot1230,2_foliar_disease,1,1,0,1.0,0.7311,1
LeafRot1231,2_foliar_disease,1,1,0,1.0,0.7311,1
LeafRot1232,2_foliar_disease,1,1,0,1.0,0.7311,1
LeafRot1233,2_foliar_disease,1,1,0,1.0,0.7311,1
LeafRot1234,2_foliar_disease,1,1,0,1.0,0.7311,1
LeafRot1235,2_foliar_disease,1,1,0,1.0,0.7311,1
LeafRot1236,2_foliar_disease,1,1,0,1.0,0.7311,1
LeafRot1237,2_foliar_disease,1,1,0,1.0,0.7311,1
LeafRot1238,2_foliar_disease,1,1,0,1.0,0.7311,1
LeafRot1239,2_foliar_disease,1,1,0,1.0,0.7311,1
LeafRot124,2_foliar_disease,1,1,0,1.0,0.7311,1
LeafRot1240,2_foliar_disease,1,1,0,1.0,0.7311,1
LeafRot1241,2_foliar_disease,1,1,0,1.0,0.7311,1
LeafRot1242,2_foliar_disease,1,1,0,1.0,0.7311,1
LeafRot1243,2_foliar_disease,1,1,0,1.0,0.7311,1
LeafRot1244,2_foliar_disease,1,1,0,1.0,0.7311,1
LeafRot1245,2_foliar_disease,1,1,0,1.0,0.7311,1
LeafRot1246,2_foliar_disease,1,1,0,1.0,0.7311,1
LeafRot1247,2_foliar_disease,1,1,0,1.0,0.7311,1
LeafRot1248,2_foliar_disease,1,1,0,1.0,0.7311,1
LeafRot1249,2_foliar_disease,1,1,0,1.0,0.7311,1
LeafRot125,2_foliar_disease,1,1,0,1.0,0.7311,1
LeafRot1250,2_foliar_disease,1,1,0,1.0,0.7311,1
LeafRot1251,2_foliar_disease,1,1,0,1.0,0.7311,1
LeafRot1252,2_foliar_disease,1,1,0,1.0,0.7311,1
LeafRot1253,2_foliar_disease,1,1,0,1.0,0.7311,1
LeafRot1254,2_foliar_disease,1,1,0,1.0,0.7311,1
LeafRot1255,2_foliar_disease,1,1,0,1.0,0.7311,1
LeafRot1256,2_foliar_disease,1,1,0,1.0,0.7311,1
LeafRot1257,2_foliar_disease,1,1,0,1.0,0.7311,1
LeafRot1258,2_foliar_disease,1,1,0,1.0,0.7311,1
LeafRot1259,2_foliar_disease,1,1,0,1.0,0.7311,1
LeafRot126,2_foliar_disease,1,1,0,1.0,0.7311,1
LeafRot1260,2_foliar_disease,1,1,0,1.0,0.7311,1
LeafRot1261,2_foliar_disease,1,1,0,1.0,0.7311,1
LeafRot1262,2_foliar_disease,1,1,0,1.0,0.7311,1
LeafRot1263,2_foliar_disease,1,1,0,1.0,0.7311,1
LeafRot1264,2_foliar_disease,1,1,0,1.0,0.7311,1
LeafRot1265,2_foliar_disease,1,1,0,1.0,0.7311,1
LeafRot1266,2_foliar_disease,1,1,0,1.0,0.7311,1
LeafRot1267,2_foliar_disease,1,1,0,1.0,0.7311,1
LeafRot1268,2_foliar_disease,1,1,0,1.0,0.7311,1
LeafRot1269,2_foliar_disease,1,1,0,1.0,0.7311,1
LeafRot127,2_foliar_disease,1,1,0,1.0,0.7311,1
LeafRot1270,2_foliar_disease,1,1,0,1.0,0.7311,1
LeafRot1271,2_foliar_disease,1,1,0,1.0,0.7311,1
LeafRot1272,2_foliar_disease,1,1,0,1.0,0.7311,1
LeafRot1273,2_foliar_disease,1,1,0,1.0,0.7311,1
LeafRot1274,2_foliar_disease,1,1,0,1.0,0.7311,1
LeafRot1275,2_foliar_disease,1,1,0,1.0,0.7311,1
LeafRot1276,2_foliar_disease,1,1,0,1.0,0.7311,1
LeafRot1277,2_foliar_disease,1,1,0,1.0,0.7311,1
LeafRot1278,2_foliar_disease,1,1,0,1.0,0.7311,1
LeafRot1279,2_foliar_disease,1,1,0,1.0,0.7311,1
LeafRot128,2_foliar_disease,1,1,0,1.0,0.7311,1
LeafRot1280,2_foliar_disease,1,1,0,1.0,0.7311,1
LeafRot1281,2_foliar_disease,1,1,0,1.0,0.7311,1
LeafRot1282,2_foliar_disease,1,1,0,1.0,0.7311,1
LeafRot1283,2_foliar_disease,1,1,0,1.0,0.7311,1
LeafRot1284,2_foliar_disease,1,1,0,1.0,0.7311,1
LeafRot1285,2_foliar_disease,1,1,0,1.0,0.7311,1
LeafRot1286,2_foliar_disease,1,1,0,1.0,0.7311,1
LeafRot1287,2_foliar_disease,1,1,0,1.0,0.7311,1
LeafRot1288,2_foliar_disease,1,1,0,1.0,0.7311,1
LeafRot1289,2_foliar_disease,1,1,0,1.0,0.7311,1
LeafRot129,2_foliar_disease,1,1,0,1.0,0.7311,1
LeafRot1290,2_foliar_disease,1,1,0,1.0,0.7311,1
LeafRot1291,2_foliar_disease,1,1,0,1.0,0.7311,1
LeafRot1292,2_foliar_disease,1,1,0,1.0,0.7311,1
LeafRot1293,2_foliar_disease,1,1,0,1.0,0.7311,1
LeafRot1294,2_foliar_disease,1,1,0,1.0,0.7311,1
LeafRot1295,2_foliar_disease,1,1,0,1.0,0.7311,1
LeafRot1296,2_foliar_disease,1,1,0,1.0,0.7311,1
LeafRot1297,2_foliar_disease,1,1,0,1.0,0.7311,1
LeafRot1298,2_foliar_disease,1,1,0,1.0,0.7311,1
LeafRot1299,2_foliar_disease,1,1,0,1.0,0.7311,1
LeafRot130,2_foliar_disease,1,1,0,1.0,0.7311,1
LeafRot1300,2_foliar_disease,1,1,0,1.0,0.7311,1
LeafRot1301,2_foliar_disease,1,1,0,1.0,0.7311,1
LeafRot1302,2_foliar_disease,1,1,0,1.0,0.7311,1
LeafRot1303,2_foliar_disease,1,1,0,1.0,0.7311,1
LeafRot1304,2_foliar_disease,1,1,0,1.0,0.7311,1
LeafRot1305,2_foliar_disease,1,1,0,1.0,0.7311,1
LeafRot1306,2_foliar_disease,1,1,0,1.0,0.7311,1
LeafRot1307,2_foliar_disease,1,1,0,1.0,0.7311,1
LeafRot1308,2_foliar_disease,1,1,0,1.0,0.7311,1
LeafRot1309,2_foliar_disease,1,1,0,1.0,0.7311,1
LeafRot131,2_foliar_disease,1,1,0,1.0,0.7311,1
LeafRot1310,2_foliar_disease,1,1,0,1.0,0.7311,1
LeafRot1311,2_foliar_disease,1,1,0,1.0,0.7311,1
LeafRot1312,2_foliar_disease,1,1,0,1.0,0.7311,1
LeafRot1313,2_foliar_disease,1,1,0,1.0,0.7311,1
LeafRot1314,2_foliar_disease,1,1,0,1.0,0.7311,1
LeafRot1315,2_foliar_disease,1,1,0,1.0,0.7311,1
LeafRot1316,2_foliar_disease,1,1,0,1.0,0.7311,1
LeafRot1317,2_foliar_disease,1,1,0,1.0,0.7311,1
LeafRot1318,2_foliar_disease,1,1,0,1.0,0.7311,1
LeafRot1319,2_foliar_disease,1,1,0,1.0,0.7311,1
LeafRot132,2_foliar_disease,1,1,0,1.0,0.7311,1
LeafRot1320,2_foliar_disease,1,1,0,1.0,0.7311,1
LeafRot1321,2_foliar_disease,1,1,0,1.0,0.7311,1
LeafRot1322,2_foliar_disease,1,1,0,1.0,0.7311,1
LeafRot1323,2_foliar_disease,1,1,0,1.0,0.7311,1
LeafRot1324,2_foliar_disease,1,1,0,1.0,0.7311,1
LeafRot1325,2_foliar_disease,1,1,0,1.0,0.7311,1
LeafRot1326,2_foliar_disease,1,1,0,1.0,0.7311,1
LeafRot1327,2_foliar_disease,1,1,0,1.0,0.7311,1
LeafRot1328,2_foliar_disease,1,1,0,1.0,0.7311,1
LeafRot1329,2_foliar_disease,1,1,0,1.0,0.7311,1
LeafRot133,2_foliar_disease,1,1,0,1.0,0.7311,1
LeafRot1330,2_foliar_disease,1,1,0,1.0,0.7311,1
LeafRot1331,2_foliar_disease,1,1,0,1.0,0.7311,1
LeafRot1332,2_foliar_disease,1,1,0,1.0,0.7311,1
LeafRot1333,2_foliar_disease,1,1,0,1.0,0.7311,1
LeafRot1334,2_foliar_disease,1,1,0,1.0,0.7311,1
LeafRot1335,2_foliar_disease,1,1,0,1.0,0.7311,1
LeafRot1336,2_foliar_disease,1,1,0,1.0,0.7311,1
LeafRot1337,2_foliar_disease,1,1,0,1.0,0.7311,1
LeafRot1338,2_foliar_disease,1,1,0,1.0,0.7311,1
LeafRot1339,2_foliar_disease,1,1,0,1.0,0.7311,1
LeafRot134,2_foliar_disease,1,1,0,1.0,0.7311,1
LeafRot1340,2_foliar_disease,1,1,0,1.0,0.7311,1
LeafRot1341,2_foliar_disease,1,1,0,1.0,0.7311,1
LeafRot1342,2_foliar_disease,1,1,0,1.0,0.7311,1
LeafRot1343,2_foliar_disease,1,1,0,1.0,0.7311,1
LeafRot1344,2_foliar_disease,1,1,0,1.0,0.7311,1
LeafRot1345,2_foliar_disease,1,1,0,1.0,0.7311,1
LeafRot1346,2_foliar_disease,1,1,0,1.0,0.7311,1
LeafRot1347,2_foliar_disease,1,1,0,1.0,0.7311,1
LeafRot1348,2_foliar_disease,1,1,0,1.0,0.7311,1
LeafRot1349,2_foliar_disease,1,1,0,1.0,0.7311,1
LeafRot135,2_foliar_disease,1,1,0,1.0,0.7311,1
LeafRot1350,2_foliar_disease,1,1,0,1.0,0.7311,1
LeafRot1351,2_foliar_disease,1,1,0,1.0,0.7311,1
LeafRot1352,2_foliar_disease,1,1,0,1.0,0.7311,1
LeafRot1353,2_foliar_disease,1,1,0,1.0,0.7311,1
LeafRot1354,2_foliar_disease,1,1,0,1.0,0.7311,1
LeafRot1355,2_foliar_disease,1,1,0,1.0,0.7311,1
LeafRot1356,2_foliar_disease,1,1,0,1.0,0.7311,1
LeafRot1357,2_foliar_disease,1,1,0,1.0,0.7311,1
LeafRot1358,2_foliar_disease,1,1,0,1.0,0.7311,1
LeafRot1359,2_foliar_disease,1,1,0,1.0,0.7311,1
LeafRot136,2_foliar_disease,1,1,0,1.0,0.7311,1
LeafRot1360,2_foliar_disease,1,1,0,1.0,0.7311,1
LeafRot1361,2_foliar_disease,1,1,0,1.0,0.7311,1
LeafRot1362,2_foliar_disease,1,1,0,1.0,0.7311,1
LeafRot1363,2_foliar_disease,1,1,0,1.0,0.7311,1
LeafRot1364,2_foliar_disease,1,1,0,1.0,0.7311,1
LeafRot1365,2_foliar_disease,1,1,0,1.0,0.7311,1
LeafRot1366,2_foliar_disease,1,1,0,1.0,0.7311,1
LeafRot1367,2_foliar_disease,1,1,0,1.0,0.7311,1
LeafRot1368,2_foliar_disease,1,1,0,1.0,0.7311,1
LeafRot1369,2_foliar_disease,1,1,0,1.0,0.7311,1
LeafRot137,2_foliar_disease,1,1,0,1.0,0.7311,1
LeafRot1370,2_foliar_disease,1,1,0,1.0,0.7311,1
LeafRot1371,2_foliar_disease,1,1,0,1.0,0.7311,1
LeafRot1372,2_foliar_disease,1,1,0,1.0,0.7311,1
LeafRot1373,2_foliar_disease,1,1,0,1.0,0.7311,1
LeafRot1374,2_foliar_disease,1,1,0,1.0,0.7311,1
LeafRot1375,2_foliar_disease,1,1,0,1.0,0.7311,1
LeafRot1376,2_foliar_disease,1,1,0,1.0,0.7311,1
LeafRot1377,2_foliar_disease,1,1,0,1.0,0.7311,1
LeafRot1378,2_foliar_disease,1,1,0,1.0,0.7311,1
LeafRot1379,2_foliar_disease,1,1,0,1.0,0.7311,1
LeafRot138,2_foliar_disease,1,1,0,1.0,0.7311,1
LeafRot1380,2_foliar_disease,1,1,0,1.0,0.7311,1
LeafRot1381,2_foliar_disease,1,1,0,1.0,0.7311,1
LeafRot1382,2_foliar_disease,1,1,0,1.0,0.7311,1
LeafRot1383,2_foliar_disease,1,1,0,1.0,0.7311,1
LeafRot1384,2_foliar_disease,1,1,0,1.0,0.7311,1
LeafRot1385,2_foliar_disease,1,1,0,1.0,0.7311,1
LeafRot1386,2_foliar_disease,1,1,0,1.0,0.7311,1
LeafRot1387,2_foliar_disease,1,1,0,1.0,0.7311,1
LeafRot1388,2_foliar_disease,1,1,0,1.0,0.7311,1
LeafRot1389,2_foliar_disease,1,1,0,1.0,0.7311,1
LeafRot139,2_foliar_disease,1,1,0,1.0,0.7311,1
LeafRot1390,2_foliar_disease,1,1,0,1.0,0.7311,1
LeafRot1391,2_foliar_disease,1,1,0,1.0,0.7311,1
LeafRot1392,2_foliar_disease,1,1,0,1.0,0.7311,1
LeafRot1393,2_foliar_disease,1,1,0,1.0,0.7311,1
LeafRot1394,2_foliar_disease,1,1,0,1.0,0.7311,1
LeafRot1395,2_foliar_disease,1,1,0,1.0,0.7311,1
LeafRot1396,2_foliar_disease,1,1,0,1.0,0.7311,1
LeafRot1397,2_foliar_disease,1,1,0,1.0,0.7311,1
LeafRot1398,2_foliar_disease,1,1,0,1.0,0.7311,1
LeafRot1399,2_foliar_disease,1,1,0,1.0,0.7311,1
LeafRot140,2_foliar_disease,1,1,0,1.0,0.7311,1
LeafRot1400,2_foliar_disease,1,1,0,1.0,0.7311,1
LeafRot1401,2_foliar_disease,1,1,0,1.0,0.7311,1
LeafRot1402,2_foliar_disease,1,1,0,1.0,0.7311,1
LeafRot1403,2_foliar_disease,1,1,0,1.0,0.7311,1
LeafRot1404,2_foliar_disease,1,1,0,1.0,0.7311,1
LeafRot1405,2_foliar_disease,1,1,0,1.0,0.7311,1
LeafRot1406,2_foliar_disease,1,1,0,1.0,0.7311,1
LeafRot1407,2_foliar_disease,1,1,0,1.0,0.7311,1
LeafRot1408,2_foliar_disease,1,1,0,1.0,0.7311,1
LeafRot1409,2_foliar_disease,1,1,0,1.0,0.7311,1
LeafRot141,2_foliar_disease,1,1,0,1.0,0.7311,1
LeafRot1410,2_foliar_disease,1,1,0,1.0,0.7311,1
LeafRot1411,2_foliar_disease,1,1,0,1.0,0.7311,1
LeafRot1412,2_foliar_disease,1,1,0,1.0,0.7311,1
LeafRot1413,2_foliar_disease,1,1,0,1.0,0.7311,1
LeafRot1414,2_foliar_disease,1,1,0,1.0,0.7311,1
LeafRot1415,2_foliar_disease,1,1,0,1.0,0.7311,1
LeafRot1416,2_foliar_disease,1,1,0,1.0,0.7311,1
LeafRot1417,2_foliar_disease,1,1,0,1.0,0.7311,1
LeafRot1418,2_foliar_disease,1,1,0,1.0,0.7311,1
LeafRot1419,2_foliar_disease,1,1,0,1.0,0.7311,1
LeafRot142,2_foliar_disease,1,1,0,1.0,0.7311,1
LeafRot1420,2_foliar_disease,1,1,0,1.0,0.7311,1
LeafRot1421,2_foliar_disease,1,1,0,1.0,0.7311,1
LeafRot1422,2_foliar_disease,1,1,0,1.0,0.7311,1
LeafRot1423,2_foliar_disease,1,1,0,1.0,0.7311,1
LeafRot1424,2_foliar_disease,1,1,0,1.0,0.7311,1
LeafRot1425,2_foliar_disease,1,1,0,1.0,0.7311,1
LeafRot1426,2_foliar_disease,1,1,0,1.0,0.7311,1
LeafRot1427,2_foliar_disease,1,1,0,1.0,0.7311,1
LeafRot1428,2_foliar_disease,1,1,0,1.0,0.7311,1
LeafRot1429,2_foliar_disease,1,1,0,1.0,0.7311,1
LeafRot143,2_foliar_disease,1,1,0,1.0,0.7311,1
LeafRot1430,2_foliar_disease,1,1,0,1.0,0.7311,1
LeafRot1431,2_foliar_disease,1,1,0,1.0,0.7311,1
LeafRot1432,2_foliar_disease,1,1,0,1.0,0.7311,1
LeafRot1433,2_foliar_disease,1,1,0,1.0,0.7311,1
LeafRot1434,2_foliar_disease,1,1,0,1.0,0.7311,1
LeafRot1435,2_foliar_disease,1,1,0,1.0,0.7311,1
LeafRot1436,2_foliar_disease,1,1,0,1.0,0.7311,1
LeafRot1437,2_foliar_disease,1,1,0,1.0,0.7311,1
LeafRot1438,2_foliar_disease,1,1,0,1.0,0.7311,1
LeafRot1439,2_foliar_disease,1,1,0,1.0,0.7311,1
LeafRot144,2_foliar_disease,1,1,0,1.0,0.7311,1
LeafRot1440,2_foliar_disease,1,1,0,1.0,0.7311,1
LeafRot1441,2_foliar_disease,1,1,0,1.0,0.7311,1
LeafRot1442,2_foliar_disease,1,1,0,1.0,0.7311,1
LeafRot1443,2_foliar_disease,1,1,0,1.0,0.7311,1
LeafRot1444,2_foliar_disease,1,1,0,1.0,0.7311,1
LeafRot1445,2_foliar_disease,1,1,0,1.0,0.7311,1
LeafRot1446,2_foliar_disease,1,1,0,1.0,0.7311,1
LeafRot1447,2_foliar_disease,1,1,0,1.0,0.7311,1
LeafRot1448,2_foliar_disease,1,1,0,1.0,0.7311,1
LeafRot1449,2_foliar_disease,1,1,0,1.0,0.7311,1
LeafRot145,2_foliar_disease,1,1,0,1.0,0.7311,1
LeafRot1450,2_foliar_disease,1,1,0,1.0,0.7311,1
LeafRot1451,2_foliar_disease,1,1,0,1.0,0.7311,1
LeafRot1452,2_foliar_disease,1,1,0,1.0,0.7311,1
LeafRot1453,2_foliar_disease,1,1,0,1.0,0.7311,1
LeafRot1454,2_foliar_disease,1,1,0,1.0,0.7311,1
LeafRot1455,2_foliar_disease,1,1,0,1.0,0.7311,1
LeafRot1456,2_foliar_disease,1,1,0,1.0,0.7311,1
LeafRot1457,2_foliar_disease,1,1,0,1.0,0.7311,1
LeafRot1458,2_foliar_disease,1,1,0,1.0,0.7311,1
LeafRot1459,2_foliar_disease,1,1,0,1.0,0.7311,1
LeafRot146,2_foliar_disease,1,1,0,1.0,0.7311,1
LeafRot1460,2_foliar_disease,1,1,0,1.0,0.7311,1
LeafRot1461,2_foliar_disease,1,1,0,1.0,0.7311,1
LeafRot1462,2_foliar_disease,1,1,0,1.0,0.7311,1
LeafRot1463,2_foliar_disease,1,1,0,1.0,0.7311,1
LeafRot1464,2_foliar_disease,1,1,0,1.0,0.7311,1
LeafRot1465,2_foliar_disease,1,1,0,1.0,0.7311,1
LeafRot1466,2_foliar_disease,1,1,0,1.0,0.7311,1
LeafRot1467,2_foliar_disease,1,1,0,1.0,0.7311,1
LeafRot1468,2_foliar_disease,1,1,0,1.0,0.7311,1
LeafRot1469,2_foliar_disease,1,1,0,1.0,0.7311,1
LeafRot147,2_foliar_disease,1,1,0,1.0,0.7311,1
LeafRot1470,2_foliar_disease,1,1,0,1.0,0.7311,1
LeafRot1471,2_foliar_disease,1,1,0,1.0,0.7311,1
LeafRot1472,2_foliar_disease,1,1,0,1.0,0.7311,1
LeafRot1473,2_foliar_disease,1,1,0,1.0,0.7311,1
LeafRot1474,2_foliar_disease,1,1,0,1.0,0.7311,1
LeafRot1475,2_foliar_disease,1,1,0,1.0,0.7311,1
LeafRot1476,2_foliar_disease,1,1,0,1.0,0.7311,1
LeafRot1477,2_foliar_disease,1,1,0,1.0,0.7311,1
LeafRot1478,2_foliar_disease,1,1,0,1.0,0.7311,1
LeafRot1479,2_foliar_disease,1,1,0,1.0,0.7311,1
LeafRot148,2_foliar_disease,1,1,0,1.0,0.7311,1
LeafRot1480,2_foliar_disease,1,1,0,1.0,0.7311,1
LeafRot1481,2_foliar_disease,1,1,0,1.0,0.7311,1
LeafRot1482,2_foliar_disease,1,1,0,1.0,0.7311,1
LeafRot1483,2_foliar_disease,1,1,0,1.0,0.7311,1
LeafRot1484,2_foliar_disease,1,1,0,1.0,0.7311,1
LeafRot1485,2_foliar_disease,1,1,0,1.0,0.7311,1
LeafRot1486,2_foliar_disease,1,1,0,1.0,0.7311,1
LeafRot1487,2_foliar_disease,1,1,0,1.0,0.7311,1
LeafRot1488,2_foliar_disease,1,1,0,1.0,0.7311,1
LeafRot1489,2_foliar_disease,1,1,0,1.0,0.7311,1
LeafRot149,2_foliar_disease,1,1,0,1.0,0.7311,1
LeafRot1490,2_foliar_disease,1,1,0,1.0,0.7311,1
LeafRot1491,2_foliar_disease,1,1,0,1.0,0.7311,1
LeafRot1492,2_foliar_disease,1,1,0,1.0,0.7311,1
LeafRot1493,2_foliar_disease,1,1,0,1.0,0.7311,1
LeafRot1494,2_foliar_disease,1,1,0,1.0,0.7311,1
LeafRot1495,2_foliar_disease,1,1,0,1.0,0.7311,1
LeafRot1496,2_foliar_disease,1,1,0,1.0,0.7311,1
LeafRot1497,2_foliar_disease,1,1,0,1.0,0.7311,1
LeafRot1498,2_foliar_disease,1,1,0,1.0,0.7311,1
LeafRot1499,2_foliar_disease,1,1,0,1.0,0.7311,1
LeafRot150,2_foliar_disease,1,1,0,1.0,0.7311,1
LeafRot1500,2_foliar_disease,1,1,0,1.0,0.7311,1
LeafRot1501,2_foliar_disease,1,1,0,1.0,0.7311,1
LeafRot1502,2_foliar_disease,1,1,0,1.0,0.7311,1
LeafRot1503,2_foliar_disease,1,1,0,1.0,0.7311,1
LeafRot1504,2_foliar_disease,1,1,0,1.0,0.7311,1
LeafRot1505,2_foliar_disease,1,1,0,1.0,0.7311,1
LeafRot1506,2_foliar_disease,1,1,0,1.0,0.7311,1
LeafRot1507,2_foliar_disease,1,1,0,1.0,0.7311,1
LeafRot1508,2_foliar_disease,1,1,0,1.0,0.7311,1
LeafRot1509,2_foliar_disease,1,1,0,1.0,0.7311,1
LeafRot151,2_foliar_disease,1,1,0,1.0,0.7311,1
LeafRot1510,2_foliar_disease,1,1,0,1.0,0.7311,1
LeafRot1511,2_foliar_disease,1,1,0,1.0,0.7311,1
LeafRot1512,2_foliar_disease,1,1,0,1.0,0.7311,1
LeafRot1513,2_foliar_disease,1,1,0,1.0,0.7311,1
LeafRot1514,2_foliar_disease,1,1,0,1.0,0.7311,1
LeafRot1515,2_foliar_disease,1,1,0,1.0,0.7311,1
LeafRot1516,2_foliar_disease,1,1,0,1.0,0.7311,1
LeafRot1517,2_foliar_disease,1,1,0,1.0,0.7311,1
LeafRot1518,2_foliar_disease,1,1,0,1.0,0.7311,1
LeafRot1519,2_foliar_disease,1,1,0,1.0,0.7311,1
LeafRot152,2_foliar_disease,1,1,0,1.0,0.7311,1
LeafRot1520,2_foliar_disease,1,1,0,1.0,0.7311,1
LeafRot1521,2_foliar_disease,1,1,0,1.0,0.7311,1
LeafRot1522,2_foliar_disease,1,1,0,1.0,0.7311,1
LeafRot1523,2_foliar_disease,1,1,0,1.0,0.7311,1
LeafRot1524,2_foliar_disease,1,1,0,1.0,0.7311,1
LeafRot1525,2_foliar_disease,1,1,0,1.0,0.7311,1
LeafRot1526,2_foliar_disease,1,1,0,1.0,0.7311,1
LeafRot1527,2_foliar_disease,1,1,0,1.0,0.7311,1
LeafRot1528,2_foliar_disease,1,1,0,1.0,0.7311,1
LeafRot1529,2_foliar_disease,1,1,0,1.0,0.7311,1
LeafRot153,2_foliar_disease,1,1,0,1.0,0.7311,1
LeafRot1530,2_foliar_disease,1,1,0,1.0,0.7311,1
LeafRot1531,2_foliar_disease,1,1,0,1.0,0.7311,1
LeafRot1532,2_foliar_disease,1,1,0,1.0,0.7311,1
LeafRot1533,2_foliar_disease,1,1,0,1.0,0.7311,1
LeafRot1534,2_foliar_disease,1,1,0,1.0,0.7311,1
LeafRot1535,2_foliar_disease,1,1,0,1.0,0.7311,1
LeafRot1536,2_foliar_disease,1,1,0,1.0,0.7311,1
LeafRot1537,2_foliar_disease,1,1,0,1.0,0.7311,1
LeafRot1538,2_foliar_disease,1,1,0,1.0,0.7311,1
LeafRot1539,2_foliar_disease,1,1,0,1.0,0.7311,1
LeafRot154,2_foliar_disease,1,1,0,1.0,0.7311,1
LeafRot1540,2_foliar_disease,1,1,0,1.0,0.7311,1
LeafRot1541,2_foliar_disease,1,1,0,1.0,0.7311,1
LeafRot1542,2_foliar_disease,1,1,0,1.0,0.7311,1
LeafRot1543,2_foliar_disease,1,1,0,1.0,0.7311,1
LeafRot1544,2_foliar_disease,1,1,0,1.0,0.7311,1
LeafRot1545,2_foliar_disease,1,1,0,1.0,0.7311,1
LeafRot1546,2_foliar_disease,1,1,0,1.0,0.7311,1
LeafRot1547,2_foliar_disease,1,1,0,1.0,0.7311,1
LeafRot1548,2_foliar_disease,1,1,0,1.0,0.7311,1
LeafRot1549,2_foliar_disease,1,1,0,1.0,0.7311,1
LeafRot155,2_foliar_disease,1,1,0,1.0,0.7311,1
LeafRot1550,2_foliar_disease,1,1,0,1.0,0.7311,1
LeafRot1551,2_foliar_disease,1,1,0,1.0,0.7311,1
LeafRot1552,2_foliar_disease,1,1,0,1.0,0.7311,1
LeafRot1553,2_foliar_disease,1,1,0,1.0,0.7311,1
LeafRot1554,2_foliar_disease,1,1,0,1.0,0.7311,1
LeafRot1555,2_foliar_disease,1,1,0,1.0,0.7311,1
LeafRot1556,2_foliar_disease,1,1,0,1.0,0.7311,1
LeafRot1557,2_foliar_disease,1,1,0,1.0,0.7311,1
LeafRot1558,2_foliar_disease,1,1,0,1.0,0.7311,1
LeafRot1559,2_foliar_disease,1,1,0,1.0,0.7311,1
LeafRot156,2_foliar_disease,1,1,0,1.0,0.7311,1
LeafRot1560,2_foliar_disease,1,1,0,1.0,0.7311,1
LeafRot1561,2_foliar_disease,1,1,0,1.0,0.7311,1
LeafRot1562,2_foliar_disease,1,1,0,1.0,0.7311,1
LeafRot1563,2_foliar_disease,1,1,0,1.0,0.7311,1
LeafRot1564,2_foliar_disease,1,1,0,1.0,0.7311,1
LeafRot1565,2_foliar_disease,1,1,0,1.0,0.7311,1
LeafRot1566,2_foliar_disease,1,1,0,1.0,0.7311,1
LeafRot1567,2_foliar_disease,1,1,0,1.0,0.7311,1
LeafRot1568,2_foliar_disease,1,1,0,1.0,0.7311,1
LeafRot1569,2_foliar_disease,1,1,0,1.0,0.7311,1
LeafRot157,2_foliar_disease,1,1,0,1.0,0.7311,1
LeafRot1570,2_foliar_disease,1,1,0,1.0,0.7311,1
LeafRot1571,2_foliar_disease,1,1,0,1.0,0.7311,1
LeafRot1572,2_foliar_disease,1,1,0,1.0,0.7311,1
LeafRot1573,2_foliar_disease,1,1,0,1.0,0.7311,1
LeafRot1574,2_foliar_disease,1,1,0,1.0,0.7311,1
LeafRot1575,2_foliar_disease,1,1,0,1.0,0.7311,1
LeafRot1576,2_foliar_disease,1,1,0,1.0,0.7311,1
LeafRot1577,2_foliar_disease,1,1,0,1.0,0.7311,1
LeafRot1578,2_foliar_disease,1,1,0,1.0,0.7311,1
LeafRot1579,2_foliar_disease,1,1,0,1.0,0.7311,1
LeafRot158,2_foliar_disease,1,1,0,1.0,0.7311,1
LeafRot1580,2_foliar_disease,1,1,0,1.0,0.7311,1
LeafRot1581,2_foliar_disease,1,1,0,1.0,0.7311,1
LeafRot1582,2_foliar_disease,1,1,0,1.0,0.7311,1
LeafRot1583,2_foliar_disease,1,1,0,1.0,0.7311,1
LeafRot1584,2_foliar_disease,1,1,0,1.0,0.7311,1
LeafRot1585,2_foliar_disease,1,1,0,1.0,0.7311,1
LeafRot1586,2_foliar_disease,1,1,0,1.0,0.7311,1
LeafRot1587,2_foliar_disease,1,1,0,1.0,0.7311,1
LeafRot1588,2_foliar_disease,1,1,0,1.0,0.7311,1
LeafRot1589,2_foliar_disease,1,1,0,1.0,0.7311,1
LeafRot159,2_foliar_disease,1,1,0,1.0,0.7311,1
LeafRot1590,2_foliar_disease,1,1,0,1.0,0.7311,1
LeafRot1591,2_foliar_disease,1,1,0,1.0,0.7311,1
LeafRot1592,2_foliar_disease,1,1,0,1.0,0.7311,1
LeafRot1593,2_foliar_disease,1,1,0,1.0,0.7311,1
LeafRot1594,2_foliar_disease,1,1,0,1.0,0.7311,1
LeafRot1595,2_foliar_disease,1,1,0,1.0,0.7311,1
LeafRot1596,2_foliar_disease,1,1,0,1.0,0.7311,1
LeafRot1597,2_foliar_disease,1,1,0,1.0,0.7311,1
LeafRot1598,2_foliar_disease,1,1,0,1.0,0.7311,1
LeafRot1599,2_foliar_disease,1,1,0,1.0,0.7311,1
LeafRot160,2_foliar_disease,1,1,0,1.0,0.7311,1
LeafRot1600,2_foliar_disease,1,1,0,1.0,0.7311,1
LeafRot1601,2_foliar_disease,1,1,0,1.0,0.7311,1
LeafRot1602,2_foliar_disease,1,1,0,1.0,0.7311,1
LeafRot1603,2_foliar_disease,1,1,0,1.0,0.7311,1
LeafRot1604,2_foliar_disease,1,1,0,1.0,0.7311,1
LeafRot1605,2_foliar_disease,1,1,0,1.0,0.7311,1
LeafRot1606,2_foliar_disease,1,1,0,1.0,0.7311,1
LeafRot1607,2_foliar_disease,1,1,0,1.0,0.7311,1
LeafRot1608,2_foliar_disease,1,1,0,1.0,0.7311,1
LeafRot1609,2_foliar_disease,1,1,0,1.0,0.7311,1
LeafRot161,2_foliar_disease,1,1,0,1.0,0.7311,1
LeafRot1610,2_foliar_disease,1,1,0,1.0,0.7311,1
LeafRot1611,2_foliar_disease,1,1,0,1.0,0.7311,1
LeafRot1612,2_foliar_disease,1,1,0,1.0,0.7311,1
LeafRot1613,2_foliar_disease,1,1,0,1.0,0.7311,1
LeafRot1614,2_foliar_disease,1,1,0,1.0,0.7311,1
LeafRot1615,2_foliar_disease,1,1,0,1.0,0.7311,1
LeafRot1616,2_foliar_disease,1,1,0,1.0,0.7311,1
LeafRot1617,2_foliar_disease,1,1,0,1.0,0.7311,1
LeafRot1618,2_foliar_disease,1,1,0,1.0,0.7311,1
LeafRot1619,2_foliar_disease,1,1,0,1.0,0.7311,1
LeafRot162,2_foliar_disease,1,1,0,1.0,0.7311,1
LeafRot1620,2_foliar_disease,1,1,0,1.0,0.7311,1
LeafRot1621,2_foliar_disease,1,1,0,1.0,0.7311,1
LeafRot1622,2_foliar_disease,1,1,0,1.0,0.7311,1
LeafRot1623,2_foliar_disease,1,1,0,1.0,0.7311,1
LeafRot1624,2_foliar_disease,1,1,0,1.0,0.7311,1
LeafRot1625,2_foliar_disease,1,1,0,1.0,0.7311,1
LeafRot1626,2_foliar_disease,1,1,0,1.0,0.7311,1
LeafRot1627,2_foliar_disease,1,1,0,1.0,0.7311,1
LeafRot1628,2_foliar_disease,1,1,0,1.0,0.7311,1
LeafRot1629,2_foliar_disease,1,1,0,1.0,0.7311,1
LeafRot163,2_foliar_disease,1,1,0,1.0,0.7311,1
LeafRot1630,2_foliar_disease,1,1,0,1.0,0.7311,1
LeafRot1631,2_foliar_disease,1,1,0,1.0,0.7311,1
LeafRot1632,2_foliar_disease,1,1,0,1.0,0.7311,1
LeafRot1633,2_foliar_disease,1,1,0,1.0,0.7311,1
LeafRot1634,2_foliar_disease,1,1,0,1.0,0.7311,1
LeafRot1635,2_foliar_disease,1,1,0,1.0,0.7311,1
LeafRot1636,2_foliar_disease,1,1,0,1.0,0.7311,1
LeafRot1637,2_foliar_disease,1,1,0,1.0,0.7311,1
LeafRot1638,2_foliar_disease,1,1,0,1.0,0.7311,1
LeafRot1639,2_foliar_disease,1,1,0,1.0,0.7311,1
LeafRot164,2_foliar_disease,1,1,0,1.0,0.7311,1
LeafRot1640,2_foliar_disease,1,1,0,1.0,0.7311,1
LeafRot1641,2_foliar_disease,1,1,0,1.0,0.7311,1
LeafRot1642,2_foliar_disease,1,1,0,1.0,0.7311,1
LeafRot1643,2_foliar_disease,1,1,0,1.0,0.7311,1
LeafRot1644,2_foliar_disease,1,1,0,1.0,0.7311,1
LeafRot1645,2_foliar_disease,1,1,0,1.0,0.7311,1
LeafRot1646,2_foliar_disease,1,1,0,1.0,0.7311,1
LeafRot1647,2_foliar_disease,1,1,0,1.0,0.7311,1
LeafRot1648,2_foliar_disease,1,1,0,1.0,0.7311,1
LeafRot1649,2_foliar_disease,1,1,0,1.0,0.7311,1
LeafRot165,2_foliar_disease,1,1,0,1.0,0.7311,1
LeafRot1650,2_foliar_disease,1,1,0,1.0,0.7311,1
LeafRot1651,2_foliar_disease,1,1,0,1.0,0.7311,1
LeafRot1652,2_foliar_disease,1,1,0,1.0,0.7311,1
LeafRot1653,2_foliar_disease,1,1,0,1.0,0.7311,1
LeafRot1654,2_foliar_disease,1,1,0,1.0,0.7311,1
LeafRot1655,2_foliar_disease,1,1,0,1.0,0.7311,1
LeafRot1656,2_foliar_disease,1,1,0,1.0,0.7311,1
LeafRot1657,2_foliar_disease,1,1,0,1.0,0.7311,1
LeafRot1658,2_foliar_disease,1,1,0,1.0,0.7311,1
LeafRot1659,2_foliar_disease,1,1,0,1.0,0.7311,1
LeafRot166,2_foliar_disease,1,1,0,1.0,0.7311,1
LeafRot1660,2_foliar_disease,1,1,0,1.0,0.7311,1
LeafRot1661,2_foliar_disease,1,1,0,1.0,0.7311,1
LeafRot1662,2_foliar_disease,1,1,0,1.0,0.7311,1
LeafRot1663,2_foliar_disease,1,1,0,1.0,0.7311,1
LeafRot1664,2_foliar_disease,1,1,0,1.0,0.7311,1
LeafRot1665,2_foliar_disease,1,1,0,1.0,0.7311,1
LeafRot1666,2_foliar_disease,1,1,0,1.0,0.7311,1
LeafRot1667,2_foliar_disease,1,1,0,1.0,0.7311,1
LeafRot1668,2_foliar_disease,1,1,0,1.0,0.7311,1
LeafRot1669,2_foliar_disease,1,1,0,1.0,0.7311,1
LeafRot167,2_foliar_disease,1,1,0,1.0,0.7311,1
LeafRot1670,2_foliar_disease,1,1,0,1.0,0.7311,1
LeafRot1671,2_foliar_disease,1,1,0,1.0,0.7311,1
LeafRot1672,2_foliar_disease,1,1,0,1.0,0.7311,1
LeafRot1673,2_foliar_disease,1,1,0,1.0,0.7311,1
LeafRot168,2_foliar_disease,1,1,0,1.0,0.7311,1
LeafRot169,2_foliar_disease,1,1,0,1.0,0.7311,1
LeafRot170,2_foliar_disease,1,1,0,1.0,0.7311,1
LeafRot171,2_foliar_disease,1,1,0,1.0,0.7311,1
LeafRot172,2_foliar_disease,1,1,0,1.0,0.7311,1
LeafRot173,2_foliar_disease,1,1,0,1.0,0.7311,1
LeafRot174,2_foliar_disease,1,1,0,1.0,0.7311,1
LeafRot175,2_foliar_disease,1,1,0,1.0,0.7311,1
LeafRot176,2_foliar_disease,1,1,0,1.0,0.7311,1
LeafRot177,2_foliar_disease,1,1,0,1.0,0.7311,1
LeafRot178,2_foliar_disease,1,1,0,1.0,0.7311,1
LeafRot179,2_foliar_disease,1,1,0,1.0,0.7311,1
LeafRot180,2_foliar_disease,1,1,0,1.0,0.7311,1
LeafRot181,2_foliar_disease,1,1,0,1.0,0.7311,1
LeafRot182,2_foliar_disease,1,1,0,1.0,0.7311,1
LeafRot183,2_foliar_disease,1,1,0,1.0,0.7311,1
LeafRot184,2_foliar_disease,1,1,0,1.0,0.7311,1
LeafRot185,2_foliar_disease,1,1,0,1.0,0.7311,1
LeafRot186,2_foliar_disease,1,1,0,1.0,0.7311,1
LeafRot187,2_foliar_disease,1,1,0,1.0,0.7311,1
LeafRot188,2_foliar_disease,1,1,0,1.0,0.7311,1
LeafRot189,2_foliar_disease,1,1,0,1.0,0.7311,1
LeafRot190,2_foliar_disease,1,1,0,1.0,0.7311,1
LeafRot191,2_foliar_disease,1,1,0,1.0,0.7311,1
LeafRot192,2_foliar_disease,1,1,0,1.0,0.7311,1
LeafRot193,2_foliar_disease,1,1,0,1.0,0.7311,1
LeafRot194,2_foliar_disease,1,1,0,1.0,0.7311,1
LeafRot195,2_foliar_disease,1,1,0,1.0,0.7311,1
LeafRot196,2_foliar_disease,1,1,0,1.0,0.7311,1
LeafRot197,2_foliar_disease,1,1,0,1.0,0.7311,1
LeafRot198,2_foliar_disease,1,1,0,1.0,0.7311,1
LeafRot199,2_foliar_disease,1,1,0,1.0,0.7311,1
LeafRot200,2_foliar_disease,1,1,0,1.0,0.7311,1
LeafRot201,2_foliar_disease,1,1,0,1.0,0.7311,1
LeafRot202,2_foliar_disease,1,1,0,1.0,0.7311,1
LeafRot203,2_foliar_disease,1,1,0,1.0,0.7311,1
LeafRot204,2_foliar_disease,1,1,0,1.0,0.7311,1
LeafRot205,2_foliar_disease,1,1,0,1.0,0.7311,1
LeafRot206,2_foliar_disease,1,1,0,1.0,0.7311,1
LeafRot207,2_foliar_disease,1,1,0,1.0,0.7311,1
LeafRot208,2_foliar_disease,1,1,0,1.0,0.7311,1
LeafRot209,2_foliar_disease,1,1,0,1.0,0.7311,1
LeafRot210,2_foliar_disease,1,1,0,1.0,0.7311,1
LeafRot211,2_foliar_disease,1,1,0,1.0,0.7311,1
LeafRot212,2_foliar_disease,1,1,0,1.0,0.7311,1
LeafRot213,2_foliar_disease,1,1,0,1.0,0.7311,1
LeafRot214,2_foliar_disease,1,1,0,1.0,0.7311,1
LeafRot215,2_foliar_disease,1,1,0,1.0,0.7311,1
LeafRot216,2_foliar_disease,1,1,0,1.0,0.7311,1
LeafRot217,2_foliar_disease,1,1,0,1.0,0.7311,1
LeafRot218,2_foliar_disease,1,1,0,1.0,0.7311,1
LeafRot219,2_foliar_disease,1,1,0,1.0,0.7311,1
LeafRot220,2_foliar_disease,1,1,0,1.0,0.7311,1
LeafRot221,2_foliar_disease,1,1,0,1.0,0.7311,1
LeafRot222,2_foliar_disease,1,1,0,1.0,0.7311,1
LeafRot223,2_foliar_disease,1,1,0,1.0,0.7311,1
LeafRot224,2_foliar_disease,1,1,0,1.0,0.7311,1
LeafRot225,2_foliar_disease,1,1,0,1.0,0.7311,1
LeafRot226,2_foliar_disease,1,1,0,1.0,0.7311,1
LeafRot227,2_foliar_disease,1,1,0,1.0,0.7311,1
LeafRot228,2_foliar_disease,1,1,0,1.0,0.7311,1
LeafRot229,2_foliar_disease,1,1,0,1.0,0.7311,1
LeafRot230,2_foliar_disease,1,1,0,1.0,0.7311,1
LeafRot231,2_foliar_disease,1,1,0,1.0,0.7311,1
LeafRot232,2_foliar_disease,1,1,0,1.0,0.7311,1
LeafRot233,2_foliar_disease,1,1,0,1.0,0.7311,1
LeafRot234,2_foliar_disease,1,1,0,1.0,0.7311,1
LeafRot235,2_foliar_disease,1,1,0,1.0,0.7311,1
LeafRot236,2_foliar_disease,1,1,0,1.0,0.7311,1
LeafRot237,2_foliar_disease,1,1,0,1.0,0.7311,1
LeafRot238,2_foliar_disease,1,1,0,1.0,0.7311,1
LeafRot239,2_foliar_disease,1,1,0,1.0,0.7311,1
LeafRot240,2_foliar_disease,1,1,0,1.0,0.7311,1
LeafRot241,2_foliar_disease,1,1,0,1.0,0.7311,1
LeafRot242,2_foliar_disease,1,1,0,1.0,0.7311,1
LeafRot243,2_foliar_disease,1,1,0,1.0,0.7311,1
LeafRot244,2_foliar_disease,1,1,0,1.0,0.7311,1
LeafRot245,2_foliar_disease,1,1,0,1.0,0.7311,1
LeafRot246,2_foliar_disease,1,1,0,1.0,0.7311,1
LeafRot247,2_foliar_disease,1,1,0,1.0,0.7311,1
LeafRot248,2_foliar_disease,1,1,0,1.0,0.7311,1
LeafRot249,2_foliar_disease,1,1,0,1.0,0.7311,1
LeafRot250,2_foliar_disease,1,1,0,1.0,0.7311,1
LeafRot251,2_foliar_disease,1,1,0,1.0,0.7311,1
LeafRot252,2_foliar_disease,1,1,0,1.0,0.7311,1
LeafRot253,2_foliar_disease,1,1,0,1.0,0.7311,1
LeafRot254,2_foliar_disease,1,1,0,1.0,0.7311,1
LeafRot255,2_foliar_disease,1,1,0,1.0,0.7311,1
LeafRot256,2_foliar_disease,1,1,0,1.0,0.7311,1
LeafRot257,2_foliar_disease,1,1,0,1.0,0.7311,1
LeafRot258,2_foliar_disease,1,1,0,1.0,0.7311,1
LeafRot259,2_foliar_disease,1,1,0,1.0,0.7311,1
LeafRot260,2_foliar_disease,1,1,0,1.0,0.7311,1
LeafRot261,2_foliar_disease,1,1,0,1.0,0.7311,1
LeafRot262,2_foliar_disease,1,1,0,1.0,0.7311,1
LeafRot263,2_foliar_disease,1,1,0,1.0,0.7311,1
LeafRot264,2_foliar_disease,1,1,0,1.0,0.7311,1
LeafRot265,2_foliar_disease,1,1,0,1.0,0.7311,1
LeafRot266,2_foliar_disease,1,1,0,1.0,0.7311,1
LeafRot267,2_foliar_disease,1,1,0,1.0,0.7311,1
LeafRot268,2_foliar_disease,1,1,0,1.0,0.7311,1
LeafRot269,2_foliar_disease,1,1,0,1.0,0.7311,1
LeafRot270,2_foliar_disease,1,1,0,1.0,0.7311,1
LeafRot271,2_foliar_disease,1,1,0,1.0,0.7311,1
LeafRot272,2_foliar_disease,1,1,0,1.0,0.7311,1
LeafRot273,2_foliar_disease,1,1,0,1.0,0.7311,1
LeafRot274,2_foliar_disease,1,1,0,1.0,0.7311,1
LeafRot275,2_foliar_disease,1,1,0,1.0,0.7311,1
LeafRot276,2_foliar_disease,1,1,0,1.0,0.7311,1
LeafRot277,2_foliar_disease,1,1,0,1.0,0.7311,1
LeafRot278,2_foliar_disease,1,1,0,1.0,0.7311,1
LeafRot279,2_foliar_disease,1,1,0,1.0,0.7311,1
LeafRot280,2_foliar_disease,1,1,0,1.0,0.7311,1
LeafRot281,2_foliar_disease,1,1,0,1.0,0.7311,1
LeafRot282,2_foliar_disease,1,1,0,1.0,0.7311,1
LeafRot283,2_foliar_disease,1,1,0,1.0,0.7311,1
LeafRot284,2_foliar_disease,1,1,0,1.0,0.7311,1
LeafRot285,2_foliar_disease,1,1,0,1.0,0.7311,1
LeafRot286,2_foliar_disease,1,1,0,1.0,0.7311,1
LeafRot287,2_foliar_disease,1,1,0,1.0,0.7311,1
LeafRot288,2_foliar_disease,1,1,0,1.0,0.7311,1
LeafRot289,2_foliar_disease,1,1,0,1.0,0.7311,1
LeafRot290,2_foliar_disease,1,1,0,1.0,0.7311,1
LeafRot291,2_foliar_disease,1,1,0,1.0,0.7311,1
LeafRot292,2_foliar_disease,1,1,0,1.0,0.7311,1
LeafRot293,2_foliar_disease,1,1,0,1.0,0.7311,1
LeafRot294,2_foliar_disease,1,1,0,1.0,0.7311,1
LeafRot295,2_foliar_disease,1,1,0,1.0,0.7311,1
LeafRot296,2_foliar_disease,1,1,0,1.0,0.7311,1
LeafRot297,2_foliar_disease,1,1,0,1.0,0.7311,1
LeafRot298,2_foliar_disease,1,1,0,1.0,0.7311,1
LeafRot299,2_foliar_disease,1,1,0,1.0,0.7311,1
LeafRot300,2_foliar_disease,1,1,0,1.0,0.7311,1
LeafRot301,2_foliar_disease,1,1,0,1.0,0.7311,1
LeafRot302,2_foliar_disease,1,1,0,1.0,0.7311,1
LeafRot303,2_foliar_disease,1,1,0,1.0,0.7311,1
LeafRot304,2_foliar_disease,1,1,0,1.0,0.7311,1
LeafRot305,2_foliar_disease,1,1,0,1.0,0.7311,1
LeafRot306,2_foliar_disease,1,1,0,1.0,0.7311,1
LeafRot307,2_foliar_disease,1,1,0,1.0,0.7311,1
LeafRot308,2_foliar_disease,1,1,0,1.0,0.7311,1
LeafRot309,2_foliar_disease,1,1,0,1.0,0.7311,1
LeafRot310,2_foliar_disease,1,1,0,1.0,0.7311,1
LeafRot311,2_foliar_disease,1,1,0,1.0,0.7311,1
LeafRot312,2_foliar_disease,1,1,0,1.0,0.7311,1
LeafRot313,2_foliar_disease,1,1,0,1.0,0.7311,1
LeafRot314,2_foliar_disease,1,1,0,1.0,0.7311,1
LeafRot315,2_foliar_disease,1,1,0,1.0,0.7311,1
LeafRot316,2_foliar_disease,1,1,0,1.0,0.7311,1
LeafRot317,2_foliar_disease,1,1,0,1.0,0.7311,1
LeafRot318,2_foliar_disease,1,1,0,1.0,0.7311,1
LeafRot319,2_foliar_disease,1,1,0,1.0,0.7311,1
LeafRot320,2_foliar_disease,1,1,0,1.0,0.7311,1
LeafRot321,2_foliar_disease,1,1,0,1.0,0.7311,1
LeafRot322,2_foliar_disease,1,1,0,1.0,0.7311,1
LeafRot323,2_foliar_disease,1,1,0,1.0,0.7311,1
LeafRot324,2_foliar_disease,1,1,0,1.0,0.7311,1
LeafRot325,2_foliar_disease,1,1,0,1.0,0.7311,1
LeafRot326,2_foliar_disease,1,1,0,1.0,0.7311,1
LeafRot327,2_foliar_disease,1,1,0,1.0,0.7311,1
LeafRot328,2_foliar_disease,1,1,0,1.0,0.7311,1
LeafRot329,2_foliar_disease,1,1,0,1.0,0.7311,1
LeafRot330,2_foliar_disease,1,1,0,1.0,0.7311,1
LeafRot331,2_foliar_disease,1,1,0,1.0,0.7311,1
LeafRot332,2_foliar_disease,1,1,0,1.0,0.7311,1
LeafRot333,2_foliar_disease,1,1,0,1.0,0.7311,1
LeafRot334,2_foliar_disease,1,1,0,1.0,0.7311,1
LeafRot335,2_foliar_disease,1,1,0,1.0,0.7311,1
LeafRot336,2_foliar_disease,1,1,0,1.0,0.7311,1
LeafRot337,2_foliar_disease,1,1,0,1.0,0.7311,1
LeafRot338,2_foliar_disease,1,1,0,1.0,0.7311,1
LeafRot339,2_foliar_disease,1,1,0,1.0,0.7311,1
LeafRot340,2_foliar_disease,1,1,0,1.0,0.7311,1
LeafRot341,2_foliar_disease,1,1,0,1.0,0.7311,1
LeafRot342,2_foliar_disease,1,1,0,1.0,0.7311,1
LeafRot343,2_foliar_disease,1,1,0,1.0,0.7311,1
LeafRot344,2_foliar_disease,1,1,0,1.0,0.7311,1
LeafRot345,2_foliar_disease,1,1,0,1.0,0.7311,1
LeafRot346,2_foliar_disease,1,1,0,1.0,0.7311,1
LeafRot347,2_foliar_disease,1,1,0,1.0,0.7311,1
LeafRot348,2_foliar_disease,1,1,0,1.0,0.7311,1
LeafRot349,2_foliar_disease,1,1,0,1.0,0.7311,1
LeafRot350,2_foliar_disease,1,1,0,1.0,0.7311,1
LeafRot351,2_foliar_disease,1,1,0,1.0,0.7311,1
LeafRot352,2_foliar_disease,1,1,0,1.0,0.7311,1
LeafRot353,2_foliar_disease,1,1,0,1.0,0.7311,1
LeafRot354,2_foliar_disease,1,1,0,1.0,0.7311,1
LeafRot355,2_foliar_disease,1,1,0,1.0,0.7311,1
LeafRot356,2_foliar_disease,1,1,0,1.0,0.7311,1
LeafRot357,2_foliar_disease,1,1,0,1.0,0.7311,1
LeafRot358,2_foliar_disease,1,1,0,1.0,0.7311,1
LeafRot359,2_foliar_disease,1,1,0,1.0,0.7311,1
LeafRot360,2_foliar_disease,1,1,0,1.0,0.7311,1
LeafRot361,2_foliar_disease,1,1,0,1.0,0.7311,1
LeafRot362,2_foliar_disease,1,1,0,1.0,0.7311,1
LeafRot363,2_foliar_disease,1,1,0,1.0,0.7311,1
LeafRot364,2_foliar_disease,1,1,0,1.0,0.7311,1
LeafRot365,2_foliar_disease,1,1,0,1.0,0.7311,1
LeafRot366,2_foliar_disease,1,1,0,1.0,0.7311,1
LeafRot367,2_foliar_disease,1,1,0,1.0,0.7311,1
LeafRot368,2_foliar_disease,1,1,0,1.0,0.7311,1
LeafRot369,2_foliar_disease,1,1,0,1.0,0.7311,1
LeafRot370,2_foliar_disease,1,1,0,1.0,0.7311,1
LeafRot371,2_foliar_disease,1,1,0,1.0,0.7311,1
LeafRot372,2_foliar_disease,1,1,0,1.0,0.7311,1
LeafRot373,2_foliar_disease,1,1,0,1.0,0.7311,1
LeafRot374,2_foliar_disease,1,1,0,1.0,0.7311,1
LeafRot375,2_foliar_disease,1,1,0,1.0,0.7311,1
LeafRot376,2_foliar_disease,1,1,0,1.0,0.7311,1
LeafRot377,2_foliar_disease,1,1,0,1.0,0.7311,1
LeafRot378,2_foliar_disease,1,1,0,1.0,0.7311,1
LeafRot379,2_foliar_disease,1,1,0,1.0,0.7311,1
LeafRot380,2_foliar_disease,1,1,0,1.0,0.7311,1
LeafRot381,2_foliar_disease,1,1,0,1.0,0.7311,1
LeafRot382,2_foliar_disease,1,1,0,1.0,0.7311,1
LeafRot383,2_foliar_disease,1,1,0,1.0,0.7311,1
LeafRot384,2_foliar_disease,1,1,0,1.0,0.7311,1
LeafRot385,2_foliar_disease,1,1,0,1.0,0.7311,1
LeafRot386,2_foliar_disease,1,1,0,1.0,0.7311,1
LeafRot387,2_foliar_disease,1,1,0,1.0,0.7311,1
LeafRot388,2_foliar_disease,1,1,0,1.0,0.7311,1
LeafRot389,2_foliar_disease,1,1,0,1.0,0.7311,1
LeafRot390,2_foliar_disease,1,1,0,1.0,0.7311,1
LeafRot391,2_foliar_disease,1,1,0,1.0,0.7311,1
LeafRot392,2_foliar_disease,1,1,0,1.0,0.7311,1
LeafRot393,2_foliar_disease,1,1,0,1.0,0.7311,1
LeafRot394,2_foliar_disease,1,1,0,1.0,0.7311,1
LeafRot395,2_foliar_disease,1,1,0,1.0,0.7311,1
LeafRot396,2_foliar_disease,1,1,0,1.0,0.7311,1
LeafRot397,2_foliar_disease,1,1,0,1.0,0.7311,1
LeafRot398,2_foliar_disease,1,1,0,1.0,0.7311,1
LeafRot399,2_foliar_disease,1,1,0,1.0,0.7311,1
LeafRot400,2_foliar_disease,1,1,0,1.0,0.7311,1
LeafRot401,2_foliar_disease,1,1,0,1.0,0.7311,1
LeafRot402,2_foliar_disease,1,1,0,1.0,0.7311,1
LeafRot403,2_foliar_disease,1,1,0,1.0,0.7311,1
LeafRot404,2_foliar_disease,1,1,0,1.0,0.7311,1
LeafRot405,2_foliar_disease,1,1,0,1.0,0.7311,1
LeafRot406,2_foliar_disease,1,1,0,1.0,0.7311,1
LeafRot407,2_foliar_disease,1,1,0,1.0,0.7311,1
LeafRot408,2_foliar_disease,1,1,0,1.0,0.7311,1
LeafRot409,2_foliar_disease,1,1,0,1.0,0.7311,1
LeafRot410,2_foliar_disease,1,1,0,1.0,0.7311,1
LeafRot411,2_foliar_disease,1,1,0,1.0,0.7311,1
LeafRot412,2_foliar_disease,1,1,0,1.0,0.7311,1
LeafRot413,2_foliar_disease,1,1,0,1.0,0.7311,1
LeafRot414,2_foliar_disease,1,1,0,1.0,0.7311,1
LeafRot415,2_foliar_disease,1,1,0,1.0,0.7311,1
LeafRot416,2_foliar_disease,1,1,0,1.0,0.7311,1
LeafRot417,2_foliar_disease,1,1,0,1.0,0.7311,1
LeafRot418,2_foliar_disease,1,1,0,1.0,0.7311,1
LeafRot419,2_foliar_disease,1,1,0,1.0,0.7311,1
LeafRot420,2_foliar_disease,1,1,0,1.0,0.7311,1
LeafRot421,2_foliar_disease,1,1,0,1.0,0.7311,1
LeafRot422,2_foliar_disease,1,1,0,1.0,0.7311,1
LeafRot423,2_foliar_disease,1,1,0,1.0,0.7311,1
LeafRot424,2_foliar_disease,1,1,0,1.0,0.7311,1
LeafRot425,2_foliar_disease,1,1,0,1.0,0.7311,1
LeafRot426,2_foliar_disease,1,1,0,1.0,0.7311,1
LeafRot427,2_foliar_disease,1,1,0,1.0,0.7311,1
LeafRot428,2_foliar_disease,1,1,0,1.0,0.7311,1
LeafRot429,2_foliar_disease,1,1,0,1.0,0.7311,1
LeafRot430,2_foliar_disease,1,1,0,1.0,0.7311,1
LeafRot431,2_foliar_disease,1,1,0,1.0,0.7311,1
LeafRot432,2_foliar_disease,1,1,0,1.0,0.7311,1
LeafRot433,2_foliar_disease,1,1,0,1.0,0.7311,1
LeafRot434,2_foliar_disease,1,1,0,1.0,0.7311,1
LeafRot435,2_foliar_disease,1,1,0,1.0,0.7311,1
LeafRot436,2_foliar_disease,1,1,0,1.0,0.7311,1
LeafRot437,2_foliar_disease,1,1,0,1.0,0.7311,1
LeafRot438,2_foliar_disease,1,1,0,1.0,0.7311,1
LeafRot439,2_foliar_disease,1,1,0,1.0,0.7311,1
LeafRot440,2_foliar_disease,1,1,0,1.0,0.7311,1
LeafRot441,2_foliar_disease,1,1,0,1.0,0.7311,1
LeafRot442,2_foliar_disease,1,1,0,1.0,0.7311,1
LeafRot443,2_foliar_disease,1,1,0,1.0,0.7311,1
LeafRot444,2_foliar_disease,1,1,0,1.0,0.7311,1
LeafRot445,2_foliar_disease,1,1,0,1.0,0.7311,1
LeafRot446,2_foliar_disease,1,1,0,1.0,0.7311,1
LeafRot447,2_foliar_disease,1,1,0,1.0,0.7311,1
LeafRot448,2_foliar_disease,1,1,0,1.0,0.7311,1
LeafRot449,2_foliar_disease,1,1,0,1.0,0.7311,1
LeafRot450,2_foliar_disease,1,1,0,1.0,0.7311,1
LeafRot451,2_foliar_disease,1,1,0,1.0,0.7311,1
LeafRot452,2_foliar_disease,1,1,0,1.0,0.7311,1
LeafRot453,2_foliar_disease,1,1,0,1.0,0.7311,1
LeafRot454,2_foliar_disease,1,1,0,1.0,0.7311,1
LeafRot455,2_foliar_disease,1,1,0,1.0,0.7311,1
LeafRot456,2_foliar_disease,1,1,0,1.0,0.7311,1
LeafRot457,2_foliar_disease,1,1,0,1.0,0.7311,1
LeafRot458,2_foliar_disease,1,1,0,1.0,0.7311,1
LeafRot459,2_foliar_disease,1,1,0,1.0,0.7311,1
LeafRot460,2_foliar_disease,1,1,0,1.0,0.7311,1
LeafRot461,2_foliar_disease,1,1,0,1.0,0.7311,1
LeafRot462,2_foliar_disease,1,1,0,1.0,0.7311,1
LeafRot463,2_foliar_disease,1,1,0,1.0,0.7311,1
LeafRot464,2_foliar_disease,1,1,0,1.0,0.7311,1
LeafRot465,2_foliar_disease,1,1,0,1.0,0.7311,1
LeafRot466,2_foliar_disease,1,1,0,1.0,0.7311,1
LeafRot467,2_foliar_disease,1,1,0,1.0,0.7311,1
LeafRot468,2_foliar_disease,1,1,0,1.0,0.7311,1
LeafRot469,2_foliar_disease,1,1,0,1.0,0.7311,1
LeafRot470,2_foliar_disease,1,1,0,1.0,0.7311,1
LeafRot471,2_foliar_disease,1,1,0,1.0,0.7311,1
LeafRot472,2_foliar_disease,1,1,0,1.0,0.7311,1
LeafRot473,2_foliar_disease,1,1,0,1.0,0.7311,1
LeafRot474,2_foliar_disease,1,1,0,1.0,0.7311,1
LeafRot475,2_foliar_disease,1,1,0,1.0,0.7311,1
LeafRot476,2_foliar_disease,1,1,0,1.0,0.7311,1
LeafRot477,2_foliar_disease,1,1,0,1.0,0.7311,1
LeafRot478,2_foliar_disease,1,1,0,1.0,0.7311,1
LeafRot479,2_foliar_disease,1,1,0,1.0,0.7311,1
LeafRot480,2_foliar_disease,1,1,0,1.0,0.7311,1
LeafRot481,2_foliar_disease,1,1,0,1.0,0.7311,1
LeafRot482,2_foliar_disease,1,1,0,1.0,0.7311,1
LeafRot483,2_foliar_disease,1,1,0,1.0,0.7311,1
LeafRot484,2_foliar_disease,1,1,0,1.0,0.7311,1
LeafRot485,2_foliar_disease,1,1,0,1.0,0.7311,1
LeafRot486,2_foliar_disease,1,1,0,1.0,0.7311,1
LeafRot487,2_foliar_disease,1,1,0,1.0,0.7311,1
LeafRot488,2_foliar_disease,1,1,0,1.0,0.7311,1
LeafRot489,2_foliar_disease,1,1,0,1.0,0.7311,1
LeafRot490,2_foliar_disease,1,1,0,1.0,0.7311,1
LeafRot491,2_foliar_disease,1,1,0,1.0,0.7311,1
LeafRot492,2_foliar_disease,1,1,0,1.0,0.7311,1
LeafRot493,2_foliar_disease,1,1,0,1.0,0.7311,1
LeafRot494,2_foliar_disease,1,1,0,1.0,0.7311,1
LeafRot495,2_foliar_disease,1,1,0,1.0,0.7311,1
LeafRot496,2_foliar_disease,1,1,0,1.0,0.7311,1
LeafRot497,2_foliar_disease,1,1,0,1.0,0.7311,1
LeafRot498,2_foliar_disease,1,1,0,1.0,0.7311,1
LeafRot499,2_foliar_disease,1,1,0,1.0,0.7311,1
LeafRot500,2_foliar_disease,1,1,0,1.0,0.7311,1
LeafRot501,2_foliar_disease,1,1,0,1.0,0.7311,1
LeafRot502,2_foliar_disease,1,1,0,1.0,0.7311,1
LeafRot503,2_foliar_disease,1,1,0,1.0,0.7311,1
LeafRot504,2_foliar_disease,1,1,0,1.0,0.7311,1
LeafRot505,2_foliar_disease,1,1,0,1.0,0.7311,1
LeafRot506,2_foliar_disease,1,1,0,1.0,0.7311,1
LeafRot507,2_foliar_disease,1,1,0,1.0,0.7311,1
LeafRot508,2_foliar_disease,1,1,0,1.0,0.7311,1
LeafRot509,2_foliar_disease,1,1,0,1.0,0.7311,1
LeafRot510,2_foliar_disease,1,1,0,1.0,0.7311,1
LeafRot511,2_foliar_disease,1,1,0,1.0,0.7311,1
LeafRot512,2_foliar_disease,1,1,0,1.0,0.7311,1
LeafRot513,2_foliar_disease,1,1,0,1.0,0.7311,1
LeafRot514,2_foliar_disease,1,1,0,1.0,0.7311,1
LeafRot515,2_foliar_disease,1,1,0,1.0,0.7311,1
LeafRot516,2_foliar_disease,1,1,0,1.0,0.7311,1
LeafRot517,2_foliar_disease,1,1,0,1.0,0.7311,1
LeafRot518,2_foliar_disease,1,1,0,1.0,0.7311,1
LeafRot519,2_foliar_disease,1,1,0,1.0,0.7311,1
LeafRot520,2_foliar_disease,1,1,0,1.0,0.7311,1
LeafRot521,2_foliar_disease,1,1,0,1.0,0.7311,1
LeafRot522,2_foliar_disease,1,1,0,1.0,0.7311,1
LeafRot523,2_foliar_disease,1,1,0,1.0,0.7311,1
LeafRot524,2_foliar_disease,1,1,0,1.0,0.7311,1
LeafRot525,2_foliar_disease,1,1,0,1.0,0.7311,1
LeafRot526,2_foliar_disease,1,1,0,1.0,0.7311,1
LeafRot527,2_foliar_disease,1,1,0,1.0,0.7311,1
LeafRot528,2_foliar_disease,1,1,0,1.0,0.7311,1
LeafRot529,2_foliar_disease,1,1,0,1.0,0.7311,1
LeafRot530,2_foliar_disease,1,1,0,1.0,0.7311,1
LeafRot531,2_foliar_disease,1,1,0,1.0,0.7311,1
LeafRot532,2_foliar_disease,1,1,0,1.0,0.7311,1
LeafRot533,2_foliar_disease,1,1,0,1.0,0.7311,1
LeafRot534,2_foliar_disease,1,1,0,1.0,0.7311,1
LeafRot535,2_foliar_disease,1,1,0,1.0,0.7311,1
LeafRot536,2_foliar_disease,1,1,0,1.0,0.7311,1
LeafRot537,2_foliar_disease,1,1,0,1.0,0.7311,1
LeafRot538,2_foliar_disease,1,1,0,1.0,0.7311,1
LeafRot539,2_foliar_disease,1,1,0,1.0,0.7311,1
LeafRot540,2_foliar_disease,1,1,0,1.0,0.7311,1
LeafRot541,2_foliar_disease,1,1,0,1.0,0.7311,1
LeafRot542,2_foliar_disease,1,1,0,1.0,0.7311,1
LeafRot543,2_foliar_disease,1,1,0,1.0,0.7311,1
LeafRot544,2_foliar_disease,1,1,0,1.0,0.7311,1
LeafRot545,2_foliar_disease,1,1,0,1.0,0.7311,1
LeafRot546,2_foliar_disease,1,1,0,1.0,0.7311,1
LeafRot547,2_foliar_disease,1,1,0,1.0,0.7311,1
LeafRot548,2_foliar_disease,1,1,0,1.0,0.7311,1
LeafRot549,2_foliar_disease,1,1,0,1.0,0.7311,1
LeafRot550,2_foliar_disease,1,1,0,1.0,0.7311,1
LeafRot551,2_foliar_disease,1,1,0,1.0,0.7311,1
LeafRot552,2_foliar_disease,1,1,0,1.0,0.7311,1
LeafRot553,2_foliar_disease,1,1,0,1.0,0.7311,1
LeafRot554,2_foliar_disease,1,1,0,1.0,0.7311,1
LeafRot555,2_foliar_disease,1,1,0,1.0,0.7311,1
LeafRot556,2_foliar_disease,1,1,0,1.0,0.7311,1
LeafRot557,2_foliar_disease,1,1,0,1.0,0.7311,1
LeafRot558,2_foliar_disease,1,1,0,1.0,0.7311,1
LeafRot559,2_foliar_disease,1,1,0,1.0,0.7311,1
LeafRot560,2_foliar_disease,1,1,0,1.0,0.7311,1
LeafRot561,2_foliar_disease,1,1,0,1.0,0.7311,1
LeafRot562,2_foliar_disease,1,1,0,1.0,0.7311,1
LeafRot563,2_foliar_disease,1,1,0,1.0,0.7311,1
LeafRot564,2_foliar_disease,1,1,0,1.0,0.7311,1
LeafRot565,2_foliar_disease,1,1,0,1.0,0.7311,1
LeafRot566,2_foliar_disease,1,1,0,1.0,0.7311,1
LeafRot567,2_foliar_disease,1,1,0,1.0,0.7311,1
LeafRot568,2_foliar_disease,1,1,0,1.0,0.7311,1
LeafRot569,2_foliar_disease,1,1,0,1.0,0.7311,1
LeafRot570,2_foliar_disease,1,1,0,1.0,0.7311,1
LeafRot571,2_foliar_disease,1,1,0,1.0,0.7311,1
LeafRot572,2_foliar_disease,1,1,0,1.0,0.7311,1
LeafRot573,2_foliar_disease,1,1,0,1.0,0.7311,1
LeafRot574,2_foliar_disease,1,1,0,1.0,0.7311,1
LeafRot575,2_foliar_disease,1,1,0,1.0,0.7311,1
LeafRot576,2_foliar_disease,1,1,0,1.0,0.7311,1
LeafRot577,2_foliar_disease,1,1,0,1.0,0.7311,1
LeafRot578,2_foliar_disease,1,1,0,1.0,0.7311,1
LeafRot579,2_foliar_disease,1,1,0,1.0,0.7311,1
LeafRot580,2_foliar_disease,1,1,0,1.0,0.7311,1
LeafRot581,2_foliar_disease,1,1,0,1.0,0.7311,1
LeafRot582,2_foliar_disease,1,1,0,1.0,0.7311,1
LeafRot583,2_foliar_disease,1,1,0,1.0,0.7311,1
LeafRot584,2_foliar_disease,1,1,0,1.0,0.7311,1
LeafRot585,2_foliar_disease,1,1,0,1.0,0.7311,1
LeafRot586,2_foliar_disease,1,1,0,1.0,0.7311,1
LeafRot587,2_foliar_disease,1,1,0,1.0,0.7311,1
LeafRot588,2_foliar_disease,1,1,0,1.0,0.7311,1
LeafRot589,2_foliar_disease,1,1,0,1.0,0.7311,1
LeafRot590,2_foliar_disease,1,1,0,1.0,0.7311,1
LeafRot591,2_foliar_disease,1,1,0,1.0,0.7311,1
LeafRot592,2_foliar_disease,1,1,0,1.0,0.7311,1
LeafRot593,2_foliar_disease,1,1,0,1.0,0.7311,1
LeafRot594,2_foliar_disease,1,1,0,1.0,0.7311,1
LeafRot595,2_foliar_disease,1,1,0,1.0,0.7311,1
LeafRot596,2_foliar_disease,1,1,0,1.0,0.7311,1
LeafRot597,2_foliar_disease,1,1,0,1.0,0.7311,1
LeafRot598,2_foliar_disease,1,1,0,1.0,0.7311,1
LeafRot599,2_foliar_disease,1,1,0,1.0,0.7311,1
LeafRot600,2_foliar_disease,1,1,0,1.0,0.7311,1
LeafRot601,2_foliar_disease,1,1,0,1.0,0.7311,1
LeafRot602,2_foliar_disease,1,1,0,1.0,0.7311,1
LeafRot603,2_foliar_disease,1,1,0,1.0,0.7311,1
LeafRot604,2_foliar_disease,1,1,0,1.0,0.7311,1
LeafRot605,2_foliar_disease,1,1,0,1.0,0.7311,1
LeafRot606,2_foliar_disease,1,1,0,1.0,0.7311,1
LeafRot607,2_foliar_disease,1,1,0,1.0,0.7311,1
LeafRot608,2_foliar_disease,1,1,0,1.0,0.7311,1
LeafRot609,2_foliar_disease,1,1,0,1.0,0.7311,1
LeafRot610,2_foliar_disease,1,1,0,1.0,0.7311,1
LeafRot611,2_foliar_disease,1,1,0,1.0,0.7311,1
LeafRot612,2_foliar_disease,1,1,0,1.0,0.7311,1
LeafRot613,2_foliar_disease,1,1,0,1.0,0.7311,1
LeafRot614,2_foliar_disease,1,1,0,1.0,0.7311,1
LeafRot615,2_foliar_disease,1,1,0,1.0,0.7311,1
LeafRot616,2_foliar_disease,1,1,0,1.0,0.7311,1
LeafRot617,2_foliar_disease,1,1,0,1.0,0.7311,1
LeafRot618,2_foliar_disease,1,1,0,1.0,0.7311,1
LeafRot619,2_foliar_disease,1,1,0,1.0,0.7311,1
LeafRot620,2_foliar_disease,1,1,0,1.0,0.7311,1
LeafRot621,2_foliar_disease,1,1,0,1.0,0.7311,1
LeafRot622,2_foliar_disease,1,1,0,1.0,0.7311,1
LeafRot623,2_foliar_disease,1,1,0,1.0,0.7311,1
LeafRot624,2_foliar_disease,1,1,0,1.0,0.7311,1
LeafRot625,2_foliar_disease,1,1,0,1.0,0.7311,1
LeafRot626,2_foliar_disease,1,1,0,1.0,0.7311,1
LeafRot627,2_foliar_disease,1,1,0,1.0,0.7311,1
LeafRot628,2_foliar_disease,1,1,0,1.0,0.7311,1
LeafRot629,2_foliar_disease,1,1,0,1.0,0.7311,1
LeafRot630,2_foliar_disease,1,1,0,1.0,0.7311,1
LeafRot631,2_foliar_disease,1,1,0,1.0,0.7311,1
LeafRot632,2_foliar_disease,1,1,0,1.0,0.7311,1
LeafRot633,2_foliar_disease,1,1,0,1.0,0.7311,1
LeafRot634,2_foliar_disease,1,1,0,1.0,0.7311,1
LeafRot635,2_foliar_disease,1,1,0,1.0,0.7311,1
LeafRot636,2_foliar_disease,1,1,0,1.0,0.7311,1
LeafRot637,2_foliar_disease,1,1,0,1.0,0.7311,1
LeafRot638,2_foliar_disease,1,1,0,1.0,0.7311,1
LeafRot639,2_foliar_disease,1,1,0,1.0,0.7311,1
LeafRot640,2_foliar_disease,1,1,0,1.0,0.7311,1
LeafRot641,2_foliar_disease,1,1,0,1.0,0.7311,1
LeafRot642,2_foliar_disease,1,1,0,1.0,0.7311,1
LeafRot643,2_foliar_disease,1,1,0,1.0,0.7311,1
LeafRot644,2_foliar_disease,1,1,0,1.0,0.7311,1
LeafRot645,2_foliar_disease,1,1,0,1.0,0.7311,1
LeafRot646,2_foliar_disease,1,1,0,1.0,0.7311,1
LeafRot647,2_foliar_disease,1,1,0,1.0,0.7311,1
LeafRot648,2_foliar_disease,1,1,0,1.0,0.7311,1
LeafRot649,2_foliar_disease,1,1,0,1.0,0.7311,1
LeafRot650,2_foliar_disease,1,1,0,1.0,0.7311,1
LeafRot651,2_foliar_disease,1,1,0,1.0,0.7311,1
LeafRot652,2_foliar_disease,1,1,0,1.0,0.7311,1
LeafRot653,2_foliar_disease,1,1,0,1.0,0.7311,1
LeafRot654,2_foliar_disease,1,1,0,1.0,0.7311,1
LeafRot655,2_foliar_disease,1,1,0,1.0,0.7311,1
LeafRot656,2_foliar_disease,1,1,0,1.0,0.7311,1
LeafRot657,2_foliar_disease,1,1,0,1.0,0.7311,1
LeafRot658,2_foliar_disease,1,1,0,1.0,0.7311,1
LeafRot659,2_foliar_disease,1,1,0,1.0,0.7311,1
LeafRot660,2_foliar_disease,1,1,0,1.0,0.7311,1
LeafRot661,2_foliar_disease,1,1,0,1.0,0.7311,1
LeafRot662,2_foliar_disease,1,1,0,1.0,0.7311,1
LeafRot663,2_foliar_disease,1,1,0,1.0,0.7311,1
LeafRot664,2_foliar_disease,1,1,0,1.0,0.7311,1
LeafRot665,2_foliar_disease,1,1,0,1.0,0.7311,1
LeafRot666,2_foliar_disease,1,1,0,1.0,0.7311,1
LeafRot667,2_foliar_disease,1,1,0,1.0,0.7311,1
LeafRot668,2_foliar_disease,1,1,0,1.0,0.7311,1
LeafRot669,2_foliar_disease,1,1,0,1.0,0.7311,1
LeafRot670,2_foliar_disease,1,1,0,1.0,0.7311,1
LeafRot671,2_foliar_disease,1,1,0,1.0,0.7311,1
LeafRot672,2_foliar_disease,1,1,0,1.0,0.7311,1
LeafRot673,2_foliar_disease,1,1,0,1.0,0.7311,1
LeafRot674,2_foliar_disease,1,1,0,1.0,0.7311,1
LeafRot675,2_foliar_disease,1,1,0,1.0,0.7311,1
LeafRot676,2_foliar_disease,1,1,0,1.0,0.7311,1
LeafRot677,2_foliar_disease,1,1,0,1.0,0.7311,1
LeafRot678,2_foliar_disease,1,1,0,1.0,0.7311,1
LeafRot679,2_foliar_disease,1,1,0,1.0,0.7311,1
LeafRot680,2_foliar_disease,1,1,0,1.0,0.7311,1
LeafRot681,2_foliar_disease,1,1,0,1.0,0.7311,1
LeafRot682,2_foliar_disease,1,1,0,1.0,0.7311,1
LeafRot683,2_foliar_disease,1,1,0,1.0,0.7311,1
LeafRot684,2_foliar_disease,1,1,0,1.0,0.7311,1
LeafRot685,2_foliar_disease,1,1,0,1.0,0.7311,1
LeafRot686,2_foliar_disease,1,1,0,1.0,0.7311,1
LeafRot687,2_foliar_disease,1,1,0,1.0,0.7311,1
LeafRot688,2_foliar_disease,1,1,0,1.0,0.7311,1
LeafRot689,2_foliar_disease,1,1,0,1.0,0.7311,1
LeafRot690,2_foliar_disease,1,1,0,1.0,0.7311,1
LeafRot691,2_foliar_disease,1,1,0,1.0,0.7311,1
LeafRot692,2_foliar_disease,1,1,0,1.0,0.7311,1
LeafRot693,2_foliar_disease,1,1,0,1.0,0.7311,1
LeafRot694,2_foliar_disease,1,1,0,1.0,0.7311,1
LeafRot695,2_foliar_disease,1,1,0,1.0,0.7311,1
LeafRot696,2_foliar_disease,1,1,0,1.0,0.7311,1
LeafRot697,2_foliar_disease,1,1,0,1.0,0.7311,1
LeafRot698,2_foliar_disease,1,1,0,1.0,0.7311,1
LeafRot699,2_foliar_disease,1,1,0,1.0,0.7311,1
LeafRot700,2_foliar_disease,1,1,0,1.0,0.7311,1
LeafRot701,2_foliar_disease,1,1,0,1.0,0.7311,1
LeafRot702,2_foliar_disease,1,1,0,1.0,0.7311,1
LeafRot703,2_foliar_disease,1,1,0,1.0,0.7311,1
LeafRot704,2_foliar_disease,1,1,0,1.0,0.7311,1
LeafRot705,2_foliar_disease,1,1,0,1.0,0.7311,1
LeafRot706,2_foliar_disease,1,1,0,1.0,0.7311,1
LeafRot707,2_foliar_disease,1,1,0,1.0,0.7311,1
LeafRot708,2_foliar_disease,1,1,0,1.0,0.7311,1
LeafRot709,2_foliar_disease,1,1,0,1.0,0.7311,1
LeafRot710,2_foliar_disease,1,1,0,1.0,0.7311,1
LeafRot711,2_foliar_disease,1,1,0,1.0,0.7311,1
LeafRot712,2_foliar_disease,1,1,0,1.0,0.7311,1
LeafRot713,2_foliar_disease,1,1,0,1.0,0.7311,1
LeafRot714,2_foliar_disease,1,1,0,1.0,0.7311,1
LeafRot715,2_foliar_disease,1,1,0,1.0,0.7311,1
LeafRot716,2_foliar_disease,1,1,0,1.0,0.7311,1
LeafRot717,2_foliar_disease,1,1,0,1.0,0.7311,1
LeafRot718,2_foliar_disease,1,1,0,1.0,0.7311,1
LeafRot719,2_foliar_disease,1,1,0,1.0,0.7311,1
LeafRot720,2_foliar_disease,1,1,0,1.0,0.7311,1
LeafRot721,2_foliar_disease,1,1,0,1.0,0.7311,1
LeafRot722,2_foliar_disease,1,1,0,1.0,0.7311,1
LeafRot723,2_foliar_disease,1,1,0,1.0,0.7311,1
LeafRot724,2_foliar_disease,1,1,0,1.0,0.7311,1
LeafRot725,2_foliar_disease,1,1,0,1.0,0.7311,1
LeafRot726,2_foliar_disease,1,1,0,1.0,0.7311,1
LeafRot727,2_foliar_disease,1,1,0,1.0,0.7311,1
LeafRot728,2_foliar_disease,1,1,0,1.0,0.7311,1
LeafRot729,2_foliar_disease,1,1,0,1.0,0.7311,1
LeafRot730,2_foliar_disease,1,1,0,1.0,0.7311,1
LeafRot731,2_foliar_disease,1,1,0,1.0,0.7311,1
LeafRot732,2_foliar_disease,1,1,0,1.0,0.7311,1
LeafRot733,2_foliar_disease,1,1,0,1.0,0.7311,1
LeafRot734,2_foliar_disease,1,1,0,1.0,0.7311,1
LeafRot735,2_foliar_disease,1,1,0,1.0,0.7311,1
LeafRot736,2_foliar_disease,1,1,0,1.0,0.7311,1
LeafRot737,2_foliar_disease,1,1,0,1.0,0.7311,1
LeafRot738,2_foliar_disease,1,1,0,1.0,0.7311,1
LeafRot739,2_foliar_disease,1,1,0,1.0,0.7311,1
LeafRot740,2_foliar_disease,1,1,0,1.0,0.7311,1
LeafRot741,2_foliar_disease,1,1,0,1.0,0.7311,1
LeafRot742,2_foliar_disease,1,1,0,1.0,0.7311,1
LeafRot743,2_foliar_disease,1,1,0,1.0,0.7311,1
LeafRot744,2_foliar_disease,1,1,0,1.0,0.7311,1
LeafRot745,2_foliar_disease,1,1,0,1.0,0.7311,1
LeafRot746,2_foliar_disease,1,1,0,1.0,0.7311,1
LeafRot747,2_foliar_disease,1,1,0,1.0,0.7311,1
LeafRot748,2_foliar_disease,1,1,0,1.0,0.7311,1
LeafRot749,2_foliar_disease,1,1,0,1.0,0.7311,1
LeafRot750,2_foliar_disease,1,1,0,1.0,0.7311,1
LeafRot751,2_foliar_disease,1,1,0,1.0,0.7311,1
LeafRot752,2_foliar_disease,1,1,0,1.0,0.7311,1
LeafRot753,2_foliar_disease,1,1,0,1.0,0.7311,1
LeafRot754,2_foliar_disease,1,1,0,1.0,0.7311,1
LeafRot755,2_foliar_disease,1,1,0,1.0,0.7311,1
LeafRot756,2_foliar_disease,1,1,0,1.0,0.7311,1
LeafRot757,2_foliar_disease,1,1,0,1.0,0.7311,1
LeafRot758,2_foliar_disease,1,1,0,1.0,0.7311,1
LeafRot759,2_foliar_disease,1,1,0,1.0,0.7311,1
LeafRot760,2_foliar_disease,1,1,0,1.0,0.7311,1
LeafRot761,2_foliar_disease,1,1,0,1.0,0.7311,1
LeafRot762,2_foliar_disease,1,1,0,1.0,0.7311,1
LeafRot763,2_foliar_disease,1,1,0,1.0,0.7311,1
LeafRot764,2_foliar_disease,1,1,0,1.0,0.7311,1
LeafRot765,2_foliar_disease,1,1,0,1.0,0.7311,1
LeafRot766,2_foliar_disease,1,1,0,1.0,0.7311,1
LeafRot767,2_foliar_disease,1,1,0,1.0,0.7311,1
LeafRot768,2_foliar_disease,1,1,0,1.0,0.7311,1
LeafRot769,2_foliar_disease,1,1,0,1.0,0.7311,1
LeafRot770,2_foliar_disease,1,1,0,1.0,0.7311,1
LeafRot771,2_foliar_disease,1,1,0,1.0,0.7311,1
LeafRot772,2_foliar_disease,1,1,0,1.0,0.7311,1
LeafRot773,2_foliar_disease,1,1,0,1.0,0.7311,1
LeafRot774,2_foliar_disease,1,1,0,1.0,0.7311,1
LeafRot775,2_foliar_disease,1,1,0,1.0,0.7311,1
LeafRot776,2_foliar_disease,1,1,0,1.0,0.7311,1
LeafRot777,2_foliar_disease,1,1,0,1.0,0.7311,1
LeafRot778,2_foliar_disease,1,1,0,1.0,0.7311,1
LeafRot779,2_foliar_disease,1,1,0,1.0,0.7311,1
LeafRot780,2_foliar_disease,1,1,0,1.0,0.7311,1
LeafRot781,2_foliar_disease,1,1,0,1.0,0.7311,1
LeafRot782,2_foliar_disease,1,1,0,1.0,0.7311,1
LeafRot783,2_foliar_disease,1,1,0,1.0,0.7311,1
LeafRot784,2_foliar_disease,1,1,0,1.0,0.7311,1
LeafRot785,2_foliar_disease,1,1,0,1.0,0.7311,1
LeafRot786,2_foliar_disease,1,1,0,1.0,0.7311,1
LeafRot787,2_foliar_disease,1,1,0,1.0,0.7311,1
LeafRot788,2_foliar_disease,1,1,0,1.0,0.7311,1
LeafRot789,2_foliar_disease,1,1,0,1.0,0.7311,1
LeafRot790,2_foliar_disease,1,1,0,1.0,0.7311,1
LeafRot791,2_foliar_disease,1,1,0,1.0,0.7311,1
LeafRot792,2_foliar_disease,1,1,0,1.0,0.7311,1
LeafRot793,2_foliar_disease,1,1,0,1.0,0.7311,1
LeafRot794,2_foliar_disease,1,1,0,1.0,0.7311,1
LeafRot795,2_foliar_disease,1,1,0,1.0,0.7311,1
LeafRot796,2_foliar_disease,1,1,0,1.0,0.7311,1
LeafRot797,2_foliar_disease,1,1,0,1.0,0.7311,1
LeafRot798,2_foliar_disease,1,1,0,1.0,0.7311,1
LeafRot799,2_foliar_disease,1,1,0,1.0,0.7311,1
LeafRot800,2_foliar_disease,1,1,0,1.0,0.7311,1
LeafRot801,2_foliar_disease,1,1,0,1.0,0.7311,1
LeafRot802,2_foliar_disease,1,1,0,1.0,0.7311,1
LeafRot803,2_foliar_disease,1,1,0,1.0,0.7311,1
LeafRot804,2_foliar_disease,1,1,0,1.0,0.7311,1
LeafRot805,2_foliar_disease,1,1,0,1.0,0.7311,1
LeafRot806,2_foliar_disease,1,1,0,1.0,0.7311,1
LeafRot807,2_foliar_disease,1,1,0,1.0,0.7311,1
LeafRot808,2_foliar_disease,1,1,0,1.0,0.7311,1
LeafRot809,2_foliar_disease,1,1,0,1.0,0.7311,1
LeafRot810,2_foliar_disease,1,1,0,1.0,0.7311,1
LeafRot811,2_foliar_disease,1,1,0,1.0,0.7311,1
LeafRot812,2_foliar_disease,1,1,0,1.0,0.7311,1
LeafRot813,2_foliar_disease,1,1,0,1.0,0.7311,1
LeafRot814,2_foliar_disease,1,1,0,1.0,0.7311,1
LeafRot815,2_foliar_disease,1,1,0,1.0,0.7311,1
LeafRot816,2_foliar_disease,1,1,0,1.0,0.7311,1
LeafRot817,2_foliar_disease,1,1,0,1.0,0.7311,1
LeafRot818,2_foliar_disease,1,1,0,1.0,0.7311,1
LeafRot819,2_foliar_disease,1,1,0,1.0,0.7311,1
LeafRot820,2_foliar_disease,1,1,0,1.0,0.7311,1
LeafRot821,2_foliar_disease,1,1,0,1.0,0.7311,1
LeafRot822,2_foliar_disease,1,1,0,1.0,0.7311,1
LeafRot823,2_foliar_disease,1,1,0,1.0,0.7311,1
LeafRot824,2_foliar_disease,1,1,0,1.0,0.7311,1
LeafRot825,2_foliar_disease,1,1,0,1.0,0.7311,1
LeafRot826,2_foliar_disease,1,1,0,1.0,0.7311,1
LeafRot827,2_foliar_disease,1,1,0,1.0,0.7311,1
LeafRot828,2_foliar_disease,1,1,0,1.0,0.7311,1
LeafRot829,2_foliar_disease,1,1,0,1.0,0.7311,1
LeafRot830,2_foliar_disease,1,1,0,1.0,0.7311,1
LeafRot831,2_foliar_disease,1,1,0,1.0,0.7311,1
LeafRot832,2_foliar_disease,1,1,0,1.0,0.7311,1
LeafRot833,2_foliar_disease,1,1,0,1.0,0.7311,1
LeafRot834,2_foliar_disease,1,1,0,1.0,0.7311,1
LeafRot835,2_foliar_disease,1,1,0,1.0,0.7311,1
LeafRot836,2_foliar_disease,1,1,0,1.0,0.7311,1
LeafRot837,2_foliar_disease,1,1,0,1.0,0.7311,1
LeafRot838,2_foliar_disease,1,1,0,1.0,0.7311,1
LeafRot839,2_foliar_disease,1,1,0,1.0,0.7311,1
LeafRot840,2_foliar_disease,1,1,0,1.0,0.7311,1
LeafRot841,2_foliar_disease,1,1,0,1.0,0.7311,1
LeafRot842,2_foliar_disease,1,1,0,1.0,0.7311,1
LeafRot843,2_foliar_disease,1,1,0,1.0,0.7311,1
LeafRot844,2_foliar_disease,1,1,0,1.0,0.7311,1
LeafRot845,2_foliar_disease,1,1,0,1.0,0.7311,1
LeafRot846,2_foliar_disease,1,1,0,1.0,0.7311,1
LeafRot847,2_foliar_disease,1,1,0,1.0,0.7311,1
LeafRot848,2_foliar_disease,1,1,0,1.0,0.7311,1
LeafRot849,2_foliar_disease,1,1,0,1.0,0.7311,1
LeafRot850,2_foliar_disease,1,1,0,1.0,0.7311,1
LeafRot851,2_foliar_disease,1,1,0,1.0,0.7311,1
LeafRot852,2_foliar_disease,1,1,0,1.0,0.7311,1
LeafRot853,2_foliar_disease,1,1,0,1.0,0.7311,1
LeafRot854,2_foliar_disease,1,1,0,1.0,0.7311,1
LeafRot855,2_foliar_disease,1,1,0,1.0,0.7311,1
LeafRot856,2_foliar_disease,1,1,0,1.0,0.7311,1
LeafRot857,2_foliar_disease,1,1,0,1.0,0.7311,1
LeafRot858,2_foliar_disease,1,1,0,1.0,0.7311,1
LeafRot859,2_foliar_disease,1,1,0,1.0,0.7311,1
LeafRot860,2_foliar_disease,1,1,0,1.0,0.7311,1
LeafRot861,2_foliar_disease,1,1,0,1.0,0.7311,1
LeafRot862,2_foliar_disease,1,1,0,1.0,0.7311,1
LeafRot863,2_foliar_disease,1,1,0,1.0,0.7311,1
LeafRot864,2_foliar_disease,1,1,0,1.0,0.7311,1
LeafRot865,2_foliar_disease,1,1,0,1.0,0.7311,1
LeafRot866,2_foliar_disease,1,1,0,1.0,0.7311,1
LeafRot867,2_foliar_disease,1,1,0,1.0,0.7311,1
LeafRot868,2_foliar_disease,1,1,0,1.0,0.7311,1
LeafRot869,2_foliar_disease,1,1,0,1.0,0.7311,1
LeafRot870,2_foliar_disease,1,1,0,1.0,0.7311,1
LeafRot871,2_foliar_disease,1,1,0,1.0,0.7311,1
LeafRot872,2_foliar_disease,1,1,0,1.0,0.7311,1
LeafRot873,2_foliar_disease,1,1,0,1.0,0.7311,1
LeafRot874,2_foliar_disease,1,1,0,1.0,0.7311,1
LeafRot875,2_foliar_disease,1,1,0,1.0,0.7311,1
LeafRot876,2_foliar_disease,1,1,0,1.0,0.7311,1
LeafRot877,2_foliar_disease,1,1,0,1.0,0.7311,1
LeafRot878,2_foliar_disease,1,1,0,1.0,0.7311,1
LeafRot879,2_foliar_disease,1,1,0,1.0,0.7311,1
LeafRot880,2_foliar_disease,1,1,0,1.0,0.7311,1
LeafRot881,2_foliar_disease,1,1,0,1.0,0.7311,1
LeafRot882,2_foliar_disease,1,1,0,1.0,0.7311,1
LeafRot883,2_foliar_disease,1,1,0,1.0,0.7311,1
LeafRot884,2_foliar_disease,1,1,0,1.0,0.7311,1
LeafRot885,2_foliar_disease,1,1,0,1.0,0.7311,1
LeafRot886,2_foliar_disease,1,1,0,1.0,0.7311,1
LeafRot887,2_foliar_disease,1,1,0,1.0,0.7311,1
LeafRot888,2_foliar_disease,1,1,0,1.0,0.7311,1
LeafRot889,2_foliar_disease,1,1,0,1.0,0.7311,1
LeafRot890,2_foliar_disease,1,1,0,1.0,0.7311,1
LeafRot891,2_foliar_disease,1,1,0,1.0,0.7311,1
LeafRot892,2_foliar_disease,1,1,0,1.0,0.7311,1
LeafRot893,2_foliar_disease,1,1,0,1.0,0.7311,1
LeafRot894,2_foliar_disease,1,1,0,1.0,0.7311,1
LeafRot895,2_foliar_disease,1,1,0,1.0,0.7311,1
LeafRot896,2_foliar_disease,1,1,0,1.0,0.7311,1
LeafRot897,2_foliar_disease,1,1,0,1.0,0.7311,1
LeafRot898,2_foliar_disease,1,1,0,1.0,0.7311,1
LeafRot899,2_foliar_disease,1,1,0,1.0,0.7311,1
LeafRot900,2_foliar_disease,1,1,0,1.0,0.7311,1
LeafRot901,2_foliar_disease,1,1,0,1.0,0.7311,1
LeafRot902,2_foliar_disease,1,1,0,1.0,0.7311,1
LeafRot903,2_foliar_disease,1,1,0,1.0,0.7311,1
LeafRot904,2_foliar_disease,1,1,0,1.0,0.7311,1
LeafRot905,2_foliar_disease,1,1,0,1.0,0.7311,1
LeafRot906,2_foliar_disease,1,1,0,1.0,0.7311,1
LeafRot907,2_foliar_disease,1,1,0,1.0,0.7311,1
LeafRot908,2_foliar_disease,1,1,0,1.0,0.7311,1
LeafRot909,2_foliar_disease,1,1,0,1.0,0.7311,1
LeafRot910,2_foliar_disease,1,1,0,1.0,0.7311,1
LeafRot911,2_foliar_disease,1,1,0,1.0,0.7311,1
LeafRot912,2_foliar_disease,1,1,0,1.0,0.7311,1
LeafRot913,2_foliar_disease,1,1,0,1.0,0.7311,1
LeafRot914,2_foliar_disease,1,1,0,1.0,0.7311,1
LeafRot915,2_foliar_disease,1,1,0,1.0,0.7311,1
LeafRot916,2_foliar_disease,1,1,0,1.0,0.7311,1
LeafRot917,2_foliar_disease,1,1,0,1.0,0.7311,1
LeafRot918,2_foliar_disease,1,1,0,1.0,0.7311,1
LeafRot919,2_foliar_disease,1,1,0,1.0,0.7311,1
LeafRot920,2_foliar_disease,1,1,0,1.0,0.7311,1
LeafRot921,2_foliar_disease,1,1,0,1.0,0.7311,1
LeafRot922,2_foliar_disease,1,1,0,1.0,0.7311,1
LeafRot923,2_foliar_disease,1,1,0,1.0,0.7311,1
LeafRot924,2_foliar_disease,1,1,0,1.0,0.7311,1
LeafRot925,2_foliar_disease,1,1,0,1.0,0.7311,1
LeafRot926,2_foliar_disease,1,1,0,1.0,0.7311,1
LeafRot927,2_foliar_disease,1,1,0,1.0,0.7311,1
LeafRot928,2_foliar_disease,1,1,0,1.0,0.7311,1
LeafRot929,2_foliar_disease,1,1,0,1.0,0.7311,1
LeafRot930,2_foliar_disease,1,1,0,1.0,0.7311,1
LeafRot931,2_foliar_disease,1,1,0,1.0,0.7311,1
LeafRot932,2_foliar_disease,1,1,0,1.0,0.7311,1
LeafRot933,2_foliar_disease,1,1,0,1.0,0.7311,1
LeafRot934,2_foliar_disease,1,1,0,1.0,0.7311,1
LeafRot935,2_foliar_disease,1,1,0,1.0,0.7311,1
LeafRot936,2_foliar_disease,1,1,0,1.0,0.7311,1
LeafRot937,2_foliar_disease,1,1,0,1.0,0.7311,1
LeafRot938,2_foliar_disease,1,1,0,1.0,0.7311,1
LeafRot939,2_foliar_disease,1,1,0,1.0,0.7311,1
LeafRot940,2_foliar_disease,1,1,0,1.0,0.7311,1
LeafRot941,2_foliar_disease,1,1,0,1.0,0.7311,1
LeafRot942,2_foliar_disease,1,1,0,1.0,0.7311,1
LeafRot943,2_foliar_disease,1,1,0,1.0,0.7311,1
LeafRot944,2_foliar_disease,1,1,0,1.0,0.7311,1
LeafRot945,2_foliar_disease,1,1,0,1.0,0.7311,1
LeafRot946,2_foliar_disease,1,1,0,1.0,0.7311,1
LeafRot947,2_foliar_disease,1,1,0,1.0,0.7311,1
LeafRot948,2_foliar_disease,1,1,0,1.0,0.7311,1
LeafRot949,2_foliar_disease,1,1,0,1.0,0.7311,1
LeafRot950,2_foliar_disease,1,1,0,1.0,0.7311,1
LeafRot951,2_foliar_disease,1,1,0,1.0,0.7311,1
LeafRot952,2_foliar_disease,1,1,0,1.0,0.7311,1
LeafRot953,2_foliar_disease,1,1,0,1.0,0.7311,1
LeafRot954,2_foliar_disease,1,1,0,1.0,0.7311,1
LeafRot955,2_foliar_disease,1,1,0,1.0,0.7311,1
LeafRot956,2_foliar_disease,1,1,0,1.0,0.7311,1
LeafRot957,2_foliar_disease,1,1,0,1.0,0.7311,1
LeafRot958,2_foliar_disease,1,1,0,1.0,0.7311,1
LeafRot959,2_foliar_disease,1,1,0,1.0,0.7311,1
LeafRot960,2_foliar_disease,1,1,0,1.0,0.7311,1
LeafRot961,2_foliar_disease,1,1,0,1.0,0.7311,1
LeafRot962,2_foliar_disease,1,1,0,1.0,0.7311,1
LeafRot963,2_foliar_disease,1,1,0,1.0,0.7311,1
LeafRot964,2_foliar_disease,1,1,0,1.0,0.7311,1
LeafRot965,2_foliar_disease,1,1,0,1.0,0.7311,1
LeafRot966,2_foliar_disease,1,1,0,1.0,0.7311,1
LeafRot967,2_foliar_disease,1,1,0,1.0,0.7311,1
LeafRot968,2_foliar_disease,1,1,0,1.0,0.7311,1
LeafRot969,2_foliar_disease,1,1,0,1.0,0.7311,1
LeafRot970,2_foliar_disease,1,1,0,1.0,0.7311,1
LeafRot971,2_foliar_disease,1,1,0,1.0,0.7311,1
LeafRot972,2_foliar_disease,1,1,0,1.0,0.7311,1
LeafRot973,2_foliar_disease,1,1,0,1.0,0.7311,1
LeafRot974,2_foliar_disease,1,1,0,1.0,0.7311,1
LeafRot975,2_foliar_disease,1,1,0,1.0,0.7311,1
LeafRot976,2_foliar_disease,1,1,0,1.0,0.7311,1
LeafRot977,2_foliar_disease,1,1,0,1.0,0.7311,1
LeafRot978,2_foliar_disease,1,1,0,1.0,0.7311,1
LeafRot979,2_foliar_disease,1,1,0,1.0,0.7311,1
LeafRot980,2_foliar_disease,1,1,0,1.0,0.7311,1
LeafRot981,2_foliar_disease,1,1,0,1.0,0.7311,1
LeafRot982,2_foliar_disease,1,1,0,1.0,0.7311,1
LeafRot983,2_foliar_disease,1,1,0,1.0,0.7311,1
LeafRot984,2_foliar_disease,1,1,0,1.0,0.7311,1
LeafRot985,2_foliar_disease,1,1,0,1.0,0.7311,1
LeafRot986,2_foliar_disease,1,1,0,1.0,0.7311,1
LeafRot987,2_foliar_disease,1,1,0,1.0,0.7311,1
LeafRot988,2_foliar_disease,1,1,0,1.0,0.7311,1
LeafRot989,2_foliar_disease,1,1,0,1.0,0.7311,1
LeafRot990,2_foliar_disease,1,1,0,1.0,0.7311,1
LeafRot991,2_foliar_disease,1,1,0,1.0,0.7311,1
LeafRot992,2_foliar_disease,1,1,0,1.0,0.7311,1
LeafRot993,2_foliar_disease,1,1,0,1.0,0.7311,1
LeafRot994,2_foliar_disease,1,1,0,1.0,0.7311,1
LeafRot995,2_foliar_disease,1,1,0,1.0,0.7311,1
LeafRot996,2_foliar_disease,1,1,0,1.0,0.7311,1
LeafRot997,2_foliar_disease,1,1,0,1.0,0.7311,1
LeafRot998,2_foliar_disease,1,1,0,1.0,0.7311,1
LeafRot999,2_foliar_disease,1,1,0,1.0,0.7311,1
StemBleeding001,3_trunk_disease,1,1,0,1.0,0.7311,1
StemBleeding002,3_trunk_disease,1,1,0,1.0,0.7311,1
StemBleeding003,3_trunk_disease,1,1,0,1.0,0.7311,1
StemBleeding004,3_trunk_disease,1,1,0,1.0,0.7311,1
StemBleeding005,3_trunk_disease,1,1,0,1.0,0.7311,1
StemBleeding006,3_trunk_disease,1,1,0,1.0,0.7311,1
StemBleeding007,3_trunk_disease,1,1,0,1.0,0.7311,1
StemBleeding008,3_trunk_disease,1,1,0,1.0,0.7311,1
StemBleeding009,3_trunk_disease,1,1,0,1.0,0.7311,1
StemBleeding010,3_trunk_disease,1,1,0,1.0,0.7311,1
StemBleeding011,3_trunk_disease,1,1,0,1.0,0.7311,1
StemBleeding012,3_trunk_disease,1,1,0,1.0,0.7311,1
StemBleeding013,3_trunk_disease,1,1,0,1.0,0.7311,1
StemBleeding014,3_trunk_disease,1,1,0,1.0,0.7311,1
StemBleeding015,3_trunk_disease,1,1,0,1.0,0.7311,1
StemBleeding016,3_trunk_disease,1,1,0,1.0,0.7311,1
StemBleeding017,3_trunk_disease,1,1,0,1.0,0.7311,1
StemBleeding018,3_trunk_disease,1,1,0,1.0,0.7311,1
StemBleeding019,3_trunk_disease,1,1,0,1.0,0.7311,1
StemBleeding020,3_trunk_disease,1,1,0,1.0,0.7311,1
StemBleeding021,3_trunk_disease,1,1,0,1.0,0.7311,1
StemBleeding022,3_trunk_disease,1,1,0,1.0,0.7311,1
StemBleeding023,3_trunk_disease,1,1,0,1.0,0.7311,1
StemBleeding024,3_trunk_disease,1,1,0,1.0,0.7311,1
StemBleeding025,3_trunk_disease,1,1,0,1.0,0.7311,1
StemBleeding026,3_trunk_disease,1,1,0,1.0,0.7311,1
StemBleeding027,3_trunk_disease,1,1,0,1.0,0.7311,1
StemBleeding028,3_trunk_disease,1,1,0,1.0,0.7311,1
StemBleeding029,3_trunk_disease,1,1,0,1.0,0.7311,1
StemBleeding030,3_trunk_disease,1,1,0,1.0,0.7311,1
StemBleeding031,3_trunk_disease,1,1,0,1.0,0.7311,1
StemBleeding032,3_trunk_disease,1,1,0,1.0,0.7311,1
StemBleeding033,3_trunk_disease,1,1,0,1.0,0.7311,1
StemBleeding034,3_trunk_disease,1,1,0,1.0,0.7311,1
StemBleeding035,3_trunk_disease,1,1,0,1.0,0.7311,1
StemBleeding036,3_trunk_disease,1,1,0,1.0,0.7311,1
StemBleeding037,3_trunk_disease,1,1,0,1.0,0.7311,1
StemBleeding038,3_trunk_disease,1,1,0,1.0,0.7311,1
StemBleeding039,3_trunk_disease,1,1,0,1.0,0.7311,1
StemBleeding040,3_trunk_disease,1,1,0,1.0,0.7311,1
StemBleeding041,3_trunk_disease,1,1,0,1.0,0.7311,1
StemBleeding042,3_trunk_disease,1,1,0,1.0,0.7311,1
StemBleeding043,3_trunk_disease,1,1,0,1.0,0.7311,1
StemBleeding044,3_trunk_disease,1,1,0,1.0,0.7311,1
StemBleeding045,3_trunk_disease,1,1,0,1.0,0.7311,1
StemBleeding046,3_trunk_disease,1,1,0,1.0,0.7311,1
StemBleeding047,3_trunk_disease,1,1,0,1.0,0.7311,1
StemBleeding048,3_trunk_disease,1,1,0,1.0,0.7311,1
StemBleeding049,3_trunk_disease,1,1,0,1.0,0.7311,1
StemBleeding050,3_trunk_disease,1,1,0,1.0,0.7311,1
StemBleeding051,3_trunk_disease,1,1,0,1.0,0.7311,1
StemBleeding052,3_trunk_disease,1,1,0,1.0,0.7311,1
StemBleeding053,3_trunk_disease,1,1,0,1.0,0.7311,1
StemBleeding054,3_trunk_disease,1,1,0,1.0,0.7311,1
StemBleeding055,3_trunk_disease,1,1,0,1.0,0.7311,1
StemBleeding056,3_trunk_disease,1,1,0,1.0,0.7311,1
StemBleeding057,3_trunk_disease,1,1,0,1.0,0.7311,1
StemBleeding058,3_trunk_disease,1,1,0,1.0,0.7311,1
StemBleeding059,3_trunk_disease,1,1,0,1.0,0.7311,1
StemBleeding060,3_trunk_disease,1,1,0,1.0,0.7311,1
StemBleeding061,3_trunk_disease,1,1,0,1.0,0.7311,1
StemBleeding062,3_trunk_disease,1,1,0,1.0,0.7311,1
StemBleeding063,3_trunk_disease,1,1,0,1.0,0.7311,1
StemBleeding064,3_trunk_disease,1,1,0,1.0,0.7311,1
StemBleeding065,3_trunk_disease,1,1,0,1.0,0.7311,1
StemBleeding066,3_trunk_disease,1,1,0,1.0,0.7311,1
StemBleeding067,3_trunk_disease,1,1,0,1.0,0.7311,1
StemBleeding068,3_trunk_disease,1,1,0,1.0,0.7311,1
StemBleeding069,3_trunk_disease,1,1,0,1.0,0.7311,1
StemBleeding070,3_trunk_disease,1,1,0,1.0,0.7311,1
StemBleeding071,3_trunk_disease,1,1,0,1.0,0.7311,1
StemBleeding072,3_trunk_disease,1,1,0,1.0,0.7311,1
StemBleeding073,3_trunk_disease,1,1,0,1.0,0.7311,1
StemBleeding074,3_trunk_disease,1,1,0,1.0,0.7311,1
StemBleeding075,3_trunk_disease,1,1,0,1.0,0.7311,1
StemBleeding076,3_trunk_disease,1,1,0,1.0,0.7311,1
StemBleeding077,3_trunk_disease,1,1,0,1.0,0.7311,1
StemBleeding078,3_trunk_disease,1,1,0,1.0,0.7311,1
StemBleeding079,3_trunk_disease,1,1,0,1.0,0.7311,1
StemBleeding080,3_trunk_disease,1,1,0,1.0,0.7311,1
StemBleeding081,3_trunk_disease,1,1,0,1.0,0.7311,1
StemBleeding082,3_trunk_disease,1,1,0,1.0,0.7311,1
StemBleeding083,3_trunk_disease,1,1,0,1.0,0.7311,1
StemBleeding084,3_trunk_disease,1,1,0,1.0,0.7311,1
StemBleeding085,3_trunk_disease,1,1,0,1.0,0.7311,1
StemBleeding086,3_trunk_disease,1,1,0,1.0,0.7311,1
StemBleeding087,3_trunk_disease,1,1,0,1.0,0.7311,1
StemBleeding088,3_trunk_disease,1,1,0,1.0,0.7311,1
StemBleeding089,3_trunk_disease,1,1,0,1.0,0.7311,1
StemBleeding090,3_trunk_disease,1,1,0,1.0,0.7311,1
StemBleeding091,3_trunk_disease,1,1,0,1.0,0.7311,1
StemBleeding092,3_trunk_disease,1,1,0,1.0,0.7311,1
StemBleeding093,3_trunk_disease,1,1,0,1.0,0.7311,1
StemBleeding094,3_trunk_disease,1,1,0,1.0,0.7311,1
StemBleeding095,3_trunk_disease,1,1,0,1.0,0.7311,1
StemBleeding096,3_trunk_disease,1,1,0,1.0,0.7311,1
StemBleeding097,3_trunk_disease,1,1,0,1.0,0.7311,1
StemBleeding098,3_trunk_disease,1,1,0,1.0,0.7311,1
StemBleeding099,3_trunk_disease,1,1,0,1.0,0.7311,1
StemBleeding100,3_trunk_disease,1,1,0,1.0,0.7311,1
StemBleeding1000,3_trunk_disease,1,1,0,1.0,0.7311,1
StemBleeding1001,3_trunk_disease,1,1,0,1.0,0.7311,1
StemBleeding1002,3_trunk_disease,1,1,0,1.0,0.7311,1
StemBleeding1003,3_trunk_disease,1,1,0,1.0,0.7311,1
StemBleeding1004,3_trunk_disease,1,1,0,1.0,0.7311,1
StemBleeding1005,3_trunk_disease,1,1,0,1.0,0.7311,1
StemBleeding1006,3_trunk_disease,1,1,0,1.0,0.7311,1
StemBleeding101,3_trunk_disease,1,1,0,1.0,0.7311,1
StemBleeding102,3_trunk_disease,1,1,0,1.0,0.7311,1
StemBleeding103,3_trunk_disease,1,1,0,1.0,0.7311,1
StemBleeding104,3_trunk_disease,1,1,0,1.0,0.7311,1
StemBleeding105,3_trunk_disease,1,1,0,1.0,0.7311,1
StemBleeding106,3_trunk_disease,1,1,0,1.0,0.7311,1
StemBleeding107,3_trunk_disease,1,1,0,1.0,0.7311,1
StemBleeding108,3_trunk_disease,1,1,0,1.0,0.7311,1
StemBleeding109,3_trunk_disease,1,1,0,1.0,0.7311,1
StemBleeding110,3_trunk_disease,1,1,0,1.0,0.7311,1
StemBleeding111,3_trunk_disease,1,1,0,1.0,0.7311,1
StemBleeding112,3_trunk_disease,1,1,0,1.0,0.7311,1
StemBleeding113,3_trunk_disease,1,1,0,1.0,0.7311,1
StemBleeding114,3_trunk_disease,1,1,0,1.0,0.7311,1
StemBleeding115,3_trunk_disease,1,1,0,1.0,0.7311,1
StemBleeding116,3_trunk_disease,1,1,0,1.0,0.7311,1
StemBleeding117,3_trunk_disease,1,1,0,1.0,0.7311,1
StemBleeding118,3_trunk_disease,1,1,0,1.0,0.7311,1
StemBleeding119,3_trunk_disease,1,1,0,1.0,0.7311,1
StemBleeding120,3_trunk_disease,1,1,0,1.0,0.7311,1
StemBleeding121,3_trunk_disease,1,1,0,1.0,0.7311,1
StemBleeding122,3_trunk_disease,1,1,0,1.0,0.7311,1
StemBleeding123,3_trunk_disease,1,1,0,1.0,0.7311,1
StemBleeding124,3_trunk_disease,1,1,0,1.0,0.7311,1
StemBleeding125,3_trunk_disease,1,1,0,1.0,0.7311,1
StemBleeding126,3_trunk_disease,1,1,0,1.0,0.7311,1
StemBleeding127,3_trunk_disease,1,1,0,1.0,0.7311,1
StemBleeding128,3_trunk_disease,1,1,0,1.0,0.7311,1
StemBleeding129,3_trunk_disease,1,1,0,1.0,0.7311,1
StemBleeding130,3_trunk_disease,1,1,0,1.0,0.7311,1
StemBleeding131,3_trunk_disease,1,1,0,1.0,0.7311,1
StemBleeding132,3_trunk_disease,1,1,0,1.0,0.7311,1
StemBleeding133,3_trunk_disease,1,1,0,1.0,0.7311,1
StemBleeding134,3_trunk_disease,1,1,0,1.0,0.7311,1
StemBleeding135,3_trunk_disease,1,1,0,1.0,0.7311,1
StemBleeding136,3_trunk_disease,1,1,0,1.0,0.7311,1
StemBleeding137,3_trunk_disease,1,1,0,1.0,0.7311,1
StemBleeding138,3_trunk_disease,1,1,0,1.0,0.7311,1
StemBleeding139,3_trunk_disease,1,1,0,1.0,0.7311,1
StemBleeding140,3_trunk_disease,1,1,0,1.0,0.7311,1
StemBleeding141,3_trunk_disease,1,1,0,1.0,0.7311,1
StemBleeding142,3_trunk_disease,1,1,0,1.0,0.7311,1
StemBleeding143,3_trunk_disease,1,1,0,1.0,0.7311,1
StemBleeding144,3_trunk_disease,1,1,0,1.0,0.7311,1
StemBleeding145,3_trunk_disease,1,1,0,1.0,0.7311,1
StemBleeding146,3_trunk_disease,1,1,0,1.0,0.7311,1
StemBleeding147,3_trunk_disease,1,1,0,1.0,0.7311,1
StemBleeding148,3_trunk_disease,1,1,0,1.0,0.7311,1
StemBleeding149,3_trunk_disease,1,1,0,1.0,0.7311,1
StemBleeding150,3_trunk_disease,1,1,0,1.0,0.7311,1
StemBleeding151,3_trunk_disease,1,1,0,1.0,0.7311,1
StemBleeding152,3_trunk_disease,1,1,0,1.0,0.7311,1
StemBleeding153,3_trunk_disease,1,1,0,1.0,0.7311,1
StemBleeding154,3_trunk_disease,1,1,0,1.0,0.7311,1
StemBleeding155,3_trunk_disease,1,1,0,1.0,0.7311,1
StemBleeding156,3_trunk_disease,1,1,0,1.0,0.7311,1
StemBleeding157,3_trunk_disease,1,1,0,1.0,0.7311,1
StemBleeding158,3_trunk_disease,1,1,0,1.0,0.7311,1
StemBleeding159,3_trunk_disease,1,1,0,1.0,0.7311,1
StemBleeding160,3_trunk_disease,1,1,0,1.0,0.7311,1
StemBleeding161,3_trunk_disease,1,1,0,1.0,0.7311,1
StemBleeding162,3_trunk_disease,1,1,0,1.0,0.7311,1
StemBleeding163,3_trunk_disease,1,1,0,1.0,0.7311,1
StemBleeding164,3_trunk_disease,1,1,0,1.0,0.7311,1
StemBleeding165,3_trunk_disease,1,1,0,1.0,0.7311,1
StemBleeding166,3_trunk_disease,1,1,0,1.0,0.7311,1
StemBleeding167,3_trunk_disease,1,1,0,1.0,0.7311,1
StemBleeding168,3_trunk_disease,1,1,0,1.0,0.7311,1
StemBleeding169,3_trunk_disease,1,1,0,1.0,0.7311,1
StemBleeding170,3_trunk_disease,1,1,0,1.0,0.7311,1
StemBleeding171,3_trunk_disease,1,1,0,1.0,0.7311,1
StemBleeding172,3_trunk_disease,1,1,0,1.0,0.7311,1
StemBleeding173,3_trunk_disease,1,1,0,1.0,0.7311,1
StemBleeding174,3_trunk_disease,1,1,0,1.0,0.7311,1
StemBleeding175,3_trunk_disease,1,1,0,1.0,0.7311,1
StemBleeding176,3_trunk_disease,1,1,0,1.0,0.7311,1
StemBleeding177,3_trunk_disease,1,1,0,1.0,0.7311,1
StemBleeding178,3_trunk_disease,1,1,0,1.0,0.7311,1
StemBleeding179,3_trunk_disease,1,1,0,1.0,0.7311,1
StemBleeding180,3_trunk_disease,1,1,0,1.0,0.7311,1
StemBleeding181,3_trunk_disease,1,1,0,1.0,0.7311,1
StemBleeding182,3_trunk_disease,1,1,0,1.0,0.7311,1
StemBleeding183,3_trunk_disease,1,1,0,1.0,0.7311,1
StemBleeding184,3_trunk_disease,1,1,0,1.0,0.7311,1
StemBleeding185,3_trunk_disease,1,1,0,1.0,0.7311,1
StemBleeding186,3_trunk_disease,1,1,0,1.0,0.7311,1
StemBleeding187,3_trunk_disease,1,1,0,1.0,0.7311,1
StemBleeding188,3_trunk_disease,1,1,0,1.0,0.7311,1
StemBleeding189,3_trunk_disease,1,1,0,1.0,0.7311,1
StemBleeding190,3_trunk_disease,1,1,0,1.0,0.7311,1
StemBleeding191,3_trunk_disease,1,1,0,1.0,0.7311,1
StemBleeding192,3_trunk_disease,1,1,0,1.0,0.7311,1
StemBleeding193,3_trunk_disease,1,1,0,1.0,0.7311,1
StemBleeding194,3_trunk_disease,1,1,0,1.0,0.7311,1
StemBleeding195,3_trunk_disease,1,1,0,1.0,0.7311,1
StemBleeding196,3_trunk_disease,1,1,0,1.0,0.7311,1
StemBleeding197,3_trunk_disease,1,1,0,1.0,0.7311,1
StemBleeding198,3_trunk_disease,1,1,0,1.0,0.7311,1
StemBleeding199,3_trunk_disease,1,1,0,1.0,0.7311,1
StemBleeding200,3_trunk_disease,1,1,0,1.0,0.7311,1
StemBleeding201,3_trunk_disease,1,1,0,1.0,0.7311,1
StemBleeding202,3_trunk_disease,1,1,0,1.0,0.7311,1
StemBleeding203,3_trunk_disease,1,1,0,1.0,0.7311,1
StemBleeding204,3_trunk_disease,1,1,0,1.0,0.7311,1
StemBleeding205,3_trunk_disease,1,1,0,1.0,0.7311,1
StemBleeding206,3_trunk_disease,1,1,0,1.0,0.7311,1
StemBleeding207,3_trunk_disease,1,1,0,1.0,0.7311,1
StemBleeding208,3_trunk_disease,1,1,0,1.0,0.7311,1
StemBleeding209,3_trunk_disease,1,1,0,1.0,0.7311,1
StemBleeding210,3_trunk_disease,1,1,0,1.0,0.7311,1
StemBleeding211,3_trunk_disease,1,1,0,1.0,0.7311,1
StemBleeding212,3_trunk_disease,1,1,0,1.0,0.7311,1
StemBleeding213,3_trunk_disease,1,1,0,1.0,0.7311,1
StemBleeding214,3_trunk_disease,1,1,0,1.0,0.7311,1
StemBleeding215,3_trunk_disease,1,1,0,1.0,0.7311,1
StemBleeding216,3_trunk_disease,1,1,0,1.0,0.7311,1
StemBleeding217,3_trunk_disease,1,1,0,1.0,0.7311,1
StemBleeding218,3_trunk_disease,1,1,0,1.0,0.7311,1
StemBleeding219,3_trunk_disease,1,1,0,1.0,0.7311,1
StemBleeding220,3_trunk_disease,1,1,0,1.0,0.7311,1
StemBleeding221,3_trunk_disease,1,1,0,1.0,0.7311,1
StemBleeding222,3_trunk_disease,1,1,0,1.0,0.7311,1
StemBleeding223,3_trunk_disease,1,1,0,1.0,0.7311,1
StemBleeding224,3_trunk_disease,1,1,0,1.0,0.7311,1
StemBleeding225,3_trunk_disease,1,1,0,1.0,0.7311,1
StemBleeding226,3_trunk_disease,1,1,0,1.0,0.7311,1
StemBleeding227,3_trunk_disease,1,1,0,1.0,0.7311,1
StemBleeding228,3_trunk_disease,1,1,0,1.0,0.7311,1
StemBleeding229,3_trunk_disease,1,1,0,1.0,0.7311,1
StemBleeding230,3_trunk_disease,1,1,0,1.0,0.7311,1
StemBleeding231,3_trunk_disease,1,1,0,1.0,0.7311,1
StemBleeding232,3_trunk_disease,1,1,0,1.0,0.7311,1
StemBleeding233,3_trunk_disease,1,1,0,1.0,0.7311,1
StemBleeding234,3_trunk_disease,1,1,0,1.0,0.7311,1
StemBleeding235,3_trunk_disease,1,1,0,1.0,0.7311,1
StemBleeding236,3_trunk_disease,1,1,0,1.0,0.7311,1
StemBleeding237,3_trunk_disease,1,1,0,1.0,0.7311,1
StemBleeding238,3_trunk_disease,1,1,0,1.0,0.7311,1
StemBleeding239,3_trunk_disease,1,1,0,1.0,0.7311,1
StemBleeding240,3_trunk_disease,1,1,0,1.0,0.7311,1
StemBleeding241,3_trunk_disease,1,1,0,1.0,0.7311,1
StemBleeding242,3_trunk_disease,1,1,0,1.0,0.7311,1
StemBleeding243,3_trunk_disease,1,1,0,1.0,0.7311,1
StemBleeding244,3_trunk_disease,1,1,0,1.0,0.7311,1
StemBleeding245,3_trunk_disease,1,1,0,1.0,0.7311,1
StemBleeding246,3_trunk_disease,1,1,0,1.0,0.7311,1
StemBleeding247,3_trunk_disease,1,1,0,1.0,0.7311,1
StemBleeding248,3_trunk_disease,1,1,0,1.0,0.7311,1
StemBleeding249,3_trunk_disease,1,1,0,1.0,0.7311,1
StemBleeding250,3_trunk_disease,1,1,0,1.0,0.7311,1
StemBleeding251,3_trunk_disease,1,1,0,1.0,0.7311,1
StemBleeding252,3_trunk_disease,1,1,0,1.0,0.7311,1
StemBleeding253,3_trunk_disease,1,1,0,1.0,0.7311,1
StemBleeding254,3_trunk_disease,1,1,0,1.0,0.7311,1
StemBleeding255,3_trunk_disease,1,1,0,1.0,0.7311,1
StemBleeding256,3_trunk_disease,1,1,0,1.0,0.7311,1
StemBleeding257,3_trunk_disease,1,1,0,1.0,0.7311,1
StemBleeding258,3_trunk_disease,1,1,0,1.0,0.7311,1
StemBleeding259,3_trunk_disease,1,1,0,1.0,0.7311,1
StemBleeding260,3_trunk_disease,1,1,0,1.0,0.7311,1
StemBleeding261,3_trunk_disease,1,1,0,1.0,0.7311,1
StemBleeding262,3_trunk_disease,1,1,0,1.0,0.7311,1
StemBleeding263,3_trunk_disease,1,1,0,1.0,0.7311,1
StemBleeding264,3_trunk_disease,1,1,0,1.0,0.7311,1
StemBleeding265,3_trunk_disease,1,1,0,1.0,0.7311,1
StemBleeding266,3_trunk_disease,1,1,0,1.0,0.7311,1
StemBleeding267,3_trunk_disease,1,1,0,1.0,0.7311,1
StemBleeding268,3_trunk_disease,1,1,0,1.0,0.7311,1
StemBleeding269,3_trunk_disease,1,1,0,1.0,0.7311,1
StemBleeding270,3_trunk_disease,1,1,0,1.0,0.7311,1
StemBleeding271,3_trunk_disease,1,1,0,1.0,0.7311,1
StemBleeding272,3_trunk_disease,1,1,0,1.0,0.7311,1
StemBleeding273,3_trunk_disease,1,1,0,1.0,0.7311,1
StemBleeding274,3_trunk_disease,1,1,0,1.0,0.7311,1
StemBleeding275,3_trunk_disease,1,1,0,1.0,0.7311,1
StemBleeding276,3_trunk_disease,1,1,0,1.0,0.7311,1
StemBleeding277,3_trunk_disease,1,1,0,1.0,0.7311,1
StemBleeding278,3_trunk_disease,1,1,0,1.0,0.7311,1
StemBleeding279,3_trunk_disease,1,1,0,1.0,0.7311,1
StemBleeding280,3_trunk_disease,1,1,0,1.0,0.7311,1
StemBleeding281,3_trunk_disease,1,1,0,1.0,0.7311,1
StemBleeding282,3_trunk_disease,1,1,0,1.0,0.7311,1
StemBleeding283,3_trunk_disease,1,1,0,1.0,0.7311,1
StemBleeding284,3_trunk_disease,1,1,0,1.0,0.7311,1
StemBleeding285,3_trunk_disease,1,1,0,1.0,0.7311,1
StemBleeding286,3_trunk_disease,1,1,0,1.0,0.7311,1
StemBleeding287,3_trunk_disease,1,1,0,1.0,0.7311,1
StemBleeding288,3_trunk_disease,1,1,0,1.0,0.7311,1
StemBleeding289,3_trunk_disease,1,1,0,1.0,0.7311,1
StemBleeding290,3_trunk_disease,1,1,0,1.0,0.7311,1
StemBleeding291,3_trunk_disease,1,1,0,1.0,0.7311,1
StemBleeding292,3_trunk_disease,1,1,0,1.0,0.7311,1
StemBleeding293,3_trunk_disease,1,1,0,1.0,0.7311,1
StemBleeding294,3_trunk_disease,1,1,0,1.0,0.7311,1
StemBleeding295,3_trunk_disease,1,1,0,1.0,0.7311,1
StemBleeding296,3_trunk_disease,1,1,0,1.0,0.7311,1
StemBleeding297,3_trunk_disease,1,1,0,1.0,0.7311,1
StemBleeding298,3_trunk_disease,1,1,0,1.0,0.7311,1
StemBleeding299,3_trunk_disease,1,1,0,1.0,0.7311,1
StemBleeding300,3_trunk_disease,1,1,0,1.0,0.7311,1
StemBleeding301,3_trunk_disease,1,1,0,1.0,0.7311,1
StemBleeding302,3_trunk_disease,1,1,0,1.0,0.7311,1
StemBleeding303,3_trunk_disease,1,1,0,1.0,0.7311,1
StemBleeding304,3_trunk_disease,1,1,0,1.0,0.7311,1
StemBleeding305,3_trunk_disease,1,1,0,1.0,0.7311,1
StemBleeding306,3_trunk_disease,1,1,0,1.0,0.7311,1
StemBleeding307,3_trunk_disease,1,1,0,1.0,0.7311,1
StemBleeding308,3_trunk_disease,1,1,0,1.0,0.7311,1
StemBleeding309,3_trunk_disease,1,1,0,1.0,0.7311,1
StemBleeding310,3_trunk_disease,1,1,0,1.0,0.7311,1
StemBleeding311,3_trunk_disease,1,1,0,1.0,0.7311,1
StemBleeding312,3_trunk_disease,1,1,0,1.0,0.7311,1
StemBleeding313,3_trunk_disease,1,1,0,1.0,0.7311,1
StemBleeding314,3_trunk_disease,1,1,0,1.0,0.7311,1
StemBleeding315,3_trunk_disease,1,1,0,1.0,0.7311,1
StemBleeding316,3_trunk_disease,1,1,0,1.0,0.7311,1
StemBleeding317,3_trunk_disease,1,1,0,1.0,0.7311,1
StemBleeding318,3_trunk_disease,1,1,0,1.0,0.7311,1
StemBleeding319,3_trunk_disease,1,1,0,1.0,0.7311,1
StemBleeding320,3_trunk_disease,1,1,0,1.0,0.7311,1
StemBleeding321,3_trunk_disease,1,1,0,1.0,0.7311,1
StemBleeding322,3_trunk_disease,1,1,0,1.0,0.7311,1
StemBleeding323,3_trunk_disease,1,1,0,1.0,0.7311,1
StemBleeding324,3_trunk_disease,1,1,0,1.0,0.7311,1
StemBleeding325,3_trunk_disease,1,1,0,1.0,0.7311,1
StemBleeding326,3_trunk_disease,1,1,0,1.0,0.7311,1
StemBleeding327,3_trunk_disease,1,1,0,1.0,0.7311,1
StemBleeding328,3_trunk_disease,1,1,0,1.0,0.7311,1
StemBleeding329,3_trunk_disease,1,1,0,1.0,0.7311,1
StemBleeding330,3_trunk_disease,1,1,0,1.0,0.7311,1
StemBleeding331,3_trunk_disease,1,1,0,1.0,0.7311,1
StemBleeding332,3_trunk_disease,1,1,0,1.0,0.7311,1
StemBleeding333,3_trunk_disease,1,1,0,1.0,0.7311,1
StemBleeding334,3_trunk_disease,1,1,0,1.0,0.7311,1
StemBleeding335,3_trunk_disease,1,1,0,1.0,0.7311,1
StemBleeding336,3_trunk_disease,1,1,0,1.0,0.7311,1
StemBleeding337,3_trunk_disease,1,1,0,1.0,0.7311,1
StemBleeding338,3_trunk_disease,1,1,0,1.0,0.7311,1
StemBleeding339,3_trunk_disease,1,1,0,1.0,0.7311,1
StemBleeding340,3_trunk_disease,1,1,0,1.0,0.7311,1
StemBleeding341,3_trunk_disease,1,1,0,1.0,0.7311,1
StemBleeding342,3_trunk_disease,1,1,0,1.0,0.7311,1
StemBleeding343,3_trunk_disease,1,1,0,1.0,0.7311,1
StemBleeding344,3_trunk_disease,1,1,0,1.0,0.7311,1
StemBleeding345,3_trunk_disease,1,1,0,1.0,0.7311,1
StemBleeding346,3_trunk_disease,1,1,0,1.0,0.7311,1
StemBleeding347,3_trunk_disease,1,1,0,1.0,0.7311,1
StemBleeding348,3_trunk_disease,1,1,0,1.0,0.7311,1
StemBleeding349,3_trunk_disease,1,1,0,1.0,0.7311,1
StemBleeding350,3_trunk_disease,1,1,0,1.0,0.7311,1
StemBleeding351,3_trunk_disease,1,1,0,1.0,0.7311,1
StemBleeding352,3_trunk_disease,1,1,0,1.0,0.7311,1
StemBleeding353,3_trunk_disease,1,1,0,1.0,0.7311,1
StemBleeding354,3_trunk_disease,1,1,0,1.0,0.7311,1
StemBleeding355,3_trunk_disease,1,1,0,1.0,0.7311,1
StemBleeding356,3_trunk_disease,1,1,0,1.0,0.7311,1
StemBleeding357,3_trunk_disease,1,1,0,1.0,0.7311,1
StemBleeding358,3_trunk_disease,1,1,0,1.0,0.7311,1
StemBleeding359,3_trunk_disease,1,1,0,1.0,0.7311,1
StemBleeding360,3_trunk_disease,1,1,0,1.0,0.7311,1
StemBleeding361,3_trunk_disease,1,1,0,1.0,0.7311,1
StemBleeding362,3_trunk_disease,1,1,0,1.0,0.7311,1
StemBleeding363,3_trunk_disease,1,1,0,1.0,0.7311,1
StemBleeding364,3_trunk_disease,1,1,0,1.0,0.7311,1
StemBleeding365,3_trunk_disease,1,1,0,1.0,0.7311,1
StemBleeding366,3_trunk_disease,1,1,0,1.0,0.7311,1
StemBleeding367,3_trunk_disease,1,1,0,1.0,0.7311,1
StemBleeding368,3_trunk_disease,1,1,0,1.0,0.7311,1
StemBleeding369,3_trunk_disease,1,1,0,1.0,0.7311,1
StemBleeding370,3_trunk_disease,1,1,0,1.0,0.7311,1
StemBleeding371,3_trunk_disease,1,1,0,1.0,0.7311,1
StemBleeding372,3_trunk_disease,1,1,0,1.0,0.7311,1
StemBleeding373,3_trunk_disease,1,1,0,1.0,0.7311,1
StemBleeding374,3_trunk_disease,1,1,0,1.0,0.7311,1
StemBleeding375,3_trunk_disease,1,1,0,1.0,0.7311,1
StemBleeding376,3_trunk_disease,1,1,0,1.0,0.7311,1
StemBleeding377,3_trunk_disease,1,1,0,1.0,0.7311,1
StemBleeding378,3_trunk_disease,1,1,0,1.0,0.7311,1
StemBleeding379,3_trunk_disease,1,1,0,1.0,0.7311,1
StemBleeding380,3_trunk_disease,1,1,0,1.0,0.7311,1
StemBleeding381,3_trunk_disease,1,1,0,1.0,0.7311,1
StemBleeding382,3_trunk_disease,1,1,0,1.0,0.7311,1
StemBleeding383,3_trunk_disease,1,1,0,1.0,0.7311,1
StemBleeding384,3_trunk_disease,1,1,0,1.0,0.7311,1
StemBleeding385,3_trunk_disease,1,1,0,1.0,0.7311,1
StemBleeding386,3_trunk_disease,1,1,0,1.0,0.7311,1
StemBleeding387,3_trunk_disease,1,1,0,1.0,0.7311,1
StemBleeding388,3_trunk_disease,1,1,0,1.0,0.7311,1
StemBleeding389,3_trunk_disease,1,1,0,1.0,0.7311,1
StemBleeding390,3_trunk_disease,1,1,0,1.0,0.7311,1
StemBleeding391,3_trunk_disease,1,1,0,1.0,0.7311,1
StemBleeding392,3_trunk_disease,1,1,0,1.0,0.7311,1
StemBleeding393,3_trunk_disease,1,1,0,1.0,0.7311,1
StemBleeding394,3_trunk_disease,1,1,0,1.0,0.7311,1
StemBleeding395,3_trunk_disease,1,1,0,1.0,0.7311,1
StemBleeding396,3_trunk_disease,1,1,0,1.0,0.7311,1
StemBleeding397,3_trunk_disease,1,1,0,1.0,0.7311,1
StemBleeding398,3_trunk_disease,1,1,0,1.0,0.7311,1
StemBleeding399,3_trunk_disease,1,1,0,1.0,0.7311,1
StemBleeding400,3_trunk_disease,1,1,0,1.0,0.7311,1
StemBleeding401,3_trunk_disease,1,1,0,1.0,0.7311,1
StemBleeding402,3_trunk_disease,1,1,0,1.0,0.7311,1
StemBleeding403,3_trunk_disease,1,1,0,1.0,0.7311,1
StemBleeding404,3_trunk_disease,1,1,0,1.0,0.7311,1
StemBleeding405,3_trunk_disease,1,1,0,1.0,0.7311,1
StemBleeding406,3_trunk_disease,1,1,0,1.0,0.7311,1
StemBleeding407,3_trunk_disease,1,1,0,1.0,0.7311,1
StemBleeding408,3_trunk_disease,1,1,0,1.0,0.7311,1
StemBleeding409,3_trunk_disease,1,1,0,1.0,0.7311,1
StemBleeding410,3_trunk_disease,1,1,0,1.0,0.7311,1
StemBleeding411,3_trunk_disease,1,1,0,1.0,0.7311,1
StemBleeding412,3_trunk_disease,1,1,0,1.0,0.7311,1
StemBleeding413,3_trunk_disease,1,1,0,1.0,0.7311,1
StemBleeding414,3_trunk_disease,1,1,0,1.0,0.7311,1
StemBleeding415,3_trunk_disease,1,1,0,1.0,0.7311,1
StemBleeding416,3_trunk_disease,1,1,0,1.0,0.7311,1
StemBleeding417,3_trunk_disease,1,1,0,1.0,0.7311,1
StemBleeding418,3_trunk_disease,1,1,0,1.0,0.7311,1
StemBleeding419,3_trunk_disease,1,1,0,1.0,0.7311,1
StemBleeding420,3_trunk_disease,1,1,0,1.0,0.7311,1
StemBleeding421,3_trunk_disease,1,1,0,1.0,0.7311,1
StemBleeding422,3_trunk_disease,1,1,0,1.0,0.7311,1
StemBleeding423,3_trunk_disease,1,1,0,1.0,0.7311,1
StemBleeding424,3_trunk_disease,1,1,0,1.0,0.7311,1
StemBleeding425,3_trunk_disease,1,1,0,1.0,0.7311,1
StemBleeding426,3_trunk_disease,1,1,0,1.0,0.7311,1
StemBleeding427,3_trunk_disease,1,1,0,1.0,0.7311,1
StemBleeding428,3_trunk_disease,1,1,0,1.0,0.7311,1
StemBleeding429,3_trunk_disease,1,1,0,1.0,0.7311,1
StemBleeding430,3_trunk_disease,1,1,0,1.0,0.7311,1
StemBleeding431,3_trunk_disease,1,1,0,1.0,0.7311,1
StemBleeding432,3_trunk_disease,1,1,0,1.0,0.7311,1
StemBleeding433,3_trunk_disease,1,1,0,1.0,0.7311,1
StemBleeding434,3_trunk_disease,1,1,0,1.0,0.7311,1
StemBleeding435,3_trunk_disease,1,1,0,1.0,0.7311,1
StemBleeding436,3_trunk_disease,1,1,0,1.0,0.7311,1
StemBleeding437,3_trunk_disease,1,1,0,1.0,0.7311,1
StemBleeding438,3_trunk_disease,1,1,0,1.0,0.7311,1
StemBleeding439,3_trunk_disease,1,1,0,1.0,0.7311,1
StemBleeding440,3_trunk_disease,1,1,0,1.0,0.7311,1
StemBleeding441,3_trunk_disease,1,1,0,1.0,0.7311,1
StemBleeding442,3_trunk_disease,1,1,0,1.0,0.7311,1
StemBleeding443,3_trunk_disease,1,1,0,1.0,0.7311,1
StemBleeding444,3_trunk_disease,1,1,0,1.0,0.7311,1
StemBleeding445,3_trunk_disease,1,1,0,1.0,0.7311,1
StemBleeding446,3_trunk_disease,1,1,0,1.0,0.7311,1
StemBleeding447,3_trunk_disease,1,1,0,1.0,0.7311,1
StemBleeding448,3_trunk_disease,1,1,0,1.0,0.7311,1
StemBleeding449,3_trunk_disease,1,1,0,1.0,0.7311,1
StemBleeding450,3_trunk_disease,1,1,0,1.0,0.7311,1
StemBleeding451,3_trunk_disease,1,1,0,1.0,0.7311,1
StemBleeding452,3_trunk_disease,1,1,0,1.0,0.7311,1
StemBleeding453,3_trunk_disease,1,1,0,1.0,0.7311,1
StemBleeding454,3_trunk_disease,1,1,0,1.0,0.7311,1
StemBleeding455,3_trunk_disease,1,1,0,1.0,0.7311,1
StemBleeding456,3_trunk_disease,1,1,0,1.0,0.7311,1
StemBleeding457,3_trunk_disease,1,1,0,1.0,0.7311,1
StemBleeding458,3_trunk_disease,1,1,0,1.0,0.7311,1
StemBleeding459,3_trunk_disease,1,1,0,1.0,0.7311,1
StemBleeding460,3_trunk_disease,1,1,0,1.0,0.7311,1
StemBleeding461,3_trunk_disease,1,1,0,1.0,0.7311,1
StemBleeding462,3_trunk_disease,1,1,0,1.0,0.7311,1
StemBleeding463,3_trunk_disease,1,1,0,1.0,0.7311,1
StemBleeding464,3_trunk_disease,1,1,0,1.0,0.7311,1
StemBleeding465,3_trunk_disease,1,1,0,1.0,0.7311,1
StemBleeding466,3_trunk_disease,1,1,0,1.0,0.7311,1
StemBleeding467,3_trunk_disease,1,1,0,1.0,0.7311,1
StemBleeding468,3_trunk_disease,1,1,0,1.0,0.7311,1
StemBleeding469,3_trunk_disease,1,1,0,1.0,0.7311,1
StemBleeding470,3_trunk_disease,1,1,0,1.0,0.7311,1
StemBleeding471,3_trunk_disease,1,1,0,1.0,0.7311,1
StemBleeding472,3_trunk_disease,1,1,0,1.0,0.7311,1
StemBleeding473,3_trunk_disease,1,1,0,1.0,0.7311,1
StemBleeding474,3_trunk_disease,1,1,0,1.0,0.7311,1
StemBleeding475,3_trunk_disease,1,1,0,1.0,0.7311,1
StemBleeding476,3_trunk_disease,1,1,0,1.0,0.7311,1
StemBleeding477,3_trunk_disease,1,1,0,1.0,0.7311,1
StemBleeding478,3_trunk_disease,1,1,0,1.0,0.7311,1
StemBleeding479,3_trunk_disease,1,1,0,1.0,0.7311,1
StemBleeding480,3_trunk_disease,1,1,0,1.0,0.7311,1
StemBleeding481,3_trunk_disease,1,1,0,1.0,0.7311,1
StemBleeding482,3_trunk_disease,1,1,0,1.0,0.7311,1
StemBleeding483,3_trunk_disease,1,1,0,1.0,0.7311,1
StemBleeding484,3_trunk_disease,1,1,0,1.0,0.7311,1
StemBleeding485,3_trunk_disease,1,1,0,1.0,0.7311,1
StemBleeding486,3_trunk_disease,1,1,0,1.0,0.7311,1
StemBleeding487,3_trunk_disease,1,1,0,1.0,0.7311,1
StemBleeding488,3_trunk_disease,1,1,0,1.0,0.7311,1
StemBleeding489,3_trunk_disease,1,1,0,1.0,0.7311,1
StemBleeding490,3_trunk_disease,1,1,0,1.0,0.7311,1
StemBleeding491,3_trunk_disease,1,1,0,1.0,0.7311,1
StemBleeding492,3_trunk_disease,1,1,0,1.0,0.7311,1
StemBleeding493,3_trunk_disease,1,1,0,1.0,0.7311,1
StemBleeding494,3_trunk_disease,1,1,0,1.0,0.7311,1
StemBleeding495,3_trunk_disease,1,1,0,1.0,0.7311,1
StemBleeding496,3_trunk_disease,1,1,0,1.0,0.7311,1
StemBleeding497,3_trunk_disease,1,1,0,1.0,0.7311,1
StemBleeding498,3_trunk_disease,1,1,0,1.0,0.7311,1
StemBleeding499,3_trunk_disease,1,1,0,1.0,0.7311,1
StemBleeding500,3_trunk_disease,1,1,0,1.0,0.7311,1
StemBleeding501,3_trunk_disease,1,1,0,1.0,0.7311,1
StemBleeding502,3_trunk_disease,1,1,0,1.0,0.7311,1
StemBleeding503,3_trunk_disease,1,1,0,1.0,0.7311,1
StemBleeding504,3_trunk_disease,1,1,0,1.0,0.7311,1
StemBleeding505,3_trunk_disease,1,1,0,1.0,0.7311,1
StemBleeding506,3_trunk_disease,1,1,0,1.0,0.7311,1
StemBleeding507,3_trunk_disease,1,1,0,1.0,0.7311,1
StemBleeding508,3_trunk_disease,1,1,0,1.0,0.7311,1
StemBleeding509,3_trunk_disease,1,1,0,1.0,0.7311,1
StemBleeding510,3_trunk_disease,1,1,0,1.0,0.7311,1
StemBleeding511,3_trunk_disease,1,1,0,1.0,0.7311,1
StemBleeding512,3_trunk_disease,1,1,0,1.0,0.7311,1
StemBleeding513,3_trunk_disease,1,1,0,1.0,0.7311,1
StemBleeding514,3_trunk_disease,1,1,0,1.0,0.7311,1
StemBleeding515,3_trunk_disease,1,1,0,1.0,0.7311,1
StemBleeding516,3_trunk_disease,1,1,0,1.0,0.7311,1
StemBleeding517,3_trunk_disease,1,1,0,1.0,0.7311,1
StemBleeding518,3_trunk_disease,1,1,0,1.0,0.7311,1
StemBleeding519,3_trunk_disease,1,1,0,1.0,0.7311,1
StemBleeding520,3_trunk_disease,1,1,0,1.0,0.7311,1
StemBleeding521,3_trunk_disease,1,1,0,1.0,0.7311,1
StemBleeding522,3_trunk_disease,1,1,0,1.0,0.7311,1
StemBleeding523,3_trunk_disease,1,1,0,1.0,0.7311,1
StemBleeding524,3_trunk_disease,1,1,0,1.0,0.7311,1
StemBleeding525,3_trunk_disease,1,1,0,1.0,0.7311,1
StemBleeding526,3_trunk_disease,1,1,0,1.0,0.7311,1
StemBleeding527,3_trunk_disease,1,1,0,1.0,0.7311,1
StemBleeding528,3_trunk_disease,1,1,0,1.0,0.7311,1
StemBleeding529,3_trunk_disease,1,1,0,1.0,0.7311,1
StemBleeding530,3_trunk_disease,1,1,0,1.0,0.7311,1
StemBleeding531,3_trunk_disease,1,1,0,1.0,0.7311,1
StemBleeding532,3_trunk_disease,1,1,0,1.0,0.7311,1
StemBleeding533,3_trunk_disease,1,1,0,1.0,0.7311,1
StemBleeding534,3_trunk_disease,1,1,0,1.0,0.7311,1
StemBleeding535,3_trunk_disease,1,1,0,1.0,0.7311,1
StemBleeding536,3_trunk_disease,1,1,0,1.0,0.7311,1
StemBleeding537,3_trunk_disease,1,1,0,1.0,0.7311,1
StemBleeding538,3_trunk_disease,1,1,0,1.0,0.7311,1
StemBleeding539,3_trunk_disease,1,1,0,1.0,0.7311,1
StemBleeding540,3_trunk_disease,1,1,0,1.0,0.7311,1
StemBleeding541,3_trunk_disease,1,1,0,1.0,0.7311,1
StemBleeding542,3_trunk_disease,1,1,0,1.0,0.7311,1
StemBleeding543,3_trunk_disease,1,1,0,1.0,0.7311,1
StemBleeding544,3_trunk_disease,1,1,0,1.0,0.7311,1
StemBleeding545,3_trunk_disease,1,1,0,1.0,0.7311,1
StemBleeding546,3_trunk_disease,1,1,0,1.0,0.7311,1
StemBleeding547,3_trunk_disease,1,1,0,1.0,0.7311,1
StemBleeding548,3_trunk_disease,1,1,0,1.0,0.7311,1
StemBleeding549,3_trunk_disease,1,1,0,1.0,0.7311,1
StemBleeding550,3_trunk_disease,1,1,0,1.0,0.7311,1
StemBleeding551,3_trunk_disease,1,1,0,1.0,0.7311,1
StemBleeding552,3_trunk_disease,1,1,0,1.0,0.7311,1
StemBleeding553,3_trunk_disease,1,1,0,1.0,0.7311,1
StemBleeding554,3_trunk_disease,1,1,0,1.0,0.7311,1
StemBleeding555,3_trunk_disease,1,1,0,1.0,0.7311,1
StemBleeding556,3_trunk_disease,1,1,0,1.0,0.7311,1
StemBleeding557,3_trunk_disease,1,1,0,1.0,0.7311,1
StemBleeding558,3_trunk_disease,1,1,0,1.0,0.7311,1
StemBleeding559,3_trunk_disease,1,1,0,1.0,0.7311,1
StemBleeding560,3_trunk_disease,1,1,0,1.0,0.7311,1
StemBleeding561,3_trunk_disease,1,1,0,1.0,0.7311,1
StemBleeding562,3_trunk_disease,1,1,0,1.0,0.7311,1
StemBleeding563,3_trunk_disease,1,1,0,1.0,0.7311,1
StemBleeding564,3_trunk_disease,1,1,0,1.0,0.7311,1
StemBleeding565,3_trunk_disease,1,1,0,1.0,0.7311,1
StemBleeding566,3_trunk_disease,1,1,0,1.0,0.7311,1
StemBleeding567,3_trunk_disease,1,1,0,1.0,0.7311,1
StemBleeding568,3_trunk_disease,1,1,0,1.0,0.7311,1
StemBleeding569,3_trunk_disease,1,1,0,1.0,0.7311,1
StemBleeding570,3_trunk_disease,1,1,0,1.0,0.7311,1
StemBleeding571,3_trunk_disease,1,1,0,1.0,0.7311,1
StemBleeding572,3_trunk_disease,1,1,0,1.0,0.7311,1
StemBleeding573,3_trunk_disease,1,1,0,1.0,0.7311,1
StemBleeding574,3_trunk_disease,1,1,0,1.0,0.7311,1
StemBleeding575,3_trunk_disease,1,1,0,1.0,0.7311,1
StemBleeding576,3_trunk_disease,1,1,0,1.0,0.7311,1
StemBleeding577,3_trunk_disease,1,1,0,1.0,0.7311,1
StemBleeding578,3_trunk_disease,1,1,0,1.0,0.7311,1
StemBleeding579,3_trunk_disease,1,1,0,1.0,0.7311,1
StemBleeding580,3_trunk_disease,1,1,0,1.0,0.7311,1
StemBleeding581,3_trunk_disease,1,1,0,1.0,0.7311,1
StemBleeding582,3_trunk_disease,1,1,0,1.0,0.7311,1
StemBleeding583,3_trunk_disease,1,1,0,1.0,0.7311,1
StemBleeding584,3_trunk_disease,1,1,0,1.0,0.7311,1
StemBleeding585,3_trunk_disease,1,1,0,1.0,0.7311,1
StemBleeding586,3_trunk_disease,1,1,0,1.0,0.7311,1
StemBleeding587,3_trunk_disease,1,1,0,1.0,0.7311,1
StemBleeding588,3_trunk_disease,1,1,0,1.0,0.7311,1
StemBleeding589,3_trunk_disease,1,1,0,1.0,0.7311,1
StemBleeding590,3_trunk_disease,1,1,0,1.0,0.7311,1
StemBleeding591,3_trunk_disease,1,1,0,1.0,0.7311,1
StemBleeding592,3_trunk_disease,1,1,0,1.0,0.7311,1
StemBleeding593,3_trunk_disease,1,1,0,1.0,0.7311,1
StemBleeding594,3_trunk_disease,1,1,0,1.0,0.7311,1
StemBleeding595,3_trunk_disease,1,1,0,1.0,0.7311,1
StemBleeding596,3_trunk_disease,1,1,0,1.0,0.7311,1
StemBleeding597,3_trunk_disease,1,1,0,1.0,0.7311,1
StemBleeding598,3_trunk_disease,1,1,0,1.0,0.7311,1
StemBleeding599,3_trunk_disease,1,1,0,1.0,0.7311,1
StemBleeding600,3_trunk_disease,1,1,0,1.0,0.7311,1
StemBleeding601,3_trunk_disease,1,1,0,1.0,0.7311,1
StemBleeding602,3_trunk_disease,1,1,0,1.0,0.7311,1
StemBleeding603,3_trunk_disease,1,1,0,1.0,0.7311,1
StemBleeding604,3_trunk_disease,1,1,0,1.0,0.7311,1
StemBleeding605,3_trunk_disease,1,1,0,1.0,0.7311,1
StemBleeding606,3_trunk_disease,1,1,0,1.0,0.7311,1
StemBleeding607,3_trunk_disease,1,1,0,1.0,0.7311,1
StemBleeding608,3_trunk_disease,1,1,0,1.0,0.7311,1
StemBleeding609,3_trunk_disease,1,1,0,1.0,0.7311,1
StemBleeding610,3_trunk_disease,1,1,0,1.0,0.7311,1
StemBleeding611,3_trunk_disease,1,1,0,1.0,0.7311,1
StemBleeding612,3_trunk_disease,1,1,0,1.0,0.7311,1
StemBleeding613,3_trunk_disease,1,1,0,1.0,0.7311,1
StemBleeding614,3_trunk_disease,1,1,0,1.0,0.7311,1
StemBleeding615,3_trunk_disease,1,1,0,1.0,0.7311,1
StemBleeding616,3_trunk_disease,1,1,0,1.0,0.7311,1
StemBleeding617,3_trunk_disease,1,1,0,1.0,0.7311,1
StemBleeding618,3_trunk_disease,1,1,0,1.0,0.7311,1
StemBleeding619,3_trunk_disease,1,1,0,1.0,0.7311,1
StemBleeding620,3_trunk_disease,1,1,0,1.0,0.7311,1
StemBleeding621,3_trunk_disease,1,1,0,1.0,0.7311,1
StemBleeding622,3_trunk_disease,1,1,0,1.0,0.7311,1
StemBleeding623,3_trunk_disease,1,1,0,1.0,0.7311,1
StemBleeding624,3_trunk_disease,1,1,0,1.0,0.7311,1
StemBleeding625,3_trunk_disease,1,1,0,1.0,0.7311,1
StemBleeding626,3_trunk_disease,1,1,0,1.0,0.7311,1
StemBleeding627,3_trunk_disease,1,1,0,1.0,0.7311,1
StemBleeding628,3_trunk_disease,1,1,0,1.0,0.7311,1
StemBleeding629,3_trunk_disease,1,1,0,1.0,0.7311,1
StemBleeding630,3_trunk_disease,1,1,0,1.0,0.7311,1
StemBleeding631,3_trunk_disease,1,1,0,1.0,0.7311,1
StemBleeding632,3_trunk_disease,1,1,0,1.0,0.7311,1
StemBleeding633,3_trunk_disease,1,1,0,1.0,0.7311,1
StemBleeding634,3_trunk_disease,1,1,0,1.0,0.7311,1
StemBleeding635,3_trunk_disease,1,1,0,1.0,0.7311,1
StemBleeding636,3_trunk_disease,1,1,0,1.0,0.7311,1
StemBleeding637,3_trunk_disease,1,1,0,1.0,0.7311,1
StemBleeding638,3_trunk_disease,1,1,0,1.0,0.7311,1
StemBleeding639,3_trunk_disease,1,1,0,1.0,0.7311,1
StemBleeding640,3_trunk_disease,1,1,0,1.0,0.7311,1
StemBleeding641,3_trunk_disease,1,1,0,1.0,0.7311,1
StemBleeding642,3_trunk_disease,1,1,0,1.0,0.7311,1
StemBleeding643,3_trunk_disease,1,1,0,1.0,0.7311,1
StemBleeding644,3_trunk_disease,1,1,0,1.0,0.7311,1
StemBleeding645,3_trunk_disease,1,1,0,1.0,0.7311,1
StemBleeding646,3_trunk_disease,1,1,0,1.0,0.7311,1
StemBleeding647,3_trunk_disease,1,1,0,1.0,0.7311,1
StemBleeding648,3_trunk_disease,1,1,0,1.0,0.7311,1
StemBleeding649,3_trunk_disease,1,1,0,1.0,0.7311,1
StemBleeding650,3_trunk_disease,1,1,0,1.0,0.7311,1
StemBleeding651,3_trunk_disease,1,1,0,1.0,0.7311,1
StemBleeding652,3_trunk_disease,1,1,0,1.0,0.7311,1
StemBleeding653,3_trunk_disease,1,1,0,1.0,0.7311,1
StemBleeding654,3_trunk_disease,1,1,0,1.0,0.7311,1
StemBleeding655,3_trunk_disease,1,1,0,1.0,0.7311,1
StemBleeding656,3_trunk_disease,1,1,0,1.0,0.7311,1
StemBleeding657,3_trunk_disease,1,1,0,1.0,0.7311,1
StemBleeding658,3_trunk_disease,1,1,0,1.0,0.7311,1
StemBleeding659,3_trunk_disease,1,1,0,1.0,0.7311,1
StemBleeding660,3_trunk_disease,1,1,0,1.0,0.7311,1
StemBleeding661,3_trunk_disease,1,1,0,1.0,0.7311,1
StemBleeding662,3_trunk_disease,1,1,0,1.0,0.7311,1
StemBleeding663,3_trunk_disease,1,1,0,1.0,0.7311,1
StemBleeding664,3_trunk_disease,1,1,0,1.0,0.7311,1
StemBleeding665,3_trunk_disease,1,1,0,1.0,0.7311,1
StemBleeding666,3_trunk_disease,1,1,0,1.0,0.7311,1
StemBleeding667,3_trunk_disease,1,1,0,1.0,0.7311,1
StemBleeding668,3_trunk_disease,1,1,0,1.0,0.7311,1
StemBleeding669,3_trunk_disease,1,1,0,1.0,0.7311,1
StemBleeding670,3_trunk_disease,1,1,0,1.0,0.7311,1
StemBleeding671,3_trunk_disease,1,1,0,1.0,0.7311,1
StemBleeding672,3_trunk_disease,1,1,0,1.0,0.7311,1
StemBleeding673,3_trunk_disease,1,1,0,1.0,0.7311,1
StemBleeding674,3_trunk_disease,1,1,0,1.0,0.7311,1
StemBleeding675,3_trunk_disease,1,1,0,1.0,0.7311,1
StemBleeding676,3_trunk_disease,1,1,0,1.0,0.7311,1
StemBleeding677,3_trunk_disease,1,1,0,1.0,0.7311,1
StemBleeding678,3_trunk_disease,1,1,0,1.0,0.7311,1
StemBleeding679,3_trunk_disease,1,1,0,1.0,0.7311,1
StemBleeding680,3_trunk_disease,1,1,0,1.0,0.7311,1
StemBleeding681,3_trunk_disease,1,1,0,1.0,0.7311,1
StemBleeding682,3_trunk_disease,1,1,0,1.0,0.7311,1
StemBleeding683,3_trunk_disease,1,1,0,1.0,0.7311,1
StemBleeding684,3_trunk_disease,1,1,0,1.0,0.7311,1
StemBleeding685,3_trunk_disease,1,1,0,1.0,0.7311,1
StemBleeding686,3_trunk_disease,1,1,0,1.0,0.7311,1
StemBleeding687,3_trunk_disease,1,1,0,1.0,0.7311,1
StemBleeding688,3_trunk_disease,1,1,0,1.0,0.7311,1
StemBleeding689,3_trunk_disease,1,1,0,1.0,0.7311,1
StemBleeding690,3_trunk_disease,1,1,0,1.0,0.7311,1
StemBleeding691,3_trunk_disease,1,1,0,1.0,0.7311,1
StemBleeding692,3_trunk_disease,1,1,0,1.0,0.7311,1
StemBleeding693,3_trunk_disease,1,1,0,1.0,0.7311,1
StemBleeding694,3_trunk_disease,1,1,0,1.0,0.7311,1
StemBleeding695,3_trunk_disease,1,1,0,1.0,0.7311,1
StemBleeding696,3_trunk_disease,1,1,0,1.0,0.7311,1
StemBleeding697,3_trunk_disease,1,1,0,1.0,0.7311,1
StemBleeding698,3_trunk_disease,1,1,0,1.0,0.7311,1
StemBleeding699,3_trunk_disease,1,1,0,1.0,0.7311,1
StemBleeding700,3_trunk_disease,1,1,0,1.0,0.7311,1
StemBleeding701,3_trunk_disease,1,1,0,1.0,0.7311,1
StemBleeding702,3_trunk_disease,1,1,0,1.0,0.7311,1
StemBleeding703,3_trunk_disease,1,1,0,1.0,0.7311,1
StemBleeding704,3_trunk_disease,1,1,0,1.0,0.7311,1
StemBleeding705,3_trunk_disease,1,1,0,1.0,0.7311,1
StemBleeding706,3_trunk_disease,1,1,0,1.0,0.7311,1
StemBleeding707,3_trunk_disease,1,1,0,1.0,0.7311,1
StemBleeding708,3_trunk_disease,1,1,0,1.0,0.7311,1
StemBleeding709,3_trunk_disease,1,1,0,1.0,0.7311,1
StemBleeding710,3_trunk_disease,1,1,0,1.0,0.7311,1
StemBleeding711,3_trunk_disease,1,1,0,1.0,0.7311,1
StemBleeding712,3_trunk_disease,1,1,0,1.0,0.7311,1
StemBleeding713,3_trunk_disease,1,1,0,1.0,0.7311,1
StemBleeding714,3_trunk_disease,1,1,0,1.0,0.7311,1
StemBleeding715,3_trunk_disease,1,1,0,1.0,0.7311,1
StemBleeding716,3_trunk_disease,1,1,0,1.0,0.7311,1
StemBleeding717,3_trunk_disease,1,1,0,1.0,0.7311,1
StemBleeding718,3_trunk_disease,1,1,0,1.0,0.7311,1
StemBleeding719,3_trunk_disease,1,1,0,1.0,0.7311,1
StemBleeding720,3_trunk_disease,1,1,0,1.0,0.7311,1
StemBleeding721,3_trunk_disease,1,1,0,1.0,0.7311,1
StemBleeding722,3_trunk_disease,1,1,0,1.0,0.7311,1
StemBleeding723,3_trunk_disease,1,1,0,1.0,0.7311,1
StemBleeding724,3_trunk_disease,1,1,0,1.0,0.7311,1
StemBleeding725,3_trunk_disease,1,1,0,1.0,0.7311,1
StemBleeding726,3_trunk_disease,1,1,0,1.0,0.7311,1
StemBleeding727,3_trunk_disease,1,1,0,1.0,0.7311,1
StemBleeding728,3_trunk_disease,1,1,0,1.0,0.7311,1
StemBleeding729,3_trunk_disease,1,1,0,1.0,0.7311,1
StemBleeding730,3_trunk_disease,1,1,0,1.0,0.7311,1
StemBleeding731,3_trunk_disease,1,1,0,1.0,0.7311,1
StemBleeding732,3_trunk_disease,1,1,0,1.0,0.7311,1
StemBleeding733,3_trunk_disease,1,1,0,1.0,0.7311,1
StemBleeding734,3_trunk_disease,1,1,0,1.0,0.7311,1
StemBleeding735,3_trunk_disease,1,1,0,1.0,0.7311,1
StemBleeding736,3_trunk_disease,1,1,0,1.0,0.7311,1
StemBleeding737,3_trunk_disease,1,1,0,1.0,0.7311,1
StemBleeding738,3_trunk_disease,1,1,0,1.0,0.7311,1
StemBleeding739,3_trunk_disease,1,1,0,1.0,0.7311,1
StemBleeding740,3_trunk_disease,1,1,0,1.0,0.7311,1
StemBleeding741,3_trunk_disease,1,1,0,1.0,0.7311,1
StemBleeding742,3_trunk_disease,1,1,0,1.0,0.7311,1
StemBleeding743,3_trunk_disease,1,1,0,1.0,0.7311,1
StemBleeding744,3_trunk_disease,1,1,0,1.0,0.7311,1
StemBleeding745,3_trunk_disease,1,1,0,1.0,0.7311,1
StemBleeding746,3_trunk_disease,1,1,0,1.0,0.7311,1
StemBleeding747,3_trunk_disease,1,1,0,1.0,0.7311,1
StemBleeding748,3_trunk_disease,1,1,0,1.0,0.7311,1
StemBleeding749,3_trunk_disease,1,1,0,1.0,0.7311,1
StemBleeding750,3_trunk_disease,1,1,0,1.0,0.7311,1
StemBleeding751,3_trunk_disease,1,1,0,1.0,0.7311,1
StemBleeding752,3_trunk_disease,1,1,0,1.0,0.7311,1
StemBleeding753,3_trunk_disease,1,1,0,1.0,0.7311,1
StemBleeding754,3_trunk_disease,1,1,0,1.0,0.7311,1
StemBleeding755,3_trunk_disease,1,1,0,1.0,0.7311,1
StemBleeding756,3_trunk_disease,1,1,0,1.0,0.7311,1
StemBleeding757,3_trunk_disease,1,1,0,1.0,0.7311,1
StemBleeding758,3_trunk_disease,1,1,0,1.0,0.7311,1
StemBleeding759,3_trunk_disease,1,1,0,1.0,0.7311,1
StemBleeding760,3_trunk_disease,1,1,0,1.0,0.7311,1
StemBleeding761,3_trunk_disease,1,1,0,1.0,0.7311,1
StemBleeding762,3_trunk_disease,1,1,0,1.0,0.7311,1
StemBleeding763,3_trunk_disease,1,1,0,1.0,0.7311,1
StemBleeding764,3_trunk_disease,1,1,0,1.0,0.7311,1
StemBleeding765,3_trunk_disease,1,1,0,1.0,0.7311,1
StemBleeding766,3_trunk_disease,1,1,0,1.0,0.7311,1
StemBleeding767,3_trunk_disease,1,1,0,1.0,0.7311,1
StemBleeding768,3_trunk_disease,1,1,0,1.0,0.7311,1
StemBleeding769,3_trunk_disease,1,1,0,1.0,0.7311,1
StemBleeding770,3_trunk_disease,1,1,0,1.0,0.7311,1
StemBleeding771,3_trunk_disease,1,1,0,1.0,0.7311,1
StemBleeding772,3_trunk_disease,1,1,0,1.0,0.7311,1
StemBleeding773,3_trunk_disease,1,1,0,1.0,0.7311,1
StemBleeding774,3_trunk_disease,1,1,0,1.0,0.7311,1
StemBleeding775,3_trunk_disease,1,1,0,1.0,0.7311,1
StemBleeding776,3_trunk_disease,1,1,0,1.0,0.7311,1
StemBleeding777,3_trunk_disease,1,1,0,1.0,0.7311,1
StemBleeding778,3_trunk_disease,1,1,0,1.0,0.7311,1
StemBleeding779,3_trunk_disease,1,1,0,1.0,0.7311,1
StemBleeding780,3_trunk_disease,1,1,0,1.0,0.7311,1
StemBleeding781,3_trunk_disease,1,1,0,1.0,0.7311,1
StemBleeding782,3_trunk_disease,1,1,0,1.0,0.7311,1
StemBleeding783,3_trunk_disease,1,1,0,1.0,0.7311,1
StemBleeding784,3_trunk_disease,1,1,0,1.0,0.7311,1
StemBleeding785,3_trunk_disease,1,1,0,1.0,0.7311,1
StemBleeding786,3_trunk_disease,1,1,0,1.0,0.7311,1
StemBleeding787,3_trunk_disease,1,1,0,1.0,0.7311,1
StemBleeding788,3_trunk_disease,1,1,0,1.0,0.7311,1
StemBleeding789,3_trunk_disease,1,1,0,1.0,0.7311,1
StemBleeding790,3_trunk_disease,1,1,0,1.0,0.7311,1
StemBleeding791,3_trunk_disease,1,1,0,1.0,0.7311,1
StemBleeding792,3_trunk_disease,1,1,0,1.0,0.7311,1
StemBleeding793,3_trunk_disease,1,1,0,1.0,0.7311,1
StemBleeding794,3_trunk_disease,1,1,0,1.0,0.7311,1
StemBleeding795,3_trunk_disease,1,1,0,1.0,0.7311,1
StemBleeding796,3_trunk_disease,1,1,0,1.0,0.7311,1
StemBleeding797,3_trunk_disease,1,1,0,1.0,0.7311,1
StemBleeding798,3_trunk_disease,1,1,0,1.0,0.7311,1
StemBleeding799,3_trunk_disease,1,1,0,1.0,0.7311,1
StemBleeding800,3_trunk_disease,1,1,0,1.0,0.7311,1
StemBleeding801,3_trunk_disease,1,1,0,1.0,0.7311,1
StemBleeding802,3_trunk_disease,1,1,0,1.0,0.7311,1
StemBleeding803,3_trunk_disease,1,1,0,1.0,0.7311,1
StemBleeding804,3_trunk_disease,1,1,0,1.0,0.7311,1
StemBleeding805,3_trunk_disease,1,1,0,1.0,0.7311,1
StemBleeding806,3_trunk_disease,1,1,0,1.0,0.7311,1
StemBleeding807,3_trunk_disease,1,1,0,1.0,0.7311,1
StemBleeding808,3_trunk_disease,1,1,0,1.0,0.7311,1
StemBleeding809,3_trunk_disease,1,1,0,1.0,0.7311,1
StemBleeding810,3_trunk_disease,1,1,0,1.0,0.7311,1
StemBleeding811,3_trunk_disease,1,1,0,1.0,0.7311,1
StemBleeding812,3_trunk_disease,1,1,0,1.0,0.7311,1
StemBleeding813,3_trunk_disease,1,1,0,1.0,0.7311,1
StemBleeding814,3_trunk_disease,1,1,0,1.0,0.7311,1
StemBleeding815,3_trunk_disease,1,1,0,1.0,0.7311,1
StemBleeding816,3_trunk_disease,1,1,0,1.0,0.7311,1
StemBleeding817,3_trunk_disease,1,1,0,1.0,0.7311,1
StemBleeding818,3_trunk_disease,1,1,0,1.0,0.7311,1
StemBleeding819,3_trunk_disease,1,1,0,1.0,0.7311,1
StemBleeding820,3_trunk_disease,1,1,0,1.0,0.7311,1
StemBleeding821,3_trunk_disease,1,1,0,1.0,0.7311,1
StemBleeding822,3_trunk_disease,1,1,0,1.0,0.7311,1
StemBleeding823,3_trunk_disease,1,1,0,1.0,0.7311,1
StemBleeding824,3_trunk_disease,1,1,0,1.0,0.7311,1
StemBleeding825,3_trunk_disease,1,1,0,1.0,0.7311,1
StemBleeding826,3_trunk_disease,1,1,0,1.0,0.7311,1
StemBleeding827,3_trunk_disease,1,1,0,1.0,0.7311,1
StemBleeding828,3_trunk_disease,1,1,0,1.0,0.7311,1
StemBleeding829,3_trunk_disease,1,1,0,1.0,0.7311,1
StemBleeding830,3_trunk_disease,1,1,0,1.0,0.7311,1
StemBleeding831,3_trunk_disease,1,1,0,1.0,0.7311,1
StemBleeding832,3_trunk_disease,1,1,0,1.0,0.7311,1
StemBleeding833,3_trunk_disease,1,1,0,1.0,0.7311,1
StemBleeding834,3_trunk_disease,1,1,0,1.0,0.7311,1
StemBleeding835,3_trunk_disease,1,1,0,1.0,0.7311,1
StemBleeding836,3_trunk_disease,1,1,0,1.0,0.7311,1
StemBleeding837,3_trunk_disease,1,1,0,1.0,0.7311,1
StemBleeding838,3_trunk_disease,1,1,0,1.0,0.7311,1
StemBleeding839,3_trunk_disease,1,1,0,1.0,0.7311,1
StemBleeding840,3_trunk_disease,1,1,0,1.0,0.7311,1
StemBleeding841,3_trunk_disease,1,1,0,1.0,0.7311,1
StemBleeding842,3_trunk_disease,1,1,0,1.0,0.7311,1
StemBleeding843,3_trunk_disease,1,1,0,1.0,0.7311,1
StemBleeding844,3_trunk_disease,1,1,0,1.0,0.7311,1
StemBleeding845,3_trunk_disease,1,1,0,1.0,0.7311,1
StemBleeding846,3_trunk_disease,1,1,0,1.0,0.7311,1
StemBleeding847,3_trunk_disease,1,1,0,1.0,0.7311,1
StemBleeding848,3_trunk_disease,1,1,0,1.0,0.7311,1
StemBleeding849,3_trunk_disease,1,1,0,1.0,0.7311,1
StemBleeding850,3_trunk_disease,1,1,0,1.0,0.7311,1
StemBleeding851,3_trunk_disease,1,1,0,1.0,0.7311,1
StemBleeding852,3_trunk_disease,1,1,0,1.0,0.7311,1
StemBleeding853,3_trunk_disease,1,1,0,1.0,0.7311,1
StemBleeding854,3_trunk_disease,1,1,0,1.0,0.7311,1
StemBleeding855,3_trunk_disease,1,1,0,1.0,0.7311,1
StemBleeding856,3_trunk_disease,1,1,0,1.0,0.7311,1
StemBleeding857,3_trunk_disease,1,1,0,1.0,0.7311,1
StemBleeding858,3_trunk_disease,1,1,0,1.0,0.7311,1
StemBleeding859,3_trunk_disease,1,1,0,1.0,0.7311,1
StemBleeding860,3_trunk_disease,1,1,0,1.0,0.7311,1
StemBleeding861,3_trunk_disease,1,1,0,1.0,0.7311,1
StemBleeding862,3_trunk_disease,1,1,0,1.0,0.7311,1
StemBleeding863,3_trunk_disease,1,1,0,1.0,0.7311,1
StemBleeding864,3_trunk_disease,1,1,0,1.0,0.7311,1
StemBleeding865,3_trunk_disease,1,1,0,1.0,0.7311,1
StemBleeding866,3_trunk_disease,1,1,0,1.0,0.7311,1
StemBleeding867,3_trunk_disease,1,1,0,1.0,0.7311,1
StemBleeding868,3_trunk_disease,1,1,0,1.0,0.7311,1
StemBleeding869,3_trunk_disease,1,1,0,1.0,0.7311,1
StemBleeding870,3_trunk_disease,1,1,0,1.0,0.7311,1
StemBleeding871,3_trunk_disease,1,1,0,1.0,0.7311,1
StemBleeding872,3_trunk_disease,1,1,0,1.0,0.7311,1
StemBleeding873,3_trunk_disease,1,1,0,1.0,0.7311,1
StemBleeding874,3_trunk_disease,1,1,0,1.0,0.7311,1
StemBleeding875,3_trunk_disease,1,1,0,1.0,0.7311,1
StemBleeding876,3_trunk_disease,1,1,0,1.0,0.7311,1
StemBleeding877,3_trunk_disease,1,1,0,1.0,0.7311,1
StemBleeding878,3_trunk_disease,1,1,0,1.0,0.7311,1
StemBleeding879,3_trunk_disease,1,1,0,1.0,0.7311,1
StemBleeding880,3_trunk_disease,1,1,0,1.0,0.7311,1
StemBleeding881,3_trunk_disease,1,1,0,1.0,0.7311,1
StemBleeding882,3_trunk_disease,1,1,0,1.0,0.7311,1
StemBleeding883,3_trunk_disease,1,1,0,1.0,0.7311,1
StemBleeding884,3_trunk_disease,1,1,0,1.0,0.7311,1
StemBleeding885,3_trunk_disease,1,1,0,1.0,0.7311,1
StemBleeding886,3_trunk_disease,1,1,0,1.0,0.7311,1
StemBleeding887,3_trunk_disease,1,1,0,1.0,0.7311,1
StemBleeding888,3_trunk_disease,1,1,0,1.0,0.7311,1
StemBleeding889,3_trunk_disease,1,1,0,1.0,0.7311,1
StemBleeding890,3_trunk_disease,1,1,0,1.0,0.7311,1
StemBleeding891,3_trunk_disease,1,1,0,1.0,0.7311,1
StemBleeding892,3_trunk_disease,1,1,0,1.0,0.7311,1
StemBleeding893,3_trunk_disease,1,1,0,1.0,0.7311,1
StemBleeding894,3_trunk_disease,1,1,0,1.0,0.7311,1
StemBleeding895,3_trunk_disease,1,1,0,1.0,0.7311,1
StemBleeding896,3_trunk_disease,1,1,0,1.0,0.7311,1
StemBleeding897,3_trunk_disease,1,1,0,1.0,0.7311,1
StemBleeding898,3_trunk_disease,1,1,0,1.0,0.7311,1
StemBleeding899,3_trunk_disease,1,1,0,1.0,0.7311,1
StemBleeding900,3_trunk_disease,1,1,0,1.0,0.7311,1
StemBleeding901,3_trunk_disease,1,1,0,1.0,0.7311,1
StemBleeding902,3_trunk_disease,1,1,0,1.0,0.7311,1
StemBleeding903,3_trunk_disease,1,1,0,1.0,0.7311,1
StemBleeding904,3_trunk_disease,1,1,0,1.0,0.7311,1
StemBleeding905,3_trunk_disease,1,1,0,1.0,0.7311,1
StemBleeding906,3_trunk_disease,1,1,0,1.0,0.7311,1
StemBleeding907,3_trunk_disease,1,1,0,1.0,0.7311,1
StemBleeding908,3_trunk_disease,1,1,0,1.0,0.7311,1
StemBleeding909,3_trunk_disease,1,1,0,1.0,0.7311,1
StemBleeding910,3_trunk_disease,1,1,0,1.0,0.7311,1
StemBleeding911,3_trunk_disease,1,1,0,1.0,0.7311,1
StemBleeding912,3_trunk_disease,1,1,0,1.0,0.7311,1
StemBleeding913,3_trunk_disease,1,1,0,1.0,0.7311,1
StemBleeding914,3_trunk_disease,1,1,0,1.0,0.7311,1
StemBleeding915,3_trunk_disease,1,1,0,1.0,0.7311,1
StemBleeding916,3_trunk_disease,1,1,0,1.0,0.7311,1
StemBleeding917,3_trunk_disease,1,1,0,1.0,0.7311,1
StemBleeding918,3_trunk_disease,1,1,0,1.0,0.7311,1
StemBleeding919,3_trunk_disease,1,1,0,1.0,0.7311,1
StemBleeding920,3_trunk_disease,1,1,0,1.0,0.7311,1
StemBleeding921,3_trunk_disease,1,1,0,1.0,0.7311,1
StemBleeding922,3_trunk_disease,1,1,0,1.0,0.7311,1
StemBleeding923,3_trunk_disease,1,1,0,1.0,0.7311,1
StemBleeding924,3_trunk_disease,1,1,0,1.0,0.7311,1
StemBleeding925,3_trunk_disease,1,1,0,1.0,0.7311,1
StemBleeding926,3_trunk_disease,1,1,0,1.0,0.7311,1
StemBleeding927,3_trunk_disease,1,1,0,1.0,0.7311,1
StemBleeding928,3_trunk_disease,1,1,0,1.0,0.7311,1
StemBleeding929,3_trunk_disease,1,1,0,1.0,0.7311,1
StemBleeding930,3_trunk_disease,1,1,0,1.0,0.7311,1
StemBleeding931,3_trunk_disease,1,1,0,1.0,0.7311,1
StemBleeding932,3_trunk_disease,1,1,0,1.0,0.7311,1
StemBleeding933,3_trunk_disease,1,1,0,1.0,0.7311,1
StemBleeding934,3_trunk_disease,1,1,0,1.0,0.7311,1
StemBleeding935,3_trunk_disease,1,1,0,1.0,0.7311,1
StemBleeding936,3_trunk_disease,1,1,0,1.0,0.7311,1
StemBleeding937,3_trunk_disease,1,1,0,1.0,0.7311,1
StemBleeding938,3_trunk_disease,1,1,0,1.0,0.7311,1
StemBleeding939,3_trunk_disease,1,1,0,1.0,0.7311,1
StemBleeding940,3_trunk_disease,1,1,0,1.0,0.7311,1
StemBleeding941,3_trunk_disease,1,1,0,1.0,0.7311,1
StemBleeding942,3_trunk_disease,1,1,0,1.0,0.7311,1
StemBleeding943,3_trunk_disease,1,1,0,1.0,0.7311,1
StemBleeding944,3_trunk_disease,1,1,0,1.0,0.7311,1
StemBleeding945,3_trunk_disease,1,1,0,1.0,0.7311,1
StemBleeding946,3_trunk_disease,1,1,0,1.0,0.7311,1
StemBleeding947,3_trunk_disease,1,1,0,1.0,0.7311,1
StemBleeding948,3_trunk_disease,1,1,0,1.0,0.7311,1
StemBleeding949,3_trunk_disease,1,1,0,1.0,0.7311,1
StemBleeding950,3_trunk_disease,1,1,0,1.0,0.7311,1
StemBleeding951,3_trunk_disease,1,1,0,1.0,0.7311,1
StemBleeding952,3_trunk_disease,1,1,0,1.0,0.7311,1
StemBleeding953,3_trunk_disease,1,1,0,1.0,0.7311,1
StemBleeding954,3_trunk_disease,1,1,0,1.0,0.7311,1
StemBleeding955,3_trunk_disease,1,1,0,1.0,0.7311,1
StemBleeding956,3_trunk_disease,1,1,0,1.0,0.7311,1
StemBleeding957,3_trunk_disease,1,1,0,1.0,0.7311,1
StemBleeding958,3_trunk_disease,1,1,0,1.0,0.7311,1
StemBleeding959,3_trunk_disease,1,1,0,1.0,0.7311,1
StemBleeding960,3_trunk_disease,1,1,0,1.0,0.7311,1
StemBleeding961,3_trunk_disease,1,1,0,1.0,0.7311,1
StemBleeding962,3_trunk_disease,1,1,0,1.0,0.7311,1
StemBleeding963,3_trunk_disease,1,1,0,1.0,0.7311,1
StemBleeding964,3_trunk_disease,1,1,0,1.0,0.7311,1
StemBleeding965,3_trunk_disease,1,1,0,1.0,0.7311,1
StemBleeding966,3_trunk_disease,1,1,0,1.0,0.7311,1
StemBleeding967,3_trunk_disease,1,1,0,1.0,0.7311,1
StemBleeding968,3_trunk_disease,1,1,0,1.0,0.7311,1
StemBleeding969,3_trunk_disease,1,1,0,1.0,0.7311,1
StemBleeding970,3_trunk_disease,1,1,0,1.0,0.7311,1
StemBleeding971,3_trunk_disease,1,1,0,1.0,0.7311,1
StemBleeding972,3_trunk_disease,1,1,0,1.0,0.7311,1
StemBleeding973,3_trunk_disease,1,1,0,1.0,0.7311,1
StemBleeding974,3_trunk_disease,1,1,0,1.0,0.7311,1
StemBleeding975,3_trunk_disease,1,1,0,1.0,0.7311,1
StemBleeding976,3_trunk_disease,1,1,0,1.0,0.7311,1
StemBleeding977,3_trunk_disease,1,1,0,1.0,0.7311,1
StemBleeding978,3_trunk_disease,1,1,0,1.0,0.7311,1
StemBleeding979,3_trunk_disease,1,1,0,1.0,0.7311,1
StemBleeding980,3_trunk_disease,1,1,0,1.0,0.7311,1
StemBleeding981,3_trunk_disease,1,1,0,1.0,0.7311,1
StemBleeding982,3_trunk_disease,1,1,0,1.0,0.7311,1
StemBleeding983,3_trunk_disease,1,1,0,1.0,0.7311,1
StemBleeding984,3_trunk_disease,1,1,0,1.0,0.7311,1
StemBleeding985,3_trunk_disease,1,1,0,1.0,0.7311,1
StemBleeding986,3_trunk_disease,1,1,0,1.0,0.7311,1
StemBleeding987,3_trunk_disease,1,1,0,1.0,0.7311,1
StemBleeding988,3_trunk_disease,1,1,0,1.0,0.7311,1
StemBleeding989,3_trunk_disease,1,1,0,1.0,0.7311,1
StemBleeding990,3_trunk_disease,1,1,0,1.0,0.7311,1
StemBleeding991,3_trunk_disease,1,1,0,1.0,0.7311,1
StemBleeding992,3_trunk_disease,1,1,0,1.0,0.7311,1
StemBleeding993,3_trunk_disease,1,1,0,1.0,0.7311,1
StemBleeding994,3_trunk_disease,1,1,0,1.0,0.7311,1
StemBleeding995,3_trunk_disease,1,1,0,1.0,0.7311,1
StemBleeding996,3_trunk_disease,1,1,0,1.0,0.7311,1
StemBleeding997,3_trunk_disease,1,1,0,1.0,0.7311,1
StemBleeding998,3_trunk_disease,1,1,0,1.0,0.7311,1
StemBleeding999,3_trunk_disease,1,1,0,1.0,0.7311,1
