image_id,source,path,gt_class,gt_task,pred_class,pred_task,conf,fold,p_gls,p_leafrot,p_stembleed,p_budrot,p_budroot
GrayLeafSpot001,coconut-tree-disease,Dataset/Coconut Tree Disease Dataset/Gray Leaf Spot/GrayLeafSpot001.jpg,gls,2_foliar_disease,,,,4,,,,,
GrayLeafSpot002,coconut-tree-disease,Dataset/Coconut Tree Disease Dataset/Gray Leaf Spot/GrayLeafSpot002.jpg,gls,2_foliar_disease,,,,1,,,,,
GrayLeafSpot003,coconut-tree-disease,Dataset/Coconut Tree Disease Dataset/Gray Leaf Spot/GrayLeafSpot003.jpg,gls,2_foliar_disease,,,,3,,,,,
GrayLeafSpot004,coconut-tree-disease,Dataset/Coconut Tree Disease Dataset/Gray Leaf Spot/GrayLeafSpot004.jpg,gls,2_foliar_disease,,,,0,,,,,
GrayLeafSpot005,coconut-tree-disease,Dataset/Coconut Tree Disease Dataset/Gray Leaf Spot/GrayLeafSpot005.jpg,gls,2_foliar_disease,,,,3,,,,,
GrayLeafSpot006,coconut-tree-disease,Dataset/Coconut Tree Disease Dataset/Gray Leaf Spot/GrayLeafSpot006.jpg,gls,2_foliar_disease,,,,4,,,,,
GrayLeafSpot007,coconut-tree-disease,Dataset/Coconut Tree Disease Dataset/Gray Leaf Spot/GrayLeafSpot007.jpg,gls,2_foliar_disease,,,,0,,,,,
GrayLeafSpot008,coconut-tree-disease,Dataset/Coconut Tree Disease Dataset/Gray Leaf Spot/GrayLeafSpot008.jpg,gls,2_foliar_disease,,,,4,,,,,
GrayLeafSpot009,coconut-tree-disease,Dataset/Coconut Tree Disease Dataset/Gray Leaf Spot/GrayLeafSpot009.jpg,gls,2_foliar_disease,,,,1,,,,,
GrayLeafSpot010,coconut-tree-disease,Dataset/Coconut Tree Disease Dataset/Gray Leaf Spot/GrayLeafSpot010.jpg,gls,2_foliar_disease,,,,2,,,,,
GrayLeafSpot011,coconut-tree-disease,Dataset/Coconut Tree Disease Dataset/Gray Leaf Spot/GrayLeafSpot011.jpg,gls,2_foliar_disease,,,,1,,,,,
GrayLeafSpot012,coconut-tree-disease,Dataset/Coconut Tree Disease Dataset/Gray Leaf Spot/GrayLeafSpot012.jpg,gls,2_foliar_disease,,,,4,,,,,
GrayLeafSpot013,coconut-tree-disease,Dataset/Coconut Tree Disease Dataset/Gray Leaf Spot/GrayLeafSpot013.jpg,gls,2_foliar_disease,,,,3,,,,,
GrayLeafSpot014,coconut-tree-disease,Dataset/Coconut Tree Disease Dataset/Gray Leaf Spot/GrayLeafSpot014.jpg,gls,2_foliar_disease,,,,4,,,,,
GrayLeafSpot015,coconut-tree-disease,Dataset/Coconut Tree Disease Dataset/Gray Leaf Spot/GrayLeafSpot015.jpg,gls,2_foliar_disease,,,,3,,,,,
GrayLeafSpot016,coconut-tree-disease,Dataset/Coconut Tree Disease Dataset/Gray Leaf Spot/GrayLeafSpot016.jpg,gls,2_foliar_disease,,,,0,,,,,
GrayLeafSpot017,coconut-tree-disease,Dataset/Coconut Tree Disease Dataset/Gray Leaf Spot/GrayLeafSpot017.jpg,gls,2_foliar_disease,,,,4,,,,,
GrayLeafSpot018,coconut-tree-disease,Dataset/Coconut Tree Disease Dataset/Gray Leaf Spot/GrayLeafSpot018.jpg,gls,2_foliar_disease,,,,4,,,,,
GrayLeafSpot019,coconut-tree-disease,Dataset/Coconut Tree Disease Dataset/Gray Leaf Spot/GrayLeafSpot019.jpg,gls,2_foliar_disease,,,,4,,,,,
GrayLeafSpot020,coconut-tree-disease,Dataset/Coconut Tree Disease Dataset/Gray Leaf Spot/GrayLeafSpot020.jpg,gls,2_foliar_disease,,,,0,,,,,
GrayLeafSpot021,coconut-tree-disease,Dataset/Coconut Tree Disease Dataset/Gray Leaf Spot/GrayLeafSpot021.jpg,gls,2_foliar_disease,,,,3,,,,,
GrayLeafSpot022,coconut-tree-disease,Dataset/Coconut Tree Disease Dataset/Gray Leaf Spot/GrayLeafSpot022.jpg,gls,2_foliar_disease,,,,2,,,,,
GrayLeafSpot023,coconut-tree-disease,Dataset/Coconut Tree Disease Dataset/Gray Leaf Spot/GrayLeafSpot023.jpg,gls,2_foliar_disease,,,,0,,,,,
GrayLeafSpot024,coconut-tree-disease,Dataset/Coconut Tree Disease Dataset/Gray Leaf Spot/GrayLeafSpot024.jpg,gls,2_foliar_disease,,,,0,,,,,
GrayLeafSpot025,coconut-tree-disease,Dataset/Coconut Tree Disease Dataset/Gray Leaf Spot/GrayLeafSpot025.jpg,gls,2_foliar_disease,,,,3,,,,,
GrayLeafSpot026,coconut-tree-disease,Dataset/Coconut Tree Disease Dataset/Gray Leaf Spot/GrayLeafSpot026.jpg,gls,2_foliar_disease,,,,0,,,,,
GrayLeafSpot027,coconut-tree-disease,Dataset/Coconut Tree Disease Dataset/Gray Leaf Spot/GrayLeafSpot027.jpg,gls,2_foliar_disease,,,,3,,,,,
GrayLeafSpot028,coconut-tree-disease,Dataset/Coconut Tree Disease Dataset/Gray Leaf Spot/GrayLeafSpot028.jpg,gls,2_foliar_disease,,,,3,,,,,
GrayLeafSpot029,coconut-tree-disease,Dataset/Coconut Tree Disease Dataset/Gray Leaf Spot/GrayLeafSpot029.jpg,gls,2_foliar_disease,,,,2,,,,,
GrayLeafSpot030,coconut-tree-disease,Dataset/Coconut Tree Disease Dataset/Gray Leaf Spot/GrayLeafSpot030.jpg,gls,2_foliar_disease,,,,4,,,,,
GrayLeafSpot031,coconut-tree-disease,Dataset/Coconut Tree Disease Dataset/Gray Leaf Spot/GrayLeafSpot031.jpg,gls,2_foliar_disease,,,,4,,,,,
GrayLeafSpot032,coconut-tree-disease,Dataset/Coconut Tree Disease Dataset/Gray Leaf Spot/GrayLeafSpot032.jpg,gls,2_foliar_disease,,,,4,,,,,
GrayLeafSpot033,coconut-tree-disease,Dataset/Coconut Tree Disease Dataset/Gray Leaf Spot/GrayLeafSpot033.jpg,gls,2_foliar_disease,,,,4,,,,,
GrayLeafSpot034,coconut-tree-disease,Dataset/Coconut Tree Disease Dataset/Gray Leaf Spot/GrayLeafSpot034.jpg,gls,2_foliar_disease,,,,2,,,,,
GrayLeafSpot035,coconut-tree-disease,Dataset/Coconut Tree Disease Dataset/Gray Leaf Spot/GrayLeafSpot035.jpg,gls,2_foliar_disease,,,,0,,,,,
GrayLeafSpot036,coconut-tree-disease,Dataset/Coconut Tree Disease Dataset/Gray Leaf Spot/GrayLeafSpot036.jpg,gls,2_foliar_disease,,,,0,,,,,
GrayLeafSpot037,coconut-tree-disease,Dataset/Coconut Tree Disease Dataset/Gray Leaf Spot/GrayLeafSpot037.jpg,gls,2_foliar_disease,,,,3,,,,,
GrayLeafSpot038,coconut-tree-disease,Dataset/Coconut Tree Disease Dataset/Gray Leaf Spot/GrayLeafSpot038.jpg,gls,2_foliar_disease,,,,2,,,,,
GrayLeafSpot039,coconut-tree-disease,Dataset/Coconut Tree Disease Dataset/Gray Leaf Spot/GrayLeafSpot039.jpg,gls,2_foliar_disease,,,,2,,,,,
GrayLeafSpot040,coconut-tree-disease,Dataset/Coconut Tree Disease Dataset/Gray Leaf Spot/GrayLeafSpot040.jpg,gls,2_foliar_disease,,,,0,,,,,
GrayLeafSpot041,coconut-tree-disease,Dataset/Coconut Tree Disease Dataset/Gray Leaf Spot/GrayLeafSpot041.jpg,gls,2_foliar_disease,,,,3,,,,,
GrayLeafSpot042,coconut-tree-disease,Dataset/Coconut Tree Disease Dataset/Gray Leaf Spot/GrayLeafSpot042.jpg,gls,2_foliar_disease,,,,2,,,,,
GrayLeafSpot043,coconut-tree-disease,Dataset/Coconut Tree Disease Dataset/Gray Leaf Spot/GrayLeafSpot043.jpg,gls,2_foliar_disease,,,,1,,,,,
GrayLeafSpot044,coconut-tree-disease,Dataset/Coconut Tree Disease Dataset/Gray Leaf Spot/GrayLeafSpot044.jpg,gls,2_foliar_disease,,,,4,,,,,
GrayLeafSpot045,coconut-tree-disease,Dataset/Coconut Tree Disease Dataset/Gray Leaf Spot/GrayLeafSpot045.jpg,gls,2_foliar_disease,,,,3,,,,,
GrayLeafSpot046,coconut-tree-disease,Dataset/Coconut Tree Disease Dataset/Gray Leaf Spot/GrayLeafSpot046.jpg,gls,2_foliar_disease,,,,1,,,,,
GrayLeafSpot047,coconut-tree-disease,Dataset/Coconut Tree Disease Dataset/Gray Leaf Spot/GrayLeafSpot047.jpg,gls,2_foliar_disease,,,,0,,,,,
GrayLeafSpot048,coconut-tree-disease,Dataset/Coconut Tree Disease Dataset/Gray Leaf Spot/GrayLeafSpot048.jpg,gls,2_foliar_disease,,,,4,,,,,
GrayLeafSpot049,coconut-tree-disease,Dataset/Coconut Tree Disease Dataset/Gray Leaf Spot/GrayLeafSpot049.jpg,gls,2_foliar_disease,,,,4,,,,,
GrayLeafSpot050,coconut-tree-disease,Dataset/Coconut Tree Disease Dataset/Gray Leaf Spot/GrayLeafSpot050.jpg,gls,2_foliar_disease,,,,1,,,,,
GrayLeafSpot051,coconut-tree-disease,Dataset/Coconut Tree Disease Dataset/Gray Leaf Spot/GrayLeafSpot051.jpg,gls,2_foliar_disease,,,,2,,,,,
GrayLeafSpot052,coconut-tree-disease,Dataset/Coconut Tree Disease Dataset/Gray Leaf Spot/GrayLeafSpot052.jpg,gls,2_foliar_disease,,,,3,,,,,
GrayLeafSpot053,coconut-tree-disease,Dataset/Coconut Tree Disease Dataset/Gray Leaf Spot/GrayLeafSpot053.jpg,gls,2_foliar_disease,,,,0,,,,,
GrayLeafSpot054,coconut-tree-disease,Dataset/Coconut Tree Disease Dataset/Gray Leaf Spot/GrayLeafSpot054.jpg,gls,2_foliar_disease,,,,0,,,,,
GrayLeafSpot055,coconut-tree-disease,Dataset/Coconut Tree Disease Dataset/Gray Leaf Spot/GrayLeafSpot055.jpg,gls,2_foliar_disease,,,,0,,,,,
GrayLeafSpot056,coconut-tree-disease,Dataset/Coconut Tree Disease Dataset/Gray Leaf Spot/GrayLeafSpot056.jpg,gls,2_foliar_disease,,,,1,,,,,
GrayLeafSpot057,coconut-tree-disease,Dataset/Coconut Tree Disease Dataset/Gray Leaf Spot/GrayLeafSpot057.jpg,gls,2_foliar_disease,,,,2,,,,,
GrayLeafSpot058,coconut-tree-disease,Dataset/Coconut Tree Disease Dataset/Gray Leaf Spot/GrayLeafSpot058.jpg,gls,2_foliar_disease,,,,4,,,,,
GrayLeafSpot059,coconut-tree-disease,Dataset/Coconut Tree Disease Dataset/Gray Leaf Spot/GrayLeafSpot059.jpg,gls,2_foliar_disease,,,,3,,,,,
GrayLeafSpot060,coconut-tree-disease,Dataset/Coconut Tree Disease Dataset/Gray Leaf Spot/GrayLeafSpot060.jpg,gls,2_foliar_disease,,,,0,,,,,
GrayLeafSpot061,coconut-tree-disease,Dataset/Coconut Tree Disease Dataset/Gray Leaf Spot/GrayLeafSpot061.jpg,gls,2_foliar_disease,,,,4,,,,,
GrayLeafSpot062,coconut-tree-disease,Dataset/Coconut Tree Disease Dataset/Gray Leaf Spot/GrayLeafSpot062.jpg,gls,2_foliar_disease,,,,3,,,,,
GrayLeafSpot063,coconut-tree-disease,Dataset/Coconut Tree Disease Dataset/Gray Leaf Spot/GrayLeafSpot063.jpg,gls,2_foliar_disease,,,,2,,,,,
GrayLeafSpot064,coconut-tree-disease,Dataset/Coconut Tree Disease Dataset/Gray Leaf Spot/GrayLeafSpot064.jpg,gls,2_foliar_disease,,,,3,,,,,
GrayLeafSpot065,coconut-tree-disease,Dataset/Coconut Tree Disease Dataset/Gray Leaf Spot/GrayLeafSpot065.jpg,gls,2_foliar_disease,,,,4,,,,,
GrayLeafSpot066,coconut-tree-disease,Dataset/Coconut Tree Disease Dataset/Gray Leaf Spot/GrayLeafSpot066.jpg,gls,2_foliar_disease,,,,1,,,,,
GrayLeafSpot067,coconut-tree-disease,Dataset/Coconut Tree Disease Dataset/Gray Leaf Spot/GrayLeafSpot067.jpg,gls,2_foliar_disease,,,,4,,,,,
GrayLeafSpot068,coconut-tree-disease,Dataset/Coconut Tree Disease Dataset/Gray Leaf Spot/GrayLeafSpot068.jpg,gls,2_foliar_disease,,,,1,,,,,
GrayLeafSpot069,coconut-tree-disease,Dataset/Coconut Tree Disease Dataset/Gray Leaf Spot/GrayLeafSpot069.jpg,gls,2_foliar_disease,,,,0,,,,,
GrayLeafSpot070,coconut-tree-disease,Dataset/Coconut Tree Disease Dataset/Gray Leaf Spot/GrayLeafSpot070.jpg,gls,2_foliar_disease,,,,2,,,,,
GrayLeafSpot071,coconut-tree-disease,Dataset/Coconut Tree Disease Dataset/Gray Leaf Spot/GrayLeafSpot071.jpg,gls,2_foliar_disease,,,,4,,,,,
GrayLeafSpot072,coconut-tree-disease,Dataset/Coconut Tree Disease Dataset/Gray Leaf Spot/GrayLeafSpot072.jpg,gls,2_foliar_disease,,,,1,,,,,
GrayLeafSpot073,coconut-tree-disease,Dataset/Coconut Tree Disease Dataset/Gray Leaf Spot/GrayLeafSpot073.jpg,gls,2_foliar_disease,,,,3,,,,,
GrayLeafSpot074,coconut-tree-disease,Dataset/Coconut Tree Disease Dataset/Gray Leaf Spot/GrayLeafSpot074.jpg,gls,2_foliar_disease,,,,4,,,,,
GrayLeafSpot075,coconut-tree-disease,Dataset/Coconut Tree Disease Dataset/Gray Leaf Spot/GrayLeafSpot075.jpg,gls,2_foliar_disease,,,,2,,,,,
GrayLeafSpot076,coconut-tree-disease,Dataset/Coconut Tree Disease Dataset/Gray Leaf Spot/GrayLeafSpot076.jpg,gls,2_foliar_disease,,,,3,,,,,
GrayLeafSpot077,coconut-tree-disease,Dataset/Coconut Tree Disease Dataset/Gray Leaf Spot/GrayLeafSpot077.jpg,gls,2_foliar_disease,,,,0,,,,,
GrayLeafSpot078,coconut-tree-disease,Dataset/Coconut Tree Disease Dataset/Gray Leaf Spot/GrayLeafSpot078.jpg,gls,2_foliar_disease,,,,0,,,,,
GrayLeafSpot079,coconut-tree-disease,Dataset/Coconut Tree Disease Dataset/Gray Leaf Spot/GrayLeafSpot079.jpg,gls,2_foliar_disease,,,,1,,,,,
GrayLeafSpot080,coconut-tree-disease,Dataset/Coconut Tree Disease Dataset/Gray Leaf Spot/GrayLeafSpot080.jpg,gls,2_foliar_disease,,,,4,,,,,
GrayLeafSpot081,coconut-tree-disease,Dataset/Coconut Tree Disease Dataset/Gray Leaf Spot/GrayLeafSpot081.jpg,gls,2_foliar_disease,,,,3,,,,,
GrayLeafSpot082,coconut-tree-disease,Dataset/Coconut Tree Disease Dataset/Gray Leaf Spot/GrayLeafSpot082.jpg,gls,2_foliar_disease,,,,0,,,,,
GrayLeafSpot083,coconut-tree-disease,Dataset/Coconut Tree Disease Dataset/Gray Leaf Spot/GrayLeafSpot083.jpg,gls,2_foliar_disease,,,,1,,,,,
GrayLeafSpot084,coconut-tree-disease,Dataset/Coconut Tree Disease Dataset/Gray Leaf Spot/GrayLeafSpot084.jpg,gls,2_foliar_disease,,,,4,,,,,
GrayLeafSpot085,coconut-tree-disease,Dataset/Coconut Tree Disease Dataset/Gray Leaf Spot/GrayLeafSpot085.jpg,gls,2_foliar_disease,,,,4,,,,,
GrayLeafSpot086,coconut-tree-disease,Dataset/Coconut Tree Disease Dataset/Gray Leaf Spot/GrayLeafSpot086.jpg,gls,2_foliar_disease,,,,2,,,,,
GrayLeafSpot087,coconut-tree-disease,Dataset/Coconut Tree Disease Dataset/Gray Leaf Spot/GrayLeafSpot087.jpg,gls,2_foliar_disease,,,,2,,,,,
GrayLeafSpot088,coconut-tree-disease,Dataset/Coconut Tree Disease Dataset/Gray Leaf Spot/GrayLeafSpot088.jpg,gls,2_foliar_disease,,,,3,,,,,
GrayLeafSpot089,coconut-tree-disease,Dataset/Coconut Tree Disease Dataset/Gray Leaf Spot/GrayLeafSpot089.jpg,gls,2_foliar_disease,,,,0,,,,,
GrayLeafSpot090,coconut-tree-disease,Dataset/Coconut Tree Disease Dataset/Gray Leaf Spot/GrayLeafSpot090.jpg,gls,2_foliar_disease,,,,2,,,,,
GrayLeafSpot091,coconut-tree-disease,Dataset/Coconut Tree Disease Dataset/Gray Leaf Spot/GrayLeafSpot091.jpg,gls,2_foliar_disease,,,,3,,,,,
GrayLeafSpot092,coconut-tree-disease,Dataset/Coconut Tree Disease Dataset/Gray Leaf Spot/GrayLeafSpot092.jpg,gls,2_foliar_disease,,,,4,,,,,
GrayLeafSpot093,coconut-tree-disease,Dataset/Coconut Tree Disease Dataset/Gray Leaf Spot/GrayLeafSpot093.jpg,gls,2_foliar_disease,,,,2,,,,,
GrayLeafSpot094,coconut-tree-disease,Dataset/Coconut Tree Disease Dataset/Gray Leaf Spot/GrayLeafSpot094.jpg,gls,2_foliar_disease,,,,1,,,,,
GrayLeafSpot095,coconut-tree-disease,Dataset/Coconut Tree Disease Dataset/Gray Leaf Spot/GrayLeafSpot095.jpg,gls,2_foliar_disease,,,,0,,,,,
GrayLeafSpot096,coconut-tree-disease,Dataset/Coconut Tree Disease Dataset/Gray Leaf Spot/GrayLeafSpot096.jpg,gls,2_foliar_disease,,,,1,,,,,
GrayLeafSpot097,coconut-tree-disease,Dataset/Coconut Tree Disease Dataset/Gray Leaf Spot/GrayLeafSpot097.jpg,gls,2_foliar_disease,,,,0,,,,,
GrayLeafSpot098,coconut-tree-disease,Dataset/Coconut Tree Disease Dataset/Gray Leaf Spot/GrayLeafSpot098.jpg,gls,2_foliar_disease,,,,1,,,,,
GrayLeafSpot099,coconut-tree-disease,Dataset/Coconut Tree Disease Dataset/Gray Leaf Spot/GrayLeafSpot099.jpg,gls,2_foliar_disease,,,,0,,,,,
GrayLeafSpot100,coconut-tree-disease,Dataset/Coconut Tree Disease Dataset/Gray Leaf Spot/GrayLeafSpot100.jpg,gls,2_foliar_disease,,,,3,,,,,
GrayLeafSpot1000,coconut-tree-disease,Dataset/Coconut Tree Disease Dataset/Gray Leaf Spot/GrayLeafSpot1000.jpg,gls,2_foliar_disease,,,,3,,,,,
GrayLeafSpot1001,coconut-tree-disease,Dataset/Coconut Tree Disease Dataset/Gray Leaf Spot/GrayLeafSpot1001.jpg,gls,2_foliar_disease,,,,1,,,,,
GrayLeafSpot1002,coconut-tree-disease,Dataset/Coconut Tree Disease Dataset/Gray Leaf Spot/GrayLeafSpot1002.jpg,gls,2_foliar_disease,,,,2,,,,,
GrayLeafSpot1003,coconut-tree-disease,Dataset/Coconut Tree Disease Dataset/Gray Leaf Spot/GrayLeafSpot1003.jpg,gls,2_foliar_disease,,,,1,,,,,
GrayLeafSpot1004,coconut-tree-disease,Dataset/Coconut Tree Disease Dataset/Gray Leaf Spot/GrayLeafSpot1004.jpg,gls,2_foliar_disease,,,,0,,,,,
GrayLeafSpot1005,coconut-tree-disease,Dataset/Coconut Tree Disease Dataset/Gray Leaf Spot/GrayLeafSpot1005.jpg,gls,2_foliar_disease,,,,2,,,,,
GrayLeafSpot1006,coconut-tree-disease,Dataset/Coconut Tree Disease Dataset/Gray Leaf Spot/GrayLeafSpot1006.jpg,gls,2_foliar_disease,,,,4,,,,,
GrayLeafSpot1007,coconut-tree-disease,Dataset/Coconut Tree Disease Dataset/Gray Leaf Spot/GrayLeafSpot1007.jpg,gls,2_foliar_disease,,,,2,,,,,
GrayLeafSpot1008,coconut-tree-disease,Dataset/Coconut Tree Disease Dataset/Gray Leaf Spot/GrayLeafSpot1008.jpg,gls,2_foliar_disease,,,,3,,,,,
GrayLeafSpot1009,coconut-tree-disease,Dataset/Coconut Tree Disease Dataset/Gray Leaf Spot/GrayLeafSpot1009.jpg,gls,2_foliar_disease,,,,3,,,,,
GrayLeafSpot101,coconut-tree-disease,Dataset/Coconut Tree Disease Dataset/Gray Leaf Spot/GrayLeafSpot101.jpg,gls,2_foliar_disease,,,,4,,,,,
GrayLeafSpot1010,coconut-tree-disease,Dataset/Coconut Tree Disease Dataset/Gray Leaf Spot/GrayLeafSpot1010.jpg,gls,2_foliar_disease,,,,3,,,,,
GrayLeafSpot1011,coconut-tree-disease,Dataset/Coconut Tree Disease Dataset/Gray Leaf Spot/GrayLeafSpot1011.jpg,gls,2_foliar_disease,,,,0,,,,,
GrayLeafSpot1012,coconut-tree-disease,Dataset/Coconut Tree Disease Dataset/Gray Leaf Spot/GrayLeafSpot1012.jpg,gls,2_foliar_disease,,,,1,,,,,
GrayLeafSpot1013,coconut-tree-disease,Dataset/Coconut Tree Disease Dataset/Gray Leaf Spot/GrayLeafSpot1013.jpg,gls,2_foliar_disease,,,,3,,,,,
GrayLeafSpot1014,coconut-tree-disease,Dataset/Coconut Tree Disease Dataset/Gray Leaf Spot/GrayLeafSpot1014.jpg,gls,2_foliar_disease,,,,2,,,,,
GrayLeafSpot1015,coconut-tree-disease,Dataset/Coconut Tree Disease Dataset/Gray Leaf Spot/GrayLeafSpot1015.jpg,gls,2_foliar_disease,,,,3,,,,,
GrayLeafSpot1016,coconut-tree-disease,Dataset/Coconut Tree Disease Dataset/Gray Leaf Spot/GrayLeafSpot1016.jpg,gls,2_foliar_disease,,,,0,,,,,
GrayLeafSpot1017,coconut-tree-disease,Dataset/Coconut Tree Disease Dataset/Gray Leaf Spot/GrayLeafSpot1017.jpg,gls,2_foliar_disease,,,,3,,,,,
GrayLeafSpot1018,coconut-tree-disease,Dataset/Coconut Tree Disease Dataset/Gray Leaf Spot/GrayLeafSpot1018.jpg,gls,2_foliar_disease,,,,1,,,,,
GrayLeafSpot1019,coconut-tree-disease,Dataset/Coconut Tree Disease Dataset/Gray Leaf Spot/GrayLeafSpot1019.jpg,gls,2_foliar_disease,,,,0,,,,,
GrayLeafSpot102,coconut-tree-disease,Dataset/Coconut Tree Disease Dataset/Gray Leaf Spot/GrayLeafSpot102.jpg,gls,2_foliar_disease,,,,2,,,,,
GrayLeafSpot1020,coconut-tree-disease,Dataset/Coconut Tree Disease Dataset/Gray Leaf Spot/GrayLeafSpot1020.jpg,gls,2_foliar_disease,,,,4,,,,,
GrayLeafSpot1021,coconut-tree-disease,Dataset/Coconut Tree Disease Dataset/Gray Leaf Spot/GrayLeafSpot1021.jpg,gls,2_foliar_disease,,,,2,,,,,
GrayLeafSpot1022,coconut-tree-disease,Dataset/Coconut Tree Disease Dataset/Gray Leaf Spot/GrayLeafSpot1022.jpg,gls,2_foliar_disease,,,,2,,,,,
GrayLeafSpot1023,coconut-tree-disease,Dataset/Coconut Tree Disease Dataset/Gray Leaf Spot/GrayLeafSpot1023.jpg,gls,2_foliar_disease,,,,3,,,,,
GrayLeafSpot1024,coconut-tree-disease,Dataset/Coconut Tree Disease Dataset/Gray Leaf Spot/GrayLeafSpot1024.jpg,gls,2_foliar_disease,,,,4,,,,,
GrayLeafSpot1025,coconut-tree-disease,Dataset/Coconut Tree Disease Dataset/Gray Leaf Spot/GrayLeafSpot1025.jpg,gls,2_foliar_disease,,,,3,,,,,
GrayLeafSpot1026,coconut-tree-disease,Dataset/Coconut Tree Disease Dataset/Gray Leaf Spot/GrayLeafSpot1026.jpg,gls,2_foliar_disease,,,,0,,,,,
GrayLeafSpot1027,coconut-tree-disease,Dataset/Coconut Tree Disease Dataset/Gray Leaf Spot/GrayLeafSpot1027.jpg,gls,2_foliar_disease,,,,1,,,,,
GrayLeafSpot1028,coconut-tree-disease,Dataset/Coconut Tree Disease Dataset/Gray Leaf Spot/GrayLeafSpot1028.jpg,gls,2_foliar_disease,,,,0,,,,,
GrayLeafSpot1029,coconut-tree-disease,Dataset/Coconut Tree Disease Dataset/Gray Leaf Spot/GrayLeafSpot1029.jpg,gls,2_foliar_disease,,,,1,,,,,
GrayLeafSpot103,coconut-tree-disease,Dataset/Coconut Tree Disease Dataset/Gray Leaf Spot/GrayLeafSpot103.jpg,gls,2_foliar_disease,,,,1,,,,,
GrayLeafSpot1030,coconut-tree-disease,Dataset/Coconut Tree Disease Dataset/Gray Leaf Spot/GrayLeafSpot1030.jpg,gls,2_foliar_disease,,,,2,,,,,
GrayLeafSpot1031,coconut-tree-disease,Dataset/Coconut Tree Disease Dataset/Gray Leaf Spot/GrayLeafSpot1031.jpg,gls,2_foliar_disease,,,,2,,,,,
GrayLeafSpot1032,coconut-tree-disease,Dataset/Coconut Tree Disease Dataset/Gray Leaf Spot/GrayLeafSpot1032.jpg,gls,2_foliar_disease,,,,0,,,,,
GrayLeafSpot1033,coconut-tree-disease,Dataset/Coconut Tree Disease Dataset/Gray Leaf Spot/GrayLeafSpot1033.jpg,gls,2_foliar_disease,,,,3,,,,,
GrayLeafSpot1034,coconut-tree-disease,Dataset/Coconut Tree Disease Dataset/Gray Leaf Spot/GrayLeafSpot1034.jpg,gls,2_foliar_disease,,,,3,,,,,
GrayLeafSpot1035,coconut-tree-disease,Dataset/Coconut Tree Disease Dataset/Gray Leaf Spot/GrayLeafSpot1035.jpg,gls,2_foliar_disease,,,,4,,,,,
GrayLeafSpot1036,coconut-tree-disease,Dataset/Coconut Tree Disease Dataset/Gray Leaf Spot/GrayLeafSpot1036.jpg,gls,2_foliar_disease,,,,2,,,,,
GrayLeafSpot1037,coconut-tree-disease,Dataset/Coconut Tree Disease Dataset/Gray Leaf Spot/GrayLeafSpot1037.jpg,gls,2_foliar_disease,,,,0,,,,,
GrayLeafSpot1038,coconut-tree-disease,Dataset/Coconut Tree Disease Dataset/Gray Leaf Spot/GrayLeafSpot1038.jpg,gls,2_foliar_disease,,,,4,,,,,
GrayLeafSpot1039,coconut-tree-disease,Dataset/Coconut Tree Disease Dataset/Gray Leaf Spot/GrayLeafSpot1039.jpg,gls,2_foliar_disease,,,,2,,,,,
GrayLeafSpot104,coconut-tree-disease,Dataset/Coconut Tree Disease Dataset/Gray Leaf Spot/GrayLeafSpot104.jpg,gls,2_foliar_disease,,,,0,,,,,
GrayLeafSpot1040,coconut-tree-disease,Dataset/Coconut Tree Disease Dataset/Gray Leaf Spot/GrayLeafSpot1040.jpg,gls,2_foliar_disease,,,,3,,,,,
GrayLeafSpot1041,coconut-tree-disease,Dataset/Coconut Tree Disease Dataset/Gray Leaf Spot/GrayLeafSpot1041.jpg,gls,2_foliar_disease,,,,2,,,,,
GrayLeafSpot1042,coconut-tree-disease,Dataset/Coconut Tree Disease Dataset/Gray Leaf Spot/GrayLeafSpot1042.jpg,gls,2_foliar_disease,,,,4,,,,,
GrayLeafSpot1043,coconut-tree-disease,Dataset/Coconut Tree Disease Dataset/Gray Leaf Spot/GrayLeafSpot1043.jpg,gls,2_foliar_disease,,,,1,,,,,
GrayLeafSpot1044,coconut-tree-disease,Dataset/Coconut Tree Disease Dataset/Gray Leaf Spot/GrayLeafSpot1044.jpg,gls,2_foliar_disease,,,,3,,,,,
GrayLeafSpot1045,coconut-tree-disease,Dataset/Coconut Tree Disease Dataset/Gray Leaf Spot/GrayLeafSpot1045.jpg,gls,2_foliar_disease,,,,3,,,,,
GrayLeafSpot1046,coconut-tree-disease,Dataset/Coconut Tree Disease Dataset/Gray Leaf Spot/GrayLeafSpot1046.jpg,gls,2_foliar_disease,,,,1,,,,,
GrayLeafSpot1047,coconut-tree-disease,Dataset/Coconut Tree Disease Dataset/Gray Leaf Spot/GrayLeafSpot1047.jpg,gls,2_foliar_disease,,,,1,,,,,
GrayLeafSpot1048,coconut-tree-disease,Dataset/Coconut Tree Disease Dataset/Gray Leaf Spot/GrayLeafSpot1048.jpg,gls,2_foliar_disease,,,,4,,,,,
GrayLeafSpot1049,coconut-tree-disease,Dataset/Coconut Tree Disease Dataset/Gray Leaf Spot/GrayLeafSpot1049.jpg,gls,2_foliar_disease,,,,3,,,,,
GrayLeafSpot105,coconut-tree-disease,Dataset/Coconut Tree Disease Dataset/Gray Leaf Spot/GrayLeafSpot105.jpg,gls,2_foliar_disease,,,,3,,,,,
GrayLeafSpot1050,coconut-tree-disease,Dataset/Coconut Tree Disease Dataset/Gray Leaf Spot/GrayLeafSpot1050.jpg,gls,2_foliar_disease,,,,0,,,,,
GrayLeafSpot1051,coconut-tree-disease,Dataset/Coconut Tree Disease Dataset/Gray Leaf Spot/GrayLeafSpot1051.jpg,gls,2_foliar_disease,,,,0,,,,,
GrayLeafSpot1052,coconut-tree-disease,Dataset/Coconut Tree Disease Dataset/Gray Leaf Spot/GrayLeafSpot1052.jpg,gls,2_foliar_disease,,,,3,,,,,
GrayLeafSpot1053,coconut-tree-disease,Dataset/Coconut Tree Disease Dataset/Gray Leaf Spot/GrayLeafSpot1053.jpg,gls,2_foliar_disease,,,,0,,,,,
GrayLeafSpot1054,coconut-tree-disease,Dataset/Coconut Tree Disease Dataset/Gray Leaf Spot/GrayLeafSpot1054.jpg,gls,2_foliar_disease,,,,3,,,,,
GrayLeafSpot1055,coconut-tree-disease,Dataset/Coconut Tree Disease Dataset/Gray Leaf Spot/GrayLeafSpot1055.jpg,gls,2_foliar_disease,,,,0,,,,,
GrayLeafSpot1056,coconut-tree-disease,Dataset/Coconut Tree Disease Dataset/Gray Leaf Spot/GrayLeafSpot1056.jpg,gls,2_foliar_disease,,,,1,,,,,
GrayLeafSpot1057,coconut-tree-disease,Dataset/Coconut Tree Disease Dataset/Gray Leaf Spot/GrayLeafSpot1057.jpg,gls,2_foliar_disease,,,,3,,,,,
GrayLeafSpot1058,coconut-tree-disease,Dataset/Coconut Tree Disease Dataset/Gray Leaf Spot/GrayLeafSpot1058.jpg,gls,2_foliar_disease,,,,3,,,,,
GrayLeafSpot1059,coconut-tree-disease,Dataset/Coconut Tree Disease Dataset/Gray Leaf Spot/GrayLeafSpot1059.jpg,gls,2_foliar_disease,,,,3,,,,,
GrayLeafSpot106,coconut-tree-disease,Dataset/Coconut Tree Disease Dataset/Gray Leaf Spot/GrayLeafSpot106.jpg,gls,2_foliar_disease,,,,1,,,,,
GrayLeafSpot1060,coconut-tree-disease,Dataset/Coconut Tree Disease Dataset/Gray Leaf Spot/GrayLeafSpot1060.jpg,gls,2_foliar_disease,,,,2,,,,,
GrayLeafSpot1061,coconut-tree-disease,Dataset/Coconut Tree Disease Dataset/Gray Leaf Spot/GrayLeafSpot1061.jpg,gls,2_foliar_disease,,,,2,,,,,
GrayLeafSpot1062,coconut-tree-disease,Dataset/Coconut Tree Disease Dataset/Gray Leaf Spot/GrayLeafSpot1062.jpg,gls,2_foliar_disease,,,,4,,,,,
GrayLeafSpot1063,coconut-tree-disease,Dataset/Coconut Tree Disease Dataset/Gray Leaf Spot/GrayLeafSpot1063.jpg,gls,2_foliar_disease,,,,0,,,,,
GrayLeafSpot1064,coconut-tree-disease,Dataset/Coconut Tree Disease Dataset/Gray Leaf Spot/GrayLeafSpot1064.jpg,gls,2_foliar_disease,,,,1,,,,,
GrayLeafSpot1065,coconut-tree-disease,Dataset/Coconut Tree Disease Dataset/Gray Leaf Spot/GrayLeafSpot1065.jpg,gls,2_foliar_disease,,,,4,,,,,
GrayLeafSpot1066,coconut-tree-disease,Dataset/Coconut Tree Disease Dataset/Gray Leaf Spot/GrayLeafSpot1066.jpg,gls,2_foliar_disease,,,,0,,,,,
GrayLeafSpot1067,coconut-tree-disease,Dataset/Coconut Tree Disease Dataset/Gray Leaf Spot/GrayLeafSpot1067.jpg,gls,2_foliar_disease,,,,3,,,,,
GrayLeafSpot1068,coconut-tree-disease,Dataset/Coconut Tree Disease Dataset/Gray Leaf Spot/GrayLeafSpot1068.jpg,gls,2_foliar_disease,,,,2,,,,,
GrayLeafSpot1069,coconut-tree-disease,Dataset/Coconut Tree Disease Dataset/Gray Leaf Spot/GrayLeafSpot1069.jpg,gls,2_foliar_disease,,,,2,,,,,
GrayLeafSpot107,coconut-tree-disease,Dataset/Coconut Tree Disease Dataset/Gray Leaf Spot/GrayLeafSpot107.jpg,gls,2_foliar_disease,,,,0,,,,,
GrayLeafSpot1070,coconut-tree-disease,Dataset/Coconut Tree Disease Dataset/Gray Leaf Spot/GrayLeafSpot1070.jpg,gls,2_foliar_disease,,,,4,,,,,
GrayLeafSpot1071,coconut-tree-disease,Dataset/Coconut Tree Disease Dataset/Gray Leaf Spot/GrayLeafSpot1071.jpg,gls,2_foliar_disease,,,,3,,,,,
GrayLeafSpot1072,coconut-tree-disease,Dataset/Coconut Tree Disease Dataset/Gray Leaf Spot/GrayLeafSpot1072.jpg,gls,2_foliar_disease,,,,4,,,,,
GrayLeafSpot1073,coconut-tree-disease,Dataset/Coconut Tree Disease Dataset/Gray Leaf Spot/GrayLeafSpot1073.jpg,gls,2_foliar_disease,,,,3,,,,,
GrayLeafSpot1074,coconut-tree-disease,Dataset/Coconut Tree Disease Dataset/Gray Leaf Spot/GrayLeafSpot1074.jpg,gls,2_foliar_disease,,,,2,,,,,
GrayLeafSpot1075,coconut-tree-disease,Dataset/Coconut Tree Disease Dataset/Gray Leaf Spot/GrayLeafSpot1075.jpg,gls,2_foliar_disease,,,,1,,,,,
GrayLeafSpot1076,coconut-tree-disease,Dataset/Coconut Tree Disease Dataset/Gray Leaf Spot/GrayLeafSpot1076.jpg,gls,2_foliar_disease,,,,0,,,,,
GrayLeafSpot1077,coconut-tree-disease,Dataset/Coconut Tree Disease Dataset/Gray Leaf Spot/GrayLeafSpot1077.jpg,gls,2_foliar_disease,,,,0,,,,,
GrayLeafSpot1078,coconut-tree-disease,Dataset/Coconut Tree Disease Dataset/Gray Leaf Spot/GrayLeafSpot1078.jpg,gls,2_foliar_disease,,,,2,,,,,
GrayLeafSpot1079,coconut-tree-disease,Dataset/Coconut Tree Disease Dataset/Gray Leaf Spot/GrayLeafSpot1079.jpg,gls,2_foliar_disease,,,,3,,,,,
GrayLeafSpot108,coconut-tree-disease,Dataset/Coconut Tree Disease Dataset/Gray Leaf Spot/GrayLeafSpot108.jpg,gls,2_foliar_disease,,,,4,,,,,
GrayLeafSpot1080,coconut-tree-disease,Dataset/Coconut Tree Disease Dataset/Gray Leaf Spot/GrayLeafSpot1080.jpg,gls,2_foliar_disease,,,,3,,,,,
GrayLeafSpot1081,coconut-tree-disease,Dataset/Coconut Tree Disease Dataset/Gray Leaf Spot/GrayLeafSpot1081.jpg,gls,2_foliar_disease,,,,0,,,,,
GrayLeafSpot1082,coconut-tree-disease,Dataset/Coconut Tree Disease Dataset/Gray Leaf Spot/GrayLeafSpot1082.jpg,gls,2_foliar_disease,,,,3,,,,,
GrayLeafSpot1083,coconut-tree-disease,Dataset/Coconut Tree Disease Dataset/Gray Leaf Spot/GrayLeafSpot1083.jpg,gls,2_foliar_disease,,,,0,,,,,
GrayLeafSpot1084,coconut-tree-disease,Dataset/Coconut Tree Disease Dataset/Gray Leaf Spot/GrayLeafSpot1084.jpg,gls,2_foliar_disease,,,,1,,,,,
GrayLeafSpot1085,coconut-tree-disease,Dataset/Coconut Tree Disease Dataset/Gray Leaf Spot/GrayLeafSpot1085.jpg,gls,2_foliar_disease,,,,0,,,,,
GrayLeafSpot1086,coconut-tree-disease,Dataset/Coconut Tree Disease Dataset/Gray Leaf Spot/GrayLeafSpot1086.jpg,gls,2_foliar_disease,,,,1,,,,,
GrayLeafSpot1087,coconut-tree-disease,Dataset/Coconut Tree Disease Dataset/Gray Leaf Spot/GrayLeafSpot1087.jpg,gls,2_foliar_disease,,,,2,,,,,
GrayLeafSpot1088,coconut-tree-disease,Dataset/Coconut Tree Disease Dataset/Gray Leaf Spot/GrayLeafSpot1088.jpg,gls,2_foliar_disease,,,,4,,,,,
GrayLeafSpot1089,coconut-tree-disease,Dataset/Coconut Tree Disease Dataset/Gray Leaf Spot/GrayLeafSpot1089.jpg,gls,2_foliar_disease,,,,0,,,,,
GrayLeafSpot109,coconut-tree-disease,Dataset/Coconut Tree Disease Dataset/Gray Leaf Spot/GrayLeafSpot109.jpg,gls,2_foliar_disease,,,,4,,,,,
GrayLeafSpot1090,coconut-tree-disease,Dataset/Coconut Tree Disease Dataset/Gray Leaf Spot/GrayLeafSpot1090.jpg,gls,2_foliar_disease,,,,1,,,,,
GrayLeafSpot1091,coconut-tree-disease,Dataset/Coconut Tree Disease Dataset/Gray Leaf Spot/GrayLeafSpot1091.jpg,gls,2_foliar_disease,,,,4,,,,,
GrayLeafSpot1092,coconut-tree-disease,Dataset/Coconut Tree Disease Dataset/Gray Leaf Spot/GrayLeafSpot1092.jpg,gls,2_foliar_disease,,,,3,,,,,
GrayLeafSpot1093,coconut-tree-disease,Dataset/Coconut Tree Disease Dataset/Gray Leaf Spot/GrayLeafSpot1093.jpg,gls,2_foliar_disease,,,,0,,,,,
GrayLeafSpot1094,coconut-tree-disease,Dataset/Coconut Tree Disease Dataset/Gray Leaf Spot/GrayLeafSpot1094.jpg,gls,2_foliar_disease,,,,3,,,,,
GrayLeafSpot1095,coconut-tree-disease,Dataset/Coconut Tree Disease Dataset/Gray Leaf Spot/GrayLeafSpot1095.jpg,gls,2_foliar_disease,,,,4,,,,,
GrayLeafSpot1096,coconut-tree-disease,Dataset/Coconut Tree Disease Dataset/Gray Leaf Spot/GrayLeafSpot1096.jpg,gls,2_foliar_disease,,,,0,,,,,
GrayLeafSpot1097,coconut-tree-disease,Dataset/Coconut Tree Disease Dataset/Gray Leaf Spot/GrayLeafSpot1097.jpg,gls,2_foliar_disease,,,,0,,,,,
GrayLeafSpot1098,coconut-tree-disease,Dataset/Coconut Tree Disease Dataset/Gray Leaf Spot/GrayLeafSpot1098.jpg,gls,2_foliar_disease,,,,0,,,,,
GrayLeafSpot1099,coconut-tree-disease,Dataset/Coconut Tree Disease Dataset/Gray Leaf Spot/GrayLeafSpot1099.jpg,gls,2_foliar_disease,,,,2,,,,,
GrayLeafSpot110,coconut-tree-disease,Dataset/Coconut Tree Disease Dataset/Gray Leaf Spot/GrayLeafSpot110.jpg,gls,2_foliar_disease,,,,4,,,,,
GrayLeafSpot1100,coconut-tree-disease,Dataset/Coconut Tree Disease Dataset/Gray Leaf Spot/GrayLeafSpot1100.jpg,gls,2_foliar_disease,,,,3,,,,,
GrayLeafSpot1101,coconut-tree-disease,Dataset/Coconut Tree Disease Dataset/Gray Leaf Spot/GrayLeafSpot1101.jpg,gls,2_foliar_disease,,,,1,,,,,
GrayLeafSpot1102,coconut-tree-disease,Dataset/Coconut Tree Disease Dataset/Gray Leaf Spot/GrayLeafSpot1102.jpg,gls,2_foliar_disease,,,,2,,,,,
GrayLeafSpot1103,coconut-tree-disease,Dataset/Coconut Tree Disease Dataset/Gray Leaf Spot/GrayLeafSpot1103.jpg,gls,2_foliar_disease,,,,0,,,,,
GrayLeafSpot1104,coconut-tree-disease,Dataset/Coconut Tree Disease Dataset/Gray Leaf Spot/GrayLeafSpot1104.jpg,gls,2_foliar_disease,,,,1,,,,,
GrayLeafSpot1105,coconut-tree-disease,Dataset/Coconut Tree Disease Dataset/Gray Leaf Spot/GrayLeafSpot1105.jpg,gls,2_foliar_disease,,,,2,,,,,
GrayLeafSpot1106,coconut-tree-disease,Dataset/Coconut Tree Disease Dataset/Gray Leaf Spot/GrayLeafSpot1106.jpg,gls,2_foliar_disease,,,,4,,,,,
GrayLeafSpot1107,coconut-tree-disease,Dataset/Coconut Tree Disease Dataset/Gray Leaf Spot/GrayLeafSpot1107.jpg,gls,2_foliar_disease,,,,2,,,,,
GrayLeafSpot1108,coconut-tree-disease,Dataset/Coconut Tree Disease Dataset/Gray Leaf Spot/GrayLeafSpot1108.jpg,gls,2_foliar_disease,,,,1,,,,,
GrayLeafSpot1109,coconut-tree-disease,Dataset/Coconut Tree Disease Dataset/Gray Leaf Spot/GrayLeafSpot1109.jpg,gls,2_foliar_disease,,,,0,,,,,
GrayLeafSpot111,coconut-tree-disease,Dataset/Coconut Tree Disease Dataset/Gray Leaf Spot/GrayLeafSpot111.jpg,gls,2_foliar_disease,,,,1,,,,,
GrayLeafSpot1110,coconut-tree-disease,Dataset/Coconut Tree Disease Dataset/Gray Leaf Spot/GrayLeafSpot1110.jpg,gls,2_foliar_disease,,,,3,,,,,
GrayLeafSpot1111,coconut-tree-disease,Dataset/Coconut Tree Disease Dataset/Gray Leaf Spot/GrayLeafSpot1111.jpg,gls,2_foliar_disease,,,,3,,,,,
GrayLeafSpot1112,coconut-tree-disease,Dataset/Coconut Tree Disease Dataset/Gray Leaf Spot/GrayLeafSpot1112.jpg,gls,2_foliar_disease,,,,0,,,,,
GrayLeafSpot1113,coconut-tree-disease,Dataset/Coconut Tree Disease Dataset/Gray Leaf Spot/GrayLeafSpot1113.jpg,gls,2_foliar_disease,,,,2,,,,,
GrayLeafSpot1114,coconut-tree-disease,Dataset/Coconut Tree Disease Dataset/Gray Leaf Spot/GrayLeafSpot1114.jpg,gls,2_foliar_disease,,,,1,,,,,
GrayLeafSpot1115,coconut-tree-disease,Dataset/Coconut Tree Disease Dataset/Gray Leaf Spot/GrayLeafSpot1115.jpg,gls,2_foliar_disease,,,,3,,,,,
GrayLeafSpot1116,coconut-tree-disease,Dataset/Coconut Tree Disease Dataset/Gray Leaf Spot/GrayLeafSpot1116.jpg,gls,2_foliar_disease,,,,4,,,,,
GrayLeafSpot1117,coconut-tree-disease,Dataset/Coconut Tree Disease Dataset/Gray Leaf Spot/GrayLeafSpot1117.jpg,gls,2_foliar_disease,,,,4,,,,,
GrayLeafSpot1118,coconut-tree-disease,Dataset/Coconut Tree Disease Dataset/Gray Leaf Spot/GrayLeafSpot1118.jpg,gls,2_foliar_disease,,,,3,,,,,
GrayLeafSpot1119,coconut-tree-disease,Dataset/Coconut Tree Disease Dataset/Gray Leaf Spot/GrayLeafSpot1119.jpg,gls,2_foliar_disease,,,,3,,,,,
GrayLeafSpot112,coconut-tree-disease,Dataset/Coconut Tree Disease Dataset/Gray Leaf Spot/GrayLeafSpot112.jpg,gls,2_foliar_disease,,,,1,,,,,
GrayLeafSpot1120,coconut-tree-disease,Dataset/Coconut Tree Disease Dataset/Gray Leaf Spot/GrayLeafSpot1120.jpg,gls,2_foliar_disease,,,,2,,,,,
GrayLeafSpot1121,coconut-tree-disease,Dataset/Coconut Tree Disease Dataset/Gray Leaf Spot/GrayLeafSpot1121.jpg,gls,2_foliar_disease,,,,4,,,,,
GrayLeafSpot1122,coconut-tree-disease,Dataset/Coconut Tree Disease Dataset/Gray Leaf Spot/GrayLeafSpot1122.jpg,gls,2_foliar_disease,,,,0,,,,,
GrayLeafSpot1123,coconut-tree-disease,Dataset/Coconut Tree Disease Dataset/Gray Leaf Spot/GrayLeafSpot1123.jpg,gls,2_foliar_disease,,,,1,,,,,
GrayLeafSpot1124,coconut-tree-disease,Dataset/Coconut Tree Disease Dataset/Gray Leaf Spot/GrayLeafSpot1124.jpg,gls,2_foliar_disease,,,,1,,,,,
GrayLeafSpot1125,coconut-tree-disease,Dataset/Coconut Tree Disease Dataset/Gray Leaf Spot/GrayLeafSpot1125.jpg,gls,2_foliar_disease,,,,2,,,,,
GrayLeafSpot1126,coconut-tree-disease,Dataset/Coconut Tree Disease Dataset/Gray Leaf Spot/GrayLeafSpot1126.jpg,gls,2_foliar_disease,,,,3,,,,,
GrayLeafSpot1127,coconut-tree-disease,Dataset/Coconut Tree Disease Dataset/Gray Leaf Spot/GrayLeafSpot1127.jpg,gls,2_foliar_disease,,,,1,,,,,
GrayLeafSpot1128,coconut-tree-disease,Dataset/Coconut Tree Disease Dataset/Gray Leaf Spot/GrayLeafSpot1128.jpg,gls,2_foliar_disease,,,,3,,,,,
GrayLeafSpot1129,coconut-tree-disease,Dataset/Coconut Tree Disease Dataset/Gray Leaf Spot/GrayLeafSpot1129.jpg,gls,2_foliar_disease,,,,2,,,,,
GrayLeafSpot113,coconut-tree-disease,Dataset/Coconut Tree Disease Dataset/Gray Leaf Spot/GrayLeafSpot113.jpg,gls,2_foliar_disease,,,,2,,,,,
GrayLeafSpot1130,coconut-tree-disease,Dataset/Coconut Tree Disease Dataset/Gray Leaf Spot/GrayLeafSpot1130.jpg,gls,2_foliar_disease,,,,3,,,,,
GrayLeafSpot1131,coconut-tree-disease,Dataset/Coconut Tree Disease Dataset/Gray Leaf Spot/GrayLeafSpot1131.jpg,gls,2_foliar_disease,,,,2,,,,,
GrayLeafSpot1132,coconut-tree-disease,Dataset/Coconut Tree Disease Dataset/Gray Leaf Spot/GrayLeafSpot1132.jpg,gls,2_foliar_disease,,,,3,,,,,
GrayLeafSpot1133,coconut-tree-disease,Dataset/Coconut Tree Disease Dataset/Gray Leaf Spot/GrayLeafSpot1133.jpg,gls,2_foliar_disease,,,,1,,,,,
GrayLeafSpot1134,coconut-tree-disease,Dataset/Coconut Tree Disease Dataset/Gray Leaf Spot/GrayLeafSpot1134.jpg,gls,2_foliar_disease,,,,3,,,,,
GrayLeafSpot1135,coconut-tree-disease,Dataset/Coconut Tree Disease Dataset/Gray Leaf Spot/GrayLeafSpot1135.jpg,gls,2_foliar_disease,,,,3,,,,,
GrayLeafSpot1136,coconut-tree-disease,Dataset/Coconut Tree Disease Dataset/Gray Leaf Spot/GrayLeafSpot1136.jpg,gls,2_foliar_disease,,,,4,,,,,
GrayLeafSpot1137,coconut-tree-disease,Dataset/Coconut Tree Disease Dataset/Gray Leaf Spot/GrayLeafSpot1137.jpg,gls,2_foliar_disease,,,,0,,,,,
GrayLeafSpot1138,coconut-tree-disease,Dataset/Coconut Tree Disease Dataset/Gray Leaf Spot/GrayLeafSpot1138.jpg,gls,2_foliar_disease,,,,4,,,,,
GrayLeafSpot1139,coconut-tree-disease,Dataset/Coconut Tree Disease Dataset/Gray Leaf Spot/GrayLeafSpot1139.jpg,gls,2_foliar_disease,,,,2,,,,,
GrayLeafSpot114,coconut-tree-disease,Dataset/Coconut Tree Disease Dataset/Gray Leaf Spot/GrayLeafSpot114.jpg,gls,2_foliar_disease,,,,2,,,,,
GrayLeafSpot1140,coconut-tree-disease,Dataset/Coconut Tree Disease Dataset/Gray Leaf Spot/GrayLeafSpot1140.jpg,gls,2_foliar_disease,,,,2,,,,,
GrayLeafSpot1141,coconut-tree-disease,Dataset/Coconut Tree Disease Dataset/Gray Leaf Spot/GrayLeafSpot1141.jpg,gls,2_foliar_disease,,,,1,,,,,
GrayLeafSpot1142,coconut-tree-disease,Dataset/Coconut Tree Disease Dataset/Gray Leaf Spot/GrayLeafSpot1142.jpg,gls,2_foliar_disease,,,,4,,,,,
GrayLeafSpot1143,coconut-tree-disease,Dataset/Coconut Tree Disease Dataset/Gray Leaf Spot/GrayLeafSpot1143.jpg,gls,2_foliar_disease,,,,2,,,,,
GrayLeafSpot1144,coconut-tree-disease,Dataset/Coconut Tree Disease Dataset/Gray Leaf Spot/GrayLeafSpot1144.jpg,gls,2_foliar_disease,,,,0,,,,,
GrayLeafSpot1145,coconut-tree-disease,Dataset/Coconut Tree Disease Dataset/Gray Leaf Spot/GrayLeafSpot1145.jpg,gls,2_foliar_disease,,,,0,,,,,
GrayLeafSpot1146,coconut-tree-disease,Dataset/Coconut Tree Disease Dataset/Gray Leaf Spot/GrayLeafSpot1146.jpg,gls,2_foliar_disease,,,,2,,,,,
GrayLeafSpot1147,coconut-tree-disease,Dataset/Coconut Tree Disease Dataset/Gray Leaf Spot/GrayLeafSpot1147.jpg,gls,2_foliar_disease,,,,3,,,,,
GrayLeafSpot1148,coconut-tree-disease,Dataset/Coconut Tree Disease Dataset/Gray Leaf Spot/GrayLeafSpot1148.jpg,gls,2_foliar_disease,,,,2,,,,,
GrayLeafSpot1149,coconut-tree-disease,Dataset/Coconut Tree Disease Dataset/Gray Leaf Spot/GrayLeafSpot1149.jpg,gls,2_foliar_disease,,,,2,,,,,
GrayLeafSpot115,coconut-tree-disease,Dataset/Coconut Tree Disease Dataset/Gray Leaf Spot/GrayLeafSpot115.jpg,gls,2_foliar_disease,,,,1,,,,,
GrayLeafSpot1150,coconut-tree-disease,Dataset/Coconut Tree Disease Dataset/Gray Leaf Spot/GrayLeafSpot1150.jpg,gls,2_foliar_disease,,,,2,,,,,
GrayLeafSpot1151,coconut-tree-disease,Dataset/Coconut Tree Disease Dataset/Gray Leaf Spot/GrayLeafSpot1151.jpg,gls,2_foliar_disease,,,,3,,,,,
GrayLeafSpot1152,coconut-tree-disease,Dataset/Coconut Tree Disease Dataset/Gray Leaf Spot/GrayLeafSpot1152.jpg,gls,2_foliar_disease,,,,0,,,,,
GrayLeafSpot1153,coconut-tree-disease,Dataset/Coconut Tree Disease Dataset/Gray Leaf Spot/GrayLeafSpot1153.jpg,gls,2_foliar_disease,,,,1,,,,,
GrayLeafSpot1154,coconut-tree-disease,Dataset/Coconut Tree Disease Dataset/Gray Leaf Spot/GrayLeafSpot1154.jpg,gls,2_foliar_disease,,,,4,,,,,
GrayLeafSpot1155,coconut-tree-disease,Dataset/Coconut Tree Disease Dataset/Gray Leaf Spot/GrayLeafSpot1155.jpg,gls,2_foliar_disease,,,,0,,,,,
GrayLeafSpot1156,coconut-tree-disease,Dataset/Coconut Tree Disease Dataset/Gray Leaf Spot/GrayLeafSpot1156.jpg,gls,2_foliar_disease,,,,2,,,,,
GrayLeafSpot1157,coconut-tree-disease,Dataset/Coconut Tree Disease Dataset/Gray Leaf Spot/GrayLeafSpot1157.jpg,gls,2_foliar_disease,,,,0,,,,,
GrayLeafSpot1158,coconut-tree-disease,Dataset/Coconut Tree Disease Dataset/Gray Leaf Spot/GrayLeafSpot1158.jpg,gls,2_foliar_disease,,,,3,,,,,
GrayLeafSpot1159,coconut-tree-disease,Dataset/Coconut Tree Disease Dataset/Gray Leaf Spot/GrayLeafSpot1159.jpg,gls,2_foliar_disease,,,,0,,,,,
GrayLeafSpot116,coconut-tree-disease,Dataset/Coconut Tree Disease Dataset/Gray Leaf Spot/GrayLeafSpot116.jpg,gls,2_foliar_disease,,,,2,,,,,
GrayLeafSpot1160,coconut-tree-disease,Dataset/Coconut Tree Disease Dataset/Gray Leaf Spot/GrayLeafSpot1160.jpg,gls,2_foliar_disease,,,,0,,,,,
GrayLeafSpot1161,coconut-tree-disease,Dataset/Coconut Tree Disease Dataset/Gray Leaf Spot/GrayLeafSpot1161.jpg,gls,2_foliar_disease,,,,3,,,,,
GrayLeafSpot1162,coconut-tree-disease,Dataset/Coconut Tree Disease Dataset/Gray Leaf Spot/GrayLeafSpot1162.jpg,gls,2_foliar_disease,,,,4,,,,,
GrayLeafSpot1163,coconut-tree-disease,Dataset/Coconut Tree Disease Dataset/Gray Leaf Spot/GrayLeafSpot1163.jpg,gls,2_foliar_disease,,,,4,,,,,
GrayLeafSpot1164,coconut-tree-disease,Dataset/Coconut Tree Disease Dataset/Gray Leaf Spot/GrayLeafSpot1164.jpg,gls,2_foliar_disease,,,,3,,,,,
GrayLeafSpot1165,coconut-tree-disease,Dataset/Coconut Tree Disease Dataset/Gray Leaf Spot/GrayLeafSpot1165.jpg,gls,2_foliar_disease,,,,2,,,,,
GrayLeafSpot1166,coconut-tree-disease,Dataset/Coconut Tree Disease Dataset/Gray Leaf Spot/GrayLeafSpot1166.jpg,gls,2_foliar_disease,,,,4,,,,,
GrayLeafSpot1167,coconut-tree-disease,Dataset/Coconut Tree Disease Dataset/Gray Leaf Spot/GrayLeafSpot1167.jpg,gls,2_foliar_disease,,,,4,,,,,
GrayLeafSpot1168,coconut-tree-disease,Dataset/Coconut Tree Disease Dataset/Gray Leaf Spot/GrayLeafSpot1168.jpg,gls,2_foliar_disease,,,,0,,,,,
GrayLeafSpot1169,coconut-tree-disease,Dataset/Coconut Tree Disease Dataset/Gray Leaf Spot/GrayLeafSpot1169.jpg,gls,2_foliar_disease,,,,0,,,,,
GrayLeafSpot117,coconut-tree-disease,Dataset/Coconut Tree Disease Dataset/Gray Leaf Spot/GrayLeafSpot117.jpg,gls,2_foliar_disease,,,,2,,,,,
GrayLeafSpot1170,coconut-tree-disease,Dataset/Coconut Tree Disease Dataset/Gray Leaf Spot/GrayLeafSpot1170.jpg,gls,2_foliar_disease,,,,4,,,,,
GrayLeafSpot1171,coconut-tree-disease,Dataset/Coconut Tree Disease Dataset/Gray Leaf Spot/GrayLeafSpot1171.jpg,gls,2_foliar_disease,,,,4,,,,,
GrayLeafSpot1172,coconut-tree-disease,Dataset/Coconut Tree Disease Dataset/Gray Leaf Spot/GrayLeafSpot1172.jpg,gls,2_foliar_disease,,,,1,,,,,
GrayLeafSpot1173,coconut-tree-disease,Dataset/Coconut Tree Disease Dataset/Gray Leaf Spot/GrayLeafSpot1173.jpg,gls,2_foliar_disease,,,,0,,,,,
GrayLeafSpot1174,coconut-tree-disease,Dataset/Coconut Tree Disease Dataset/Gray Leaf Spot/GrayLeafSpot1174.jpg,gls,2_foliar_disease,,,,0,,,,,
GrayLeafSpot1175,coconut-tree-disease,Dataset/Coconut Tree Disease Dataset/Gray Leaf Spot/GrayLeafSpot1175.jpg,gls,2_foliar_disease,,,,4,,,,,
GrayLeafSpot1176,coconut-tree-disease,Dataset/Coconut Tree Disease Dataset/Gray Leaf Spot/GrayLeafSpot1176.jpg,gls,2_foliar_disease,,,,2,,,,,
GrayLeafSpot1177,coconut-tree-disease,Dataset/Coconut Tree Disease Dataset/Gray Leaf Spot/GrayLeafSpot1177.jpg,gls,2_foliar_disease,,,,3,,,,,
GrayLeafSpot1178,coconut-tree-disease,Dataset/Coconut Tree Disease Dataset/Gray Leaf Spot/GrayLeafSpot1178.jpg,gls,2_foliar_disease,,,,0,,,,,
GrayLeafSpot1179,coconut-tree-disease,Dataset/Coconut Tree Disease Dataset/Gray Leaf Spot/GrayLeafSpot1179.jpg,gls,2_foliar_disease,,,,1,,,,,
GrayLeafSpot118,coconut-tree-disease,Dataset/Coconut Tree Disease Dataset/Gray Leaf Spot/GrayLeafSpot118.jpg,gls,2_foliar_disease,,,,1,,,,,
GrayLeafSpot1180,coconut-tree-disease,Dataset/Coconut Tree Disease Dataset/Gray Leaf Spot/GrayLeafSpot1180.jpg,gls,2_foliar_disease,,,,4,,,,,
GrayLeafSpot1181,coconut-tree-disease,Dataset/Coconut Tree Disease Dataset/Gray Leaf Spot/GrayLeafSpot1181.jpg,gls,2_foliar_disease,,,,3,,,,,
GrayLeafSpot1182,coconut-tree-disease,Dataset/Coconut Tree Disease Dataset/Gray Leaf Spot/GrayLeafSpot1182.jpg,gls,2_foliar_disease,,,,1,,,,,
GrayLeafSpot1183,coconut-tree-disease,Dataset/Coconut Tree Disease Dataset/Gray Leaf Spot/GrayLeafSpot1183.jpg,gls,2_foliar_disease,,,,2,,,,,
GrayLeafSpot1184,coconut-tree-disease,Dataset/Coconut Tree Disease Dataset/Gray Leaf Spot/GrayLeafSpot1184.jpg,gls,2_foliar_disease,,,,0,,,,,
GrayLeafSpot1185,coconut-tree-disease,Dataset/Coconut Tree Disease Dataset/Gray Leaf Spot/GrayLeafSpot1185.jpg,gls,2_foliar_disease,,,,3,,,,,
GrayLeafSpot1186,coconut-tree-disease,Dataset/Coconut Tree Disease Dataset/Gray Leaf Spot/GrayLeafSpot1186.jpg,gls,2_foliar_disease,,,,3,,,,,
GrayLeafSpot1187,coconut-tree-disease,Dataset/Coconut Tree Disease Dataset/Gray Leaf Spot/GrayLeafSpot1187.jpg,gls,2_foliar_disease,,,,4,,,,,
GrayLeafSpot1188,coconut-tree-disease,Dataset/Coconut Tree Disease Dataset/Gray Leaf Spot/GrayLeafSpot1188.jpg,gls,2_foliar_disease,,,,2,,,,,
GrayLeafSpot1189,coconut-tree-disease,Dataset/Coconut Tree Disease Dataset/Gray Leaf Spot/GrayLeafSpot1189.jpg,gls,2_foliar_disease,,,,4,,,,,
GrayLeafSpot119,coconut-tree-disease,Dataset/Coconut Tree Disease Dataset/Gray Leaf Spot/GrayLeafSpot119.jpg,gls,2_foliar_disease,,,,1,,,,,
GrayLeafSpot1190,coconut-tree-disease,Dataset/Coconut Tree Disease Dataset/Gray Leaf Spot/GrayLeafSpot1190.jpg,gls,2_foliar_disease,,,,0,,,,,
GrayLeafSpot1191,coconut-tree-disease,Dataset/Coconut Tree Disease Dataset/Gray Leaf Spot/GrayLeafSpot1191.jpg,gls,2_foliar_disease,,,,0,,,,,
GrayLeafSpot1192,coconut-tree-disease,Dataset/Coconut Tree Disease Dataset/Gray Leaf Spot/GrayLeafSpot1192.jpg,gls,2_foliar_disease,,,,4,,,,,
GrayLeafSpot1193,coconut-tree-disease,Dataset/Coconut Tree Disease Dataset/Gray Leaf Spot/GrayLeafSpot1193.jpg,gls,2_foliar_disease,,,,1,,,,,
GrayLeafSpot1194,coconut-tree-disease,Dataset/Coconut Tree Disease Dataset/Gray Leaf Spot/GrayLeafSpot1194.jpg,gls,2_foliar_disease,,,,1,,,,,
GrayLeafSpot1195,coconut-tree-disease,Dataset/Coconut Tree Disease Dataset/Gray Leaf Spot/GrayLeafSpot1195.jpg,gls,2_foliar_disease,,,,2,,,,,
GrayLeafSpot1196,coconut-tree-disease,Dataset/Coconut Tree Disease Dataset/Gray Leaf Spot/GrayLeafSpot1196.jpg,gls,2_foliar_disease,,,,4,,,,,
GrayLeafSpot1197,coconut-tree-disease,Dataset/Coconut Tree Disease Dataset/Gray Leaf Spot/GrayLeafSpot1197.jpg,gls,2_foliar_disease,,,,4,,,,,
GrayLeafSpot1198,coconut-tree-disease,Dataset/Coconut Tree Disease Dataset/Gray Leaf Spot/GrayLeafSpot1198.jpg,gls,2_foliar_disease,,,,1,,,,,
GrayLeafSpot1199,coconut-tree-disease,Dataset/Coconut Tree Disease Dataset/Gray Leaf Spot/GrayLeafSpot1199.jpg,gls,2_foliar_disease,,,,0,,,,,
GrayLeafSpot120,coconut-tree-disease,Dataset/Coconut Tree Disease Dataset/Gray Leaf Spot/GrayLeafSpot120.jpg,gls,2_foliar_disease,,,,2,,,,,
GrayLeafSpot1200,coconut-tree-disease,Dataset/Coconut Tree Disease Dataset/Gray Leaf Spot/GrayLeafSpot1200.jpg,gls,2_foliar_disease,,,,2,,,,,
GrayLeafSpot1201,coconut-tree-disease,Dataset/Coconut Tree Disease Dataset/Gray Leaf Spot/GrayLeafSpot1201.jpg,gls,2_foliar_disease,,,,0,,,,,
GrayLeafSpot1202,coconut-tree-disease,Dataset/Coconut Tree Disease Dataset/Gray Leaf Spot/GrayLeafSpot1202.jpg,gls,2_foliar_disease,,,,4,,,,,
GrayLeafSpot1203,coconut-tree-disease,Dataset/Coconut Tree Disease Dataset/Gray Leaf Spot/GrayLeafSpot1203.jpg,gls,2_foliar_disease,,,,1,,,,,
GrayLeafSpot1204,coconut-tree-disease,Dataset/Coconut Tree Disease Dataset/Gray Leaf Spot/GrayLeafSpot1204.jpg,gls,2_foliar_disease,,,,3,,,,,
GrayLeafSpot1205,coconut-tree-disease,Dataset/Coconut Tree Disease Dataset/Gray Leaf Spot/GrayLeafSpot1205.jpg,gls,2_foliar_disease,,,,2,,,,,
GrayLeafSpot1206,coconut-tree-disease,Dataset/Coconut Tree Disease Dataset/Gray Leaf Spot/GrayLeafSpot1206.jpg,gls,2_foliar_disease,,,,0,,,,,
GrayLeafSpot1207,coconut-tree-disease,Dataset/Coconut Tree Disease Dataset/Gray Leaf Spot/GrayLeafSpot1207.jpg,gls,2_foliar_disease,,,,1,,,,,
GrayLeafSpot1208,coconut-tree-disease,Dataset/Coconut Tree Disease Dataset/Gray Leaf Spot/GrayLeafSpot1208.jpg,gls,2_foliar_disease,,,,0,,,,,
GrayLeafSpot1209,coconut-tree-disease,Dataset/Coconut Tree Disease Dataset/Gray Leaf Spot/GrayLeafSpot1209.jpg,gls,2_foliar_disease,,,,3,,,,,
GrayLeafSpot121,coconut-tree-disease,Dataset/Coconut Tree Disease Dataset/Gray Leaf Spot/GrayLeafSpot121.jpg,gls,2_foliar_disease,,,,1,,,,,
GrayLeafSpot1210,coconut-tree-disease,Dataset/Coconut Tree Disease Dataset/Gray Leaf Spot/GrayLeafSpot1210.jpg,gls,2_foliar_disease,,,,1,,,,,
GrayLeafSpot1211,coconut-tree-disease,Dataset/Coconut Tree Disease Dataset/Gray Leaf Spot/GrayLeafSpot1211.jpg,gls,2_foliar_disease,,,,0,,,,,
GrayLeafSpot1212,coconut-tree-disease,Dataset/Coconut Tree Disease Dataset/Gray Leaf Spot/GrayLeafSpot1212.jpg,gls,2_foliar_disease,,,,2,,,,,
GrayLeafSpot1213,coconut-tree-disease,Dataset/Coconut Tree Disease Dataset/Gray Leaf Spot/GrayLeafSpot1213.jpg,gls,2_foliar_disease,,,,1,,,,,
GrayLeafSpot1214,coconut-tree-disease,Dataset/Coconut Tree Disease Dataset/Gray Leaf Spot/GrayLeafSpot1214.jpg,gls,2_foliar_disease,,,,3,,,,,
GrayLeafSpot1215,coconut-tree-disease,Dataset/Coconut Tree Disease Dataset/Gray Leaf Spot/GrayLeafSpot1215.jpg,gls,2_foliar_disease,,,,1,,,,,
GrayLeafSpot1216,coconut-tree-disease,Dataset/Coconut Tree Disease Dataset/Gray Leaf Spot/GrayLeafSpot1216.jpg,gls,2_foliar_disease,,,,0,,,,,
GrayLeafSpot1217,coconut-tree-disease,Dataset/Coconut Tree Disease Dataset/Gray Leaf Spot/GrayLeafSpot1217.jpg,gls,2_foliar_disease,,,,3,,,,,
GrayLeafSpot1218,coconut-tree-disease,Dataset/Coconut Tree Disease Dataset/Gray Leaf Spot/GrayLeafSpot1218.jpg,gls,2_foliar_disease,,,,2,,,,,
GrayLeafSpot1219,coconut-tree-disease,Dataset/Coconut Tree Disease Dataset/Gray Leaf Spot/GrayLeafSpot1219.jpg,gls,2_foliar_disease,,,,4,,,,,
GrayLeafSpot122,coconut-tree-disease,Dataset/Coconut Tree Disease Dataset/Gray Leaf Spot/GrayLeafSpot122.jpg,gls,2_foliar_disease,,,,0,,,,,
GrayLeafSpot1220,coconut-tree-disease,Dataset/Coconut Tree Disease Dataset/Gray Leaf Spot/GrayLeafSpot1220.jpg,gls,2_foliar_disease,,,,1,,,,,
GrayLeafSpot1221,coconut-tree-disease,Dataset/Coconut Tree Disease Dataset/Gray Leaf Spot/GrayLeafSpot1221.jpg,gls,2_foliar_disease,,,,0,,,,,
GrayLeafSpot1222,coconut-tree-disease,Dataset/Coconut Tree Disease Dataset/Gray Leaf Spot/GrayLeafSpot1222.jpg,gls,2_foliar_disease,,,,2,,,,,
GrayLeafSpot1223,coconut-tree-disease,Dataset/Coconut Tree Disease Dataset/Gray Leaf Spot/GrayLeafSpot1223.jpg,gls,2_foliar_disease,,,,0,,,,,
GrayLeafSpot1224,coconut-tree-disease,Dataset/Coconut Tree Disease Dataset/Gray Leaf Spot/GrayLeafSpot1224.jpg,gls,2_foliar_disease,,,,1,,,,,
GrayLeafSpot1225,coconut-tree-disease,Dataset/Coconut Tree Disease Dataset/Gray Leaf Spot/GrayLeafSpot1225.jpg,gls,2_foliar_disease,,,,4,,,,,
GrayLeafSpot1226,coconut-tree-disease,Dataset/Coconut Tree Disease Dataset/Gray Leaf Spot/GrayLeafSpot1226.jpg,gls,2_foliar_disease,,,,0,,,,,
GrayLeafSpot1227,coconut-tree-disease,Dataset/Coconut Tree Disease Dataset/Gray Leaf Spot/GrayLeafSpot1227.jpg,gls,2_foliar_disease,,,,0,,,,,
GrayLeafSpot1228,coconut-tree-disease,Dataset/Coconut Tree Disease Dataset/Gray Leaf Spot/GrayLeafSpot1228.jpg,gls,2_foliar_disease,,,,1,,,,,
GrayLeafSpot1229,coconut-tree-disease,Dataset/Coconut Tree Disease Dataset/Gray Leaf Spot/GrayLeafSpot1229.jpg,gls,2_foliar_disease,,,,1,,,,,
GrayLeafSpot123,coconut-tree-disease,Dataset/Coconut Tree Disease Dataset/Gray Leaf Spot/GrayLeafSpot123.jpg,gls,2_foliar_disease,,,,0,,,,,
GrayLeafSpot1230,coconut-tree-disease,Dataset/Coconut Tree Disease Dataset/Gray Leaf Spot/GrayLeafSpot1230.jpg,gls,2_foliar_disease,,,,0,,,,,
GrayLeafSpot1231,coconut-tree-disease,Dataset/Coconut Tree Disease Dataset/Gray Leaf Spot/GrayLeafSpot1231.jpg,gls,2_foliar_disease,,,,1,,,,,
GrayLeafSpot1232,coconut-tree-disease,Dataset/Coconut Tree Disease Dataset/Gray Leaf Spot/GrayLeafSpot1232.jpg,gls,2_foliar_disease,,,,1,,,,,
GrayLeafSpot1233,coconut-tree-disease,Dataset/Coconut Tree Disease Dataset/Gray Leaf Spot/GrayLeafSpot1233.jpg,gls,2_foliar_disease,,,,0,,,,,
GrayLeafSpot1234,coconut-tree-disease,Dataset/Coconut Tree Disease Dataset/Gray Leaf Spot/GrayLeafSpot1234.jpg,gls,2_foliar_disease,,,,1,,,,,
GrayLeafSpot1235,coconut-tree-disease,Dataset/Coconut Tree Disease Dataset/Gray Leaf Spot/GrayLeafSpot1235.jpg,gls,2_foliar_disease,,,,0,,,,,
GrayLeafSpot1236,coconut-tree-disease,Dataset/Coconut Tree Disease Dataset/Gray Leaf Spot/GrayLeafSpot1236.jpg,gls,2_foliar_disease,,,,3,,,,,
GrayLeafSpot1237,coconut-tree-disease,Dataset/Coconut Tree Disease Dataset/Gray Leaf Spot/GrayLeafSpot1237.jpg,gls,2_foliar_disease,,,,0,,,,,
GrayLeafSpot1238,coconut-tree-disease,Dataset/Coconut Tree Disease Dataset/Gray Leaf Spot/GrayLeafSpot1238.jpg,gls,2_foliar_disease,,,,0,,,,,
GrayLeafSpot1239,coconut-tree-disease,Dataset/Coconut Tree Disease Dataset/Gray Leaf Spot/GrayLeafSpot1239.jpg,gls,2_foliar_disease,,,,1,,,,,
GrayLeafSpot124,coconut-tree-disease,Dataset/Coconut Tree Disease Dataset/Gray Leaf Spot/GrayLeafSpot124.jpg,gls,2_foliar_disease,,,,1,,,,,
GrayLeafSpot1240,coconut-tree-disease,Dataset/Coconut Tree Disease Dataset/Gray Leaf Spot/GrayLeafSpot1240.jpg,gls,2_foliar_disease,,,,3,,,,,
GrayLeafSpot1241,coconut-tree-disease,Dataset/Coconut Tree Disease Dataset/Gray Leaf Spot/GrayLeafSpot1241.jpg,gls,2_foliar_disease,,,,2,,,,,
GrayLeafSpot1242,coconut-tree-disease,Dataset/Coconut Tree Disease Dataset/Gray Leaf Spot/GrayLeafSpot1242.jpg,gls,2_foliar_disease,,,,3,,,,,
GrayLeafSpot1243,coconut-tree-disease,Dataset/Coconut Tree Disease Dataset/Gray Leaf Spot/GrayLeafSpot1243.jpg,gls,2_foliar_disease,,,,3,,,,,
GrayLeafSpot1244,coconut-tree-disease,Dataset/Coconut Tree Disease Dataset/Gray Leaf Spot/GrayLeafSpot1244.jpg,gls,2_foliar_disease,,,,4,,,,,
GrayLeafSpot1245,coconut-tree-disease,Dataset/Coconut Tree Disease Dataset/Gray Leaf Spot/GrayLeafSpot1245.jpg,gls,2_foliar_disease,,,,3,,,,,
GrayLeafSpot1246,coconut-tree-disease,Dataset/Coconut Tree Disease Dataset/Gray Leaf Spot/GrayLeafSpot1246.jpg,gls,2_foliar_disease,,,,1,,,,,
GrayLeafSpot1247,coconut-tree-disease,Dataset/Coconut Tree Disease Dataset/Gray Leaf Spot/GrayLeafSpot1247.jpg,gls,2_foliar_disease,,,,0,,,,,
GrayLeafSpot1248,coconut-tree-disease,Dataset/Coconut Tree Disease Dataset/Gray Leaf Spot/GrayLeafSpot1248.jpg,gls,2_foliar_disease,,,,0,,,,,
GrayLeafSpot1249,coconut-tree-disease,Dataset/Coconut Tree Disease Dataset/Gray Leaf Spot/GrayLeafSpot1249.jpg,gls,2_foliar_disease,,,,0,,,,,
GrayLeafSpot125,coconut-tree-disease,Dataset/Coconut Tree Disease Dataset/Gray Leaf Spot/GrayLeafSpot125.jpg,gls,2_foliar_disease,,,,4,,,,,
GrayLeafSpot1250,coconut-tree-disease,Dataset/Coconut Tree Disease Dataset/Gray Leaf Spot/GrayLeafSpot1250.jpg,gls,2_foliar_disease,,,,1,,,,,
GrayLeafSpot1251,coconut-tree-disease,Dataset/Coconut Tree Disease Dataset/Gray Leaf Spot/GrayLeafSpot1251.jpg,gls,2_foliar_disease,,,,3,,,,,
GrayLeafSpot1252,coconut-tree-disease,Dataset/Coconut Tree Disease Dataset/Gray Leaf Spot/GrayLeafSpot1252.jpg,gls,2_foliar_disease,,,,2,,,,,
GrayLeafSpot1253,coconut-tree-disease,Dataset/Coconut Tree Disease Dataset/Gray Leaf Spot/GrayLeafSpot1253.jpg,gls,2_foliar_disease,,,,2,,,,,
GrayLeafSpot1254,coconut-tree-disease,Dataset/Coconut Tree Disease Dataset/Gray Leaf Spot/GrayLeafSpot1254.jpg,gls,2_foliar_disease,,,,4,,,,,
GrayLeafSpot1255,coconut-tree-disease,Dataset/Coconut Tree Disease Dataset/Gray Leaf Spot/GrayLeafSpot1255.jpg,gls,2_foliar_disease,,,,1,,,,,
GrayLeafSpot1256,coconut-tree-disease,Dataset/Coconut Tree Disease Dataset/Gray Leaf Spot/GrayLeafSpot1256.jpg,gls,2_foliar_disease,,,,3,,,,,
GrayLeafSpot1257,coconut-tree-disease,Dataset/Coconut Tree Disease Dataset/Gray Leaf Spot/GrayLeafSpot1257.jpg,gls,2_foliar_disease,,,,2,,,,,
GrayLeafSpot1258,coconut-tree-disease,Dataset/Coconut Tree Disease Dataset/Gray Leaf Spot/GrayLeafSpot1258.jpg,gls,2_foliar_disease,,,,3,,,,,
GrayLeafSpot1259,coconut-tree-disease,Dataset/Coconut Tree Disease Dataset/Gray Leaf Spot/GrayLeafSpot1259.jpg,gls,2_foliar_disease,,,,1,,,,,
GrayLeafSpot126,coconut-tree-disease,Dataset/Coconut Tree Disease Dataset/Gray Leaf Spot/GrayLeafSpot126.jpg,gls,2_foliar_disease,,,,1,,,,,
GrayLeafSpot1260,coconut-tree-disease,Dataset/Coconut Tree Disease Dataset/Gray Leaf Spot/GrayLeafSpot1260.jpg,gls,2_foliar_disease,,,,2,,,,,
GrayLeafSpot1261,coconut-tree-disease,Dataset/Coconut Tree Disease Dataset/Gray Leaf Spot/GrayLeafSpot1261.jpg,gls,2_foliar_disease,,,,4,,,,,
GrayLeafSpot1262,coconut-tree-disease,Dataset/Coconut Tree Disease Dataset/Gray Leaf Spot/GrayLeafSpot1262.jpg,gls,2_foliar_disease,,,,1,,,,,
GrayLeafSpot1263,coconut-tree-disease,Dataset/Coconut Tree Disease Dataset/Gray Leaf Spot/GrayLeafSpot1263.jpg,gls,2_foliar_disease,,,,3,,,,,
GrayLeafSpot1264,coconut-tree-disease,Dataset/Coconut Tree Disease Dataset/Gray Leaf Spot/GrayLeafSpot1264.jpg,gls,2_foliar_disease,,,,2,,,,,
GrayLeafSpot1265,coconut-tree-disease,Dataset/Coconut Tree Disease Dataset/Gray Leaf Spot/GrayLeafSpot1265.jpg,gls,2_foliar_disease,,,,0,,,,,
GrayLeafSpot1266,coconut-tree-disease,Dataset/Coconut Tree Disease Dataset/Gray Leaf Spot/GrayLeafSpot1266.jpg,gls,2_foliar_disease,,,,3,,,,,
GrayLeafSpot1267,coconut-tree-disease,Dataset/Coconut Tree Disease Dataset/Gray Leaf Spot/GrayLeafSpot1267.jpg,gls,2_foliar_disease,,,,0,,,,,
GrayLeafSpot1268,coconut-tree-disease,Dataset/Coconut Tree Disease Dataset/Gray Leaf Spot/GrayLeafSpot1268.jpg,gls,2_foliar_disease,,,,0,,,,,
GrayLeafSpot1269,coconut-tree-disease,Dataset/Coconut Tree Disease Dataset/Gray Leaf Spot/GrayLeafSpot1269.jpg,gls,2_foliar_disease,,,,1,,,,,
GrayLeafSpot127,coconut-tree-disease,Dataset/Coconut Tree Disease Dataset/Gray Leaf Spot/GrayLeafSpot127.jpg,gls,2_foliar_disease,,,,4,,,,,
GrayLeafSpot1270,coconut-tree-disease,Dataset/Coconut Tree Disease Dataset/Gray Leaf Spot/GrayLeafSpot1270.jpg,gls,2_foliar_disease,,,,1,,,,,
GrayLeafSpot1271,coconut-tree-disease,Dataset/Coconut Tree Disease Dataset/Gray Leaf Spot/GrayLeafSpot1271.jpg,gls,2_foliar_disease,,,,0,,,,,
GrayLeafSpot1272,coconut-tree-disease,Dataset/Coconut Tree Disease Dataset/Gray Leaf Spot/GrayLeafSpot1272.jpg,gls,2_foliar_disease,,,,2,,,,,
GrayLeafSpot1273,coconut-tree-disease,Dataset/Coconut Tree Disease Dataset/Gray Leaf Spot/GrayLeafSpot1273.jpg,gls,2_foliar_disease,,,,2,,,,,
GrayLeafSpot1274,coconut-tree-disease,Dataset/Coconut Tree Disease Dataset/Gray Leaf Spot/GrayLeafSpot1274.jpg,gls,2_foliar_disease,,,,2,,,,,
GrayLeafSpot1275,coconut-tree-disease,Dataset/Coconut Tree Disease Dataset/Gray Leaf Spot/GrayLeafSpot1275.jpg,gls,2_foliar_disease,,,,1,,,,,
GrayLeafSpot1276,coconut-tree-disease,Dataset/Coconut Tree Disease Dataset/Gray Leaf Spot/GrayLeafSpot1276.jpg,gls,2_foliar_disease,,,,0,,,,,
GrayLeafSpot1277,coconut-tree-disease,Dataset/Coconut Tree Disease Dataset/Gray Leaf Spot/GrayLeafSpot1277.jpg,gls,2_foliar_disease,,,,1,,,,,
GrayLeafSpot1278,coconut-tree-disease,Dataset/Coconut Tree Disease Dataset/Gray Leaf Spot/GrayLeafSpot1278.jpg,gls,2_foliar_disease,,,,0,,,,,
GrayLeafSpot1279,coconut-tree-disease,Dataset/Coconut Tree Disease Dataset/Gray Leaf Spot/GrayLeafSpot1279.jpg,gls,2_foliar_disease,,,,4,,,,,
GrayLeafSpot128,coconut-tree-disease,Dataset/Coconut Tree Disease Dataset/Gray Leaf Spot/GrayLeafSpot128.jpg,gls,2_foliar_disease,,,,0,,,,,
GrayLeafSpot1280,coconut-tree-disease,Dataset/Coconut Tree Disease Dataset/Gray Leaf Spot/GrayLeafSpot1280.jpg,gls,2_foliar_disease,,,,3,,,,,
GrayLeafSpot1281,coconut-tree-disease,Dataset/Coconut Tree Disease Dataset/Gray Leaf Spot/GrayLeafSpot1281.jpg,gls,2_foliar_disease,,,,4,,,,,
GrayLeafSpot1282,coconut-tree-disease,Dataset/Coconut Tree Disease Dataset/Gray Leaf Spot/GrayLeafSpot1282.jpg,gls,2_foliar_disease,,,,2,,,,,
GrayLeafSpot1283,coconut-tree-disease,Dataset/Coconut Tree Disease Dataset/Gray Leaf Spot/GrayLeafSpot1283.jpg,gls,2_foliar_disease,,,,1,,,,,
GrayLeafSpot1284,coconut-tree-disease,Dataset/Coconut Tree Disease Dataset/Gray Leaf Spot/GrayLeafSpot1284.jpg,gls,2_foliar_disease,,,,2,,,,,
GrayLeafSpot1285,coconut-tree-disease,Dataset/Coconut Tree Disease Dataset/Gray Leaf Spot/GrayLeafSpot1285.jpg,gls,2_foliar_disease,,,,3,,,,,
GrayLeafSpot1286,coconut-tree-disease,Dataset/Coconut Tree Disease Dataset/Gray Leaf Spot/GrayLeafSpot1286.jpg,gls,2_foliar_disease,,,,4,,,,,
GrayLeafSpot1287,coconut-tree-disease,Dataset/Coconut Tree Disease Dataset/Gray Leaf Spot/GrayLeafSpot1287.jpg,gls,2_foliar_disease,,,,4,,,,,
GrayLeafSpot1288,coconut-tree-disease,Dataset/Coconut Tree Disease Dataset/Gray Leaf Spot/GrayLeafSpot1288.jpg,gls,2_foliar_disease,,,,4,,,,,
GrayLeafSpot1289,coconut-tree-disease,Dataset/Coconut Tree Disease Dataset/Gray Leaf Spot/GrayLeafSpot1289.jpg,gls,2_foliar_disease,,,,0,,,,,
GrayLeafSpot129,coconut-tree-disease,Dataset/Coconut Tree Disease Dataset/Gray Leaf Spot/GrayLeafSpot129.jpg,gls,2_foliar_disease,,,,4,,,,,
GrayLeafSpot1290,coconut-tree-disease,Dataset/Coconut Tree Disease Dataset/Gray Leaf Spot/GrayLeafSpot1290.jpg,gls,2_foliar_disease,,,,0,,,,,
GrayLeafSpot1291,coconut-tree-disease,Dataset/Coconut Tree Disease Dataset/Gray Leaf Spot/GrayLeafSpot1291.jpg,gls,2_foliar_disease,,,,1,,,,,
GrayLeafSpot1292,coconut-tree-disease,Dataset/Coconut Tree Disease Dataset/Gray Leaf Spot/GrayLeafSpot1292.jpg,gls,2_foliar_disease,,,,2,,,,,
GrayLeafSpot1293,coconut-tree-disease,Dataset/Coconut Tree Disease Dataset/Gray Leaf Spot/GrayLeafSpot1293.jpg,gls,2_foliar_disease,,,,4,,,,,
GrayLeafSpot1294,coconut-tree-disease,Dataset/Coconut Tree Disease Dataset/Gray Leaf Spot/GrayLeafSpot1294.jpg,gls,2_foliar_disease,,,,4,,,,,
GrayLeafSpot1295,coconut-tree-disease,Dataset/Coconut Tree Disease Dataset/Gray Leaf Spot/GrayLeafSpot1295.jpg,gls,2_foliar_disease,,,,4,,,,,
GrayLeafSpot1296,coconut-tree-disease,Dataset/Coconut Tree Disease Dataset/Gray Leaf Spot/GrayLeafSpot1296.jpg,gls,2_foliar_disease,,,,4,,,,,
GrayLeafSpot1297,coconut-tree-disease,Dataset/Coconut Tree Disease Dataset/Gray Leaf Spot/GrayLeafSpot1297.jpg,gls,2_foliar_disease,,,,4,,,,,
GrayLeafSpot1298,coconut-tree-disease,Dataset/Coconut Tree Disease Dataset/Gray Leaf Spot/GrayLeafSpot1298.jpg,gls,2_foliar_disease,,,,4,,,,,
GrayLeafSpot1299,coconut-tree-disease,Dataset/Coconut Tree Disease Dataset/Gray Leaf Spot/GrayLeafSpot1299.jpg,gls,2_foliar_disease,,,,2,,,,,
GrayLeafSpot130,coconut-tree-disease,Dataset/Coconut Tree Disease Dataset/Gray Leaf Spot/GrayLeafSpot130.jpg,gls,2_foliar_disease,,,,1,,,,,
GrayLeafSpot1300,coconut-tree-disease,Dataset/Coconut Tree Disease Dataset/Gray Leaf Spot/GrayLeafSpot1300.jpg,gls,2_foliar_disease,,,,3,,,,,
GrayLeafSpot1301,coconut-tree-disease,Dataset/Coconut Tree Disease Dataset/Gray Leaf Spot/GrayLeafSpot1301.jpg,gls,2_foliar_disease,,,,1,,,,,
GrayLeafSpot1302,coconut-tree-disease,Dataset/Coconut Tree Disease Dataset/Gray Leaf Spot/GrayLeafSpot1302.jpg,gls,2_foliar_disease,,,,4,,,,,
GrayLeafSpot1303,coconut-tree-disease,Dataset/Coconut Tree Disease Dataset/Gray Leaf Spot/GrayLeafSpot1303.jpg,gls,2_foliar_disease,,,,1,,,,,
GrayLeafSpot1304,coconut-tree-disease,Dataset/Coconut Tree Disease Dataset/Gray Leaf Spot/GrayLeafSpot1304.jpg,gls,2_foliar_disease,,,,1,,,,,
GrayLeafSpot1305,coconut-tree-disease,Dataset/Coconut Tree Disease Dataset/Gray Leaf Spot/GrayLeafSpot1305.jpg,gls,2_foliar_disease,,,,2,,,,,
GrayLeafSpot1306,coconut-tree-disease,Dataset/Coconut Tree Disease Dataset/Gray Leaf Spot/GrayLeafSpot1306.jpg,gls,2_foliar_disease,,,,1,,,,,
GrayLeafSpot1307,coconut-tree-disease,Dataset/Coconut Tree Disease Dataset/Gray Leaf Spot/GrayLeafSpot1307.jpg,gls,2_foliar_disease,,,,0,,,,,
GrayLeafSpot1308,coconut-tree-disease,Dataset/Coconut Tree Disease Dataset/Gray Leaf Spot/GrayLeafSpot1308.jpg,gls,2_foliar_disease,,,,0,,,,,
GrayLeafSpot1309,coconut-tree-disease,Dataset/Coconut Tree Disease Dataset/Gray Leaf Spot/GrayLeafSpot1309.jpg,gls,2_foliar_disease,,,,1,,,,,
GrayLeafSpot131,coconut-tree-disease,Dataset/Coconut Tree Disease Dataset/Gray Leaf Spot/GrayLeafSpot131.jpg,gls,2_foliar_disease,,,,0,,,,,
GrayLeafSpot1310,coconut-tree-disease,Dataset/Coconut Tree Disease Dataset/Gray Leaf Spot/GrayLeafSpot1310.jpg,gls,2_foliar_disease,,,,2,,,,,
GrayLeafSpot1311,coconut-tree-disease,Dataset/Coconut Tree Disease Dataset/Gray Leaf Spot/GrayLeafSpot1311.jpg,gls,2_foliar_disease,,,,4,,,,,
GrayLeafSpot1312,coconut-tree-disease,Dataset/Coconut Tree Disease Dataset/Gray Leaf Spot/GrayLeafSpot1312.jpg,gls,2_foliar_disease,,,,2,,,,,
GrayLeafSpot1313,coconut-tree-disease,Dataset/Coconut Tree Disease Dataset/Gray Leaf Spot/GrayLeafSpot1313.jpg,gls,2_foliar_disease,,,,4,,,,,
GrayLeafSpot1314,coconut-tree-disease,Dataset/Coconut Tree Disease Dataset/Gray Leaf Spot/GrayLeafSpot1314.jpg,gls,2_foliar_disease,,,,2,,,,,
GrayLeafSpot1315,coconut-tree-disease,Dataset/Coconut Tree Disease Dataset/Gray Leaf Spot/GrayLeafSpot1315.jpg,gls,2_foliar_disease,,,,1,,,,,
GrayLeafSpot1316,coconut-tree-disease,Dataset/Coconut Tree Disease Dataset/Gray Leaf Spot/GrayLeafSpot1316.jpg,gls,2_foliar_disease,,,,2,,,,,
GrayLeafSpot1317,coconut-tree-disease,Dataset/Coconut Tree Disease Dataset/Gray Leaf Spot/GrayLeafSpot1317.jpg,gls,2_foliar_disease,,,,4,,,,,
GrayLeafSpot1318,coconut-tree-disease,Dataset/Coconut Tree Disease Dataset/Gray Leaf Spot/GrayLeafSpot1318.jpg,gls,2_foliar_disease,,,,1,,,,,
GrayLeafSpot1319,coconut-tree-disease,Dataset/Coconut Tree Disease Dataset/Gray Leaf Spot/GrayLeafSpot1319.jpg,gls,2_foliar_disease,,,,4,,,,,
GrayLeafSpot132,coconut-tree-disease,Dataset/Coconut Tree Disease Dataset/Gray Leaf Spot/GrayLeafSpot132.jpg,gls,2_foliar_disease,,,,1,,,,,
GrayLeafSpot1320,coconut-tree-disease,Dataset/Coconut Tree Disease Dataset/Gray Leaf Spot/GrayLeafSpot1320.jpg,gls,2_foliar_disease,,,,0,,,,,
GrayLeafSpot1321,coconut-tree-disease,Dataset/Coconut Tree Disease Dataset/Gray Leaf Spot/GrayLeafSpot1321.jpg,gls,2_foliar_disease,,,,3,,,,,
GrayLeafSpot1322,coconut-tree-disease,Dataset/Coconut Tree Disease Dataset/Gray Leaf Spot/GrayLeafSpot1322.jpg,gls,2_foliar_disease,,,,4,,,,,
GrayLeafSpot1323,coconut-tree-disease,Dataset/Coconut Tree Disease Dataset/Gray Leaf Spot/GrayLeafSpot1323.jpg,gls,2_foliar_disease,,,,4,,,,,
GrayLeafSpot1324,coconut-tree-disease,Dataset/Coconut Tree Disease Dataset/Gray Leaf Spot/GrayLeafSpot1324.jpg,gls,2_foliar_disease,,,,4,,,,,
GrayLeafSpot1325,coconut-tree-disease,Dataset/Coconut Tree Disease Dataset/Gray Leaf Spot/GrayLeafSpot1325.jpg,gls,2_foliar_disease,,,,1,,,,,
GrayLeafSpot1326,coconut-tree-disease,Dataset/Coconut Tree Disease Dataset/Gray Leaf Spot/GrayLeafSpot1326.jpg,gls,2_foliar_disease,,,,1,,,,,
GrayLeafSpot1327,coconut-tree-disease,Dataset/Coconut Tree Disease Dataset/Gray Leaf Spot/GrayLeafSpot1327.jpg,gls,2_foliar_disease,,,,3,,,,,
GrayLeafSpot1328,coconut-tree-disease,Dataset/Coconut Tree Disease Dataset/Gray Leaf Spot/GrayLeafSpot1328.jpg,gls,2_foliar_disease,,,,0,,,,,
GrayLeafSpot1329,coconut-tree-disease,Dataset/Coconut Tree Disease Dataset/Gray Leaf Spot/GrayLeafSpot1329.jpg,gls,2_foliar_disease,,,,1,,,,,
GrayLeafSpot133,coconut-tree-disease,Dataset/Coconut Tree Disease Dataset/Gray Leaf Spot/GrayLeafSpot133.jpg,gls,2_foliar_disease,,,,4,,,,,
GrayLeafSpot1330,coconut-tree-disease,Dataset/Coconut Tree Disease Dataset/Gray Leaf Spot/GrayLeafSpot1330.jpg,gls,2_foliar_disease,,,,2,,,,,
GrayLeafSpot1331,coconut-tree-disease,Dataset/Coconut Tree Disease Dataset/Gray Leaf Spot/GrayLeafSpot1331.jpg,gls,2_foliar_disease,,,,0,,,,,
GrayLeafSpot1332,coconut-tree-disease,Dataset/Coconut Tree Disease Dataset/Gray Leaf Spot/GrayLeafSpot1332.jpg,gls,2_foliar_disease,,,,4,,,,,
GrayLeafSpot1333,coconut-tree-disease,Dataset/Coconut Tree Disease Dataset/Gray Leaf Spot/GrayLeafSpot1333.jpg,gls,2_foliar_disease,,,,0,,,,,
GrayLeafSpot1334,coconut-tree-disease,Dataset/Coconut Tree Disease Dataset/Gray Leaf Spot/GrayLeafSpot1334.jpg,gls,2_foliar_disease,,,,2,,,,,
GrayLeafSpot1335,coconut-tree-disease,Dataset/Coconut Tree Disease Dataset/Gray Leaf Spot/GrayLeafSpot1335.jpg,gls,2_foliar_disease,,,,3,,,,,
GrayLeafSpot1336,coconut-tree-disease,Dataset/Coconut Tree Disease Dataset/Gray Leaf Spot/GrayLeafSpot1336.jpg,gls,2_foliar_disease,,,,2,,,,,
GrayLeafSpot1337,coconut-tree-disease,Dataset/Coconut Tree Disease Dataset/Gray Leaf Spot/GrayLeafSpot1337.jpg,gls,2_foliar_disease,,,,4,,,,,
GrayLeafSpot1338,coconut-tree-disease,Dataset/Coconut Tree Disease Dataset/Gray Leaf Spot/GrayLeafSpot1338.jpg,gls,2_foliar_disease,,,,2,,,,,
GrayLeafSpot1339,coconut-tree-disease,Dataset/Coconut Tree Disease Dataset/Gray Leaf Spot/GrayLeafSpot1339.jpg,gls,2_foliar_disease,,,,3,,,,,
GrayLeafSpot134,coconut-tree-disease,Dataset/Coconut Tree Disease Dataset/Gray Leaf Spot/GrayLeafSpot134.jpg,gls,2_foliar_disease,,,,1,,,,,
GrayLeafSpot1340,coconut-tree-disease,Dataset/Coconut Tree Disease Dataset/Gray Leaf Spot/GrayLeafSpot1340.jpg,gls,2_foliar_disease,,,,3,,,,,
GrayLeafSpot1341,coconut-tree-disease,Dataset/Coconut Tree Disease Dataset/Gray Leaf Spot/GrayLeafSpot1341.jpg,gls,2_foliar_disease,,,,0,,,,,
GrayLeafSpot1342,coconut-tree-disease,Dataset/Coconut Tree Disease Dataset/Gray Leaf Spot/GrayLeafSpot1342.jpg,gls,2_foliar_disease,,,,0,,,,,
GrayLeafSpot1343,coconut-tree-disease,Dataset/Coconut Tree Disease Dataset/Gray Leaf Spot/GrayLeafSpot1343.jpg,gls,2_foliar_disease,,,,0,,,,,
GrayLeafSpot1344,coconut-tree-disease,Dataset/Coconut Tree Disease Dataset/Gray Leaf Spot/GrayLeafSpot1344.jpg,gls,2_foliar_disease,,,,3,,,,,
GrayLeafSpot1345,coconut-tree-disease,Dataset/Coconut Tree Disease Dataset/Gray Leaf Spot/GrayLeafSpot1345.jpg,gls,2_foliar_disease,,,,4,,,,,
GrayLeafSpot1346,coconut-tree-disease,Dataset/Coconut Tree Disease Dataset/Gray Leaf Spot/GrayLeafSpot1346.jpg,gls,2_foliar_disease,,,,2,,,,,
GrayLeafSpot1347,coconut-tree-disease,Dataset/Coconut Tree Disease Dataset/Gray Leaf Spot/GrayLeafSpot1347.jpg,gls,2_foliar_disease,,,,2,,,,,
GrayLeafSpot1348,coconut-tree-disease,Dataset/Coconut Tree Disease Dataset/Gray Leaf Spot/GrayLeafSpot1348.jpg,gls,2_foliar_disease,,,,0,,,,,
GrayLeafSpot1349,coconut-tree-disease,Dataset/Coconut Tree Disease Dataset/Gray Leaf Spot/GrayLeafSpot1349.jpg,gls,2_foliar_disease,,,,4,,,,,
GrayLeafSpot135,coconut-tree-disease,Dataset/Coconut Tree Disease Dataset/Gray Leaf Spot/GrayLeafSpot135.jpg,gls,2_foliar_disease,,,,3,,,,,
GrayLeafSpot1350,coconut-tree-disease,Dataset/Coconut Tree Disease Dataset/Gray Leaf Spot/GrayLeafSpot1350.jpg,gls,2_foliar_disease,,,,0,,,,,
GrayLeafSpot1351,coconut-tree-disease,Dataset/Coconut Tree Disease Dataset/Gray Leaf Spot/GrayLeafSpot1351.jpg,gls,2_foliar_disease,,,,2,,,,,
GrayLeafSpot1352,coconut-tree-disease,Dataset/Coconut Tree Disease Dataset/Gray Leaf Spot/GrayLeafSpot1352.jpg,gls,2_foliar_disease,,,,2,,,,,
GrayLeafSpot1353,coconut-tree-disease,Dataset/Coconut Tree Disease Dataset/Gray Leaf Spot/GrayLeafSpot1353.jpg,gls,2_foliar_disease,,,,4,,,,,
GrayLeafSpot1354,coconut-tree-disease,Dataset/Coconut Tree Disease Dataset/Gray Leaf Spot/GrayLeafSpot1354.jpg,gls,2_foliar_disease,,,,3,,,,,
GrayLeafSpot1355,coconut-tree-disease,Dataset/Coconut Tree Disease Dataset/Gray Leaf Spot/GrayLeafSpot1355.jpg,gls,2_foliar_disease,,,,4,,,,,
GrayLeafSpot1356,coconut-tree-disease,Dataset/Coconut Tree Disease Dataset/Gray Leaf Spot/GrayLeafSpot1356.jpg,gls,2_foliar_disease,,,,4,,,,,
GrayLeafSpot1357,coconut-tree-disease,Dataset/Coconut Tree Disease Dataset/Gray Leaf Spot/GrayLeafSpot1357.jpg,gls,2_foliar_disease,,,,4,,,,,
GrayLeafSpot1358,coconut-tree-disease,Dataset/Coconut Tree Disease Dataset/Gray Leaf Spot/GrayLeafSpot1358.jpg,gls,2_foliar_disease,,,,0,,,,,
GrayLeafSpot1359,coconut-tree-disease,Dataset/Coconut Tree Disease Dataset/Gray Leaf Spot/GrayLeafSpot1359.jpg,gls,2_foliar_disease,,,,4,,,,,
GrayLeafSpot136,coconut-tree-disease,Dataset/Coconut Tree Disease Dataset/Gray Leaf Spot/GrayLeafSpot136.jpg,gls,2_foliar_disease,,,,3,,,,,
GrayLeafSpot1360,coconut-tree-disease,Dataset/Coconut Tree Disease Dataset/Gray Leaf Spot/GrayLeafSpot1360.jpg,gls,2_foliar_disease,,,,1,,,,,
GrayLeafSpot1361,coconut-tree-disease,Dataset/Coconut Tree Disease Dataset/Gray Leaf Spot/GrayLeafSpot1361.jpg,gls,2_foliar_disease,,,,2,,,,,
GrayLeafSpot1362,coconut-tree-disease,Dataset/Coconut Tree Disease Dataset/Gray Leaf Spot/GrayLeafSpot1362.jpg,gls,2_foliar_disease,,,,1,,,,,
GrayLeafSpot1363,coconut-tree-disease,Dataset/Coconut Tree Disease Dataset/Gray Leaf Spot/GrayLeafSpot1363.jpg,gls,2_foliar_disease,,,,0,,,,,
GrayLeafSpot1364,coconut-tree-disease,Dataset/Coconut Tree Disease Dataset/Gray Leaf Spot/GrayLeafSpot1364.jpg,gls,2_foliar_disease,,,,1,,,,,
GrayLeafSpot1365,coconut-tree-disease,Dataset/Coconut Tree Disease Dataset/Gray Leaf Spot/GrayLeafSpot1365.jpg,gls,2_foliar_disease,,,,3,,,,,
GrayLeafSpot1366,coconut-tree-disease,Dataset/Coconut Tree Disease Dataset/Gray Leaf Spot/GrayLeafSpot1366.jpg,gls,2_foliar_disease,,,,3,,,,,
GrayLeafSpot1367,coconut-tree-disease,Dataset/Coconut Tree Disease Dataset/Gray Leaf Spot/GrayLeafSpot1367.jpg,gls,2_foliar_disease,,,,2,,,,,
GrayLeafSpot1368,coconut-tree-disease,Dataset/Coconut Tree Disease Dataset/Gray Leaf Spot/GrayLeafSpot1368.jpg,gls,2_foliar_disease,,,,2,,,,,
GrayLeafSpot1369,coconut-tree-disease,Dataset/Coconut Tree Disease Dataset/Gray Leaf Spot/GrayLeafSpot1369.jpg,gls,2_foliar_disease,,,,1,,,,,
GrayLeafSpot137,coconut-tree-disease,Dataset/Coconut Tree Disease Dataset/Gray Leaf Spot/GrayLeafSpot137.jpg,gls,2_foliar_disease,,,,1,,,,,
GrayLeafSpot1370,coconut-tree-disease,Dataset/Coconut Tree Disease Dataset/Gray Leaf Spot/GrayLeafSpot1370.jpg,gls,2_foliar_disease,,,,0,,,,,
GrayLeafSpot1371,coconut-tree-disease,Dataset/Coconut Tree Disease Dataset/Gray Leaf Spot/GrayLeafSpot1371.jpg,gls,2_foliar_disease,,,,4,,,,,
GrayLeafSpot1372,coconut-tree-disease,Dataset/Coconut Tree Disease Dataset/Gray Leaf Spot/GrayLeafSpot1372.jpg,gls,2_foliar_disease,,,,0,,,,,
GrayLeafSpot1373,coconut-tree-disease,Dataset/Coconut Tree Disease Dataset/Gray Leaf Spot/GrayLeafSpot1373.jpg,gls,2_foliar_disease,,,,1,,,,,
GrayLeafSpot1374,coconut-tree-disease,Dataset/Coconut Tree Disease Dataset/Gray Leaf Spot/GrayLeafSpot1374.jpg,gls,2_foliar_disease,,,,3,,,,,
GrayLeafSpot1375,coconut-tree-disease,Dataset/Coconut Tree Disease Dataset/Gray Leaf Spot/GrayLeafSpot1375.jpg,gls,2_foliar_disease,,,,2,,,,,
GrayLeafSpot1376,coconut-tree-disease,Dataset/Coconut Tree Disease Dataset/Gray Leaf Spot/GrayLeafSpot1376.jpg,gls,2_foliar_disease,,,,3,,,,,
GrayLeafSpot1377,coconut-tree-disease,Dataset/Coconut Tree Disease Dataset/Gray Leaf Spot/GrayLeafSpot1377.jpg,gls,2_foliar_disease,,,,2,,,,,
GrayLeafSpot1378,coconut-tree-disease,Dataset/Coconut Tree Disease Dataset/Gray Leaf Spot/GrayLeafSpot1378.jpg,gls,2_foliar_disease,,,,2,,,,,
GrayLeafSpot1379,coconut-tree-disease,Dataset/Coconut Tree Disease Dataset/Gray Leaf Spot/GrayLeafSpot1379.jpg,gls,2_foliar_disease,,,,3,,,,,
GrayLeafSpot138,coconut-tree-disease,Dataset/Coconut Tree Disease Dataset/Gray Leaf Spot/GrayLeafSpot138.jpg,gls,2_foliar_disease,,,,3,,,,,
GrayLeafSpot1380,coconut-tree-disease,Dataset/Coconut Tree Disease Dataset/Gray Leaf Spot/GrayLeafSpot1380.jpg,gls,2_foliar_disease,,,,1,,,,,
GrayLeafSpot1381,coconut-tree-disease,Dataset/Coconut Tree Disease Dataset/Gray Leaf Spot/GrayLeafSpot1381.jpg,gls,2_foliar_disease,,,,3,,,,,
GrayLeafSpot1382,coconut-tree-disease,Dataset/Coconut Tree Disease Dataset/Gray Leaf Spot/GrayLeafSpot1382.jpg,gls,2_foliar_disease,,,,0,,,,,
GrayLeafSpot1383,coconut-tree-disease,Dataset/Coconut Tree Disease Dataset/Gray Leaf Spot/GrayLeafSpot1383.jpg,gls,2_foliar_disease,,,,3,,,,,
GrayLeafSpot1384,coconut-tree-disease,Dataset/Coconut Tree Disease Dataset/Gray Leaf Spot/GrayLeafSpot1384.jpg,gls,2_foliar_disease,,,,1,,,,,
GrayLeafSpot1385,coconut-tree-disease,Dataset/Coconut Tree Disease Dataset/Gray Leaf Spot/GrayLeafSpot1385.jpg,gls,2_foliar_disease,,,,3,,,,,
GrayLeafSpot1386,coconut-tree-disease,Dataset/Coconut Tree Disease Dataset/Gray Leaf Spot/GrayLeafSpot1386.jpg,gls,2_foliar_disease,,,,0,,,,,
GrayLeafSpot1387,coconut-tree-disease,Dataset/Coconut Tree Disease Dataset/Gray Leaf Spot/GrayLeafSpot1387.jpg,gls,2_foliar_disease,,,,3,,,,,
GrayLeafSpot1388,coconut-tree-disease,Dataset/Coconut Tree Disease Dataset/Gray Leaf Spot/GrayLeafSpot1388.jpg,gls,2_foliar_disease,,,,4,,,,,
GrayLeafSpot1389,coconut-tree-disease,Dataset/Coconut Tree Disease Dataset/Gray Leaf Spot/GrayLeafSpot1389.jpg,gls,2_foliar_disease,,,,3,,,,,
GrayLeafSpot139,coconut-tree-disease,Dataset/Coconut Tree Disease Dataset/Gray Leaf Spot/GrayLeafSpot139.jpg,gls,2_foliar_disease,,,,0,,,,,
GrayLeafSpot1390,coconut-tree-disease,Dataset/Coconut Tree Disease Dataset/Gray Leaf Spot/GrayLeafSpot1390.jpg,gls,2_foliar_disease,,,,1,,,,,
GrayLeafSpot1391,coconut-tree-disease,Dataset/Coconut Tree Disease Dataset/Gray Leaf Spot/GrayLeafSpot1391.jpg,gls,2_foliar_disease,,,,0,,,,,
GrayLeafSpot1392,coconut-tree-disease,Dataset/Coconut Tree Disease Dataset/Gray Leaf Spot/GrayLeafSpot1392.jpg,gls,2_foliar_disease,,,,2,,,,,
GrayLeafSpot1393,coconut-tree-disease,Dataset/Coconut Tree Disease Dataset/Gray Leaf Spot/GrayLeafSpot1393.jpg,gls,2_foliar_disease,,,,2,,,,,
GrayLeafSpot1394,coconut-tree-disease,Dataset/Coconut Tree Disease Dataset/Gray Leaf Spot/GrayLeafSpot1394.jpg,gls,2_foliar_disease,,,,0,,,,,
GrayLeafSpot1395,coconut-tree-disease,Dataset/Coconut Tree Disease Dataset/Gray Leaf Spot/GrayLeafSpot1395.jpg,gls,2_foliar_disease,,,,4,,,,,
GrayLeafSpot1396,coconut-tree-disease,Dataset/Coconut Tree Disease Dataset/Gray Leaf Spot/GrayLeafSpot1396.jpg,gls,2_foliar_disease,,,,3,,,,,
GrayLeafSpot1397,coconut-tree-disease,Dataset/Coconut Tree Disease Dataset/Gray Leaf Spot/GrayLeafSpot1397.jpg,gls,2_foliar_disease,,,,1,,,,,
GrayLeafSpot1398,coconut-tree-disease,Dataset/Coconut Tree Disease Dataset/Gray Leaf Spot/GrayLeafSpot1398.jpg,gls,2_foliar_disease,,,,2,,,,,
GrayLeafSpot1399,coconut-tree-disease,Dataset/Coconut Tree Disease Dataset/Gray Leaf Spot/GrayLeafSpot1399.jpg,gls,2_foliar_disease,,,,0,,,,,
GrayLeafSpot140,coconut-tree-disease,Dataset/Coconut Tree Disease Dataset/Gray Leaf Spot/GrayLeafSpot140.jpg,gls,2_foliar_disease,,,,2,,,,,
GrayLeafSpot1400,coconut-tree-disease,Dataset/Coconut Tree Disease Dataset/Gray Leaf Spot/GrayLeafSpot1400.jpg,gls,2_foliar_disease,,,,0,,,,,
GrayLeafSpot1401,coconut-tree-disease,Dataset/Coconut Tree Disease Dataset/Gray Leaf Spot/GrayLeafSpot1401.jpg,gls,2_foliar_disease,,,,2,,,,,
GrayLeafSpot1402,coconut-tree-disease,Dataset/Coconut Tree Disease Dataset/Gray Leaf Spot/GrayLeafSpot1402.jpg,gls,2_foliar_disease,,,,1,,,,,
GrayLeafSpot1403,coconut-tree-disease,Dataset/Coconut Tree Disease Dataset/Gray Leaf Spot/GrayLeafSpot1403.jpg,gls,2_foliar_disease,,,,2,,,,,
GrayLeafSpot1404,coconut-tree-disease,Dataset/Coconut Tree Disease Dataset/Gray Leaf Spot/GrayLeafSpot1404.jpg,gls,2_foliar_disease,,,,2,,,,,
GrayLeafSpot1405,coconut-tree-disease,Dataset/Coconut Tree Disease Dataset/Gray Leaf Spot/GrayLeafSpot1405.jpg,gls,2_foliar_disease,,,,2,,,,,
GrayLeafSpot1406,coconut-tree-disease,Dataset/Coconut Tree Disease Dataset/Gray Leaf Spot/GrayLeafSpot1406.jpg,gls,2_foliar_disease,,,,1,,,,,
GrayLeafSpot1407,coconut-tree-disease,Dataset/Coconut Tree Disease Dataset/Gray Leaf Spot/GrayLeafSpot1407.jpg,gls,2_foliar_disease,,,,2,,,,,
GrayLeafSpot1408,coconut-tree-disease,Dataset/Coconut Tree Disease Dataset/Gray Leaf Spot/GrayLeafSpot1408.jpg,gls,2_foliar_disease,,,,0,,,,,
GrayLeafSpot1409,coconut-tree-disease,Dataset/Coconut Tree Disease Dataset/Gray Leaf Spot/GrayLeafSpot1409.jpg,gls,2_foliar_disease,,,,1,,,,,
GrayLeafSpot141,coconut-tree-disease,Dataset/Coconut Tree Disease Dataset/Gray Leaf Spot/GrayLeafSpot141.jpg,gls,2_foliar_disease,,,,3,,,,,
GrayLeafSpot1410,coconut-tree-disease,Dataset/Coconut Tree Disease Dataset/Gray Leaf Spot/GrayLeafSpot1410.jpg,gls,2_foliar_disease,,,,1,,,,,
GrayLeafSpot1411,coconut-tree-disease,Dataset/Coconut Tree Disease Dataset/Gray Leaf Spot/GrayLeafSpot1411.jpg,gls,2_foliar_disease,,,,3,,,,,
GrayLeafSpot1412,coconut-tree-disease,Dataset/Coconut Tree Disease Dataset/Gray Leaf Spot/GrayLeafSpot1412.jpg,gls,2_foliar_disease,,,,0,,,,,
GrayLeafSpot1413,coconut-tree-disease,Dataset/Coconut Tree Disease Dataset/Gray Leaf Spot/GrayLeafSpot1413.jpg,gls,2_foliar_disease,,,,4,,,,,
GrayLeafSpot1414,coconut-tree-disease,Dataset/Coconut Tree Disease Dataset/Gray Leaf Spot/GrayLeafSpot1414.jpg,gls,2_foliar_disease,,,,2,,,,,
GrayLeafSpot1415,coconut-tree-disease,Dataset/Coconut Tree Disease Dataset/Gray Leaf Spot/GrayLeafSpot1415.jpg,gls,2_foliar_disease,,,,0,,,,,
GrayLeafSpot1416,coconut-tree-disease,Dataset/Coconut Tree Disease Dataset/Gray Leaf Spot/GrayLeafSpot1416.jpg,gls,2_foliar_disease,,,,2,,,,,
GrayLeafSpot1417,coconut-tree-disease,Dataset/Coconut Tree Disease Dataset/Gray Leaf Spot/GrayLeafSpot1417.jpg,gls,2_foliar_disease,,,,1,,,,,
GrayLeafSpot1418,coconut-tree-disease,Dataset/Coconut Tree Disease Dataset/Gray Leaf Spot/GrayLeafSpot1418.jpg,gls,2_foliar_disease,,,,1,,,,,
GrayLeafSpot1419,coconut-tree-disease,Dataset/Coconut Tree Disease Dataset/Gray Leaf Spot/GrayLeafSpot1419.jpg,gls,2_foliar_disease,,,,2,,,,,
GrayLeafSpot142,coconut-tree-disease,Dataset/Coconut Tree Disease Dataset/Gray Leaf Spot/GrayLeafSpot142.jpg,gls,2_foliar_disease,,,,3,,,,,
GrayLeafSpot1420,coconut-tree-disease,Dataset/Coconut Tree Disease Dataset/Gray Leaf Spot/GrayLeafSpot1420.jpg,gls,2_foliar_disease,,,,3,,,,,
GrayLeafSpot1421,coconut-tree-disease,Dataset/Coconut Tree Disease Dataset/Gray Leaf Spot/GrayLeafSpot1421.jpg,gls,2_foliar_disease,,,,3,,,,,
GrayLeafSpot1422,coconut-tree-disease,Dataset/Coconut Tree Disease Dataset/Gray Leaf Spot/GrayLeafSpot1422.jpg,gls,2_foliar_disease,,,,2,,,,,
GrayLeafSpot1423,coconut-tree-disease,Dataset/Coconut Tree Disease Dataset/Gray Leaf Spot/GrayLeafSpot1423.jpg,gls,2_foliar_disease,,,,2,,,,,
GrayLeafSpot1424,coconut-tree-disease,Dataset/Coconut Tree Disease Dataset/Gray Leaf Spot/GrayLeafSpot1424.jpg,gls,2_foliar_disease,,,,3,,,,,
GrayLeafSpot1425,coconut-tree-disease,Dataset/Coconut Tree Disease Dataset/Gray Leaf Spot/GrayLeafSpot1425.jpg,gls,2_foliar_disease,,,,1,,,,,
GrayLeafSpot1426,coconut-tree-disease,Dataset/Coconut Tree Disease Dataset/Gray Leaf Spot/GrayLeafSpot1426.jpg,gls,2_foliar_disease,,,,3,,,,,
GrayLeafSpot1427,coconut-tree-disease,Dataset/Coconut Tree Disease Dataset/Gray Leaf Spot/GrayLeafSpot1427.jpg,gls,2_foliar_disease,,,,0,,,,,
GrayLeafSpot1428,coconut-tree-disease,Dataset/Coconut Tree Disease Dataset/Gray Leaf Spot/GrayLeafSpot1428.jpg,gls,2_foliar_disease,,,,0,,,,,
GrayLeafSpot1429,coconut-tree-disease,Dataset/Coconut Tree Disease Dataset/Gray Leaf Spot/GrayLeafSpot1429.jpg,gls,2_foliar_disease,,,,3,,,,,
GrayLeafSpot143,coconut-tree-disease,Dataset/Coconut Tree Disease Dataset/Gray Leaf Spot/GrayLeafSpot143.jpg,gls,2_foliar_disease,,,,1,,,,,
GrayLeafSpot1430,coconut-tree-disease,Dataset/Coconut Tree Disease Dataset/Gray Leaf Spot/GrayLeafSpot1430.jpg,gls,2_foliar_disease,,,,2,,,,,
GrayLeafSpot1431,coconut-tree-disease,Dataset/Coconut Tree Disease Dataset/Gray Leaf Spot/GrayLeafSpot1431.jpg,gls,2_foliar_disease,,,,2,,,,,
GrayLeafSpot1432,coconut-tree-disease,Dataset/Coconut Tree Disease Dataset/Gray Leaf Spot/GrayLeafSpot1432.jpg,gls,2_foliar_disease,,,,1,,,,,
GrayLeafSpot1433,coconut-tree-disease,Dataset/Coconut Tree Disease Dataset/Gray Leaf Spot/GrayLeafSpot1433.jpg,gls,2_foliar_disease,,,,1,,,,,
GrayLeafSpot1434,coconut-tree-disease,Dataset/Coconut Tree Disease Dataset/Gray Leaf Spot/GrayLeafSpot1434.jpg,gls,2_foliar_disease,,,,2,,,,,
GrayLeafSpot1435,coconut-tree-disease,Dataset/Coconut Tree Disease Dataset/Gray Leaf Spot/GrayLeafSpot1435.jpg,gls,2_foliar_disease,,,,1,,,,,
GrayLeafSpot1436,coconut-tree-disease,Dataset/Coconut Tree Disease Dataset/Gray Leaf Spot/GrayLeafSpot1436.jpg,gls,2_foliar_disease,,,,2,,,,,
GrayLeafSpot1437,coconut-tree-disease,Dataset/Coconut Tree Disease Dataset/Gray Leaf Spot/GrayLeafSpot1437.jpg,gls,2_foliar_disease,,,,2,,,,,
GrayLeafSpot1438,coconut-tree-disease,Dataset/Coconut Tree Disease Dataset/Gray Leaf Spot/GrayLeafSpot1438.jpg,gls,2_foliar_disease,,,,0,,,,,
GrayLeafSpot1439,coconut-tree-disease,Dataset/Coconut Tree Disease Dataset/Gray Leaf Spot/GrayLeafSpot1439.jpg,gls,2_foliar_disease,,,,0,,,,,
GrayLeafSpot144,coconut-tree-disease,Dataset/Coconut Tree Disease Dataset/Gray Leaf Spot/GrayLeafSpot144.jpg,gls,2_foliar_disease,,,,1,,,,,
GrayLeafSpot1440,coconut-tree-disease,Dataset/Coconut Tree Disease Dataset/Gray Leaf Spot/GrayLeafSpot1440.jpg,gls,2_foliar_disease,,,,0,,,,,
GrayLeafSpot1441,coconut-tree-disease,Dataset/Coconut Tree Disease Dataset/Gray Leaf Spot/GrayLeafSpot1441.jpg,gls,2_foliar_disease,,,,3,,,,,
GrayLeafSpot1442,coconut-tree-disease,Dataset/Coconut Tree Disease Dataset/Gray Leaf Spot/GrayLeafSpot1442.jpg,gls,2_foliar_disease,,,,2,,,,,
GrayLeafSpot1443,coconut-tree-disease,Dataset/Coconut Tree Disease Dataset/Gray Leaf Spot/GrayLeafSpot1443.jpg,gls,2_foliar_disease,,,,2,,,,,
GrayLeafSpot1444,coconut-tree-disease,Dataset/Coconut Tree Disease Dataset/Gray Leaf Spot/GrayLeafSpot1444.jpg,gls,2_foliar_disease,,,,3,,,,,
GrayLeafSpot1445,coconut-tree-disease,Dataset/Coconut Tree Disease Dataset/Gray Leaf Spot/GrayLeafSpot1445.jpg,gls,2_foliar_disease,,,,2,,,,,
GrayLeafSpot1446,coconut-tree-disease,Dataset/Coconut Tree Disease Dataset/Gray Leaf Spot/GrayLeafSpot1446.jpg,gls,2_foliar_disease,,,,4,,,,,
GrayLeafSpot1447,coconut-tree-disease,Dataset/Coconut Tree Disease Dataset/Gray Leaf Spot/GrayLeafSpot1447.jpg,gls,2_foliar_disease,,,,3,,,,,
GrayLeafSpot1448,coconut-tree-disease,Dataset/Coconut Tree Disease Dataset/Gray Leaf Spot/GrayLeafSpot1448.jpg,gls,2_foliar_disease,,,,4,,,,,
GrayLeafSpot1449,coconut-tree-disease,Dataset/Coconut Tree Disease Dataset/Gray Leaf Spot/GrayLeafSpot1449.jpg,gls,2_foliar_disease,,,,3,,,,,
GrayLeafSpot145,coconut-tree-disease,Dataset/Coconut Tree Disease Dataset/Gray Leaf Spot/GrayLeafSpot145.jpg,gls,2_foliar_disease,,,,2,,,,,
GrayLeafSpot1450,coconut-tree-disease,Dataset/Coconut Tree Disease Dataset/Gray Leaf Spot/GrayLeafSpot1450.jpg,gls,2_foliar_disease,,,,4,,,,,
GrayLeafSpot1451,coconut-tree-disease,Dataset/Coconut Tree Disease Dataset/Gray Leaf Spot/GrayLeafSpot1451.jpg,gls,2_foliar_disease,,,,2,,,,,
GrayLeafSpot1452,coconut-tree-disease,Dataset/Coconut Tree Disease Dataset/Gray Leaf Spot/GrayLeafSpot1452.jpg,gls,2_foliar_disease,,,,1,,,,,
GrayLeafSpot1453,coconut-tree-disease,Dataset/Coconut Tree Disease Dataset/Gray Leaf Spot/GrayLeafSpot1453.jpg,gls,2_foliar_disease,,,,1,,,,,
GrayLeafSpot1454,coconut-tree-disease,Dataset/Coconut Tree Disease Dataset/Gray Leaf Spot/GrayLeafSpot1454.jpg,gls,2_foliar_disease,,,,4,,,,,
GrayLeafSpot1455,coconut-tree-disease,Dataset/Coconut Tree Disease Dataset/Gray Leaf Spot/GrayLeafSpot1455.jpg,gls,2_foliar_disease,,,,2,,,,,
GrayLeafSpot1456,coconut-tree-disease,Dataset/Coconut Tree Disease Dataset/Gray Leaf Spot/GrayLeafSpot1456.jpg,gls,2_foliar_disease,,,,1,,,,,
GrayLeafSpot1457,coconut-tree-disease,Dataset/Coconut Tree Disease Dataset/Gray Leaf Spot/GrayLeafSpot1457.jpg,gls,2_foliar_disease,,,,0,,,,,
GrayLeafSpot1458,coconut-tree-disease,Dataset/Coconut Tree Disease Dataset/Gray Leaf Spot/GrayLeafSpot1458.jpg,gls,2_foliar_disease,,,,1,,,,,
GrayLeafSpot1459,coconut-tree-disease,Dataset/Coconut Tree Disease Dataset/Gray Leaf Spot/GrayLeafSpot1459.jpg,gls,2_foliar_disease,,,,1,,,,,
GrayLeafSpot146,coconut-tree-disease,Dataset/Coconut Tree Disease Dataset/Gray Leaf Spot/GrayLeafSpot146.jpg,gls,2_foliar_disease,,,,1,,,,,
GrayLeafSpot1460,coconut-tree-disease,Dataset/Coconut Tree Disease Dataset/Gray Leaf Spot/GrayLeafSpot1460.jpg,gls,2_foliar_disease,,,,2,,,,,
GrayLeafSpot1461,coconut-tree-disease,Dataset/Coconut Tree Disease Dataset/Gray Leaf Spot/GrayLeafSpot1461.jpg,gls,2_foliar_disease,,,,0,,,,,
GrayLeafSpot1462,coconut-tree-disease,Dataset/Coconut Tree Disease Dataset/Gray Leaf Spot/GrayLeafSpot1462.jpg,gls,2_foliar_disease,,,,1,,,,,
GrayLeafSpot1463,coconut-tree-disease,Dataset/Coconut Tree Disease Dataset/Gray Leaf Spot/GrayLeafSpot1463.jpg,gls,2_foliar_disease,,,,1,,,,,
GrayLeafSpot1464,coconut-tree-disease,Dataset/Coconut Tree Disease Dataset/Gray Leaf Spot/GrayLeafSpot1464.jpg,gls,2_foliar_disease,,,,3,,,,,
GrayLeafSpot1465,coconut-tree-disease,Dataset/Coconut Tree Disease Dataset/Gray Leaf Spot/GrayLeafSpot1465.jpg,gls,2_foliar_disease,,,,3,,,,,
GrayLeafSpot1466,coconut-tree-disease,Dataset/Coconut Tree Disease Dataset/Gray Leaf Spot/GrayLeafSpot1466.jpg,gls,2_foliar_disease,,,,1,,,,,
GrayLeafSpot1467,coconut-tree-disease,Dataset/Coconut Tree Disease Dataset/Gray Leaf Spot/GrayLeafSpot1467.jpg,gls,2_foliar_disease,,,,3,,,,,
GrayLeafSpot1468,coconut-tree-disease,Dataset/Coconut Tree Disease Dataset/Gray Leaf Spot/GrayLeafSpot1468.jpg,gls,2_foliar_disease,,,,2,,,,,
GrayLeafSpot1469,coconut-tree-disease,Dataset/Coconut Tree Disease Dataset/Gray Leaf Spot/GrayLeafSpot1469.jpg,gls,2_foliar_disease,,,,1,,,,,
GrayLeafSpot147,coconut-tree-disease,Dataset/Coconut Tree Disease Dataset/Gray Leaf Spot/GrayLeafSpot147.jpg,gls,2_foliar_disease,,,,1,,,,,
GrayLeafSpot1470,coconut-tree-disease,Dataset/Coconut Tree Disease Dataset/Gray Leaf Spot/GrayLeafSpot1470.jpg,gls,2_foliar_disease,,,,1,,,,,
GrayLeafSpot1471,coconut-tree-disease,Dataset/Coconut Tree Disease Dataset/Gray Leaf Spot/GrayLeafSpot1471.jpg,gls,2_foliar_disease,,,,2,,,,,
GrayLeafSpot1472,coconut-tree-disease,Dataset/Coconut Tree Disease Dataset/Gray Leaf Spot/GrayLeafSpot1472.jpg,gls,2_foliar_disease,,,,4,,,,,
GrayLeafSpot1473,coconut-tree-disease,Dataset/Coconut Tree Disease Dataset/Gray Leaf Spot/GrayLeafSpot1473.jpg,gls,2_foliar_disease,,,,3,,,,,
GrayLeafSpot1474,coconut-tree-disease,Dataset/Coconut Tree Disease Dataset/Gray Leaf Spot/GrayLeafSpot1474.jpg,gls,2_foliar_disease,,,,3,,,,,
GrayLeafSpot1475,coconut-tree-disease,Dataset/Coconut Tree Disease Dataset/Gray Leaf Spot/GrayLeafSpot1475.jpg,gls,2_foliar_disease,,,,1,,,,,
GrayLeafSpot1476,coconut-tree-disease,Dataset/Coconut Tree Disease Dataset/Gray Leaf Spot/GrayLeafSpot1476.jpg,gls,2_foliar_disease,,,,3,,,,,
GrayLeafSpot1477,coconut-tree-disease,Dataset/Coconut Tree Disease Dataset/Gray Leaf Spot/GrayLeafSpot1477.jpg,gls,2_foliar_disease,,,,2,,,,,
GrayLeafSpot1478,coconut-tree-disease,Dataset/Coconut Tree Disease Dataset/Gray Leaf Spot/GrayLeafSpot1478.jpg,gls,2_foliar_disease,,,,0,,,,,
GrayLeafSpot1479,coconut-tree-disease,Dataset/Coconut Tree Disease Dataset/Gray Leaf Spot/GrayLeafSpot1479.jpg,gls,2_foliar_disease,,,,4,,,,,
GrayLeafSpot148,coconut-tree-disease,Dataset/Coconut Tree Disease Dataset/Gray Leaf Spot/GrayLeafSpot148.jpg,gls,2_foliar_disease,,,,1,,,,,
GrayLeafSpot1480,coconut-tree-disease,Dataset/Coconut Tree Disease Dataset/Gray Leaf Spot/GrayLeafSpot1480.jpg,gls,2_foliar_disease,,,,2,,,,,
GrayLeafSpot1481,coconut-tree-disease,Dataset/Coconut Tree Disease Dataset/Gray Leaf Spot/GrayLeafSpot1481.jpg,gls,2_foliar_disease,,,,0,,,,,
GrayLeafSpot1482,coconut-tree-disease,Dataset/Coconut Tree Disease Dataset/Gray Leaf Spot/GrayLeafSpot1482.jpg,gls,2_foliar_disease,,,,0,,,,,
GrayLeafSpot1483,coconut-tree-disease,Dataset/Coconut Tree Disease Dataset/Gray Leaf Spot/GrayLeafSpot1483.jpg,gls,2_foliar_disease,,,,4,,,,,
GrayLeafSpot1484,coconut-tree-disease,Dataset/Coconut Tree Disease Dataset/Gray Leaf Spot/GrayLeafSpot1484.jpg,gls,2_foliar_disease,,,,0,,,,,
GrayLeafSpot1485,coconut-tree-disease,Dataset/Coconut Tree Disease Dataset/Gray Leaf Spot/GrayLeafSpot1485.jpg,gls,2_foliar_disease,,,,0,,,,,
GrayLeafSpot1486,coconut-tree-disease,Dataset/Coconut Tree Disease Dataset/Gray Leaf Spot/GrayLeafSpot1486.jpg,gls,2_foliar_disease,,,,2,,,,,
GrayLeafSpot1487,coconut-tree-disease,Dataset/Coconut Tree Disease Dataset/Gray Leaf Spot/GrayLeafSpot1487.jpg,gls,2_foliar_disease,,,,3,,,,,
GrayLeafSpot1488,coconut-tree-disease,Dataset/Coconut Tree Disease Dataset/Gray Leaf Spot/GrayLeafSpot1488.jpg,gls,2_foliar_disease,,,,2,,,,,
GrayLeafSpot1489,coconut-tree-disease,Dataset/Coconut Tree Disease Dataset/Gray Leaf Spot/GrayLeafSpot1489.jpg,gls,2_foliar_disease,,,,1,,,,,
GrayLeafSpot149,coconut-tree-disease,Dataset/Coconut Tree Disease Dataset/Gray Leaf Spot/GrayLeafSpot149.jpg,gls,2_foliar_disease,,,,0,,,,,
GrayLeafSpot1490,coconut-tree-disease,Dataset/Coconut Tree Disease Dataset/Gray Leaf Spot/GrayLeafSpot1490.jpg,gls,2_foliar_disease,,,,4,,,,,
GrayLeafSpot1491,coconut-tree-disease,Dataset/Coconut Tree Disease Dataset/Gray Leaf Spot/GrayLeafSpot1491.jpg,gls,2_foliar_disease,,,,3,,,,,
GrayLeafSpot1492,coconut-tree-disease,Dataset/Coconut Tree Disease Dataset/Gray Leaf Spot/GrayLeafSpot1492.jpg,gls,2_foliar_disease,,,,1,,,,,
GrayLeafSpot1493,coconut-tree-disease,Dataset/Coconut Tree Disease Dataset/Gray Leaf Spot/GrayLeafSpot1493.jpg,gls,2_foliar_disease,,,,0,,,,,
GrayLeafSpot1494,coconut-tree-disease,Dataset/Coconut Tree Disease Dataset/Gray Leaf Spot/GrayLeafSpot1494.jpg,gls,2_foliar_disease,,,,0,,,,,
GrayLeafSpot1495,coconut-tree-disease,Dataset/Coconut Tree Disease Dataset/Gray Leaf Spot/GrayLeafSpot1495.jpg,gls,2_foliar_disease,,,,3,,,,,
GrayLeafSpot1496,coconut-tree-disease,Dataset/Coconut Tree Disease Dataset/Gray Leaf Spot/GrayLeafSpot1496.jpg,gls,2_foliar_disease,,,,1,,,,,
GrayLeafSpot1497,coconut-tree-disease,Dataset/Coconut Tree Disease Dataset/Gray Leaf Spot/GrayLeafSpot1497.jpg,gls,2_foliar_disease,,,,2,,,,,
GrayLeafSpot1498,coconut-tree-disease,Dataset/Coconut Tree Disease Dataset/Gray Leaf Spot/GrayLeafSpot1498.jpg,gls,2_foliar_disease,,,,3,,,,,
GrayLeafSpot1499,coconut-tree-disease,Dataset/Coconut Tree Disease Dataset/Gray Leaf Spot/GrayLeafSpot1499.jpg,gls,2_foliar_disease,,,,2,,,,,
GrayLeafSpot150,coconut-tree-disease,Dataset/Coconut Tree Disease Dataset/Gray Leaf Spot/GrayLeafSpot150.jpg,gls,2_foliar_disease,,,,1,,,,,
GrayLeafSpot1500,coconut-tree-disease,Dataset/Coconut Tree Disease Dataset/Gray Leaf Spot/GrayLeafSpot1500.jpg,gls,2_foliar_disease,,,,3,,,,,
GrayLeafSpot1501,coconut-tree-disease,Dataset/Coconut Tree Disease Dataset/Gray Leaf Spot/GrayLeafSpot1501.jpg,gls,2_foliar_disease,,,,1,,,,,
GrayLeafSpot1502,coconut-tree-disease,Dataset/Coconut Tree Disease Dataset/Gray Leaf Spot/GrayLeafSpot1502.jpg,gls,2_foliar_disease,,,,2,,,,,
GrayLeafSpot1503,coconut-tree-disease,Dataset/Coconut Tree Disease Dataset/Gray Leaf Spot/GrayLeafSpot1503.jpg,gls,2_foliar_disease,,,,3,,,,,
GrayLeafSpot1504,coconut-tree-disease,Dataset/Coconut Tree Disease Dataset/Gray Leaf Spot/GrayLeafSpot1504.jpg,gls,2_foliar_disease,,,,1,,,,,
GrayLeafSpot1505,coconut-tree-disease,Dataset/Coconut Tree Disease Dataset/Gray Leaf Spot/GrayLeafSpot1505.jpg,gls,2_foliar_disease,,,,2,,,,,
GrayLeafSpot1506,coconut-tree-disease,Dataset/Coconut Tree Disease Dataset/Gray Leaf Spot/GrayLeafSpot1506.jpg,gls,2_foliar_disease,,,,2,,,,,
GrayLeafSpot1507,coconut-tree-disease,Dataset/Coconut Tree Disease Dataset/Gray Leaf Spot/GrayLeafSpot1507.jpg,gls,2_foliar_disease,,,,1,,,,,
GrayLeafSpot1508,coconut-tree-disease,Dataset/Coconut Tree Disease Dataset/Gray Leaf Spot/GrayLeafSpot1508.jpg,gls,2_foliar_disease,,,,2,,,,,
GrayLeafSpot1509,coconut-tree-disease,Dataset/Coconut Tree Disease Dataset/Gray Leaf Spot/GrayLeafSpot1509.jpg,gls,2_foliar_disease,,,,4,,,,,
GrayLeafSpot151,coconut-tree-disease,Dataset/Coconut Tree Disease Dataset/Gray Leaf Spot/GrayLeafSpot151.jpg,gls,2_foliar_disease,,,,4,,,,,
GrayLeafSpot1510,coconut-tree-disease,Dataset/Coconut Tree Disease Dataset/Gray Leaf Spot/GrayLeafSpot1510.jpg,gls,2_foliar_disease,,,,0,,,,,
GrayLeafSpot1511,coconut-tree-disease,Dataset/Coconut Tree Disease Dataset/Gray Leaf Spot/GrayLeafSpot1511.jpg,gls,2_foliar_disease,,,,2,,,,,
GrayLeafSpot1512,coconut-tree-disease,Dataset/Coconut Tree Disease Dataset/Gray Leaf Spot/GrayLeafSpot1512.jpg,gls,2_foliar_disease,,,,0,,,,,
GrayLeafSpot1513,coconut-tree-disease,Dataset/Coconut Tree Disease Dataset/Gray Leaf Spot/GrayLeafSpot1513.jpg,gls,2_foliar_disease,,,,3,,,,,
GrayLeafSpot1514,coconut-tree-disease,Dataset/Coconut Tree Disease Dataset/Gray Leaf Spot/GrayLeafSpot1514.jpg,gls,2_foliar_disease,,,,3,,,,,
GrayLeafSpot1515,coconut-tree-disease,Dataset/Coconut Tree Disease Dataset/Gray Leaf Spot/GrayLeafSpot1515.jpg,gls,2_foliar_disease,,,,4,,,,,
GrayLeafSpot1516,coconut-tree-disease,Dataset/Coconut Tree Disease Dataset/Gray Leaf Spot/GrayLeafSpot1516.jpg,gls,2_foliar_disease,,,,4,,,,,
GrayLeafSpot1517,coconut-tree-disease,Dataset/Coconut Tree Disease Dataset/Gray Leaf Spot/GrayLeafSpot1517.jpg,gls,2_foliar_disease,,,,3,,,,,
GrayLeafSpot1518,coconut-tree-disease,Dataset/Coconut Tree Disease Dataset/Gray Leaf Spot/GrayLeafSpot1518.jpg,gls,2_foliar_disease,,,,3,,,,,
GrayLeafSpot1519,coconut-tree-disease,Dataset/Coconut Tree Disease Dataset/Gray Leaf Spot/GrayLeafSpot1519.jpg,gls,2_foliar_disease,,,,2,,,,,
GrayLeafSpot152,coconut-tree-disease,Dataset/Coconut Tree Disease Dataset/Gray Leaf Spot/GrayLeafSpot152.jpg,gls,2_foliar_disease,,,,2,,,,,
GrayLeafSpot1520,coconut-tree-disease,Dataset/Coconut Tree Disease Dataset/Gray Leaf Spot/GrayLeafSpot1520.jpg,gls,2_foliar_disease,,,,2,,,,,
GrayLeafSpot1521,coconut-tree-disease,Dataset/Coconut Tree Disease Dataset/Gray Leaf Spot/GrayLeafSpot1521.jpg,gls,2_foliar_disease,,,,4,,,,,
GrayLeafSpot1522,coconut-tree-disease,Dataset/Coconut Tree Disease Dataset/Gray Leaf Spot/GrayLeafSpot1522.jpg,gls,2_foliar_disease,,,,0,,,,,
GrayLeafSpot1523,coconut-tree-disease,Dataset/Coconut Tree Disease Dataset/Gray Leaf Spot/GrayLeafSpot1523.jpg,gls,2_foliar_disease,,,,3,,,,,
GrayLeafSpot1524,coconut-tree-disease,Dataset/Coconut Tree Disease Dataset/Gray Leaf Spot/GrayLeafSpot1524.jpg,gls,2_foliar_disease,,,,3,,,,,
GrayLeafSpot1525,coconut-tree-disease,Dataset/Coconut Tree Disease Dataset/Gray Leaf Spot/GrayLeafSpot1525.jpg,gls,2_foliar_disease,,,,2,,,,,
GrayLeafSpot1526,coconut-tree-disease,Dataset/Coconut Tree Disease Dataset/Gray Leaf Spot/GrayLeafSpot1526.jpg,gls,2_foliar_disease,,,,3,,,,,
GrayLeafSpot1527,coconut-tree-disease,Dataset/Coconut Tree Disease Dataset/Gray Leaf Spot/GrayLeafSpot1527.jpg,gls,2_foliar_disease,,,,4,,,,,
GrayLeafSpot1528,coconut-tree-disease,Dataset/Coconut Tree Disease Dataset/Gray Leaf Spot/GrayLeafSpot1528.jpg,gls,2_foliar_disease,,,,3,,,,,
GrayLeafSpot1529,coconut-tree-disease,Dataset/Coconut Tree Disease Dataset/Gray Leaf Spot/GrayLeafSpot1529.jpg,gls,2_foliar_disease,,,,2,,,,,
GrayLeafSpot153,coconut-tree-disease,Dataset/Coconut Tree Disease Dataset/Gray Leaf Spot/GrayLeafSpot153.jpg,gls,2_foliar_disease,,,,0,,,,,
GrayLeafSpot1530,coconut-tree-disease,Dataset/Coconut Tree Disease Dataset/Gray Leaf Spot/GrayLeafSpot1530.jpg,gls,2_foliar_disease,,,,2,,,,,
GrayLeafSpot1531,coconut-tree-disease,Dataset/Coconut Tree Disease Dataset/Gray Leaf Spot/GrayLeafSpot1531.jpg,gls,2_foliar_disease,,,,3,,,,,
GrayLeafSpot1532,coconut-tree-disease,Dataset/Coconut Tree Disease Dataset/Gray Leaf Spot/GrayLeafSpot1532.jpg,gls,2_foliar_disease,,,,1,,,,,
GrayLeafSpot1533,coconut-tree-disease,Dataset/Coconut Tree Disease Dataset/Gray Leaf Spot/GrayLeafSpot1533.jpg,gls,2_foliar_disease,,,,2,,,,,
GrayLeafSpot1534,coconut-tree-disease,Dataset/Coconut Tree Disease Dataset/Gray Leaf Spot/GrayLeafSpot1534.jpg,gls,2_foliar_disease,,,,2,,,,,
GrayLeafSpot1535,coconut-tree-disease,Dataset/Coconut Tree Disease Dataset/Gray Leaf Spot/GrayLeafSpot1535.jpg,gls,2_foliar_disease,,,,3,,,,,
GrayLeafSpot1536,coconut-tree-disease,Dataset/Coconut Tree Disease Dataset/Gray Leaf Spot/GrayLeafSpot1536.jpg,gls,2_foliar_disease,,,,3,,,,,
GrayLeafSpot1537,coconut-tree-disease,Dataset/Coconut Tree Disease Dataset/Gray Leaf Spot/GrayLeafSpot1537.jpg,gls,2_foliar_disease,,,,1,,,,,
GrayLeafSpot1538,coconut-tree-disease,Dataset/Coconut Tree Disease Dataset/Gray Leaf Spot/GrayLeafSpot1538.jpg,gls,2_foliar_disease,,,,1,,,,,
GrayLeafSpot1539,coconut-tree-disease,Dataset/Coconut Tree Disease Dataset/Gray Leaf Spot/GrayLeafSpot1539.jpg,gls,2_foliar_disease,,,,4,,,,,
GrayLeafSpot154,coconut-tree-disease,Dataset/Coconut Tree Disease Dataset/Gray Leaf Spot/GrayLeafSpot154.jpg,gls,2_foliar_disease,,,,2,,,,,
GrayLeafSpot1540,coconut-tree-disease,Dataset/Coconut Tree Disease Dataset/Gray Leaf Spot/GrayLeafSpot1540.jpg,gls,2_foliar_disease,,,,3,,,,,
GrayLeafSpot1541,coconut-tree-disease,Dataset/Coconut Tree Disease Dataset/Gray Leaf Spot/GrayLeafSpot1541.jpg,gls,2_foliar_disease,,,,1,,,,,
GrayLeafSpot1542,coconut-tree-disease,Dataset/Coconut Tree Disease Dataset/Gray Leaf Spot/GrayLeafSpot1542.jpg,gls,2_foliar_disease,,,,2,,,,,
GrayLeafSpot1543,coconut-tree-disease,Dataset/Coconut Tree Disease Dataset/Gray Leaf Spot/GrayLeafSpot1543.jpg,gls,2_foliar_disease,,,,4,,,,,
GrayLeafSpot1544,coconut-tree-disease,Dataset/Coconut Tree Disease Dataset/Gray Leaf Spot/GrayLeafSpot1544.jpg,gls,2_foliar_disease,,,,1,,,,,
GrayLeafSpot1545,coconut-tree-disease,Dataset/Coconut Tree Disease Dataset/Gray Leaf Spot/GrayLeafSpot1545.jpg,gls,2_foliar_disease,,,,4,,,,,
GrayLeafSpot1546,coconut-tree-disease,Dataset/Coconut Tree Disease Dataset/Gray Leaf Spot/GrayLeafSpot1546.jpg,gls,2_foliar_disease,,,,2,,,,,
GrayLeafSpot1547,coconut-tree-disease,Dataset/Coconut Tree Disease Dataset/Gray Leaf Spot/GrayLeafSpot1547.jpg,gls,2_foliar_disease,,,,4,,,,,
GrayLeafSpot1548,coconut-tree-disease,Dataset/Coconut Tree Disease Dataset/Gray Leaf Spot/GrayLeafSpot1548.jpg,gls,2_foliar_disease,,,,1,,,,,
GrayLeafSpot1549,coconut-tree-disease,Dataset/Coconut Tree Disease Dataset/Gray Leaf Spot/GrayLeafSpot1549.jpg,gls,2_foliar_disease,,,,2,,,,,
GrayLeafSpot155,coconut-tree-disease,Dataset/Coconut Tree Disease Dataset/Gray Leaf Spot/GrayLeafSpot155.jpg,gls,2_foliar_disease,,,,4,,,,,
GrayLeafSpot1550,coconut-tree-disease,Dataset/Coconut Tree Disease Dataset/Gray Leaf Spot/GrayLeafSpot1550.jpg,gls,2_foliar_disease,,,,0,,,,,
GrayLeafSpot1551,coconut-tree-disease,Dataset/Coconut Tree Disease Dataset/Gray Leaf Spot/GrayLeafSpot1551.jpg,gls,2_foliar_disease,,,,4,,,,,
GrayLeafSpot1552,coconut-tree-disease,Dataset/Coconut Tree Disease Dataset/Gray Leaf Spot/GrayLeafSpot1552.jpg,gls,2_foliar_disease,,,,3,,,,,
GrayLeafSpot1553,coconut-tree-disease,Dataset/Coconut Tree Disease Dataset/Gray Leaf Spot/GrayLeafSpot1553.jpg,gls,2_foliar_disease,,,,0,,,,,
GrayLeafSpot1554,coconut-tree-disease,Dataset/Coconut Tree Disease Dataset/Gray Leaf Spot/GrayLeafSpot1554.jpg,gls,2_foliar_disease,,,,2,,,,,
GrayLeafSpot1555,coconut-tree-disease,Dataset/Coconut Tree Disease Dataset/Gray Leaf Spot/GrayLeafSpot1555.jpg,gls,2_foliar_disease,,,,4,,,,,
GrayLeafSpot1556,coconut-tree-disease,Dataset/Coconut Tree Disease Dataset/Gray Leaf Spot/GrayLeafSpot1556.jpg,gls,2_foliar_disease,,,,2,,,,,
GrayLeafSpot1557,coconut-tree-disease,Dataset/Coconut Tree Disease Dataset/Gray Leaf Spot/GrayLeafSpot1557.jpg,gls,2_foliar_disease,,,,0,,,,,
GrayLeafSpot1558,coconut-tree-disease,Dataset/Coconut Tree Disease Dataset/Gray Leaf Spot/GrayLeafSpot1558.jpg,gls,2_foliar_disease,,,,3,,,,,
GrayLeafSpot1559,coconut-tree-disease,Dataset/Coconut Tree Disease Dataset/Gray Leaf Spot/GrayLeafSpot1559.jpg,gls,2_foliar_disease,,,,4,,,,,
GrayLeafSpot156,coconut-tree-disease,Dataset/Coconut Tree Disease Dataset/Gray Leaf Spot/GrayLeafSpot156.jpg,gls,2_foliar_disease,,,,3,,,,,
GrayLeafSpot1560,coconut-tree-disease,Dataset/Coconut Tree Disease Dataset/Gray Leaf Spot/GrayLeafSpot1560.jpg,gls,2_foliar_disease,,,,2,,,,,
GrayLeafSpot1561,coconut-tree-disease,Dataset/Coconut Tree Disease Dataset/Gray Leaf Spot/GrayLeafSpot1561.jpg,gls,2_foliar_disease,,,,1,,,,,
GrayLeafSpot1562,coconut-tree-disease,Dataset/Coconut Tree Disease Dataset/Gray Leaf Spot/GrayLeafSpot1562.jpg,gls,2_foliar_disease,,,,2,,,,,
GrayLeafSpot1563,coconut-tree-disease,Dataset/Coconut Tree Disease Dataset/Gray Leaf Spot/GrayLeafSpot1563.jpg,gls,2_foliar_disease,,,,0,,,,,
GrayLeafSpot1564,coconut-tree-disease,Dataset/Coconut Tree Disease Dataset/Gray Leaf Spot/GrayLeafSpot1564.jpg,gls,2_foliar_disease,,,,4,,,,,
GrayLeafSpot1565,coconut-tree-disease,Dataset/Coconut Tree Disease Dataset/Gray Leaf Spot/GrayLeafSpot1565.jpg,gls,2_foliar_disease,,,,2,,,,,
GrayLeafSpot1566,coconut-tree-disease,Dataset/Coconut Tree Disease Dataset/Gray Leaf Spot/GrayLeafSpot1566.jpg,gls,2_foliar_disease,,,,1,,,,,
GrayLeafSpot1567,coconut-tree-disease,Dataset/Coconut Tree Disease Dataset/Gray Leaf Spot/GrayLeafSpot1567.jpg,gls,2_foliar_disease,,,,1,,,,,
GrayLeafSpot1568,coconut-tree-disease,Dataset/Coconut Tree Disease Dataset/Gray Leaf Spot/GrayLeafSpot1568.jpg,gls,2_foliar_disease,,,,0,,,,,
GrayLeafSpot1569,coconut-tree-disease,Dataset/Coconut Tree Disease Dataset/Gray Leaf Spot/GrayLeafSpot1569.jpg,gls,2_foliar_disease,,,,4,,,,,
GrayLeafSpot157,coconut-tree-disease,Dataset/Coconut Tree Disease Dataset/Gray Leaf Spot/GrayLeafSpot157.jpg,gls,2_foliar_disease,,,,0,,,,,
GrayLeafSpot1570,coconut-tree-disease,Dataset/Coconut Tree Disease Dataset/Gray Leaf Spot/GrayLeafSpot1570.jpg,gls,2_foliar_disease,,,,3,,,,,
GrayLeafSpot1571,coconut-tree-disease,Dataset/Coconut Tree Disease Dataset/Gray Leaf Spot/GrayLeafSpot1571.jpg,gls,2_foliar_disease,,,,2,,,,,
GrayLeafSpot1572,coconut-tree-disease,Dataset/Coconut Tree Disease Dataset/Gray Leaf Spot/GrayLeafSpot1572.jpg,gls,2_foliar_disease,,,,2,,,,,
GrayLeafSpot1573,coconut-tree-disease,Dataset/Coconut Tree Disease Dataset/Gray Leaf Spot/GrayLeafSpot1573.jpg,gls,2_foliar_disease,,,,3,,,,,
GrayLeafSpot1574,coconut-tree-disease,Dataset/Coconut Tree Disease Dataset/Gray Leaf Spot/GrayLeafSpot1574.jpg,gls,2_foliar_disease,,,,2,,,,,
GrayLeafSpot1575,coconut-tree-disease,Dataset/Coconut Tree Disease Dataset/Gray Leaf Spot/GrayLeafSpot1575.jpg,gls,2_foliar_disease,,,,1,,,,,
GrayLeafSpot1576,coconut-tree-disease,Dataset/Coconut Tree Disease Dataset/Gray Leaf Spot/GrayLeafSpot1576.jpg,gls,2_foliar_disease,,,,1,,,,,
GrayLeafSpot1577,coconut-tree-disease,Dataset/Coconut Tree Disease Dataset/Gray Leaf Spot/GrayLeafSpot1577.jpg,gls,2_foliar_disease,,,,2,,,,,
GrayLeafSpot1578,coconut-tree-disease,Dataset/Coconut Tree Disease Dataset/Gray Leaf Spot/GrayLeafSpot1578.jpg,gls,2_foliar_disease,,,,2,,,,,
GrayLeafSpot1579,coconut-tree-disease,Dataset/Coconut Tree Disease Dataset/Gray Leaf Spot/GrayLeafSpot1579.jpg,gls,2_foliar_disease,,,,2,,,,,
GrayLeafSpot158,coconut-tree-disease,Dataset/Coconut Tree Disease Dataset/Gray Leaf Spot/GrayLeafSpot158.jpg,gls,2_foliar_disease,,,,3,,,,,
GrayLeafSpot1580,coconut-tree-disease,Dataset/Coconut Tree Disease Dataset/Gray Leaf Spot/GrayLeafSpot1580.jpg,gls,2_foliar_disease,,,,1,,,,,
GrayLeafSpot1581,coconut-tree-disease,Dataset/Coconut Tree Disease Dataset/Gray Leaf Spot/GrayLeafSpot1581.jpg,gls,2_foliar_disease,,,,3,,,,,
GrayLeafSpot1582,coconut-tree-disease,Dataset/Coconut Tree Disease Dataset/Gray Leaf Spot/GrayLeafSpot1582.jpg,gls,2_foliar_disease,,,,2,,,,,
GrayLeafSpot1583,coconut-tree-disease,Dataset/Coconut Tree Disease Dataset/Gray Leaf Spot/GrayLeafSpot1583.jpg,gls,2_foliar_disease,,,,0,,,,,
GrayLeafSpot1584,coconut-tree-disease,Dataset/Coconut Tree Disease Dataset/Gray Leaf Spot/GrayLeafSpot1584.jpg,gls,2_foliar_disease,,,,1,,,,,
GrayLeafSpot1585,coconut-tree-disease,Dataset/Coconut Tree Disease Dataset/Gray Leaf Spot/GrayLeafSpot1585.jpg,gls,2_foliar_disease,,,,2,,,,,
GrayLeafSpot1586,coconut-tree-disease,Dataset/Coconut Tree Disease Dataset/Gray Leaf Spot/GrayLeafSpot1586.jpg,gls,2_foliar_disease,,,,3,,,,,
GrayLeafSpot1587,coconut-tree-disease,Dataset/Coconut Tree Disease Dataset/Gray Leaf Spot/GrayLeafSpot1587.jpg,gls,2_foliar_disease,,,,2,,,,,
GrayLeafSpot1588,coconut-tree-disease,Dataset/Coconut Tree Disease Dataset/Gray Leaf Spot/GrayLeafSpot1588.jpg,gls,2_foliar_disease,,,,4,,,,,
GrayLeafSpot1589,coconut-tree-disease,Dataset/Coconut Tree Disease Dataset/Gray Leaf Spot/GrayLeafSpot1589.jpg,gls,2_foliar_disease,,,,1,,,,,
GrayLeafSpot159,coconut-tree-disease,Dataset/Coconut Tree Disease Dataset/Gray Leaf Spot/GrayLeafSpot159.jpg,gls,2_foliar_disease,,,,1,,,,,
GrayLeafSpot1590,coconut-tree-disease,Dataset/Coconut Tree Disease Dataset/Gray Leaf Spot/GrayLeafSpot1590.jpg,gls,2_foliar_disease,,,,2,,,,,
GrayLeafSpot1591,coconut-tree-disease,Dataset/Coconut Tree Disease Dataset/Gray Leaf Spot/GrayLeafSpot1591.jpg,gls,2_foliar_disease,,,,4,,,,,
GrayLeafSpot1592,coconut-tree-disease,Dataset/Coconut Tree Disease Dataset/Gray Leaf Spot/GrayLeafSpot1592.jpg,gls,2_foliar_disease,,,,1,,,,,
GrayLeafSpot1593,coconut-tree-disease,Dataset/Coconut Tree Disease Dataset/Gray Leaf Spot/GrayLeafSpot1593.jpg,gls,2_foliar_disease,,,,2,,,,,
GrayLeafSpot1594,coconut-tree-disease,Dataset/Coconut Tree Disease Dataset/Gray Leaf Spot/GrayLeafSpot1594.jpg,gls,2_foliar_disease,,,,4,,,,,
GrayLeafSpot1595,coconut-tree-disease,Dataset/Coconut Tree Disease Dataset/Gray Leaf Spot/GrayLeafSpot1595.jpg,gls,2_foliar_disease,,,,2,,,,,
GrayLeafSpot1596,coconut-tree-disease,Dataset/Coconut Tree Disease Dataset/Gray Leaf Spot/GrayLeafSpot1596.jpg,gls,2_foliar_disease,,,,4,,,,,
GrayLeafSpot1597,coconut-tree-disease,Dataset/Coconut Tree Disease Dataset/Gray Leaf Spot/GrayLeafSpot1597.jpg,gls,2_foliar_disease,,,,1,,,,,
GrayLeafSpot1598,coconut-tree-disease,Dataset/Coconut Tree Disease Dataset/Gray Leaf Spot/GrayLeafSpot1598.jpg,gls,2_foliar_disease,,,,3,,,,,
GrayLeafSpot1599,coconut-tree-disease,Dataset/Coconut Tree Disease Dataset/Gray Leaf Spot/GrayLeafSpot1599.jpg,gls,2_foliar_disease,,,,0,,,,,
GrayLeafSpot160,coconut-tree-disease,Dataset/Coconut Tree Disease Dataset/Gray Leaf Spot/GrayLeafSpot160.jpg,gls,2_foliar_disease,,,,1,,,,,
GrayLeafSpot1600,coconut-tree-disease,Dataset/Coconut Tree Disease Dataset/Gray Leaf Spot/GrayLeafSpot1600.jpg,gls,2_foliar_disease,,,,3,,,,,
GrayLeafSpot1601,coconut-tree-disease,Dataset/Coconut Tree Disease Dataset/Gray Leaf Spot/GrayLeafSpot1601.jpg,gls,2_foliar_disease,,,,3,,,,,
GrayLeafSpot1602,coconut-tree-disease,Dataset/Coconut Tree Disease Dataset/Gray Leaf Spot/GrayLeafSpot1602.jpg,gls,2_foliar_disease,,,,3,,,,,
GrayLeafSpot1603,coconut-tree-disease,Dataset/Coconut Tree Disease Dataset/Gray Leaf Spot/GrayLeafSpot1603.jpg,gls,2_foliar_disease,,,,0,,,,,
GrayLeafSpot1604,coconut-tree-disease,Dataset/Coconut Tree Disease Dataset/Gray Leaf Spot/GrayLeafSpot1604.jpg,gls,2_foliar_disease,,,,4,,,,,
GrayLeafSpot1605,coconut-tree-disease,Dataset/Coconut Tree Disease Dataset/Gray Leaf Spot/GrayLeafSpot1605.jpg,gls,2_foliar_disease,,,,2,,,,,
GrayLeafSpot1606,coconut-tree-disease,Dataset/Coconut Tree Disease Dataset/Gray Leaf Spot/GrayLeafSpot1606.jpg,gls,2_foliar_disease,,,,2,,,,,
GrayLeafSpot1607,coconut-tree-disease,Dataset/Coconut Tree Disease Dataset/Gray Leaf Spot/GrayLeafSpot1607.jpg,gls,2_foliar_disease,,,,4,,,,,
GrayLeafSpot1608,coconut-tree-disease,Dataset/Coconut Tree Disease Dataset/Gray Leaf Spot/GrayLeafSpot1608.jpg,gls,2_foliar_disease,,,,2,,,,,
GrayLeafSpot1609,coconut-tree-disease,Dataset/Coconut Tree Disease Dataset/Gray Leaf Spot/GrayLeafSpot1609.jpg,gls,2_foliar_disease,,,,2,,,,,
GrayLeafSpot161,coconut-tree-disease,Dataset/Coconut Tree Disease Dataset/Gray Leaf Spot/GrayLeafSpot161.jpg,gls,2_foliar_disease,,,,0,,,,,
GrayLeafSpot1610,coconut-tree-disease,Dataset/Coconut Tree Disease Dataset/Gray Leaf Spot/GrayLeafSpot1610.jpg,gls,2_foliar_disease,,,,3,,,,,
GrayLeafSpot1611,coconut-tree-disease,Dataset/Coconut Tree Disease Dataset/Gray Leaf Spot/GrayLeafSpot1611.jpg,gls,2_foliar_disease,,,,1,,,,,
GrayLeafSpot1612,coconut-tree-disease,Dataset/Coconut Tree Disease Dataset/Gray Leaf Spot/GrayLeafSpot1612.jpg,gls,2_foliar_disease,,,,3,,,,,
GrayLeafSpot1613,coconut-tree-disease,Dataset/Coconut Tree Disease Dataset/Gray Leaf Spot/GrayLeafSpot1613.jpg,gls,2_foliar_disease,,,,0,,,,,
GrayLeafSpot1614,coconut-tree-disease,Dataset/Coconut Tree Disease Dataset/Gray Leaf Spot/GrayLeafSpot1614.jpg,gls,2_foliar_disease,,,,3,,,,,
GrayLeafSpot1615,coconut-tree-disease,Dataset/Coconut Tree Disease Dataset/Gray Leaf Spot/GrayLeafSpot1615.jpg,gls,2_foliar_disease,,,,4,,,,,
GrayLeafSpot1616,coconut-tree-disease,Dataset/Coconut Tree Disease Dataset/Gray Leaf Spot/GrayLeafSpot1616.jpg,gls,2_foliar_disease,,,,3,,,,,
GrayLeafSpot1617,coconut-tree-disease,Dataset/Coconut Tree Disease Dataset/Gray Leaf Spot/GrayLeafSpot1617.jpg,gls,2_foliar_disease,,,,4,,,,,
GrayLeafSpot1618,coconut-tree-disease,Dataset/Coconut Tree Disease Dataset/Gray Leaf Spot/GrayLeafSpot1618.jpg,gls,2_foliar_disease,,,,0,,,,,
GrayLeafSpot1619,coconut-tree-disease,Dataset/Coconut Tree Disease Dataset/Gray Leaf Spot/GrayLeafSpot1619.jpg,gls,2_foliar_disease,,,,1,,,,,
GrayLeafSpot162,coconut-tree-disease,Dataset/Coconut Tree Disease Dataset/Gray Leaf Spot/GrayLeafSpot162.jpg,gls,2_foliar_disease,,,,3,,,,,
GrayLeafSpot1620,coconut-tree-disease,Dataset/Coconut Tree Disease Dataset/Gray Leaf Spot/GrayLeafSpot1620.jpg,gls,2_foliar_disease,,,,1,,,,,
GrayLeafSpot1621,coconut-tree-disease,Dataset/Coconut Tree Disease Dataset/Gray Leaf Spot/GrayLeafSpot1621.jpg,gls,2_foliar_disease,,,,1,,,,,
GrayLeafSpot1622,coconut-tree-disease,Dataset/Coconut Tree Disease Dataset/Gray Leaf Spot/GrayLeafSpot1622.jpg,gls,2_foliar_disease,,,,4,,,,,
GrayLeafSpot1623,coconut-tree-disease,Dataset/Coconut Tree Disease Dataset/Gray Leaf Spot/GrayLeafSpot1623.jpg,gls,2_foliar_disease,,,,2,,,,,
GrayLeafSpot1624,coconut-tree-disease,Dataset/Coconut Tree Disease Dataset/Gray Leaf Spot/GrayLeafSpot1624.jpg,gls,2_foliar_disease,,,,4,,,,,
GrayLeafSpot1625,coconut-tree-disease,Dataset/Coconut Tree Disease Dataset/Gray Leaf Spot/GrayLeafSpot1625.jpg,gls,2_foliar_disease,,,,3,,,,,
GrayLeafSpot1626,coconut-tree-disease,Dataset/Coconut Tree Disease Dataset/Gray Leaf Spot/GrayLeafSpot1626.jpg,gls,2_foliar_disease,,,,0,,,,,
GrayLeafSpot1627,coconut-tree-disease,Dataset/Coconut Tree Disease Dataset/Gray Leaf Spot/GrayLeafSpot1627.jpg,gls,2_foliar_disease,,,,3,,,,,
GrayLeafSpot1628,coconut-tree-disease,Dataset/Coconut Tree Disease Dataset/Gray Leaf Spot/GrayLeafSpot1628.jpg,gls,2_foliar_disease,,,,1,,,,,
GrayLeafSpot1629,coconut-tree-disease,Dataset/Coconut Tree Disease Dataset/Gray Leaf Spot/GrayLeafSpot1629.jpg,gls,2_foliar_disease,,,,2,,,,,
GrayLeafSpot163,coconut-tree-disease,Dataset/Coconut Tree Disease Dataset/Gray Leaf Spot/GrayLeafSpot163.jpg,gls,2_foliar_disease,,,,0,,,,,
GrayLeafSpot1630,coconut-tree-disease,Dataset/Coconut Tree Disease Dataset/Gray Leaf Spot/GrayLeafSpot1630.jpg,gls,2_foliar_disease,,,,1,,,,,
GrayLeafSpot1631,coconut-tree-disease,Dataset/Coconut Tree Disease Dataset/Gray Leaf Spot/GrayLeafSpot1631.jpg,gls,2_foliar_disease,,,,2,,,,,
GrayLeafSpot1632,coconut-tree-disease,Dataset/Coconut Tree Disease Dataset/Gray Leaf Spot/GrayLeafSpot1632.jpg,gls,2_foliar_disease,,,,2,,,,,
GrayLeafSpot1633,coconut-tree-disease,Dataset/Coconut Tree Disease Dataset/Gray Leaf Spot/GrayLeafSpot1633.jpg,gls,2_foliar_disease,,,,1,,,,,
GrayLeafSpot1634,coconut-tree-disease,Dataset/Coconut Tree Disease Dataset/Gray Leaf Spot/GrayLeafSpot1634.jpg,gls,2_foliar_disease,,,,3,,,,,
GrayLeafSpot1635,coconut-tree-disease,Dataset/Coconut Tree Disease Dataset/Gray Leaf Spot/GrayLeafSpot1635.jpg,gls,2_foliar_disease,,,,4,,,,,
GrayLeafSpot1636,coconut-tree-disease,Dataset/Coconut Tree Disease Dataset/Gray Leaf Spot/GrayLeafSpot1636.jpg,gls,2_foliar_disease,,,,4,,,,,
GrayLeafSpot1637,coconut-tree-disease,Dataset/Coconut Tree Disease Dataset/Gray Leaf Spot/GrayLeafSpot1637.jpg,gls,2_foliar_disease,,,,1,,,,,
GrayLeafSpot1638,coconut-tree-disease,Dataset/Coconut Tree Disease Dataset/Gray Leaf Spot/GrayLeafSpot1638.jpg,gls,2_foliar_disease,,,,0,,,,,
GrayLeafSpot1639,coconut-tree-disease,Dataset/Coconut Tree Disease Dataset/Gray Leaf Spot/GrayLeafSpot1639.jpg,gls,2_foliar_disease,,,,1,,,,,
GrayLeafSpot164,coconut-tree-disease,Dataset/Coconut Tree Disease Dataset/Gray Leaf Spot/GrayLeafSpot164.jpg,gls,2_foliar_disease,,,,1,,,,,
GrayLeafSpot1640,coconut-tree-disease,Dataset/Coconut Tree Disease Dataset/Gray Leaf Spot/GrayLeafSpot1640.jpg,gls,2_foliar_disease,,,,4,,,,,
GrayLeafSpot1641,coconut-tree-disease,Dataset/Coconut Tree Disease Dataset/Gray Leaf Spot/GrayLeafSpot1641.jpg,gls,2_foliar_disease,,,,1,,,,,
GrayLeafSpot1642,coconut-tree-disease,Dataset/Coconut Tree Disease Dataset/Gray Leaf Spot/GrayLeafSpot1642.jpg,gls,2_foliar_disease,,,,1,,,,,
GrayLeafSpot1643,coconut-tree-disease,Dataset/Coconut Tree Disease Dataset/Gray Leaf Spot/GrayLeafSpot1643.jpg,gls,2_foliar_disease,,,,4,,,,,
GrayLeafSpot1644,coconut-tree-disease,Dataset/Coconut Tree Disease Dataset/Gray Leaf Spot/GrayLeafSpot1644.jpg,gls,2_foliar_disease,,,,3,,,,,
GrayLeafSpot1645,coconut-tree-disease,Dataset/Coconut Tree Disease Dataset/Gray Leaf Spot/GrayLeafSpot1645.jpg,gls,2_foliar_disease,,,,3,,,,,
GrayLeafSpot1646,coconut-tree-disease,Dataset/Coconut Tree Disease Dataset/Gray Leaf Spot/GrayLeafSpot1646.jpg,gls,2_foliar_disease,,,,4,,,,,
GrayLeafSpot1647,coconut-tree-disease,Dataset/Coconut Tree Disease Dataset/Gray Leaf Spot/GrayLeafSpot1647.jpg,gls,2_foliar_disease,,,,1,,,,,
GrayLeafSpot1648,coconut-tree-disease,Dataset/Coconut Tree Disease Dataset/Gray Leaf Spot/GrayLeafSpot1648.jpg,gls,2_foliar_disease,,,,1,,,,,
GrayLeafSpot1649,coconut-tree-disease,Dataset/Coconut Tree Disease Dataset/Gray Leaf Spot/GrayLeafSpot1649.jpg,gls,2_foliar_disease,,,,1,,,,,
GrayLeafSpot165,coconut-tree-disease,Dataset/Coconut Tree Disease Dataset/Gray Leaf Spot/GrayLeafSpot165.jpg,gls,2_foliar_disease,,,,4,,,,,
GrayLeafSpot1650,coconut-tree-disease,Dataset/Coconut Tree Disease Dataset/Gray Leaf Spot/GrayLeafSpot1650.jpg,gls,2_foliar_disease,,,,1,,,,,
GrayLeafSpot1651,coconut-tree-disease,Dataset/Coconut Tree Disease Dataset/Gray Leaf Spot/GrayLeafSpot1651.jpg,gls,2_foliar_disease,,,,3,,,,,
GrayLeafSpot1652,coconut-tree-disease,Dataset/Coconut Tree Disease Dataset/Gray Leaf Spot/GrayLeafSpot1652.jpg,gls,2_foliar_disease,,,,3,,,,,
GrayLeafSpot1653,coconut-tree-disease,Dataset/Coconut Tree Disease Dataset/Gray Leaf Spot/GrayLeafSpot1653.jpg,gls,2_foliar_disease,,,,1,,,,,
GrayLeafSpot1654,coconut-tree-disease,Dataset/Coconut Tree Disease Dataset/Gray Leaf Spot/GrayLeafSpot1654.jpg,gls,2_foliar_disease,,,,0,,,,,
GrayLeafSpot1655,coconut-tree-disease,Dataset/Coconut Tree Disease Dataset/Gray Leaf Spot/GrayLeafSpot1655.jpg,gls,2_foliar_disease,,,,0,,,,,
GrayLeafSpot1656,coconut-tree-disease,Dataset/Coconut Tree Disease Dataset/Gray Leaf Spot/GrayLeafSpot1656.jpg,gls,2_foliar_disease,,,,2,,,,,
GrayLeafSpot1657,coconut-tree-disease,Dataset/Coconut Tree Disease Dataset/Gray Leaf Spot/GrayLeafSpot1657.jpg,gls,2_foliar_disease,,,,4,,,,,
GrayLeafSpot1658,coconut-tree-disease,Dataset/Coconut Tree Disease Dataset/Gray Leaf Spot/GrayLeafSpot1658.jpg,gls,2_foliar_disease,,,,2,,,,,
GrayLeafSpot1659,coconut-tree-disease,Dataset/Coconut Tree Disease Dataset/Gray Leaf Spot/GrayLeafSpot1659.jpg,gls,2_foliar_disease,,,,4,,,,,
GrayLeafSpot166,coconut-tree-disease,Dataset/Coconut Tree Disease Dataset/Gray Leaf Spot/GrayLeafSpot166.jpg,gls,2_foliar_disease,,,,0,,,,,
GrayLeafSpot1660,coconut-tree-disease,Dataset/Coconut Tree Disease Dataset/Gray Leaf Spot/GrayLeafSpot1660.jpg,gls,2_foliar_disease,,,,0,,,,,
GrayLeafSpot1661,coconut-tree-disease,Dataset/Coconut Tree Disease Dataset/Gray Leaf Spot/GrayLeafSpot1661.jpg,gls,2_foliar_disease,,,,0,,,,,
GrayLeafSpot1662,coconut-tree-disease,Dataset/Coconut Tree Disease Dataset/Gray Leaf Spot/GrayLeafSpot1662.jpg,gls,2_foliar_disease,,,,0,,,,,
GrayLeafSpot1663,coconut-tree-disease,Dataset/Coconut Tree Disease Dataset/Gray Leaf Spot/GrayLeafSpot1663.jpg,gls,2_foliar_disease,,,,2,,,,,
GrayLeafSpot1664,coconut-tree-disease,Dataset/Coconut Tree Disease Dataset/Gray Leaf Spot/GrayLeafSpot1664.jpg,gls,2_foliar_disease,,,,1,,,,,
GrayLeafSpot1665,coconut-tree-disease,Dataset/Coconut Tree Disease Dataset/Gray Leaf Spot/GrayLeafSpot1665.jpg,gls,2_foliar_disease,,,,1,,,,,
GrayLeafSpot1666,coconut-tree-disease,Dataset/Coconut Tree Disease Dataset/Gray Leaf Spot/GrayLeafSpot1666.jpg,gls,2_foliar_disease,,,,3,,,,,
GrayLeafSpot1667,coconut-tree-disease,Dataset/Coconut Tree Disease Dataset/Gray Leaf Spot/GrayLeafSpot1667.jpg,gls,2_foliar_disease,,,,4,,,,,
GrayLeafSpot1668,coconut-tree-disease,Dataset/Coconut Tree Disease Dataset/Gray Leaf Spot/GrayLeafSpot1668.jpg,gls,2_foliar_disease,,,,0,,,,,
GrayLeafSpot1669,coconut-tree-disease,Dataset/Coconut Tree Disease Dataset/Gray Leaf Spot/GrayLeafSpot1669.jpg,gls,2_foliar_disease,,,,2,,,,,
GrayLeafSpot167,coconut-tree-disease,Dataset/Coconut Tree Disease Dataset/Gray Leaf Spot/GrayLeafSpot167.jpg,gls,2_foliar_disease,,,,1,,,,,
GrayLeafSpot1670,coconut-tree-disease,Dataset/Coconut Tree Disease Dataset/Gray Leaf Spot/GrayLeafSpot1670.jpg,gls,2_foliar_disease,,,,1,,,,,
GrayLeafSpot1671,coconut-tree-disease,Dataset/Coconut Tree Disease Dataset/Gray Leaf Spot/GrayLeafSpot1671.jpg,gls,2_foliar_disease,,,,1,,,,,
GrayLeafSpot1672,coconut-tree-disease,Dataset/Coconut Tree Disease Dataset/Gray Leaf Spot/GrayLeafSpot1672.jpg,gls,2_foliar_disease,,,,1,,,,,
GrayLeafSpot1673,coconut-tree-disease,Dataset/Coconut Tree Disease Dataset/Gray Leaf Spot/GrayLeafSpot1673.jpg,gls,2_foliar_disease,,,,1,,,,,
GrayLeafSpot1674,coconut-tree-disease,Dataset/Coconut Tree Disease Dataset/Gray Leaf Spot/GrayLeafSpot1674.jpg,gls,2_foliar_disease,,,,3,,,,,
GrayLeafSpot1675,coconut-tree-disease,Dataset/Coconut Tree Disease Dataset/Gray Leaf Spot/GrayLeafSpot1675.jpg,gls,2_foliar_disease,,,,0,,,,,
GrayLeafSpot1676,coconut-tree-disease,Dataset/Coconut Tree Disease Dataset/Gray Leaf Spot/GrayLeafSpot1676.jpg,gls,2_foliar_disease,,,,3,,,,,
GrayLeafSpot1677,coconut-tree-disease,Dataset/Coconut Tree Disease Dataset/Gray Leaf Spot/GrayLeafSpot1677.jpg,gls,2_foliar_disease,,,,2,,,,,
GrayLeafSpot1678,coconut-tree-disease,Dataset/Coconut Tree Disease Dataset/Gray Leaf Spot/GrayLeafSpot1678.jpg,gls,2_foliar_disease,,,,2,,,,,
GrayLeafSpot1679,coconut-tree-disease,Dataset/Coconut Tree Disease Dataset/Gray Leaf Spot/GrayLeafSpot1679.jpg,gls,2_foliar_disease,,,,1,,,,,
GrayLeafSpot168,coconut-tree-disease,Dataset/Coconut Tree Disease Dataset/Gray Leaf Spot/GrayLeafSpot168.jpg,gls,2_foliar_disease,,,,3,,,,,
GrayLeafSpot1680,coconut-tree-disease,Dataset/Coconut Tree Disease Dataset/Gray Leaf Spot/GrayLeafSpot1680.jpg,gls,2_foliar_disease,,,,2,,,,,
GrayLeafSpot1681,coconut-tree-disease,Dataset/Coconut Tree Disease Dataset/Gray Leaf Spot/GrayLeafSpot1681.jpg,gls,2_foliar_disease,,,,2,,,,,
GrayLeafSpot1682,coconut-tree-disease,Dataset/Coconut Tree Disease Dataset/Gray Leaf Spot/GrayLeafSpot1682.jpg,gls,2_foliar_disease,,,,0,,,,,
GrayLeafSpot1683,coconut-tree-disease,Dataset/Coconut Tree Disease Dataset/Gray Leaf Spot/GrayLeafSpot1683.jpg,gls,2_foliar_disease,,,,4,,,,,
GrayLeafSpot1684,coconut-tree-disease,Dataset/Coconut Tree Disease Dataset/Gray Leaf Spot/GrayLeafSpot1684.jpg,gls,2_foliar_disease,,,,2,,,,,
GrayLeafSpot1685,coconut-tree-disease,Dataset/Coconut Tree Disease Dataset/Gray Leaf Spot/GrayLeafSpot1685.jpg,gls,2_foliar_disease,,,,4,,,,,
GrayLeafSpot1686,coconut-tree-disease,Dataset/Coconut Tree Disease Dataset/Gray Leaf Spot/GrayLeafSpot1686.jpg,gls,2_foliar_disease,,,,3,,,,,
GrayLeafSpot1687,coconut-tree-disease,Dataset/Coconut Tree Disease Dataset/Gray Leaf Spot/GrayLeafSpot1687.jpg,gls,2_foliar_disease,,,,1,,,,,
GrayLeafSpot1688,coconut-tree-disease,Dataset/Coconut Tree Disease Dataset/Gray Leaf Spot/GrayLeafSpot1688.jpg,gls,2_foliar_disease,,,,1,,,,,
GrayLeafSpot1689,coconut-tree-disease,Dataset/Coconut Tree Disease Dataset/Gray Leaf Spot/GrayLeafSpot1689.jpg,gls,2_foliar_disease,,,,1,,,,,
GrayLeafSpot169,coconut-tree-disease,Dataset/Coconut Tree Disease Dataset/Gray Leaf Spot/GrayLeafSpot169.jpg,gls,2_foliar_disease,,,,4,,,,,
GrayLeafSpot1690,coconut-tree-disease,Dataset/Coconut Tree Disease Dataset/Gray Leaf Spot/GrayLeafSpot1690.jpg,gls,2_foliar_disease,,,,1,,,,,
GrayLeafSpot1691,coconut-tree-disease,Dataset/Coconut Tree Disease Dataset/Gray Leaf Spot/GrayLeafSpot1691.jpg,gls,2_foliar_disease,,,,3,,,,,
GrayLeafSpot1692,coconut-tree-disease,Dataset/Coconut Tree Disease Dataset/Gray Leaf Spot/GrayLeafSpot1692.jpg,gls,2_foliar_disease,,,,4,,,,,
GrayLeafSpot1693,coconut-tree-disease,Dataset/Coconut Tree Disease Dataset/Gray Leaf Spot/GrayLeafSpot1693.jpg,gls,2_foliar_disease,,,,1,,,,,
GrayLeafSpot1694,coconut-tree-disease,Dataset/Coconut Tree Disease Dataset/Gray Leaf Spot/GrayLeafSpot1694.jpg,gls,2_foliar_disease,,,,2,,,,,
GrayLeafSpot1695,coconut-tree-disease,Dataset/Coconut Tree Disease Dataset/Gray Leaf Spot/GrayLeafSpot1695.jpg,gls,2_foliar_disease,,,,2,,,,,
GrayLeafSpot1696,coconut-tree-disease,Dataset/Coconut Tree Disease Dataset/Gray Leaf Spot/GrayLeafSpot1696.jpg,gls,2_foliar_disease,,,,4,,,,,
GrayLeafSpot1697,coconut-tree-disease,Dataset/Coconut Tree Disease Dataset/Gray Leaf Spot/GrayLeafSpot1697.jpg,gls,2_foliar_disease,,,,0,,,,,
GrayLeafSpot1698,coconut-tree-disease,Dataset/Coconut Tree Disease Dataset/Gray Leaf Spot/GrayLeafSpot1698.jpg,gls,2_foliar_disease,,,,1,,,,,
GrayLeafSpot1699,coconut-tree-disease,Dataset/Coconut Tree Disease Dataset/Gray Leaf Spot/GrayLeafSpot1699.jpg,gls,2_foliar_disease,,,,4,,,,,
GrayLeafSpot170,coconut-tree-disease,Dataset/Coconut Tree Disease Dataset/Gray Leaf Spot/GrayLeafSpot170.jpg,gls,2_foliar_disease,,,,1,,,,,
GrayLeafSpot1700,coconut-tree-disease,Dataset/Coconut Tree Disease Dataset/Gray Leaf Spot/GrayLeafSpot1700.jpg,gls,2_foliar_disease,,,,3,,,,,
GrayLeafSpot1701,coconut-tree-disease,Dataset/Coconut Tree Disease Dataset/Gray Leaf Spot/GrayLeafSpot1701.jpg,gls,2_foliar_disease,,,,4,,,,,
GrayLeafSpot1702,coconut-tree-disease,Dataset/Coconut Tree Disease Dataset/Gray Leaf Spot/GrayLeafSpot1702.jpg,gls,2_foliar_disease,,,,4,,,,,
GrayLeafSpot1703,coconut-tree-disease,Dataset/Coconut Tree Disease Dataset/Gray Leaf Spot/GrayLeafSpot1703.jpg,gls,2_foliar_disease,,,,1,,,,,
GrayLeafSpot1704,coconut-tree-disease,Dataset/Coconut Tree Disease Dataset/Gray Leaf Spot/GrayLeafSpot1704.jpg,gls,2_foliar_disease,,,,0,,,,,
GrayLeafSpot1705,coconut-tree-disease,Dataset/Coconut Tree Disease Dataset/Gray Leaf Spot/GrayLeafSpot1705.jpg,gls,2_foliar_disease,,,,4,,,,,
GrayLeafSpot1706,coconut-tree-disease,Dataset/Coconut Tree Disease Dataset/Gray Leaf Spot/GrayLeafSpot1706.jpg,gls,2_foliar_disease,,,,1,,,,,
GrayLeafSpot1707,coconut-tree-disease,Dataset/Coconut Tree Disease Dataset/Gray Leaf Spot/GrayLeafSpot1707.jpg,gls,2_foliar_disease,,,,3,,,,,
GrayLeafSpot1708,coconut-tree-disease,Dataset/Coconut Tree Disease Dataset/Gray Leaf Spot/GrayLeafSpot1708.jpg,gls,2_foliar_disease,,,,0,,,,,
GrayLeafSpot1709,coconut-tree-disease,Dataset/Coconut Tree Disease Dataset/Gray Leaf Spot/GrayLeafSpot1709.jpg,gls,2_foliar_disease,,,,1,,,,,
GrayLeafSpot171,coconut-tree-disease,Dataset/Coconut Tree Disease Dataset/Gray Leaf Spot/GrayLeafSpot171.jpg,gls,2_foliar_disease,,,,1,,,,,
GrayLeafSpot1710,coconut-tree-disease,Dataset/Coconut Tree Disease Dataset/Gray Leaf Spot/GrayLeafSpot1710.jpg,gls,2_foliar_disease,,,,1,,,,,
GrayLeafSpot1711,coconut-tree-disease,Dataset/Coconut Tree Disease Dataset/Gray Leaf Spot/GrayLeafSpot1711.jpg,gls,2_foliar_disease,,,,0,,,,,
GrayLeafSpot1712,coconut-tree-disease,Dataset/Coconut Tree Disease Dataset/Gray Leaf Spot/GrayLeafSpot1712.jpg,gls,2_foliar_disease,,,,0,,,,,
GrayLeafSpot1713,coconut-tree-disease,Dataset/Coconut Tree Disease Dataset/Gray Leaf Spot/GrayLeafSpot1713.jpg,gls,2_foliar_disease,,,,1,,,,,
GrayLeafSpot1714,coconut-tree-disease,Dataset/Coconut Tree Disease Dataset/Gray Leaf Spot/GrayLeafSpot1714.jpg,gls,2_foliar_disease,,,,2,,,,,
GrayLeafSpot1715,coconut-tree-disease,Dataset/Coconut Tree Disease Dataset/Gray Leaf Spot/GrayLeafSpot1715.jpg,gls,2_foliar_disease,,,,4,,,,,
GrayLeafSpot1716,coconut-tree-disease,Dataset/Coconut Tree Disease Dataset/Gray Leaf Spot/GrayLeafSpot1716.jpg,gls,2_foliar_disease,,,,2,,,,,
GrayLeafSpot1717,coconut-tree-disease,Dataset/Coconut Tree Disease Dataset/Gray Leaf Spot/GrayLeafSpot1717.jpg,gls,2_foliar_disease,,,,4,,,,,
GrayLeafSpot1718,coconut-tree-disease,Dataset/Coconut Tree Disease Dataset/Gray Leaf Spot/GrayLeafSpot1718.jpg,gls,2_foliar_disease,,,,3,,,,,
GrayLeafSpot1719,coconut-tree-disease,Dataset/Coconut Tree Disease Dataset/Gray Leaf Spot/GrayLeafSpot1719.jpg,gls,2_foliar_disease,,,,0,,,,,
GrayLeafSpot172,coconut-tree-disease,Dataset/Coconut Tree Disease Dataset/Gray Leaf Spot/GrayLeafSpot172.jpg,gls,2_foliar_disease,,,,0,,,,,
GrayLeafSpot1720,coconut-tree-disease,Dataset/Coconut Tree Disease Dataset/Gray Leaf Spot/GrayLeafSpot1720.jpg,gls,2_foliar_disease,,,,4,,,,,
GrayLeafSpot1721,coconut-tree-disease,Dataset/Coconut Tree Disease Dataset/Gray Leaf Spot/GrayLeafSpot1721.jpg,gls,2_foliar_disease,,,,0,,,,,
GrayLeafSpot1722,coconut-tree-disease,Dataset/Coconut Tree Disease Dataset/Gray Leaf Spot/GrayLeafSpot1722.jpg,gls,2_foliar_disease,,,,0,,,,,
GrayLeafSpot1723,coconut-tree-disease,Dataset/Coconut Tree Disease Dataset/Gray Leaf Spot/GrayLeafSpot1723.jpg,gls,2_foliar_disease,,,,4,,,,,
GrayLeafSpot1724,coconut-tree-disease,Dataset/Coconut Tree Disease Dataset/Gray Leaf Spot/GrayLeafSpot1724.jpg,gls,2_foliar_disease,,,,3,,,,,
GrayLeafSpot1725,coconut-tree-disease,Dataset/Coconut Tree Disease Dataset/Gray Leaf Spot/GrayLeafSpot1725.jpg,gls,2_foliar_disease,,,,0,,,,,
GrayLeafSpot1726,coconut-tree-disease,Dataset/Coconut Tree Disease Dataset/Gray Leaf Spot/GrayLeafSpot1726.jpg,gls,2_foliar_disease,,,,1,,,,,
GrayLeafSpot1727,coconut-tree-disease,Dataset/Coconut Tree Disease Dataset/Gray Leaf Spot/GrayLeafSpot1727.jpg,gls,2_foliar_disease,,,,0,,,,,
GrayLeafSpot1728,coconut-tree-disease,Dataset/Coconut Tree Disease Dataset/Gray Leaf Spot/GrayLeafSpot1728.jpg,gls,2_foliar_disease,,,,1,,,,,
GrayLeafSpot1729,coconut-tree-disease,Dataset/Coconut Tree Disease Dataset/Gray Leaf Spot/GrayLeafSpot1729.jpg,gls,2_foliar_disease,,,,1,,,,,
GrayLeafSpot173,coconut-tree-disease,Dataset/Coconut Tree Disease Dataset/Gray Leaf Spot/GrayLeafSpot173.jpg,gls,2_foliar_disease,,,,1,,,,,
GrayLeafSpot1730,coconut-tree-disease,Dataset/Coconut Tree Disease Dataset/Gray Leaf Spot/GrayLeafSpot1730.jpg,gls,2_foliar_disease,,,,1,,,,,
GrayLeafSpot1731,coconut-tree-disease,Dataset/Coconut Tree Disease Dataset/Gray Leaf Spot/GrayLeafSpot1731.jpg,gls,2_foliar_disease,,,,2,,,,,
GrayLeafSpot1732,coconut-tree-disease,Dataset/Coconut Tree Disease Dataset/Gray Leaf Spot/GrayLeafSpot1732.jpg,gls,2_foliar_disease,,,,1,,,,,
GrayLeafSpot1733,coconut-tree-disease,Dataset/Coconut Tree Disease Dataset/Gray Leaf Spot/GrayLeafSpot1733.jpg,gls,2_foliar_disease,,,,3,,,,,
GrayLeafSpot1734,coconut-tree-disease,Dataset/Coconut Tree Disease Dataset/Gray Leaf Spot/GrayLeafSpot1734.jpg,gls,2_foliar_disease,,,,2,,,,,
GrayLeafSpot1735,coconut-tree-disease,Dataset/Coconut Tree Disease Dataset/Gray Leaf Spot/GrayLeafSpot1735.jpg,gls,2_foliar_disease,,,,4,,,,,
GrayLeafSpot1736,coconut-tree-disease,Dataset/Coconut Tree Disease Dataset/Gray Leaf Spot/GrayLeafSpot1736.jpg,gls,2_foliar_disease,,,,3,,,,,
GrayLeafSpot1737,coconut-tree-disease,Dataset/Coconut Tree Disease Dataset/Gray Leaf Spot/GrayLeafSpot1737.jpg,gls,2_foliar_disease,,,,3,,,,,
GrayLeafSpot1738,coconut-tree-disease,Dataset/Coconut Tree Disease Dataset/Gray Leaf Spot/GrayLeafSpot1738.jpg,gls,2_foliar_disease,,,,3,,,,,
GrayLeafSpot1739,coconut-tree-disease,Dataset/Coconut Tree Disease Dataset/Gray Leaf Spot/GrayLeafSpot1739.jpg,gls,2_foliar_disease,,,,3,,,,,
GrayLeafSpot174,coconut-tree-disease,Dataset/Coconut Tree Disease Dataset/Gray Leaf Spot/GrayLeafSpot174.jpg,gls,2_foliar_disease,,,,0,,,,,
GrayLeafSpot1740,coconut-tree-disease,Dataset/Coconut Tree Disease Dataset/Gray Leaf Spot/GrayLeafSpot1740.jpg,gls,2_foliar_disease,,,,2,,,,,
GrayLeafSpot1741,coconut-tree-disease,Dataset/Coconut Tree Disease Dataset/Gray Leaf Spot/GrayLeafSpot1741.jpg,gls,2_foliar_disease,,,,1,,,,,
GrayLeafSpot1742,coconut-tree-disease,Dataset/Coconut Tree Disease Dataset/Gray Leaf Spot/GrayLeafSpot1742.jpg,gls,2_foliar_disease,,,,4,,,,,
GrayLeafSpot1743,coconut-tree-disease,Dataset/Coconut Tree Disease Dataset/Gray Leaf Spot/GrayLeafSpot1743.jpg,gls,2_foliar_disease,,,,4,,,,,
GrayLeafSpot1744,coconut-tree-disease,Dataset/Coconut Tree Disease Dataset/Gray Leaf Spot/GrayLeafSpot1744.jpg,gls,2_foliar_disease,,,,0,,,,,
GrayLeafSpot1745,coconut-tree-disease,Dataset/Coconut Tree Disease Dataset/Gray Leaf Spot/GrayLeafSpot1745.jpg,gls,2_foliar_disease,,,,1,,,,,
GrayLeafSpot1746,coconut-tree-disease,Dataset/Coconut Tree Disease Dataset/Gray Leaf Spot/GrayLeafSpot1746.jpg,gls,2_foliar_disease,,,,2,,,,,
GrayLeafSpot1747,coconut-tree-disease,Dataset/Coconut Tree Disease Dataset/Gray Leaf Spot/GrayLeafSpot1747.jpg,gls,2_foliar_disease,,,,2,,,,,
GrayLeafSpot1748,coconut-tree-disease,Dataset/Coconut Tree Disease Dataset/Gray Leaf Spot/GrayLeafSpot1748.jpg,gls,2_foliar_disease,,,,3,,,,,
GrayLeafSpot1749,coconut-tree-disease,Dataset/Coconut Tree Disease Dataset/Gray Leaf Spot/GrayLeafSpot1749.jpg,gls,2_foliar_disease,,,,4,,,,,
GrayLeafSpot175,coconut-tree-disease,Dataset/Coconut Tree Disease Dataset/Gray Leaf Spot/GrayLeafSpot175.jpg,gls,2_foliar_disease,,,,1,,,,,
GrayLeafSpot1750,coconut-tree-disease,Dataset/Coconut Tree Disease Dataset/Gray Leaf Spot/GrayLeafSpot1750.jpg,gls,2_foliar_disease,,,,2,,,,,
GrayLeafSpot1751,coconut-tree-disease,Dataset/Coconut Tree Disease Dataset/Gray Leaf Spot/GrayLeafSpot1751.jpg,gls,2_foliar_disease,,,,4,,,,,
GrayLeafSpot1752,coconut-tree-disease,Dataset/Coconut Tree Disease Dataset/Gray Leaf Spot/GrayLeafSpot1752.jpg,gls,2_foliar_disease,,,,2,,,,,
GrayLeafSpot1753,coconut-tree-disease,Dataset/Coconut Tree Disease Dataset/Gray Leaf Spot/GrayLeafSpot1753.jpg,gls,2_foliar_disease,,,,3,,,,,
GrayLeafSpot1754,coconut-tree-disease,Dataset/Coconut Tree Disease Dataset/Gray Leaf Spot/GrayLeafSpot1754.jpg,gls,2_foliar_disease,,,,2,,,,,
GrayLeafSpot1755,coconut-tree-disease,Dataset/Coconut Tree Disease Dataset/Gray Leaf Spot/GrayLeafSpot1755.jpg,gls,2_foliar_disease,,,,0,,,,,
GrayLeafSpot1756,coconut-tree-disease,Dataset/Coconut Tree Disease Dataset/Gray Leaf Spot/GrayLeafSpot1756.jpg,gls,2_foliar_disease,,,,1,,,,,
GrayLeafSpot1757,coconut-tree-disease,Dataset/Coconut Tree Disease Dataset/Gray Leaf Spot/GrayLeafSpot1757.jpg,gls,2_foliar_disease,,,,4,,,,,
GrayLeafSpot1758,coconut-tree-disease,Dataset/Coconut Tree Disease Dataset/Gray Leaf Spot/GrayLeafSpot1758.jpg,gls,2_foliar_disease,,,,3,,,,,
GrayLeafSpot1759,coconut-tree-disease,Dataset/Coconut Tree Disease Dataset/Gray Leaf Spot/GrayLeafSpot1759.jpg,gls,2_foliar_disease,,,,1,,,,,
GrayLeafSpot176,coconut-tree-disease,Dataset/Coconut Tree Disease Dataset/Gray Leaf Spot/GrayLeafSpot176.jpg,gls,2_foliar_disease,,,,2,,,,,
GrayLeafSpot1760,coconut-tree-disease,Dataset/Coconut Tree Disease Dataset/Gray Leaf Spot/GrayLeafSpot1760.jpg,gls,2_foliar_disease,,,,4,,,,,
GrayLeafSpot1761,coconut-tree-disease,Dataset/Coconut Tree Disease Dataset/Gray Leaf Spot/GrayLeafSpot1761.jpg,gls,2_foliar_disease,,,,4,,,,,
GrayLeafSpot1762,coconut-tree-disease,Dataset/Coconut Tree Disease Dataset/Gray Leaf Spot/GrayLeafSpot1762.jpg,gls,2_foliar_disease,,,,3,,,,,
GrayLeafSpot1763,coconut-tree-disease,Dataset/Coconut Tree Disease Dataset/Gray Leaf Spot/GrayLeafSpot1763.jpg,gls,2_foliar_disease,,,,2,,,,,
GrayLeafSpot1764,coconut-tree-disease,Dataset/Coconut Tree Disease Dataset/Gray Leaf Spot/GrayLeafSpot1764.jpg,gls,2_foliar_disease,,,,4,,,,,
GrayLeafSpot1765,coconut-tree-disease,Dataset/Coconut Tree Disease Dataset/Gray Leaf Spot/GrayLeafSpot1765.jpg,gls,2_foliar_disease,,,,3,,,,,
GrayLeafSpot1766,coconut-tree-disease,Dataset/Coconut Tree Disease Dataset/Gray Leaf Spot/GrayLeafSpot1766.jpg,gls,2_foliar_disease,,,,1,,,,,
GrayLeafSpot1767,coconut-tree-disease,Dataset/Coconut Tree Disease Dataset/Gray Leaf Spot/GrayLeafSpot1767.jpg,gls,2_foliar_disease,,,,0,,,,,
GrayLeafSpot1768,coconut-tree-disease,Dataset/Coconut Tree Disease Dataset/Gray Leaf Spot/GrayLeafSpot1768.jpg,gls,2_foliar_disease,,,,4,,,,,
GrayLeafSpot1769,coconut-tree-disease,Dataset/Coconut Tree Disease Dataset/Gray Leaf Spot/GrayLeafSpot1769.jpg,gls,2_foliar_disease,,,,1,,,,,
GrayLeafSpot177,coconut-tree-disease,Dataset/Coconut Tree Disease Dataset/Gray Leaf Spot/GrayLeafSpot177.jpg,gls,2_foliar_disease,,,,4,,,,,
GrayLeafSpot1770,coconut-tree-disease,Dataset/Coconut Tree Disease Dataset/Gray Leaf Spot/GrayLeafSpot1770.jpg,gls,2_foliar_disease,,,,2,,,,,
GrayLeafSpot1771,coconut-tree-disease,Dataset/Coconut Tree Disease Dataset/Gray Leaf Spot/GrayLeafSpot1771.jpg,gls,2_foliar_disease,,,,0,,,,,
GrayLeafSpot1772,coconut-tree-disease,Dataset/Coconut Tree Disease Dataset/Gray Leaf Spot/GrayLeafSpot1772.jpg,gls,2_foliar_disease,,,,3,,,,,
GrayLeafSpot1773,coconut-tree-disease,Dataset/Coconut Tree Disease Dataset/Gray Leaf Spot/GrayLeafSpot1773.jpg,gls,2_foliar_disease,,,,2,,,,,
GrayLeafSpot1774,coconut-tree-disease,Dataset/Coconut Tree Disease Dataset/Gray Leaf Spot/GrayLeafSpot1774.jpg,gls,2_foliar_disease,,,,3,,,,,
GrayLeafSpot1775,coconut-tree-disease,Dataset/Coconut Tree Disease Dataset/Gray Leaf Spot/GrayLeafSpot1775.jpg,gls,2_foliar_disease,,,,0,,,,,
GrayLeafSpot1776,coconut-tree-disease,Dataset/Coconut Tree Disease Dataset/Gray Leaf Spot/GrayLeafSpot1776.jpg,gls,2_foliar_disease,,,,0,,,,,
GrayLeafSpot1777,coconut-tree-disease,Dataset/Coconut Tree Disease Dataset/Gray Leaf Spot/GrayLeafSpot1777.jpg,gls,2_foliar_disease,,,,0,,,,,
GrayLeafSpot1778,coconut-tree-disease,Dataset/Coconut Tree Disease Dataset/Gray Leaf Spot/GrayLeafSpot1778.jpg,gls,2_foliar_disease,,,,0,,,,,
GrayLeafSpot1779,coconut-tree-disease,Dataset/Coconut Tree Disease Dataset/Gray Leaf Spot/GrayLeafSpot1779.jpg,gls,2_foliar_disease,,,,3,,,,,
GrayLeafSpot178,coconut-tree-disease,Dataset/Coconut Tree Disease Dataset/Gray Leaf Spot/GrayLeafSpot178.jpg,gls,2_foliar_disease,,,,4,,,,,
GrayLeafSpot1780,coconut-tree-disease,Dataset/Coconut Tree Disease Dataset/Gray Leaf Spot/GrayLeafSpot1780.jpg,gls,2_foliar_disease,,,,4,,,,,
GrayLeafSpot1781,coconut-tree-disease,Dataset/Coconut Tree Disease Dataset/Gray Leaf Spot/GrayLeafSpot1781.jpg,gls,2_foliar_disease,,,,1,,,,,
GrayLeafSpot1782,coconut-tree-disease,Dataset/Coconut Tree Disease Dataset/Gray Leaf Spot/GrayLeafSpot1782.jpg,gls,2_foliar_disease,,,,0,,,,,
GrayLeafSpot1783,coconut-tree-disease,Dataset/Coconut Tree Disease Dataset/Gray Leaf Spot/GrayLeafSpot1783.jpg,gls,2_foliar_disease,,,,4,,,,,
GrayLeafSpot1784,coconut-tree-disease,Dataset/Coconut Tree Disease Dataset/Gray Leaf Spot/GrayLeafSpot1784.jpg,gls,2_foliar_disease,,,,4,,,,,
GrayLeafSpot1785,coconut-tree-disease,Dataset/Coconut Tree Disease Dataset/Gray Leaf Spot/GrayLeafSpot1785.jpg,gls,2_foliar_disease,,,,3,,,,,
GrayLeafSpot1786,coconut-tree-disease,Dataset/Coconut Tree Disease Dataset/Gray Leaf Spot/GrayLeafSpot1786.jpg,gls,2_foliar_disease,,,,3,,,,,
GrayLeafSpot1787,coconut-tree-disease,Dataset/Coconut Tree Disease Dataset/Gray Leaf Spot/GrayLeafSpot1787.jpg,gls,2_foliar_disease,,,,2,,,,,
GrayLeafSpot1788,coconut-tree-disease,Dataset/Coconut Tree Disease Dataset/Gray Leaf Spot/GrayLeafSpot1788.jpg,gls,2_foliar_disease,,,,4,,,,,
GrayLeafSpot1789,coconut-tree-disease,Dataset/Coconut Tree Disease Dataset/Gray Leaf Spot/GrayLeafSpot1789.jpg,gls,2_foliar_disease,,,,4,,,,,
GrayLeafSpot179,coconut-tree-disease,Dataset/Coconut Tree Disease Dataset/Gray Leaf Spot/GrayLeafSpot179.jpg,gls,2_foliar_disease,,,,4,,,,,
GrayLeafSpot1790,coconut-tree-disease,Dataset/Coconut Tree Disease Dataset/Gray Leaf Spot/GrayLeafSpot1790.jpg,gls,2_foliar_disease,,,,4,,,,,
GrayLeafSpot1791,coconut-tree-disease,Dataset/Coconut Tree Disease Dataset/Gray Leaf Spot/GrayLeafSpot1791.jpg,gls,2_foliar_disease,,,,2,,,,,
GrayLeafSpot1792,coconut-tree-disease,Dataset/Coconut Tree Disease Dataset/Gray Leaf Spot/GrayLeafSpot1792.jpg,gls,2_foliar_disease,,,,4,,,,,
GrayLeafSpot1793,coconut-tree-disease,Dataset/Coconut Tree Disease Dataset/Gray Leaf Spot/GrayLeafSpot1793.jpg,gls,2_foliar_disease,,,,4,,,,,
GrayLeafSpot1794,coconut-tree-disease,Dataset/Coconut Tree Disease Dataset/Gray Leaf Spot/GrayLeafSpot1794.jpg,gls,2_foliar_disease,,,,2,,,,,
GrayLeafSpot1795,coconut-tree-disease,Dataset/Coconut Tree Disease Dataset/Gray Leaf Spot/GrayLeafSpot1795.jpg,gls,2_foliar_disease,,,,1,,,,,
GrayLeafSpot1796,coconut-tree-disease,Dataset/Coconut Tree Disease Dataset/Gray Leaf Spot/GrayLeafSpot1796.jpg,gls,2_foliar_disease,,,,0,,,,,
GrayLeafSpot1797,coconut-tree-disease,Dataset/Coconut Tree Disease Dataset/Gray Leaf Spot/GrayLeafSpot1797.jpg,gls,2_foliar_disease,,,,2,,,,,
GrayLeafSpot1798,coconut-tree-disease,Dataset/Coconut Tree Disease Dataset/Gray Leaf Spot/GrayLeafSpot1798.jpg,gls,2_foliar_disease,,,,0,,,,,
GrayLeafSpot1799,coconut-tree-disease,Dataset/Coconut Tree Disease Dataset/Gray Leaf Spot/GrayLeafSpot1799.jpg,gls,2_foliar_disease,,,,3,,,,,
GrayLeafSpot180,coconut-tree-disease,Dataset/Coconut Tree Disease Dataset/Gray Leaf Spot/GrayLeafSpot180.jpg,gls,2_foliar_disease,,,,4,,,,,
GrayLeafSpot1800,coconut-tree-disease,Dataset/Coconut Tree Disease Dataset/Gray Leaf Spot/GrayLeafSpot1800.jpg,gls,2_foliar_disease,,,,4,,,,,
GrayLeafSpot1801,coconut-tree-disease,Dataset/Coconut Tree Disease Dataset/Gray Leaf Spot/GrayLeafSpot1801.jpg,gls,2_foliar_disease,,,,1,,,,,
GrayLeafSpot1802,coconut-tree-disease,Dataset/Coconut Tree Disease Dataset/Gray Leaf Spot/GrayLeafSpot1802.jpg,gls,2_foliar_disease,,,,2,,,,,
GrayLeafSpot1803,coconut-tree-disease,Dataset/Coconut Tree Disease Dataset/Gray Leaf Spot/GrayLeafSpot1803.jpg,gls,2_foliar_disease,,,,3,,,,,
GrayLeafSpot1804,coconut-tree-disease,Dataset/Coconut Tree Disease Dataset/Gray Leaf Spot/GrayLeafSpot1804.jpg,gls,2_foliar_disease,,,,1,,,,,
GrayLeafSpot1805,coconut-tree-disease,Dataset/Coconut Tree Disease Dataset/Gray Leaf Spot/GrayLeafSpot1805.jpg,gls,2_foliar_disease,,,,1,,,,,
GrayLeafSpot1806,coconut-tree-disease,Dataset/Coconut Tree Disease Dataset/Gray Leaf Spot/GrayLeafSpot1806.jpg,gls,2_foliar_disease,,,,0,,,,,
GrayLeafSpot1807,coconut-tree-disease,Dataset/Coconut Tree Disease Dataset/Gray Leaf Spot/GrayLeafSpot1807.jpg,gls,2_foliar_disease,,,,3,,,,,
GrayLeafSpot1808,coconut-tree-disease,Dataset/Coconut Tree Disease Dataset/Gray Leaf Spot/GrayLeafSpot1808.jpg,gls,2_foliar_disease,,,,0,,,,,
GrayLeafSpot1809,coconut-tree-disease,Dataset/Coconut Tree Disease Dataset/Gray Leaf Spot/GrayLeafSpot1809.jpg,gls,2_foliar_disease,,,,3,,,,,
GrayLeafSpot181,coconut-tree-disease,Dataset/Coconut Tree Disease Dataset/Gray Leaf Spot/GrayLeafSpot181.jpg,gls,2_foliar_disease,,,,4,,,,,
GrayLeafSpot1810,coconut-tree-disease,Dataset/Coconut Tree Disease Dataset/Gray Leaf Spot/GrayLeafSpot1810.jpg,gls,2_foliar_disease,,,,2,,,,,
GrayLeafSpot1811,coconut-tree-disease,Dataset/Coconut Tree Disease Dataset/Gray Leaf Spot/GrayLeafSpot1811.jpg,gls,2_foliar_disease,,,,1,,,,,
GrayLeafSpot1812,coconut-tree-disease,Dataset/Coconut Tree Disease Dataset/Gray Leaf Spot/GrayLeafSpot1812.jpg,gls,2_foliar_disease,,,,4,,,,,
GrayLeafSpot1813,coconut-tree-disease,Dataset/Coconut Tree Disease Dataset/Gray Leaf Spot/GrayLeafSpot1813.jpg,gls,2_foliar_disease,,,,0,,,,,
GrayLeafSpot1814,coconut-tree-disease,Dataset/Coconut Tree Disease Dataset/Gray Leaf Spot/GrayLeafSpot1814.jpg,gls,2_foliar_disease,,,,3,,,,,
GrayLeafSpot1815,coconut-tree-disease,Dataset/Coconut Tree Disease Dataset/Gray Leaf Spot/GrayLeafSpot1815.jpg,gls,2_foliar_disease,,,,0,,,,,
GrayLeafSpot1816,coconut-tree-disease,Dataset/Coconut Tree Disease Dataset/Gray Leaf Spot/GrayLeafSpot1816.jpg,gls,2_foliar_disease,,,,2,,,,,
GrayLeafSpot1817,coconut-tree-disease,Dataset/Coconut Tree Disease Dataset/Gray Leaf Spot/GrayLeafSpot1817.jpg,gls,2_foliar_disease,,,,4,,,,,
GrayLeafSpot1818,coconut-tree-disease,Dataset/Coconut Tree Disease Dataset/Gray Leaf Spot/GrayLeafSpot1818.jpg,gls,2_foliar_disease,,,,0,,,,,
GrayLeafSpot1819,coconut-tree-disease,Dataset/Coconut Tree Disease Dataset/Gray Leaf Spot/GrayLeafSpot1819.jpg,gls,2_foliar_disease,,,,2,,,,,
GrayLeafSpot182,coconut-tree-disease,Dataset/Coconut Tree Disease Dataset/Gray Leaf Spot/GrayLeafSpot182.jpg,gls,2_foliar_disease,,,,4,,,,,
GrayLeafSpot1820,coconut-tree-disease,Dataset/Coconut Tree Disease Dataset/Gray Leaf Spot/GrayLeafSpot1820.jpg,gls,2_foliar_disease,,,,4,,,,,
GrayLeafSpot1821,coconut-tree-disease,Dataset/Coconut Tree Disease Dataset/Gray Leaf Spot/GrayLeafSpot1821.jpg,gls,2_foliar_disease,,,,3,,,,,
GrayLeafSpot1822,coconut-tree-disease,Dataset/Coconut Tree Disease Dataset/Gray Leaf Spot/GrayLeafSpot1822.jpg,gls,2_foliar_disease,,,,4,,,,,
GrayLeafSpot1823,coconut-tree-disease,Dataset/Coconut Tree Disease Dataset/Gray Leaf Spot/GrayLeafSpot1823.jpg,gls,2_foliar_disease,,,,3,,,,,
GrayLeafSpot1824,coconut-tree-disease,Dataset/Coconut Tree Disease Dataset/Gray Leaf Spot/GrayLeafSpot1824.jpg,gls,2_foliar_disease,,,,1,,,,,
GrayLeafSpot1825,coconut-tree-disease,Dataset/Coconut Tree Disease Dataset/Gray Leaf Spot/GrayLeafSpot1825.jpg,gls,2_foliar_disease,,,,1,,,,,
GrayLeafSpot1826,coconut-tree-disease,Dataset/Coconut Tree Disease Dataset/Gray Leaf Spot/GrayLeafSpot1826.jpg,gls,2_foliar_disease,,,,3,,,,,
GrayLeafSpot1827,coconut-tree-disease,Dataset/Coconut Tree Disease Dataset/Gray Leaf Spot/GrayLeafSpot1827.jpg,gls,2_foliar_disease,,,,3,,,,,
GrayLeafSpot1828,coconut-tree-disease,Dataset/Coconut Tree Disease Dataset/Gray Leaf Spot/GrayLeafSpot1828.jpg,gls,2_foliar_disease,,,,2,,,,,
GrayLeafSpot1829,coconut-tree-disease,Dataset/Coconut Tree Disease Dataset/Gray Leaf Spot/GrayLeafSpot1829.jpg,gls,2_foliar_disease,,,,1,,,,,
GrayLeafSpot183,coconut-tree-disease,Dataset/Coconut Tree Disease Dataset/Gray Leaf Spot/GrayLeafSpot183.jpg,gls,2_foliar_disease,,,,2,,,,,
GrayLeafSpot1830,coconut-tree-disease,Dataset/Coconut Tree Disease Dataset/Gray Leaf Spot/GrayLeafSpot1830.jpg,gls,2_foliar_disease,,,,4,,,,,
GrayLeafSpot1831,coconut-tree-disease,Dataset/Coconut Tree Disease Dataset/Gray Leaf Spot/GrayLeafSpot1831.jpg,gls,2_foliar_disease,,,,0,,,,,
GrayLeafSpot1832,coconut-tree-disease,Dataset/Coconut Tree Disease Dataset/Gray Leaf Spot/GrayLeafSpot1832.jpg,gls,2_foliar_disease,,,,2,,,,,
GrayLeafSpot1833,coconut-tree-disease,Dataset/Coconut Tree Disease Dataset/Gray Leaf Spot/GrayLeafSpot1833.jpg,gls,2_foliar_disease,,,,4,,,,,
GrayLeafSpot1834,coconut-tree-disease,Dataset/Coconut Tree Disease Dataset/Gray Leaf Spot/GrayLeafSpot1834.jpg,gls,2_foliar_disease,,,,4,,,,,
GrayLeafSpot1835,coconut-tree-disease,Dataset/Coconut Tree Disease Dataset/Gray Leaf Spot/GrayLeafSpot1835.jpg,gls,2_foliar_disease,,,,4,,,,,
GrayLeafSpot1836,coconut-tree-disease,Dataset/Coconut Tree Disease Dataset/Gray Leaf Spot/GrayLeafSpot1836.jpg,gls,2_foliar_disease,,,,4,,,,,
GrayLeafSpot1837,coconut-tree-disease,Dataset/Coconut Tree Disease Dataset/Gray Leaf Spot/GrayLeafSpot1837.jpg,gls,2_foliar_disease,,,,2,,,,,
GrayLeafSpot1838,coconut-tree-disease,Dataset/Coconut Tree Disease Dataset/Gray Leaf Spot/GrayLeafSpot1838.jpg,gls,2_foliar_disease,,,,0,,,,,
GrayLeafSpot1839,coconut-tree-disease,Dataset/Coconut Tree Disease Dataset/Gray Leaf Spot/GrayLeafSpot1839.jpg,gls,2_foliar_disease,,,,1,,,,,
GrayLeafSpot184,coconut-tree-disease,Dataset/Coconut Tree Disease Dataset/Gray Leaf Spot/GrayLeafSpot184.jpg,gls,2_foliar_disease,,,,4,,,,,
GrayLeafSpot1840,coconut-tree-disease,Dataset/Coconut Tree Disease Dataset/Gray Leaf Spot/GrayLeafSpot1840.jpg,gls,2_foliar_disease,,,,2,,,,,
GrayLeafSpot1841,coconut-tree-disease,Dataset/Coconut Tree Disease Dataset/Gray Leaf Spot/GrayLeafSpot1841.jpg,gls,2_foliar_disease,,,,3,,,,,
GrayLeafSpot1842,coconut-tree-disease,Dataset/Coconut Tree Disease Dataset/Gray Leaf Spot/GrayLeafSpot1842.jpg,gls,2_foliar_disease,,,,2,,,,,
GrayLeafSpot1843,coconut-tree-disease,Dataset/Coconut Tree Disease Dataset/Gray Leaf Spot/GrayLeafSpot1843.jpg,gls,2_foliar_disease,,,,2,,,,,
GrayLeafSpot1844,coconut-tree-disease,Dataset/Coconut Tree Disease Dataset/Gray Leaf Spot/GrayLeafSpot1844.jpg,gls,2_foliar_disease,,,,4,,,,,
GrayLeafSpot1845,coconut-tree-disease,Dataset/Coconut Tree Disease Dataset/Gray Leaf Spot/GrayLeafSpot1845.jpg,gls,2_foliar_disease,,,,3,,,,,
GrayLeafSpot1846,coconut-tree-disease,Dataset/Coconut Tree Disease Dataset/Gray Leaf Spot/GrayLeafSpot1846.jpg,gls,2_foliar_disease,,,,1,,,,,
GrayLeafSpot1847,coconut-tree-disease,Dataset/Coconut Tree Disease Dataset/Gray Leaf Spot/GrayLeafSpot1847.jpg,gls,2_foliar_disease,,,,3,,,,,
GrayLeafSpot1848,coconut-tree-disease,Dataset/Coconut Tree Disease Dataset/Gray Leaf Spot/GrayLeafSpot1848.jpg,gls,2_foliar_disease,,,,3,,,,,
GrayLeafSpot1849,coconut-tree-disease,Dataset/Coconut Tree Disease Dataset/Gray Leaf Spot/GrayLeafSpot1849.jpg,gls,2_foliar_disease,,,,2,,,,,
GrayLeafSpot185,coconut-tree-disease,Dataset/Coconut Tree Disease Dataset/Gray Leaf Spot/GrayLeafSpot185.jpg,gls,2_foliar_disease,,,,0,,,,,
GrayLeafSpot1850,coconut-tree-disease,Dataset/Coconut Tree Disease Dataset/Gray Leaf Spot/GrayLeafSpot1850.jpg,gls,2_foliar_disease,,,,1,,,,,
GrayLeafSpot1851,coconut-tree-disease,Dataset/Coconut Tree Disease Dataset/Gray Leaf Spot/GrayLeafSpot1851.jpg,gls,2_foliar_disease,,,,2,,,,,
GrayLeafSpot1852,coconut-tree-disease,Dataset/Coconut Tree Disease Dataset/Gray Leaf Spot/GrayLeafSpot1852.jpg,gls,2_foliar_disease,,,,2,,,,,
GrayLeafSpot1853,coconut-tree-disease,Dataset/Coconut Tree Disease Dataset/Gray Leaf Spot/GrayLeafSpot1853.jpg,gls,2_foliar_disease,,,,3,,,,,
GrayLeafSpot1854,coconut-tree-disease,Dataset/Coconut Tree Disease Dataset/Gray Leaf Spot/GrayLeafSpot1854.jpg,gls,2_foliar_disease,,,,1,,,,,
GrayLeafSpot1855,coconut-tree-disease,Dataset/Coconut Tree Disease Dataset/Gray Leaf Spot/GrayLeafSpot1855.jpg,gls,2_foliar_disease,,,,0,,,,,
GrayLeafSpot1856,coconut-tree-disease,Dataset/Coconut Tree Disease Dataset/Gray Leaf Spot/GrayLeafSpot1856.jpg,gls,2_foliar_disease,,,,2,,,,,
GrayLeafSpot1857,coconut-tree-disease,Dataset/Coconut Tree Disease Dataset/Gray Leaf Spot/GrayLeafSpot1857.jpg,gls,2_foliar_disease,,,,4,,,,,
GrayLeafSpot1858,coconut-tree-disease,Dataset/Coconut Tree Disease Dataset/Gray Leaf Spot/GrayLeafSpot1858.jpg,gls,2_foliar_disease,,,,0,,,,,
GrayLeafSpot1859,coconut-tree-disease,Dataset/Coconut Tree Disease Dataset/Gray Leaf Spot/GrayLeafSpot1859.jpg,gls,2_foliar_disease,,,,0,,,,,
GrayLeafSpot186,coconut-tree-disease,Dataset/Coconut Tree Disease Dataset/Gray Leaf Spot/GrayLeafSpot186.jpg,gls,2_foliar_disease,,,,4,,,,,
GrayLeafSpot1860,coconut-tree-disease,Dataset/Coconut Tree Disease Dataset/Gray Leaf Spot/GrayLeafSpot1860.jpg,gls,2_foliar_disease,,,,3,,,,,
GrayLeafSpot1861,coconut-tree-disease,Dataset/Coconut Tree Disease Dataset/Gray Leaf Spot/GrayLeafSpot1861.jpg,gls,2_foliar_disease,,,,1,,,,,
GrayLeafSpot1862,coconut-tree-disease,Dataset/Coconut Tree Disease Dataset/Gray Leaf Spot/GrayLeafSpot1862.jpg,gls,2_foliar_disease,,,,4,,,,,
GrayLeafSpot1863,coconut-tree-disease,Dataset/Coconut Tree Disease Dataset/Gray Leaf Spot/GrayLeafSpot1863.jpg,gls,2_foliar_disease,,,,3,,,,,
GrayLeafSpot1864,coconut-tree-disease,Dataset/Coconut Tree Disease Dataset/Gray Leaf Spot/GrayLeafSpot1864.jpg,gls,2_foliar_disease,,,,0,,,,,
GrayLeafSpot1865,coconut-tree-disease,Dataset/Coconut Tree Disease Dataset/Gray Leaf Spot/GrayLeafSpot1865.jpg,gls,2_foliar_disease,,,,2,,,,,
GrayLeafSpot1866,coconut-tree-disease,Dataset/Coconut Tree Disease Dataset/Gray Leaf Spot/GrayLeafSpot1866.jpg,gls,2_foliar_disease,,,,0,,,,,
GrayLeafSpot1867,coconut-tree-disease,Dataset/Coconut Tree Disease Dataset/Gray Leaf Spot/GrayLeafSpot1867.jpg,gls,2_foliar_disease,,,,2,,,,,
GrayLeafSpot1868,coconut-tree-disease,Dataset/Coconut Tree Disease Dataset/Gray Leaf Spot/GrayLeafSpot1868.jpg,gls,2_foliar_disease,,,,0,,,,,
GrayLeafSpot1869,coconut-tree-disease,Dataset/Coconut Tree Disease Dataset/Gray Leaf Spot/GrayLeafSpot1869.jpg,gls,2_foliar_disease,,,,3,,,,,
GrayLeafSpot187,coconut-tree-disease,Dataset/Coconut Tree Disease Dataset/Gray Leaf Spot/GrayLeafSpot187.jpg,gls,2_foliar_disease,,,,0,,,,,
GrayLeafSpot1870,coconut-tree-disease,Dataset/Coconut Tree Disease Dataset/Gray Leaf Spot/GrayLeafSpot1870.jpg,gls,2_foliar_disease,,,,3,,,,,
GrayLeafSpot1871,coconut-tree-disease,Dataset/Coconut Tree Disease Dataset/Gray Leaf Spot/GrayLeafSpot1871.jpg,gls,2_foliar_disease,,,,0,,,,,
GrayLeafSpot1872,coconut-tree-disease,Dataset/Coconut Tree Disease Dataset/Gray Leaf Spot/GrayLeafSpot1872.jpg,gls,2_foliar_disease,,,,3,,,,,
GrayLeafSpot1873,coconut-tree-disease,Dataset/Coconut Tree Disease Dataset/Gray Leaf Spot/GrayLeafSpot1873.jpg,gls,2_foliar_disease,,,,1,,,,,
GrayLeafSpot1874,coconut-tree-disease,Dataset/Coconut Tree Disease Dataset/Gray Leaf Spot/GrayLeafSpot1874.jpg,gls,2_foliar_disease,,,,3,,,,,
GrayLeafSpot1875,coconut-tree-disease,Dataset/Coconut Tree Disease Dataset/Gray Leaf Spot/GrayLeafSpot1875.jpg,gls,2_foliar_disease,,,,0,,,,,
GrayLeafSpot1876,coconut-tree-disease,Dataset/Coconut Tree Disease Dataset/Gray Leaf Spot/GrayLeafSpot1876.jpg,gls,2_foliar_disease,,,,1,,,,,
GrayLeafSpot1877,coconut-tree-disease,Dataset/Coconut Tree Disease Dataset/Gray Leaf Spot/GrayLeafSpot1877.jpg,gls,2_foliar_disease,,,,4,,,,,
GrayLeafSpot1878,coconut-tree-disease,Dataset/Coconut Tree Disease Dataset/Gray Leaf Spot/GrayLeafSpot1878.jpg,gls,2_foliar_disease,,,,0,,,,,
GrayLeafSpot1879,coconut-tree-disease,Dataset/Coconut Tree Disease Dataset/Gray Leaf Spot/GrayLeafSpot1879.jpg,gls,2_foliar_disease,,,,4,,,,,
GrayLeafSpot188,coconut-tree-disease,Dataset/Coconut Tree Disease Dataset/Gray Leaf Spot/GrayLeafSpot188.jpg,gls,2_foliar_disease,,,,3,,,,,
GrayLeafSpot1880,coconut-tree-disease,Dataset/Coconut Tree Disease Dataset/Gray Leaf Spot/GrayLeafSpot1880.jpg,gls,2_foliar_disease,,,,4,,,,,
GrayLeafSpot1881,coconut-tree-disease,Dataset/Coconut Tree Disease Dataset/Gray Leaf Spot/GrayLeafSpot1881.jpg,gls,2_foliar_disease,,,,0,,,,,
GrayLeafSpot1882,coconut-tree-disease,Dataset/Coconut Tree Disease Dataset/Gray Leaf Spot/GrayLeafSpot1882.jpg,gls,2_foliar_disease,,,,0,,,,,
GrayLeafSpot1883,coconut-tree-disease,Dataset/Coconut Tree Disease Dataset/Gray Leaf Spot/GrayLeafSpot1883.jpg,gls,2_foliar_disease,,,,2,,,,,
GrayLeafSpot1884,coconut-tree-disease,Dataset/Coconut Tree Disease Dataset/Gray Leaf Spot/GrayLeafSpot1884.jpg,gls,2_foliar_disease,,,,1,,,,,
GrayLeafSpot1885,coconut-tree-disease,Dataset/Coconut Tree Disease Dataset/Gray Leaf Spot/GrayLeafSpot1885.jpg,gls,2_foliar_disease,,,,3,,,,,
GrayLeafSpot1886,coconut-tree-disease,Dataset/Coconut Tree Disease Dataset/Gray Leaf Spot/GrayLeafSpot1886.jpg,gls,2_foliar_disease,,,,2,,,,,
GrayLeafSpot1887,coconut-tree-disease,Dataset/Coconut Tree Disease Dataset/Gray Leaf Spot/GrayLeafSpot1887.jpg,gls,2_foliar_disease,,,,1,,,,,
GrayLeafSpot1888,coconut-tree-disease,Dataset/Coconut Tree Disease Dataset/Gray Leaf Spot/GrayLeafSpot1888.jpg,gls,2_foliar_disease,,,,2,,,,,
GrayLeafSpot1889,coconut-tree-disease,Dataset/Coconut Tree Disease Dataset/Gray Leaf Spot/GrayLeafSpot1889.jpg,gls,2_foliar_disease,,,,4,,,,,
GrayLeafSpot189,coconut-tree-disease,Dataset/Coconut Tree Disease Dataset/Gray Leaf Spot/GrayLeafSpot189.jpg,gls,2_foliar_disease,,,,3,,,,,
GrayLeafSpot1890,coconut-tree-disease,Dataset/Coconut Tree Disease Dataset/Gray Leaf Spot/GrayLeafSpot1890.jpg,gls,2_foliar_disease,,,,1,,,,,
GrayLeafSpot1891,coconut-tree-disease,Dataset/Coconut Tree Disease Dataset/Gray Leaf Spot/GrayLeafSpot1891.jpg,gls,2_foliar_disease,,,,4,,,,,
GrayLeafSpot1892,coconut-tree-disease,Dataset/Coconut Tree Disease Dataset/Gray Leaf Spot/GrayLeafSpot1892.jpg,gls,2_foliar_disease,,,,4,,,,,
GrayLeafSpot1893,coconut-tree-disease,Dataset/Coconut Tree Disease Dataset/Gray Leaf Spot/GrayLeafSpot1893.jpg,gls,2_foliar_disease,,,,3,,,,,
GrayLeafSpot1894,coconut-tree-disease,Dataset/Coconut Tree Disease Dataset/Gray Leaf Spot/GrayLeafSpot1894.jpg,gls,2_foliar_disease,,,,0,,,,,
GrayLeafSpot1895,coconut-tree-disease,Dataset/Coconut Tree Disease Dataset/Gray Leaf Spot/GrayLeafSpot1895.jpg,gls,2_foliar_disease,,,,4,,,,,
GrayLeafSpot1896,coconut-tree-disease,Dataset/Coconut Tree Disease Dataset/Gray Leaf Spot/GrayLeafSpot1896.jpg,gls,2_foliar_disease,,,,4,,,,,
GrayLeafSpot1897,coconut-tree-disease,Dataset/Coconut Tree Disease Dataset/Gray Leaf Spot/GrayLeafSpot1897.jpg,gls,2_foliar_disease,,,,3,,,,,
GrayLeafSpot1898,coconut-tree-disease,Dataset/Coconut Tree Disease Dataset/Gray Leaf Spot/GrayLeafSpot1898.jpg,gls,2_foliar_disease,,,,4,,,,,
GrayLeafSpot1899,coconut-tree-disease,Dataset/Coconut Tree Disease Dataset/Gray Leaf Spot/GrayLeafSpot1899.jpg,gls,2_foliar_disease,,,,1,,,,,
GrayLeafSpot190,coconut-tree-disease,Dataset/Coconut Tree Disease Dataset/Gray Leaf Spot/GrayLeafSpot190.jpg,gls,2_foliar_disease,,,,2,,,,,
GrayLeafSpot1900,coconut-tree-disease,Dataset/Coconut Tree Disease Dataset/Gray Leaf Spot/GrayLeafSpot1900.jpg,gls,2_foliar_disease,,,,3,,,,,
GrayLeafSpot1901,coconut-tree-disease,Dataset/Coconut Tree Disease Dataset/Gray Leaf Spot/GrayLeafSpot1901.jpg,gls,2_foliar_disease,,,,1,,,,,
GrayLeafSpot1902,coconut-tree-disease,Dataset/Coconut Tree Disease Dataset/Gray Leaf Spot/GrayLeafSpot1902.jpg,gls,2_foliar_disease,,,,1,,,,,
GrayLeafSpot1903,coconut-tree-disease,Dataset/Coconut Tree Disease Dataset/Gray Leaf Spot/GrayLeafSpot1903.jpg,gls,2_foliar_disease,,,,2,,,,,
GrayLeafSpot1904,coconut-tree-disease,Dataset/Coconut Tree Disease Dataset/Gray Leaf Spot/GrayLeafSpot1904.jpg,gls,2_foliar_disease,,,,4,,,,,
GrayLeafSpot1905,coconut-tree-disease,Dataset/Coconut Tree Disease Dataset/Gray Leaf Spot/GrayLeafSpot1905.jpg,gls,2_foliar_disease,,,,3,,,,,
GrayLeafSpot1906,coconut-tree-disease,Dataset/Coconut Tree Disease Dataset/Gray Leaf Spot/GrayLeafSpot1906.jpg,gls,2_foliar_disease,,,,4,,,,,
GrayLeafSpot1907,coconut-tree-disease,Dataset/Coconut Tree Disease Dataset/Gray Leaf Spot/GrayLeafSpot1907.jpg,gls,2_foliar_disease,,,,4,,,,,
GrayLeafSpot1908,coconut-tree-disease,Dataset/Coconut Tree Disease Dataset/Gray Leaf Spot/GrayLeafSpot1908.jpg,gls,2_foliar_disease,,,,0,,,,,
GrayLeafSpot1909,coconut-tree-disease,Dataset/Coconut Tree Disease Dataset/Gray Leaf Spot/GrayLeafSpot1909.jpg,gls,2_foliar_disease,,,,1,,,,,
GrayLeafSpot191,coconut-tree-disease,Dataset/Coconut Tree Disease Dataset/Gray Leaf Spot/GrayLeafSpot191.jpg,gls,2_foliar_disease,,,,0,,,,,
GrayLeafSpot1910,coconut-tree-disease,Dataset/Coconut Tree Disease Dataset/Gray Leaf Spot/GrayLeafSpot1910.jpg,gls,2_foliar_disease,,,,3,,,,,
GrayLeafSpot1911,coconut-tree-disease,Dataset/Coconut Tree Disease Dataset/Gray Leaf Spot/GrayLeafSpot1911.jpg,gls,2_foliar_disease,,,,4,,,,,
GrayLeafSpot1912,coconut-tree-disease,Dataset/Coconut Tree Disease Dataset/Gray Leaf Spot/GrayLeafSpot1912.jpg,gls,2_foliar_disease,,,,1,,,,,
GrayLeafSpot1913,coconut-tree-disease,Dataset/Coconut Tree Disease Dataset/Gray Leaf Spot/GrayLeafSpot1913.jpg,gls,2_foliar_disease,,,,4,,,,,
GrayLeafSpot1914,coconut-tree-disease,Dataset/Coconut Tree Disease Dataset/Gray Leaf Spot/GrayLeafSpot1914.jpg,gls,2_foliar_disease,,,,3,,,,,
GrayLeafSpot1915,coconut-tree-disease,Dataset/Coconut Tree Disease Dataset/Gray Leaf Spot/GrayLeafSpot1915.jpg,gls,2_foliar_disease,,,,0,,,,,
GrayLeafSpot1916,coconut-tree-disease,Dataset/Coconut Tree Disease Dataset/Gray Leaf Spot/GrayLeafSpot1916.jpg,gls,2_foliar_disease,,,,3,,,,,
GrayLeafSpot1917,coconut-tree-disease,Dataset/Coconut Tree Disease Dataset/Gray Leaf Spot/GrayLeafSpot1917.jpg,gls,2_foliar_disease,,,,4,,,,,
GrayLeafSpot1918,coconut-tree-disease,Dataset/Coconut Tree Disease Dataset/Gray Leaf Spot/GrayLeafSpot1918.jpg,gls,2_foliar_disease,,,,2,,,,,
GrayLeafSpot1919,coconut-tree-disease,Dataset/Coconut Tree Disease Dataset/Gray Leaf Spot/GrayLeafSpot1919.jpg,gls,2_foliar_disease,,,,2,,,,,
GrayLeafSpot192,coconut-tree-disease,Dataset/Coconut Tree Disease Dataset/Gray Leaf Spot/GrayLeafSpot192.jpg,gls,2_foliar_disease,,,,1,,,,,
GrayLeafSpot1920,coconut-tree-disease,Dataset/Coconut Tree Disease Dataset/Gray Leaf Spot/GrayLeafSpot1920.jpg,gls,2_foliar_disease,,,,4,,,,,
GrayLeafSpot1921,coconut-tree-disease,Dataset/Coconut Tree Disease Dataset/Gray Leaf Spot/GrayLeafSpot1921.jpg,gls,2_foliar_disease,,,,2,,,,,
GrayLeafSpot1922,coconut-tree-disease,Dataset/Coconut Tree Disease Dataset/Gray Leaf Spot/GrayLeafSpot1922.jpg,gls,2_foliar_disease,,,,0,,,,,
GrayLeafSpot1923,coconut-tree-disease,Dataset/Coconut Tree Disease Dataset/Gray Leaf Spot/GrayLeafSpot1923.jpg,gls,2_foliar_disease,,,,3,,,,,
GrayLeafSpot1924,coconut-tree-disease,Dataset/Coconut Tree Disease Dataset/Gray Leaf Spot/GrayLeafSpot1924.jpg,gls,2_foliar_disease,,,,0,,,,,
GrayLeafSpot1925,coconut-tree-disease,Dataset/Coconut Tree Disease Dataset/Gray Leaf Spot/GrayLeafSpot1925.jpg,gls,2_foliar_disease,,,,2,,,,,
GrayLeafSpot1926,coconut-tree-disease,Dataset/Coconut Tree Disease Dataset/Gray Leaf Spot/GrayLeafSpot1926.jpg,gls,2_foliar_disease,,,,3,,,,,
GrayLeafSpot1927,coconut-tree-disease,Dataset/Coconut Tree Disease Dataset/Gray Leaf Spot/GrayLeafSpot1927.jpg,gls,2_foliar_disease,,,,2,,,,,
GrayLeafSpot1928,coconut-tree-disease,Dataset/Coconut Tree Disease Dataset/Gray Leaf Spot/GrayLeafSpot1928.jpg,gls,2_foliar_disease,,,,3,,,,,
GrayLeafSpot1929,coconut-tree-disease,Dataset/Coconut Tree Disease Dataset/Gray Leaf Spot/GrayLeafSpot1929.jpg,gls,2_foliar_disease,,,,4,,,,,
GrayLeafSpot193,coconut-tree-disease,Dataset/Coconut Tree Disease Dataset/Gray Leaf Spot/GrayLeafSpot193.jpg,gls,2_foliar_disease,,,,1,,,,,
GrayLeafSpot1930,coconut-tree-disease,Dataset/Coconut Tree Disease Dataset/Gray Leaf Spot/GrayLeafSpot1930.jpg,gls,2_foliar_disease,,,,3,,,,,
GrayLeafSpot1931,coconut-tree-disease,Dataset/Coconut Tree Disease Dataset/Gray Leaf Spot/GrayLeafSpot1931.jpg,gls,2_foliar_disease,,,,1,,,,,
GrayLeafSpot1932,coconut-tree-disease,Dataset/Coconut Tree Disease Dataset/Gray Leaf Spot/GrayLeafSpot1932.jpg,gls,2_foliar_disease,,,,3,,,,,
GrayLeafSpot1933,coconut-tree-disease,Dataset/Coconut Tree Disease Dataset/Gray Leaf Spot/GrayLeafSpot1933.jpg,gls,2_foliar_disease,,,,4,,,,,
GrayLeafSpot1934,coconut-tree-disease,Dataset/Coconut Tree Disease Dataset/Gray Leaf Spot/GrayLeafSpot1934.jpg,gls,2_foliar_disease,,,,0,,,,,
GrayLeafSpot1935,coconut-tree-disease,Dataset/Coconut Tree Disease Dataset/Gray Leaf Spot/GrayLeafSpot1935.jpg,gls,2_foliar_disease,,,,4,,,,,
GrayLeafSpot1936,coconut-tree-disease,Dataset/Coconut Tree Disease Dataset/Gray Leaf Spot/GrayLeafSpot1936.jpg,gls,2_foliar_disease,,,,4,,,,,
GrayLeafSpot1937,coconut-tree-disease,Dataset/Coconut Tree Disease Dataset/Gray Leaf Spot/GrayLeafSpot1937.jpg,gls,2_foliar_disease,,,,3,,,,,
GrayLeafSpot1938,coconut-tree-disease,Dataset/Coconut Tree Disease Dataset/Gray Leaf Spot/GrayLeafSpot1938.jpg,gls,2_foliar_disease,,,,3,,,,,
GrayLeafSpot1939,coconut-tree-disease,Dataset/Coconut Tree Disease Dataset/Gray Leaf Spot/GrayLeafSpot1939.jpg,gls,2_foliar_disease,,,,4,,,,,
GrayLeafSpot194,coconut-tree-disease,Dataset/Coconut Tree Disease Dataset/Gray Leaf Spot/GrayLeafSpot194.jpg,gls,2_foliar_disease,,,,3,,,,,
GrayLeafSpot1940,coconut-tree-disease,Dataset/Coconut Tree Disease Dataset/Gray Leaf Spot/GrayLeafSpot1940.jpg,gls,2_foliar_disease,,,,4,,,,,
GrayLeafSpot1941,coconut-tree-disease,Dataset/Coconut Tree Disease Dataset/Gray Leaf Spot/GrayLeafSpot1941.jpg,gls,2_foliar_disease,,,,4,,,,,
GrayLeafSpot1942,coconut-tree-disease,Dataset/Coconut Tree Disease Dataset/Gray Leaf Spot/GrayLeafSpot1942.jpg,gls,2_foliar_disease,,,,0,,,,,
GrayLeafSpot1943,coconut-tree-disease,Dataset/Coconut Tree Disease Dataset/Gray Leaf Spot/GrayLeafSpot1943.jpg,gls,2_foliar_disease,,,,3,,,,,
GrayLeafSpot1944,coconut-tree-disease,Dataset/Coconut Tree Disease Dataset/Gray Leaf Spot/GrayLeafSpot1944.jpg,gls,2_foliar_disease,,,,1,,,,,
GrayLeafSpot1945,coconut-tree-disease,Dataset/Coconut Tree Disease Dataset/Gray Leaf Spot/GrayLeafSpot1945.jpg,gls,2_foliar_disease,,,,3,,,,,
GrayLeafSpot1946,coconut-tree-disease,Dataset/Coconut Tree Disease Dataset/Gray Leaf Spot/GrayLeafSpot1946.jpg,gls,2_foliar_disease,,,,4,,,,,
GrayLeafSpot1947,coconut-tree-disease,Dataset/Coconut Tree Disease Dataset/Gray Leaf Spot/GrayLeafSpot1947.jpg,gls,2_foliar_disease,,,,2,,,,,
GrayLeafSpot1948,coconut-tree-disease,Dataset/Coconut Tree Disease Dataset/Gray Leaf Spot/GrayLeafSpot1948.jpg,gls,2_foliar_disease,,,,0,,,,,
GrayLeafSpot1949,coconut-tree-disease,Dataset/Coconut Tree Disease Dataset/Gray Leaf Spot/GrayLeafSpot1949.jpg,gls,2_foliar_disease,,,,3,,,,,
GrayLeafSpot195,coconut-tree-disease,Dataset/Coconut Tree Disease Dataset/Gray Leaf Spot/GrayLeafSpot195.jpg,gls,2_foliar_disease,,,,2,,,,,
GrayLeafSpot1950,coconut-tree-disease,Dataset/Coconut Tree Disease Dataset/Gray Leaf Spot/GrayLeafSpot1950.jpg,gls,2_foliar_disease,,,,0,,,,,
GrayLeafSpot1951,coconut-tree-disease,Dataset/Coconut Tree Disease Dataset/Gray Leaf Spot/GrayLeafSpot1951.jpg,gls,2_foliar_disease,,,,0,,,,,
GrayLeafSpot1952,coconut-tree-disease,Dataset/Coconut Tree Disease Dataset/Gray Leaf Spot/GrayLeafSpot1952.jpg,gls,2_foliar_disease,,,,4,,,,,
GrayLeafSpot1953,coconut-tree-disease,Dataset/Coconut Tree Disease Dataset/Gray Leaf Spot/GrayLeafSpot1953.jpg,gls,2_foliar_disease,,,,3,,,,,
GrayLeafSpot1954,coconut-tree-disease,Dataset/Coconut Tree Disease Dataset/Gray Leaf Spot/GrayLeafSpot1954.jpg,gls,2_foliar_disease,,,,2,,,,,
GrayLeafSpot1955,coconut-tree-disease,Dataset/Coconut Tree Disease Dataset/Gray Leaf Spot/GrayLeafSpot1955.jpg,gls,2_foliar_disease,,,,4,,,,,
GrayLeafSpot1956,coconut-tree-disease,Dataset/Coconut Tree Disease Dataset/Gray Leaf Spot/GrayLeafSpot1956.jpg,gls,2_foliar_disease,,,,1,,,,,
GrayLeafSpot1957,coconut-tree-disease,Dataset/Coconut Tree Disease Dataset/Gray Leaf Spot/GrayLeafSpot1957.jpg,gls,2_foliar_disease,,,,4,,,,,
GrayLeafSpot1958,coconut-tree-disease,Dataset/Coconut Tree Disease Dataset/Gray Leaf Spot/GrayLeafSpot1958.jpg,gls,2_foliar_disease,,,,0,,,,,
GrayLeafSpot1959,coconut-tree-disease,Dataset/Coconut Tree Disease Dataset/Gray Leaf Spot/GrayLeafSpot1959.jpg,gls,2_foliar_disease,,,,3,,,,,
GrayLeafSpot196,coconut-tree-disease,Dataset/Coconut Tree Disease Dataset/Gray Leaf Spot/GrayLeafSpot196.jpg,gls,2_foliar_disease,,,,0,,,,,
GrayLeafSpot1960,coconut-tree-disease,Dataset/Coconut Tree Disease Dataset/Gray Leaf Spot/GrayLeafSpot1960.jpg,gls,2_foliar_disease,,,,2,,,,,
GrayLeafSpot1961,coconut-tree-disease,Dataset/Coconut Tree Disease Dataset/Gray Leaf Spot/GrayLeafSpot1961.jpg,gls,2_foliar_disease,,,,1,,,,,
GrayLeafSpot1962,coconut-tree-disease,Dataset/Coconut Tree Disease Dataset/Gray Leaf Spot/GrayLeafSpot1962.jpg,gls,2_foliar_disease,,,,0,,,,,
GrayLeafSpot1963,coconut-tree-disease,Dataset/Coconut Tree Disease Dataset/Gray Leaf Spot/GrayLeafSpot1963.jpg,gls,2_foliar_disease,,,,3,,,,,
GrayLeafSpot1964,coconut-tree-disease,Dataset/Coconut Tree Disease Dataset/Gray Leaf Spot/GrayLeafSpot1964.jpg,gls,2_foliar_disease,,,,3,,,,,
GrayLeafSpot1965,coconut-tree-disease,Dataset/Coconut Tree Disease Dataset/Gray Leaf Spot/GrayLeafSpot1965.jpg,gls,2_foliar_disease,,,,3,,,,,
GrayLeafSpot1966,coconut-tree-disease,Dataset/Coconut Tree Disease Dataset/Gray Leaf Spot/GrayLeafSpot1966.jpg,gls,2_foliar_disease,,,,3,,,,,
GrayLeafSpot1967,coconut-tree-disease,Dataset/Coconut Tree Disease Dataset/Gray Leaf Spot/GrayLeafSpot1967.jpg,gls,2_foliar_disease,,,,3,,,,,
GrayLeafSpot1968,coconut-tree-disease,Dataset/Coconut Tree Disease Dataset/Gray Leaf Spot/GrayLeafSpot1968.jpg,gls,2_foliar_disease,,,,2,,,,,
GrayLeafSpot1969,coconut-tree-disease,Dataset/Coconut Tree Disease Dataset/Gray Leaf Spot/GrayLeafSpot1969.jpg,gls,2_foliar_disease,,,,0,,,,,
GrayLeafSpot197,coconut-tree-disease,Dataset/Coconut Tree Disease Dataset/Gray Leaf Spot/GrayLeafSpot197.jpg,gls,2_foliar_disease,,,,1,,,,,
GrayLeafSpot1970,coconut-tree-disease,Dataset/Coconut Tree Disease Dataset/Gray Leaf Spot/GrayLeafSpot1970.jpg,gls,2_foliar_disease,,,,2,,,,,
GrayLeafSpot1971,coconut-tree-disease,Dataset/Coconut Tree Disease Dataset/Gray Leaf Spot/GrayLeafSpot1971.jpg,gls,2_foliar_disease,,,,4,,,,,
GrayLeafSpot1972,coconut-tree-disease,Dataset/Coconut Tree Disease Dataset/Gray Leaf Spot/GrayLeafSpot1972.jpg,gls,2_foliar_disease,,,,1,,,,,
GrayLeafSpot1973,coconut-tree-disease,Dataset/Coconut Tree Disease Dataset/Gray Leaf Spot/GrayLeafSpot1973.jpg,gls,2_foliar_disease,,,,4,,,,,
GrayLeafSpot1974,coconut-tree-disease,Dataset/Coconut Tree Disease Dataset/Gray Leaf Spot/GrayLeafSpot1974.jpg,gls,2_foliar_disease,,,,0,,,,,
GrayLeafSpot1975,coconut-tree-disease,Dataset/Coconut Tree Disease Dataset/Gray Leaf Spot/GrayLeafSpot1975.jpg,gls,2_foliar_disease,,,,4,,,,,
GrayLeafSpot1976,coconut-tree-disease,Dataset/Coconut Tree Disease Dataset/Gray Leaf Spot/GrayLeafSpot1976.jpg,gls,2_foliar_disease,,,,3,,,,,
GrayLeafSpot1977,coconut-tree-disease,Dataset/Coconut Tree Disease Dataset/Gray Leaf Spot/GrayLeafSpot1977.jpg,gls,2_foliar_disease,,,,2,,,,,
GrayLeafSpot1978,coconut-tree-disease,Dataset/Coconut Tree Disease Dataset/Gray Leaf Spot/GrayLeafSpot1978.jpg,gls,2_foliar_disease,,,,2,,,,,
GrayLeafSpot1979,coconut-tree-disease,Dataset/Coconut Tree Disease Dataset/Gray Leaf Spot/GrayLeafSpot1979.jpg,gls,2_foliar_disease,,,,3,,,,,
GrayLeafSpot198,coconut-tree-disease,Dataset/Coconut Tree Disease Dataset/Gray Leaf Spot/GrayLeafSpot198.jpg,gls,2_foliar_disease,,,,4,,,,,
GrayLeafSpot1980,coconut-tree-disease,Dataset/Coconut Tree Disease Dataset/Gray Leaf Spot/GrayLeafSpot1980.jpg,gls,2_foliar_disease,,,,3,,,,,
GrayLeafSpot1981,coconut-tree-disease,Dataset/Coconut Tree Disease Dataset/Gray Leaf Spot/GrayLeafSpot1981.jpg,gls,2_foliar_disease,,,,1,,,,,
GrayLeafSpot1982,coconut-tree-disease,Dataset/Coconut Tree Disease Dataset/Gray Leaf Spot/GrayLeafSpot1982.jpg,gls,2_foliar_disease,,,,2,,,,,
GrayLeafSpot1983,coconut-tree-disease,Dataset/Coconut Tree Disease Dataset/Gray Leaf Spot/GrayLeafSpot1983.jpg,gls,2_foliar_disease,,,,2,,,,,
GrayLeafSpot1984,coconut-tree-disease,Dataset/Coconut Tree Disease Dataset/Gray Leaf Spot/GrayLeafSpot1984.jpg,gls,2_foliar_disease,,,,2,,,,,
GrayLeafSpot1985,coconut-tree-disease,Dataset/Coconut Tree Disease Dataset/Gray Leaf Spot/GrayLeafSpot1985.jpg,gls,2_foliar_disease,,,,0,,,,,
GrayLeafSpot1986,coconut-tree-disease,Dataset/Coconut Tree Disease Dataset/Gray Leaf Spot/GrayLeafSpot1986.jpg,gls,2_foliar_disease,,,,4,,,,,
GrayLeafSpot1987,coconut-tree-disease,Dataset/Coconut Tree Disease Dataset/Gray Leaf Spot/GrayLeafSpot1987.jpg,gls,2_foliar_disease,,,,1,,,,,
GrayLeafSpot1988,coconut-tree-disease,Dataset/Coconut Tree Disease Dataset/Gray Leaf Spot/GrayLeafSpot1988.jpg,gls,2_foliar_disease,,,,4,,,,,
GrayLeafSpot1989,coconut-tree-disease,Dataset/Coconut Tree Disease Dataset/Gray Leaf Spot/GrayLeafSpot1989.jpg,gls,2_foliar_disease,,,,1,,,,,
GrayLeafSpot199,coconut-tree-disease,Dataset/Coconut Tree Disease Dataset/Gray Leaf Spot/GrayLeafSpot199.jpg,gls,2_foliar_disease,,,,0,,,,,
GrayLeafSpot1990,coconut-tree-disease,Dataset/Coconut Tree Disease Dataset/Gray Leaf Spot/GrayLeafSpot1990.jpg,gls,2_foliar_disease,,,,1,,,,,
GrayLeafSpot1991,coconut-tree-disease,Dataset/Coconut Tree Disease Dataset/Gray Leaf Spot/GrayLeafSpot1991.jpg,gls,2_foliar_disease,,,,4,,,,,
GrayLeafSpot1992,coconut-tree-disease,Dataset/Coconut Tree Disease Dataset/Gray Leaf Spot/GrayLeafSpot1992.jpg,gls,2_foliar_disease,,,,0,,,,,
GrayLeafSpot1993,coconut-tree-disease,Dataset/Coconut Tree Disease Dataset/Gray Leaf Spot/GrayLeafSpot1993.jpg,gls,2_foliar_disease,,,,4,,,,,
GrayLeafSpot1994,coconut-tree-disease,Dataset/Coconut Tree Disease Dataset/Gray Leaf Spot/GrayLeafSpot1994.jpg,gls,2_foliar_disease,,,,2,,,,,
GrayLeafSpot1995,coconut-tree-disease,Dataset/Coconut Tree Disease Dataset/Gray Leaf Spot/GrayLeafSpot1995.jpg,gls,2_foliar_disease,,,,4,,,,,
GrayLeafSpot1996,coconut-tree-disease,Dataset/Coconut Tree Disease Dataset/Gray Leaf Spot/GrayLeafSpot1996.jpg,gls,2_foliar_disease,,,,4,,,,,
GrayLeafSpot1997,coconut-tree-disease,Dataset/Coconut Tree Disease Dataset/Gray Leaf Spot/GrayLeafSpot1997.jpg,gls,2_foliar_disease,,,,1,,,,,
GrayLeafSpot1998,coconut-tree-disease,Dataset/Coconut Tree Disease Dataset/Gray Leaf Spot/GrayLeafSpot1998.jpg,gls,2_foliar_disease,,,,2,,,,,
GrayLeafSpot1999,coconut-tree-disease,Dataset/Coconut Tree Disease Dataset/Gray Leaf Spot/GrayLeafSpot1999.jpg,gls,2_foliar_disease,,,,1,,,,,
GrayLeafSpot200,coconut-tree-disease,Dataset/Coconut Tree Disease Dataset/Gray Leaf Spot/GrayLeafSpot200.jpg,gls,2_foliar_disease,,,,3,,,,,
GrayLeafSpot2000,coconut-tree-disease,Dataset/Coconut Tree Disease Dataset/Gray Leaf Spot/GrayLeafSpot2000.jpg,gls,2_foliar_disease,,,,1,,,,,
GrayLeafSpot2001,coconut-tree-disease,Dataset/Coconut Tree Disease Dataset/Gray Leaf Spot/GrayLeafSpot2001.jpg,gls,2_foliar_disease,,,,0,,,,,
GrayLeafSpot2002,coconut-tree-disease,Dataset/Coconut Tree Disease Dataset/Gray Leaf Spot/GrayLeafSpot2002.jpg,gls,2_foliar_disease,,,,0,,,,,
GrayLeafSpot2003,coconut-tree-disease,Dataset/Coconut Tree Disease Dataset/Gray Leaf Spot/GrayLeafSpot2003.jpg,gls,2_foliar_disease,,,,3,,,,,
GrayLeafSpot2004,coconut-tree-disease,Dataset/Coconut Tree Disease Dataset/Gray Leaf Spot/GrayLeafSpot2004.jpg,gls,2_foliar_disease,,,,4,,,,,
GrayLeafSpot2005,coconut-tree-disease,Dataset/Coconut Tree Disease Dataset/Gray Leaf Spot/GrayLeafSpot2005.jpg,gls,2_foliar_disease,,,,3,,,,,
GrayLeafSpot2006,coconut-tree-disease,Dataset/Coconut Tree Disease Dataset/Gray Leaf Spot/GrayLeafSpot2006.jpg,gls,2_foliar_disease,,,,0,,,,,
GrayLeafSpot2007,coconut-tree-disease,Dataset/Coconut Tree Disease Dataset/Gray Leaf Spot/GrayLeafSpot2007.jpg,gls,2_foliar_disease,,,,2,,,,,
GrayLeafSpot2008,coconut-tree-disease,Dataset/Coconut Tree Disease Dataset/Gray Leaf Spot/GrayLeafSpot2008.jpg,gls,2_foliar_disease,,,,1,,,,,
GrayLeafSpot2009,coconut-tree-disease,Dataset/Coconut Tree Disease Dataset/Gray Leaf Spot/GrayLeafSpot2009.jpg,gls,2_foliar_disease,,,,4,,,,,
GrayLeafSpot201,coconut-tree-disease,Dataset/Coconut Tree Disease Dataset/Gray Leaf Spot/GrayLeafSpot201.jpg,gls,2_foliar_disease,,,,4,,,,,
GrayLeafSpot2010,coconut-tree-disease,Dataset/Coconut Tree Disease Dataset/Gray Leaf Spot/GrayLeafSpot2010.jpg,gls,2_foliar_disease,,,,4,,,,,
GrayLeafSpot2011,coconut-tree-disease,Dataset/Coconut Tree Disease Dataset/Gray Leaf Spot/GrayLeafSpot2011.jpg,gls,2_foliar_disease,,,,2,,,,,
GrayLeafSpot2012,coconut-tree-disease,Dataset/Coconut Tree Disease Dataset/Gray Leaf Spot/GrayLeafSpot2012.jpg,gls,2_foliar_disease,,,,0,,,,,
GrayLeafSpot2013,coconut-tree-disease,Dataset/Coconut Tree Disease Dataset/Gray Leaf Spot/GrayLeafSpot2013.jpg,gls,2_foliar_disease,,,,3,,,,,
GrayLeafSpot2014,coconut-tree-disease,Dataset/Coconut Tree Disease Dataset/Gray Leaf Spot/GrayLeafSpot2014.jpg,gls,2_foliar_disease,,,,4,,,,,
GrayLeafSpot2015,coconut-tree-disease,Dataset/Coconut Tree Disease Dataset/Gray Leaf Spot/GrayLeafSpot2015.jpg,gls,2_foliar_disease,,,,3,,,,,
GrayLeafSpot2016,coconut-tree-disease,Dataset/Coconut Tree Disease Dataset/Gray Leaf Spot/GrayLeafSpot2016.jpg,gls,2_foliar_disease,,,,2,,,,,
GrayLeafSpot2017,coconut-tree-disease,Dataset/Coconut Tree Disease Dataset/Gray Leaf Spot/GrayLeafSpot2017.jpg,gls,2_foliar_disease,,,,2,,,,,
GrayLeafSpot2018,coconut-tree-disease,Dataset/Coconut Tree Disease Dataset/Gray Leaf Spot/GrayLeafSpot2018.jpg,gls,2_foliar_disease,,,,1,,,,,
GrayLeafSpot2019,coconut-tree-disease,Dataset/Coconut Tree Disease Dataset/Gray Leaf Spot/GrayLeafSpot2019.jpg,gls,2_foliar_disease,,,,0,,,,,
GrayLeafSpot202,coconut-tree-disease,Dataset/Coconut Tree Disease Dataset/Gray Leaf Spot/GrayLeafSpot202.jpg,gls,2_foliar_disease,,,,0,,,,,
GrayLeafSpot2020,coconut-tree-disease,Dataset/Coconut Tree Disease Dataset/Gray Leaf Spot/GrayLeafSpot2020.jpg,gls,2_foliar_disease,,,,2,,,,,
GrayLeafSpot2021,coconut-tree-disease,Dataset/Coconut Tree Disease Dataset/Gray Leaf Spot/GrayLeafSpot2021.jpg,gls,2_foliar_disease,,,,4,,,,,
GrayLeafSpot2022,coconut-tree-disease,Dataset/Coconut Tree Disease Dataset/Gray Leaf Spot/GrayLeafSpot2022.jpg,gls,2_foliar_disease,,,,1,,,,,
GrayLeafSpot2023,coconut-tree-disease,Dataset/Coconut Tree Disease Dataset/Gray Leaf Spot/GrayLeafSpot2023.jpg,gls,2_foliar_disease,,,,3,,,,,
GrayLeafSpot2024,coconut-tree-disease,Dataset/Coconut Tree Disease Dataset/Gray Leaf Spot/GrayLeafSpot2024.jpg,gls,2_foliar_disease,,,,3,,,,,
GrayLeafSpot2025,coconut-tree-disease,Dataset/Coconut Tree Disease Dataset/Gray Leaf Spot/GrayLeafSpot2025.jpg,gls,2_foliar_disease,,,,0,,,,,
GrayLeafSpot2026,coconut-tree-disease,Dataset/Coconut Tree Disease Dataset/Gray Leaf Spot/GrayLeafSpot2026.jpg,gls,2_foliar_disease,,,,2,,,,,
GrayLeafSpot2027,coconut-tree-disease,Dataset/Coconut Tree Disease Dataset/Gray Leaf Spot/GrayLeafSpot2027.jpg,gls,2_foliar_disease,,,,2,,,,,
GrayLeafSpot2028,coconut-tree-disease,Dataset/Coconut Tree Disease Dataset/Gray Leaf Spot/GrayLeafSpot2028.jpg,gls,2_foliar_disease,,,,1,,,,,
GrayLeafSpot2029,coconut-tree-disease,Dataset/Coconut Tree Disease Dataset/Gray Leaf Spot/GrayLeafSpot2029.jpg,gls,2_foliar_disease,,,,4,,,,,
GrayLeafSpot203,coconut-tree-disease,Dataset/Coconut Tree Disease Dataset/Gray Leaf Spot/GrayLeafSpot203.jpg,gls,2_foliar_disease,,,,4,,,,,
GrayLeafSpot2030,coconut-tree-disease,Dataset/Coconut Tree Disease Dataset/Gray Leaf Spot/GrayLeafSpot2030.jpg,gls,2_foliar_disease,,,,0,,,,,
GrayLeafSpot2031,coconut-tree-disease,Dataset/Coconut Tree Disease Dataset/Gray Leaf Spot/GrayLeafSpot2031.jpg,gls,2_foliar_disease,,,,0,,,,,
GrayLeafSpot2032,coconut-tree-disease,Dataset/Coconut Tree Disease Dataset/Gray Leaf Spot/GrayLeafSpot2032.jpg,gls,2_foliar_disease,,,,0,,,,,
GrayLeafSpot2033,coconut-tree-disease,Dataset/Coconut Tree Disease Dataset/Gray Leaf Spot/GrayLeafSpot2033.jpg,gls,2_foliar_disease,,,,0,,,,,
GrayLeafSpot2034,coconut-tree-disease,Dataset/Coconut Tree Disease Dataset/Gray Leaf Spot/GrayLeafSpot2034.jpg,gls,2_foliar_disease,,,,4,,,,,
GrayLeafSpot2035,coconut-tree-disease,Dataset/Coconut Tree Disease Dataset/Gray Leaf Spot/GrayLeafSpot2035.jpg,gls,2_foliar_disease,,,,0,,,,,
GrayLeafSpot2036,coconut-tree-disease,Dataset/Coconut Tree Disease Dataset/Gray Leaf Spot/GrayLeafSpot2036.jpg,gls,2_foliar_disease,,,,0,,,,,
GrayLeafSpot2037,coconut-tree-disease,Dataset/Coconut Tree Disease Dataset/Gray Leaf Spot/GrayLeafSpot2037.jpg,gls,2_foliar_disease,,,,1,,,,,
GrayLeafSpot2038,coconut-tree-disease,Dataset/Coconut Tree Disease Dataset/Gray Leaf Spot/GrayLeafSpot2038.jpg,gls,2_foliar_disease,,,,0,,,,,
GrayLeafSpot2039,coconut-tree-disease,Dataset/Coconut Tree Disease Dataset/Gray Leaf Spot/GrayLeafSpot2039.jpg,gls,2_foliar_disease,,,,0,,,,,
GrayLeafSpot204,coconut-tree-disease,Dataset/Coconut Tree Disease Dataset/Gray Leaf Spot/GrayLeafSpot204.jpg,gls,2_foliar_disease,,,,0,,,,,
GrayLeafSpot2040,coconut-tree-disease,Dataset/Coconut Tree Disease Dataset/Gray Leaf Spot/GrayLeafSpot2040.jpg,gls,2_foliar_disease,,,,2,,,,,
GrayLeafSpot2041,coconut-tree-disease,Dataset/Coconut Tree Disease Dataset/Gray Leaf Spot/GrayLeafSpot2041.jpg,gls,2_foliar_disease,,,,0,,,,,
GrayLeafSpot2042,coconut-tree-disease,Dataset/Coconut Tree Disease Dataset/Gray Leaf Spot/GrayLeafSpot2042.jpg,gls,2_foliar_disease,,,,0,,,,,
GrayLeafSpot2043,coconut-tree-disease,Dataset/Coconut Tree Disease Dataset/Gray Leaf Spot/GrayLeafSpot2043.jpg,gls,2_foliar_disease,,,,1,,,,,
GrayLeafSpot2044,coconut-tree-disease,Dataset/Coconut Tree Disease Dataset/Gray Leaf Spot/GrayLeafSpot2044.jpg,gls,2_foliar_disease,,,,0,,,,,
GrayLeafSpot2045,coconut-tree-disease,Dataset/Coconut Tree Disease Dataset/Gray Leaf Spot/GrayLeafSpot2045.jpg,gls,2_foliar_disease,,,,1,,,,,
GrayLeafSpot2046,coconut-tree-disease,Dataset/Coconut Tree Disease Dataset/Gray Leaf Spot/GrayLeafSpot2046.jpg,gls,2_foliar_disease,,,,4,,,,,
GrayLeafSpot2047,coconut-tree-disease,Dataset/Coconut Tree Disease Dataset/Gray Leaf Spot/GrayLeafSpot2047.jpg,gls,2_foliar_disease,,,,2,,,,,
GrayLeafSpot2048,coconut-tree-disease,Dataset/Coconut Tree Disease Dataset/Gray Leaf Spot/GrayLeafSpot2048.jpg,gls,2_foliar_disease,,,,4,,,,,
GrayLeafSpot2049,coconut-tree-disease,Dataset/Coconut Tree Disease Dataset/Gray Leaf Spot/GrayLeafSpot2049.jpg,gls,2_foliar_disease,,,,0,,,,,
GrayLeafSpot205,coconut-tree-disease,Dataset/Coconut Tree Disease Dataset/Gray Leaf Spot/GrayLeafSpot205.jpg,gls,2_foliar_disease,,,,1,,,,,
GrayLeafSpot2050,coconut-tree-disease,Dataset/Coconut Tree Disease Dataset/Gray Leaf Spot/GrayLeafSpot2050.jpg,gls,2_foliar_disease,,,,1,,,,,
GrayLeafSpot2051,coconut-tree-disease,Dataset/Coconut Tree Disease Dataset/Gray Leaf Spot/GrayLeafSpot2051.jpg,gls,2_foliar_disease,,,,1,,,,,
GrayLeafSpot2052,coconut-tree-disease,Dataset/Coconut Tree Disease Dataset/Gray Leaf Spot/GrayLeafSpot2052.jpg,gls,2_foliar_disease,,,,0,,,,,
GrayLeafSpot2053,coconut-tree-disease,Dataset/Coconut Tree Disease Dataset/Gray Leaf Spot/GrayLeafSpot2053.jpg,gls,2_foliar_disease,,,,4,,,,,
GrayLeafSpot2054,coconut-tree-disease,Dataset/Coconut Tree Disease Dataset/Gray Leaf Spot/GrayLeafSpot2054.jpg,gls,2_foliar_disease,,,,1,,,,,
GrayLeafSpot2055,coconut-tree-disease,Dataset/Coconut Tree Disease Dataset/Gray Leaf Spot/GrayLeafSpot2055.jpg,gls,2_foliar_disease,,,,2,,,,,
GrayLeafSpot2056,coconut-tree-disease,Dataset/Coconut Tree Disease Dataset/Gray Leaf Spot/GrayLeafSpot2056.jpg,gls,2_foliar_disease,,,,3,,,,,
GrayLeafSpot2057,coconut-tree-disease,Dataset/Coconut Tree Disease Dataset/Gray Leaf Spot/GrayLeafSpot2057.jpg,gls,2_foliar_disease,,,,2,,,,,
GrayLeafSpot2058,coconut-tree-disease,Dataset/Coconut Tree Disease Dataset/Gray Leaf Spot/GrayLeafSpot2058.jpg,gls,2_foliar_disease,,,,4,,,,,
GrayLeafSpot2059,coconut-tree-disease,Dataset/Coconut Tree Disease Dataset/Gray Leaf Spot/GrayLeafSpot2059.jpg,gls,2_foliar_disease,,,,3,,,,,
GrayLeafSpot206,coconut-tree-disease,Dataset/Coconut Tree Disease Dataset/Gray Leaf Spot/GrayLeafSpot206.jpg,gls,2_foliar_disease,,,,3,,,,,
GrayLeafSpot2060,coconut-tree-disease,Dataset/Coconut Tree Disease Dataset/Gray Leaf Spot/GrayLeafSpot2060.jpg,gls,2_foliar_disease,,,,2,,,,,
GrayLeafSpot2061,coconut-tree-disease,Dataset/Coconut Tree Disease Dataset/Gray Leaf Spot/GrayLeafSpot2061.jpg,gls,2_foliar_disease,,,,4,,,,,
GrayLeafSpot2062,coconut-tree-disease,Dataset/Coconut Tree Disease Dataset/Gray Leaf Spot/GrayLeafSpot2062.jpg,gls,2_foliar_disease,,,,1,,,,,
GrayLeafSpot2063,coconut-tree-disease,Dataset/Coconut Tree Disease Dataset/Gray Leaf Spot/GrayLeafSpot2063.jpg,gls,2_foliar_disease,,,,2,,,,,
GrayLeafSpot2064,coconut-tree-disease,Dataset/Coconut Tree Disease Dataset/Gray Leaf Spot/GrayLeafSpot2064.jpg,gls,2_foliar_disease,,,,1,,,,,
GrayLeafSpot2065,coconut-tree-disease,Dataset/Coconut Tree Disease Dataset/Gray Leaf Spot/GrayLeafSpot2065.jpg,gls,2_foliar_disease,,,,2,,,,,
GrayLeafSpot2066,coconut-tree-disease,Dataset/Coconut Tree Disease Dataset/Gray Leaf Spot/GrayLeafSpot2066.jpg,gls,2_foliar_disease,,,,2,,,,,
GrayLeafSpot2067,coconut-tree-disease,Dataset/Coconut Tree Disease Dataset/Gray Leaf Spot/GrayLeafSpot2067.jpg,gls,2_foliar_disease,,,,2,,,,,
GrayLeafSpot2068,coconut-tree-disease,Dataset/Coconut Tree Disease Dataset/Gray Leaf Spot/GrayLeafSpot2068.jpg,gls,2_foliar_disease,,,,2,,,,,
GrayLeafSpot2069,coconut-tree-disease,Dataset/Coconut Tree Disease Dataset/Gray Leaf Spot/GrayLeafSpot2069.jpg,gls,2_foliar_disease,,,,1,,,,,
GrayLeafSpot207,coconut-tree-disease,Dataset/Coconut Tree Disease Dataset/Gray Leaf Spot/GrayLeafSpot207.jpg,gls,2_foliar_disease,,,,3,,,,,
GrayLeafSpot2070,coconut-tree-disease,Dataset/Coconut Tree Disease Dataset/Gray Leaf Spot/GrayLeafSpot2070.jpg,gls,2_foliar_disease,,,,0,,,,,
GrayLeafSpot2071,coconut-tree-disease,Dataset/Coconut Tree Disease Dataset/Gray Leaf Spot/GrayLeafSpot2071.jpg,gls,2_foliar_disease,,,,0,,,,,
GrayLeafSpot2072,coconut-tree-disease,Dataset/Coconut Tree Disease Dataset/Gray Leaf Spot/GrayLeafSpot2072.jpg,gls,2_foliar_disease,,,,3,,,,,
GrayLeafSpot2073,coconut-tree-disease,Dataset/Coconut Tree Disease Dataset/Gray Leaf Spot/GrayLeafSpot2073.jpg,gls,2_foliar_disease,,,,1,,,,,
GrayLeafSpot2074,coconut-tree-disease,Dataset/Coconut Tree Disease Dataset/Gray Leaf Spot/GrayLeafSpot2074.jpg,gls,2_foliar_disease,,,,0,,,,,
GrayLeafSpot2075,coconut-tree-disease,Dataset/Coconut Tree Disease Dataset/Gray Leaf Spot/GrayLeafSpot2075.jpg,gls,2_foliar_disease,,,,1,,,,,
GrayLeafSpot2076,coconut-tree-disease,Dataset/Coconut Tree Disease Dataset/Gray Leaf Spot/GrayLeafSpot2076.jpg,gls,2_foliar_disease,,,,0,,,,,
GrayLeafSpot2077,coconut-tree-disease,Dataset/Coconut Tree Disease Dataset/Gray Leaf Spot/GrayLeafSpot2077.jpg,gls,2_foliar_disease,,,,3,,,,,
GrayLeafSpot2078,coconut-tree-disease,Dataset/Coconut Tree Disease Dataset/Gray Leaf Spot/GrayLeafSpot2078.jpg,gls,2_foliar_disease,,,,2,,,,,
GrayLeafSpot2079,coconut-tree-disease,Dataset/Coconut Tree Disease Dataset/Gray Leaf Spot/GrayLeafSpot2079.jpg,gls,2_foliar_disease,,,,4,,,,,
GrayLeafSpot208,coconut-tree-disease,Dataset/Coconut Tree Disease Dataset/Gray Leaf Spot/GrayLeafSpot208.jpg,gls,2_foliar_disease,,,,4,,,,,
GrayLeafSpot2080,coconut-tree-disease,Dataset/Coconut Tree Disease Dataset/Gray Leaf Spot/GrayLeafSpot2080.jpg,gls,2_foliar_disease,,,,4,,,,,
GrayLeafSpot2081,coconut-tree-disease,Dataset/Coconut Tree Disease Dataset/Gray Leaf Spot/GrayLeafSpot2081.jpg,gls,2_foliar_disease,,,,2,,,,,
GrayLeafSpot2082,coconut-tree-disease,Dataset/Coconut Tree Disease Dataset/Gray Leaf Spot/GrayLeafSpot2082.jpg,gls,2_foliar_disease,,,,4,,,,,
GrayLeafSpot2083,coconut-tree-disease,Dataset/Coconut Tree Disease Dataset/Gray Leaf Spot/GrayLeafSpot2083.jpg,gls,2_foliar_disease,,,,3,,,,,
GrayLeafSpot2084,coconut-tree-disease,Dataset/Coconut Tree Disease Dataset/Gray Leaf Spot/GrayLeafSpot2084.jpg,gls,2_foliar_disease,,,,0,,,,,
GrayLeafSpot2085,coconut-tree-disease,Dataset/Coconut Tree Disease Dataset/Gray Leaf Spot/GrayLeafSpot2085.jpg,gls,2_foliar_disease,,,,4,,,,,
GrayLeafSpot2086,coconut-tree-disease,Dataset/Coconut Tree Disease Dataset/Gray Leaf Spot/GrayLeafSpot2086.jpg,gls,2_foliar_disease,,,,0,,,,,
GrayLeafSpot2087,coconut-tree-disease,Dataset/Coconut Tree Disease Dataset/Gray Leaf Spot/GrayLeafSpot2087.jpg,gls,2_foliar_disease,,,,0,,,,,
GrayLeafSpot2088,coconut-tree-disease,Dataset/Coconut Tree Disease Dataset/Gray Leaf Spot/GrayLeafSpot2088.jpg,gls,2_foliar_disease,,,,2,,,,,
GrayLeafSpot2089,coconut-tree-disease,Dataset/Coconut Tree Disease Dataset/Gray Leaf Spot/GrayLeafSpot2089.jpg,gls,2_foliar_disease,,,,2,,,,,
GrayLeafSpot209,coconut-tree-disease,Dataset/Coconut Tree Disease Dataset/Gray Leaf Spot/GrayLeafSpot209.jpg,gls,2_foliar_disease,,,,2,,,,,
GrayLeafSpot2090,coconut-tree-disease,Dataset/Coconut Tree Disease Dataset/Gray Leaf Spot/GrayLeafSpot2090.jpg,gls,2_foliar_disease,,,,2,,,,,
GrayLeafSpot2091,coconut-tree-disease,Dataset/Coconut Tree Disease Dataset/Gray Leaf Spot/GrayLeafSpot2091.jpg,gls,2_foliar_disease,,,,2,,,,,
GrayLeafSpot2092,coconut-tree-disease,Dataset/Coconut Tree Disease Dataset/Gray Leaf Spot/GrayLeafSpot2092.jpg,gls,2_foliar_disease,,,,3,,,,,
GrayLeafSpot2093,coconut-tree-disease,Dataset/Coconut Tree Disease Dataset/Gray Leaf Spot/GrayLeafSpot2093.jpg,gls,2_foliar_disease,,,,1,,,,,
GrayLeafSpot2094,coconut-tree-disease,Dataset/Coconut Tree Disease Dataset/Gray Leaf Spot/GrayLeafSpot2094.jpg,gls,2_foliar_disease,,,,0,,,,,
GrayLeafSpot2095,coconut-tree-disease,Dataset/Coconut Tree Disease Dataset/Gray Leaf Spot/GrayLeafSpot2095.jpg,gls,2_foliar_disease,,,,4,,,,,
GrayLeafSpot2096,coconut-tree-disease,Dataset/Coconut Tree Disease Dataset/Gray Leaf Spot/GrayLeafSpot2096.jpg,gls,2_foliar_disease,,,,1,,,,,
GrayLeafSpot2097,coconut-tree-disease,Dataset/Coconut Tree Disease Dataset/Gray Leaf Spot/GrayLeafSpot2097.jpg,gls,2_foliar_disease,,,,2,,,,,
GrayLeafSpot2098,coconut-tree-disease,Dataset/Coconut Tree Disease Dataset/Gray Leaf Spot/GrayLeafSpot2098.jpg,gls,2_foliar_disease,,,,2,,,,,
GrayLeafSpot2099,coconut-tree-disease,Dataset/Coconut Tree Disease Dataset/Gray Leaf Spot/GrayLeafSpot2099.jpg,gls,2_foliar_disease,,,,3,,,,,
GrayLeafSpot210,coconut-tree-disease,Dataset/Coconut Tree Disease Dataset/Gray Leaf Spot/GrayLeafSpot210.jpg,gls,2_foliar_disease,,,,3,,,,,
GrayLeafSpot2100,coconut-tree-disease,Dataset/Coconut Tree Disease Dataset/Gray Leaf Spot/GrayLeafSpot2100.jpg,gls,2_foliar_disease,,,,3,,,,,
GrayLeafSpot2101,coconut-tree-disease,Dataset/Coconut Tree Disease Dataset/Gray Leaf Spot/GrayLeafSpot2101.jpg,gls,2_foliar_disease,,,,1,,,,,
GrayLeafSpot2102,coconut-tree-disease,Dataset/Coconut Tree Disease Dataset/Gray Leaf Spot/GrayLeafSpot2102.jpg,gls,2_foliar_disease,,,,1,,,,,
GrayLeafSpot2103,coconut-tree-disease,Dataset/Coconut Tree Disease Dataset/Gray Leaf Spot/GrayLeafSpot2103.jpg,gls,2_foliar_disease,,,,0,,,,,
GrayLeafSpot2104,coconut-tree-disease,Dataset/Coconut Tree Disease Dataset/Gray Leaf Spot/GrayLeafSpot2104.jpg,gls,2_foliar_disease,,,,1,,,,,
GrayLeafSpot2105,coconut-tree-disease,Dataset/Coconut Tree Disease Dataset/Gray Leaf Spot/GrayLeafSpot2105.jpg,gls,2_foliar_disease,,,,4,,,,,
GrayLeafSpot2106,coconut-tree-disease,Dataset/Coconut Tree Disease Dataset/Gray Leaf Spot/GrayLeafSpot2106.jpg,gls,2_foliar_disease,,,,3,,,,,
GrayLeafSpot2107,coconut-tree-disease,Dataset/Coconut Tree Disease Dataset/Gray Leaf Spot/GrayLeafSpot2107.jpg,gls,2_foliar_disease,,,,0,,,,,
GrayLeafSpot2108,coconut-tree-disease,Dataset/Coconut Tree Disease Dataset/Gray Leaf Spot/GrayLeafSpot2108.jpg,gls,2_foliar_disease,,,,3,,,,,
GrayLeafSpot2109,coconut-tree-disease,Dataset/Coconut Tree Disease Dataset/Gray Leaf Spot/GrayLeafSpot2109.jpg,gls,2_foliar_disease,,,,1,,,,,
GrayLeafSpot211,coconut-tree-disease,Dataset/Coconut Tree Disease Dataset/Gray Leaf Spot/GrayLeafSpot211.jpg,gls,2_foliar_disease,,,,2,,,,,
GrayLeafSpot2110,coconut-tree-disease,Dataset/Coconut Tree Disease Dataset/Gray Leaf Spot/GrayLeafSpot2110.jpg,gls,2_foliar_disease,,,,1,,,,,
GrayLeafSpot2111,coconut-tree-disease,Dataset/Coconut Tree Disease Dataset/Gray Leaf Spot/GrayLeafSpot2111.jpg,gls,2_foliar_disease,,,,3,,,,,
GrayLeafSpot2112,coconut-tree-disease,Dataset/Coconut Tree Disease Dataset/Gray Leaf Spot/GrayLeafSpot2112.jpg,gls,2_foliar_disease,,,,3,,,,,
GrayLeafSpot2113,coconut-tree-disease,Dataset/Coconut Tree Disease Dataset/Gray Leaf Spot/GrayLeafSpot2113.jpg,gls,2_foliar_disease,,,,4,,,,,
GrayLeafSpot2114,coconut-tree-disease,Dataset/Coconut Tree Disease Dataset/Gray Leaf Spot/GrayLeafSpot2114.jpg,gls,2_foliar_disease,,,,4,,,,,
GrayLeafSpot2115,coconut-tree-disease,Dataset/Coconut Tree Disease Dataset/Gray Leaf Spot/GrayLeafSpot2115.jpg,gls,2_foliar_disease,,,,1,,,,,
GrayLeafSpot2116,coconut-tree-disease,Dataset/Coconut Tree Disease Dataset/Gray Leaf Spot/GrayLeafSpot2116.jpg,gls,2_foliar_disease,,,,1,,,,,
GrayLeafSpot2117,coconut-tree-disease,Dataset/Coconut Tree Disease Dataset/Gray Leaf Spot/GrayLeafSpot2117.jpg,gls,2_foliar_disease,,,,3,,,,,
GrayLeafSpot2118,coconut-tree-disease,Dataset/Coconut Tree Disease Dataset/Gray Leaf Spot/GrayLeafSpot2118.jpg,gls,2_foliar_disease,,,,2,,,,,
GrayLeafSpot2119,coconut-tree-disease,Dataset/Coconut Tree Disease Dataset/Gray Leaf Spot/GrayLeafSpot2119.jpg,gls,2_foliar_disease,,,,1,,,,,
GrayLeafSpot212,coconut-tree-disease,Dataset/Coconut Tree Disease Dataset/Gray Leaf Spot/GrayLeafSpot212.jpg,gls,2_foliar_disease,,,,3,,,,,
GrayLeafSpot2120,coconut-tree-disease,Dataset/Coconut Tree Disease Dataset/Gray Leaf Spot/GrayLeafSpot2120.jpg,gls,2_foliar_disease,,,,3,,,,,
GrayLeafSpot2121,coconut-tree-disease,Dataset/Coconut Tree Disease Dataset/Gray Leaf Spot/GrayLeafSpot2121.jpg,gls,2_foliar_disease,,,,4,,,,,
GrayLeafSpot2122,coconut-tree-disease,Dataset/Coconut Tree Disease Dataset/Gray Leaf Spot/GrayLeafSpot2122.jpg,gls,2_foliar_disease,,,,1,,,,,
GrayLeafSpot2123,coconut-tree-disease,Dataset/Coconut Tree Disease Dataset/Gray Leaf Spot/GrayLeafSpot2123.jpg,gls,2_foliar_disease,,,,1,,,,,
GrayLeafSpot2124,coconut-tree-disease,Dataset/Coconut Tree Disease Dataset/Gray Leaf Spot/GrayLeafSpot2124.jpg,gls,2_foliar_disease,,,,0,,,,,
GrayLeafSpot2125,coconut-tree-disease,Dataset/Coconut Tree Disease Dataset/Gray Leaf Spot/GrayLeafSpot2125.jpg,gls,2_foliar_disease,,,,2,,,,,
GrayLeafSpot2126,coconut-tree-disease,Dataset/Coconut Tree Disease Dataset/Gray Leaf Spot/GrayLeafSpot2126.jpg,gls,2_foliar_disease,,,,2,,,,,
GrayLeafSpot2127,coconut-tree-disease,Dataset/Coconut Tree Disease Dataset/Gray Leaf Spot/GrayLeafSpot2127.jpg,gls,2_foliar_disease,,,,1,,,,,
GrayLeafSpot2128,coconut-tree-disease,Dataset/Coconut Tree Disease Dataset/Gray Leaf Spot/GrayLeafSpot2128.jpg,gls,2_foliar_disease,,,,0,,,,,
GrayLeafSpot2129,coconut-tree-disease,Dataset/Coconut Tree Disease Dataset/Gray Leaf Spot/GrayLeafSpot2129.jpg,gls,2_foliar_disease,,,,4,,,,,
GrayLeafSpot213,coconut-tree-disease,Dataset/Coconut Tree Disease Dataset/Gray Leaf Spot/GrayLeafSpot213.jpg,gls,2_foliar_disease,,,,4,,,,,
GrayLeafSpot2130,coconut-tree-disease,Dataset/Coconut Tree Disease Dataset/Gray Leaf Spot/GrayLeafSpot2130.jpg,gls,2_foliar_disease,,,,1,,,,,
GrayLeafSpot2131,coconut-tree-disease,Dataset/Coconut Tree Disease Dataset/Gray Leaf Spot/GrayLeafSpot2131.jpg,gls,2_foliar_disease,,,,4,,,,,
GrayLeafSpot2132,coconut-tree-disease,Dataset/Coconut Tree Disease Dataset/Gray Leaf Spot/GrayLeafSpot2132.jpg,gls,2_foliar_disease,,,,3,,,,,
GrayLeafSpot2133,coconut-tree-disease,Dataset/Coconut Tree Disease Dataset/Gray Leaf Spot/GrayLeafSpot2133.jpg,gls,2_foliar_disease,,,,2,,,,,
GrayLeafSpot2134,coconut-tree-disease,Dataset/Coconut Tree Disease Dataset/Gray Leaf Spot/GrayLeafSpot2134.jpg,gls,2_foliar_disease,,,,2,,,,,
GrayLeafSpot2135,coconut-tree-disease,Dataset/Coconut Tree Disease Dataset/Gray Leaf Spot/GrayLeafSpot2135.jpg,gls,2_foliar_disease,,,,3,,,,,
GrayLeafSpot214,coconut-tree-disease,Dataset/Coconut Tree Disease Dataset/Gray Leaf Spot/GrayLeafSpot214.jpg,gls,2_foliar_disease,,,,3,,,,,
GrayLeafSpot215,coconut-tree-disease,Dataset/Coconut Tree Disease Dataset/Gray Leaf Spot/GrayLeafSpot215.jpg,gls,2_foliar_disease,,,,2,,,,,
GrayLeafSpot216,coconut-tree-disease,Dataset/Coconut Tree Disease Dataset/Gray Leaf Spot/GrayLeafSpot216.jpg,gls,2_foliar_disease,,,,3,,,,,
GrayLeafSpot217,coconut-tree-disease,Dataset/Coconut Tree Disease Dataset/Gray Leaf Spot/GrayLeafSpot217.jpg,gls,2_foliar_disease,,,,2,,,,,
GrayLeafSpot218,coconut-tree-disease,Dataset/Coconut Tree Disease Dataset/Gray Leaf Spot/GrayLeafSpot218.jpg,gls,2_foliar_disease,,,,0,,,,,
GrayLeafSpot219,coconut-tree-disease,Dataset/Coconut Tree Disease Dataset/Gray Leaf Spot/GrayLeafSpot219.jpg,gls,2_foliar_disease,,,,2,,,,,
GrayLeafSpot220,coconut-tree-disease,Dataset/Coconut Tree Disease Dataset/Gray Leaf Spot/GrayLeafSpot220.jpg,gls,2_foliar_disease,,,,3,,,,,
GrayLeafSpot221,coconut-tree-disease,Dataset/Coconut Tree Disease Dataset/Gray Leaf Spot/GrayLeafSpot221.jpg,gls,2_foliar_disease,,,,0,,,,,
GrayLeafSpot222,coconut-tree-disease,Dataset/Coconut Tree Disease Dataset/Gray Leaf Spot/GrayLeafSpot222.jpg,gls,2_foliar_disease,,,,4,,,,,
GrayLeafSpot223,coconut-tree-disease,Dataset/Coconut Tree Disease Dataset/Gray Leaf Spot/GrayLeafSpot223.jpg,gls,2_foliar_disease,,,,1,,,,,
GrayLeafSpot224,coconut-tree-disease,Dataset/Coconut Tree Disease Dataset/Gray Leaf Spot/GrayLeafSpot224.jpg,gls,2_foliar_disease,,,,1,,,,,
GrayLeafSpot225,coconut-tree-disease,Dataset/Coconut Tree Disease Dataset/Gray Leaf Spot/GrayLeafSpot225.jpg,gls,2_foliar_disease,,,,2,,,,,
GrayLeafSpot226,coconut-tree-disease,Dataset/Coconut Tree Disease Dataset/Gray Leaf Spot/GrayLeafSpot226.jpg,gls,2_foliar_disease,,,,2,,,,,
GrayLeafSpot227,coconut-tree-disease,Dataset/Coconut Tree Disease Dataset/Gray Leaf Spot/GrayLeafSpot227.jpg,gls,2_foliar_disease,,,,1,,,,,
GrayLeafSpot228,coconut-tree-disease,Dataset/Coconut Tree Disease Dataset/Gray Leaf Spot/GrayLeafSpot228.jpg,gls,2_foliar_disease,,,,4,,,,,
GrayLeafSpot229,coconut-tree-disease,Dataset/Coconut Tree Disease Dataset/Gray Leaf Spot/GrayLeafSpot229.jpg,gls,2_foliar_disease,,,,2,,,,,
GrayLeafSpot230,coconut-tree-disease,Dataset/Coconut Tree Disease Dataset/Gray Leaf Spot/GrayLeafSpot230.jpg,gls,2_foliar_disease,,,,0,,,,,
GrayLeafSpot231,coconut-tree-disease,Dataset/Coconut Tree Disease Dataset/Gray Leaf Spot/GrayLeafSpot231.jpg,gls,2_foliar_disease,,,,3,,,,,
GrayLeafSpot232,coconut-tree-disease,Dataset/Coconut Tree Disease Dataset/Gray Leaf Spot/GrayLeafSpot232.jpg,gls,2_foliar_disease,,,,2,,,,,
GrayLeafSpot233,coconut-tree-disease,Dataset/Coconut Tree Disease Dataset/Gray Leaf Spot/GrayLeafSpot233.jpg,gls,2_foliar_disease,,,,3,,,,,
GrayLeafSpot234,coconut-tree-disease,Dataset/Coconut Tree Disease Dataset/Gray Leaf Spot/GrayLeafSpot234.jpg,gls,2_foliar_disease,,,,2,,,,,
GrayLeafSpot235,coconut-tree-disease,Dataset/Coconut Tree Disease Dataset/Gray Leaf Spot/GrayLeafSpot235.jpg,gls,2_foliar_disease,,,,1,,,,,
GrayLeafSpot236,coconut-tree-disease,Dataset/Coconut Tree Disease Dataset/Gray Leaf Spot/GrayLeafSpot236.jpg,gls,2_foliar_disease,,,,1,,,,,
GrayLeafSpot237,coconut-tree-disease,Dataset/Coconut Tree Disease Dataset/Gray Leaf Spot/GrayLeafSpot237.jpg,gls,2_foliar_disease,,,,2,,,,,
GrayLeafSpot238,coconut-tree-disease,Dataset/Coconut Tree Disease Dataset/Gray Leaf Spot/GrayLeafSpot238.jpg,gls,2_foliar_disease,,,,4,,,,,
GrayLeafSpot239,coconut-tree-disease,Dataset/Coconut Tree Disease Dataset/Gray Leaf Spot/GrayLeafSpot239.jpg,gls,2_foliar_disease,,,,4,,,,,
GrayLeafSpot240,coconut-tree-disease,Dataset/Coconut Tree Disease Dataset/Gray Leaf Spot/GrayLeafSpot240.jpg,gls,2_foliar_disease,,,,1,,,,,
GrayLeafSpot241,coconut-tree-disease,Dataset/Coconut Tree Disease Dataset/Gray Leaf Spot/GrayLeafSpot241.jpg,gls,2_foliar_disease,,,,1,,,,,
GrayLeafSpot242,coconut-tree-disease,Dataset/Coconut Tree Disease Dataset/Gray Leaf Spot/GrayLeafSpot242.jpg,gls,2_foliar_disease,,,,0,,,,,
GrayLeafSpot243,coconut-tree-disease,Dataset/Coconut Tree Disease Dataset/Gray Leaf Spot/GrayLeafSpot243.jpg,gls,2_foliar_disease,,,,0,,,,,
GrayLeafSpot244,coconut-tree-disease,Dataset/Coconut Tree Disease Dataset/Gray Leaf Spot/GrayLeafSpot244.jpg,gls,2_foliar_disease,,,,3,,,,,
GrayLeafSpot245,coconut-tree-disease,Dataset/Coconut Tree Disease Dataset/Gray Leaf Spot/GrayLeafSpot245.jpg,gls,2_foliar_disease,,,,1,,,,,
GrayLeafSpot246,coconut-tree-disease,Dataset/Coconut Tree Disease Dataset/Gray Leaf Spot/GrayLeafSpot246.jpg,gls,2_foliar_disease,,,,2,,,,,
GrayLeafSpot247,coconut-tree-disease,Dataset/Coconut Tree Disease Dataset/Gray Leaf Spot/GrayLeafSpot247.jpg,gls,2_foliar_disease,,,,0,,,,,
GrayLeafSpot248,coconut-tree-disease,Dataset/Coconut Tree Disease Dataset/Gray Leaf Spot/GrayLeafSpot248.jpg,gls,2_foliar_disease,,,,4,,,,,
GrayLeafSpot249,coconut-tree-disease,Dataset/Coconut Tree Disease Dataset/Gray Leaf Spot/GrayLeafSpot249.jpg,gls,2_foliar_disease,,,,4,,,,,
GrayLeafSpot250,coconut-tree-disease,Dataset/Coconut Tree Disease Dataset/Gray Leaf Spot/GrayLeafSpot250.jpg,gls,2_foliar_disease,,,,1,,,,,
GrayLeafSpot251,coconut-tree-disease,Dataset/Coconut Tree Disease Dataset/Gray Leaf Spot/GrayLeafSpot251.jpg,gls,2_foliar_disease,,,,2,,,,,
GrayLeafSpot252,coconut-tree-disease,Dataset/Coconut Tree Disease Dataset/Gray Leaf Spot/GrayLeafSpot252.jpg,gls,2_foliar_disease,,,,1,,,,,
GrayLeafSpot253,coconut-tree-disease,Dataset/Coconut Tree Disease Dataset/Gray Leaf Spot/GrayLeafSpot253.jpg,gls,2_foliar_disease,,,,0,,,,,
GrayLeafSpot254,coconut-tree-disease,Dataset/Coconut Tree Disease Dataset/Gray Leaf Spot/GrayLeafSpot254.jpg,gls,2_foliar_disease,,,,4,,,,,
GrayLeafSpot255,coconut-tree-disease,Dataset/Coconut Tree Disease Dataset/Gray Leaf Spot/GrayLeafSpot255.jpg,gls,2_foliar_disease,,,,3,,,,,
GrayLeafSpot256,coconut-tree-disease,Dataset/Coconut Tree Disease Dataset/Gray Leaf Spot/GrayLeafSpot256.jpg,gls,2_foliar_disease,,,,0,,,,,
GrayLeafSpot257,coconut-tree-disease,Dataset/Coconut Tree Disease Dataset/Gray Leaf Spot/GrayLeafSpot257.jpg,gls,2_foliar_disease,,,,0,,,,,
GrayLeafSpot258,coconut-tree-disease,Dataset/Coconut Tree Disease Dataset/Gray Leaf Spot/GrayLeafSpot258.jpg,gls,2_foliar_disease,,,,0,,,,,
GrayLeafSpot259,coconut-tree-disease,Dataset/Coconut Tree Disease Dataset/Gray Leaf Spot/GrayLeafSpot259.jpg,gls,2_foliar_disease,,,,1,,,,,
GrayLeafSpot260,coconut-tree-disease,Dataset/Coconut Tree Disease Dataset/Gray Leaf Spot/GrayLeafSpot260.jpg,gls,2_foliar_disease,,,,2,,,,,
GrayLeafSpot261,coconut-tree-disease,Dataset/Coconut Tree Disease Dataset/Gray Leaf Spot/GrayLeafSpot261.jpg,gls,2_foliar_disease,,,,4,,,,,
GrayLeafSpot262,coconut-tree-disease,Dataset/Coconut Tree Disease Dataset/Gray Leaf Spot/GrayLeafSpot262.jpg,gls,2_foliar_disease,,,,1,,,,,
GrayLeafSpot263,coconut-tree-disease,Dataset/Coconut Tree Disease Dataset/Gray Leaf Spot/GrayLeafSpot263.jpg,gls,2_foliar_disease,,,,1,,,,,
GrayLeafSpot264,coconut-tree-disease,Dataset/Coconut Tree Disease Dataset/Gray Leaf Spot/GrayLeafSpot264.jpg,gls,2_foliar_disease,,,,3,,,,,
GrayLeafSpot265,coconut-tree-disease,Dataset/Coconut Tree Disease Dataset/Gray Leaf Spot/GrayLeafSpot265.jpg,gls,2_foliar_disease,,,,2,,,,,
GrayLeafSpot266,coconut-tree-disease,Dataset/Coconut Tree Disease Dataset/Gray Leaf Spot/GrayLeafSpot266.jpg,gls,2_foliar_disease,,,,0,,,,,
GrayLeafSpot267,coconut-tree-disease,Dataset/Coconut Tree Disease Dataset/Gray Leaf Spot/GrayLeafSpot267.jpg,gls,2_foliar_disease,,,,3,,,,,
GrayLeafSpot268,coconut-tree-disease,Dataset/Coconut Tree Disease Dataset/Gray Leaf Spot/GrayLeafSpot268.jpg,gls,2_foliar_disease,,,,1,,,,,
GrayLeafSpot269,coconut-tree-disease,Dataset/Coconut Tree Disease Dataset/Gray Leaf Spot/GrayLeafSpot269.jpg,gls,2_foliar_disease,,,,2,,,,,
GrayLeafSpot270,coconut-tree-disease,Dataset/Coconut Tree Disease Dataset/Gray Leaf Spot/GrayLeafSpot270.jpg,gls,2_foliar_disease,,,,0,,,,,
GrayLeafSpot271,coconut-tree-disease,Dataset/Coconut Tree Disease Dataset/Gray Leaf Spot/GrayLeafSpot271.jpg,gls,2_foliar_disease,,,,3,,,,,
GrayLeafSpot272,coconut-tree-disease,Dataset/Coconut Tree Disease Dataset/Gray Leaf Spot/GrayLeafSpot272.jpg,gls,2_foliar_disease,,,,2,,,,,
GrayLeafSpot273,coconut-tree-disease,Dataset/Coconut Tree Disease Dataset/Gray Leaf Spot/GrayLeafSpot273.jpg,gls,2_foliar_disease,,,,1,,,,,
GrayLeafSpot274,coconut-tree-disease,Dataset/Coconut Tree Disease Dataset/Gray Leaf Spot/GrayLeafSpot274.jpg,gls,2_foliar_disease,,,,3,,,,,
GrayLeafSpot275,coconut-tree-disease,Dataset/Coconut Tree Disease Dataset/Gray Leaf Spot/GrayLeafSpot275.jpg,gls,2_foliar_disease,,,,1,,,,,
GrayLeafSpot276,coconut-tree-disease,Dataset/Coconut Tree Disease Dataset/Gray Leaf Spot/GrayLeafSpot276.jpg,gls,2_foliar_disease,,,,3,,,,,
GrayLeafSpot277,coconut-tree-disease,Dataset/Coconut Tree Disease Dataset/Gray Leaf Spot/GrayLeafSpot277.jpg,gls,2_foliar_disease,,,,4,,,,,
GrayLeafSpot278,coconut-tree-disease,Dataset/Coconut Tree Disease Dataset/Gray Leaf Spot/GrayLeafSpot278.jpg,gls,2_foliar_disease,,,,2,,,,,
GrayLeafSpot279,coconut-tree-disease,Dataset/Coconut Tree Disease Dataset/Gray Leaf Spot/GrayLeafSpot279.jpg,gls,2_foliar_disease,,,,1,,,,,
GrayLeafSpot280,coconut-tree-disease,Dataset/Coconut Tree Disease Dataset/Gray Leaf Spot/GrayLeafSpot280.jpg,gls,2_foliar_disease,,,,2,,,,,
GrayLeafSpot281,coconut-tree-disease,Dataset/Coconut Tree Disease Dataset/Gray Leaf Spot/GrayLeafSpot281.jpg,gls,2_foliar_disease,,,,2,,,,,
GrayLeafSpot282,coconut-tree-disease,Dataset/Coconut Tree Disease Dataset/Gray Leaf Spot/GrayLeafSpot282.jpg,gls,2_foliar_disease,,,,2,,,,,
GrayLeafSpot283,coconut-tree-disease,Dataset/Coconut Tree Disease Dataset/Gray Leaf Spot/GrayLeafSpot283.jpg,gls,2_foliar_disease,,,,3,,,,,
GrayLeafSpot284,coconut-tree-disease,Dataset/Coconut Tree Disease Dataset/Gray Leaf Spot/GrayLeafSpot284.jpg,gls,2_foliar_disease,,,,4,,,,,
GrayLeafSpot285,coconut-tree-disease,Dataset/Coconut Tree Disease Dataset/Gray Leaf Spot/GrayLeafSpot285.jpg,gls,2_foliar_disease,,,,0,,,,,
GrayLeafSpot286,coconut-tree-disease,Dataset/Coconut Tree Disease Dataset/Gray Leaf Spot/GrayLeafSpot286.jpg,gls,2_foliar_disease,,,,4,,,,,
GrayLeafSpot287,coconut-tree-disease,Dataset/Coconut Tree Disease Dataset/Gray Leaf Spot/GrayLeafSpot287.jpg,gls,2_foliar_disease,,,,3,,,,,
GrayLeafSpot288,coconut-tree-disease,Dataset/Coconut Tree Disease Dataset/Gray Leaf Spot/GrayLeafSpot288.jpg,gls,2_foliar_disease,,,,2,,,,,
GrayLeafSpot289,coconut-tree-disease,Dataset/Coconut Tree Disease Dataset/Gray Leaf Spot/GrayLeafSpot289.jpg,gls,2_foliar_disease,,,,3,,,,,
GrayLeafSpot290,coconut-tree-disease,Dataset/Coconut Tree Disease Dataset/Gray Leaf Spot/GrayLeafSpot290.jpg,gls,2_foliar_disease,,,,0,,,,,
GrayLeafSpot291,coconut-tree-disease,Dataset/Coconut Tree Disease Dataset/Gray Leaf Spot/GrayLeafSpot291.jpg,gls,2_foliar_disease,,,,1,,,,,
GrayLeafSpot292,coconut-tree-disease,Dataset/Coconut Tree Disease Dataset/Gray Leaf Spot/GrayLeafSpot292.jpg,gls,2_foliar_disease,,,,0,,,,,
GrayLeafSpot293,coconut-tree-disease,Dataset/Coconut Tree Disease Dataset/Gray Leaf Spot/GrayLeafSpot293.jpg,gls,2_foliar_disease,,,,0,,,,,
GrayLeafSpot294,coconut-tree-disease,Dataset/Coconut Tree Disease Dataset/Gray Leaf Spot/GrayLeafSpot294.jpg,gls,2_foliar_disease,,,,3,,,,,
GrayLeafSpot295,coconut-tree-disease,Dataset/Coconut Tree Disease Dataset/Gray Leaf Spot/GrayLeafSpot295.jpg,gls,2_foliar_disease,,,,3,,,,,
GrayLeafSpot296,coconut-tree-disease,Dataset/Coconut Tree Disease Dataset/Gray Leaf Spot/GrayLeafSpot296.jpg,gls,2_foliar_disease,,,,1,,,,,
GrayLeafSpot297,coconut-tree-disease,Dataset/Coconut Tree Disease Dataset/Gray Leaf Spot/GrayLeafSpot297.jpg,gls,2_foliar_disease,,,,0,,,,,
GrayLeafSpot298,coconut-tree-disease,Dataset/Coconut Tree Disease Dataset/Gray Leaf Spot/GrayLeafSpot298.jpg,gls,2_foliar_disease,,,,3,,,,,
GrayLeafSpot299,coconut-tree-disease,Dataset/Coconut Tree Disease Dataset/Gray Leaf Spot/GrayLeafSpot299.jpg,gls,2_foliar_disease,,,,1,,,,,
GrayLeafSpot300,coconut-tree-disease,Dataset/Coconut Tree Disease Dataset/Gray Leaf Spot/GrayLeafSpot300.jpg,gls,2_foliar_disease,,,,4,,,,,
GrayLeafSpot301,coconut-tree-disease,Dataset/Coconut Tree Disease Dataset/Gray Leaf Spot/GrayLeafSpot301.jpg,gls,2_foliar_disease,,,,3,,,,,
GrayLeafSpot302,coconut-tree-disease,Dataset/Coconut Tree Disease Dataset/Gray Leaf Spot/GrayLeafSpot302.jpg,gls,2_foliar_disease,,,,2,,,,,
GrayLeafSpot303,coconut-tree-disease,Dataset/Coconut Tree Disease Dataset/Gray Leaf Spot/GrayLeafSpot303.jpg,gls,2_foliar_disease,,,,1,,,,,
GrayLeafSpot304,coconut-tree-disease,Dataset/Coconut Tree Disease Dataset/Gray Leaf Spot/GrayLeafSpot304.jpg,gls,2_foliar_disease,,,,4,,,,,
GrayLeafSpot305,coconut-tree-disease,Dataset/Coconut Tree Disease Dataset/Gray Leaf Spot/GrayLeafSpot305.jpg,gls,2_foliar_disease,,,,1,,,,,
GrayLeafSpot306,coconut-tree-disease,Dataset/Coconut Tree Disease Dataset/Gray Leaf Spot/GrayLeafSpot306.jpg,gls,2_foliar_disease,,,,4,,,,,
GrayLeafSpot307,coconut-tree-disease,Dataset/Coconut Tree Disease Dataset/Gray Leaf Spot/GrayLeafSpot307.jpg,gls,2_foliar_disease,,,,3,,,,,
GrayLeafSpot308,coconut-tree-disease,Dataset/Coconut Tree Disease Dataset/Gray Leaf Spot/GrayLeafSpot308.jpg,gls,2_foliar_disease,,,,1,,,,,
GrayLeafSpot309,coconut-tree-disease,Dataset/Coconut Tree Disease Dataset/Gray Leaf Spot/GrayLeafSpot309.jpg,gls,2_foliar_disease,,,,0,,,,,
GrayLeafSpot310,coconut-tree-disease,Dataset/Coconut Tree Disease Dataset/Gray Leaf Spot/GrayLeafSpot310.jpg,gls,2_foliar_disease,,,,2,,,,,
GrayLeafSpot311,coconut-tree-disease,Dataset/Coconut Tree Disease Dataset/Gray Leaf Spot/GrayLeafSpot311.jpg,gls,2_foliar_disease,,,,0,,,,,
GrayLeafSpot312,coconut-tree-disease,Dataset/Coconut Tree Disease Dataset/Gray Leaf Spot/GrayLeafSpot312.jpg,gls,2_foliar_disease,,,,2,,,,,
GrayLeafSpot313,coconut-tree-disease,Dataset/Coconut Tree Disease Dataset/Gray Leaf Spot/GrayLeafSpot313.jpg,gls,2_foliar_disease,,,,4,,,,,
GrayLeafSpot314,coconut-tree-disease,Dataset/Coconut Tree Disease Dataset/Gray Leaf Spot/GrayLeafSpot314.jpg,gls,2_foliar_disease,,,,0,,,,,
GrayLeafSpot315,coconut-tree-disease,Dataset/Coconut Tree Disease Dataset/Gray Leaf Spot/GrayLeafSpot315.jpg,gls,2_foliar_disease,,,,1,,,,,
GrayLeafSpot316,coconut-tree-disease,Dataset/Coconut Tree Disease Dataset/Gray Leaf Spot/GrayLeafSpot316.jpg,gls,2_foliar_disease,,,,3,,,,,
GrayLeafSpot317,coconut-tree-disease,Dataset/Coconut Tree Disease Dataset/Gray Leaf Spot/GrayLeafSpot317.jpg,gls,2_foliar_disease,,,,1,,,,,
GrayLeafSpot318,coconut-tree-disease,Dataset/Coconut Tree Disease Dataset/Gray Leaf Spot/GrayLeafSpot318.jpg,gls,2_foliar_disease,,,,0,,,,,
GrayLeafSpot319,coconut-tree-disease,Dataset/Coconut Tree Disease Dataset/Gray Leaf Spot/GrayLeafSpot319.jpg,gls,2_foliar_disease,,,,1,,,,,
GrayLeafSpot320,coconut-tree-disease,Dataset/Coconut Tree Disease Dataset/Gray Leaf Spot/GrayLeafSpot320.jpg,gls,2_foliar_disease,,,,3,,,,,
GrayLeafSpot321,coconut-tree-disease,Dataset/Coconut Tree Disease Dataset/Gray Leaf Spot/GrayLeafSpot321.jpg,gls,2_foliar_disease,,,,1,,,,,
GrayLeafSpot322,coconut-tree-disease,Dataset/Coconut Tree Disease Dataset/Gray Leaf Spot/GrayLeafSpot322.jpg,gls,2_foliar_disease,,,,3,,,,,
GrayLeafSpot323,coconut-tree-disease,Dataset/Coconut Tree Disease Dataset/Gray Leaf Spot/GrayLeafSpot323.jpg,gls,2_foliar_disease,,,,0,,,,,
GrayLeafSpot324,coconut-tree-disease,Dataset/Coconut Tree Disease Dataset/Gray Leaf Spot/GrayLeafSpot324.jpg,gls,2_foliar_disease,,,,1,,,,,
GrayLeafSpot325,coconut-tree-disease,Dataset/Coconut Tree Disease Dataset/Gray Leaf Spot/GrayLeafSpot325.jpg,gls,2_foliar_disease,,,,0,,,,,
GrayLeafSpot326,coconut-tree-disease,Dataset/Coconut Tree Disease Dataset/Gray Leaf Spot/GrayLeafSpot326.jpg,gls,2_foliar_disease,,,,4,,,,,
GrayLeafSpot327,coconut-tree-disease,Dataset/Coconut Tree Disease Dataset/Gray Leaf Spot/GrayLeafSpot327.jpg,gls,2_foliar_disease,,,,4,,,,,
GrayLeafSpot328,coconut-tree-disease,Dataset/Coconut Tree Disease Dataset/Gray Leaf Spot/GrayLeafSpot328.jpg,gls,2_foliar_disease,,,,2,,,,,
GrayLeafSpot329,coconut-tree-disease,Dataset/Coconut Tree Disease Dataset/Gray Leaf Spot/GrayLeafSpot329.jpg,gls,2_foliar_disease,,,,2,,,,,
GrayLeafSpot330,coconut-tree-disease,Dataset/Coconut Tree Disease Dataset/Gray Leaf Spot/GrayLeafSpot330.jpg,gls,2_foliar_disease,,,,0,,,,,
GrayLeafSpot331,coconut-tree-disease,Dataset/Coconut Tree Disease Dataset/Gray Leaf Spot/GrayLeafSpot331.jpg,gls,2_foliar_disease,,,,0,,,,,
GrayLeafSpot332,coconut-tree-disease,Dataset/Coconut Tree Disease Dataset/Gray Leaf Spot/GrayLeafSpot332.jpg,gls,2_foliar_disease,,,,0,,,,,
GrayLeafSpot333,coconut-tree-disease,Dataset/Coconut Tree Disease Dataset/Gray Leaf Spot/GrayLeafSpot333.jpg,gls,2_foliar_disease,,,,4,,,,,
GrayLeafSpot334,coconut-tree-disease,Dataset/Coconut Tree Disease Dataset/Gray Leaf Spot/GrayLeafSpot334.jpg,gls,2_foliar_disease,,,,2,,,,,
GrayLeafSpot335,coconut-tree-disease,Dataset/Coconut Tree Disease Dataset/Gray Leaf Spot/GrayLeafSpot335.jpg,gls,2_foliar_disease,,,,2,,,,,
GrayLeafSpot336,coconut-tree-disease,Dataset/Coconut Tree Disease Dataset/Gray Leaf Spot/GrayLeafSpot336.jpg,gls,2_foliar_disease,,,,2,,,,,
GrayLeafSpot337,coconut-tree-disease,Dataset/Coconut Tree Disease Dataset/Gray Leaf Spot/GrayLeafSpot337.jpg,gls,2_foliar_disease,,,,2,,,,,
GrayLeafSpot338,coconut-tree-disease,Dataset/Coconut Tree Disease Dataset/Gray Leaf Spot/GrayLeafSpot338.jpg,gls,2_foliar_disease,,,,2,,,,,
GrayLeafSpot339,coconut-tree-disease,Dataset/Coconut Tree Disease Dataset/Gray Leaf Spot/GrayLeafSpot339.jpg,gls,2_foliar_disease,,,,2,,,,,
GrayLeafSpot340,coconut-tree-disease,Dataset/Coconut Tree Disease Dataset/Gray Leaf Spot/GrayLeafSpot340.jpg,gls,2_foliar_disease,,,,3,,,,,
GrayLeafSpot341,coconut-tree-disease,Dataset/Coconut Tree Disease Dataset/Gray Leaf Spot/GrayLeafSpot341.jpg,gls,2_foliar_disease,,,,4,,,,,
GrayLeafSpot342,coconut-tree-disease,Dataset/Coconut Tree Disease Dataset/Gray Leaf Spot/GrayLeafSpot342.jpg,gls,2_foliar_disease,,,,2,,,,,
GrayLeafSpot343,coconut-tree-disease,Dataset/Coconut Tree Disease Dataset/Gray Leaf Spot/GrayLeafSpot343.jpg,gls,2_foliar_disease,,,,4,,,,,
GrayLeafSpot344,coconut-tree-disease,Dataset/Coconut Tree Disease Dataset/Gray Leaf Spot/GrayLeafSpot344.jpg,gls,2_foliar_disease,,,,0,,,,,
GrayLeafSpot345,coconut-tree-disease,Dataset/Coconut Tree Disease Dataset/Gray Leaf Spot/GrayLeafSpot345.jpg,gls,2_foliar_disease,,,,4,,,,,
GrayLeafSpot346,coconut-tree-disease,Dataset/Coconut Tree Disease Dataset/Gray Leaf Spot/GrayLeafSpot346.jpg,gls,2_foliar_disease,,,,3,,,,,
GrayLeafSpot347,coconut-tree-disease,Dataset/Coconut Tree Disease Dataset/Gray Leaf Spot/GrayLeafSpot347.jpg,gls,2_foliar_disease,,,,1,,,,,
GrayLeafSpot348,coconut-tree-disease,Dataset/Coconut Tree Disease Dataset/Gray Leaf Spot/GrayLeafSpot348.jpg,gls,2_foliar_disease,,,,4,,,,,
GrayLeafSpot349,coconut-tree-disease,Dataset/Coconut Tree Disease Dataset/Gray Leaf Spot/GrayLeafSpot349.jpg,gls,2_foliar_disease,,,,1,,,,,
GrayLeafSpot350,coconut-tree-disease,Dataset/Coconut Tree Disease Dataset/Gray Leaf Spot/GrayLeafSpot350.jpg,gls,2_foliar_disease,,,,3,,,,,
GrayLeafSpot351,coconut-tree-disease,Dataset/Coconut Tree Disease Dataset/Gray Leaf Spot/GrayLeafSpot351.jpg,gls,2_foliar_disease,,,,1,,,,,
GrayLeafSpot352,coconut-tree-disease,Dataset/Coconut Tree Disease Dataset/Gray Leaf Spot/GrayLeafSpot352.jpg,gls,2_foliar_disease,,,,1,,,,,
GrayLeafSpot353,coconut-tree-disease,Dataset/Coconut Tree Disease Dataset/Gray Leaf Spot/GrayLeafSpot353.jpg,gls,2_foliar_disease,,,,1,,,,,
GrayLeafSpot354,coconut-tree-disease,Dataset/Coconut Tree Disease Dataset/Gray Leaf Spot/GrayLeafSpot354.jpg,gls,2_foliar_disease,,,,1,,,,,
GrayLeafSpot355,coconut-tree-disease,Dataset/Coconut Tree Disease Dataset/Gray Leaf Spot/GrayLeafSpot355.jpg,gls,2_foliar_disease,,,,4,,,,,
GrayLeafSpot356,coconut-tree-disease,Dataset/Coconut Tree Disease Dataset/Gray Leaf Spot/GrayLeafSpot356.jpg,gls,2_foliar_disease,,,,3,,,,,
GrayLeafSpot357,coconut-tree-disease,Dataset/Coconut Tree Disease Dataset/Gray Leaf Spot/GrayLeafSpot357.jpg,gls,2_foliar_disease,,,,2,,,,,
GrayLeafSpot358,coconut-tree-disease,Dataset/Coconut Tree Disease Dataset/Gray Leaf Spot/GrayLeafSpot358.jpg,gls,2_foliar_disease,,,,4,,,,,
GrayLeafSpot359,coconut-tree-disease,Dataset/Coconut Tree Disease Dataset/Gray Leaf Spot/GrayLeafSpot359.jpg,gls,2_foliar_disease,,,,2,,,,,
GrayLeafSpot360,coconut-tree-disease,Dataset/Coconut Tree Disease Dataset/Gray Leaf Spot/GrayLeafSpot360.jpg,gls,2_foliar_disease,,,,1,,,,,
GrayLeafSpot361,coconut-tree-disease,Dataset/Coconut Tree Disease Dataset/Gray Leaf Spot/GrayLeafSpot361.jpg,gls,2_foliar_disease,,,,0,,,,,
GrayLeafSpot362,coconut-tree-disease,Dataset/Coconut Tree Disease Dataset/Gray Leaf Spot/GrayLeafSpot362.jpg,gls,2_foliar_disease,,,,4,,,,,
GrayLeafSpot363,coconut-tree-disease,Dataset/Coconut Tree Disease Dataset/Gray Leaf Spot/GrayLeafSpot363.jpg,gls,2_foliar_disease,,,,4,,,,,
GrayLeafSpot364,coconut-tree-disease,Dataset/Coconut Tree Disease Dataset/Gray Leaf Spot/GrayLeafSpot364.jpg,gls,2_foliar_disease,,,,3,,,,,
GrayLeafSpot365,coconut-tree-disease,Dataset/Coconut Tree Disease Dataset/Gray Leaf Spot/GrayLeafSpot365.jpg,gls,2_foliar_disease,,,,3,,,,,
GrayLeafSpot366,coconut-tree-disease,Dataset/Coconut Tree Disease Dataset/Gray Leaf Spot/GrayLeafSpot366.jpg,gls,2_foliar_disease,,,,0,,,,,
GrayLeafSpot367,coconut-tree-disease,Dataset/Coconut Tree Disease Dataset/Gray Leaf Spot/GrayLeafSpot367.jpg,gls,2_foliar_disease,,,,2,,,,,
GrayLeafSpot368,coconut-tree-disease,Dataset/Coconut Tree Disease Dataset/Gray Leaf Spot/GrayLeafSpot368.jpg,gls,2_foliar_disease,,,,4,,,,,
GrayLeafSpot369,coconut-tree-disease,Dataset/Coconut Tree Disease Dataset/Gray Leaf Spot/GrayLeafSpot369.jpg,gls,2_foliar_disease,,,,1,,,,,
GrayLeafSpot370,coconut-tree-disease,Dataset/Coconut Tree Disease Dataset/Gray Leaf Spot/GrayLeafSpot370.jpg,gls,2_foliar_disease,,,,3,,,,,
GrayLeafSpot371,coconut-tree-disease,Dataset/Coconut Tree Disease Dataset/Gray Leaf Spot/GrayLeafSpot371.jpg,gls,2_foliar_disease,,,,0,,,,,
GrayLeafSpot372,coconut-tree-disease,Dataset/Coconut Tree Disease Dataset/Gray Leaf Spot/GrayLeafSpot372.jpg,gls,2_foliar_disease,,,,0,,,,,
GrayLeafSpot373,coconut-tree-disease,Dataset/Coconut Tree Disease Dataset/Gray Leaf Spot/GrayLeafSpot373.jpg,gls,2_foliar_disease,,,,4,,,,,
GrayLeafSpot374,coconut-tree-disease,Dataset/Coconut Tree Disease Dataset/Gray Leaf Spot/GrayLeafSpot374.jpg,gls,2_foliar_disease,,,,2,,,,,
GrayLeafSpot375,coconut-tree-disease,Dataset/Coconut Tree Disease Dataset/Gray Leaf Spot/GrayLeafSpot375.jpg,gls,2_foliar_disease,,,,0,,,,,
GrayLeafSpot376,coconut-tree-disease,Dataset/Coconut Tree Disease Dataset/Gray Leaf Spot/GrayLeafSpot376.jpg,gls,2_foliar_disease,,,,1,,,,,
GrayLeafSpot377,coconut-tree-disease,Dataset/Coconut Tree Disease Dataset/Gray Leaf Spot/GrayLeafSpot377.jpg,gls,2_foliar_disease,,,,4,,,,,
GrayLeafSpot378,coconut-tree-disease,Dataset/Coconut Tree Disease Dataset/Gray Leaf Spot/GrayLeafSpot378.jpg,gls,2_foliar_disease,,,,1,,,,,
GrayLeafSpot379,coconut-tree-disease,Dataset/Coconut Tree Disease Dataset/Gray Leaf Spot/GrayLeafSpot379.jpg,gls,2_foliar_disease,,,,1,,,,,
GrayLeafSpot380,coconut-tree-disease,Dataset/Coconut Tree Disease Dataset/Gray Leaf Spot/GrayLeafSpot380.jpg,gls,2_foliar_disease,,,,3,,,,,
GrayLeafSpot381,coconut-tree-disease,Dataset/Coconut Tree Disease Dataset/Gray Leaf Spot/GrayLeafSpot381.jpg,gls,2_foliar_disease,,,,4,,,,,
GrayLeafSpot382,coconut-tree-disease,Dataset/Coconut Tree Disease Dataset/Gray Leaf Spot/GrayLeafSpot382.jpg,gls,2_foliar_disease,,,,3,,,,,
GrayLeafSpot383,coconut-tree-disease,Dataset/Coconut Tree Disease Dataset/Gray Leaf Spot/GrayLeafSpot383.jpg,gls,2_foliar_disease,,,,3,,,,,
GrayLeafSpot384,coconut-tree-disease,Dataset/Coconut Tree Disease Dataset/Gray Leaf Spot/GrayLeafSpot384.jpg,gls,2_foliar_disease,,,,1,,,,,
GrayLeafSpot385,coconut-tree-disease,Dataset/Coconut Tree Disease Dataset/Gray Leaf Spot/GrayLeafSpot385.jpg,gls,2_foliar_disease,,,,4,,,,,
GrayLeafSpot386,coconut-tree-disease,Dataset/Coconut Tree Disease Dataset/Gray Leaf Spot/GrayLeafSpot386.jpg,gls,2_foliar_disease,,,,4,,,,,
GrayLeafSpot387,coconut-tree-disease,Dataset/Coconut Tree Disease Dataset/Gray Leaf Spot/GrayLeafSpot387.jpg,gls,2_foliar_disease,,,,3,,,,,
GrayLeafSpot388,coconut-tree-disease,Dataset/Coconut Tree Disease Dataset/Gray Leaf Spot/GrayLeafSpot388.jpg,gls,2_foliar_disease,,,,4,,,,,
GrayLeafSpot389,coconut-tree-disease,Dataset/Coconut Tree Disease Dataset/Gray Leaf Spot/GrayLeafSpot389.jpg,gls,2_foliar_disease,,,,3,,,,,
GrayLeafSpot390,coconut-tree-disease,Dataset/Coconut Tree Disease Dataset/Gray Leaf Spot/GrayLeafSpot390.jpg,gls,2_foliar_disease,,,,4,,,,,
GrayLeafSpot391,coconut-tree-disease,Dataset/Coconut Tree Disease Dataset/Gray Leaf Spot/GrayLeafSpot391.jpg,gls,2_foliar_disease,,,,2,,,,,
GrayLeafSpot392,coconut-tree-disease,Dataset/Coconut Tree Disease Dataset/Gray Leaf Spot/GrayLeafSpot392.jpg,gls,2_foliar_disease,,,,2,,,,,
GrayLeafSpot393,coconut-tree-disease,Dataset/Coconut Tree Disease Dataset/Gray Leaf Spot/GrayLeafSpot393.jpg,gls,2_foliar_disease,,,,2,,,,,
GrayLeafSpot394,coconut-tree-disease,Dataset/Coconut Tree Disease Dataset/Gray Leaf Spot/GrayLeafSpot394.jpg,gls,2_foliar_disease,,,,0,,,,,
GrayLeafSpot395,coconut-tree-disease,Dataset/Coconut Tree Disease Dataset/Gray Leaf Spot/GrayLeafSpot395.jpg,gls,2_foliar_disease,,,,1,,,,,
GrayLeafSpot396,coconut-tree-disease,Dataset/Coconut Tree Disease Dataset/Gray Leaf Spot/GrayLeafSpot396.jpg,gls,2_foliar_disease,,,,3,,,,,
GrayLeafSpot397,coconut-tree-disease,Dataset/Coconut Tree Disease Dataset/Gray Leaf Spot/GrayLeafSpot397.jpg,gls,2_foliar_disease,,,,1,,,,,
GrayLeafSpot398,coconut-tree-disease,Dataset/Coconut Tree Disease Dataset/Gray Leaf Spot/GrayLeafSpot398.jpg,gls,2_foliar_disease,,,,0,,,,,
GrayLeafSpot399,coconut-tree-disease,Dataset/Coconut Tree Disease Dataset/Gray Leaf Spot/GrayLeafSpot399.jpg,gls,2_foliar_disease,,,,4,,,,,
GrayLeafSpot400,coconut-tree-disease,Dataset/Coconut Tree Disease Dataset/Gray Leaf Spot/GrayLeafSpot400.jpg,gls,2_foliar_disease,,,,4,,,,,
GrayLeafSpot401,coconut-tree-disease,Dataset/Coconut Tree Disease Dataset/Gray Leaf Spot/GrayLeafSpot401.jpg,gls,2_foliar_disease,,,,4,,,,,
GrayLeafSpot402,coconut-tree-disease,Dataset/Coconut Tree Disease Dataset/Gray Leaf Spot/GrayLeafSpot402.jpg,gls,2_foliar_disease,,,,0,,,,,
GrayLeafSpot403,coconut-tree-disease,Dataset/Coconut Tree Disease Dataset/Gray Leaf Spot/GrayLeafSpot403.jpg,gls,2_foliar_disease,,,,1,,,,,
GrayLeafSpot404,coconut-tree-disease,Dataset/Coconut Tree Disease Dataset/Gray Leaf Spot/GrayLeafSpot404.jpg,gls,2_foliar_disease,,,,4,,,,,
GrayLeafSpot405,coconut-tree-disease,Dataset/Coconut Tree Disease Dataset/Gray Leaf Spot/GrayLeafSpot405.jpg,gls,2_foliar_disease,,,,2,,,,,
GrayLeafSpot406,coconut-tree-disease,Dataset/Coconut Tree Disease Dataset/Gray Leaf Spot/GrayLeafSpot406.jpg,gls,2_foliar_disease,,,,4,,,,,
GrayLeafSpot407,coconut-tree-disease,Dataset/Coconut Tree Disease Dataset/Gray Leaf Spot/GrayLeafSpot407.jpg,gls,2_foliar_disease,,,,4,,,,,
GrayLeafSpot408,coconut-tree-disease,Dataset/Coconut Tree Disease Dataset/Gray Leaf Spot/GrayLeafSpot408.jpg,gls,2_foliar_disease,,,,4,,,,,
GrayLeafSpot409,coconut-tree-disease,Dataset/Coconut Tree Disease Dataset/Gray Leaf Spot/GrayLeafSpot409.jpg,gls,2_foliar_disease,,,,3,,,,,
GrayLeafSpot410,coconut-tree-disease,Dataset/Coconut Tree Disease Dataset/Gray Leaf Spot/GrayLeafSpot410.jpg,gls,2_foliar_disease,,,,4,,,,,
GrayLeafSpot411,coconut-tree-disease,Dataset/Coconut Tree Disease Dataset/Gray Leaf Spot/GrayLeafSpot411.jpg,gls,2_foliar_disease,,,,0,,,,,
GrayLeafSpot412,coconut-tree-disease,Dataset/Coconut Tree Disease Dataset/Gray Leaf Spot/GrayLeafSpot412.jpg,gls,2_foliar_disease,,,,4,,,,,
GrayLeafSpot413,coconut-tree-disease,Dataset/Coconut Tree Disease Dataset/Gray Leaf Spot/GrayLeafSpot413.jpg,gls,2_foliar_disease,,,,1,,,,,
GrayLeafSpot414,coconut-tree-disease,Dataset/Coconut Tree Disease Dataset/Gray Leaf Spot/GrayLeafSpot414.jpg,gls,2_foliar_disease,,,,1,,,,,
GrayLeafSpot415,coconut-tree-disease,Dataset/Coconut Tree Disease Dataset/Gray Leaf Spot/GrayLeafSpot415.jpg,gls,2_foliar_disease,,,,4,,,,,
GrayLeafSpot416,coconut-tree-disease,Dataset/Coconut Tree Disease Dataset/Gray Leaf Spot/GrayLeafSpot416.jpg,gls,2_foliar_disease,,,,3,,,,,
GrayLeafSpot417,coconut-tree-disease,Dataset/Coconut Tree Disease Dataset/Gray Leaf Spot/GrayLeafSpot417.jpg,gls,2_foliar_disease,,,,0,,,,,
GrayLeafSpot418,coconut-tree-disease,Dataset/Coconut Tree Disease Dataset/Gray Leaf Spot/GrayLeafSpot418.jpg,gls,2_foliar_disease,,,,4,,,,,
GrayLeafSpot419,coconut-tree-disease,Dataset/Coconut Tree Disease Dataset/Gray Leaf Spot/GrayLeafSpot419.jpg,gls,2_foliar_disease,,,,2,,,,,
GrayLeafSpot420,coconut-tree-disease,Dataset/Coconut Tree Disease Dataset/Gray Leaf Spot/GrayLeafSpot420.jpg,gls,2_foliar_disease,,,,2,,,,,
GrayLeafSpot421,coconut-tree-disease,Dataset/Coconut Tree Disease Dataset/Gray Leaf Spot/GrayLeafSpot421.jpg,gls,2_foliar_disease,,,,0,,,,,
GrayLeafSpot422,coconut-tree-disease,Dataset/Coconut Tree Disease Dataset/Gray Leaf Spot/GrayLeafSpot422.jpg,gls,2_foliar_disease,,,,0,,,,,
GrayLeafSpot423,coconut-tree-disease,Dataset/Coconut Tree Disease Dataset/Gray Leaf Spot/GrayLeafSpot423.jpg,gls,2_foliar_disease,,,,4,,,,,
GrayLeafSpot424,coconut-tree-disease,Dataset/Coconut Tree Disease Dataset/Gray Leaf Spot/GrayLeafSpot424.jpg,gls,2_foliar_disease,,,,1,,,,,
GrayLeafSpot425,coconut-tree-disease,Dataset/Coconut Tree Disease Dataset/Gray Leaf Spot/GrayLeafSpot425.jpg,gls,2_foliar_disease,,,,2,,,,,
GrayLeafSpot426,coconut-tree-disease,Dataset/Coconut Tree Disease Dataset/Gray Leaf Spot/GrayLeafSpot426.jpg,gls,2_foliar_disease,,,,1,,,,,
GrayLeafSpot427,coconut-tree-disease,Dataset/Coconut Tree Disease Dataset/Gray Leaf Spot/GrayLeafSpot427.jpg,gls,2_foliar_disease,,,,2,,,,,
GrayLeafSpot428,coconut-tree-disease,Dataset/Coconut Tree Disease Dataset/Gray Leaf Spot/GrayLeafSpot428.jpg,gls,2_foliar_disease,,,,4,,,,,
GrayLeafSpot429,coconut-tree-disease,Dataset/Coconut Tree Disease Dataset/Gray Leaf Spot/GrayLeafSpot429.jpg,gls,2_foliar_disease,,,,3,,,,,
GrayLeafSpot430,coconut-tree-disease,Dataset/Coconut Tree Disease Dataset/Gray Leaf Spot/GrayLeafSpot430.jpg,gls,2_foliar_disease,,,,3,,,,,
GrayLeafSpot431,coconut-tree-disease,Dataset/Coconut Tree Disease Dataset/Gray Leaf Spot/GrayLeafSpot431.jpg,gls,2_foliar_disease,,,,1,,,,,
GrayLeafSpot432,coconut-tree-disease,Dataset/Coconut Tree Disease Dataset/Gray Leaf Spot/GrayLeafSpot432.jpg,gls,2_foliar_disease,,,,2,,,,,
GrayLeafSpot433,coconut-tree-disease,Dataset/Coconut Tree Disease Dataset/Gray Leaf Spot/GrayLeafSpot433.jpg,gls,2_foliar_disease,,,,0,,,,,
GrayLeafSpot434,coconut-tree-disease,Dataset/Coconut Tree Disease Dataset/Gray Leaf Spot/GrayLeafSpot434.jpg,gls,2_foliar_disease,,,,2,,,,,
GrayLeafSpot435,coconut-tree-disease,Dataset/Coconut Tree Disease Dataset/Gray Leaf Spot/GrayLeafSpot435.jpg,gls,2_foliar_disease,,,,2,,,,,
GrayLeafSpot436,coconut-tree-disease,Dataset/Coconut Tree Disease Dataset/Gray Leaf Spot/GrayLeafSpot436.jpg,gls,2_foliar_disease,,,,2,,,,,
GrayLeafSpot437,coconut-tree-disease,Dataset/Coconut Tree Disease Dataset/Gray Leaf Spot/GrayLeafSpot437.jpg,gls,2_foliar_disease,,,,2,,,,,
GrayLeafSpot438,coconut-tree-disease,Dataset/Coconut Tree Disease Dataset/Gray Leaf Spot/GrayLeafSpot438.jpg,gls,2_foliar_disease,,,,3,,,,,
GrayLeafSpot439,coconut-tree-disease,Dataset/Coconut Tree Disease Dataset/Gray Leaf Spot/GrayLeafSpot439.jpg,gls,2_foliar_disease,,,,4,,,,,
GrayLeafSpot440,coconut-tree-disease,Dataset/Coconut Tree Disease Dataset/Gray Leaf Spot/GrayLeafSpot440.jpg,gls,2_foliar_disease,,,,0,,,,,
GrayLeafSpot441,coconut-tree-disease,Dataset/Coconut Tree Disease Dataset/Gray Leaf Spot/GrayLeafSpot441.jpg,gls,2_foliar_disease,,,,2,,,,,
GrayLeafSpot442,coconut-tree-disease,Dataset/Coconut Tree Disease Dataset/Gray Leaf Spot/GrayLeafSpot442.jpg,gls,2_foliar_disease,,,,1,,,,,
GrayLeafSpot443,coconut-tree-disease,Dataset/Coconut Tree Disease Dataset/Gray Leaf Spot/GrayLeafSpot443.jpg,gls,2_foliar_disease,,,,4,,,,,
GrayLeafSpot444,coconut-tree-disease,Dataset/Coconut Tree Disease Dataset/Gray Leaf Spot/GrayLeafSpot444.jpg,gls,2_foliar_disease,,,,4,,,,,
GrayLeafSpot445,coconut-tree-disease,Dataset/Coconut Tree Disease Dataset/Gray Leaf Spot/GrayLeafSpot445.jpg,gls,2_foliar_disease,,,,1,,,,,
GrayLeafSpot446,coconut-tree-disease,Dataset/Coconut Tree Disease Dataset/Gray Leaf Spot/GrayLeafSpot446.jpg,gls,2_foliar_disease,,,,2,,,,,
GrayLeafSpot447,coconut-tree-disease,Dataset/Coconut Tree Disease Dataset/Gray Leaf Spot/GrayLeafSpot447.jpg,gls,2_foliar_disease,,,,2,,,,,
GrayLeafSpot448,coconut-tree-disease,Dataset/Coconut Tree Disease Dataset/Gray Leaf Spot/GrayLeafSpot448.jpg,gls,2_foliar_disease,,,,0,,,,,
GrayLeafSpot449,coconut-tree-disease,Dataset/Coconut Tree Disease Dataset/Gray Leaf Spot/GrayLeafSpot449.jpg,gls,2_foliar_disease,,,,2,,,,,
GrayLeafSpot450,coconut-tree-disease,Dataset/Coconut Tree Disease Dataset/Gray Leaf Spot/GrayLeafSpot450.jpg,gls,2_foliar_disease,,,,4,,,,,
GrayLeafSpot451,coconut-tree-disease,Dataset/Coconut Tree Disease Dataset/Gray Leaf Spot/GrayLeafSpot451.jpg,gls,2_foliar_disease,,,,2,,,,,
GrayLeafSpot452,coconut-tree-disease,Dataset/Coconut Tree Disease Dataset/Gray Leaf Spot/GrayLeafSpot452.jpg,gls,2_foliar_disease,,,,4,,,,,
GrayLeafSpot453,coconut-tree-disease,Dataset/Coconut Tree Disease Dataset/Gray Leaf Spot/GrayLeafSpot453.jpg,gls,2_foliar_disease,,,,4,,,,,
GrayLeafSpot454,coconut-tree-disease,Dataset/Coconut Tree Disease Dataset/Gray Leaf Spot/GrayLeafSpot454.jpg,gls,2_foliar_disease,,,,2,,,,,
GrayLeafSpot455,coconut-tree-disease,Dataset/Coconut Tree Disease Dataset/Gray Leaf Spot/GrayLeafSpot455.jpg,gls,2_foliar_disease,,,,2,,,,,
GrayLeafSpot456,coconut-tree-disease,Dataset/Coconut Tree Disease Dataset/Gray Leaf Spot/GrayLeafSpot456.jpg,gls,2_foliar_disease,,,,1,,,,,
GrayLeafSpot457,coconut-tree-disease,Dataset/Coconut Tree Disease Dataset/Gray Leaf Spot/GrayLeafSpot457.jpg,gls,2_foliar_disease,,,,3,,,,,
GrayLeafSpot458,coconut-tree-disease,Dataset/Coconut Tree Disease Dataset/Gray Leaf Spot/GrayLeafSpot458.jpg,gls,2_foliar_disease,,,,2,,,,,
GrayLeafSpot459,coconut-tree-disease,Dataset/Coconut Tree Disease Dataset/Gray Leaf Spot/GrayLeafSpot459.jpg,gls,2_foliar_disease,,,,4,,,,,
GrayLeafSpot460,coconut-tree-disease,Dataset/Coconut Tree Disease Dataset/Gray Leaf Spot/GrayLeafSpot460.jpg,gls,2_foliar_disease,,,,3,,,,,
GrayLeafSpot461,coconut-tree-disease,Dataset/Coconut Tree Disease Dataset/Gray Leaf Spot/GrayLeafSpot461.jpg,gls,2_foliar_disease,,,,0,,,,,
GrayLeafSpot462,coconut-tree-disease,Dataset/Coconut Tree Disease Dataset/Gray Leaf Spot/GrayLeafSpot462.jpg,gls,2_foliar_disease,,,,4,,,,,
GrayLeafSpot463,coconut-tree-disease,Dataset/Coconut Tree Disease Dataset/Gray Leaf Spot/GrayLeafSpot463.jpg,gls,2_foliar_disease,,,,1,,,,,
GrayLeafSpot464,coconut-tree-disease,Dataset/Coconut Tree Disease Dataset/Gray Leaf Spot/GrayLeafSpot464.jpg,gls,2_foliar_disease,,,,0,,,,,
GrayLeafSpot465,coconut-tree-disease,Dataset/Coconut Tree Disease Dataset/Gray Leaf Spot/GrayLeafSpot465.jpg,gls,2_foliar_disease,,,,3,,,,,
GrayLeafSpot466,coconut-tree-disease,Dataset/Coconut Tree Disease Dataset/Gray Leaf Spot/GrayLeafSpot466.jpg,gls,2_foliar_disease,,,,4,,,,,
GrayLeafSpot467,coconut-tree-disease,Dataset/Coconut Tree Disease Dataset/Gray Leaf Spot/GrayLeafSpot467.jpg,gls,2_foliar_disease,,,,1,,,,,
GrayLeafSpot468,coconut-tree-disease,Dataset/Coconut Tree Disease Dataset/Gray Leaf Spot/GrayLeafSpot468.jpg,gls,2_foliar_disease,,,,2,,,,,
GrayLeafSpot469,coconut-tree-disease,Dataset/Coconut Tree Disease Dataset/Gray Leaf Spot/GrayLeafSpot469.jpg,gls,2_foliar_disease,,,,1,,,,,
GrayLeafSpot470,coconut-tree-disease,Dataset/Coconut Tree Disease Dataset/Gray Leaf Spot/GrayLeafSpot470.jpg,gls,2_foliar_disease,,,,3,,,,,
GrayLeafSpot471,coconut-tree-disease,Dataset/Coconut Tree Disease Dataset/Gray Leaf Spot/GrayLeafSpot471.jpg,gls,2_foliar_disease,,,,4,,,,,
GrayLeafSpot472,coconut-tree-disease,Dataset/Coconut Tree Disease Dataset/Gray Leaf Spot/GrayLeafSpot472.jpg,gls,2_foliar_disease,,,,1,,,,,
GrayLeafSpot473,coconut-tree-disease,Dataset/Coconut Tree Disease Dataset/Gray Leaf Spot/GrayLeafSpot473.jpg,gls,2_foliar_disease,,,,0,,,,,
GrayLeafSpot474,coconut-tree-disease,Dataset/Coconut Tree Disease Dataset/Gray Leaf Spot/GrayLeafSpot474.jpg,gls,2_foliar_disease,,,,2,,,,,
GrayLeafSpot475,coconut-tree-disease,Dataset/Coconut Tree Disease Dataset/Gray Leaf Spot/GrayLeafSpot475.jpg,gls,2_foliar_disease,,,,1,,,,,
GrayLeafSpot476,coconut-tree-disease,Dataset/Coconut Tree Disease Dataset/Gray Leaf Spot/GrayLeafSpot476.jpg,gls,2_foliar_disease,,,,1,,,,,
GrayLeafSpot477,coconut-tree-disease,Dataset/Coconut Tree Disease Dataset/Gray Leaf Spot/GrayLeafSpot477.jpg,gls,2_foliar_disease,,,,3,,,,,
GrayLeafSpot478,coconut-tree-disease,Dataset/Coconut Tree Disease Dataset/Gray Leaf Spot/GrayLeafSpot478.jpg,gls,2_foliar_disease,,,,2,,,,,
GrayLeafSpot479,coconut-tree-disease,Dataset/Coconut Tree Disease Dataset/Gray Leaf Spot/GrayLeafSpot479.jpg,gls,2_foliar_disease,,,,0,,,,,
GrayLeafSpot480,coconut-tree-disease,Dataset/Coconut Tree Disease Dataset/Gray Leaf Spot/GrayLeafSpot480.jpg,gls,2_foliar_disease,,,,1,,,,,
GrayLeafSpot481,coconut-tree-disease,Dataset/Coconut Tree Disease Dataset/Gray Leaf Spot/GrayLeafSpot481.jpg,gls,2_foliar_disease,,,,1,,,,,
GrayLeafSpot482,coconut-tree-disease,Dataset/Coconut Tree Disease Dataset/Gray Leaf Spot/GrayLeafSpot482.jpg,gls,2_foliar_disease,,,,4,,,,,
GrayLeafSpot483,coconut-tree-disease,Dataset/Coconut Tree Disease Dataset/Gray Leaf Spot/GrayLeafSpot483.jpg,gls,2_foliar_disease,,,,1,,,,,
GrayLeafSpot484,coconut-tree-disease,Dataset/Coconut Tree Disease Dataset/Gray Leaf Spot/GrayLeafSpot484.jpg,gls,2_foliar_disease,,,,4,,,,,
GrayLeafSpot485,coconut-tree-disease,Dataset/Coconut Tree Disease Dataset/Gray Leaf Spot/GrayLeafSpot485.jpg,gls,2_foliar_disease,,,,4,,,,,
GrayLeafSpot486,coconut-tree-disease,Dataset/Coconut Tree Disease Dataset/Gray Leaf Spot/GrayLeafSpot486.jpg,gls,2_foliar_disease,,,,4,,,,,
GrayLeafSpot487,coconut-tree-disease,Dataset/Coconut Tree Disease Dataset/Gray Leaf Spot/GrayLeafSpot487.jpg,gls,2_foliar_disease,,,,0,,,,,
GrayLeafSpot488,coconut-tree-disease,Dataset/Coconut Tree Disease Dataset/Gray Leaf Spot/GrayLeafSpot488.jpg,gls,2_foliar_disease,,,,3,,,,,
GrayLeafSpot489,coconut-tree-disease,Dataset/Coconut Tree Disease Dataset/Gray Leaf Spot/GrayLeafSpot489.jpg,gls,2_foliar_disease,,,,2,,,,,
GrayLeafSpot490,coconut-tree-disease,Dataset/Coconut Tree Disease Dataset/Gray Leaf Spot/GrayLeafSpot490.jpg,gls,2_foliar_disease,,,,0,,,,,
GrayLeafSpot491,coconut-tree-disease,Dataset/Coconut Tree Disease Dataset/Gray Leaf Spot/GrayLeafSpot491.jpg,gls,2_foliar_disease,,,,3,,,,,
GrayLeafSpot492,coconut-tree-disease,Dataset/Coconut Tree Disease Dataset/Gray Leaf Spot/GrayLeafSpot492.jpg,gls,2_foliar_disease,,,,1,,,,,
GrayLeafSpot493,coconut-tree-disease,Dataset/Coconut Tree Disease Dataset/Gray Leaf Spot/GrayLeafSpot493.jpg,gls,2_foliar_disease,,,,0,,,,,
GrayLeafSpot494,coconut-tree-disease,Dataset/Coconut Tree Disease Dataset/Gray Leaf Spot/GrayLeafSpot494.jpg,gls,2_foliar_disease,,,,0,,,,,
GrayLeafSpot495,coconut-tree-disease,Dataset/Coconut Tree Disease Dataset/Gray Leaf Spot/GrayLeafSpot495.jpg,gls,2_foliar_disease,,,,2,,,,,
GrayLeafSpot496,coconut-tree-disease,Dataset/Coconut Tree Disease Dataset/Gray Leaf Spot/GrayLeafSpot496.jpg,gls,2_foliar_disease,,,,2,,,,,
GrayLeafSpot497,coconut-tree-disease,Dataset/Coconut Tree Disease Dataset/Gray Leaf Spot/GrayLeafSpot497.jpg,gls,2_foliar_disease,,,,1,,,,,
GrayLeafSpot498,coconut-tree-disease,Dataset/Coconut Tree Disease Dataset/Gray Leaf Spot/GrayLeafSpot498.jpg,gls,2_foliar_disease,,,,4,,,,,
GrayLeafSpot499,coconut-tree-disease,Dataset/Coconut Tree Disease Dataset/Gray Leaf Spot/GrayLeafSpot499.jpg,gls,2_foliar_disease,,,,0,,,,,
GrayLeafSpot500,coconut-tree-disease,Dataset/Coconut Tree Disease Dataset/Gray Leaf Spot/GrayLeafSpot500.jpg,gls,2_foliar_disease,,,,1,,,,,
GrayLeafSpot501,coconut-tree-disease,Dataset/Coconut Tree Disease Dataset/Gray Leaf Spot/GrayLeafSpot501.jpg,gls,2_foliar_disease,,,,3,,,,,
GrayLeafSpot502,coconut-tree-disease,Dataset/Coconut Tree Disease Dataset/Gray Leaf Spot/GrayLeafSpot502.jpg,gls,2_foliar_disease,,,,2,,,,,
GrayLeafSpot503,coconut-tree-disease,Dataset/Coconut Tree Disease Dataset/Gray Leaf Spot/GrayLeafSpot503.jpg,gls,2_foliar_disease,,,,1,,,,,
GrayLeafSpot504,coconut-tree-disease,Dataset/Coconut Tree Disease Dataset/Gray Leaf Spot/GrayLeafSpot504.jpg,gls,2_foliar_disease,,,,3,,,,,
GrayLeafSpot505,coconut-tree-disease,Dataset/Coconut Tree Disease Dataset/Gray Leaf Spot/GrayLeafSpot505.jpg,gls,2_foliar_disease,,,,3,,,,,
GrayLeafSpot506,coconut-tree-disease,Dataset/Coconut Tree Disease Dataset/Gray Leaf Spot/GrayLeafSpot506.jpg,gls,2_foliar_disease,,,,4,,,,,
GrayLeafSpot507,coconut-tree-disease,Dataset/Coconut Tree Disease Dataset/Gray Leaf Spot/GrayLeafSpot507.jpg,gls,2_foliar_disease,,,,2,,,,,
GrayLeafSpot508,coconut-tree-disease,Dataset/Coconut Tree Disease Dataset/Gray Leaf Spot/GrayLeafSpot508.jpg,gls,2_foliar_disease,,,,1,,,,,
GrayLeafSpot509,coconut-tree-disease,Dataset/Coconut Tree Disease Dataset/Gray Leaf Spot/GrayLeafSpot509.jpg,gls,2_foliar_disease,,,,3,,,,,
GrayLeafSpot510,coconut-tree-disease,Dataset/Coconut Tree Disease Dataset/Gray Leaf Spot/GrayLeafSpot510.jpg,gls,2_foliar_disease,,,,4,,,,,
GrayLeafSpot511,coconut-tree-disease,Dataset/Coconut Tree Disease Dataset/Gray Leaf Spot/GrayLeafSpot511.jpg,gls,2_foliar_disease,,,,0,,,,,
GrayLeafSpot512,coconut-tree-disease,Dataset/Coconut Tree Disease Dataset/Gray Leaf Spot/GrayLeafSpot512.jpg,gls,2_foliar_disease,,,,2,,,,,
GrayLeafSpot513,coconut-tree-disease,Dataset/Coconut Tree Disease Dataset/Gray Leaf Spot/GrayLeafSpot513.jpg,gls,2_foliar_disease,,,,4,,,,,
GrayLeafSpot514,coconut-tree-disease,Dataset/Coconut Tree Disease Dataset/Gray Leaf Spot/GrayLeafSpot514.jpg,gls,2_foliar_disease,,,,4,,,,,
GrayLeafSpot515,coconut-tree-disease,Dataset/Coconut Tree Disease Dataset/Gray Leaf Spot/GrayLeafSpot515.jpg,gls,2_foliar_disease,,,,1,,,,,
GrayLeafSpot516,coconut-tree-disease,Dataset/Coconut Tree Disease Dataset/Gray Leaf Spot/GrayLeafSpot516.jpg,gls,2_foliar_disease,,,,4,,,,,
GrayLeafSpot517,coconut-tree-disease,Dataset/Coconut Tree Disease Dataset/Gray Leaf Spot/GrayLeafSpot517.jpg,gls,2_foliar_disease,,,,2,,,,,
GrayLeafSpot518,coconut-tree-disease,Dataset/Coconut Tree Disease Dataset/Gray Leaf Spot/GrayLeafSpot518.jpg,gls,2_foliar_disease,,,,4,,,,,
GrayLeafSpot519,coconut-tree-disease,Dataset/Coconut Tree Disease Dataset/Gray Leaf Spot/GrayLeafSpot519.jpg,gls,2_foliar_disease,,,,3,,,,,
GrayLeafSpot520,coconut-tree-disease,Dataset/Coconut Tree Disease Dataset/Gray Leaf Spot/GrayLeafSpot520.jpg,gls,2_foliar_disease,,,,3,,,,,
GrayLeafSpot521,coconut-tree-disease,Dataset/Coconut Tree Disease Dataset/Gray Leaf Spot/GrayLeafSpot521.jpg,gls,2_foliar_disease,,,,4,,,,,
GrayLeafSpot522,coconut-tree-disease,Dataset/Coconut Tree Disease Dataset/Gray Leaf Spot/GrayLeafSpot522.jpg,gls,2_foliar_disease,,,,4,,,,,
GrayLeafSpot523,coconut-tree-disease,Dataset/Coconut Tree Disease Dataset/Gray Leaf Spot/GrayLeafSpot523.jpg,gls,2_foliar_disease,,,,1,,,,,
GrayLeafSpot524,coconut-tree-disease,Dataset/Coconut Tree Disease Dataset/Gray Leaf Spot/GrayLeafSpot524.jpg,gls,2_foliar_disease,,,,1,,,,,
GrayLeafSpot525,coconut-tree-disease,Dataset/Coconut Tree Disease Dataset/Gray Leaf Spot/GrayLeafSpot525.jpg,gls,2_foliar_disease,,,,0,,,,,
GrayLeafSpot526,coconut-tree-disease,Dataset/Coconut Tree Disease Dataset/Gray Leaf Spot/GrayLeafSpot526.jpg,gls,2_foliar_disease,,,,0,,,,,
GrayLeafSpot527,coconut-tree-disease,Dataset/Coconut Tree Disease Dataset/Gray Leaf Spot/GrayLeafSpot527.jpg,gls,2_foliar_disease,,,,3,,,,,
GrayLeafSpot528,coconut-tree-disease,Dataset/Coconut Tree Disease Dataset/Gray Leaf Spot/GrayLeafSpot528.jpg,gls,2_foliar_disease,,,,4,,,,,
GrayLeafSpot529,coconut-tree-disease,Dataset/Coconut Tree Disease Dataset/Gray Leaf Spot/GrayLeafSpot529.jpg,gls,2_foliar_disease,,,,1,,,,,
GrayLeafSpot530,coconut-tree-disease,Dataset/Coconut Tree Disease Dataset/Gray Leaf Spot/GrayLeafSpot530.jpg,gls,2_foliar_disease,,,,2,,,,,
GrayLeafSpot531,coconut-tree-disease,Dataset/Coconut Tree Disease Dataset/Gray Leaf Spot/GrayLeafSpot531.jpg,gls,2_foliar_disease,,,,3,,,,,
GrayLeafSpot532,coconut-tree-disease,Dataset/Coconut Tree Disease Dataset/Gray Leaf Spot/GrayLeafSpot532.jpg,gls,2_foliar_disease,,,,4,,,,,
GrayLeafSpot533,coconut-tree-disease,Dataset/Coconut Tree Disease Dataset/Gray Leaf Spot/GrayLeafSpot533.jpg,gls,2_foliar_disease,,,,4,,,,,
GrayLeafSpot534,coconut-tree-disease,Dataset/Coconut Tree Disease Dataset/Gray Leaf Spot/GrayLeafSpot534.jpg,gls,2_foliar_disease,,,,1,,,,,
GrayLeafSpot535,coconut-tree-disease,Dataset/Coconut Tree Disease Dataset/Gray Leaf Spot/GrayLeafSpot535.jpg,gls,2_foliar_disease,,,,1,,,,,
GrayLeafSpot536,coconut-tree-disease,Dataset/Coconut Tree Disease Dataset/Gray Leaf Spot/GrayLeafSpot536.jpg,gls,2_foliar_disease,,,,1,,,,,
GrayLeafSpot537,coconut-tree-disease,Dataset/Coconut Tree Disease Dataset/Gray Leaf Spot/GrayLeafSpot537.jpg,gls,2_foliar_disease,,,,4,,,,,
GrayLeafSpot538,coconut-tree-disease,Dataset/Coconut Tree Disease Dataset/Gray Leaf Spot/GrayLeafSpot538.jpg,gls,2_foliar_disease,,,,0,,,,,
GrayLeafSpot539,coconut-tree-disease,Dataset/Coconut Tree Disease Dataset/Gray Leaf Spot/GrayLeafSpot539.jpg,gls,2_foliar_disease,,,,0,,,,,
GrayLeafSpot540,coconut-tree-disease,Dataset/Coconut Tree Disease Dataset/Gray Leaf Spot/GrayLeafSpot540.jpg,gls,2_foliar_disease,,,,4,,,,,
GrayLeafSpot541,coconut-tree-disease,Dataset/Coconut Tree Disease Dataset/Gray Leaf Spot/GrayLeafSpot541.jpg,gls,2_foliar_disease,,,,1,,,,,
GrayLeafSpot542,coconut-tree-disease,Dataset/Coconut Tree Disease Dataset/Gray Leaf Spot/GrayLeafSpot542.jpg,gls,2_foliar_disease,,,,1,,,,,
GrayLeafSpot543,coconut-tree-disease,Dataset/Coconut Tree Disease Dataset/Gray Leaf Spot/GrayLeafSpot543.jpg,gls,2_foliar_disease,,,,3,,,,,
GrayLeafSpot544,coconut-tree-disease,Dataset/Coconut Tree Disease Dataset/Gray Leaf Spot/GrayLeafSpot544.jpg,gls,2_foliar_disease,,,,1,,,,,
GrayLeafSpot545,coconut-tree-disease,Dataset/Coconut Tree Disease Dataset/Gray Leaf Spot/GrayLeafSpot545.jpg,gls,2_foliar_disease,,,,4,,,,,
GrayLeafSpot546,coconut-tree-disease,Dataset/Coconut Tree Disease Dataset/Gray Leaf Spot/GrayLeafSpot546.jpg,gls,2_foliar_disease,,,,4,,,,,
GrayLeafSpot547,coconut-tree-disease,Dataset/Coconut Tree Disease Dataset/Gray Leaf Spot/GrayLeafSpot547.jpg,gls,2_foliar_disease,,,,2,,,,,
GrayLeafSpot548,coconut-tree-disease,Dataset/Coconut Tree Disease Dataset/Gray Leaf Spot/GrayLeafSpot548.jpg,gls,2_foliar_disease,,,,0,,,,,
GrayLeafSpot549,coconut-tree-disease,Dataset/Coconut Tree Disease Dataset/Gray Leaf Spot/GrayLeafSpot549.jpg,gls,2_foliar_disease,,,,0,,,,,
GrayLeafSpot550,coconut-tree-disease,Dataset/Coconut Tree Disease Dataset/Gray Leaf Spot/GrayLeafSpot550.jpg,gls,2_foliar_disease,,,,2,,,,,
GrayLeafSpot551,coconut-tree-disease,Dataset/Coconut Tree Disease Dataset/Gray Leaf Spot/GrayLeafSpot551.jpg,gls,2_foliar_disease,,,,4,,,,,
GrayLeafSpot552,coconut-tree-disease,Dataset/Coconut Tree Disease Dataset/Gray Leaf Spot/GrayLeafSpot552.jpg,gls,2_foliar_disease,,,,3,,,,,
GrayLeafSpot553,coconut-tree-disease,Dataset/Coconut Tree Disease Dataset/Gray Leaf Spot/GrayLeafSpot553.jpg,gls,2_foliar_disease,,,,2,,,,,
GrayLeafSpot554,coconut-tree-disease,Dataset/Coconut Tree Disease Dataset/Gray Leaf Spot/GrayLeafSpot554.jpg,gls,2_foliar_disease,,,,4,,,,,
GrayLeafSpot555,coconut-tree-disease,Dataset/Coconut Tree Disease Dataset/Gray Leaf Spot/GrayLeafSpot555.jpg,gls,2_foliar_disease,,,,3,,,,,
GrayLeafSpot556,coconut-tree-disease,Dataset/Coconut Tree Disease Dataset/Gray Leaf Spot/GrayLeafSpot556.jpg,gls,2_foliar_disease,,,,4,,,,,
GrayLeafSpot557,coconut-tree-disease,Dataset/Coconut Tree Disease Dataset/Gray Leaf Spot/GrayLeafSpot557.jpg,gls,2_foliar_disease,,,,2,,,,,
GrayLeafSpot558,coconut-tree-disease,Dataset/Coconut Tree Disease Dataset/Gray Leaf Spot/GrayLeafSpot558.jpg,gls,2_foliar_disease,,,,1,,,,,
GrayLeafSpot559,coconut-tree-disease,Dataset/Coconut Tree Disease Dataset/Gray Leaf Spot/GrayLeafSpot559.jpg,gls,2_foliar_disease,,,,1,,,,,
GrayLeafSpot560,coconut-tree-disease,Dataset/Coconut Tree Disease Dataset/Gray Leaf Spot/GrayLeafSpot560.jpg,gls,2_foliar_disease,,,,3,,,,,
GrayLeafSpot561,coconut-tree-disease,Dataset/Coconut Tree Disease Dataset/Gray Leaf Spot/GrayLeafSpot561.jpg,gls,2_foliar_disease,,,,4,,,,,
GrayLeafSpot562,coconut-tree-disease,Dataset/Coconut Tree Disease Dataset/Gray Leaf Spot/GrayLeafSpot562.jpg,gls,2_foliar_disease,,,,0,,,,,
GrayLeafSpot563,coconut-tree-disease,Dataset/Coconut Tree Disease Dataset/Gray Leaf Spot/GrayLeafSpot563.jpg,gls,2_foliar_disease,,,,2,,,,,
GrayLeafSpot564,coconut-tree-disease,Dataset/Coconut Tree Disease Dataset/Gray Leaf Spot/GrayLeafSpot564.jpg,gls,2_foliar_disease,,,,0,,,,,
GrayLeafSpot565,coconut-tree-disease,Dataset/Coconut Tree Disease Dataset/Gray Leaf Spot/GrayLeafSpot565.jpg,gls,2_foliar_disease,,,,1,,,,,
GrayLeafSpot566,coconut-tree-disease,Dataset/Coconut Tree Disease Dataset/Gray Leaf Spot/GrayLeafSpot566.jpg,gls,2_foliar_disease,,,,1,,,,,
GrayLeafSpot567,coconut-tree-disease,Dataset/Coconut Tree Disease Dataset/Gray Leaf Spot/GrayLeafSpot567.jpg,gls,2_foliar_disease,,,,3,,,,,
GrayLeafSpot568,coconut-tree-disease,Dataset/Coconut Tree Disease Dataset/Gray Leaf Spot/GrayLeafSpot568.jpg,gls,2_foliar_disease,,,,0,,,,,
GrayLeafSpot569,coconut-tree-disease,Dataset/Coconut Tree Disease Dataset/Gray Leaf Spot/GrayLeafSpot569.jpg,gls,2_foliar_disease,,,,0,,,,,
GrayLeafSpot570,coconut-tree-disease,Dataset/Coconut Tree Disease Dataset/Gray Leaf Spot/GrayLeafSpot570.jpg,gls,2_foliar_disease,,,,3,,,,,
GrayLeafSpot571,coconut-tree-disease,Dataset/Coconut Tree Disease Dataset/Gray Leaf Spot/GrayLeafSpot571.jpg,gls,2_foliar_disease,,,,0,,,,,
GrayLeafSpot572,coconut-tree-disease,Dataset/Coconut Tree Disease Dataset/Gray Leaf Spot/GrayLeafSpot572.jpg,gls,2_foliar_disease,,,,1,,,,,
GrayLeafSpot573,coconut-tree-disease,Dataset/Coconut Tree Disease Dataset/Gray Leaf Spot/GrayLeafSpot573.jpg,gls,2_foliar_disease,,,,0,,,,,
GrayLeafSpot574,coconut-tree-disease,Dataset/Coconut Tree Disease Dataset/Gray Leaf Spot/GrayLeafSpot574.jpg,gls,2_foliar_disease,,,,0,,,,,
GrayLeafSpot575,coconut-tree-disease,Dataset/Coconut Tree Disease Dataset/Gray Leaf Spot/GrayLeafSpot575.jpg,gls,2_foliar_disease,,,,3,,,,,
GrayLeafSpot576,coconut-tree-disease,Dataset/Coconut Tree Disease Dataset/Gray Leaf Spot/GrayLeafSpot576.jpg,gls,2_foliar_disease,,,,0,,,,,
GrayLeafSpot577,coconut-tree-disease,Dataset/Coconut Tree Disease Dataset/Gray Leaf Spot/GrayLeafSpot577.jpg,gls,2_foliar_disease,,,,2,,,,,
GrayLeafSpot578,coconut-tree-disease,Dataset/Coconut Tree Disease Dataset/Gray Leaf Spot/GrayLeafSpot578.jpg,gls,2_foliar_disease,,,,2,,,,,
GrayLeafSpot579,coconut-tree-disease,Dataset/Coconut Tree Disease Dataset/Gray Leaf Spot/GrayLeafSpot579.jpg,gls,2_foliar_disease,,,,0,,,,,
GrayLeafSpot580,coconut-tree-disease,Dataset/Coconut Tree Disease Dataset/Gray Leaf Spot/GrayLeafSpot580.jpg,gls,2_foliar_disease,,,,0,,,,,
GrayLeafSpot581,coconut-tree-disease,Dataset/Coconut Tree Disease Dataset/Gray Leaf Spot/GrayLeafSpot581.jpg,gls,2_foliar_disease,,,,0,,,,,
GrayLeafSpot582,coconut-tree-disease,Dataset/Coconut Tree Disease Dataset/Gray Leaf Spot/GrayLeafSpot582.jpg,gls,2_foliar_disease,,,,3,,,,,
GrayLeafSpot583,coconut-tree-disease,Dataset/Coconut Tree Disease Dataset/Gray Leaf Spot/GrayLeafSpot583.jpg,gls,2_foliar_disease,,,,2,,,,,
GrayLeafSpot584,coconut-tree-disease,Dataset/Coconut Tree Disease Dataset/Gray Leaf Spot/GrayLeafSpot584.jpg,gls,2_foliar_disease,,,,1,,,,,
GrayLeafSpot585,coconut-tree-disease,Dataset/Coconut Tree Disease Dataset/Gray Leaf Spot/GrayLeafSpot585.jpg,gls,2_foliar_disease,,,,0,,,,,
GrayLeafSpot586,coconut-tree-disease,Dataset/Coconut Tree Disease Dataset/Gray Leaf Spot/GrayLeafSpot586.jpg,gls,2_foliar_disease,,,,1,,,,,
GrayLeafSpot587,coconut-tree-disease,Dataset/Coconut Tree Disease Dataset/Gray Leaf Spot/GrayLeafSpot587.jpg,gls,2_foliar_disease,,,,0,,,,,
GrayLeafSpot588,coconut-tree-disease,Dataset/Coconut Tree Disease Dataset/Gray Leaf Spot/GrayLeafSpot588.jpg,gls,2_foliar_disease,,,,2,,,,,
GrayLeafSpot589,coconut-tree-disease,Dataset/Coconut Tree Disease Dataset/Gray Leaf Spot/GrayLeafSpot589.jpg,gls,2_foliar_disease,,,,2,,,,,
GrayLeafSpot590,coconut-tree-disease,Dataset/Coconut Tree Disease Dataset/Gray Leaf Spot/GrayLeafSpot590.jpg,gls,2_foliar_disease,,,,2,,,,,
GrayLeafSpot591,coconut-tree-disease,Dataset/Coconut Tree Disease Dataset/Gray Leaf Spot/GrayLeafSpot591.jpg,gls,2_foliar_disease,,,,4,,,,,
GrayLeafSpot592,coconut-tree-disease,Dataset/Coconut Tree Disease Dataset/Gray Leaf Spot/GrayLeafSpot592.jpg,gls,2_foliar_disease,,,,2,,,,,
GrayLeafSpot593,coconut-tree-disease,Dataset/Coconut Tree Disease Dataset/Gray Leaf Spot/GrayLeafSpot593.jpg,gls,2_foliar_disease,,,,0,,,,,
GrayLeafSpot594,coconut-tree-disease,Dataset/Coconut Tree Disease Dataset/Gray Leaf Spot/GrayLeafSpot594.jpg,gls,2_foliar_disease,,,,3,,,,,
GrayLeafSpot595,coconut-tree-disease,Dataset/Coconut Tree Disease Dataset/Gray Leaf Spot/GrayLeafSpot595.jpg,gls,2_foliar_disease,,,,4,,,,,
GrayLeafSpot596,coconut-tree-disease,Dataset/Coconut Tree Disease Dataset/Gray Leaf Spot/GrayLeafSpot596.jpg,gls,2_foliar_disease,,,,3,,,,,
GrayLeafSpot597,coconut-tree-disease,Dataset/Coconut Tree Disease Dataset/Gray Leaf Spot/GrayLeafSpot597.jpg,gls,2_foliar_disease,,,,4,,,,,
GrayLeafSpot598,coconut-tree-disease,Dataset/Coconut Tree Disease Dataset/Gray Leaf Spot/GrayLeafSpot598.jpg,gls,2_foliar_disease,,,,3,,,,,
GrayLeafSpot599,coconut-tree-disease,Dataset/Coconut Tree Disease Dataset/Gray Leaf Spot/GrayLeafSpot599.jpg,gls,2_foliar_disease,,,,2,,,,,
GrayLeafSpot600,coconut-tree-disease,Dataset/Coconut Tree Disease Dataset/Gray Leaf Spot/GrayLeafSpot600.jpg,gls,2_foliar_disease,,,,0,,,,,
GrayLeafSpot601,coconut-tree-disease,Dataset/Coconut Tree Disease Dataset/Gray Leaf Spot/GrayLeafSpot601.jpg,gls,2_foliar_disease,,,,3,,,,,
GrayLeafSpot602,coconut-tree-disease,Dataset/Coconut Tree Disease Dataset/Gray Leaf Spot/GrayLeafSpot602.jpg,gls,2_foliar_disease,,,,3,,,,,
GrayLeafSpot603,coconut-tree-disease,Dataset/Coconut Tree Disease Dataset/Gray Leaf Spot/GrayLeafSpot603.jpg,gls,2_foliar_disease,,,,1,,,,,
GrayLeafSpot604,coconut-tree-disease,Dataset/Coconut Tree Disease Dataset/Gray Leaf Spot/GrayLeafSpot604.jpg,gls,2_foliar_disease,,,,1,,,,,
GrayLeafSpot605,coconut-tree-disease,Dataset/Coconut Tree Disease Dataset/Gray Leaf Spot/GrayLeafSpot605.jpg,gls,2_foliar_disease,,,,2,,,,,
GrayLeafSpot606,coconut-tree-disease,Dataset/Coconut Tree Disease Dataset/Gray Leaf Spot/GrayLeafSpot606.jpg,gls,2_foliar_disease,,,,3,,,,,
GrayLeafSpot607,coconut-tree-disease,Dataset/Coconut Tree Disease Dataset/Gray Leaf Spot/GrayLeafSpot607.jpg,gls,2_foliar_disease,,,,1,,,,,
GrayLeafSpot608,coconut-tree-disease,Dataset/Coconut Tree Disease Dataset/Gray Leaf Spot/GrayLeafSpot608.jpg,gls,2_foliar_disease,,,,4,,,,,
GrayLeafSpot609,coconut-tree-disease,Dataset/Coconut Tree Disease Dataset/Gray Leaf Spot/GrayLeafSpot609.jpg,gls,2_foliar_disease,,,,4,,,,,
GrayLeafSpot610,coconut-tree-disease,Dataset/Coconut Tree Disease Dataset/Gray Leaf Spot/GrayLeafSpot610.jpg,gls,2_foliar_disease,,,,0,,,,,
GrayLeafSpot611,coconut-tree-disease,Dataset/Coconut Tree Disease Dataset/Gray Leaf Spot/GrayLeafSpot611.jpg,gls,2_foliar_disease,,,,3,,,,,
GrayLeafSpot612,coconut-tree-disease,Dataset/Coconut Tree Disease Dataset/Gray Leaf Spot/GrayLeafSpot612.jpg,gls,2_foliar_disease,,,,4,,,,,
GrayLeafSpot613,coconut-tree-disease,Dataset/Coconut Tree Disease Dataset/Gray Leaf Spot/GrayLeafSpot613.jpg,gls,2_foliar_disease,,,,2,,,,,
GrayLeafSpot614,coconut-tree-disease,Dataset/Coconut Tree Disease Dataset/Gray Leaf Spot/GrayLeafSpot614.jpg,gls,2_foliar_disease,,,,1,,,,,
GrayLeafSpot615,coconut-tree-disease,Dataset/Coconut Tree Disease Dataset/Gray Leaf Spot/GrayLeafSpot615.jpg,gls,2_foliar_disease,,,,1,,,,,
GrayLeafSpot616,coconut-tree-disease,Dataset/Coconut Tree Disease Dataset/Gray Leaf Spot/GrayLeafSpot616.jpg,gls,2_foliar_disease,,,,2,,,,,
GrayLeafSpot617,coconut-tree-disease,Dataset/Coconut Tree Disease Dataset/Gray Leaf Spot/GrayLeafSpot617.jpg,gls,2_foliar_disease,,,,0,,,,,
GrayLeafSpot618,coconut-tree-disease,Dataset/Coconut Tree Disease Dataset/Gray Leaf Spot/GrayLeafSpot618.jpg,gls,2_foliar_disease,,,,3,,,,,
GrayLeafSpot619,coconut-tree-disease,Dataset/Coconut Tree Disease Dataset/Gray Leaf Spot/GrayLeafSpot619.jpg,gls,2_foliar_disease,,,,0,,,,,
GrayLeafSpot620,coconut-tree-disease,Dataset/Coconut Tree Disease Dataset/Gray Leaf Spot/GrayLeafSpot620.jpg,gls,2_foliar_disease,,,,1,,,,,
GrayLeafSpot621,coconut-tree-disease,Dataset/Coconut Tree Disease Dataset/Gray Leaf Spot/GrayLeafSpot621.jpg,gls,2_foliar_disease,,,,0,,,,,
GrayLeafSpot622,coconut-tree-disease,Dataset/Coconut Tree Disease Dataset/Gray Leaf Spot/GrayLeafSpot622.jpg,gls,2_foliar_disease,,,,1,,,,,
GrayLeafSpot623,coconut-tree-disease,Dataset/Coconut Tree Disease Dataset/Gray Leaf Spot/GrayLeafSpot623.jpg,gls,2_foliar_disease,,,,1,,,,,
GrayLeafSpot624,coconut-tree-disease,Dataset/Coconut Tree Disease Dataset/Gray Leaf Spot/GrayLeafSpot624.jpg,gls,2_foliar_disease,,,,4,,,,,
GrayLeafSpot625,coconut-tree-disease,Dataset/Coconut Tree Disease Dataset/Gray Leaf Spot/GrayLeafSpot625.jpg,gls,2_foliar_disease,,,,1,,,,,
GrayLeafSpot626,coconut-tree-disease,Dataset/Coconut Tree Disease Dataset/Gray Leaf Spot/GrayLeafSpot626.jpg,gls,2_foliar_disease,,,,1,,,,,
GrayLeafSpot627,coconut-tree-disease,Dataset/Coconut Tree Disease Dataset/Gray Leaf Spot/GrayLeafSpot627.jpg,gls,2_foliar_disease,,,,2,,,,,
GrayLeafSpot628,coconut-tree-disease,Dataset/Coconut Tree Disease Dataset/Gray Leaf Spot/GrayLeafSpot628.jpg,gls,2_foliar_disease,,,,4,,,,,
GrayLeafSpot629,coconut-tree-disease,Dataset/Coconut Tree Disease Dataset/Gray Leaf Spot/GrayLeafSpot629.jpg,gls,2_foliar_disease,,,,0,,,,,
GrayLeafSpot630,coconut-tree-disease,Dataset/Coconut Tree Disease Dataset/Gray Leaf Spot/GrayLeafSpot630.jpg,gls,2_foliar_disease,,,,3,,,,,
GrayLeafSpot631,coconut-tree-disease,Dataset/Coconut Tree Disease Dataset/Gray Leaf Spot/GrayLeafSpot631.jpg,gls,2_foliar_disease,,,,2,,,,,
GrayLeafSpot632,coconut-tree-disease,Dataset/Coconut Tree Disease Dataset/Gray Leaf Spot/GrayLeafSpot632.jpg,gls,2_foliar_disease,,,,3,,,,,
GrayLeafSpot633,coconut-tree-disease,Dataset/Coconut Tree Disease Dataset/Gray Leaf Spot/GrayLeafSpot633.jpg,gls,2_foliar_disease,,,,1,,,,,
GrayLeafSpot634,coconut-tree-disease,Dataset/Coconut Tree Disease Dataset/Gray Leaf Spot/GrayLeafSpot634.jpg,gls,2_foliar_disease,,,,1,,,,,
GrayLeafSpot635,coconut-tree-disease,Dataset/Coconut Tree Disease Dataset/Gray Leaf Spot/GrayLeafSpot635.jpg,gls,2_foliar_disease,,,,4,,,,,
GrayLeafSpot636,coconut-tree-disease,Dataset/Coconut Tree Disease Dataset/Gray Leaf Spot/GrayLeafSpot636.jpg,gls,2_foliar_disease,,,,4,,,,,
GrayLeafSpot637,coconut-tree-disease,Dataset/Coconut Tree Disease Dataset/Gray Leaf Spot/GrayLeafSpot637.jpg,gls,2_foliar_disease,,,,0,,,,,
GrayLeafSpot638,coconut-tree-disease,Dataset/Coconut Tree Disease Dataset/Gray Leaf Spot/GrayLeafSpot638.jpg,gls,2_foliar_disease,,,,0,,,,,
GrayLeafSpot639,coconut-tree-disease,Dataset/Coconut Tree Disease Dataset/Gray Leaf Spot/GrayLeafSpot639.jpg,gls,2_foliar_disease,,,,2,,,,,
GrayLeafSpot640,coconut-tree-disease,Dataset/Coconut Tree Disease Dataset/Gray Leaf Spot/GrayLeafSpot640.jpg,gls,2_foliar_disease,,,,1,,,,,
GrayLeafSpot641,coconut-tree-disease,Dataset/Coconut Tree Disease Dataset/Gray Leaf Spot/GrayLeafSpot641.jpg,gls,2_foliar_disease,,,,2,,,,,
GrayLeafSpot642,coconut-tree-disease,Dataset/Coconut Tree Disease Dataset/Gray Leaf Spot/GrayLeafSpot642.jpg,gls,2_foliar_disease,,,,4,,,,,
GrayLeafSpot643,coconut-tree-disease,Dataset/Coconut Tree Disease Dataset/Gray Leaf Spot/GrayLeafSpot643.jpg,gls,2_foliar_disease,,,,2,,,,,
GrayLeafSpot644,coconut-tree-disease,Dataset/Coconut Tree Disease Dataset/Gray Leaf Spot/GrayLeafSpot644.jpg,gls,2_foliar_disease,,,,1,,,,,
GrayLeafSpot645,coconut-tree-disease,Dataset/Coconut Tree Disease Dataset/Gray Leaf Spot/GrayLeafSpot645.jpg,gls,2_foliar_disease,,,,1,,,,,
GrayLeafSpot646,coconut-tree-disease,Dataset/Coconut Tree Disease Dataset/Gray Leaf Spot/GrayLeafSpot646.jpg,gls,2_foliar_disease,,,,1,,,,,
GrayLeafSpot647,coconut-tree-disease,Dataset/Coconut Tree Disease Dataset/Gray Leaf Spot/GrayLeafSpot647.jpg,gls,2_foliar_disease,,,,1,,,,,
GrayLeafSpot648,coconut-tree-disease,Dataset/Coconut Tree Disease Dataset/Gray Leaf Spot/GrayLeafSpot648.jpg,gls,2_foliar_disease,,,,3,,,,,
GrayLeafSpot649,coconut-tree-disease,Dataset/Coconut Tree Disease Dataset/Gray Leaf Spot/GrayLeafSpot649.jpg,gls,2_foliar_disease,,,,3,,,,,
GrayLeafSpot650,coconut-tree-disease,Dataset/Coconut Tree Disease Dataset/Gray Leaf Spot/GrayLeafSpot650.jpg,gls,2_foliar_disease,,,,1,,,,,
GrayLeafSpot651,coconut-tree-disease,Dataset/Coconut Tree Disease Dataset/Gray Leaf Spot/GrayLeafSpot651.jpg,gls,2_foliar_disease,,,,1,,,,,
GrayLeafSpot652,coconut-tree-disease,Dataset/Coconut Tree Disease Dataset/Gray Leaf Spot/GrayLeafSpot652.jpg,gls,2_foliar_disease,,,,1,,,,,
GrayLeafSpot653,coconut-tree-disease,Dataset/Coconut Tree Disease Dataset/Gray Leaf Spot/GrayLeafSpot653.jpg,gls,2_foliar_disease,,,,0,,,,,
GrayLeafSpot654,coconut-tree-disease,Dataset/Coconut Tree Disease Dataset/Gray Leaf Spot/GrayLeafSpot654.jpg,gls,2_foliar_disease,,,,3,,,,,
GrayLeafSpot655,coconut-tree-disease,Dataset/Coconut Tree Disease Dataset/Gray Leaf Spot/GrayLeafSpot655.jpg,gls,2_foliar_disease,,,,0,,,,,
GrayLeafSpot656,coconut-tree-disease,Dataset/Coconut Tree Disease Dataset/Gray Leaf Spot/GrayLeafSpot656.jpg,gls,2_foliar_disease,,,,4,,,,,
GrayLeafSpot657,coconut-tree-disease,Dataset/Coconut Tree Disease Dataset/Gray Leaf Spot/GrayLeafSpot657.jpg,gls,2_foliar_disease,,,,1,,,,,
GrayLeafSpot658,coconut-tree-disease,Dataset/Coconut Tree Disease Dataset/Gray Leaf Spot/GrayLeafSpot658.jpg,gls,2_foliar_disease,,,,0,,,,,
GrayLeafSpot659,coconut-tree-disease,Dataset/Coconut Tree Disease Dataset/Gray Leaf Spot/GrayLeafSpot659.jpg,gls,2_foliar_disease,,,,4,,,,,
GrayLeafSpot660,coconut-tree-disease,Dataset/Coconut Tree Disease Dataset/Gray Leaf Spot/GrayLeafSpot660.jpg,gls,2_foliar_disease,,,,1,,,,,
GrayLeafSpot661,coconut-tree-disease,Dataset/Coconut Tree Disease Dataset/Gray Leaf Spot/GrayLeafSpot661.jpg,gls,2_foliar_disease,,,,0,,,,,
GrayLeafSpot662,coconut-tree-disease,Dataset/Coconut Tree Disease Dataset/Gray Leaf Spot/GrayLeafSpot662.jpg,gls,2_foliar_disease,,,,2,,,,,
GrayLeafSpot663,coconut-tree-disease,Dataset/Coconut Tree Disease Dataset/Gray Leaf Spot/GrayLeafSpot663.jpg,gls,2_foliar_disease,,,,0,,,,,
GrayLeafSpot664,coconut-tree-disease,Dataset/Coconut Tree Disease Dataset/Gray Leaf Spot/GrayLeafSpot664.jpg,gls,2_foliar_disease,,,,1,,,,,
GrayLeafSpot665,coconut-tree-disease,Dataset/Coconut Tree Disease Dataset/Gray Leaf Spot/GrayLeafSpot665.jpg,gls,2_foliar_disease,,,,2,,,,,
GrayLeafSpot666,coconut-tree-disease,Dataset/Coconut Tree Disease Dataset/Gray Leaf Spot/GrayLeafSpot666.jpg,gls,2_foliar_disease,,,,2,,,,,
GrayLeafSpot667,coconut-tree-disease,Dataset/Coconut Tree Disease Dataset/Gray Leaf Spot/GrayLeafSpot667.jpg,gls,2_foliar_disease,,,,4,,,,,
GrayLeafSpot668,coconut-tree-disease,Dataset/Coconut Tree Disease Dataset/Gray Leaf Spot/GrayLeafSpot668.jpg,gls,2_foliar_disease,,,,2,,,,,
GrayLeafSpot669,coconut-tree-disease,Dataset/Coconut Tree Disease Dataset/Gray Leaf Spot/GrayLeafSpot669.jpg,gls,2_foliar_disease,,,,1,,,,,
GrayLeafSpot670,coconut-tree-disease,Dataset/Coconut Tree Disease Dataset/Gray Leaf Spot/GrayLeafSpot670.jpg,gls,2_foliar_disease,,,,0,,,,,
GrayLeafSpot671,coconut-tree-disease,Dataset/Coconut Tree Disease Dataset/Gray Leaf Spot/GrayLeafSpot671.jpg,gls,2_foliar_disease,,,,3,,,,,
GrayLeafSpot672,coconut-tree-disease,Dataset/Coconut Tree Disease Dataset/Gray Leaf Spot/GrayLeafSpot672.jpg,gls,2_foliar_disease,,,,1,,,,,
GrayLeafSpot673,coconut-tree-disease,Dataset/Coconut Tree Disease Dataset/Gray Leaf Spot/GrayLeafSpot673.jpg,gls,2_foliar_disease,,,,0,,,,,
GrayLeafSpot674,coconut-tree-disease,Dataset/Coconut Tree Disease Dataset/Gray Leaf Spot/GrayLeafSpot674.jpg,gls,2_foliar_disease,,,,1,,,,,
GrayLeafSpot675,coconut-tree-disease,Dataset/Coconut Tree Disease Dataset/Gray Leaf Spot/GrayLeafSpot675.jpg,gls,2_foliar_disease,,,,2,,,,,
GrayLeafSpot676,coconut-tree-disease,Dataset/Coconut Tree Disease Dataset/Gray Leaf Spot/GrayLeafSpot676.jpg,gls,2_foliar_disease,,,,4,,,,,
GrayLeafSpot677,coconut-tree-disease,Dataset/Coconut Tree Disease Dataset/Gray Leaf Spot/GrayLeafSpot677.jpg,gls,2_foliar_disease,,,,3,,,,,
GrayLeafSpot678,coconut-tree-disease,Dataset/Coconut Tree Disease Dataset/Gray Leaf Spot/GrayLeafSpot678.jpg,gls,2_foliar_disease,,,,2,,,,,
GrayLeafSpot679,coconut-tree-disease,Dataset/Coconut Tree Disease Dataset/Gray Leaf Spot/GrayLeafSpot679.jpg,gls,2_foliar_disease,,,,0,,,,,
GrayLeafSpot680,coconut-tree-disease,Dataset/Coconut Tree Disease Dataset/Gray Leaf Spot/GrayLeafSpot680.jpg,gls,2_foliar_disease,,,,1,,,,,
GrayLeafSpot681,coconut-tree-disease,Dataset/Coconut Tree Disease Dataset/Gray Leaf Spot/GrayLeafSpot681.jpg,gls,2_foliar_disease,,,,1,,,,,
GrayLeafSpot682,coconut-tree-disease,Dataset/Coconut Tree Disease Dataset/Gray Leaf Spot/GrayLeafSpot682.jpg,gls,2_foliar_disease,,,,0,,,,,
GrayLeafSpot683,coconut-tree-disease,Dataset/Coconut Tree Disease Dataset/Gray Leaf Spot/GrayLeafSpot683.jpg,gls,2_foliar_disease,,,,0,,,,,
GrayLeafSpot684,coconut-tree-disease,Dataset/Coconut Tree Disease Dataset/Gray Leaf Spot/GrayLeafSpot684.jpg,gls,2_foliar_disease,,,,2,,,,,
GrayLeafSpot685,coconut-tree-disease,Dataset/Coconut Tree Disease Dataset/Gray Leaf Spot/GrayLeafSpot685.jpg,gls,2_foliar_disease,,,,2,,,,,
GrayLeafSpot686,coconut-tree-disease,Dataset/Coconut Tree Disease Dataset/Gray Leaf Spot/GrayLeafSpot686.jpg,gls,2_foliar_disease,,,,1,,,,,
GrayLeafSpot687,coconut-tree-disease,Dataset/Coconut Tree Disease Dataset/Gray Leaf Spot/GrayLeafSpot687.jpg,gls,2_foliar_disease,,,,1,,,,,
GrayLeafSpot688,coconut-tree-disease,Dataset/Coconut Tree Disease Dataset/Gray Leaf Spot/GrayLeafSpot688.jpg,gls,2_foliar_disease,,,,2,,,,,
GrayLeafSpot689,coconut-tree-disease,Dataset/Coconut Tree Disease Dataset/Gray Leaf Spot/GrayLeafSpot689.jpg,gls,2_foliar_disease,,,,4,,,,,
GrayLeafSpot690,coconut-tree-disease,Dataset/Coconut Tree Disease Dataset/Gray Leaf Spot/GrayLeafSpot690.jpg,gls,2_foliar_disease,,,,3,,,,,
GrayLeafSpot691,coconut-tree-disease,Dataset/Coconut Tree Disease Dataset/Gray Leaf Spot/GrayLeafSpot691.jpg,gls,2_foliar_disease,,,,2,,,,,
GrayLeafSpot692,coconut-tree-disease,Dataset/Coconut Tree Disease Dataset/Gray Leaf Spot/GrayLeafSpot692.jpg,gls,2_foliar_disease,,,,0,,,,,
GrayLeafSpot693,coconut-tree-disease,Dataset/Coconut Tree Disease Dataset/Gray Leaf Spot/GrayLeafSpot693.jpg,gls,2_foliar_disease,,,,4,,,,,
GrayLeafSpot694,coconut-tree-disease,Dataset/Coconut Tree Disease Dataset/Gray Leaf Spot/GrayLeafSpot694.jpg,gls,2_foliar_disease,,,,3,,,,,
GrayLeafSpot695,coconut-tree-disease,Dataset/Coconut Tree Disease Dataset/Gray Leaf Spot/GrayLeafSpot695.jpg,gls,2_foliar_disease,,,,4,,,,,
GrayLeafSpot696,coconut-tree-disease,Dataset/Coconut Tree Disease Dataset/Gray Leaf Spot/GrayLeafSpot696.jpg,gls,2_foliar_disease,,,,3,,,,,
GrayLeafSpot697,coconut-tree-disease,Dataset/Coconut Tree Disease Dataset/Gray Leaf Spot/GrayLeafSpot697.jpg,gls,2_foliar_disease,,,,3,,,,,
GrayLeafSpot698,coconut-tree-disease,Dataset/Coconut Tree Disease Dataset/Gray Leaf Spot/GrayLeafSpot698.jpg,gls,2_foliar_disease,,,,0,,,,,
GrayLeafSpot699,coconut-tree-disease,Dataset/Coconut Tree Disease Dataset/Gray Leaf Spot/GrayLeafSpot699.jpg,gls,2_foliar_disease,,,,2,,,,,
GrayLeafSpot700,coconut-tree-disease,Dataset/Coconut Tree Disease Dataset/Gray Leaf Spot/GrayLeafSpot700.jpg,gls,2_foliar_disease,,,,2,,,,,
GrayLeafSpot701,coconut-tree-disease,Dataset/Coconut Tree Disease Dataset/Gray Leaf Spot/GrayLeafSpot701.jpg,gls,2_foliar_disease,,,,2,,,,,
GrayLeafSpot702,coconut-tree-disease,Dataset/Coconut Tree Disease Dataset/Gray Leaf Spot/GrayLeafSpot702.jpg,gls,2_foliar_disease,,,,0,,,,,
GrayLeafSpot703,coconut-tree-disease,Dataset/Coconut Tree Disease Dataset/Gray Leaf Spot/GrayLeafSpot703.jpg,gls,2_foliar_disease,,,,2,,,,,
GrayLeafSpot704,coconut-tree-disease,Dataset/Coconut Tree Disease Dataset/Gray Leaf Spot/GrayLeafSpot704.jpg,gls,2_foliar_disease,,,,0,,,,,
GrayLeafSpot705,coconut-tree-disease,Dataset/Coconut Tree Disease Dataset/Gray Leaf Spot/GrayLeafSpot705.jpg,gls,2_foliar_disease,,,,0,,,,,
GrayLeafSpot706,coconut-tree-disease,Dataset/Coconut Tree Disease Dataset/Gray Leaf Spot/GrayLeafSpot706.jpg,gls,2_foliar_disease,,,,4,,,,,
GrayLeafSpot707,coconut-tree-disease,Dataset/Coconut Tree Disease Dataset/Gray Leaf Spot/GrayLeafSpot707.jpg,gls,2_foliar_disease,,,,4,,,,,
GrayLeafSpot708,coconut-tree-disease,Dataset/Coconut Tree Disease Dataset/Gray Leaf Spot/GrayLeafSpot708.jpg,gls,2_foliar_disease,,,,0,,,,,
GrayLeafSpot709,coconut-tree-disease,Dataset/Coconut Tree Disease Dataset/Gray Leaf Spot/GrayLeafSpot709.jpg,gls,2_foliar_disease,,,,4,,,,,
GrayLeafSpot710,coconut-tree-disease,Dataset/Coconut Tree Disease Dataset/Gray Leaf Spot/GrayLeafSpot710.jpg,gls,2_foliar_disease,,,,1,,,,,
GrayLeafSpot711,coconut-tree-disease,Dataset/Coconut Tree Disease Dataset/Gray Leaf Spot/GrayLeafSpot711.jpg,gls,2_foliar_disease,,,,0,,,,,
GrayLeafSpot712,coconut-tree-disease,Dataset/Coconut Tree Disease Dataset/Gray Leaf Spot/GrayLeafSpot712.jpg,gls,2_foliar_disease,,,,4,,,,,
GrayLeafSpot713,coconut-tree-disease,Dataset/Coconut Tree Disease Dataset/Gray Leaf Spot/GrayLeafSpot713.jpg,gls,2_foliar_disease,,,,0,,,,,
GrayLeafSpot714,coconut-tree-disease,Dataset/Coconut Tree Disease Dataset/Gray Leaf Spot/GrayLeafSpot714.jpg,gls,2_foliar_disease,,,,2,,,,,
GrayLeafSpot715,coconut-tree-disease,Dataset/Coconut Tree Disease Dataset/Gray Leaf Spot/GrayLeafSpot715.jpg,gls,2_foliar_disease,,,,4,,,,,
GrayLeafSpot716,coconut-tree-disease,Dataset/Coconut Tree Disease Dataset/Gray Leaf Spot/GrayLeafSpot716.jpg,gls,2_foliar_disease,,,,2,,,,,
GrayLeafSpot717,coconut-tree-disease,Dataset/Coconut Tree Disease Dataset/Gray Leaf Spot/GrayLeafSpot717.jpg,gls,2_foliar_disease,,,,2,,,,,
GrayLeafSpot718,coconut-tree-disease,Dataset/Coconut Tree Disease Dataset/Gray Leaf Spot/GrayLeafSpot718.jpg,gls,2_foliar_disease,,,,1,,,,,
GrayLeafSpot719,coconut-tree-disease,Dataset/Coconut Tree Disease Dataset/Gray Leaf Spot/GrayLeafSpot719.jpg,gls,2_foliar_disease,,,,3,,,,,
GrayLeafSpot720,coconut-tree-disease,Dataset/Coconut Tree Disease Dataset/Gray Leaf Spot/GrayLeafSpot720.jpg,gls,2_foliar_disease,,,,2,,,,,
GrayLeafSpot721,coconut-tree-disease,Dataset/Coconut Tree Disease Dataset/Gray Leaf Spot/GrayLeafSpot721.jpg,gls,2_foliar_disease,,,,1,,,,,
GrayLeafSpot722,coconut-tree-disease,Dataset/Coconut Tree Disease Dataset/Gray Leaf Spot/GrayLeafSpot722.jpg,gls,2_foliar_disease,,,,0,,,,,
GrayLeafSpot723,coconut-tree-disease,Dataset/Coconut Tree Disease Dataset/Gray Leaf Spot/GrayLeafSpot723.jpg,gls,2_foliar_disease,,,,3,,,,,
GrayLeafSpot724,coconut-tree-disease,Dataset/Coconut Tree Disease Dataset/Gray Leaf Spot/GrayLeafSpot724.jpg,gls,2_foliar_disease,,,,3,,,,,
GrayLeafSpot725,coconut-tree-disease,Dataset/Coconut Tree Disease Dataset/Gray Leaf Spot/GrayLeafSpot725.jpg,gls,2_foliar_disease,,,,1,,,,,
GrayLeafSpot726,coconut-tree-disease,Dataset/Coconut Tree Disease Dataset/Gray Leaf Spot/GrayLeafSpot726.jpg,gls,2_foliar_disease,,,,4,,,,,
GrayLeafSpot727,coconut-tree-disease,Dataset/Coconut Tree Disease Dataset/Gray Leaf Spot/GrayLeafSpot727.jpg,gls,2_foliar_disease,,,,3,,,,,
GrayLeafSpot728,coconut-tree-disease,Dataset/Coconut Tree Disease Dataset/Gray Leaf Spot/GrayLeafSpot728.jpg,gls,2_foliar_disease,,,,3,,,,,
GrayLeafSpot729,coconut-tree-disease,Dataset/Coconut Tree Disease Dataset/Gray Leaf Spot/GrayLeafSpot729.jpg,gls,2_foliar_disease,,,,2,,,,,
GrayLeafSpot730,coconut-tree-disease,Dataset/Coconut Tree Disease Dataset/Gray Leaf Spot/GrayLeafSpot730.jpg,gls,2_foliar_disease,,,,1,,,,,
GrayLeafSpot731,coconut-tree-disease,Dataset/Coconut Tree Disease Dataset/Gray Leaf Spot/GrayLeafSpot731.jpg,gls,2_foliar_disease,,,,0,,,,,
GrayLeafSpot732,coconut-tree-disease,Dataset/Coconut Tree Disease Dataset/Gray Leaf Spot/GrayLeafSpot732.jpg,gls,2_foliar_disease,,,,3,,,,,
GrayLeafSpot733,coconut-tree-disease,Dataset/Coconut Tree Disease Dataset/Gray Leaf Spot/GrayLeafSpot733.jpg,gls,2_foliar_disease,,,,0,,,,,
GrayLeafSpot734,coconut-tree-disease,Dataset/Coconut Tree Disease Dataset/Gray Leaf Spot/GrayLeafSpot734.jpg,gls,2_foliar_disease,,,,3,,,,,
GrayLeafSpot735,coconut-tree-disease,Dataset/Coconut Tree Disease Dataset/Gray Leaf Spot/GrayLeafSpot735.jpg,gls,2_foliar_disease,,,,0,,,,,
GrayLeafSpot736,coconut-tree-disease,Dataset/Coconut Tree Disease Dataset/Gray Leaf Spot/GrayLeafSpot736.jpg,gls,2_foliar_disease,,,,0,,,,,
GrayLeafSpot737,coconut-tree-disease,Dataset/Coconut Tree Disease Dataset/Gray Leaf Spot/GrayLeafSpot737.jpg,gls,2_foliar_disease,,,,1,,,,,
GrayLeafSpot738,coconut-tree-disease,Dataset/Coconut Tree Disease Dataset/Gray Leaf Spot/GrayLeafSpot738.jpg,gls,2_foliar_disease,,,,0,,,,,
GrayLeafSpot739,coconut-tree-disease,Dataset/Coconut Tree Disease Dataset/Gray Leaf Spot/GrayLeafSpot739.jpg,gls,2_foliar_disease,,,,0,,,,,
GrayLeafSpot740,coconut-tree-disease,Dataset/Coconut Tree Disease Dataset/Gray Leaf Spot/GrayLeafSpot740.jpg,gls,2_foliar_disease,,,,2,,,,,
GrayLeafSpot741,coconut-tree-disease,Dataset/Coconut Tree Disease Dataset/Gray Leaf Spot/GrayLeafSpot741.jpg,gls,2_foliar_disease,,,,3,,,,,
GrayLeafSpot742,coconut-tree-disease,Dataset/Coconut Tree Disease Dataset/Gray Leaf Spot/GrayLeafSpot742.jpg,gls,2_foliar_disease,,,,1,,,,,
GrayLeafSpot743,coconut-tree-disease,Dataset/Coconut Tree Disease Dataset/Gray Leaf Spot/GrayLeafSpot743.jpg,gls,2_foliar_disease,,,,2,,,,,
GrayLeafSpot744,coconut-tree-disease,Dataset/Coconut Tree Disease Dataset/Gray Leaf Spot/GrayLeafSpot744.jpg,gls,2_foliar_disease,,,,3,,,,,
GrayLeafSpot745,coconut-tree-disease,Dataset/Coconut Tree Disease Dataset/Gray Leaf Spot/GrayLeafSpot745.jpg,gls,2_foliar_disease,,,,2,,,,,
GrayLeafSpot746,coconut-tree-disease,Dataset/Coconut Tree Disease Dataset/Gray Leaf Spot/GrayLeafSpot746.jpg,gls,2_foliar_disease,,,,3,,,,,
GrayLeafSpot747,coconut-tree-disease,Dataset/Coconut Tree Disease Dataset/Gray Leaf Spot/GrayLeafSpot747.jpg,gls,2_foliar_disease,,,,1,,,,,
GrayLeafSpot748,coconut-tree-disease,Dataset/Coconut Tree Disease Dataset/Gray Leaf Spot/GrayLeafSpot748.jpg,gls,2_foliar_disease,,,,2,,,,,
GrayLeafSpot749,coconut-tree-disease,Dataset/Coconut Tree Disease Dataset/Gray Leaf Spot/GrayLeafSpot749.jpg,gls,2_foliar_disease,,,,0,,,,,
GrayLeafSpot750,coconut-tree-disease,Dataset/Coconut Tree Disease Dataset/Gray Leaf Spot/GrayLeafSpot750.jpg,gls,2_foliar_disease,,,,4,,,,,
GrayLeafSpot751,coconut-tree-disease,Dataset/Coconut Tree Disease Dataset/Gray Leaf Spot/GrayLeafSpot751.jpg,gls,2_foliar_disease,,,,0,,,,,
GrayLeafSpot752,coconut-tree-disease,Dataset/Coconut Tree Disease Dataset/Gray Leaf Spot/GrayLeafSpot752.jpg,gls,2_foliar_disease,,,,2,,,,,
GrayLeafSpot753,coconut-tree-disease,Dataset/Coconut Tree Disease Dataset/Gray Leaf Spot/GrayLeafSpot753.jpg,gls,2_foliar_disease,,,,2,,,,,
GrayLeafSpot754,coconut-tree-disease,Dataset/Coconut Tree Disease Dataset/Gray Leaf Spot/GrayLeafSpot754.jpg,gls,2_foliar_disease,,,,2,,,,,
GrayLeafSpot755,coconut-tree-disease,Dataset/Coconut Tree Disease Dataset/Gray Leaf Spot/GrayLeafSpot755.jpg,gls,2_foliar_disease,,,,4,,,,,
GrayLeafSpot756,coconut-tree-disease,Dataset/Coconut Tree Disease Dataset/Gray Leaf Spot/GrayLeafSpot756.jpg,gls,2_foliar_disease,,,,3,,,,,
GrayLeafSpot757,coconut-tree-disease,Dataset/Coconut Tree Disease Dataset/Gray Leaf Spot/GrayLeafSpot757.jpg,gls,2_foliar_disease,,,,3,,,,,
GrayLeafSpot758,coconut-tree-disease,Dataset/Coconut Tree Disease Dataset/Gray Leaf Spot/GrayLeafSpot758.jpg,gls,2_foliar_disease,,,,3,,,,,
GrayLeafSpot759,coconut-tree-disease,Dataset/Coconut Tree Disease Dataset/Gray Leaf Spot/GrayLeafSpot759.jpg,gls,2_foliar_disease,,,,4,,,,,
GrayLeafSpot760,coconut-tree-disease,Dataset/Coconut Tree Disease Dataset/Gray Leaf Spot/GrayLeafSpot760.jpg,gls,2_foliar_disease,,,,2,,,,,
GrayLeafSpot761,coconut-tree-disease,Dataset/Coconut Tree Disease Dataset/Gray Leaf Spot/GrayLeafSpot761.jpg,gls,2_foliar_disease,,,,4,,,,,
GrayLeafSpot762,coconut-tree-disease,Dataset/Coconut Tree Disease Dataset/Gray Leaf Spot/GrayLeafSpot762.jpg,gls,2_foliar_disease,,,,2,,,,,
GrayLeafSpot763,coconut-tree-disease,Dataset/Coconut Tree Disease Dataset/Gray Leaf Spot/GrayLeafSpot763.jpg,gls,2_foliar_disease,,,,0,,,,,
GrayLeafSpot764,coconut-tree-disease,Dataset/Coconut Tree Disease Dataset/Gray Leaf Spot/GrayLeafSpot764.jpg,gls,2_foliar_disease,,,,4,,,,,
GrayLeafSpot765,coconut-tree-disease,Dataset/Coconut Tree Disease Dataset/Gray Leaf Spot/GrayLeafSpot765.jpg,gls,2_foliar_disease,,,,0,,,,,
GrayLeafSpot766,coconut-tree-disease,Dataset/Coconut Tree Disease Dataset/Gray Leaf Spot/GrayLeafSpot766.jpg,gls,2_foliar_disease,,,,3,,,,,
GrayLeafSpot767,coconut-tree-disease,Dataset/Coconut Tree Disease Dataset/Gray Leaf Spot/GrayLeafSpot767.jpg,gls,2_foliar_disease,,,,0,,,,,
GrayLeafSpot768,coconut-tree-disease,Dataset/Coconut Tree Disease Dataset/Gray Leaf Spot/GrayLeafSpot768.jpg,gls,2_foliar_disease,,,,4,,,,,
GrayLeafSpot769,coconut-tree-disease,Dataset/Coconut Tree Disease Dataset/Gray Leaf Spot/GrayLeafSpot769.jpg,gls,2_foliar_disease,,,,4,,,,,
GrayLeafSpot770,coconut-tree-disease,Dataset/Coconut Tree Disease Dataset/Gray Leaf Spot/GrayLeafSpot770.jpg,gls,2_foliar_disease,,,,0,,,,,
GrayLeafSpot771,coconut-tree-disease,Dataset/Coconut Tree Disease Dataset/Gray Leaf Spot/GrayLeafSpot771.jpg,gls,2_foliar_disease,,,,1,,,,,
GrayLeafSpot772,coconut-tree-disease,Dataset/Coconut Tree Disease Dataset/Gray Leaf Spot/GrayLeafSpot772.jpg,gls,2_foliar_disease,,,,2,,,,,
GrayLeafSpot773,coconut-tree-disease,Dataset/Coconut Tree Disease Dataset/Gray Leaf Spot/GrayLeafSpot773.jpg,gls,2_foliar_disease,,,,4,,,,,
GrayLeafSpot774,coconut-tree-disease,Dataset/Coconut Tree Disease Dataset/Gray Leaf Spot/GrayLeafSpot774.jpg,gls,2_foliar_disease,,,,4,,,,,
GrayLeafSpot775,coconut-tree-disease,Dataset/Coconut Tree Disease Dataset/Gray Leaf Spot/GrayLeafSpot775.jpg,gls,2_foliar_disease,,,,1,,,,,
GrayLeafSpot776,coconut-tree-disease,Dataset/Coconut Tree Disease Dataset/Gray Leaf Spot/GrayLeafSpot776.jpg,gls,2_foliar_disease,,,,0,,,,,
GrayLeafSpot777,coconut-tree-disease,Dataset/Coconut Tree Disease Dataset/Gray Leaf Spot/GrayLeafSpot777.jpg,gls,2_foliar_disease,,,,3,,,,,
GrayLeafSpot778,coconut-tree-disease,Dataset/Coconut Tree Disease Dataset/Gray Leaf Spot/GrayLeafSpot778.jpg,gls,2_foliar_disease,,,,0,,,,,
GrayLeafSpot779,coconut-tree-disease,Dataset/Coconut Tree Disease Dataset/Gray Leaf Spot/GrayLeafSpot779.jpg,gls,2_foliar_disease,,,,2,,,,,
GrayLeafSpot780,coconut-tree-disease,Dataset/Coconut Tree Disease Dataset/Gray Leaf Spot/GrayLeafSpot780.jpg,gls,2_foliar_disease,,,,1,,,,,
GrayLeafSpot781,coconut-tree-disease,Dataset/Coconut Tree Disease Dataset/Gray Leaf Spot/GrayLeafSpot781.jpg,gls,2_foliar_disease,,,,1,,,,,
GrayLeafSpot782,coconut-tree-disease,Dataset/Coconut Tree Disease Dataset/Gray Leaf Spot/GrayLeafSpot782.jpg,gls,2_foliar_disease,,,,3,,,,,
GrayLeafSpot783,coconut-tree-disease,Dataset/Coconut Tree Disease Dataset/Gray Leaf Spot/GrayLeafSpot783.jpg,gls,2_foliar_disease,,,,4,,,,,
GrayLeafSpot784,coconut-tree-disease,Dataset/Coconut Tree Disease Dataset/Gray Leaf Spot/GrayLeafSpot784.jpg,gls,2_foliar_disease,,,,3,,,,,
GrayLeafSpot785,coconut-tree-disease,Dataset/Coconut Tree Disease Dataset/Gray Leaf Spot/GrayLeafSpot785.jpg,gls,2_foliar_disease,,,,4,,,,,
GrayLeafSpot786,coconut-tree-disease,Dataset/Coconut Tree Disease Dataset/Gray Leaf Spot/GrayLeafSpot786.jpg,gls,2_foliar_disease,,,,4,,,,,
GrayLeafSpot787,coconut-tree-disease,Dataset/Coconut Tree Disease Dataset/Gray Leaf Spot/GrayLeafSpot787.jpg,gls,2_foliar_disease,,,,2,,,,,
GrayLeafSpot788,coconut-tree-disease,Dataset/Coconut Tree Disease Dataset/Gray Leaf Spot/GrayLeafSpot788.jpg,gls,2_foliar_disease,,,,4,,,,,
GrayLeafSpot789,coconut-tree-disease,Dataset/Coconut Tree Disease Dataset/Gray Leaf Spot/GrayLeafSpot789.jpg,gls,2_foliar_disease,,,,0,,,,,
GrayLeafSpot790,coconut-tree-disease,Dataset/Coconut Tree Disease Dataset/Gray Leaf Spot/GrayLeafSpot790.jpg,gls,2_foliar_disease,,,,2,,,,,
GrayLeafSpot791,coconut-tree-disease,Dataset/Coconut Tree Disease Dataset/Gray Leaf Spot/GrayLeafSpot791.jpg,gls,2_foliar_disease,,,,3,,,,,
GrayLeafSpot792,coconut-tree-disease,Dataset/Coconut Tree Disease Dataset/Gray Leaf Spot/GrayLeafSpot792.jpg,gls,2_foliar_disease,,,,2,,,,,
GrayLeafSpot793,coconut-tree-disease,Dataset/Coconut Tree Disease Dataset/Gray Leaf Spot/GrayLeafSpot793.jpg,gls,2_foliar_disease,,,,0,,,,,
GrayLeafSpot794,coconut-tree-disease,Dataset/Coconut Tree Disease Dataset/Gray Leaf Spot/GrayLeafSpot794.jpg,gls,2_foliar_disease,,,,2,,,,,
GrayLeafSpot795,coconut-tree-disease,Dataset/Coconut Tree Disease Dataset/Gray Leaf Spot/GrayLeafSpot795.jpg,gls,2_foliar_disease,,,,2,,,,,
GrayLeafSpot796,coconut-tree-disease,Dataset/Coconut Tree Disease Dataset/Gray Leaf Spot/GrayLeafSpot796.jpg,gls,2_foliar_disease,,,,1,,,,,
GrayLeafSpot797,coconut-tree-disease,Dataset/Coconut Tree Disease Dataset/Gray Leaf Spot/GrayLeafSpot797.jpg,gls,2_foliar_disease,,,,3,,,,,
GrayLeafSpot798,coconut-tree-disease,Dataset/Coconut Tree Disease Dataset/Gray Leaf Spot/GrayLeafSpot798.jpg,gls,2_foliar_disease,,,,3,,,,,
GrayLeafSpot799,coconut-tree-disease,Dataset/Coconut Tree Disease Dataset/Gray Leaf Spot/GrayLeafSpot799.jpg,gls,2_foliar_disease,,,,1,,,,,
GrayLeafSpot800,coconut-tree-disease,Dataset/Coconut Tree Disease Dataset/Gray Leaf Spot/GrayLeafSpot800.jpg,gls,2_foliar_disease,,,,2,,,,,
GrayLeafSpot801,coconut-tree-disease,Dataset/Coconut Tree Disease Dataset/Gray Leaf Spot/GrayLeafSpot801.jpg,gls,2_foliar_disease,,,,4,,,,,
GrayLeafSpot802,coconut-tree-disease,Dataset/Coconut Tree Disease Dataset/Gray Leaf Spot/GrayLeafSpot802.jpg,gls,2_foliar_disease,,,,1,,,,,
GrayLeafSpot803,coconut-tree-disease,Dataset/Coconut Tree Disease Dataset/Gray Leaf Spot/GrayLeafSpot803.jpg,gls,2_foliar_disease,,,,2,,,,,
GrayLeafSpot804,coconut-tree-disease,Dataset/Coconut Tree Disease Dataset/Gray Leaf Spot/GrayLeafSpot804.jpg,gls,2_foliar_disease,,,,2,,,,,
GrayLeafSpot805,coconut-tree-disease,Dataset/Coconut Tree Disease Dataset/Gray Leaf Spot/GrayLeafSpot805.jpg,gls,2_foliar_disease,,,,1,,,,,
GrayLeafSpot806,coconut-tree-disease,Dataset/Coconut Tree Disease Dataset/Gray Leaf Spot/GrayLeafSpot806.jpg,gls,2_foliar_disease,,,,4,,,,,
GrayLeafSpot807,coconut-tree-disease,Dataset/Coconut Tree Disease Dataset/Gray Leaf Spot/GrayLeafSpot807.jpg,gls,2_foliar_disease,,,,3,,,,,
GrayLeafSpot808,coconut-tree-disease,Dataset/Coconut Tree Disease Dataset/Gray Leaf Spot/GrayLeafSpot808.jpg,gls,2_foliar_disease,,,,3,,,,,
GrayLeafSpot809,coconut-tree-disease,Dataset/Coconut Tree Disease Dataset/Gray Leaf Spot/GrayLeafSpot809.jpg,gls,2_foliar_disease,,,,4,,,,,
GrayLeafSpot810,coconut-tree-disease,Dataset/Coconut Tree Disease Dataset/Gray Leaf Spot/GrayLeafSpot810.jpg,gls,2_foliar_disease,,,,2,,,,,
GrayLeafSpot811,coconut-tree-disease,Dataset/Coconut Tree Disease Dataset/Gray Leaf Spot/GrayLeafSpot811.jpg,gls,2_foliar_disease,,,,0,,,,,
GrayLeafSpot812,coconut-tree-disease,Dataset/Coconut Tree Disease Dataset/Gray Leaf Spot/GrayLeafSpot812.jpg,gls,2_foliar_disease,,,,2,,,,,
GrayLeafSpot813,coconut-tree-disease,Dataset/Coconut Tree Disease Dataset/Gray Leaf Spot/GrayLeafSpot813.jpg,gls,2_foliar_disease,,,,3,,,,,
GrayLeafSpot814,coconut-tree-disease,Dataset/Coconut Tree Disease Dataset/Gray Leaf Spot/GrayLeafSpot814.jpg,gls,2_foliar_disease,,,,3,,,,,
GrayLeafSpot815,coconut-tree-disease,Dataset/Coconut Tree Disease Dataset/Gray Leaf Spot/GrayLeafSpot815.jpg,gls,2_foliar_disease,,,,2,,,,,
GrayLeafSpot816,coconut-tree-disease,Dataset/Coconut Tree Disease Dataset/Gray Leaf Spot/GrayLeafSpot816.jpg,gls,2_foliar_disease,,,,2,,,,,
GrayLeafSpot817,coconut-tree-disease,Dataset/Coconut Tree Disease Dataset/Gray Leaf Spot/GrayLeafSpot817.jpg,gls,2_foliar_disease,,,,0,,,,,
GrayLeafSpot818,coconut-tree-disease,Dataset/Coconut Tree Disease Dataset/Gray Leaf Spot/GrayLeafSpot818.jpg,gls,2_foliar_disease,,,,0,,,,,
GrayLeafSpot819,coconut-tree-disease,Dataset/Coconut Tree Disease Dataset/Gray Leaf Spot/GrayLeafSpot819.jpg,gls,2_foliar_disease,,,,0,,,,,
GrayLeafSpot820,coconut-tree-disease,Dataset/Coconut Tree Disease Dataset/Gray Leaf Spot/GrayLeafSpot820.jpg,gls,2_foliar_disease,,,,2,,,,,
GrayLeafSpot821,coconut-tree-disease,Dataset/Coconut Tree Disease Dataset/Gray Leaf Spot/GrayLeafSpot821.jpg,gls,2_foliar_disease,,,,3,,,,,
GrayLeafSpot822,coconut-tree-disease,Dataset/Coconut Tree Disease Dataset/Gray Leaf Spot/GrayLeafSpot822.jpg,gls,2_foliar_disease,,,,1,,,,,
GrayLeafSpot823,coconut-tree-disease,Dataset/Coconut Tree Disease Dataset/Gray Leaf Spot/GrayLeafSpot823.jpg,gls,2_foliar_disease,,,,1,,,,,
GrayLeafSpot824,coconut-tree-disease,Dataset/Coconut Tree Disease Dataset/Gray Leaf Spot/GrayLeafSpot824.jpg,gls,2_foliar_disease,,,,3,,,,,
GrayLeafSpot825,coconut-tree-disease,Dataset/Coconut Tree Disease Dataset/Gray Leaf Spot/GrayLeafSpot825.jpg,gls,2_foliar_disease,,,,2,,,,,
GrayLeafSpot826,coconut-tree-disease,Dataset/Coconut Tree Disease Dataset/Gray Leaf Spot/GrayLeafSpot826.jpg,gls,2_foliar_disease,,,,3,,,,,
GrayLeafSpot827,coconut-tree-disease,Dataset/Coconut Tree Disease Dataset/Gray Leaf Spot/GrayLeafSpot827.jpg,gls,2_foliar_disease,,,,0,,,,,
GrayLeafSpot828,coconut-tree-disease,Dataset/Coconut Tree Disease Dataset/Gray Leaf Spot/GrayLeafSpot828.jpg,gls,2_foliar_disease,,,,1,,,,,
GrayLeafSpot829,coconut-tree-disease,Dataset/Coconut Tree Disease Dataset/Gray Leaf Spot/GrayLeafSpot829.jpg,gls,2_foliar_disease,,,,2,,,,,
GrayLeafSpot830,coconut-tree-disease,Dataset/Coconut Tree Disease Dataset/Gray Leaf Spot/GrayLeafSpot830.jpg,gls,2_foliar_disease,,,,3,,,,,
GrayLeafSpot831,coconut-tree-disease,Dataset/Coconut Tree Disease Dataset/Gray Leaf Spot/GrayLeafSpot831.jpg,gls,2_foliar_disease,,,,4,,,,,
GrayLeafSpot832,coconut-tree-disease,Dataset/Coconut Tree Disease Dataset/Gray Leaf Spot/GrayLeafSpot832.jpg,gls,2_foliar_disease,,,,0,,,,,
GrayLeafSpot833,coconut-tree-disease,Dataset/Coconut Tree Disease Dataset/Gray Leaf Spot/GrayLeafSpot833.jpg,gls,2_foliar_disease,,,,2,,,,,
GrayLeafSpot834,coconut-tree-disease,Dataset/Coconut Tree Disease Dataset/Gray Leaf Spot/GrayLeafSpot834.jpg,gls,2_foliar_disease,,,,4,,,,,
GrayLeafSpot835,coconut-tree-disease,Dataset/Coconut Tree Disease Dataset/Gray Leaf Spot/GrayLeafSpot835.jpg,gls,2_foliar_disease,,,,0,,,,,
GrayLeafSpot836,coconut-tree-disease,Dataset/Coconut Tree Disease Dataset/Gray Leaf Spot/GrayLeafSpot836.jpg,gls,2_foliar_disease,,,,4,,,,,
GrayLeafSpot837,coconut-tree-disease,Dataset/Coconut Tree Disease Dataset/Gray Leaf Spot/GrayLeafSpot837.jpg,gls,2_foliar_disease,,,,3,,,,,
GrayLeafSpot838,coconut-tree-disease,Dataset/Coconut Tree Disease Dataset/Gray Leaf Spot/GrayLeafSpot838.jpg,gls,2_foliar_disease,,,,1,,,,,
GrayLeafSpot839,coconut-tree-disease,Dataset/Coconut Tree Disease Dataset/Gray Leaf Spot/GrayLeafSpot839.jpg,gls,2_foliar_disease,,,,1,,,,,
GrayLeafSpot840,coconut-tree-disease,Dataset/Coconut Tree Disease Dataset/Gray Leaf Spot/GrayLeafSpot840.jpg,gls,2_foliar_disease,,,,2,,,,,
GrayLeafSpot841,coconut-tree-disease,Dataset/Coconut Tree Disease Dataset/Gray Leaf Spot/GrayLeafSpot841.jpg,gls,2_foliar_disease,,,,2,,,,,
GrayLeafSpot842,coconut-tree-disease,Dataset/Coconut Tree Disease Dataset/Gray Leaf Spot/GrayLeafSpot842.jpg,gls,2_foliar_disease,,,,2,,,,,
GrayLeafSpot843,coconut-tree-disease,Dataset/Coconut Tree Disease Dataset/Gray Leaf Spot/GrayLeafSpot843.jpg,gls,2_foliar_disease,,,,4,,,,,
GrayLeafSpot844,coconut-tree-disease,Dataset/Coconut Tree Disease Dataset/Gray Leaf Spot/GrayLeafSpot844.jpg,gls,2_foliar_disease,,,,3,,,,,
GrayLeafSpot845,coconut-tree-disease,Dataset/Coconut Tree Disease Dataset/Gray Leaf Spot/GrayLeafSpot845.jpg,gls,2_foliar_disease,,,,0,,,,,
GrayLeafSpot846,coconut-tree-disease,Dataset/Coconut Tree Disease Dataset/Gray Leaf Spot/GrayLeafSpot846.jpg,gls,2_foliar_disease,,,,4,,,,,
GrayLeafSpot847,coconut-tree-disease,Dataset/Coconut Tree Disease Dataset/Gray Leaf Spot/GrayLeafSpot847.jpg,gls,2_foliar_disease,,,,1,,,,,
GrayLeafSpot848,coconut-tree-disease,Dataset/Coconut Tree Disease Dataset/Gray Leaf Spot/GrayLeafSpot848.jpg,gls,2_foliar_disease,,,,0,,,,,
GrayLeafSpot849,coconut-tree-disease,Dataset/Coconut Tree Disease Dataset/Gray Leaf Spot/GrayLeafSpot849.jpg,gls,2_foliar_disease,,,,3,,,,,
GrayLeafSpot850,coconut-tree-disease,Dataset/Coconut Tree Disease Dataset/Gray Leaf Spot/GrayLeafSpot850.jpg,gls,2_foliar_disease,,,,4,,,,,
GrayLeafSpot851,coconut-tree-disease,Dataset/Coconut Tree Disease Dataset/Gray Leaf Spot/GrayLeafSpot851.jpg,gls,2_foliar_disease,,,,1,,,,,
GrayLeafSpot852,coconut-tree-disease,Dataset/Coconut Tree Disease Dataset/Gray Leaf Spot/GrayLeafSpot852.jpg,gls,2_foliar_disease,,,,3,,,,,
GrayLeafSpot853,coconut-tree-disease,Dataset/Coconut Tree Disease Dataset/Gray Leaf Spot/GrayLeafSpot853.jpg,gls,2_foliar_disease,,,,3,,,,,
GrayLeafSpot854,coconut-tree-disease,Dataset/Coconut Tree Disease Dataset/Gray Leaf Spot/GrayLeafSpot854.jpg,gls,2_foliar_disease,,,,3,,,,,
GrayLeafSpot855,coconut-tree-disease,Dataset/Coconut Tree Disease Dataset/Gray Leaf Spot/GrayLeafSpot855.jpg,gls,2_foliar_disease,,,,4,,,,,
GrayLeafSpot856,coconut-tree-disease,Dataset/Coconut Tree Disease Dataset/Gray Leaf Spot/GrayLeafSpot856.jpg,gls,2_foliar_disease,,,,4,,,,,
GrayLeafSpot857,coconut-tree-disease,Dataset/Coconut Tree Disease Dataset/Gray Leaf Spot/GrayLeafSpot857.jpg,gls,2_foliar_disease,,,,3,,,,,
GrayLeafSpot858,coconut-tree-disease,Dataset/Coconut Tree Disease Dataset/Gray Leaf Spot/GrayLeafSpot858.jpg,gls,2_foliar_disease,,,,4,,,,,
GrayLeafSpot859,coconut-tree-disease,Dataset/Coconut Tree Disease Dataset/Gray Leaf Spot/GrayLeafSpot859.jpg,gls,2_foliar_disease,,,,1,,,,,
GrayLeafSpot860,coconut-tree-disease,Dataset/Coconut Tree Disease Dataset/Gray Leaf Spot/GrayLeafSpot860.jpg,gls,2_foliar_disease,,,,1,,,,,
GrayLeafSpot861,coconut-tree-disease,Dataset/Coconut Tree Disease Dataset/Gray Leaf Spot/GrayLeafSpot861.jpg,gls,2_foliar_disease,,,,3,,,,,
GrayLeafSpot862,coconut-tree-disease,Dataset/Coconut Tree Disease Dataset/Gray Leaf Spot/GrayLeafSpot862.jpg,gls,2_foliar_disease,,,,1,,,,,
GrayLeafSpot863,coconut-tree-disease,Dataset/Coconut Tree Disease Dataset/Gray Leaf Spot/GrayLeafSpot863.jpg,gls,2_foliar_disease,,,,3,,,,,
GrayLeafSpot864,coconut-tree-disease,Dataset/Coconut Tree Disease Dataset/Gray Leaf Spot/GrayLeafSpot864.jpg,gls,2_foliar_disease,,,,3,,,,,
GrayLeafSpot865,coconut-tree-disease,Dataset/Coconut Tree Disease Dataset/Gray Leaf Spot/GrayLeafSpot865.jpg,gls,2_foliar_disease,,,,2,,,,,
GrayLeafSpot866,coconut-tree-disease,Dataset/Coconut Tree Disease Dataset/Gray Leaf Spot/GrayLeafSpot866.jpg,gls,2_foliar_disease,,,,3,,,,,
GrayLeafSpot867,coconut-tree-disease,Dataset/Coconut Tree Disease Dataset/Gray Leaf Spot/GrayLeafSpot867.jpg,gls,2_foliar_disease,,,,3,,,,,
GrayLeafSpot868,coconut-tree-disease,Dataset/Coconut Tree Disease Dataset/Gray Leaf Spot/GrayLeafSpot868.jpg,gls,2_foliar_disease,,,,3,,,,,
GrayLeafSpot869,coconut-tree-disease,Dataset/Coconut Tree Disease Dataset/Gray Leaf Spot/GrayLeafSpot869.jpg,gls,2_foliar_disease,,,,3,,,,,
GrayLeafSpot870,coconut-tree-disease,Dataset/Coconut Tree Disease Dataset/Gray Leaf Spot/GrayLeafSpot870.jpg,gls,2_foliar_disease,,,,0,,,,,
GrayLeafSpot871,coconut-tree-disease,Dataset/Coconut Tree Disease Dataset/Gray Leaf Spot/GrayLeafSpot871.jpg,gls,2_foliar_disease,,,,1,,,,,
GrayLeafSpot872,coconut-tree-disease,Dataset/Coconut Tree Disease Dataset/Gray Leaf Spot/GrayLeafSpot872.jpg,gls,2_foliar_disease,,,,4,,,,,
GrayLeafSpot873,coconut-tree-disease,Dataset/Coconut Tree Disease Dataset/Gray Leaf Spot/GrayLeafSpot873.jpg,gls,2_foliar_disease,,,,2,,,,,
GrayLeafSpot874,coconut-tree-disease,Dataset/Coconut Tree Disease Dataset/Gray Leaf Spot/GrayLeafSpot874.jpg,gls,2_foliar_disease,,,,4,,,,,
GrayLeafSpot875,coconut-tree-disease,Dataset/Coconut Tree Disease Dataset/Gray Leaf Spot/GrayLeafSpot875.jpg,gls,2_foliar_disease,,,,3,,,,,
GrayLeafSpot876,coconut-tree-disease,Dataset/Coconut Tree Disease Dataset/Gray Leaf Spot/GrayLeafSpot876.jpg,gls,2_foliar_disease,,,,4,,,,,
GrayLeafSpot877,coconut-tree-disease,Dataset/Coconut Tree Disease Dataset/Gray Leaf Spot/GrayLeafSpot877.jpg,gls,2_foliar_disease,,,,0,,,,,
GrayLeafSpot878,coconut-tree-disease,Dataset/Coconut Tree Disease Dataset/Gray Leaf Spot/GrayLeafSpot878.jpg,gls,2_foliar_disease,,,,0,,,,,
GrayLeafSpot879,coconut-tree-disease,Dataset/Coconut Tree Disease Dataset/Gray Leaf Spot/GrayLeafSpot879.jpg,gls,2_foliar_disease,,,,2,,,,,
GrayLeafSpot880,coconut-tree-disease,Dataset/Coconut Tree Disease Dataset/Gray Leaf Spot/GrayLeafSpot880.jpg,gls,2_foliar_disease,,,,1,,,,,
GrayLeafSpot881,coconut-tree-disease,Dataset/Coconut Tree Disease Dataset/Gray Leaf Spot/GrayLeafSpot881.jpg,gls,2_foliar_disease,,,,2,,,,,
GrayLeafSpot882,coconut-tree-disease,Dataset/Coconut Tree Disease Dataset/Gray Leaf Spot/GrayLeafSpot882.jpg,gls,2_foliar_disease,,,,1,,,,,
GrayLeafSpot883,coconut-tree-disease,Dataset/Coconut Tree Disease Dataset/Gray Leaf Spot/GrayLeafSpot883.jpg,gls,2_foliar_disease,,,,1,,,,,
GrayLeafSpot884,coconut-tree-disease,Dataset/Coconut Tree Disease Dataset/Gray Leaf Spot/GrayLeafSpot884.jpg,gls,2_foliar_disease,,,,2,,,,,
GrayLeafSpot885,coconut-tree-disease,Dataset/Coconut Tree Disease Dataset/Gray Leaf Spot/GrayLeafSpot885.jpg,gls,2_foliar_disease,,,,0,,,,,
GrayLeafSpot886,coconut-tree-disease,Dataset/Coconut Tree Disease Dataset/Gray Leaf Spot/GrayLeafSpot886.jpg,gls,2_foliar_disease,,,,4,,,,,
GrayLeafSpot887,coconut-tree-disease,Dataset/Coconut Tree Disease Dataset/Gray Leaf Spot/GrayLeafSpot887.jpg,gls,2_foliar_disease,,,,2,,,,,
GrayLeafSpot888,coconut-tree-disease,Dataset/Coconut Tree Disease Dataset/Gray Leaf Spot/GrayLeafSpot888.jpg,gls,2_foliar_disease,,,,3,,,,,
GrayLeafSpot889,coconut-tree-disease,Dataset/Coconut Tree Disease Dataset/Gray Leaf Spot/GrayLeafSpot889.jpg,gls,2_foliar_disease,,,,4,,,,,
GrayLeafSpot890,coconut-tree-disease,Dataset/Coconut Tree Disease Dataset/Gray Leaf Spot/GrayLeafSpot890.jpg,gls,2_foliar_disease,,,,3,,,,,
GrayLeafSpot891,coconut-tree-disease,Dataset/Coconut Tree Disease Dataset/Gray Leaf Spot/GrayLeafSpot891.jpg,gls,2_foliar_disease,,,,1,,,,,
GrayLeafSpot892,coconut-tree-disease,Dataset/Coconut Tree Disease Dataset/Gray Leaf Spot/GrayLeafSpot892.jpg,gls,2_foliar_disease,,,,3,,,,,
GrayLeafSpot893,coconut-tree-disease,Dataset/Coconut Tree Disease Dataset/Gray Leaf Spot/GrayLeafSpot893.jpg,gls,2_foliar_disease,,,,4,,,,,
GrayLeafSpot894,coconut-tree-disease,Dataset/Coconut Tree Disease Dataset/Gray Leaf Spot/GrayLeafSpot894.jpg,gls,2_foliar_disease,,,,2,,,,,
GrayLeafSpot895,coconut-tree-disease,Dataset/Coconut Tree Disease Dataset/Gray Leaf Spot/GrayLeafSpot895.jpg,gls,2_foliar_disease,,,,4,,,,,
GrayLeafSpot896,coconut-tree-disease,Dataset/Coconut Tree Disease Dataset/Gray Leaf Spot/GrayLeafSpot896.jpg,gls,2_foliar_disease,,,,0,,,,,
GrayLeafSpot897,coconut-tree-disease,Dataset/Coconut Tree Disease Dataset/Gray Leaf Spot/GrayLeafSpot897.jpg,gls,2_foliar_disease,,,,3,,,,,
GrayLeafSpot898,coconut-tree-disease,Dataset/Coconut Tree Disease Dataset/Gray Leaf Spot/GrayLeafSpot898.jpg,gls,2_foliar_disease,,,,3,,,,,
GrayLeafSpot899,coconut-tree-disease,Dataset/Coconut Tree Disease Dataset/Gray Leaf Spot/GrayLeafSpot899.jpg,gls,2_foliar_disease,,,,2,,,,,
GrayLeafSpot900,coconut-tree-disease,Dataset/Coconut Tree Disease Dataset/Gray Leaf Spot/GrayLeafSpot900.jpg,gls,2_foliar_disease,,,,4,,,,,
GrayLeafSpot901,coconut-tree-disease,Dataset/Coconut Tree Disease Dataset/Gray Leaf Spot/GrayLeafSpot901.jpg,gls,2_foliar_disease,,,,1,,,,,
GrayLeafSpot902,coconut-tree-disease,Dataset/Coconut Tree Disease Dataset/Gray Leaf Spot/GrayLeafSpot902.jpg,gls,2_foliar_disease,,,,4,,,,,
GrayLeafSpot903,coconut-tree-disease,Dataset/Coconut Tree Disease Dataset/Gray Leaf Spot/GrayLeafSpot903.jpg,gls,2_foliar_disease,,,,0,,,,,
GrayLeafSpot904,coconut-tree-disease,Dataset/Coconut Tree Disease Dataset/Gray Leaf Spot/GrayLeafSpot904.jpg,gls,2_foliar_disease,,,,3,,,,,
GrayLeafSpot905,coconut-tree-disease,Dataset/Coconut Tree Disease Dataset/Gray Leaf Spot/GrayLeafSpot905.jpg,gls,2_foliar_disease,,,,4,,,,,
GrayLeafSpot906,coconut-tree-disease,Dataset/Coconut Tree Disease Dataset/Gray Leaf Spot/GrayLeafSpot906.jpg,gls,2_foliar_disease,,,,2,,,,,
GrayLeafSpot907,coconut-tree-disease,Dataset/Coconut Tree Disease Dataset/Gray Leaf Spot/GrayLeafSpot907.jpg,gls,2_foliar_disease,,,,3,,,,,
GrayLeafSpot908,coconut-tree-disease,Dataset/Coconut Tree Disease Dataset/Gray Leaf Spot/GrayLeafSpot908.jpg,gls,2_foliar_disease,,,,4,,,,,
GrayLeafSpot909,coconut-tree-disease,Dataset/Coconut Tree Disease Dataset/Gray Leaf Spot/GrayLeafSpot909.jpg,gls,2_foliar_disease,,,,1,,,,,
GrayLeafSpot910,coconut-tree-disease,Dataset/Coconut Tree Disease Dataset/Gray Leaf Spot/GrayLeafSpot910.jpg,gls,2_foliar_disease,,,,2,,,,,
GrayLeafSpot911,coconut-tree-disease,Dataset/Coconut Tree Disease Dataset/Gray Leaf Spot/GrayLeafSpot911.jpg,gls,2_foliar_disease,,,,3,,,,,
GrayLeafSpot912,coconut-tree-disease,Dataset/Coconut Tree Disease Dataset/Gray Leaf Spot/GrayLeafSpot912.jpg,gls,2_foliar_disease,,,,1,,,,,
GrayLeafSpot913,coconut-tree-disease,Dataset/Coconut Tree Disease Dataset/Gray Leaf Spot/GrayLeafSpot913.jpg,gls,2_foliar_disease,,,,4,,,,,
GrayLeafSpot914,coconut-tree-disease,Dataset/Coconut Tree Disease Dataset/Gray Leaf Spot/GrayLeafSpot914.jpg,gls,2_foliar_disease,,,,4,,,,,
GrayLeafSpot915,coconut-tree-disease,Dataset/Coconut Tree Disease Dataset/Gray Leaf Spot/GrayLeafSpot915.jpg,gls,2_foliar_disease,,,,1,,,,,
GrayLeafSpot916,coconut-tree-disease,Dataset/Coconut Tree Disease Dataset/Gray Leaf Spot/GrayLeafSpot916.jpg,gls,2_foliar_disease,,,,1,,,,,
GrayLeafSpot917,coconut-tree-disease,Dataset/Coconut Tree Disease Dataset/Gray Leaf Spot/GrayLeafSpot917.jpg,gls,2_foliar_disease,,,,1,,,,,
GrayLeafSpot918,coconut-tree-disease,Dataset/Coconut Tree Disease Dataset/Gray Leaf Spot/GrayLeafSpot918.jpg,gls,2_foliar_disease,,,,2,,,,,
GrayLeafSpot919,coconut-tree-disease,Dataset/Coconut Tree Disease Dataset/Gray Leaf Spot/GrayLeafSpot919.jpg,gls,2_foliar_disease,,,,0,,,,,
GrayLeafSpot920,coconut-tree-disease,Dataset/Coconut Tree Disease Dataset/Gray Leaf Spot/GrayLeafSpot920.jpg,gls,2_foliar_disease,,,,2,,,,,
GrayLeafSpot921,coconut-tree-disease,Dataset/Coconut Tree Disease Dataset/Gray Leaf Spot/GrayLeafSpot921.jpg,gls,2_foliar_disease,,,,3,,,,,
GrayLeafSpot922,coconut-tree-disease,Dataset/Coconut Tree Disease Dataset/Gray Leaf Spot/GrayLeafSpot922.jpg,gls,2_foliar_disease,,,,0,,,,,
GrayLeafSpot923,coconut-tree-disease,Dataset/Coconut Tree Disease Dataset/Gray Leaf Spot/GrayLeafSpot923.jpg,gls,2_foliar_disease,,,,4,,,,,
GrayLeafSpot924,coconut-tree-disease,Dataset/Coconut Tree Disease Dataset/Gray Leaf Spot/GrayLeafSpot924.jpg,gls,2_foliar_disease,,,,0,,,,,
GrayLeafSpot925,coconut-tree-disease,Dataset/Coconut Tree Disease Dataset/Gray Leaf Spot/GrayLeafSpot925.jpg,gls,2_foliar_disease,,,,2,,,,,
GrayLeafSpot926,coconut-tree-disease,Dataset/Coconut Tree Disease Dataset/Gray Leaf Spot/GrayLeafSpot926.jpg,gls,2_foliar_disease,,,,2,,,,,
GrayLeafSpot927,coconut-tree-disease,Dataset/Coconut Tree Disease Dataset/Gray Leaf Spot/GrayLeafSpot927.jpg,gls,2_foliar_disease,,,,3,,,,,
GrayLeafSpot928,coconut-tree-disease,Dataset/Coconut Tree Disease Dataset/Gray Leaf Spot/GrayLeafSpot928.jpg,gls,2_foliar_disease,,,,4,,,,,
GrayLeafSpot929,coconut-tree-disease,Dataset/Coconut Tree Disease Dataset/Gray Leaf Spot/GrayLeafSpot929.jpg,gls,2_foliar_disease,,,,2,,,,,
GrayLeafSpot930,coconut-tree-disease,Dataset/Coconut Tree Disease Dataset/Gray Leaf Spot/GrayLeafSpot930.jpg,gls,2_foliar_disease,,,,4,,,,,
GrayLeafSpot931,coconut-tree-disease,Dataset/Coconut Tree Disease Dataset/Gray Leaf Spot/GrayLeafSpot931.jpg,gls,2_foliar_disease,,,,2,,,,,
GrayLeafSpot932,coconut-tree-disease,Dataset/Coconut Tree Disease Dataset/Gray Leaf Spot/GrayLeafSpot932.jpg,gls,2_foliar_disease,,,,0,,,,,
GrayLeafSpot933,coconut-tree-disease,Dataset/Coconut Tree Disease Dataset/Gray Leaf Spot/GrayLeafSpot933.jpg,gls,2_foliar_disease,,,,2,,,,,
GrayLeafSpot934,coconut-tree-disease,Dataset/Coconut Tree Disease Dataset/Gray Leaf Spot/GrayLeafSpot934.jpg,gls,2_foliar_disease,,,,3,,,,,
GrayLeafSpot935,coconut-tree-disease,Dataset/Coconut Tree Disease Dataset/Gray Leaf Spot/GrayLeafSpot935.jpg,gls,2_foliar_disease,,,,3,,,,,
GrayLeafSpot936,coconut-tree-disease,Dataset/Coconut Tree Disease Dataset/Gray Leaf Spot/GrayLeafSpot936.jpg,gls,2_foliar_disease,,,,1,,,,,
GrayLeafSpot937,coconut-tree-disease,Dataset/Coconut Tree Disease Dataset/Gray Leaf Spot/GrayLeafSpot937.jpg,gls,2_foliar_disease,,,,0,,,,,
GrayLeafSpot938,coconut-tree-disease,Dataset/Coconut Tree Disease Dataset/Gray Leaf Spot/GrayLeafSpot938.jpg,gls,2_foliar_disease,,,,0,,,,,
GrayLeafSpot939,coconut-tree-disease,Dataset/Coconut Tree Disease Dataset/Gray Leaf Spot/GrayLeafSpot939.jpg,gls,2_foliar_disease,,,,4,,,,,
GrayLeafSpot940,coconut-tree-disease,Dataset/Coconut Tree Disease Dataset/Gray Leaf Spot/GrayLeafSpot940.jpg,gls,2_foliar_disease,,,,0,,,,,
GrayLeafSpot941,coconut-tree-disease,Dataset/Coconut Tree Disease Dataset/Gray Leaf Spot/GrayLeafSpot941.jpg,gls,2_foliar_disease,,,,2,,,,,
GrayLeafSpot942,coconut-tree-disease,Dataset/Coconut Tree Disease Dataset/Gray Leaf Spot/GrayLeafSpot942.jpg,gls,2_foliar_disease,,,,2,,,,,
GrayLeafSpot943,coconut-tree-disease,Dataset/Coconut Tree Disease Dataset/Gray Leaf Spot/GrayLeafSpot943.jpg,gls,2_foliar_disease,,,,0,,,,,
GrayLeafSpot944,coconut-tree-disease,Dataset/Coconut Tree Disease Dataset/Gray Leaf Spot/GrayLeafSpot944.jpg,gls,2_foliar_disease,,,,1,,,,,
GrayLeafSpot945,coconut-tree-disease,Dataset/Coconut Tree Disease Dataset/Gray Leaf Spot/GrayLeafSpot945.jpg,gls,2_foliar_disease,,,,0,,,,,
GrayLeafSpot946,coconut-tree-disease,Dataset/Coconut Tree Disease Dataset/Gray Leaf Spot/GrayLeafSpot946.jpg,gls,2_foliar_disease,,,,2,,,,,
GrayLeafSpot947,coconut-tree-disease,Dataset/Coconut Tree Disease Dataset/Gray Leaf Spot/GrayLeafSpot947.jpg,gls,2_foliar_disease,,,,0,,,,,
GrayLeafSpot948,coconut-tree-disease,Dataset/Coconut Tree Disease Dataset/Gray Leaf Spot/GrayLeafSpot948.jpg,gls,2_foliar_disease,,,,3,,,,,
GrayLeafSpot949,coconut-tree-disease,Dataset/Coconut Tree Disease Dataset/Gray Leaf Spot/GrayLeafSpot949.jpg,gls,2_foliar_disease,,,,1,,,,,
GrayLeafSpot950,coconut-tree-disease,Dataset/Coconut Tree Disease Dataset/Gray Leaf Spot/GrayLeafSpot950.jpg,gls,2_foliar_disease,,,,1,,,,,
GrayLeafSpot951,coconut-tree-disease,Dataset/Coconut Tree Disease Dataset/Gray Leaf Spot/GrayLeafSpot951.jpg,gls,2_foliar_disease,,,,4,,,,,
GrayLeafSpot952,coconut-tree-disease,Dataset/Coconut Tree Disease Dataset/Gray Leaf Spot/GrayLeafSpot952.jpg,gls,2_foliar_disease,,,,1,,,,,
GrayLeafSpot953,coconut-tree-disease,Dataset/Coconut Tree Disease Dataset/Gray Leaf Spot/GrayLeafSpot953.jpg,gls,2_foliar_disease,,,,4,,,,,
GrayLeafSpot954,coconut-tree-disease,Dataset/Coconut Tree Disease Dataset/Gray Leaf Spot/GrayLeafSpot954.jpg,gls,2_foliar_disease,,,,0,,,,,
GrayLeafSpot955,coconut-tree-disease,Dataset/Coconut Tree Disease Dataset/Gray Leaf Spot/GrayLeafSpot955.jpg,gls,2_foliar_disease,,,,0,,,,,
GrayLeafSpot956,coconut-tree-disease,Dataset/Coconut Tree Disease Dataset/Gray Leaf Spot/GrayLeafSpot956.jpg,gls,2_foliar_disease,,,,1,,,,,
GrayLeafSpot957,coconut-tree-disease,Dataset/Coconut Tree Disease Dataset/Gray Leaf Spot/GrayLeafSpot957.jpg,gls,2_foliar_disease,,,,0,,,,,
GrayLeafSpot958,coconut-tree-disease,Dataset/Coconut Tree Disease Dataset/Gray Leaf Spot/GrayLeafSpot958.jpg,gls,2_foliar_disease,,,,0,,,,,
GrayLeafSpot959,coconut-tree-disease,Dataset/Coconut Tree Disease Dataset/Gray Leaf Spot/GrayLeafSpot959.jpg,gls,2_foliar_disease,,,,1,,,,,
GrayLeafSpot960,coconut-tree-disease,Dataset/Coconut Tree Disease Dataset/Gray Leaf Spot/GrayLeafSpot960.jpg,gls,2_foliar_disease,,,,0,,,,,
GrayLeafSpot961,coconut-tree-disease,Dataset/Coconut Tree Disease Dataset/Gray Leaf Spot/GrayLeafSpot961.jpg,gls,2_foliar_disease,,,,4,,,,,
GrayLeafSpot962,coconut-tree-disease,Dataset/Coconut Tree Disease Dataset/Gray Leaf Spot/GrayLeafSpot962.jpg,gls,2_foliar_disease,,,,0,,,,,
GrayLeafSpot963,coconut-tree-disease,Dataset/Coconut Tree Disease Dataset/Gray Leaf Spot/GrayLeafSpot963.jpg,gls,2_foliar_disease,,,,1,,,,,
GrayLeafSpot964,coconut-tree-disease,Dataset/Coconut Tree Disease Dataset/Gray Leaf Spot/GrayLeafSpot964.jpg,gls,2_foliar_disease,,,,4,,,,,
GrayLeafSpot965,coconut-tree-disease,Dataset/Coconut Tree Disease Dataset/Gray Leaf Spot/GrayLeafSpot965.jpg,gls,2_foliar_disease,,,,0,,,,,
GrayLeafSpot966,coconut-tree-disease,Dataset/Coconut Tree Disease Dataset/Gray Leaf Spot/GrayLeafSpot966.jpg,gls,2_foliar_disease,,,,2,,,,,
GrayLeafSpot967,coconut-tree-disease,Dataset/Coconut Tree Disease Dataset/Gray Leaf Spot/GrayLeafSpot967.jpg,gls,2_foliar_disease,,,,3,,,,,
GrayLeafSpot968,coconut-tree-disease,Dataset/Coconut Tree Disease Dataset/Gray Leaf Spot/GrayLeafSpot968.jpg,gls,2_foliar_disease,,,,3,,,,,
GrayLeafSpot969,coconut-tree-disease,Dataset/Coconut Tree Disease Dataset/Gray Leaf Spot/GrayLeafSpot969.jpg,gls,2_foliar_disease,,,,3,,,,,
GrayLeafSpot970,coconut-tree-disease,Dataset/Coconut Tree Disease Dataset/Gray Leaf Spot/GrayLeafSpot970.jpg,gls,2_foliar_disease,,,,1,,,,,
GrayLeafSpot971,coconut-tree-disease,Dataset/Coconut Tree Disease Dataset/Gray Leaf Spot/GrayLeafSpot971.jpg,gls,2_foliar_disease,,,,1,,,,,
GrayLeafSpot972,coconut-tree-disease,Dataset/Coconut Tree Disease Dataset/Gray Leaf Spot/GrayLeafSpot972.jpg,gls,2_foliar_disease,,,,3,,,,,
GrayLeafSpot973,coconut-tree-disease,Dataset/Coconut Tree Disease Dataset/Gray Leaf Spot/GrayLeafSpot973.jpg,gls,2_foliar_disease,,,,2,,,,,
GrayLeafSpot974,coconut-tree-disease,Dataset/Coconut Tree Disease Dataset/Gray Leaf Spot/GrayLeafSpot974.jpg,gls,2_foliar_disease,,,,1,,,,,
GrayLeafSpot975,coconut-tree-disease,Dataset/Coconut Tree Disease Dataset/Gray Leaf Spot/GrayLeafSpot975.jpg,gls,2_foliar_disease,,,,2,,,,,
GrayLeafSpot976,coconut-tree-disease,Dataset/Coconut Tree Disease Dataset/Gray Leaf Spot/GrayLeafSpot976.jpg,gls,2_foliar_disease,,,,0,,,,,
GrayLeafSpot977,coconut-tree-disease,Dataset/Coconut Tree Disease Dataset/Gray Leaf Spot/GrayLeafSpot977.jpg,gls,2_foliar_disease,,,,3,,,,,
GrayLeafSpot978,coconut-tree-disease,Dataset/Coconut Tree Disease Dataset/Gray Leaf Spot/GrayLeafSpot978.jpg,gls,2_foliar_disease,,,,1,,,,,
GrayLeafSpot979,coconut-tree-disease,Dataset/Coconut Tree Disease Dataset/Gray Leaf Spot/GrayLeafSpot979.jpg,gls,2_foliar_disease,,,,3,,,,,
GrayLeafSpot980,coconut-tree-disease,Dataset/Coconut Tree Disease Dataset/Gray Leaf Spot/GrayLeafSpot980.jpg,gls,2_foliar_disease,,,,4,,,,,
GrayLeafSpot981,coconut-tree-disease,Dataset/Coconut Tree Disease Dataset/Gray Leaf Spot/GrayLeafSpot981.jpg,gls,2_foliar_disease,,,,0,,,,,
GrayLeafSpot982,coconut-tree-disease,Dataset/Coconut Tree Disease Dataset/Gray Leaf Spot/GrayLeafSpot982.jpg,gls,2_foliar_disease,,,,1,,,,,
GrayLeafSpot983,coconut-tree-disease,Dataset/Coconut Tree Disease Dataset/Gray Leaf Spot/GrayLeafSpot983.jpg,gls,2_foliar_disease,,,,2,,,,,
GrayLeafSpot984,coconut-tree-disease,Dataset/Coconut Tree Disease Dataset/Gray Leaf Spot/GrayLeafSpot984.jpg,gls,2_foliar_disease,,,,4,,,,,
GrayLeafSpot985,coconut-tree-disease,Dataset/Coconut Tree Disease Dataset/Gray Leaf Spot/GrayLeafSpot985.jpg,gls,2_foliar_disease,,,,1,,,,,
GrayLeafSpot986,coconut-tree-disease,Dataset/Coconut Tree Disease Dataset/Gray Leaf Spot/GrayLeafSpot986.jpg,gls,2_foliar_disease,,,,4,,,,,
GrayLeafSpot987,coconut-tree-disease,Dataset/Coconut Tree Disease Dataset/Gray Leaf Spot/GrayLeafSpot987.jpg,gls,2_foliar_disease,,,,4,,,,,
GrayLeafSpot988,coconut-tree-disease,Dataset/Coconut Tree Disease Dataset/Gray Leaf Spot/GrayLeafSpot988.jpg,gls,2_foliar_disease,,,,1,,,,,
GrayLeafSpot989,coconut-tree-disease,Dataset/Coconut Tree Disease Dataset/Gray Leaf Spot/GrayLeafSpot989.jpg,gls,2_foliar_disease,,,,2,,,,,
GrayLeafSpot990,coconut-tree-disease,Dataset/Coconut Tree Disease Dataset/Gray Leaf Spot/GrayLeafSpot990.jpg,gls,2_foliar_disease,,,,2,,,,,
GrayLeafSpot991,coconut-tree-disease,Dataset/Coconut Tree Disease Dataset/Gray Leaf Spot/GrayLeafSpot991.jpg,gls,2_foliar_disease,,,,2,,,,,
GrayLeafSpot992,coconut-tree-disease,Dataset/Coconut Tree Disease Dataset/Gray Leaf Spot/GrayLeafSpot992.jpg,gls,2_foliar_disease,,,,1,,,,,
GrayLeafSpot993,coconut-tree-disease,Dataset/Coconut Tree Disease Dataset/Gray Leaf Spot/GrayLeafSpot993.jpg,gls,2_foliar_disease,,,,1,,,,,
GrayLeafSpot994,coconut-tree-disease,Dataset/Coconut Tree Disease Dataset/Gray Leaf Spot/GrayLeafSpot994.jpg,gls,2_foliar_disease,,,,2,,,,,
GrayLeafSpot995,coconut-tree-disease,Dataset/Coconut Tree Disease Dataset/Gray Leaf Spot/GrayLeafSpot995.jpg,gls,2_foliar_disease,,,,1,,,,,
GrayLeafSpot996,coconut-tree-disease,Dataset/Coconut Tree Disease Dataset/Gray Leaf Spot/GrayLeafSpot996.jpg,gls,2_foliar_disease,,,,2,,,,,
GrayLeafSpot997,coconut-tree-disease,Dataset/Coconut Tree Disease Dataset/Gray Leaf Spot/GrayLeafSpot997.jpg,gls,2_foliar_disease,,,,2,,,,,
GrayLeafSpot998,coconut-tree-disease,Dataset/Coconut Tree Disease Dataset/Gray Leaf Spot/GrayLeafSpot998.jpg,gls,2_foliar_disease,,,,4,,,,,
GrayLeafSpot999,coconut-tree-disease,Dataset/Coconut Tree Disease Dataset/Gray Leaf Spot/GrayLeafSpot999.jpg,gls,2_foliar_disease,,,,0,,,,,
LeafRot001,coconut-tree-disease,Dataset/Coconut Tree Disease Dataset/Leaf Rot/LeafRot001.jpg,leafrot,2_foliar_disease,,,,1,,,,,
LeafRot002,coconut-tree-disease,Dataset/Coconut Tree Disease Dataset/Leaf Rot/LeafRot002.jpg,leafrot,2_foliar_disease,,,,2,,,,,
LeafRot003,coconut-tree-disease,Dataset/Coconut Tree Disease Dataset/Leaf Rot/LeafRot003.jpg,leafrot,2_foliar_disease,,,,3,,,,,
LeafRot004,coconut-tree-disease,Dataset/Coconut Tree Disease Dataset/Leaf Rot/LeafRot004.jpg,leafrot,2_foliar_disease,,,,0,,,,,
LeafRot005,coconut-tree-disease,Dataset/Coconut Tree Disease Dataset/Leaf Rot/LeafRot005.jpg,leafrot,2_foliar_disease,,,,3,,,,,
LeafRot006,coconut-tree-disease,Dataset/Coconut Tree Disease Dataset/Leaf Rot/LeafRot006.jpg,leafrot,2_foliar_disease,,,,4,,,,,
LeafRot007,coconut-tree-disease,Dataset/Coconut Tree Disease Dataset/Leaf Rot/LeafRot007.jpg,leafrot,2_foliar_disease,,,,4,,,,,
LeafRot008,coconut-tree-disease,Dataset/Coconut Tree Disease Dataset/Leaf Rot/LeafRot008.jpg,leafrot,2_foliar_disease,,,,3,,,,,
LeafRot009,coconut-tree-disease,Dataset/Coconut Tree Disease Dataset/Leaf Rot/LeafRot009.jpg,leafrot,2_foliar_disease,,,,1,,,,,
LeafRot010,coconut-tree-disease,Dataset/Coconut Tree Disease Dataset/Leaf Rot/LeafRot010.jpg,leafrot,2_foliar_disease,,,,4,,,,,
LeafRot011,coconut-tree-disease,Dataset/Coconut Tree Disease Dataset/Leaf Rot/LeafRot011.jpg,leafrot,2_foliar_disease,,,,3,,,,,
LeafRot012,coconut-tree-disease,Dataset/Coconut Tree Disease Dataset/Leaf Rot/LeafRot012.jpg,leafrot,2_foliar_disease,,,,0,,,,,
LeafRot013,coconut-tree-disease,Dataset/Coconut Tree Disease Dataset/Leaf Rot/LeafRot013.jpg,leafrot,2_foliar_disease,,,,1,,,,,
LeafRot014,coconut-tree-disease,Dataset/Coconut Tree Disease Dataset/Leaf Rot/LeafRot014.jpg,leafrot,2_foliar_disease,,,,4,,,,,
LeafRot015,coconut-tree-disease,Dataset/Coconut Tree Disease Dataset/Leaf Rot/LeafRot015.jpg,leafrot,2_foliar_disease,,,,2,,,,,
LeafRot016,coconut-tree-disease,Dataset/Coconut Tree Disease Dataset/Leaf Rot/LeafRot016.jpg,leafrot,2_foliar_disease,,,,4,,,,,
LeafRot017,coconut-tree-disease,Dataset/Coconut Tree Disease Dataset/Leaf Rot/LeafRot017.jpg,leafrot,2_foliar_disease,,,,4,,,,,
LeafRot018,coconut-tree-disease,Dataset/Coconut Tree Disease Dataset/Leaf Rot/LeafRot018.jpg,leafrot,2_foliar_disease,,,,4,,,,,
LeafRot019,coconut-tree-disease,Dataset/Coconut Tree Disease Dataset/Leaf Rot/LeafRot019.jpg,leafrot,2_foliar_disease,,,,0,,,,,
LeafRot020,coconut-tree-disease,Dataset/Coconut Tree Disease Dataset/Leaf Rot/LeafRot020.jpg,leafrot,2_foliar_disease,,,,2,,,,,
LeafRot021,coconut-tree-disease,Dataset/Coconut Tree Disease Dataset/Leaf Rot/LeafRot021.jpg,leafrot,2_foliar_disease,,,,2,,,,,
LeafRot022,coconut-tree-disease,Dataset/Coconut Tree Disease Dataset/Leaf Rot/LeafRot022.jpg,leafrot,2_foliar_disease,,,,0,,,,,
LeafRot023,coconut-tree-disease,Dataset/Coconut Tree Disease Dataset/Leaf Rot/LeafRot023.jpg,leafrot,2_foliar_disease,,,,2,,,,,
LeafRot024,coconut-tree-disease,Dataset/Coconut Tree Disease Dataset/Leaf Rot/LeafRot024.jpg,leafrot,2_foliar_disease,,,,4,,,,,
LeafRot025,coconut-tree-disease,Dataset/Coconut Tree Disease Dataset/Leaf Rot/LeafRot025.jpg,leafrot,2_foliar_disease,,,,2,,,,,
LeafRot026,coconut-tree-disease,Dataset/Coconut Tree Disease Dataset/Leaf Rot/LeafRot026.jpg,leafrot,2_foliar_disease,,,,1,,,,,
LeafRot027,coconut-tree-disease,Dataset/Coconut Tree Disease Dataset/Leaf Rot/LeafRot027.jpg,leafrot,2_foliar_disease,,,,1,,,,,
LeafRot028,coconut-tree-disease,Dataset/Coconut Tree Disease Dataset/Leaf Rot/LeafRot028.jpg,leafrot,2_foliar_disease,,,,1,,,,,
LeafRot029,coconut-tree-disease,Dataset/Coconut Tree Disease Dataset/Leaf Rot/LeafRot029.jpg,leafrot,2_foliar_disease,,,,2,,,,,
LeafRot030,coconut-tree-disease,Dataset/Coconut Tree Disease Dataset/Leaf Rot/LeafRot030.jpg,leafrot,2_foliar_disease,,,,2,,,,,
LeafRot031,coconut-tree-disease,Dataset/Coconut Tree Disease Dataset/Leaf Rot/LeafRot031.jpg,leafrot,2_foliar_disease,,,,1,,,,,
LeafRot032,coconut-tree-disease,Dataset/Coconut Tree Disease Dataset/Leaf Rot/LeafRot032.jpg,leafrot,2_foliar_disease,,,,2,,,,,
LeafRot033,coconut-tree-disease,Dataset/Coconut Tree Disease Dataset/Leaf Rot/LeafRot033.jpg,leafrot,2_foliar_disease,,,,1,,,,,
LeafRot034,coconut-tree-disease,Dataset/Coconut Tree Disease Dataset/Leaf Rot/LeafRot034.jpg,leafrot,2_foliar_disease,,,,4,,,,,
LeafRot035,coconut-tree-disease,Dataset/Coconut Tree Disease Dataset/Leaf Rot/LeafRot035.jpg,leafrot,2_foliar_disease,,,,4,,,,,
LeafRot036,coconut-tree-disease,Dataset/Coconut Tree Disease Dataset/Leaf Rot/LeafRot036.jpg,leafrot,2_foliar_disease,,,,0,,,,,
LeafRot037,coconut-tree-disease,Dataset/Coconut Tree Disease Dataset/Leaf Rot/LeafRot037.jpg,leafrot,2_foliar_disease,,,,4,,,,,
LeafRot038,coconut-tree-disease,Dataset/Coconut Tree Disease Dataset/Leaf Rot/LeafRot038.jpg,leafrot,2_foliar_disease,,,,4,,,,,
LeafRot039,coconut-tree-disease,Dataset/Coconut Tree Disease Dataset/Leaf Rot/LeafRot039.jpg,leafrot,2_foliar_disease,,,,4,,,,,
LeafRot040,coconut-tree-disease,Dataset/Coconut Tree Disease Dataset/Leaf Rot/LeafRot040.jpg,leafrot,2_foliar_disease,,,,0,,,,,
LeafRot041,coconut-tree-disease,Dataset/Coconut Tree Disease Dataset/Leaf Rot/LeafRot041.jpg,leafrot,2_foliar_disease,,,,1,,,,,
LeafRot042,coconut-tree-disease,Dataset/Coconut Tree Disease Dataset/Leaf Rot/LeafRot042.jpg,leafrot,2_foliar_disease,,,,4,,,,,
LeafRot043,coconut-tree-disease,Dataset/Coconut Tree Disease Dataset/Leaf Rot/LeafRot043.jpg,leafrot,2_foliar_disease,,,,1,,,,,
LeafRot044,coconut-tree-disease,Dataset/Coconut Tree Disease Dataset/Leaf Rot/LeafRot044.jpg,leafrot,2_foliar_disease,,,,4,,,,,
LeafRot045,coconut-tree-disease,Dataset/Coconut Tree Disease Dataset/Leaf Rot/LeafRot045.jpg,leafrot,2_foliar_disease,,,,3,,,,,
LeafRot046,coconut-tree-disease,Dataset/Coconut Tree Disease Dataset/Leaf Rot/LeafRot046.jpg,leafrot,2_foliar_disease,,,,0,,,,,
LeafRot047,coconut-tree-disease,Dataset/Coconut Tree Disease Dataset/Leaf Rot/LeafRot047.jpg,leafrot,2_foliar_disease,,,,3,,,,,
LeafRot048,coconut-tree-disease,Dataset/Coconut Tree Disease Dataset/Leaf Rot/LeafRot048.jpg,leafrot,2_foliar_disease,,,,3,,,,,
LeafRot049,coconut-tree-disease,Dataset/Coconut Tree Disease Dataset/Leaf Rot/LeafRot049.jpg,leafrot,2_foliar_disease,,,,4,,,,,
LeafRot050,coconut-tree-disease,Dataset/Coconut Tree Disease Dataset/Leaf Rot/LeafRot050.jpg,leafrot,2_foliar_disease,,,,1,,,,,
LeafRot051,coconut-tree-disease,Dataset/Coconut Tree Disease Dataset/Leaf Rot/LeafRot051.jpg,leafrot,2_foliar_disease,,,,2,,,,,
LeafRot052,coconut-tree-disease,Dataset/Coconut Tree Disease Dataset/Leaf Rot/LeafRot052.jpg,leafrot,2_foliar_disease,,,,3,,,,,
LeafRot053,coconut-tree-disease,Dataset/Coconut Tree Disease Dataset/Leaf Rot/LeafRot053.jpg,leafrot,2_foliar_disease,,,,4,,,,,
LeafRot054,coconut-tree-disease,Dataset/Coconut Tree Disease Dataset/Leaf Rot/LeafRot054.jpg,leafrot,2_foliar_disease,,,,2,,,,,
LeafRot055,coconut-tree-disease,Dataset/Coconut Tree Disease Dataset/Leaf Rot/LeafRot055.jpg,leafrot,2_foliar_disease,,,,1,,,,,
LeafRot056,coconut-tree-disease,Dataset/Coconut Tree Disease Dataset/Leaf Rot/LeafRot056.jpg,leafrot,2_foliar_disease,,,,2,,,,,
LeafRot057,coconut-tree-disease,Dataset/Coconut Tree Disease Dataset/Leaf Rot/LeafRot057.jpg,leafrot,2_foliar_disease,,,,1,,,,,
LeafRot058,coconut-tree-disease,Dataset/Coconut Tree Disease Dataset/Leaf Rot/LeafRot058.jpg,leafrot,2_foliar_disease,,,,2,,,,,
LeafRot059,coconut-tree-disease,Dataset/Coconut Tree Disease Dataset/Leaf Rot/LeafRot059.jpg,leafrot,2_foliar_disease,,,,0,,,,,
LeafRot060,coconut-tree-disease,Dataset/Coconut Tree Disease Dataset/Leaf Rot/LeafRot060.jpg,leafrot,2_foliar_disease,,,,3,,,,,
LeafRot061,coconut-tree-disease,Dataset/Coconut Tree Disease Dataset/Leaf Rot/LeafRot061.jpg,leafrot,2_foliar_disease,,,,1,,,,,
LeafRot062,coconut-tree-disease,Dataset/Coconut Tree Disease Dataset/Leaf Rot/LeafRot062.jpg,leafrot,2_foliar_disease,,,,2,,,,,
LeafRot063,coconut-tree-disease,Dataset/Coconut Tree Disease Dataset/Leaf Rot/LeafRot063.jpg,leafrot,2_foliar_disease,,,,4,,,,,
LeafRot064,coconut-tree-disease,Dataset/Coconut Tree Disease Dataset/Leaf Rot/LeafRot064.jpg,leafrot,2_foliar_disease,,,,1,,,,,
LeafRot065,coconut-tree-disease,Dataset/Coconut Tree Disease Dataset/Leaf Rot/LeafRot065.jpg,leafrot,2_foliar_disease,,,,4,,,,,
LeafRot066,coconut-tree-disease,Dataset/Coconut Tree Disease Dataset/Leaf Rot/LeafRot066.jpg,leafrot,2_foliar_disease,,,,4,,,,,
LeafRot067,coconut-tree-disease,Dataset/Coconut Tree Disease Dataset/Leaf Rot/LeafRot067.jpg,leafrot,2_foliar_disease,,,,0,,,,,
LeafRot068,coconut-tree-disease,Dataset/Coconut Tree Disease Dataset/Leaf Rot/LeafRot068.jpg,leafrot,2_foliar_disease,,,,1,,,,,
LeafRot069,coconut-tree-disease,Dataset/Coconut Tree Disease Dataset/Leaf Rot/LeafRot069.jpg,leafrot,2_foliar_disease,,,,1,,,,,
LeafRot070,coconut-tree-disease,Dataset/Coconut Tree Disease Dataset/Leaf Rot/LeafRot070.jpg,leafrot,2_foliar_disease,,,,1,,,,,
LeafRot071,coconut-tree-disease,Dataset/Coconut Tree Disease Dataset/Leaf Rot/LeafRot071.jpg,leafrot,2_foliar_disease,,,,0,,,,,
LeafRot072,coconut-tree-disease,Dataset/Coconut Tree Disease Dataset/Leaf Rot/LeafRot072.jpg,leafrot,2_foliar_disease,,,,1,,,,,
LeafRot073,coconut-tree-disease,Dataset/Coconut Tree Disease Dataset/Leaf Rot/LeafRot073.jpg,leafrot,2_foliar_disease,,,,2,,,,,
LeafRot074,coconut-tree-disease,Dataset/Coconut Tree Disease Dataset/Leaf Rot/LeafRot074.jpg,leafrot,2_foliar_disease,,,,4,,,,,
LeafRot075,coconut-tree-disease,Dataset/Coconut Tree Disease Dataset/Leaf Rot/LeafRot075.jpg,leafrot,2_foliar_disease,,,,3,,,,,
LeafRot076,coconut-tree-disease,Dataset/Coconut Tree Disease Dataset/Leaf Rot/LeafRot076.jpg,leafrot,2_foliar_disease,,,,3,,,,,
LeafRot077,coconut-tree-disease,Dataset/Coconut Tree Disease Dataset/Leaf Rot/LeafRot077.jpg,leafrot,2_foliar_disease,,,,4,,,,,
LeafRot078,coconut-tree-disease,Dataset/Coconut Tree Disease Dataset/Leaf Rot/LeafRot078.jpg,leafrot,2_foliar_disease,,,,0,,,,,
LeafRot079,coconut-tree-disease,Dataset/Coconut Tree Disease Dataset/Leaf Rot/LeafRot079.jpg,leafrot,2_foliar_disease,,,,2,,,,,
LeafRot080,coconut-tree-disease,Dataset/Coconut Tree Disease Dataset/Leaf Rot/LeafRot080.jpg,leafrot,2_foliar_disease,,,,1,,,,,
LeafRot081,coconut-tree-disease,Dataset/Coconut Tree Disease Dataset/Leaf Rot/LeafRot081.jpg,leafrot,2_foliar_disease,,,,4,,,,,
LeafRot082,coconut-tree-disease,Dataset/Coconut Tree Disease Dataset/Leaf Rot/LeafRot082.jpg,leafrot,2_foliar_disease,,,,4,,,,,
LeafRot083,coconut-tree-disease,Dataset/Coconut Tree Disease Dataset/Leaf Rot/LeafRot083.jpg,leafrot,2_foliar_disease,,,,1,,,,,
LeafRot084,coconut-tree-disease,Dataset/Coconut Tree Disease Dataset/Leaf Rot/LeafRot084.jpg,leafrot,2_foliar_disease,,,,2,,,,,
LeafRot085,coconut-tree-disease,Dataset/Coconut Tree Disease Dataset/Leaf Rot/LeafRot085.jpg,leafrot,2_foliar_disease,,,,4,,,,,
LeafRot086,coconut-tree-disease,Dataset/Coconut Tree Disease Dataset/Leaf Rot/LeafRot086.jpg,leafrot,2_foliar_disease,,,,1,,,,,
LeafRot087,coconut-tree-disease,Dataset/Coconut Tree Disease Dataset/Leaf Rot/LeafRot087.jpg,leafrot,2_foliar_disease,,,,0,,,,,
LeafRot088,coconut-tree-disease,Dataset/Coconut Tree Disease Dataset/Leaf Rot/LeafRot088.jpg,leafrot,2_foliar_disease,,,,0,,,,,
LeafRot089,coconut-tree-disease,Dataset/Coconut Tree Disease Dataset/Leaf Rot/LeafRot089.jpg,leafrot,2_foliar_disease,,,,4,,,,,
LeafRot090,coconut-tree-disease,Dataset/Coconut Tree Disease Dataset/Leaf Rot/LeafRot090.jpg,leafrot,2_foliar_disease,,,,0,,,,,
LeafRot091,coconut-tree-disease,Dataset/Coconut Tree Disease Dataset/Leaf Rot/LeafRot091.jpg,leafrot,2_foliar_disease,,,,0,,,,,
LeafRot092,coconut-tree-disease,Dataset/Coconut Tree Disease Dataset/Leaf Rot/LeafRot092.jpg,leafrot,2_foliar_disease,,,,4,,,,,
LeafRot093,coconut-tree-disease,Dataset/Coconut Tree Disease Dataset/Leaf Rot/LeafRot093.jpg,leafrot,2_foliar_disease,,,,4,,,,,
LeafRot094,coconut-tree-disease,Dataset/Coconut Tree Disease Dataset/Leaf Rot/LeafRot094.jpg,leafrot,2_foliar_disease,,,,2,,,,,
LeafRot095,coconut-tree-disease,Dataset/Coconut Tree Disease Dataset/Leaf Rot/LeafRot095.jpg,leafrot,2_foliar_disease,,,,1,,,,,
LeafRot096,coconut-tree-disease,Dataset/Coconut Tree Disease Dataset/Leaf Rot/LeafRot096.jpg,leafrot,2_foliar_disease,,,,2,,,,,
LeafRot097,coconut-tree-disease,Dataset/Coconut Tree Disease Dataset/Leaf Rot/LeafRot097.jpg,leafrot,2_foliar_disease,,,,1,,,,,
LeafRot098,coconut-tree-disease,Dataset/Coconut Tree Disease Dataset/Leaf Rot/LeafRot098.jpg,leafrot,2_foliar_disease,,,,2,,,,,
LeafRot099,coconut-tree-disease,Dataset/Coconut Tree Disease Dataset/Leaf Rot/LeafRot099.jpg,leafrot,2_foliar_disease,,,,0,,,,,
LeafRot100,coconut-tree-disease,Dataset/Coconut Tree Disease Dataset/Leaf Rot/LeafRot100.jpg,leafrot,2_foliar_disease,,,,2,,,,,
LeafRot1000,coconut-tree-disease,Dataset/Coconut Tree Disease Dataset/Leaf Rot/LeafRot1000.jpg,leafrot,2_foliar_disease,,,,2,,,,,
LeafRot1001,coconut-tree-disease,Dataset/Coconut Tree Disease Dataset/Leaf Rot/LeafRot1001.jpg,leafrot,2_foliar_disease,,,,4,,,,,
LeafRot1002,coconut-tree-disease,Dataset/Coconut Tree Disease Dataset/Leaf Rot/LeafRot1002.jpg,leafrot,2_foliar_disease,,,,1,,,,,
LeafRot1003,coconut-tree-disease,Dataset/Coconut Tree Disease Dataset/Leaf Rot/LeafRot1003.jpg,leafrot,2_foliar_disease,,,,1,,,,,
LeafRot1004,coconut-tree-disease,Dataset/Coconut Tree Disease Dataset/Leaf Rot/LeafRot1004.jpg,leafrot,2_foliar_disease,,,,3,,,,,
LeafRot1005,coconut-tree-disease,Dataset/Coconut Tree Disease Dataset/Leaf Rot/LeafRot1005.jpg,leafrot,2_foliar_disease,,,,4,,,,,
LeafRot1006,coconut-tree-disease,Dataset/Coconut Tree Disease Dataset/Leaf Rot/LeafRot1006.jpg,leafrot,2_foliar_disease,,,,4,,,,,
LeafRot1007,coconut-tree-disease,Dataset/Coconut Tree Disease Dataset/Leaf Rot/LeafRot1007.jpg,leafrot,2_foliar_disease,,,,4,,,,,
LeafRot1008,coconut-tree-disease,Dataset/Coconut Tree Disease Dataset/Leaf Rot/LeafRot1008.jpg,leafrot,2_foliar_disease,,,,1,,,,,
LeafRot1009,coconut-tree-disease,Dataset/Coconut Tree Disease Dataset/Leaf Rot/LeafRot1009.jpg,leafrot,2_foliar_disease,,,,4,,,,,
LeafRot101,coconut-tree-disease,Dataset/Coconut Tree Disease Dataset/Leaf Rot/LeafRot101.jpg,leafrot,2_foliar_disease,,,,3,,,,,
LeafRot1010,coconut-tree-disease,Dataset/Coconut Tree Disease Dataset/Leaf Rot/LeafRot1010.jpg,leafrot,2_foliar_disease,,,,0,,,,,
LeafRot1011,coconut-tree-disease,Dataset/Coconut Tree Disease Dataset/Leaf Rot/LeafRot1011.jpg,leafrot,2_foliar_disease,,,,0,,,,,
LeafRot1012,coconut-tree-disease,Dataset/Coconut Tree Disease Dataset/Leaf Rot/LeafRot1012.jpg,leafrot,2_foliar_disease,,,,4,,,,,
LeafRot1013,coconut-tree-disease,Dataset/Coconut Tree Disease Dataset/Leaf Rot/LeafRot1013.jpg,leafrot,2_foliar_disease,,,,4,,,,,
LeafRot1014,coconut-tree-disease,Dataset/Coconut Tree Disease Dataset/Leaf Rot/LeafRot1014.jpg,leafrot,2_foliar_disease,,,,1,,,,,
LeafRot1015,coconut-tree-disease,Dataset/Coconut Tree Disease Dataset/Leaf Rot/LeafRot1015.jpg,leafrot,2_foliar_disease,,,,3,,,,,
LeafRot1016,coconut-tree-disease,Dataset/Coconut Tree Disease Dataset/Leaf Rot/LeafRot1016.jpg,leafrot,2_foliar_disease,,,,1,,,,,
LeafRot1017,coconut-tree-disease,Dataset/Coconut Tree Disease Dataset/Leaf Rot/LeafRot1017.jpg,leafrot,2_foliar_disease,,,,0,,,,,
LeafRot1018,coconut-tree-disease,Dataset/Coconut Tree Disease Dataset/Leaf Rot/LeafRot1018.jpg,leafrot,2_foliar_disease,,,,2,,,,,
LeafRot1019,coconut-tree-disease,Dataset/Coconut Tree Disease Dataset/Leaf Rot/LeafRot1019.jpg,leafrot,2_foliar_disease,,,,3,,,,,
LeafRot102,coconut-tree-disease,Dataset/Coconut Tree Disease Dataset/Leaf Rot/LeafRot102.jpg,leafrot,2_foliar_disease,,,,1,,,,,
LeafRot1020,coconut-tree-disease,Dataset/Coconut Tree Disease Dataset/Leaf Rot/LeafRot1020.jpg,leafrot,2_foliar_disease,,,,4,,,,,
LeafRot1021,coconut-tree-disease,Dataset/Coconut Tree Disease Dataset/Leaf Rot/LeafRot1021.jpg,leafrot,2_foliar_disease,,,,1,,,,,
LeafRot1022,coconut-tree-disease,Dataset/Coconut Tree Disease Dataset/Leaf Rot/LeafRot1022.jpg,leafrot,2_foliar_disease,,,,0,,,,,
LeafRot1023,coconut-tree-disease,Dataset/Coconut Tree Disease Dataset/Leaf Rot/LeafRot1023.jpg,leafrot,2_foliar_disease,,,,3,,,,,
LeafRot1024,coconut-tree-disease,Dataset/Coconut Tree Disease Dataset/Leaf Rot/LeafRot1024.jpg,leafrot,2_foliar_disease,,,,3,,,,,
LeafRot1025,coconut-tree-disease,Dataset/Coconut Tree Disease Dataset/Leaf Rot/LeafRot1025.jpg,leafrot,2_foliar_disease,,,,2,,,,,
LeafRot1026,coconut-tree-disease,Dataset/Coconut Tree Disease Dataset/Leaf Rot/LeafRot1026.jpg,leafrot,2_foliar_disease,,,,2,,,,,
LeafRot1027,coconut-tree-disease,Dataset/Coconut Tree Disease Dataset/Leaf Rot/LeafRot1027.jpg,leafrot,2_foliar_disease,,,,2,,,,,
LeafRot1028,coconut-tree-disease,Dataset/Coconut Tree Disease Dataset/Leaf Rot/LeafRot1028.jpg,leafrot,2_foliar_disease,,,,1,,,,,
LeafRot1029,coconut-tree-disease,Dataset/Coconut Tree Disease Dataset/Leaf Rot/LeafRot1029.jpg,leafrot,2_foliar_disease,,,,4,,,,,
LeafRot103,coconut-tree-disease,Dataset/Coconut Tree Disease Dataset/Leaf Rot/LeafRot103.jpg,leafrot,2_foliar_disease,,,,1,,,,,
LeafRot1030,coconut-tree-disease,Dataset/Coconut Tree Disease Dataset/Leaf Rot/LeafRot1030.jpg,leafrot,2_foliar_disease,,,,1,,,,,
LeafRot1031,coconut-tree-disease,Dataset/Coconut Tree Disease Dataset/Leaf Rot/LeafRot1031.jpg,leafrot,2_foliar_disease,,,,2,,,,,
LeafRot1032,coconut-tree-disease,Dataset/Coconut Tree Disease Dataset/Leaf Rot/LeafRot1032.jpg,leafrot,2_foliar_disease,,,,3,,,,,
LeafRot1033,coconut-tree-disease,Dataset/Coconut Tree Disease Dataset/Leaf Rot/LeafRot1033.jpg,leafrot,2_foliar_disease,,,,1,,,,,
LeafRot1034,coconut-tree-disease,Dataset/Coconut Tree Disease Dataset/Leaf Rot/LeafRot1034.jpg,leafrot,2_foliar_disease,,,,2,,,,,
LeafRot1035,coconut-tree-disease,Dataset/Coconut Tree Disease Dataset/Leaf Rot/LeafRot1035.jpg,leafrot,2_foliar_disease,,,,2,,,,,
LeafRot1036,coconut-tree-disease,Dataset/Coconut Tree Disease Dataset/Leaf Rot/LeafRot1036.jpg,leafrot,2_foliar_disease,,,,2,,,,,
LeafRot1037,coconut-tree-disease,Dataset/Coconut Tree Disease Dataset/Leaf Rot/LeafRot1037.jpg,leafrot,2_foliar_disease,,,,0,,,,,
LeafRot1038,coconut-tree-disease,Dataset/Coconut Tree Disease Dataset/Leaf Rot/LeafRot1038.jpg,leafrot,2_foliar_disease,,,,3,,,,,
LeafRot1039,coconut-tree-disease,Dataset/Coconut Tree Disease Dataset/Leaf Rot/LeafRot1039.jpg,leafrot,2_foliar_disease,,,,1,,,,,
LeafRot104,coconut-tree-disease,Dataset/Coconut Tree Disease Dataset/Leaf Rot/LeafRot104.jpg,leafrot,2_foliar_disease,,,,2,,,,,
LeafRot1040,coconut-tree-disease,Dataset/Coconut Tree Disease Dataset/Leaf Rot/LeafRot1040.jpg,leafrot,2_foliar_disease,,,,0,,,,,
LeafRot1041,coconut-tree-disease,Dataset/Coconut Tree Disease Dataset/Leaf Rot/LeafRot1041.jpg,leafrot,2_foliar_disease,,,,1,,,,,
LeafRot1042,coconut-tree-disease,Dataset/Coconut Tree Disease Dataset/Leaf Rot/LeafRot1042.jpg,leafrot,2_foliar_disease,,,,3,,,,,
LeafRot1043,coconut-tree-disease,Dataset/Coconut Tree Disease Dataset/Leaf Rot/LeafRot1043.jpg,leafrot,2_foliar_disease,,,,1,,,,,
LeafRot1044,coconut-tree-disease,Dataset/Coconut Tree Disease Dataset/Leaf Rot/LeafRot1044.jpg,leafrot,2_foliar_disease,,,,2,,,,,
LeafRot1045,coconut-tree-disease,Dataset/Coconut Tree Disease Dataset/Leaf Rot/LeafRot1045.jpg,leafrot,2_foliar_disease,,,,3,,,,,
LeafRot1046,coconut-tree-disease,Dataset/Coconut Tree Disease Dataset/Leaf Rot/LeafRot1046.jpg,leafrot,2_foliar_disease,,,,1,,,,,
LeafRot1047,coconut-tree-disease,Dataset/Coconut Tree Disease Dataset/Leaf Rot/LeafRot1047.jpg,leafrot,2_foliar_disease,,,,1,,,,,
LeafRot1048,coconut-tree-disease,Dataset/Coconut Tree Disease Dataset/Leaf Rot/LeafRot1048.jpg,leafrot,2_foliar_disease,,,,1,,,,,
LeafRot1049,coconut-tree-disease,Dataset/Coconut Tree Disease Dataset/Leaf Rot/LeafRot1049.jpg,leafrot,2_foliar_disease,,,,0,,,,,
LeafRot105,coconut-tree-disease,Dataset/Coconut Tree Disease Dataset/Leaf Rot/LeafRot105.jpg,leafrot,2_foliar_disease,,,,3,,,,,
LeafRot1050,coconut-tree-disease,Dataset/Coconut Tree Disease Dataset/Leaf Rot/LeafRot1050.jpg,leafrot,2_foliar_disease,,,,1,,,,,
LeafRot1051,coconut-tree-disease,Dataset/Coconut Tree Disease Dataset/Leaf Rot/LeafRot1051.jpg,leafrot,2_foliar_disease,,,,2,,,,,
LeafRot1052,coconut-tree-disease,Dataset/Coconut Tree Disease Dataset/Leaf Rot/LeafRot1052.jpg,leafrot,2_foliar_disease,,,,4,,,,,
LeafRot1053,coconut-tree-disease,Dataset/Coconut Tree Disease Dataset/Leaf Rot/LeafRot1053.jpg,leafrot,2_foliar_disease,,,,0,,,,,
LeafRot1054,coconut-tree-disease,Dataset/Coconut Tree Disease Dataset/Leaf Rot/LeafRot1054.jpg,leafrot,2_foliar_disease,,,,2,,,,,
LeafRot1055,coconut-tree-disease,Dataset/Coconut Tree Disease Dataset/Leaf Rot/LeafRot1055.jpg,leafrot,2_foliar_disease,,,,0,,,,,
LeafRot1056,coconut-tree-disease,Dataset/Coconut Tree Disease Dataset/Leaf Rot/LeafRot1056.jpg,leafrot,2_foliar_disease,,,,2,,,,,
LeafRot1057,coconut-tree-disease,Dataset/Coconut Tree Disease Dataset/Leaf Rot/LeafRot1057.jpg,leafrot,2_foliar_disease,,,,4,,,,,
LeafRot1058,coconut-tree-disease,Dataset/Coconut Tree Disease Dataset/Leaf Rot/LeafRot1058.jpg,leafrot,2_foliar_disease,,,,1,,,,,
LeafRot1059,coconut-tree-disease,Dataset/Coconut Tree Disease Dataset/Leaf Rot/LeafRot1059.jpg,leafrot,2_foliar_disease,,,,0,,,,,
LeafRot106,coconut-tree-disease,Dataset/Coconut Tree Disease Dataset/Leaf Rot/LeafRot106.jpg,leafrot,2_foliar_disease,,,,4,,,,,
LeafRot1060,coconut-tree-disease,Dataset/Coconut Tree Disease Dataset/Leaf Rot/LeafRot1060.jpg,leafrot,2_foliar_disease,,,,3,,,,,
LeafRot1061,coconut-tree-disease,Dataset/Coconut Tree Disease Dataset/Leaf Rot/LeafRot1061.jpg,leafrot,2_foliar_disease,,,,0,,,,,
LeafRot1062,coconut-tree-disease,Dataset/Coconut Tree Disease Dataset/Leaf Rot/LeafRot1062.jpg,leafrot,2_foliar_disease,,,,1,,,,,
LeafRot1063,coconut-tree-disease,Dataset/Coconut Tree Disease Dataset/Leaf Rot/LeafRot1063.jpg,leafrot,2_foliar_disease,,,,2,,,,,
LeafRot1064,coconut-tree-disease,Dataset/Coconut Tree Disease Dataset/Leaf Rot/LeafRot1064.jpg,leafrot,2_foliar_disease,,,,1,,,,,
LeafRot1065,coconut-tree-disease,Dataset/Coconut Tree Disease Dataset/Leaf Rot/LeafRot1065.jpg,leafrot,2_foliar_disease,,,,2,,,,,
LeafRot1066,coconut-tree-disease,Dataset/Coconut Tree Disease Dataset/Leaf Rot/LeafRot1066.jpg,leafrot,2_foliar_disease,,,,2,,,,,
LeafRot1067,coconut-tree-disease,Dataset/Coconut Tree Disease Dataset/Leaf Rot/LeafRot1067.jpg,leafrot,2_foliar_disease,,,,3,,,,,
LeafRot1068,coconut-tree-disease,Dataset/Coconut Tree Disease Dataset/Leaf Rot/LeafRot1068.jpg,leafrot,2_foliar_disease,,,,1,,,,,
LeafRot1069,coconut-tree-disease,Dataset/Coconut Tree Disease Dataset/Leaf Rot/LeafRot1069.jpg,leafrot,2_foliar_disease,,,,4,,,,,
LeafRot107,coconut-tree-disease,Dataset/Coconut Tree Disease Dataset/Leaf Rot/LeafRot107.jpg,leafrot,2_foliar_disease,,,,1,,,,,
LeafRot1070,coconut-tree-disease,Dataset/Coconut Tree Disease Dataset/Leaf Rot/LeafRot1070.jpg,leafrot,2_foliar_disease,,,,1,,,,,
LeafRot1071,coconut-tree-disease,Dataset/Coconut Tree Disease Dataset/Leaf Rot/LeafRot1071.jpg,leafrot,2_foliar_disease,,,,4,,,,,
LeafRot1072,coconut-tree-disease,Dataset/Coconut Tree Disease Dataset/Leaf Rot/LeafRot1072.jpg,leafrot,2_foliar_disease,,,,4,,,,,
LeafRot1073,coconut-tree-disease,Dataset/Coconut Tree Disease Dataset/Leaf Rot/LeafRot1073.jpg,leafrot,2_foliar_disease,,,,1,,,,,
LeafRot1074,coconut-tree-disease,Dataset/Coconut Tree Disease Dataset/Leaf Rot/LeafRot1074.jpg,leafrot,2_foliar_disease,,,,2,,,,,
LeafRot1075,coconut-tree-disease,Dataset/Coconut Tree Disease Dataset/Leaf Rot/LeafRot1075.jpg,leafrot,2_foliar_disease,,,,0,,,,,
LeafRot1076,coconut-tree-disease,Dataset/Coconut Tree Disease Dataset/Leaf Rot/LeafRot1076.jpg,leafrot,2_foliar_disease,,,,1,,,,,
LeafRot1077,coconut-tree-disease,Dataset/Coconut Tree Disease Dataset/Leaf Rot/LeafRot1077.jpg,leafrot,2_foliar_disease,,,,4,,,,,
LeafRot1078,coconut-tree-disease,Dataset/Coconut Tree Disease Dataset/Leaf Rot/LeafRot1078.jpg,leafrot,2_foliar_disease,,,,0,,,,,
LeafRot1079,coconut-tree-disease,Dataset/Coconut Tree Disease Dataset/Leaf Rot/LeafRot1079.jpg,leafrot,2_foliar_disease,,,,3,,,,,
LeafRot108,coconut-tree-disease,Dataset/Coconut Tree Disease Dataset/Leaf Rot/LeafRot108.jpg,leafrot,2_foliar_disease,,,,0,,,,,
LeafRot1080,coconut-tree-disease,Dataset/Coconut Tree Disease Dataset/Leaf Rot/LeafRot1080.jpg,leafrot,2_foliar_disease,,,,1,,,,,
LeafRot1081,coconut-tree-disease,Dataset/Coconut Tree Disease Dataset/Leaf Rot/LeafRot1081.jpg,leafrot,2_foliar_disease,,,,3,,,,,
LeafRot1082,coconut-tree-disease,Dataset/Coconut Tree Disease Dataset/Leaf Rot/LeafRot1082.jpg,leafrot,2_foliar_disease,,,,0,,,,,
LeafRot1083,coconut-tree-disease,Dataset/Coconut Tree Disease Dataset/Leaf Rot/LeafRot1083.jpg,leafrot,2_foliar_disease,,,,3,,,,,
LeafRot1084,coconut-tree-disease,Dataset/Coconut Tree Disease Dataset/Leaf Rot/LeafRot1084.jpg,leafrot,2_foliar_disease,,,,2,,,,,
LeafRot1085,coconut-tree-disease,Dataset/Coconut Tree Disease Dataset/Leaf Rot/LeafRot1085.jpg,leafrot,2_foliar_disease,,,,3,,,,,
LeafRot1086,coconut-tree-disease,Dataset/Coconut Tree Disease Dataset/Leaf Rot/LeafRot1086.jpg,leafrot,2_foliar_disease,,,,2,,,,,
LeafRot1087,coconut-tree-disease,Dataset/Coconut Tree Disease Dataset/Leaf Rot/LeafRot1087.jpg,leafrot,2_foliar_disease,,,,2,,,,,
LeafRot1088,coconut-tree-disease,Dataset/Coconut Tree Disease Dataset/Leaf Rot/LeafRot1088.jpg,leafrot,2_foliar_disease,,,,4,,,,,
LeafRot1089,coconut-tree-disease,Dataset/Coconut Tree Disease Dataset/Leaf Rot/LeafRot1089.jpg,leafrot,2_foliar_disease,,,,1,,,,,
LeafRot109,coconut-tree-disease,Dataset/Coconut Tree Disease Dataset/Leaf Rot/LeafRot109.jpg,leafrot,2_foliar_disease,,,,3,,,,,
LeafRot1090,coconut-tree-disease,Dataset/Coconut Tree Disease Dataset/Leaf Rot/LeafRot1090.jpg,leafrot,2_foliar_disease,,,,2,,,,,
LeafRot1091,coconut-tree-disease,Dataset/Coconut Tree Disease Dataset/Leaf Rot/LeafRot1091.jpg,leafrot,2_foliar_disease,,,,1,,,,,
LeafRot1092,coconut-tree-disease,Dataset/Coconut Tree Disease Dataset/Leaf Rot/LeafRot1092.jpg,leafrot,2_foliar_disease,,,,2,,,,,
LeafRot1093,coconut-tree-disease,Dataset/Coconut Tree Disease Dataset/Leaf Rot/LeafRot1093.jpg,leafrot,2_foliar_disease,,,,0,,,,,
LeafRot1094,coconut-tree-disease,Dataset/Coconut Tree Disease Dataset/Leaf Rot/LeafRot1094.jpg,leafrot,2_foliar_disease,,,,2,,,,,
LeafRot1095,coconut-tree-disease,Dataset/Coconut Tree Disease Dataset/Leaf Rot/LeafRot1095.jpg,leafrot,2_foliar_disease,,,,4,,,,,
LeafRot1096,coconut-tree-disease,Dataset/Coconut Tree Disease Dataset/Leaf Rot/LeafRot1096.jpg,leafrot,2_foliar_disease,,,,2,,,,,
LeafRot1097,coconut-tree-disease,Dataset/Coconut Tree Disease Dataset/Leaf Rot/LeafRot1097.jpg,leafrot,2_foliar_disease,,,,0,,,,,
LeafRot1098,coconut-tree-disease,Dataset/Coconut Tree Disease Dataset/Leaf Rot/LeafRot1098.jpg,leafrot,2_foliar_disease,,,,3,,,,,
LeafRot1099,coconut-tree-disease,Dataset/Coconut Tree Disease Dataset/Leaf Rot/LeafRot1099.jpg,leafrot,2_foliar_disease,,,,2,,,,,
LeafRot110,coconut-tree-disease,Dataset/Coconut Tree Disease Dataset/Leaf Rot/LeafRot110.jpg,leafrot,2_foliar_disease,,,,3,,,,,
LeafRot1100,coconut-tree-disease,Dataset/Coconut Tree Disease Dataset/Leaf Rot/LeafRot1100.jpg,leafrot,2_foliar_disease,,,,2,,,,,
LeafRot1101,coconut-tree-disease,Dataset/Coconut Tree Disease Dataset/Leaf Rot/LeafRot1101.jpg,leafrot,2_foliar_disease,,,,3,,,,,
LeafRot1102,coconut-tree-disease,Dataset/Coconut Tree Disease Dataset/Leaf Rot/LeafRot1102.jpg,leafrot,2_foliar_disease,,,,3,,,,,
LeafRot1103,coconut-tree-disease,Dataset/Coconut Tree Disease Dataset/Leaf Rot/LeafRot1103.jpg,leafrot,2_foliar_disease,,,,1,,,,,
LeafRot1104,coconut-tree-disease,Dataset/Coconut Tree Disease Dataset/Leaf Rot/LeafRot1104.jpg,leafrot,2_foliar_disease,,,,3,,,,,
LeafRot1105,coconut-tree-disease,Dataset/Coconut Tree Disease Dataset/Leaf Rot/LeafRot1105.jpg,leafrot,2_foliar_disease,,,,1,,,,,
LeafRot1106,coconut-tree-disease,Dataset/Coconut Tree Disease Dataset/Leaf Rot/LeafRot1106.jpg,leafrot,2_foliar_disease,,,,0,,,,,
LeafRot1107,coconut-tree-disease,Dataset/Coconut Tree Disease Dataset/Leaf Rot/LeafRot1107.jpg,leafrot,2_foliar_disease,,,,0,,,,,
LeafRot1108,coconut-tree-disease,Dataset/Coconut Tree Disease Dataset/Leaf Rot/LeafRot1108.jpg,leafrot,2_foliar_disease,,,,3,,,,,
LeafRot1109,coconut-tree-disease,Dataset/Coconut Tree Disease Dataset/Leaf Rot/LeafRot1109.jpg,leafrot,2_foliar_disease,,,,4,,,,,
LeafRot111,coconut-tree-disease,Dataset/Coconut Tree Disease Dataset/Leaf Rot/LeafRot111.jpg,leafrot,2_foliar_disease,,,,1,,,,,
LeafRot1110,coconut-tree-disease,Dataset/Coconut Tree Disease Dataset/Leaf Rot/LeafRot1110.jpg,leafrot,2_foliar_disease,,,,1,,,,,
LeafRot1111,coconut-tree-disease,Dataset/Coconut Tree Disease Dataset/Leaf Rot/LeafRot1111.jpg,leafrot,2_foliar_disease,,,,4,,,,,
LeafRot1112,coconut-tree-disease,Dataset/Coconut Tree Disease Dataset/Leaf Rot/LeafRot1112.jpg,leafrot,2_foliar_disease,,,,2,,,,,
LeafRot1113,coconut-tree-disease,Dataset/Coconut Tree Disease Dataset/Leaf Rot/LeafRot1113.jpg,leafrot,2_foliar_disease,,,,0,,,,,
LeafRot1114,coconut-tree-disease,Dataset/Coconut Tree Disease Dataset/Leaf Rot/LeafRot1114.jpg,leafrot,2_foliar_disease,,,,0,,,,,
LeafRot1115,coconut-tree-disease,Dataset/Coconut Tree Disease Dataset/Leaf Rot/LeafRot1115.jpg,leafrot,2_foliar_disease,,,,1,,,,,
LeafRot1116,coconut-tree-disease,Dataset/Coconut Tree Disease Dataset/Leaf Rot/LeafRot1116.jpg,leafrot,2_foliar_disease,,,,1,,,,,
LeafRot1117,coconut-tree-disease,Dataset/Coconut Tree Disease Dataset/Leaf Rot/LeafRot1117.jpg,leafrot,2_foliar_disease,,,,4,,,,,
LeafRot1118,coconut-tree-disease,Dataset/Coconut Tree Disease Dataset/Leaf Rot/LeafRot1118.jpg,leafrot,2_foliar_disease,,,,2,,,,,
LeafRot1119,coconut-tree-disease,Dataset/Coconut Tree Disease Dataset/Leaf Rot/LeafRot1119.jpg,leafrot,2_foliar_disease,,,,4,,,,,
LeafRot112,coconut-tree-disease,Dataset/Coconut Tree Disease Dataset/Leaf Rot/LeafRot112.jpg,leafrot,2_foliar_disease,,,,4,,,,,
LeafRot1120,coconut-tree-disease,Dataset/Coconut Tree Disease Dataset/Leaf Rot/LeafRot1120.jpg,leafrot,2_foliar_disease,,,,3,,,,,
LeafRot1121,coconut-tree-disease,Dataset/Coconut Tree Disease Dataset/Leaf Rot/LeafRot1121.jpg,leafrot,2_foliar_disease,,,,3,,,,,
LeafRot1122,coconut-tree-disease,Dataset/Coconut Tree Disease Dataset/Leaf Rot/LeafRot1122.jpg,leafrot,2_foliar_disease,,,,3,,,,,
LeafRot1123,coconut-tree-disease,Dataset/Coconut Tree Disease Dataset/Leaf Rot/LeafRot1123.jpg,leafrot,2_foliar_disease,,,,0,,,,,
LeafRot1124,coconut-tree-disease,Dataset/Coconut Tree Disease Dataset/Leaf Rot/LeafRot1124.jpg,leafrot,2_foliar_disease,,,,3,,,,,
LeafRot1125,coconut-tree-disease,Dataset/Coconut Tree Disease Dataset/Leaf Rot/LeafRot1125.jpg,leafrot,2_foliar_disease,,,,2,,,,,
LeafRot1126,coconut-tree-disease,Dataset/Coconut Tree Disease Dataset/Leaf Rot/LeafRot1126.jpg,leafrot,2_foliar_disease,,,,1,,,,,
LeafRot1127,coconut-tree-disease,Dataset/Coconut Tree Disease Dataset/Leaf Rot/LeafRot1127.jpg,leafrot,2_foliar_disease,,,,0,,,,,
LeafRot1128,coconut-tree-disease,Dataset/Coconut Tree Disease Dataset/Leaf Rot/LeafRot1128.jpg,leafrot,2_foliar_disease,,,,1,,,,,
LeafRot1129,coconut-tree-disease,Dataset/Coconut Tree Disease Dataset/Leaf Rot/LeafRot1129.jpg,leafrot,2_foliar_disease,,,,1,,,,,
LeafRot113,coconut-tree-disease,Dataset/Coconut Tree Disease Dataset/Leaf Rot/LeafRot113.jpg,leafrot,2_foliar_disease,,,,0,,,,,
LeafRot1130,coconut-tree-disease,Dataset/Coconut Tree Disease Dataset/Leaf Rot/LeafRot1130.jpg,leafrot,2_foliar_disease,,,,4,,,,,
LeafRot1131,coconut-tree-disease,Dataset/Coconut Tree Disease Dataset/Leaf Rot/LeafRot1131.jpg,leafrot,2_foliar_disease,,,,1,,,,,
LeafRot1132,coconut-tree-disease,Dataset/Coconut Tree Disease Dataset/Leaf Rot/LeafRot1132.jpg,leafrot,2_foliar_disease,,,,4,,,,,
LeafRot1133,coconut-tree-disease,Dataset/Coconut Tree Disease Dataset/Leaf Rot/LeafRot1133.jpg,leafrot,2_foliar_disease,,,,3,,,,,
LeafRot1134,coconut-tree-disease,Dataset/Coconut Tree Disease Dataset/Leaf Rot/LeafRot1134.jpg,leafrot,2_foliar_disease,,,,4,,,,,
LeafRot1135,coconut-tree-disease,Dataset/Coconut Tree Disease Dataset/Leaf Rot/LeafRot1135.jpg,leafrot,2_foliar_disease,,,,4,,,,,
LeafRot1136,coconut-tree-disease,Dataset/Coconut Tree Disease Dataset/Leaf Rot/LeafRot1136.jpg,leafrot,2_foliar_disease,,,,2,,,,,
LeafRot1137,coconut-tree-disease,Dataset/Coconut Tree Disease Dataset/Leaf Rot/LeafRot1137.jpg,leafrot,2_foliar_disease,,,,3,,,,,
LeafRot1138,coconut-tree-disease,Dataset/Coconut Tree Disease Dataset/Leaf Rot/LeafRot1138.jpg,leafrot,2_foliar_disease,,,,4,,,,,
LeafRot1139,coconut-tree-disease,Dataset/Coconut Tree Disease Dataset/Leaf Rot/LeafRot1139.jpg,leafrot,2_foliar_disease,,,,3,,,,,
LeafRot114,coconut-tree-disease,Dataset/Coconut Tree Disease Dataset/Leaf Rot/LeafRot114.jpg,leafrot,2_foliar_disease,,,,1,,,,,
LeafRot1140,coconut-tree-disease,Dataset/Coconut Tree Disease Dataset/Leaf Rot/LeafRot1140.jpg,leafrot,2_foliar_disease,,,,3,,,,,
LeafRot1141,coconut-tree-disease,Dataset/Coconut Tree Disease Dataset/Leaf Rot/LeafRot1141.jpg,leafrot,2_foliar_disease,,,,0,,,,,
LeafRot1142,coconut-tree-disease,Dataset/Coconut Tree Disease Dataset/Leaf Rot/LeafRot1142.jpg,leafrot,2_foliar_disease,,,,4,,,,,
LeafRot1143,coconut-tree-disease,Dataset/Coconut Tree Disease Dataset/Leaf Rot/LeafRot1143.jpg,leafrot,2_foliar_disease,,,,2,,,,,
LeafRot1144,coconut-tree-disease,Dataset/Coconut Tree Disease Dataset/Leaf Rot/LeafRot1144.jpg,leafrot,2_foliar_disease,,,,4,,,,,
LeafRot1145,coconut-tree-disease,Dataset/Coconut Tree Disease Dataset/Leaf Rot/LeafRot1145.jpg,leafrot,2_foliar_disease,,,,0,,,,,
LeafRot1146,coconut-tree-disease,Dataset/Coconut Tree Disease Dataset/Leaf Rot/LeafRot1146.jpg,leafrot,2_foliar_disease,,,,0,,,,,
LeafRot1147,coconut-tree-disease,Dataset/Coconut Tree Disease Dataset/Leaf Rot/LeafRot1147.jpg,leafrot,2_foliar_disease,,,,3,,,,,
LeafRot1148,coconut-tree-disease,Dataset/Coconut Tree Disease Dataset/Leaf Rot/LeafRot1148.jpg,leafrot,2_foliar_disease,,,,1,,,,,
LeafRot1149,coconut-tree-disease,Dataset/Coconut Tree Disease Dataset/Leaf Rot/LeafRot1149.jpg,leafrot,2_foliar_disease,,,,4,,,,,
LeafRot115,coconut-tree-disease,Dataset/Coconut Tree Disease Dataset/Leaf Rot/LeafRot115.jpg,leafrot,2_foliar_disease,,,,3,,,,,
LeafRot1150,coconut-tree-disease,Dataset/Coconut Tree Disease Dataset/Leaf Rot/LeafRot1150.jpg,leafrot,2_foliar_disease,,,,4,,,,,
LeafRot1151,coconut-tree-disease,Dataset/Coconut Tree Disease Dataset/Leaf Rot/LeafRot1151.jpg,leafrot,2_foliar_disease,,,,3,,,,,
LeafRot1152,coconut-tree-disease,Dataset/Coconut Tree Disease Dataset/Leaf Rot/LeafRot1152.jpg,leafrot,2_foliar_disease,,,,3,,,,,
LeafRot1153,coconut-tree-disease,Dataset/Coconut Tree Disease Dataset/Leaf Rot/LeafRot1153.jpg,leafrot,2_foliar_disease,,,,0,,,,,
LeafRot1154,coconut-tree-disease,Dataset/Coconut Tree Disease Dataset/Leaf Rot/LeafRot1154.jpg,leafrot,2_foliar_disease,,,,0,,,,,
LeafRot1155,coconut-tree-disease,Dataset/Coconut Tree Disease Dataset/Leaf Rot/LeafRot1155.jpg,leafrot,2_foliar_disease,,,,2,,,,,
LeafRot1156,coconut-tree-disease,Dataset/Coconut Tree Disease Dataset/Leaf Rot/LeafRot1156.jpg,leafrot,2_foliar_disease,,,,4,,,,,
LeafRot1157,coconut-tree-disease,Dataset/Coconut Tree Disease Dataset/Leaf Rot/LeafRot1157.jpg,leafrot,2_foliar_disease,,,,0,,,,,
LeafRot1158,coconut-tree-disease,Dataset/Coconut Tree Disease Dataset/Leaf Rot/LeafRot1158.jpg,leafrot,2_foliar_disease,,,,0,,,,,
LeafRot1159,coconut-tree-disease,Dataset/Coconut Tree Disease Dataset/Leaf Rot/LeafRot1159.jpg,leafrot,2_foliar_disease,,,,0,,,,,
LeafRot116,coconut-tree-disease,Dataset/Coconut Tree Disease Dataset/Leaf Rot/LeafRot116.jpg,leafrot,2_foliar_disease,,,,0,,,,,
LeafRot1160,coconut-tree-disease,Dataset/Coconut Tree Disease Dataset/Leaf Rot/LeafRot1160.jpg,leafrot,2_foliar_disease,,,,0,,,,,
LeafRot1161,coconut-tree-disease,Dataset/Coconut Tree Disease Dataset/Leaf Rot/LeafRot1161.jpg,leafrot,2_foliar_disease,,,,0,,,,,
LeafRot1162,coconut-tree-disease,Dataset/Coconut Tree Disease Dataset/Leaf Rot/LeafRot1162.jpg,leafrot,2_foliar_disease,,,,3,,,,,
LeafRot1163,coconut-tree-disease,Dataset/Coconut Tree Disease Dataset/Leaf Rot/LeafRot1163.jpg,leafrot,2_foliar_disease,,,,3,,,,,
LeafRot1164,coconut-tree-disease,Dataset/Coconut Tree Disease Dataset/Leaf Rot/LeafRot1164.jpg,leafrot,2_foliar_disease,,,,2,,,,,
LeafRot1165,coconut-tree-disease,Dataset/Coconut Tree Disease Dataset/Leaf Rot/LeafRot1165.jpg,leafrot,2_foliar_disease,,,,4,,,,,
LeafRot1166,coconut-tree-disease,Dataset/Coconut Tree Disease Dataset/Leaf Rot/LeafRot1166.jpg,leafrot,2_foliar_disease,,,,0,,,,,
LeafRot1167,coconut-tree-disease,Dataset/Coconut Tree Disease Dataset/Leaf Rot/LeafRot1167.jpg,leafrot,2_foliar_disease,,,,3,,,,,
LeafRot1168,coconut-tree-disease,Dataset/Coconut Tree Disease Dataset/Leaf Rot/LeafRot1168.jpg,leafrot,2_foliar_disease,,,,2,,,,,
LeafRot1169,coconut-tree-disease,Dataset/Coconut Tree Disease Dataset/Leaf Rot/LeafRot1169.jpg,leafrot,2_foliar_disease,,,,3,,,,,
LeafRot117,coconut-tree-disease,Dataset/Coconut Tree Disease Dataset/Leaf Rot/LeafRot117.jpg,leafrot,2_foliar_disease,,,,3,,,,,
LeafRot1170,coconut-tree-disease,Dataset/Coconut Tree Disease Dataset/Leaf Rot/LeafRot1170.jpg,leafrot,2_foliar_disease,,,,0,,,,,
LeafRot1171,coconut-tree-disease,Dataset/Coconut Tree Disease Dataset/Leaf Rot/LeafRot1171.jpg,leafrot,2_foliar_disease,,,,1,,,,,
LeafRot1172,coconut-tree-disease,Dataset/Coconut Tree Disease Dataset/Leaf Rot/LeafRot1172.jpg,leafrot,2_foliar_disease,,,,3,,,,,
LeafRot1173,coconut-tree-disease,Dataset/Coconut Tree Disease Dataset/Leaf Rot/LeafRot1173.jpg,leafrot,2_foliar_disease,,,,1,,,,,
LeafRot1174,coconut-tree-disease,Dataset/Coconut Tree Disease Dataset/Leaf Rot/LeafRot1174.jpg,leafrot,2_foliar_disease,,,,2,,,,,
LeafRot1175,coconut-tree-disease,Dataset/Coconut Tree Disease Dataset/Leaf Rot/LeafRot1175.jpg,leafrot,2_foliar_disease,,,,1,,,,,
LeafRot1176,coconut-tree-disease,Dataset/Coconut Tree Disease Dataset/Leaf Rot/LeafRot1176.jpg,leafrot,2_foliar_disease,,,,0,,,,,
LeafRot1177,coconut-tree-disease,Dataset/Coconut Tree Disease Dataset/Leaf Rot/LeafRot1177.jpg,leafrot,2_foliar_disease,,,,3,,,,,
LeafRot1178,coconut-tree-disease,Dataset/Coconut Tree Disease Dataset/Leaf Rot/LeafRot1178.jpg,leafrot,2_foliar_disease,,,,3,,,,,
LeafRot1179,coconut-tree-disease,Dataset/Coconut Tree Disease Dataset/Leaf Rot/LeafRot1179.jpg,leafrot,2_foliar_disease,,,,2,,,,,
LeafRot118,coconut-tree-disease,Dataset/Coconut Tree Disease Dataset/Leaf Rot/LeafRot118.jpg,leafrot,2_foliar_disease,,,,1,,,,,
LeafRot1180,coconut-tree-disease,Dataset/Coconut Tree Disease Dataset/Leaf Rot/LeafRot1180.jpg,leafrot,2_foliar_disease,,,,2,,,,,
LeafRot1181,coconut-tree-disease,Dataset/Coconut Tree Disease Dataset/Leaf Rot/LeafRot1181.jpg,leafrot,2_foliar_disease,,,,1,,,,,
LeafRot1182,coconut-tree-disease,Dataset/Coconut Tree Disease Dataset/Leaf Rot/LeafRot1182.jpg,leafrot,2_foliar_disease,,,,2,,,,,
LeafRot1183,coconut-tree-disease,Dataset/Coconut Tree Disease Dataset/Leaf Rot/LeafRot1183.jpg,leafrot,2_foliar_disease,,,,3,,,,,
LeafRot1184,coconut-tree-disease,Dataset/Coconut Tree Disease Dataset/Leaf Rot/LeafRot1184.jpg,leafrot,2_foliar_disease,,,,0,,,,,
LeafRot1185,coconut-tree-disease,Dataset/Coconut Tree Disease Dataset/Leaf Rot/LeafRot1185.jpg,leafrot,2_foliar_disease,,,,4,,,,,
LeafRot1186,coconut-tree-disease,Dataset/Coconut Tree Disease Dataset/Leaf Rot/LeafRot1186.jpg,leafrot,2_foliar_disease,,,,0,,,,,
LeafRot1187,coconut-tree-disease,Dataset/Coconut Tree Disease Dataset/Leaf Rot/LeafRot1187.jpg,leafrot,2_foliar_disease,,,,4,,,,,
LeafRot1188,coconut-tree-disease,Dataset/Coconut Tree Disease Dataset/Leaf Rot/LeafRot1188.jpg,leafrot,2_foliar_disease,,,,1,,,,,
LeafRot1189,coconut-tree-disease,Dataset/Coconut Tree Disease Dataset/Leaf Rot/LeafRot1189.jpg,leafrot,2_foliar_disease,,,,2,,,,,
LeafRot119,coconut-tree-disease,Dataset/Coconut Tree Disease Dataset/Leaf Rot/LeafRot119.jpg,leafrot,2_foliar_disease,,,,4,,,,,
LeafRot1190,coconut-tree-disease,Dataset/Coconut Tree Disease Dataset/Leaf Rot/LeafRot1190.jpg,leafrot,2_foliar_disease,,,,2,,,,,
LeafRot1191,coconut-tree-disease,Dataset/Coconut Tree Disease Dataset/Leaf Rot/LeafRot1191.jpg,leafrot,2_foliar_disease,,,,2,,,,,
LeafRot1192,coconut-tree-disease,Dataset/Coconut Tree Disease Dataset/Leaf Rot/LeafRot1192.jpg,leafrot,2_foliar_disease,,,,1,,,,,
LeafRot1193,coconut-tree-disease,Dataset/Coconut Tree Disease Dataset/Leaf Rot/LeafRot1193.jpg,leafrot,2_foliar_disease,,,,4,,,,,
LeafRot1194,coconut-tree-disease,Dataset/Coconut Tree Disease Dataset/Leaf Rot/LeafRot1194.jpg,leafrot,2_foliar_disease,,,,3,,,,,
LeafRot1195,coconut-tree-disease,Dataset/Coconut Tree Disease Dataset/Leaf Rot/LeafRot1195.jpg,leafrot,2_foliar_disease,,,,3,,,,,
LeafRot1196,coconut-tree-disease,Dataset/Coconut Tree Disease Dataset/Leaf Rot/LeafRot1196.jpg,leafrot,2_foliar_disease,,,,0,,,,,
LeafRot1197,coconut-tree-disease,Dataset/Coconut Tree Disease Dataset/Leaf Rot/LeafRot1197.jpg,leafrot,2_foliar_disease,,,,0,,,,,
LeafRot1198,coconut-tree-disease,Dataset/Coconut Tree Disease Dataset/Leaf Rot/LeafRot1198.jpg,leafrot,2_foliar_disease,,,,4,,,,,
LeafRot1199,coconut-tree-disease,Dataset/Coconut Tree Disease Dataset/Leaf Rot/LeafRot1199.jpg,leafrot,2_foliar_disease,,,,1,,,,,
LeafRot120,coconut-tree-disease,Dataset/Coconut Tree Disease Dataset/Leaf Rot/LeafRot120.jpg,leafrot,2_foliar_disease,,,,1,,,,,
LeafRot1200,coconut-tree-disease,Dataset/Coconut Tree Disease Dataset/Leaf Rot/LeafRot1200.jpg,leafrot,2_foliar_disease,,,,1,,,,,
LeafRot1201,coconut-tree-disease,Dataset/Coconut Tree Disease Dataset/Leaf Rot/LeafRot1201.jpg,leafrot,2_foliar_disease,,,,0,,,,,
LeafRot1202,coconut-tree-disease,Dataset/Coconut Tree Disease Dataset/Leaf Rot/LeafRot1202.jpg,leafrot,2_foliar_disease,,,,0,,,,,
LeafRot1203,coconut-tree-disease,Dataset/Coconut Tree Disease Dataset/Leaf Rot/LeafRot1203.jpg,leafrot,2_foliar_disease,,,,0,,,,,
LeafRot1204,coconut-tree-disease,Dataset/Coconut Tree Disease Dataset/Leaf Rot/LeafRot1204.jpg,leafrot,2_foliar_disease,,,,4,,,,,
LeafRot1205,coconut-tree-disease,Dataset/Coconut Tree Disease Dataset/Leaf Rot/LeafRot1205.jpg,leafrot,2_foliar_disease,,,,0,,,,,
LeafRot1206,coconut-tree-disease,Dataset/Coconut Tree Disease Dataset/Leaf Rot/LeafRot1206.jpg,leafrot,2_foliar_disease,,,,3,,,,,
LeafRot1207,coconut-tree-disease,Dataset/Coconut Tree Disease Dataset/Leaf Rot/LeafRot1207.jpg,leafrot,2_foliar_disease,,,,4,,,,,
LeafRot1208,coconut-tree-disease,Dataset/Coconut Tree Disease Dataset/Leaf Rot/LeafRot1208.jpg,leafrot,2_foliar_disease,,,,0,,,,,
LeafRot1209,coconut-tree-disease,Dataset/Coconut Tree Disease Dataset/Leaf Rot/LeafRot1209.jpg,leafrot,2_foliar_disease,,,,3,,,,,
LeafRot121,coconut-tree-disease,Dataset/Coconut Tree Disease Dataset/Leaf Rot/LeafRot121.jpg,leafrot,2_foliar_disease,,,,1,,,,,
LeafRot1210,coconut-tree-disease,Dataset/Coconut Tree Disease Dataset/Leaf Rot/LeafRot1210.jpg,leafrot,2_foliar_disease,,,,3,,,,,
LeafRot1211,coconut-tree-disease,Dataset/Coconut Tree Disease Dataset/Leaf Rot/LeafRot1211.jpg,leafrot,2_foliar_disease,,,,4,,,,,
LeafRot1212,coconut-tree-disease,Dataset/Coconut Tree Disease Dataset/Leaf Rot/LeafRot1212.jpg,leafrot,2_foliar_disease,,,,1,,,,,
LeafRot1213,coconut-tree-disease,Dataset/Coconut Tree Disease Dataset/Leaf Rot/LeafRot1213.jpg,leafrot,2_foliar_disease,,,,4,,,,,
LeafRot1214,coconut-tree-disease,Dataset/Coconut Tree Disease Dataset/Leaf Rot/LeafRot1214.jpg,leafrot,2_foliar_disease,,,,0,,,,,
LeafRot1215,coconut-tree-disease,Dataset/Coconut Tree Disease Dataset/Leaf Rot/LeafRot1215.jpg,leafrot,2_foliar_disease,,,,0,,,,,
LeafRot1216,coconut-tree-disease,Dataset/Coconut Tree Disease Dataset/Leaf Rot/LeafRot1216.jpg,leafrot,2_foliar_disease,,,,0,,,,,
LeafRot1217,coconut-tree-disease,Dataset/Coconut Tree Disease Dataset/Leaf Rot/LeafRot1217.jpg,leafrot,2_foliar_disease,,,,0,,,,,
LeafRot1218,coconut-tree-disease,Dataset/Coconut Tree Disease Dataset/Leaf Rot/LeafRot1218.jpg,leafrot,2_foliar_disease,,,,0,,,,,
LeafRot1219,coconut-tree-disease,Dataset/Coconut Tree Disease Dataset/Leaf Rot/LeafRot1219.jpg,leafrot,2_foliar_disease,,,,3,,,,,
LeafRot122,coconut-tree-disease,Dataset/Coconut Tree Disease Dataset/Leaf Rot/LeafRot122.jpg,leafrot,2_foliar_disease,,,,3,,,,,
LeafRot1220,coconut-tree-disease,Dataset/Coconut Tree Disease Dataset/Leaf Rot/LeafRot1220.jpg,leafrot,2_foliar_disease,,,,3,,,,,
LeafRot1221,coconut-tree-disease,Dataset/Coconut Tree Disease Dataset/Leaf Rot/LeafRot1221.jpg,leafrot,2_foliar_disease,,,,2,,,,,
LeafRot1222,coconut-tree-disease,Dataset/Coconut Tree Disease Dataset/Leaf Rot/LeafRot1222.jpg,leafrot,2_foliar_disease,,,,1,,,,,
LeafRot1223,coconut-tree-disease,Dataset/Coconut Tree Disease Dataset/Leaf Rot/LeafRot1223.jpg,leafrot,2_foliar_disease,,,,3,,,,,
LeafRot1224,coconut-tree-disease,Dataset/Coconut Tree Disease Dataset/Leaf Rot/LeafRot1224.jpg,leafrot,2_foliar_disease,,,,0,,,,,
LeafRot1225,coconut-tree-disease,Dataset/Coconut Tree Disease Dataset/Leaf Rot/LeafRot1225.jpg,leafrot,2_foliar_disease,,,,1,,,,,
LeafRot1226,coconut-tree-disease,Dataset/Coconut Tree Disease Dataset/Leaf Rot/LeafRot1226.jpg,leafrot,2_foliar_disease,,,,4,,,,,
LeafRot1227,coconut-tree-disease,Dataset/Coconut Tree Disease Dataset/Leaf Rot/LeafRot1227.jpg,leafrot,2_foliar_disease,,,,0,,,,,
LeafRot1228,coconut-tree-disease,Dataset/Coconut Tree Disease Dataset/Leaf Rot/LeafRot1228.jpg,leafrot,2_foliar_disease,,,,1,,,,,
LeafRot1229,coconut-tree-disease,Dataset/Coconut Tree Disease Dataset/Leaf Rot/LeafRot1229.jpg,leafrot,2_foliar_disease,,,,2,,,,,
LeafRot123,coconut-tree-disease,Dataset/Coconut Tree Disease Dataset/Leaf Rot/LeafRot123.jpg,leafrot,2_foliar_disease,,,,1,,,,,
LeafRot1230,coconut-tree-disease,Dataset/Coconut Tree Disease Dataset/Leaf Rot/LeafRot1230.jpg,leafrot,2_foliar_disease,,,,1,,,,,
LeafRot1231,coconut-tree-disease,Dataset/Coconut Tree Disease Dataset/Leaf Rot/LeafRot1231.jpg,leafrot,2_foliar_disease,,,,3,,,,,
LeafRot1232,coconut-tree-disease,Dataset/Coconut Tree Disease Dataset/Leaf Rot/LeafRot1232.jpg,leafrot,2_foliar_disease,,,,1,,,,,
LeafRot1233,coconut-tree-disease,Dataset/Coconut Tree Disease Dataset/Leaf Rot/LeafRot1233.jpg,leafrot,2_foliar_disease,,,,1,,,,,
LeafRot1234,coconut-tree-disease,Dataset/Coconut Tree Disease Dataset/Leaf Rot/LeafRot1234.jpg,leafrot,2_foliar_disease,,,,2,,,,,
LeafRot1235,coconut-tree-disease,Dataset/Coconut Tree Disease Dataset/Leaf Rot/LeafRot1235.jpg,leafrot,2_foliar_disease,,,,1,,,,,
LeafRot1236,coconut-tree-disease,Dataset/Coconut Tree Disease Dataset/Leaf Rot/LeafRot1236.jpg,leafrot,2_foliar_disease,,,,1,,,,,
LeafRot1237,coconut-tree-disease,Dataset/Coconut Tree Disease Dataset/Leaf Rot/LeafRot1237.jpg,leafrot,2_foliar_disease,,,,2,,,,,
LeafRot1238,coconut-tree-disease,Dataset/Coconut Tree Disease Dataset/Leaf Rot/LeafRot1238.jpg,leafrot,2_foliar_disease,,,,4,,,,,
LeafRot1239,coconut-tree-disease,Dataset/Coconut Tree Disease Dataset/Leaf Rot/LeafRot1239.jpg,leafrot,2_foliar_disease,,,,2,,,,,
LeafRot124,coconut-tree-disease,Dataset/Coconut Tree Disease Dataset/Leaf Rot/LeafRot124.jpg,leafrot,2_foliar_disease,,,,2,,,,,
LeafRot1240,coconut-tree-disease,Dataset/Coconut Tree Disease Dataset/Leaf Rot/LeafRot1240.jpg,leafrot,2_foliar_disease,,,,4,,,,,
LeafRot1241,coconut-tree-disease,Dataset/Coconut Tree Disease Dataset/Leaf Rot/LeafRot1241.jpg,leafrot,2_foliar_disease,,,,1,,,,,
LeafRot1242,coconut-tree-disease,Dataset/Coconut Tree Disease Dataset/Leaf Rot/LeafRot1242.jpg,leafrot,2_foliar_disease,,,,1,,,,,
LeafRot1243,coconut-tree-disease,Dataset/Coconut Tree Disease Dataset/Leaf Rot/LeafRot1243.jpg,leafrot,2_foliar_disease,,,,3,,,,,
LeafRot1244,coconut-tree-disease,Dataset/Coconut Tree Disease Dataset/Leaf Rot/LeafRot1244.jpg,leafrot,2_foliar_disease,,,,3,,,,,
LeafRot1245,coconut-tree-disease,Dataset/Coconut Tree Disease Dataset/Leaf Rot/LeafRot1245.jpg,leafrot,2_foliar_disease,,,,4,,,,,
LeafRot1246,coconut-tree-disease,Dataset/Coconut Tree Disease Dataset/Leaf Rot/LeafRot1246.jpg,leafrot,2_foliar_disease,,,,3,,,,,
LeafRot1247,coconut-tree-disease,Dataset/Coconut Tree Disease Dataset/Leaf Rot/LeafRot1247.jpg,leafrot,2_foliar_disease,,,,4,,,,,
LeafRot1248,coconut-tree-disease,Dataset/Coconut Tree Disease Dataset/Leaf Rot/LeafRot1248.jpg,leafrot,2_foliar_disease,,,,4,,,,,
LeafRot1249,coconut-tree-disease,Dataset/Coconut Tree Disease Dataset/Leaf Rot/LeafRot1249.jpg,leafrot,2_foliar_disease,,,,1,,,,,
LeafRot125,coconut-tree-disease,Dataset/Coconut Tree Disease Dataset/Leaf Rot/LeafRot125.jpg,leafrot,2_foliar_disease,,,,0,,,,,
LeafRot1250,coconut-tree-disease,Dataset/Coconut Tree Disease Dataset/Leaf Rot/LeafRot1250.jpg,leafrot,2_foliar_disease,,,,1,,,,,
LeafRot1251,coconut-tree-disease,Dataset/Coconut Tree Disease Dataset/Leaf Rot/LeafRot1251.jpg,leafrot,2_foliar_disease,,,,1,,,,,
LeafRot1252,coconut-tree-disease,Dataset/Coconut Tree Disease Dataset/Leaf Rot/LeafRot1252.jpg,leafrot,2_foliar_disease,,,,4,,,,,
LeafRot1253,coconut-tree-disease,Dataset/Coconut Tree Disease Dataset/Leaf Rot/LeafRot1253.jpg,leafrot,2_foliar_disease,,,,3,,,,,
LeafRot1254,coconut-tree-disease,Dataset/Coconut Tree Disease Dataset/Leaf Rot/LeafRot1254.jpg,leafrot,2_foliar_disease,,,,2,,,,,
LeafRot1255,coconut-tree-disease,Dataset/Coconut Tree Disease Dataset/Leaf Rot/LeafRot1255.jpg,leafrot,2_foliar_disease,,,,4,,,,,
LeafRot1256,coconut-tree-disease,Dataset/Coconut Tree Disease Dataset/Leaf Rot/LeafRot1256.jpg,leafrot,2_foliar_disease,,,,4,,,,,
LeafRot1257,coconut-tree-disease,Dataset/Coconut Tree Disease Dataset/Leaf Rot/LeafRot1257.jpg,leafrot,2_foliar_disease,,,,2,,,,,
LeafRot1258,coconut-tree-disease,Dataset/Coconut Tree Disease Dataset/Leaf Rot/LeafRot1258.jpg,leafrot,2_foliar_disease,,,,4,,,,,
LeafRot1259,coconut-tree-disease,Dataset/Coconut Tree Disease Dataset/Leaf Rot/LeafRot1259.jpg,leafrot,2_foliar_disease,,,,4,,,,,
LeafRot126,coconut-tree-disease,Dataset/Coconut Tree Disease Dataset/Leaf Rot/LeafRot126.jpg,leafrot,2_foliar_disease,,,,2,,,,,
LeafRot1260,coconut-tree-disease,Dataset/Coconut Tree Disease Dataset/Leaf Rot/LeafRot1260.jpg,leafrot,2_foliar_disease,,,,0,,,,,
LeafRot1261,coconut-tree-disease,Dataset/Coconut Tree Disease Dataset/Leaf Rot/LeafRot1261.jpg,leafrot,2_foliar_disease,,,,4,,,,,
LeafRot1262,coconut-tree-disease,Dataset/Coconut Tree Disease Dataset/Leaf Rot/LeafRot1262.jpg,leafrot,2_foliar_disease,,,,4,,,,,
LeafRot1263,coconut-tree-disease,Dataset/Coconut Tree Disease Dataset/Leaf Rot/LeafRot1263.jpg,leafrot,2_foliar_disease,,,,2,,,,,
LeafRot1264,coconut-tree-disease,Dataset/Coconut Tree Disease Dataset/Leaf Rot/LeafRot1264.jpg,leafrot,2_foliar_disease,,,,3,,,,,
LeafRot1265,coconut-tree-disease,Dataset/Coconut Tree Disease Dataset/Leaf Rot/LeafRot1265.jpg,leafrot,2_foliar_disease,,,,2,,,,,
LeafRot1266,coconut-tree-disease,Dataset/Coconut Tree Disease Dataset/Leaf Rot/LeafRot1266.jpg,leafrot,2_foliar_disease,,,,2,,,,,
LeafRot1267,coconut-tree-disease,Dataset/Coconut Tree Disease Dataset/Leaf Rot/LeafRot1267.jpg,leafrot,2_foliar_disease,,,,2,,,,,
LeafRot1268,coconut-tree-disease,Dataset/Coconut Tree Disease Dataset/Leaf Rot/LeafRot1268.jpg,leafrot,2_foliar_disease,,,,3,,,,,
LeafRot1269,coconut-tree-disease,Dataset/Coconut Tree Disease Dataset/Leaf Rot/LeafRot1269.jpg,leafrot,2_foliar_disease,,,,2,,,,,
LeafRot127,coconut-tree-disease,Dataset/Coconut Tree Disease Dataset/Leaf Rot/LeafRot127.jpg,leafrot,2_foliar_disease,,,,0,,,,,
LeafRot1270,coconut-tree-disease,Dataset/Coconut Tree Disease Dataset/Leaf Rot/LeafRot1270.jpg,leafrot,2_foliar_disease,,,,0,,,,,
LeafRot1271,coconut-tree-disease,Dataset/Coconut Tree Disease Dataset/Leaf Rot/LeafRot1271.jpg,leafrot,2_foliar_disease,,,,2,,,,,
LeafRot1272,coconut-tree-disease,Dataset/Coconut Tree Disease Dataset/Leaf Rot/LeafRot1272.jpg,leafrot,2_foliar_disease,,,,2,,,,,
LeafRot1273,coconut-tree-disease,Dataset/Coconut Tree Disease Dataset/Leaf Rot/LeafRot1273.jpg,leafrot,2_foliar_disease,,,,3,,,,,
LeafRot1274,coconut-tree-disease,Dataset/Coconut Tree Disease Dataset/Leaf Rot/LeafRot1274.jpg,leafrot,2_foliar_disease,,,,3,,,,,
LeafRot1275,coconut-tree-disease,Dataset/Coconut Tree Disease Dataset/Leaf Rot/LeafRot1275.jpg,leafrot,2_foliar_disease,,,,1,,,,,
LeafRot1276,coconut-tree-disease,Dataset/Coconut Tree Disease Dataset/Leaf Rot/LeafRot1276.jpg,leafrot,2_foliar_disease,,,,0,,,,,
LeafRot1277,coconut-tree-disease,Dataset/Coconut Tree Disease Dataset/Leaf Rot/LeafRot1277.jpg,leafrot,2_foliar_disease,,,,2,,,,,
LeafRot1278,coconut-tree-disease,Dataset/Coconut Tree Disease Dataset/Leaf Rot/LeafRot1278.jpg,leafrot,2_foliar_disease,,,,2,,,,,
LeafRot1279,coconut-tree-disease,Dataset/Coconut Tree Disease Dataset/Leaf Rot/LeafRot1279.jpg,leafrot,2_foliar_disease,,,,2,,,,,
LeafRot128,coconut-tree-disease,Dataset/Coconut Tree Disease Dataset/Leaf Rot/LeafRot128.jpg,leafrot,2_foliar_disease,,,,4,,,,,
LeafRot1280,coconut-tree-disease,Dataset/Coconut Tree Disease Dataset/Leaf Rot/LeafRot1280.jpg,leafrot,2_foliar_disease,,,,4,,,,,
LeafRot1281,coconut-tree-disease,Dataset/Coconut Tree Disease Dataset/Leaf Rot/LeafRot1281.jpg,leafrot,2_foliar_disease,,,,2,,,,,
LeafRot1282,coconut-tree-disease,Dataset/Coconut Tree Disease Dataset/Leaf Rot/LeafRot1282.jpg,leafrot,2_foliar_disease,,,,4,,,,,
LeafRot1283,coconut-tree-disease,Dataset/Coconut Tree Disease Dataset/Leaf Rot/LeafRot1283.jpg,leafrot,2_foliar_disease,,,,0,,,,,
LeafRot1284,coconut-tree-disease,Dataset/Coconut Tree Disease Dataset/Leaf Rot/LeafRot1284.jpg,leafrot,2_foliar_disease,,,,2,,,,,
LeafRot1285,coconut-tree-disease,Dataset/Coconut Tree Disease Dataset/Leaf Rot/LeafRot1285.jpg,leafrot,2_foliar_disease,,,,0,,,,,
LeafRot1286,coconut-tree-disease,Dataset/Coconut Tree Disease Dataset/Leaf Rot/LeafRot1286.jpg,leafrot,2_foliar_disease,,,,3,,,,,
LeafRot1287,coconut-tree-disease,Dataset/Coconut Tree Disease Dataset/Leaf Rot/LeafRot1287.jpg,leafrot,2_foliar_disease,,,,3,,,,,
LeafRot1288,coconut-tree-disease,Dataset/Coconut Tree Disease Dataset/Leaf Rot/LeafRot1288.jpg,leafrot,2_foliar_disease,,,,3,,,,,
LeafRot1289,coconut-tree-disease,Dataset/Coconut Tree Disease Dataset/Leaf Rot/LeafRot1289.jpg,leafrot,2_foliar_disease,,,,1,,,,,
LeafRot129,coconut-tree-disease,Dataset/Coconut Tree Disease Dataset/Leaf Rot/LeafRot129.jpg,leafrot,2_foliar_disease,,,,4,,,,,
LeafRot1290,coconut-tree-disease,Dataset/Coconut Tree Disease Dataset/Leaf Rot/LeafRot1290.jpg,leafrot,2_foliar_disease,,,,3,,,,,
LeafRot1291,coconut-tree-disease,Dataset/Coconut Tree Disease Dataset/Leaf Rot/LeafRot1291.jpg,leafrot,2_foliar_disease,,,,2,,,,,
LeafRot1292,coconut-tree-disease,Dataset/Coconut Tree Disease Dataset/Leaf Rot/LeafRot1292.jpg,leafrot,2_foliar_disease,,,,1,,,,,
LeafRot1293,coconut-tree-disease,Dataset/Coconut Tree Disease Dataset/Leaf Rot/LeafRot1293.jpg,leafrot,2_foliar_disease,,,,4,,,,,
LeafRot1294,coconut-tree-disease,Dataset/Coconut Tree Disease Dataset/Leaf Rot/LeafRot1294.jpg,leafrot,2_foliar_disease,,,,1,,,,,
LeafRot1295,coconut-tree-disease,Dataset/Coconut Tree Disease Dataset/Leaf Rot/LeafRot1295.jpg,leafrot,2_foliar_disease,,,,3,,,,,
LeafRot1296,coconut-tree-disease,Dataset/Coconut Tree Disease Dataset/Leaf Rot/LeafRot1296.jpg,leafrot,2_foliar_disease,,,,3,,,,,
LeafRot1297,coconut-tree-disease,Dataset/Coconut Tree Disease Dataset/Leaf Rot/LeafRot1297.jpg,leafrot,2_foliar_disease,,,,4,,,,,
LeafRot1298,coconut-tree-disease,Dataset/Coconut Tree Disease Dataset/Leaf Rot/LeafRot1298.jpg,leafrot,2_foliar_disease,,,,1,,,,,
LeafRot1299,coconut-tree-disease,Dataset/Coconut Tree Disease Dataset/Leaf Rot/LeafRot1299.jpg,leafrot,2_foliar_disease,,,,4,,,,,
LeafRot130,coconut-tree-disease,Dataset/Coconut Tree Disease Dataset/Leaf Rot/LeafRot130.jpg,leafrot,2_foliar_disease,,,,3,,,,,
LeafRot1300,coconut-tree-disease,Dataset/Coconut Tree Disease Dataset/Leaf Rot/LeafRot1300.jpg,leafrot,2_foliar_disease,,,,0,,,,,
LeafRot1301,coconut-tree-disease,Dataset/Coconut Tree Disease Dataset/Leaf Rot/LeafRot1301.jpg,leafrot,2_foliar_disease,,,,4,,,,,
LeafRot1302,coconut-tree-disease,Dataset/Coconut Tree Disease Dataset/Leaf Rot/LeafRot1302.jpg,leafrot,2_foliar_disease,,,,2,,,,,
LeafRot1303,coconut-tree-disease,Dataset/Coconut Tree Disease Dataset/Leaf Rot/LeafRot1303.jpg,leafrot,2_foliar_disease,,,,4,,,,,
LeafRot1304,coconut-tree-disease,Dataset/Coconut Tree Disease Dataset/Leaf Rot/LeafRot1304.jpg,leafrot,2_foliar_disease,,,,3,,,,,
LeafRot1305,coconut-tree-disease,Dataset/Coconut Tree Disease Dataset/Leaf Rot/LeafRot1305.jpg,leafrot,2_foliar_disease,,,,1,,,,,
LeafRot1306,coconut-tree-disease,Dataset/Coconut Tree Disease Dataset/Leaf Rot/LeafRot1306.jpg,leafrot,2_foliar_disease,,,,1,,,,,
LeafRot1307,coconut-tree-disease,Dataset/Coconut Tree Disease Dataset/Leaf Rot/LeafRot1307.jpg,leafrot,2_foliar_disease,,,,2,,,,,
LeafRot1308,coconut-tree-disease,Dataset/Coconut Tree Disease Dataset/Leaf Rot/LeafRot1308.jpg,leafrot,2_foliar_disease,,,,0,,,,,
LeafRot1309,coconut-tree-disease,Dataset/Coconut Tree Disease Dataset/Leaf Rot/LeafRot1309.jpg,leafrot,2_foliar_disease,,,,0,,,,,
LeafRot131,coconut-tree-disease,Dataset/Coconut Tree Disease Dataset/Leaf Rot/LeafRot131.jpg,leafrot,2_foliar_disease,,,,3,,,,,
LeafRot1310,coconut-tree-disease,Dataset/Coconut Tree Disease Dataset/Leaf Rot/LeafRot1310.jpg,leafrot,2_foliar_disease,,,,2,,,,,
LeafRot1311,coconut-tree-disease,Dataset/Coconut Tree Disease Dataset/Leaf Rot/LeafRot1311.jpg,leafrot,2_foliar_disease,,,,0,,,,,
LeafRot1312,coconut-tree-disease,Dataset/Coconut Tree Disease Dataset/Leaf Rot/LeafRot1312.jpg,leafrot,2_foliar_disease,,,,4,,,,,
LeafRot1313,coconut-tree-disease,Dataset/Coconut Tree Disease Dataset/Leaf Rot/LeafRot1313.jpg,leafrot,2_foliar_disease,,,,4,,,,,
LeafRot1314,coconut-tree-disease,Dataset/Coconut Tree Disease Dataset/Leaf Rot/LeafRot1314.jpg,leafrot,2_foliar_disease,,,,2,,,,,
LeafRot1315,coconut-tree-disease,Dataset/Coconut Tree Disease Dataset/Leaf Rot/LeafRot1315.jpg,leafrot,2_foliar_disease,,,,4,,,,,
LeafRot1316,coconut-tree-disease,Dataset/Coconut Tree Disease Dataset/Leaf Rot/LeafRot1316.jpg,leafrot,2_foliar_disease,,,,3,,,,,
LeafRot1317,coconut-tree-disease,Dataset/Coconut Tree Disease Dataset/Leaf Rot/LeafRot1317.jpg,leafrot,2_foliar_disease,,,,2,,,,,
LeafRot1318,coconut-tree-disease,Dataset/Coconut Tree Disease Dataset/Leaf Rot/LeafRot1318.jpg,leafrot,2_foliar_disease,,,,2,,,,,
LeafRot1319,coconut-tree-disease,Dataset/Coconut Tree Disease Dataset/Leaf Rot/LeafRot1319.jpg,leafrot,2_foliar_disease,,,,3,,,,,
LeafRot132,coconut-tree-disease,Dataset/Coconut Tree Disease Dataset/Leaf Rot/LeafRot132.jpg,leafrot,2_foliar_disease,,,,0,,,,,
LeafRot1320,coconut-tree-disease,Dataset/Coconut Tree Disease Dataset/Leaf Rot/LeafRot1320.jpg,leafrot,2_foliar_disease,,,,2,,,,,
LeafRot1321,coconut-tree-disease,Dataset/Coconut Tree Disease Dataset/Leaf Rot/LeafRot1321.jpg,leafrot,2_foliar_disease,,,,3,,,,,
LeafRot1322,coconut-tree-disease,Dataset/Coconut Tree Disease Dataset/Leaf Rot/LeafRot1322.jpg,leafrot,2_foliar_disease,,,,0,,,,,
LeafRot1323,coconut-tree-disease,Dataset/Coconut Tree Disease Dataset/Leaf Rot/LeafRot1323.jpg,leafrot,2_foliar_disease,,,,4,,,,,
LeafRot1324,coconut-tree-disease,Dataset/Coconut Tree Disease Dataset/Leaf Rot/LeafRot1324.jpg,leafrot,2_foliar_disease,,,,0,,,,,
LeafRot1325,coconut-tree-disease,Dataset/Coconut Tree Disease Dataset/Leaf Rot/LeafRot1325.jpg,leafrot,2_foliar_disease,,,,1,,,,,
LeafRot1326,coconut-tree-disease,Dataset/Coconut Tree Disease Dataset/Leaf Rot/LeafRot1326.jpg,leafrot,2_foliar_disease,,,,4,,,,,
LeafRot1327,coconut-tree-disease,Dataset/Coconut Tree Disease Dataset/Leaf Rot/LeafRot1327.jpg,leafrot,2_foliar_disease,,,,3,,,,,
LeafRot1328,coconut-tree-disease,Dataset/Coconut Tree Disease Dataset/Leaf Rot/LeafRot1328.jpg,leafrot,2_foliar_disease,,,,3,,,,,
LeafRot1329,coconut-tree-disease,Dataset/Coconut Tree Disease Dataset/Leaf Rot/LeafRot1329.jpg,leafrot,2_foliar_disease,,,,2,,,,,
LeafRot133,coconut-tree-disease,Dataset/Coconut Tree Disease Dataset/Leaf Rot/LeafRot133.jpg,leafrot,2_foliar_disease,,,,1,,,,,
LeafRot1330,coconut-tree-disease,Dataset/Coconut Tree Disease Dataset/Leaf Rot/LeafRot1330.jpg,leafrot,2_foliar_disease,,,,0,,,,,
LeafRot1331,coconut-tree-disease,Dataset/Coconut Tree Disease Dataset/Leaf Rot/LeafRot1331.jpg,leafrot,2_foliar_disease,,,,0,,,,,
LeafRot1332,coconut-tree-disease,Dataset/Coconut Tree Disease Dataset/Leaf Rot/LeafRot1332.jpg,leafrot,2_foliar_disease,,,,0,,,,,
LeafRot1333,coconut-tree-disease,Dataset/Coconut Tree Disease Dataset/Leaf Rot/LeafRot1333.jpg,leafrot,2_foliar_disease,,,,3,,,,,
LeafRot1334,coconut-tree-disease,Dataset/Coconut Tree Disease Dataset/Leaf Rot/LeafRot1334.jpg,leafrot,2_foliar_disease,,,,3,,,,,
LeafRot1335,coconut-tree-disease,Dataset/Coconut Tree Disease Dataset/Leaf Rot/LeafRot1335.jpg,leafrot,2_foliar_disease,,,,1,,,,,
LeafRot1336,coconut-tree-disease,Dataset/Coconut Tree Disease Dataset/Leaf Rot/LeafRot1336.jpg,leafrot,2_foliar_disease,,,,3,,,,,
LeafRot1337,coconut-tree-disease,Dataset/Coconut Tree Disease Dataset/Leaf Rot/LeafRot1337.jpg,leafrot,2_foliar_disease,,,,3,,,,,
LeafRot1338,coconut-tree-disease,Dataset/Coconut Tree Disease Dataset/Leaf Rot/LeafRot1338.jpg,leafrot,2_foliar_disease,,,,4,,,,,
LeafRot1339,coconut-tree-disease,Dataset/Coconut Tree Disease Dataset/Leaf Rot/LeafRot1339.jpg,leafrot,2_foliar_disease,,,,0,,,,,
LeafRot134,coconut-tree-disease,Dataset/Coconut Tree Disease Dataset/Leaf Rot/LeafRot134.jpg,leafrot,2_foliar_disease,,,,2,,,,,
LeafRot1340,coconut-tree-disease,Dataset/Coconut Tree Disease Dataset/Leaf Rot/LeafRot1340.jpg,leafrot,2_foliar_disease,,,,3,,,,,
LeafRot1341,coconut-tree-disease,Dataset/Coconut Tree Disease Dataset/Leaf Rot/LeafRot1341.jpg,leafrot,2_foliar_disease,,,,1,,,,,
LeafRot1342,coconut-tree-disease,Dataset/Coconut Tree Disease Dataset/Leaf Rot/LeafRot1342.jpg,leafrot,2_foliar_disease,,,,2,,,,,
LeafRot1343,coconut-tree-disease,Dataset/Coconut Tree Disease Dataset/Leaf Rot/LeafRot1343.jpg,leafrot,2_foliar_disease,,,,2,,,,,
LeafRot1344,coconut-tree-disease,Dataset/Coconut Tree Disease Dataset/Leaf Rot/LeafRot1344.jpg,leafrot,2_foliar_disease,,,,2,,,,,
LeafRot1345,coconut-tree-disease,Dataset/Coconut Tree Disease Dataset/Leaf Rot/LeafRot1345.jpg,leafrot,2_foliar_disease,,,,2,,,,,
LeafRot1346,coconut-tree-disease,Dataset/Coconut Tree Disease Dataset/Leaf Rot/LeafRot1346.jpg,leafrot,2_foliar_disease,,,,4,,,,,
LeafRot1347,coconut-tree-disease,Dataset/Coconut Tree Disease Dataset/Leaf Rot/LeafRot1347.jpg,leafrot,2_foliar_disease,,,,2,,,,,
LeafRot1348,coconut-tree-disease,Dataset/Coconut Tree Disease Dataset/Leaf Rot/LeafRot1348.jpg,leafrot,2_foliar_disease,,,,4,,,,,
LeafRot1349,coconut-tree-disease,Dataset/Coconut Tree Disease Dataset/Leaf Rot/LeafRot1349.jpg,leafrot,2_foliar_disease,,,,2,,,,,
LeafRot135,coconut-tree-disease,Dataset/Coconut Tree Disease Dataset/Leaf Rot/LeafRot135.jpg,leafrot,2_foliar_disease,,,,4,,,,,
LeafRot1350,coconut-tree-disease,Dataset/Coconut Tree Disease Dataset/Leaf Rot/LeafRot1350.jpg,leafrot,2_foliar_disease,,,,3,,,,,
LeafRot1351,coconut-tree-disease,Dataset/Coconut Tree Disease Dataset/Leaf Rot/LeafRot1351.jpg,leafrot,2_foliar_disease,,,,4,,,,,
LeafRot1352,coconut-tree-disease,Dataset/Coconut Tree Disease Dataset/Leaf Rot/LeafRot1352.jpg,leafrot,2_foliar_disease,,,,2,,,,,
LeafRot1353,coconut-tree-disease,Dataset/Coconut Tree Disease Dataset/Leaf Rot/LeafRot1353.jpg,leafrot,2_foliar_disease,,,,4,,,,,
LeafRot1354,coconut-tree-disease,Dataset/Coconut Tree Disease Dataset/Leaf Rot/LeafRot1354.jpg,leafrot,2_foliar_disease,,,,4,,,,,
LeafRot1355,coconut-tree-disease,Dataset/Coconut Tree Disease Dataset/Leaf Rot/LeafRot1355.jpg,leafrot,2_foliar_disease,,,,2,,,,,
LeafRot1356,coconut-tree-disease,Dataset/Coconut Tree Disease Dataset/Leaf Rot/LeafRot1356.jpg,leafrot,2_foliar_disease,,,,2,,,,,
LeafRot1357,coconut-tree-disease,Dataset/Coconut Tree Disease Dataset/Leaf Rot/LeafRot1357.jpg,leafrot,2_foliar_disease,,,,1,,,,,
LeafRot1358,coconut-tree-disease,Dataset/Coconut Tree Disease Dataset/Leaf Rot/LeafRot1358.jpg,leafrot,2_foliar_disease,,,,0,,,,,
LeafRot1359,coconut-tree-disease,Dataset/Coconut Tree Disease Dataset/Leaf Rot/LeafRot1359.jpg,leafrot,2_foliar_disease,,,,1,,,,,
LeafRot136,coconut-tree-disease,Dataset/Coconut Tree Disease Dataset/Leaf Rot/LeafRot136.jpg,leafrot,2_foliar_disease,,,,3,,,,,
LeafRot1360,coconut-tree-disease,Dataset/Coconut Tree Disease Dataset/Leaf Rot/LeafRot1360.jpg,leafrot,2_foliar_disease,,,,1,,,,,
LeafRot1361,coconut-tree-disease,Dataset/Coconut Tree Disease Dataset/Leaf Rot/LeafRot1361.jpg,leafrot,2_foliar_disease,,,,0,,,,,
LeafRot1362,coconut-tree-disease,Dataset/Coconut Tree Disease Dataset/Leaf Rot/LeafRot1362.jpg,leafrot,2_foliar_disease,,,,4,,,,,
LeafRot1363,coconut-tree-disease,Dataset/Coconut Tree Disease Dataset/Leaf Rot/LeafRot1363.jpg,leafrot,2_foliar_disease,,,,2,,,,,
LeafRot1364,coconut-tree-disease,Dataset/Coconut Tree Disease Dataset/Leaf Rot/LeafRot1364.jpg,leafrot,2_foliar_disease,,,,4,,,,,
LeafRot1365,coconut-tree-disease,Dataset/Coconut Tree Disease Dataset/Leaf Rot/LeafRot1365.jpg,leafrot,2_foliar_disease,,,,4,,,,,
LeafRot1366,coconut-tree-disease,Dataset/Coconut Tree Disease Dataset/Leaf Rot/LeafRot1366.jpg,leafrot,2_foliar_disease,,,,1,,,,,
LeafRot1367,coconut-tree-disease,Dataset/Coconut Tree Disease Dataset/Leaf Rot/LeafRot1367.jpg,leafrot,2_foliar_disease,,,,0,,,,,
LeafRot1368,coconut-tree-disease,Dataset/Coconut Tree Disease Dataset/Leaf Rot/LeafRot1368.jpg,leafrot,2_foliar_disease,,,,3,,,,,
LeafRot1369,coconut-tree-disease,Dataset/Coconut Tree Disease Dataset/Leaf Rot/LeafRot1369.jpg,leafrot,2_foliar_disease,,,,4,,,,,
LeafRot137,coconut-tree-disease,Dataset/Coconut Tree Disease Dataset/Leaf Rot/LeafRot137.jpg,leafrot,2_foliar_disease,,,,4,,,,,
LeafRot1370,coconut-tree-disease,Dataset/Coconut Tree Disease Dataset/Leaf Rot/LeafRot1370.jpg,leafrot,2_foliar_disease,,,,0,,,,,
LeafRot1371,coconut-tree-disease,Dataset/Coconut Tree Disease Dataset/Leaf Rot/LeafRot1371.jpg,leafrot,2_foliar_disease,,,,3,,,,,
LeafRot1372,coconut-tree-disease,Dataset/Coconut Tree Disease Dataset/Leaf Rot/LeafRot1372.jpg,leafrot,2_foliar_disease,,,,3,,,,,
LeafRot1373,coconut-tree-disease,Dataset/Coconut Tree Disease Dataset/Leaf Rot/LeafRot1373.jpg,leafrot,2_foliar_disease,,,,4,,,,,
LeafRot1374,coconut-tree-disease,Dataset/Coconut Tree Disease Dataset/Leaf Rot/LeafRot1374.jpg,leafrot,2_foliar_disease,,,,1,,,,,
LeafRot1375,coconut-tree-disease,Dataset/Coconut Tree Disease Dataset/Leaf Rot/LeafRot1375.jpg,leafrot,2_foliar_disease,,,,4,,,,,
LeafRot1376,coconut-tree-disease,Dataset/Coconut Tree Disease Dataset/Leaf Rot/LeafRot1376.jpg,leafrot,2_foliar_disease,,,,2,,,,,
LeafRot1377,coconut-tree-disease,Dataset/Coconut Tree Disease Dataset/Leaf Rot/LeafRot1377.jpg,leafrot,2_foliar_disease,,,,3,,,,,
LeafRot1378,coconut-tree-disease,Dataset/Coconut Tree Disease Dataset/Leaf Rot/LeafRot1378.jpg,leafrot,2_foliar_disease,,,,1,,,,,
LeafRot1379,coconut-tree-disease,Dataset/Coconut Tree Disease Dataset/Leaf Rot/LeafRot1379.jpg,leafrot,2_foliar_disease,,,,1,,,,,
LeafRot138,coconut-tree-disease,Dataset/Coconut Tree Disease Dataset/Leaf Rot/LeafRot138.jpg,leafrot,2_foliar_disease,,,,4,,,,,
LeafRot1380,coconut-tree-disease,Dataset/Coconut Tree Disease Dataset/Leaf Rot/LeafRot1380.jpg,leafrot,2_foliar_disease,,,,1,,,,,
LeafRot1381,coconut-tree-disease,Dataset/Coconut Tree Disease Dataset/Leaf Rot/LeafRot1381.jpg,leafrot,2_foliar_disease,,,,4,,,,,
LeafRot1382,coconut-tree-disease,Dataset/Coconut Tree Disease Dataset/Leaf Rot/LeafRot1382.jpg,leafrot,2_foliar_disease,,,,1,,,,,
LeafRot1383,coconut-tree-disease,Dataset/Coconut Tree Disease Dataset/Leaf Rot/LeafRot1383.jpg,leafrot,2_foliar_disease,,,,2,,,,,
LeafRot1384,coconut-tree-disease,Dataset/Coconut Tree Disease Dataset/Leaf Rot/LeafRot1384.jpg,leafrot,2_foliar_disease,,,,2,,,,,
LeafRot1385,coconut-tree-disease,Dataset/Coconut Tree Disease Dataset/Leaf Rot/LeafRot1385.jpg,leafrot,2_foliar_disease,,,,0,,,,,
LeafRot1386,coconut-tree-disease,Dataset/Coconut Tree Disease Dataset/Leaf Rot/LeafRot1386.jpg,leafrot,2_foliar_disease,,,,2,,,,,
LeafRot1387,coconut-tree-disease,Dataset/Coconut Tree Disease Dataset/Leaf Rot/LeafRot1387.jpg,leafrot,2_foliar_disease,,,,1,,,,,
LeafRot1388,coconut-tree-disease,Dataset/Coconut Tree Disease Dataset/Leaf Rot/LeafRot1388.jpg,leafrot,2_foliar_disease,,,,0,,,,,
LeafRot1389,coconut-tree-disease,Dataset/Coconut Tree Disease Dataset/Leaf Rot/LeafRot1389.jpg,leafrot,2_foliar_disease,,,,2,,,,,
LeafRot139,coconut-tree-disease,Dataset/Coconut Tree Disease Dataset/Leaf Rot/LeafRot139.jpg,leafrot,2_foliar_disease,,,,4,,,,,
LeafRot1390,coconut-tree-disease,Dataset/Coconut Tree Disease Dataset/Leaf Rot/LeafRot1390.jpg,leafrot,2_foliar_disease,,,,2,,,,,
LeafRot1391,coconut-tree-disease,Dataset/Coconut Tree Disease Dataset/Leaf Rot/LeafRot1391.jpg,leafrot,2_foliar_disease,,,,3,,,,,
LeafRot1392,coconut-tree-disease,Dataset/Coconut Tree Disease Dataset/Leaf Rot/LeafRot1392.jpg,leafrot,2_foliar_disease,,,,3,,,,,
LeafRot1393,coconut-tree-disease,Dataset/Coconut Tree Disease Dataset/Leaf Rot/LeafRot1393.jpg,leafrot,2_foliar_disease,,,,2,,,,,
LeafRot1394,coconut-tree-disease,Dataset/Coconut Tree Disease Dataset/Leaf Rot/LeafRot1394.jpg,leafrot,2_foliar_disease,,,,2,,,,,
LeafRot1395,coconut-tree-disease,Dataset/Coconut Tree Disease Dataset/Leaf Rot/LeafRot1395.jpg,leafrot,2_foliar_disease,,,,2,,,,,
LeafRot1396,coconut-tree-disease,Dataset/Coconut Tree Disease Dataset/Leaf Rot/LeafRot1396.jpg,leafrot,2_foliar_disease,,,,3,,,,,
LeafRot1397,coconut-tree-disease,Dataset/Coconut Tree Disease Dataset/Leaf Rot/LeafRot1397.jpg,leafrot,2_foliar_disease,,,,2,,,,,
LeafRot1398,coconut-tree-disease,Dataset/Coconut Tree Disease Dataset/Leaf Rot/LeafRot1398.jpg,leafrot,2_foliar_disease,,,,0,,,,,
LeafRot1399,coconut-tree-disease,Dataset/Coconut Tree Disease Dataset/Leaf Rot/LeafRot1399.jpg,leafrot,2_foliar_disease,,,,0,,,,,
LeafRot140,coconut-tree-disease,Dataset/Coconut Tree Disease Dataset/Leaf Rot/LeafRot140.jpg,leafrot,2_foliar_disease,,,,4,,,,,
LeafRot1400,coconut-tree-disease,Dataset/Coconut Tree Disease Dataset/Leaf Rot/LeafRot1400.jpg,leafrot,2_foliar_disease,,,,1,,,,,
LeafRot1401,coconut-tree-disease,Dataset/Coconut Tree Disease Dataset/Leaf Rot/LeafRot1401.jpg,leafrot,2_foliar_disease,,,,3,,,,,
LeafRot1402,coconut-tree-disease,Dataset/Coconut Tree Disease Dataset/Leaf Rot/LeafRot1402.jpg,leafrot,2_foliar_disease,,,,3,,,,,
LeafRot1403,coconut-tree-disease,Dataset/Coconut Tree Disease Dataset/Leaf Rot/LeafRot1403.jpg,leafrot,2_foliar_disease,,,,4,,,,,
LeafRot1404,coconut-tree-disease,Dataset/Coconut Tree Disease Dataset/Leaf Rot/LeafRot1404.jpg,leafrot,2_foliar_disease,,,,1,,,,,
LeafRot1405,coconut-tree-disease,Dataset/Coconut Tree Disease Dataset/Leaf Rot/LeafRot1405.jpg,leafrot,2_foliar_disease,,,,4,,,,,
LeafRot1406,coconut-tree-disease,Dataset/Coconut Tree Disease Dataset/Leaf Rot/LeafRot1406.jpg,leafrot,2_foliar_disease,,,,4,,,,,
LeafRot1407,coconut-tree-disease,Dataset/Coconut Tree Disease Dataset/Leaf Rot/LeafRot1407.jpg,leafrot,2_foliar_disease,,,,1,,,,,
LeafRot1408,coconut-tree-disease,Dataset/Coconut Tree Disease Dataset/Leaf Rot/LeafRot1408.jpg,leafrot,2_foliar_disease,,,,4,,,,,
LeafRot1409,coconut-tree-disease,Dataset/Coconut Tree Disease Dataset/Leaf Rot/LeafRot1409.jpg,leafrot,2_foliar_disease,,,,3,,,,,
LeafRot141,coconut-tree-disease,Dataset/Coconut Tree Disease Dataset/Leaf Rot/LeafRot141.jpg,leafrot,2_foliar_disease,,,,0,,,,,
LeafRot1410,coconut-tree-disease,Dataset/Coconut Tree Disease Dataset/Leaf Rot/LeafRot1410.jpg,leafrot,2_foliar_disease,,,,0,,,,,
LeafRot1411,coconut-tree-disease,Dataset/Coconut Tree Disease Dataset/Leaf Rot/LeafRot1411.jpg,leafrot,2_foliar_disease,,,,4,,,,,
LeafRot1412,coconut-tree-disease,Dataset/Coconut Tree Disease Dataset/Leaf Rot/LeafRot1412.jpg,leafrot,2_foliar_disease,,,,3,,,,,
LeafRot1413,coconut-tree-disease,Dataset/Coconut Tree Disease Dataset/Leaf Rot/LeafRot1413.jpg,leafrot,2_foliar_disease,,,,0,,,,,
LeafRot1414,coconut-tree-disease,Dataset/Coconut Tree Disease Dataset/Leaf Rot/LeafRot1414.jpg,leafrot,2_foliar_disease,,,,4,,,,,
LeafRot1415,coconut-tree-disease,Dataset/Coconut Tree Disease Dataset/Leaf Rot/LeafRot1415.jpg,leafrot,2_foliar_disease,,,,2,,,,,
LeafRot1416,coconut-tree-disease,Dataset/Coconut Tree Disease Dataset/Leaf Rot/LeafRot1416.jpg,leafrot,2_foliar_disease,,,,0,,,,,
LeafRot1417,coconut-tree-disease,Dataset/Coconut Tree Disease Dataset/Leaf Rot/LeafRot1417.jpg,leafrot,2_foliar_disease,,,,2,,,,,
LeafRot1418,coconut-tree-disease,Dataset/Coconut Tree Disease Dataset/Leaf Rot/LeafRot1418.jpg,leafrot,2_foliar_disease,,,,2,,,,,
LeafRot1419,coconut-tree-disease,Dataset/Coconut Tree Disease Dataset/Leaf Rot/LeafRot1419.jpg,leafrot,2_foliar_disease,,,,4,,,,,
LeafRot142,coconut-tree-disease,Dataset/Coconut Tree Disease Dataset/Leaf Rot/LeafRot142.jpg,leafrot,2_foliar_disease,,,,2,,,,,
LeafRot1420,coconut-tree-disease,Dataset/Coconut Tree Disease Dataset/Leaf Rot/LeafRot1420.jpg,leafrot,2_foliar_disease,,,,0,,,,,
LeafRot1421,coconut-tree-disease,Dataset/Coconut Tree Disease Dataset/Leaf Rot/LeafRot1421.jpg,leafrot,2_foliar_disease,,,,4,,,,,
LeafRot1422,coconut-tree-disease,Dataset/Coconut Tree Disease Dataset/Leaf Rot/LeafRot1422.jpg,leafrot,2_foliar_disease,,,,1,,,,,
LeafRot1423,coconut-tree-disease,Dataset/Coconut Tree Disease Dataset/Leaf Rot/LeafRot1423.jpg,leafrot,2_foliar_disease,,,,2,,,,,
LeafRot1424,coconut-tree-disease,Dataset/Coconut Tree Disease Dataset/Leaf Rot/LeafRot1424.jpg,leafrot,2_foliar_disease,,,,0,,,,,
LeafRot1425,coconut-tree-disease,Dataset/Coconut Tree Disease Dataset/Leaf Rot/LeafRot1425.jpg,leafrot,2_foliar_disease,,,,2,,,,,
LeafRot1426,coconut-tree-disease,Dataset/Coconut Tree Disease Dataset/Leaf Rot/LeafRot1426.jpg,leafrot,2_foliar_disease,,,,0,,,,,
LeafRot1427,coconut-tree-disease,Dataset/Coconut Tree Disease Dataset/Leaf Rot/LeafRot1427.jpg,leafrot,2_foliar_disease,,,,2,,,,,
LeafRot1428,coconut-tree-disease,Dataset/Coconut Tree Disease Dataset/Leaf Rot/LeafRot1428.jpg,leafrot,2_foliar_disease,,,,0,,,,,
LeafRot1429,coconut-tree-disease,Dataset/Coconut Tree Disease Dataset/Leaf Rot/LeafRot1429.jpg,leafrot,2_foliar_disease,,,,0,,,,,
LeafRot143,coconut-tree-disease,Dataset/Coconut Tree Disease Dataset/Leaf Rot/LeafRot143.jpg,leafrot,2_foliar_disease,,,,1,,,,,
LeafRot1430,coconut-tree-disease,Dataset/Coconut Tree Disease Dataset/Leaf Rot/LeafRot1430.jpg,leafrot,2_foliar_disease,,,,1,,,,,
LeafRot1431,coconut-tree-disease,Dataset/Coconut Tree Disease Dataset/Leaf Rot/LeafRot1431.jpg,leafrot,2_foliar_disease,,,,1,,,,,
LeafRot1432,coconut-tree-disease,Dataset/Coconut Tree Disease Dataset/Leaf Rot/LeafRot1432.jpg,leafrot,2_foliar_disease,,,,0,,,,,
LeafRot1433,coconut-tree-disease,Dataset/Coconut Tree Disease Dataset/Leaf Rot/LeafRot1433.jpg,leafrot,2_foliar_disease,,,,1,,,,,
LeafRot1434,coconut-tree-disease,Dataset/Coconut Tree Disease Dataset/Leaf Rot/LeafRot1434.jpg,leafrot,2_foliar_disease,,,,1,,,,,
LeafRot1435,coconut-tree-disease,Dataset/Coconut Tree Disease Dataset/Leaf Rot/LeafRot1435.jpg,leafrot,2_foliar_disease,,,,0,,,,,
LeafRot1436,coconut-tree-disease,Dataset/Coconut Tree Disease Dataset/Leaf Rot/LeafRot1436.jpg,leafrot,2_foliar_disease,,,,0,,,,,
LeafRot1437,coconut-tree-disease,Dataset/Coconut Tree Disease Dataset/Leaf Rot/LeafRot1437.jpg,leafrot,2_foliar_disease,,,,0,,,,,
LeafRot1438,coconut-tree-disease,Dataset/Coconut Tree Disease Dataset/Leaf Rot/LeafRot1438.jpg,leafrot,2_foliar_disease,,,,3,,,,,
LeafRot1439,coconut-tree-disease,Dataset/Coconut Tree Disease Dataset/Leaf Rot/LeafRot1439.jpg,leafrot,2_foliar_disease,,,,0,,,,,
LeafRot144,coconut-tree-disease,Dataset/Coconut Tree Disease Dataset/Leaf Rot/LeafRot144.jpg,leafrot,2_foliar_disease,,,,3,,,,,
LeafRot1440,coconut-tree-disease,Dataset/Coconut Tree Disease Dataset/Leaf Rot/LeafRot1440.jpg,leafrot,2_foliar_disease,,,,3,,,,,
LeafRot1441,coconut-tree-disease,Dataset/Coconut Tree Disease Dataset/Leaf Rot/LeafRot1441.jpg,leafrot,2_foliar_disease,,,,3,,,,,
LeafRot1442,coconut-tree-disease,Dataset/Coconut Tree Disease Dataset/Leaf Rot/LeafRot1442.jpg,leafrot,2_foliar_disease,,,,1,,,,,
LeafRot1443,coconut-tree-disease,Dataset/Coconut Tree Disease Dataset/Leaf Rot/LeafRot1443.jpg,leafrot,2_foliar_disease,,,,0,,,,,
LeafRot1444,coconut-tree-disease,Dataset/Coconut Tree Disease Dataset/Leaf Rot/LeafRot1444.jpg,leafrot,2_foliar_disease,,,,0,,,,,
LeafRot1445,coconut-tree-disease,Dataset/Coconut Tree Disease Dataset/Leaf Rot/LeafRot1445.jpg,leafrot,2_foliar_disease,,,,1,,,,,
LeafRot1446,coconut-tree-disease,Dataset/Coconut Tree Disease Dataset/Leaf Rot/LeafRot1446.jpg,leafrot,2_foliar_disease,,,,1,,,,,
LeafRot1447,coconut-tree-disease,Dataset/Coconut Tree Disease Dataset/Leaf Rot/LeafRot1447.jpg,leafrot,2_foliar_disease,,,,2,,,,,
LeafRot1448,coconut-tree-disease,Dataset/Coconut Tree Disease Dataset/Leaf Rot/LeafRot1448.jpg,leafrot,2_foliar_disease,,,,1,,,,,
LeafRot1449,coconut-tree-disease,Dataset/Coconut Tree Disease Dataset/Leaf Rot/LeafRot1449.jpg,leafrot,2_foliar_disease,,,,3,,,,,
LeafRot145,coconut-tree-disease,Dataset/Coconut Tree Disease Dataset/Leaf Rot/LeafRot145.jpg,leafrot,2_foliar_disease,,,,1,,,,,
LeafRot1450,coconut-tree-disease,Dataset/Coconut Tree Disease Dataset/Leaf Rot/LeafRot1450.jpg,leafrot,2_foliar_disease,,,,2,,,,,
LeafRot1451,coconut-tree-disease,Dataset/Coconut Tree Disease Dataset/Leaf Rot/LeafRot1451.jpg,leafrot,2_foliar_disease,,,,0,,,,,
LeafRot1452,coconut-tree-disease,Dataset/Coconut Tree Disease Dataset/Leaf Rot/LeafRot1452.jpg,leafrot,2_foliar_disease,,,,0,,,,,
LeafRot1453,coconut-tree-disease,Dataset/Coconut Tree Disease Dataset/Leaf Rot/LeafRot1453.jpg,leafrot,2_foliar_disease,,,,1,,,,,
LeafRot1454,coconut-tree-disease,Dataset/Coconut Tree Disease Dataset/Leaf Rot/LeafRot1454.jpg,leafrot,2_foliar_disease,,,,3,,,,,
LeafRot1455,coconut-tree-disease,Dataset/Coconut Tree Disease Dataset/Leaf Rot/LeafRot1455.jpg,leafrot,2_foliar_disease,,,,0,,,,,
LeafRot1456,coconut-tree-disease,Dataset/Coconut Tree Disease Dataset/Leaf Rot/LeafRot1456.jpg,leafrot,2_foliar_disease,,,,3,,,,,
LeafRot1457,coconut-tree-disease,Dataset/Coconut Tree Disease Dataset/Leaf Rot/LeafRot1457.jpg,leafrot,2_foliar_disease,,,,0,,,,,
LeafRot1458,coconut-tree-disease,Dataset/Coconut Tree Disease Dataset/Leaf Rot/LeafRot1458.jpg,leafrot,2_foliar_disease,,,,3,,,,,
LeafRot1459,coconut-tree-disease,Dataset/Coconut Tree Disease Dataset/Leaf Rot/LeafRot1459.jpg,leafrot,2_foliar_disease,,,,3,,,,,
LeafRot146,coconut-tree-disease,Dataset/Coconut Tree Disease Dataset/Leaf Rot/LeafRot146.jpg,leafrot,2_foliar_disease,,,,1,,,,,
LeafRot1460,coconut-tree-disease,Dataset/Coconut Tree Disease Dataset/Leaf Rot/LeafRot1460.jpg,leafrot,2_foliar_disease,,,,0,,,,,
LeafRot1461,coconut-tree-disease,Dataset/Coconut Tree Disease Dataset/Leaf Rot/LeafRot1461.jpg,leafrot,2_foliar_disease,,,,3,,,,,
LeafRot1462,coconut-tree-disease,Dataset/Coconut Tree Disease Dataset/Leaf Rot/LeafRot1462.jpg,leafrot,2_foliar_disease,,,,2,,,,,
LeafRot1463,coconut-tree-disease,Dataset/Coconut Tree Disease Dataset/Leaf Rot/LeafRot1463.jpg,leafrot,2_foliar_disease,,,,3,,,,,
LeafRot1464,coconut-tree-disease,Dataset/Coconut Tree Disease Dataset/Leaf Rot/LeafRot1464.jpg,leafrot,2_foliar_disease,,,,1,,,,,
LeafRot1465,coconut-tree-disease,Dataset/Coconut Tree Disease Dataset/Leaf Rot/LeafRot1465.jpg,leafrot,2_foliar_disease,,,,4,,,,,
LeafRot1466,coconut-tree-disease,Dataset/Coconut Tree Disease Dataset/Leaf Rot/LeafRot1466.jpg,leafrot,2_foliar_disease,,,,0,,,,,
LeafRot1467,coconut-tree-disease,Dataset/Coconut Tree Disease Dataset/Leaf Rot/LeafRot1467.jpg,leafrot,2_foliar_disease,,,,0,,,,,
LeafRot1468,coconut-tree-disease,Dataset/Coconut Tree Disease Dataset/Leaf Rot/LeafRot1468.jpg,leafrot,2_foliar_disease,,,,2,,,,,
LeafRot1469,coconut-tree-disease,Dataset/Coconut Tree Disease Dataset/Leaf Rot/LeafRot1469.jpg,leafrot,2_foliar_disease,,,,4,,,,,
LeafRot147,coconut-tree-disease,Dataset/Coconut Tree Disease Dataset/Leaf Rot/LeafRot147.jpg,leafrot,2_foliar_disease,,,,1,,,,,
LeafRot1470,coconut-tree-disease,Dataset/Coconut Tree Disease Dataset/Leaf Rot/LeafRot1470.jpg,leafrot,2_foliar_disease,,,,2,,,,,
LeafRot1471,coconut-tree-disease,Dataset/Coconut Tree Disease Dataset/Leaf Rot/LeafRot1471.jpg,leafrot,2_foliar_disease,,,,3,,,,,
LeafRot1472,coconut-tree-disease,Dataset/Coconut Tree Disease Dataset/Leaf Rot/LeafRot1472.jpg,leafrot,2_foliar_disease,,,,2,,,,,
LeafRot1473,coconut-tree-disease,Dataset/Coconut Tree Disease Dataset/Leaf Rot/LeafRot1473.jpg,leafrot,2_foliar_disease,,,,4,,,,,
LeafRot1474,coconut-tree-disease,Dataset/Coconut Tree Disease Dataset/Leaf Rot/LeafRot1474.jpg,leafrot,2_foliar_disease,,,,3,,,,,
LeafRot1475,coconut-tree-disease,Dataset/Coconut Tree Disease Dataset/Leaf Rot/LeafRot1475.jpg,leafrot,2_foliar_disease,,,,0,,,,,
LeafRot1476,coconut-tree-disease,Dataset/Coconut Tree Disease Dataset/Leaf Rot/LeafRot1476.jpg,leafrot,2_foliar_disease,,,,1,,,,,
LeafRot1477,coconut-tree-disease,Dataset/Coconut Tree Disease Dataset/Leaf Rot/LeafRot1477.jpg,leafrot,2_foliar_disease,,,,2,,,,,
LeafRot1478,coconut-tree-disease,Dataset/Coconut Tree Disease Dataset/Leaf Rot/LeafRot1478.jpg,leafrot,2_foliar_disease,,,,2,,,,,
LeafRot1479,coconut-tree-disease,Dataset/Coconut Tree Disease Dataset/Leaf Rot/LeafRot1479.jpg,leafrot,2_foliar_disease,,,,4,,,,,
LeafRot148,coconut-tree-disease,Dataset/Coconut Tree Disease Dataset/Leaf Rot/LeafRot148.jpg,leafrot,2_foliar_disease,,,,3,,,,,
LeafRot1480,coconut-tree-disease,Dataset/Coconut Tree Disease Dataset/Leaf Rot/LeafRot1480.jpg,leafrot,2_foliar_disease,,,,1,,,,,
LeafRot1481,coconut-tree-disease,Dataset/Coconut Tree Disease Dataset/Leaf Rot/LeafRot1481.jpg,leafrot,2_foliar_disease,,,,4,,,,,
LeafRot1482,coconut-tree-disease,Dataset/Coconut Tree Disease Dataset/Leaf Rot/LeafRot1482.jpg,leafrot,2_foliar_disease,,,,0,,,,,
LeafRot1483,coconut-tree-disease,Dataset/Coconut Tree Disease Dataset/Leaf Rot/LeafRot1483.jpg,leafrot,2_foliar_disease,,,,3,,,,,
LeafRot1484,coconut-tree-disease,Dataset/Coconut Tree Disease Dataset/Leaf Rot/LeafRot1484.jpg,leafrot,2_foliar_disease,,,,2,,,,,
LeafRot1485,coconut-tree-disease,Dataset/Coconut Tree Disease Dataset/Leaf Rot/LeafRot1485.jpg,leafrot,2_foliar_disease,,,,0,,,,,
LeafRot1486,coconut-tree-disease,Dataset/Coconut Tree Disease Dataset/Leaf Rot/LeafRot1486.jpg,leafrot,2_foliar_disease,,,,0,,,,,
LeafRot1487,coconut-tree-disease,Dataset/Coconut Tree Disease Dataset/Leaf Rot/LeafRot1487.jpg,leafrot,2_foliar_disease,,,,0,,,,,
LeafRot1488,coconut-tree-disease,Dataset/Coconut Tree Disease Dataset/Leaf Rot/LeafRot1488.jpg,leafrot,2_foliar_disease,,,,4,,,,,
LeafRot1489,coconut-tree-disease,Dataset/Coconut Tree Disease Dataset/Leaf Rot/LeafRot1489.jpg,leafrot,2_foliar_disease,,,,4,,,,,
LeafRot149,coconut-tree-disease,Dataset/Coconut Tree Disease Dataset/Leaf Rot/LeafRot149.jpg,leafrot,2_foliar_disease,,,,4,,,,,
LeafRot1490,coconut-tree-disease,Dataset/Coconut Tree Disease Dataset/Leaf Rot/LeafRot1490.jpg,leafrot,2_foliar_disease,,,,2,,,,,
LeafRot1491,coconut-tree-disease,Dataset/Coconut Tree Disease Dataset/Leaf Rot/LeafRot1491.jpg,leafrot,2_foliar_disease,,,,3,,,,,
LeafRot1492,coconut-tree-disease,Dataset/Coconut Tree Disease Dataset/Leaf Rot/LeafRot1492.jpg,leafrot,2_foliar_disease,,,,0,,,,,
LeafRot1493,coconut-tree-disease,Dataset/Coconut Tree Disease Dataset/Leaf Rot/LeafRot1493.jpg,leafrot,2_foliar_disease,,,,3,,,,,
LeafRot1494,coconut-tree-disease,Dataset/Coconut Tree Disease Dataset/Leaf Rot/LeafRot1494.jpg,leafrot,2_foliar_disease,,,,1,,,,,
LeafRot1495,coconut-tree-disease,Dataset/Coconut Tree Disease Dataset/Leaf Rot/LeafRot1495.jpg,leafrot,2_foliar_disease,,,,0,,,,,
LeafRot1496,coconut-tree-disease,Dataset/Coconut Tree Disease Dataset/Leaf Rot/LeafRot1496.jpg,leafrot,2_foliar_disease,,,,3,,,,,
LeafRot1497,coconut-tree-disease,Dataset/Coconut Tree Disease Dataset/Leaf Rot/LeafRot1497.jpg,leafrot,2_foliar_disease,,,,4,,,,,
LeafRot1498,coconut-tree-disease,Dataset/Coconut Tree Disease Dataset/Leaf Rot/LeafRot1498.jpg,leafrot,2_foliar_disease,,,,4,,,,,
LeafRot1499,coconut-tree-disease,Dataset/Coconut Tree Disease Dataset/Leaf Rot/LeafRot1499.jpg,leafrot,2_foliar_disease,,,,2,,,,,
LeafRot150,coconut-tree-disease,Dataset/Coconut Tree Disease Dataset/Leaf Rot/LeafRot150.jpg,leafrot,2_foliar_disease,,,,2,,,,,
LeafRot1500,coconut-tree-disease,Dataset/Coconut Tree Disease Dataset/Leaf Rot/LeafRot1500.jpg,leafrot,2_foliar_disease,,,,3,,,,,
LeafRot1501,coconut-tree-disease,Dataset/Coconut Tree Disease Dataset/Leaf Rot/LeafRot1501.jpg,leafrot,2_foliar_disease,,,,0,,,,,
LeafRot1502,coconut-tree-disease,Dataset/Coconut Tree Disease Dataset/Leaf Rot/LeafRot1502.jpg,leafrot,2_foliar_disease,,,,3,,,,,
LeafRot1503,coconut-tree-disease,Dataset/Coconut Tree Disease Dataset/Leaf Rot/LeafRot1503.jpg,leafrot,2_foliar_disease,,,,2,,,,,
LeafRot1504,coconut-tree-disease,Dataset/Coconut Tree Disease Dataset/Leaf Rot/LeafRot1504.jpg,leafrot,2_foliar_disease,,,,3,,,,,
LeafRot1505,coconut-tree-disease,Dataset/Coconut Tree Disease Dataset/Leaf Rot/LeafRot1505.jpg,leafrot,2_foliar_disease,,,,3,,,,,
LeafRot1506,coconut-tree-disease,Dataset/Coconut Tree Disease Dataset/Leaf Rot/LeafRot1506.jpg,leafrot,2_foliar_disease,,,,3,,,,,
LeafRot1507,coconut-tree-disease,Dataset/Coconut Tree Disease Dataset/Leaf Rot/LeafRot1507.jpg,leafrot,2_foliar_disease,,,,2,,,,,
LeafRot1508,coconut-tree-disease,Dataset/Coconut Tree Disease Dataset/Leaf Rot/LeafRot1508.jpg,leafrot,2_foliar_disease,,,,4,,,,,
LeafRot1509,coconut-tree-disease,Dataset/Coconut Tree Disease Dataset/Leaf Rot/LeafRot1509.jpg,leafrot,2_foliar_disease,,,,3,,,,,
LeafRot151,coconut-tree-disease,Dataset/Coconut Tree Disease Dataset/Leaf Rot/LeafRot151.jpg,leafrot,2_foliar_disease,,,,1,,,,,
LeafRot1510,coconut-tree-disease,Dataset/Coconut Tree Disease Dataset/Leaf Rot/LeafRot1510.jpg,leafrot,2_foliar_disease,,,,4,,,,,
LeafRot1511,coconut-tree-disease,Dataset/Coconut Tree Disease Dataset/Leaf Rot/LeafRot1511.jpg,leafrot,2_foliar_disease,,,,4,,,,,
LeafRot1512,coconut-tree-disease,Dataset/Coconut Tree Disease Dataset/Leaf Rot/LeafRot1512.jpg,leafrot,2_foliar_disease,,,,0,,,,,
LeafRot1513,coconut-tree-disease,Dataset/Coconut Tree Disease Dataset/Leaf Rot/LeafRot1513.jpg,leafrot,2_foliar_disease,,,,0,,,,,
LeafRot1514,coconut-tree-disease,Dataset/Coconut Tree Disease Dataset/Leaf Rot/LeafRot1514.jpg,leafrot,2_foliar_disease,,,,0,,,,,
LeafRot1515,coconut-tree-disease,Dataset/Coconut Tree Disease Dataset/Leaf Rot/LeafRot1515.jpg,leafrot,2_foliar_disease,,,,4,,,,,
LeafRot1516,coconut-tree-disease,Dataset/Coconut Tree Disease Dataset/Leaf Rot/LeafRot1516.jpg,leafrot,2_foliar_disease,,,,3,,,,,
LeafRot1517,coconut-tree-disease,Dataset/Coconut Tree Disease Dataset/Leaf Rot/LeafRot1517.jpg,leafrot,2_foliar_disease,,,,1,,,,,
LeafRot1518,coconut-tree-disease,Dataset/Coconut Tree Disease Dataset/Leaf Rot/LeafRot1518.jpg,leafrot,2_foliar_disease,,,,2,,,,,
LeafRot1519,coconut-tree-disease,Dataset/Coconut Tree Disease Dataset/Leaf Rot/LeafRot1519.jpg,leafrot,2_foliar_disease,,,,3,,,,,
LeafRot152,coconut-tree-disease,Dataset/Coconut Tree Disease Dataset/Leaf Rot/LeafRot152.jpg,leafrot,2_foliar_disease,,,,1,,,,,
LeafRot1520,coconut-tree-disease,Dataset/Coconut Tree Disease Dataset/Leaf Rot/LeafRot1520.jpg,leafrot,2_foliar_disease,,,,4,,,,,
LeafRot1521,coconut-tree-disease,Dataset/Coconut Tree Disease Dataset/Leaf Rot/LeafRot1521.jpg,leafrot,2_foliar_disease,,,,2,,,,,
LeafRot1522,coconut-tree-disease,Dataset/Coconut Tree Disease Dataset/Leaf Rot/LeafRot1522.jpg,leafrot,2_foliar_disease,,,,4,,,,,
LeafRot1523,coconut-tree-disease,Dataset/Coconut Tree Disease Dataset/Leaf Rot/LeafRot1523.jpg,leafrot,2_foliar_disease,,,,2,,,,,
LeafRot1524,coconut-tree-disease,Dataset/Coconut Tree Disease Dataset/Leaf Rot/LeafRot1524.jpg,leafrot,2_foliar_disease,,,,2,,,,,
LeafRot1525,coconut-tree-disease,Dataset/Coconut Tree Disease Dataset/Leaf Rot/LeafRot1525.jpg,leafrot,2_foliar_disease,,,,2,,,,,
LeafRot1526,coconut-tree-disease,Dataset/Coconut Tree Disease Dataset/Leaf Rot/LeafRot1526.jpg,leafrot,2_foliar_disease,,,,2,,,,,
LeafRot1527,coconut-tree-disease,Dataset/Coconut Tree Disease Dataset/Leaf Rot/LeafRot1527.jpg,leafrot,2_foliar_disease,,,,0,,,,,
LeafRot1528,coconut-tree-disease,Dataset/Coconut Tree Disease Dataset/Leaf Rot/LeafRot1528.jpg,leafrot,2_foliar_disease,,,,0,,,,,
LeafRot1529,coconut-tree-disease,Dataset/Coconut Tree Disease Dataset/Leaf Rot/LeafRot1529.jpg,leafrot,2_foliar_disease,,,,3,,,,,
LeafRot153,coconut-tree-disease,Dataset/Coconut Tree Disease Dataset/Leaf Rot/LeafRot153.jpg,leafrot,2_foliar_disease,,,,2,,,,,
LeafRot1530,coconut-tree-disease,Dataset/Coconut Tree Disease Dataset/Leaf Rot/LeafRot1530.jpg,leafrot,2_foliar_disease,,,,4,,,,,
LeafRot1531,coconut-tree-disease,Dataset/Coconut Tree Disease Dataset/Leaf Rot/LeafRot1531.jpg,leafrot,2_foliar_disease,,,,1,,,,,
LeafRot1532,coconut-tree-disease,Dataset/Coconut Tree Disease Dataset/Leaf Rot/LeafRot1532.jpg,leafrot,2_foliar_disease,,,,1,,,,,
LeafRot1533,coconut-tree-disease,Dataset/Coconut Tree Disease Dataset/Leaf Rot/LeafRot1533.jpg,leafrot,2_foliar_disease,,,,3,,,,,
LeafRot1534,coconut-tree-disease,Dataset/Coconut Tree Disease Dataset/Leaf Rot/LeafRot1534.jpg,leafrot,2_foliar_disease,,,,3,,,,,
LeafRot1535,coconut-tree-disease,Dataset/Coconut Tree Disease Dataset/Leaf Rot/LeafRot1535.jpg,leafrot,2_foliar_disease,,,,4,,,,,
LeafRot1536,coconut-tree-disease,Dataset/Coconut Tree Disease Dataset/Leaf Rot/LeafRot1536.jpg,leafrot,2_foliar_disease,,,,3,,,,,
LeafRot1537,coconut-tree-disease,Dataset/Coconut Tree Disease Dataset/Leaf Rot/LeafRot1537.jpg,leafrot,2_foliar_disease,,,,0,,,,,
LeafRot1538,coconut-tree-disease,Dataset/Coconut Tree Disease Dataset/Leaf Rot/LeafRot1538.jpg,leafrot,2_foliar_disease,,,,1,,,,,
LeafRot1539,coconut-tree-disease,Dataset/Coconut Tree Disease Dataset/Leaf Rot/LeafRot1539.jpg,leafrot,2_foliar_disease,,,,0,,,,,
LeafRot154,coconut-tree-disease,Dataset/Coconut Tree Disease Dataset/Leaf Rot/LeafRot154.jpg,leafrot,2_foliar_disease,,,,4,,,,,
LeafRot1540,coconut-tree-disease,Dataset/Coconut Tree Disease Dataset/Leaf Rot/LeafRot1540.jpg,leafrot,2_foliar_disease,,,,0,,,,,
LeafRot1541,coconut-tree-disease,Dataset/Coconut Tree Disease Dataset/Leaf Rot/LeafRot1541.jpg,leafrot,2_foliar_disease,,,,4,,,,,
LeafRot1542,coconut-tree-disease,Dataset/Coconut Tree Disease Dataset/Leaf Rot/LeafRot1542.jpg,leafrot,2_foliar_disease,,,,1,,,,,
LeafRot1543,coconut-tree-disease,Dataset/Coconut Tree Disease Dataset/Leaf Rot/LeafRot1543.jpg,leafrot,2_foliar_disease,,,,1,,,,,
LeafRot1544,coconut-tree-disease,Dataset/Coconut Tree Disease Dataset/Leaf Rot/LeafRot1544.jpg,leafrot,2_foliar_disease,,,,2,,,,,
LeafRot1545,coconut-tree-disease,Dataset/Coconut Tree Disease Dataset/Leaf Rot/LeafRot1545.jpg,leafrot,2_foliar_disease,,,,0,,,,,
LeafRot1546,coconut-tree-disease,Dataset/Coconut Tree Disease Dataset/Leaf Rot/LeafRot1546.jpg,leafrot,2_foliar_disease,,,,2,,,,,
LeafRot1547,coconut-tree-disease,Dataset/Coconut Tree Disease Dataset/Leaf Rot/LeafRot1547.jpg,leafrot,2_foliar_disease,,,,4,,,,,
LeafRot1548,coconut-tree-disease,Dataset/Coconut Tree Disease Dataset/Leaf Rot/LeafRot1548.jpg,leafrot,2_foliar_disease,,,,3,,,,,
LeafRot1549,coconut-tree-disease,Dataset/Coconut Tree Disease Dataset/Leaf Rot/LeafRot1549.jpg,leafrot,2_foliar_disease,,,,0,,,,,
LeafRot155,coconut-tree-disease,Dataset/Coconut Tree Disease Dataset/Leaf Rot/LeafRot155.jpg,leafrot,2_foliar_disease,,,,0,,,,,
LeafRot1550,coconut-tree-disease,Dataset/Coconut Tree Disease Dataset/Leaf Rot/LeafRot1550.jpg,leafrot,2_foliar_disease,,,,1,,,,,
LeafRot1551,coconut-tree-disease,Dataset/Coconut Tree Disease Dataset/Leaf Rot/LeafRot1551.jpg,leafrot,2_foliar_disease,,,,1,,,,,
LeafRot1552,coconut-tree-disease,Dataset/Coconut Tree Disease Dataset/Leaf Rot/LeafRot1552.jpg,leafrot,2_foliar_disease,,,,3,,,,,
LeafRot1553,coconut-tree-disease,Dataset/Coconut Tree Disease Dataset/Leaf Rot/LeafRot1553.jpg,leafrot,2_foliar_disease,,,,0,,,,,
LeafRot1554,coconut-tree-disease,Dataset/Coconut Tree Disease Dataset/Leaf Rot/LeafRot1554.jpg,leafrot,2_foliar_disease,,,,3,,,,,
LeafRot1555,coconut-tree-disease,Dataset/Coconut Tree Disease Dataset/Leaf Rot/LeafRot1555.jpg,leafrot,2_foliar_disease,,,,3,,,,,
LeafRot1556,coconut-tree-disease,Dataset/Coconut Tree Disease Dataset/Leaf Rot/LeafRot1556.jpg,leafrot,2_foliar_disease,,,,1,,,,,
LeafRot1557,coconut-tree-disease,Dataset/Coconut Tree Disease Dataset/Leaf Rot/LeafRot1557.jpg,leafrot,2_foliar_disease,,,,2,,,,,
LeafRot1558,coconut-tree-disease,Dataset/Coconut Tree Disease Dataset/Leaf Rot/LeafRot1558.jpg,leafrot,2_foliar_disease,,,,3,,,,,
LeafRot1559,coconut-tree-disease,Dataset/Coconut Tree Disease Dataset/Leaf Rot/LeafRot1559.jpg,leafrot,2_foliar_disease,,,,4,,,,,
LeafRot156,coconut-tree-disease,Dataset/Coconut Tree Disease Dataset/Leaf Rot/LeafRot156.jpg,leafrot,2_foliar_disease,,,,2,,,,,
LeafRot1560,coconut-tree-disease,Dataset/Coconut Tree Disease Dataset/Leaf Rot/LeafRot1560.jpg,leafrot,2_foliar_disease,,,,0,,,,,
LeafRot1561,coconut-tree-disease,Dataset/Coconut Tree Disease Dataset/Leaf Rot/LeafRot1561.jpg,leafrot,2_foliar_disease,,,,3,,,,,
LeafRot1562,coconut-tree-disease,Dataset/Coconut Tree Disease Dataset/Leaf Rot/LeafRot1562.jpg,leafrot,2_foliar_disease,,,,2,,,,,
LeafRot1563,coconut-tree-disease,Dataset/Coconut Tree Disease Dataset/Leaf Rot/LeafRot1563.jpg,leafrot,2_foliar_disease,,,,2,,,,,
LeafRot1564,coconut-tree-disease,Dataset/Coconut Tree Disease Dataset/Leaf Rot/LeafRot1564.jpg,leafrot,2_foliar_disease,,,,0,,,,,
LeafRot1565,coconut-tree-disease,Dataset/Coconut Tree Disease Dataset/Leaf Rot/LeafRot1565.jpg,leafrot,2_foliar_disease,,,,1,,,,,
LeafRot1566,coconut-tree-disease,Dataset/Coconut Tree Disease Dataset/Leaf Rot/LeafRot1566.jpg,leafrot,2_foliar_disease,,,,3,,,,,
LeafRot1567,coconut-tree-disease,Dataset/Coconut Tree Disease Dataset/Leaf Rot/LeafRot1567.jpg,leafrot,2_foliar_disease,,,,4,,,,,
LeafRot1568,coconut-tree-disease,Dataset/Coconut Tree Disease Dataset/Leaf Rot/LeafRot1568.jpg,leafrot,2_foliar_disease,,,,3,,,,,
LeafRot1569,coconut-tree-disease,Dataset/Coconut Tree Disease Dataset/Leaf Rot/LeafRot1569.jpg,leafrot,2_foliar_disease,,,,0,,,,,
LeafRot157,coconut-tree-disease,Dataset/Coconut Tree Disease Dataset/Leaf Rot/LeafRot157.jpg,leafrot,2_foliar_disease,,,,0,,,,,
LeafRot1570,coconut-tree-disease,Dataset/Coconut Tree Disease Dataset/Leaf Rot/LeafRot1570.jpg,leafrot,2_foliar_disease,,,,0,,,,,
LeafRot1571,coconut-tree-disease,Dataset/Coconut Tree Disease Dataset/Leaf Rot/LeafRot1571.jpg,leafrot,2_foliar_disease,,,,1,,,,,
LeafRot1572,coconut-tree-disease,Dataset/Coconut Tree Disease Dataset/Leaf Rot/LeafRot1572.jpg,leafrot,2_foliar_disease,,,,1,,,,,
LeafRot1573,coconut-tree-disease,Dataset/Coconut Tree Disease Dataset/Leaf Rot/LeafRot1573.jpg,leafrot,2_foliar_disease,,,,0,,,,,
LeafRot1574,coconut-tree-disease,Dataset/Coconut Tree Disease Dataset/Leaf Rot/LeafRot1574.jpg,leafrot,2_foliar_disease,,,,3,,,,,
LeafRot1575,coconut-tree-disease,Dataset/Coconut Tree Disease Dataset/Leaf Rot/LeafRot1575.jpg,leafrot,2_foliar_disease,,,,2,,,,,
LeafRot1576,coconut-tree-disease,Dataset/Coconut Tree Disease Dataset/Leaf Rot/LeafRot1576.jpg,leafrot,2_foliar_disease,,,,4,,,,,
LeafRot1577,coconut-tree-disease,Dataset/Coconut Tree Disease Dataset/Leaf Rot/LeafRot1577.jpg,leafrot,2_foliar_disease,,,,2,,,,,
LeafRot1578,coconut-tree-disease,Dataset/Coconut Tree Disease Dataset/Leaf Rot/LeafRot1578.jpg,leafrot,2_foliar_disease,,,,3,,,,,
LeafRot1579,coconut-tree-disease,Dataset/Coconut Tree Disease Dataset/Leaf Rot/LeafRot1579.jpg,leafrot,2_foliar_disease,,,,1,,,,,
LeafRot158,coconut-tree-disease,Dataset/Coconut Tree Disease Dataset/Leaf Rot/LeafRot158.jpg,leafrot,2_foliar_disease,,,,3,,,,,
LeafRot1580,coconut-tree-disease,Dataset/Coconut Tree Disease Dataset/Leaf Rot/LeafRot1580.jpg,leafrot,2_foliar_disease,,,,4,,,,,
LeafRot1581,coconut-tree-disease,Dataset/Coconut Tree Disease Dataset/Leaf Rot/LeafRot1581.jpg,leafrot,2_foliar_disease,,,,0,,,,,
LeafRot1582,coconut-tree-disease,Dataset/Coconut Tree Disease Dataset/Leaf Rot/LeafRot1582.jpg,leafrot,2_foliar_disease,,,,2,,,,,
LeafRot1583,coconut-tree-disease,Dataset/Coconut Tree Disease Dataset/Leaf Rot/LeafRot1583.jpg,leafrot,2_foliar_disease,,,,3,,,,,
LeafRot1584,coconut-tree-disease,Dataset/Coconut Tree Disease Dataset/Leaf Rot/LeafRot1584.jpg,leafrot,2_foliar_disease,,,,4,,,,,
LeafRot1585,coconut-tree-disease,Dataset/Coconut Tree Disease Dataset/Leaf Rot/LeafRot1585.jpg,leafrot,2_foliar_disease,,,,3,,,,,
LeafRot1586,coconut-tree-disease,Dataset/Coconut Tree Disease Dataset/Leaf Rot/LeafRot1586.jpg,leafrot,2_foliar_disease,,,,3,,,,,
LeafRot1587,coconut-tree-disease,Dataset/Coconut Tree Disease Dataset/Leaf Rot/LeafRot1587.jpg,leafrot,2_foliar_disease,,,,0,,,,,
LeafRot1588,coconut-tree-disease,Dataset/Coconut Tree Disease Dataset/Leaf Rot/LeafRot1588.jpg,leafrot,2_foliar_disease,,,,3,,,,,
LeafRot1589,coconut-tree-disease,Dataset/Coconut Tree Disease Dataset/Leaf Rot/LeafRot1589.jpg,leafrot,2_foliar_disease,,,,2,,,,,
LeafRot159,coconut-tree-disease,Dataset/Coconut Tree Disease Dataset/Leaf Rot/LeafRot159.jpg,leafrot,2_foliar_disease,,,,1,,,,,
LeafRot1590,coconut-tree-disease,Dataset/Coconut Tree Disease Dataset/Leaf Rot/LeafRot1590.jpg,leafrot,2_foliar_disease,,,,1,,,,,
LeafRot1591,coconut-tree-disease,Dataset/Coconut Tree Disease Dataset/Leaf Rot/LeafRot1591.jpg,leafrot,2_foliar_disease,,,,1,,,,,
LeafRot1592,coconut-tree-disease,Dataset/Coconut Tree Disease Dataset/Leaf Rot/LeafRot1592.jpg,leafrot,2_foliar_disease,,,,0,,,,,
LeafRot1593,coconut-tree-disease,Dataset/Coconut Tree Disease Dataset/Leaf Rot/LeafRot1593.jpg,leafrot,2_foliar_disease,,,,1,,,,,
LeafRot1594,coconut-tree-disease,Dataset/Coconut Tree Disease Dataset/Leaf Rot/LeafRot1594.jpg,leafrot,2_foliar_disease,,,,2,,,,,
LeafRot1595,coconut-tree-disease,Dataset/Coconut Tree Disease Dataset/Leaf Rot/LeafRot1595.jpg,leafrot,2_foliar_disease,,,,2,,,,,
LeafRot1596,coconut-tree-disease,Dataset/Coconut Tree Disease Dataset/Leaf Rot/LeafRot1596.jpg,leafrot,2_foliar_disease,,,,3,,,,,
LeafRot1597,coconut-tree-disease,Dataset/Coconut Tree Disease Dataset/Leaf Rot/LeafRot1597.jpg,leafrot,2_foliar_disease,,,,1,,,,,
LeafRot1598,coconut-tree-disease,Dataset/Coconut Tree Disease Dataset/Leaf Rot/LeafRot1598.jpg,leafrot,2_foliar_disease,,,,3,,,,,
LeafRot1599,coconut-tree-disease,Dataset/Coconut Tree Disease Dataset/Leaf Rot/LeafRot1599.jpg,leafrot,2_foliar_disease,,,,0,,,,,
LeafRot160,coconut-tree-disease,Dataset/Coconut Tree Disease Dataset/Leaf Rot/LeafRot160.jpg,leafrot,2_foliar_disease,,,,4,,,,,
LeafRot1600,coconut-tree-disease,Dataset/Coconut Tree Disease Dataset/Leaf Rot/LeafRot1600.jpg,leafrot,2_foliar_disease,,,,1,,,,,
LeafRot1601,coconut-tree-disease,Dataset/Coconut Tree Disease Dataset/Leaf Rot/LeafRot1601.jpg,leafrot,2_foliar_disease,,,,4,,,,,
LeafRot1602,coconut-tree-disease,Dataset/Coconut Tree Disease Dataset/Leaf Rot/LeafRot1602.jpg,leafrot,2_foliar_disease,,,,0,,,,,
LeafRot1603,coconut-tree-disease,Dataset/Coconut Tree Disease Dataset/Leaf Rot/LeafRot1603.jpg,leafrot,2_foliar_disease,,,,3,,,,,
LeafRot1604,coconut-tree-disease,Dataset/Coconut Tree Disease Dataset/Leaf Rot/LeafRot1604.jpg,leafrot,2_foliar_disease,,,,0,,,,,
LeafRot1605,coconut-tree-disease,Dataset/Coconut Tree Disease Dataset/Leaf Rot/LeafRot1605.jpg,leafrot,2_foliar_disease,,,,0,,,,,
LeafRot1606,coconut-tree-disease,Dataset/Coconut Tree Disease Dataset/Leaf Rot/LeafRot1606.jpg,leafrot,2_foliar_disease,,,,0,,,,,
LeafRot1607,coconut-tree-disease,Dataset/Coconut Tree Disease Dataset/Leaf Rot/LeafRot1607.jpg,leafrot,2_foliar_disease,,,,1,,,,,
LeafRot1608,coconut-tree-disease,Dataset/Coconut Tree Disease Dataset/Leaf Rot/LeafRot1608.jpg,leafrot,2_foliar_disease,,,,1,,,,,
LeafRot1609,coconut-tree-disease,Dataset/Coconut Tree Disease Dataset/Leaf Rot/LeafRot1609.jpg,leafrot,2_foliar_disease,,,,4,,,,,
LeafRot161,coconut-tree-disease,Dataset/Coconut Tree Disease Dataset/Leaf Rot/LeafRot161.jpg,leafrot,2_foliar_disease,,,,2,,,,,
LeafRot1610,coconut-tree-disease,Dataset/Coconut Tree Disease Dataset/Leaf Rot/LeafRot1610.jpg,leafrot,2_foliar_disease,,,,1,,,,,
LeafRot1611,coconut-tree-disease,Dataset/Coconut Tree Disease Dataset/Leaf Rot/LeafRot1611.jpg,leafrot,2_foliar_disease,,,,1,,,,,
LeafRot1612,coconut-tree-disease,Dataset/Coconut Tree Disease Dataset/Leaf Rot/LeafRot1612.jpg,leafrot,2_foliar_disease,,,,3,,,,,
LeafRot1613,coconut-tree-disease,Dataset/Coconut Tree Disease Dataset/Leaf Rot/LeafRot1613.jpg,leafrot,2_foliar_disease,,,,3,,,,,
LeafRot1614,coconut-tree-disease,Dataset/Coconut Tree Disease Dataset/Leaf Rot/LeafRot1614.jpg,leafrot,2_foliar_disease,,,,0,,,,,
LeafRot1615,coconut-tree-disease,Dataset/Coconut Tree Disease Dataset/Leaf Rot/LeafRot1615.jpg,leafrot,2_foliar_disease,,,,4,,,,,
LeafRot1616,coconut-tree-disease,Dataset/Coconut Tree Disease Dataset/Leaf Rot/LeafRot1616.jpg,leafrot,2_foliar_disease,,,,2,,,,,
LeafRot1617,coconut-tree-disease,Dataset/Coconut Tree Disease Dataset/Leaf Rot/LeafRot1617.jpg,leafrot,2_foliar_disease,,,,3,,,,,
LeafRot1618,coconut-tree-disease,Dataset/Coconut Tree Disease Dataset/Leaf Rot/LeafRot1618.jpg,leafrot,2_foliar_disease,,,,0,,,,,
LeafRot1619,coconut-tree-disease,Dataset/Coconut Tree Disease Dataset/Leaf Rot/LeafRot1619.jpg,leafrot,2_foliar_disease,,,,1,,,,,
LeafRot162,coconut-tree-disease,Dataset/Coconut Tree Disease Dataset/Leaf Rot/LeafRot162.jpg,leafrot,2_foliar_disease,,,,0,,,,,
LeafRot1620,coconut-tree-disease,Dataset/Coconut Tree Disease Dataset/Leaf Rot/LeafRot1620.jpg,leafrot,2_foliar_disease,,,,2,,,,,
LeafRot1621,coconut-tree-disease,Dataset/Coconut Tree Disease Dataset/Leaf Rot/LeafRot1621.jpg,leafrot,2_foliar_disease,,,,2,,,,,
LeafRot1622,coconut-tree-disease,Dataset/Coconut Tree Disease Dataset/Leaf Rot/LeafRot1622.jpg,leafrot,2_foliar_disease,,,,2,,,,,
LeafRot1623,coconut-tree-disease,Dataset/Coconut Tree Disease Dataset/Leaf Rot/LeafRot1623.jpg,leafrot,2_foliar_disease,,,,1,,,,,
LeafRot1624,coconut-tree-disease,Dataset/Coconut Tree Disease Dataset/Leaf Rot/LeafRot1624.jpg,leafrot,2_foliar_disease,,,,3,,,,,
LeafRot1625,coconut-tree-disease,Dataset/Coconut Tree Disease Dataset/Leaf Rot/LeafRot1625.jpg,leafrot,2_foliar_disease,,,,1,,,,,
LeafRot1626,coconut-tree-disease,Dataset/Coconut Tree Disease Dataset/Leaf Rot/LeafRot1626.jpg,leafrot,2_foliar_disease,,,,1,,,,,
LeafRot1627,coconut-tree-disease,Dataset/Coconut Tree Disease Dataset/Leaf Rot/LeafRot1627.jpg,leafrot,2_foliar_disease,,,,4,,,,,
LeafRot1628,coconut-tree-disease,Dataset/Coconut Tree Disease Dataset/Leaf Rot/LeafRot1628.jpg,leafrot,2_foliar_disease,,,,4,,,,,
LeafRot1629,coconut-tree-disease,Dataset/Coconut Tree Disease Dataset/Leaf Rot/LeafRot1629.jpg,leafrot,2_foliar_disease,,,,3,,,,,
LeafRot163,coconut-tree-disease,Dataset/Coconut Tree Disease Dataset/Leaf Rot/LeafRot163.jpg,leafrot,2_foliar_disease,,,,2,,,,,
LeafRot1630,coconut-tree-disease,Dataset/Coconut Tree Disease Dataset/Leaf Rot/LeafRot1630.jpg,leafrot,2_foliar_disease,,,,0,,,,,
LeafRot1631,coconut-tree-disease,Dataset/Coconut Tree Disease Dataset/Leaf Rot/LeafRot1631.jpg,leafrot,2_foliar_disease,,,,0,,,,,
LeafRot1632,coconut-tree-disease,Dataset/Coconut Tree Disease Dataset/Leaf Rot/LeafRot1632.jpg,leafrot,2_foliar_disease,,,,2,,,,,
LeafRot1633,coconut-tree-disease,Dataset/Coconut Tree Disease Dataset/Leaf Rot/LeafRot1633.jpg,leafrot,2_foliar_disease,,,,2,,,,,
LeafRot1634,coconut-tree-disease,Dataset/Coconut Tree Disease Dataset/Leaf Rot/LeafRot1634.jpg,leafrot,2_foliar_disease,,,,3,,,,,
LeafRot1635,coconut-tree-disease,Dataset/Coconut Tree Disease Dataset/Leaf Rot/LeafRot1635.jpg,leafrot,2_foliar_disease,,,,0,,,,,
LeafRot1636,coconut-tree-disease,Dataset/Coconut Tree Disease Dataset/Leaf Rot/LeafRot1636.jpg,leafrot,2_foliar_disease,,,,0,,,,,
LeafRot1637,coconut-tree-disease,Dataset/Coconut Tree Disease Dataset/Leaf Rot/LeafRot1637.jpg,leafrot,2_foliar_disease,,,,1,,,,,
LeafRot1638,coconut-tree-disease,Dataset/Coconut Tree Disease Dataset/Leaf Rot/LeafRot1638.jpg,leafrot,2_foliar_disease,,,,4,,,,,
LeafRot1639,coconut-tree-disease,Dataset/Coconut Tree Disease Dataset/Leaf Rot/LeafRot1639.jpg,leafrot,2_foliar_disease,,,,1,,,,,
LeafRot164,coconut-tree-disease,Dataset/Coconut Tree Disease Dataset/Leaf Rot/LeafRot164.jpg,leafrot,2_foliar_disease,,,,0,,,,,
LeafRot1640,coconut-tree-disease,Dataset/Coconut Tree Disease Dataset/Leaf Rot/LeafRot1640.jpg,leafrot,2_foliar_disease,,,,1,,,,,
LeafRot1641,coconut-tree-disease,Dataset/Coconut Tree Disease Dataset/Leaf Rot/LeafRot1641.jpg,leafrot,2_foliar_disease,,,,1,,,,,
LeafRot1642,coconut-tree-disease,Dataset/Coconut Tree Disease Dataset/Leaf Rot/LeafRot1642.jpg,leafrot,2_foliar_disease,,,,2,,,,,
LeafRot1643,coconut-tree-disease,Dataset/Coconut Tree Disease Dataset/Leaf Rot/LeafRot1643.jpg,leafrot,2_foliar_disease,,,,4,,,,,
LeafRot1644,coconut-tree-disease,Dataset/Coconut Tree Disease Dataset/Leaf Rot/LeafRot1644.jpg,leafrot,2_foliar_disease,,,,1,,,,,
LeafRot1645,coconut-tree-disease,Dataset/Coconut Tree Disease Dataset/Leaf Rot/LeafRot1645.jpg,leafrot,2_foliar_disease,,,,4,,,,,
LeafRot1646,coconut-tree-disease,Dataset/Coconut Tree Disease Dataset/Leaf Rot/LeafRot1646.jpg,leafrot,2_foliar_disease,,,,3,,,,,
LeafRot1647,coconut-tree-disease,Dataset/Coconut Tree Disease Dataset/Leaf Rot/LeafRot1647.jpg,leafrot,2_foliar_disease,,,,1,,,,,
LeafRot1648,coconut-tree-disease,Dataset/Coconut Tree Disease Dataset/Leaf Rot/LeafRot1648.jpg,leafrot,2_foliar_disease,,,,2,,,,,
LeafRot1649,coconut-tree-disease,Dataset/Coconut Tree Disease Dataset/Leaf Rot/LeafRot1649.jpg,leafrot,2_foliar_disease,,,,3,,,,,
LeafRot165,coconut-tree-disease,Dataset/Coconut Tree Disease Dataset/Leaf Rot/LeafRot165.jpg,leafrot,2_foliar_disease,,,,0,,,,,
LeafRot1650,coconut-tree-disease,Dataset/Coconut Tree Disease Dataset/Leaf Rot/LeafRot1650.jpg,leafrot,2_foliar_disease,,,,3,,,,,
LeafRot1651,coconut-tree-disease,Dataset/Coconut Tree Disease Dataset/Leaf Rot/LeafRot1651.jpg,leafrot,2_foliar_disease,,,,4,,,,,
LeafRot1652,coconut-tree-disease,Dataset/Coconut Tree Disease Dataset/Leaf Rot/LeafRot1652.jpg,leafrot,2_foliar_disease,,,,4,,,,,
LeafRot1653,coconut-tree-disease,Dataset/Coconut Tree Disease Dataset/Leaf Rot/LeafRot1653.jpg,leafrot,2_foliar_disease,,,,3,,,,,
LeafRot1654,coconut-tree-disease,Dataset/Coconut Tree Disease Dataset/Leaf Rot/LeafRot1654.jpg,leafrot,2_foliar_disease,,,,1,,,,,
LeafRot1655,coconut-tree-disease,Dataset/Coconut Tree Disease Dataset/Leaf Rot/LeafRot1655.jpg,leafrot,2_foliar_disease,,,,3,,,,,
LeafRot1656,coconut-tree-disease,Dataset/Coconut Tree Disease Dataset/Leaf Rot/LeafRot1656.jpg,leafrot,2_foliar_disease,,,,0,,,,,
LeafRot1657,coconut-tree-disease,Dataset/Coconut Tree Disease Dataset/Leaf Rot/LeafRot1657.jpg,leafrot,2_foliar_disease,,,,4,,,,,
LeafRot1658,coconut-tree-disease,Dataset/Coconut Tree Disease Dataset/Leaf Rot/LeafRot1658.jpg,leafrot,2_foliar_disease,,,,1,,,,,
LeafRot1659,coconut-tree-disease,Dataset/Coconut Tree Disease Dataset/Leaf Rot/LeafRot1659.jpg,leafrot,2_foliar_disease,,,,4,,,,,
LeafRot166,coconut-tree-disease,Dataset/Coconut Tree Disease Dataset/Leaf Rot/LeafRot166.jpg,leafrot,2_foliar_disease,,,,0,,,,,
LeafRot1660,coconut-tree-disease,Dataset/Coconut Tree Disease Dataset/Leaf Rot/LeafRot1660.jpg,leafrot,2_foliar_disease,,,,1,,,,,
LeafRot1661,coconut-tree-disease,Dataset/Coconut Tree Disease Dataset/Leaf Rot/LeafRot1661.jpg,leafrot,2_foliar_disease,,,,3,,,,,
LeafRot1662,coconut-tree-disease,Dataset/Coconut Tree Disease Dataset/Leaf Rot/LeafRot1662.jpg,leafrot,2_foliar_disease,,,,4,,,,,
LeafRot1663,coconut-tree-disease,Dataset/Coconut Tree Disease Dataset/Leaf Rot/LeafRot1663.jpg,leafrot,2_foliar_disease,,,,1,,,,,
LeafRot1664,coconut-tree-disease,Dataset/Coconut Tree Disease Dataset/Leaf Rot/LeafRot1664.jpg,leafrot,2_foliar_disease,,,,0,,,,,
LeafRot1665,coconut-tree-disease,Dataset/Coconut Tree Disease Dataset/Leaf Rot/LeafRot1665.jpg,leafrot,2_foliar_disease,,,,1,,,,,
LeafRot1666,coconut-tree-disease,Dataset/Coconut Tree Disease Dataset/Leaf Rot/LeafRot1666.jpg,leafrot,2_foliar_disease,,,,0,,,,,
LeafRot1667,coconut-tree-disease,Dataset/Coconut Tree Disease Dataset/Leaf Rot/LeafRot1667.jpg,leafrot,2_foliar_disease,,,,1,,,,,
LeafRot1668,coconut-tree-disease,Dataset/Coconut Tree Disease Dataset/Leaf Rot/LeafRot1668.jpg,leafrot,2_foliar_disease,,,,1,,,,,
LeafRot1669,coconut-tree-disease,Dataset/Coconut Tree Disease Dataset/Leaf Rot/LeafRot1669.jpg,leafrot,2_foliar_disease,,,,3,,,,,
LeafRot167,coconut-tree-disease,Dataset/Coconut Tree Disease Dataset/Leaf Rot/LeafRot167.jpg,leafrot,2_foliar_disease,,,,4,,,,,
LeafRot1670,coconut-tree-disease,Dataset/Coconut Tree Disease Dataset/Leaf Rot/LeafRot1670.jpg,leafrot,2_foliar_disease,,,,1,,,,,
LeafRot1671,coconut-tree-disease,Dataset/Coconut Tree Disease Dataset/Leaf Rot/LeafRot1671.jpg,leafrot,2_foliar_disease,,,,2,,,,,
LeafRot1672,coconut-tree-disease,Dataset/Coconut Tree Disease Dataset/Leaf Rot/LeafRot1672.jpg,leafrot,2_foliar_disease,,,,1,,,,,
LeafRot1673,coconut-tree-disease,Dataset/Coconut Tree Disease Dataset/Leaf Rot/LeafRot1673.jpg,leafrot,2_foliar_disease,,,,1,,,,,
LeafRot168,coconut-tree-disease,Dataset/Coconut Tree Disease Dataset/Leaf Rot/LeafRot168.jpg,leafrot,2_foliar_disease,,,,3,,,,,
LeafRot169,coconut-tree-disease,Dataset/Coconut Tree Disease Dataset/Leaf Rot/LeafRot169.jpg,leafrot,2_foliar_disease,,,,4,,,,,
LeafRot170,coconut-tree-disease,Dataset/Coconut Tree Disease Dataset/Leaf Rot/LeafRot170.jpg,leafrot,2_foliar_disease,,,,1,,,,,
LeafRot171,coconut-tree-disease,Dataset/Coconut Tree Disease Dataset/Leaf Rot/LeafRot171.jpg,leafrot,2_foliar_disease,,,,0,,,,,
LeafRot172,coconut-tree-disease,Dataset/Coconut Tree Disease Dataset/Leaf Rot/LeafRot172.jpg,leafrot,2_foliar_disease,,,,3,,,,,
LeafRot173,coconut-tree-disease,Dataset/Coconut Tree Disease Dataset/Leaf Rot/LeafRot173.jpg,leafrot,2_foliar_disease,,,,4,,,,,
LeafRot174,coconut-tree-disease,Dataset/Coconut Tree Disease Dataset/Leaf Rot/LeafRot174.jpg,leafrot,2_foliar_disease,,,,3,,,,,
LeafRot175,coconut-tree-disease,Dataset/Coconut Tree Disease Dataset/Leaf Rot/LeafRot175.jpg,leafrot,2_foliar_disease,,,,2,,,,,
LeafRot176,coconut-tree-disease,Dataset/Coconut Tree Disease Dataset/Leaf Rot/LeafRot176.jpg,leafrot,2_foliar_disease,,,,1,,,,,
LeafRot177,coconut-tree-disease,Dataset/Coconut Tree Disease Dataset/Leaf Rot/LeafRot177.jpg,leafrot,2_foliar_disease,,,,3,,,,,
LeafRot178,coconut-tree-disease,Dataset/Coconut Tree Disease Dataset/Leaf Rot/LeafRot178.jpg,leafrot,2_foliar_disease,,,,1,,,,,
LeafRot179,coconut-tree-disease,Dataset/Coconut Tree Disease Dataset/Leaf Rot/LeafRot179.jpg,leafrot,2_foliar_disease,,,,3,,,,,
LeafRot180,coconut-tree-disease,Dataset/Coconut Tree Disease Dataset/Leaf Rot/LeafRot180.jpg,leafrot,2_foliar_disease,,,,0,,,,,
LeafRot181,coconut-tree-disease,Dataset/Coconut Tree Disease Dataset/Leaf Rot/LeafRot181.jpg,leafrot,2_foliar_disease,,,,4,,,,,
LeafRot182,coconut-tree-disease,Dataset/Coconut Tree Disease Dataset/Leaf Rot/LeafRot182.jpg,leafrot,2_foliar_disease,,,,3,,,,,
LeafRot183,coconut-tree-disease,Dataset/Coconut Tree Disease Dataset/Leaf Rot/LeafRot183.jpg,leafrot,2_foliar_disease,,,,0,,,,,
LeafRot184,coconut-tree-disease,Dataset/Coconut Tree Disease Dataset/Leaf Rot/LeafRot184.jpg,leafrot,2_foliar_disease,,,,3,,,,,
LeafRot185,coconut-tree-disease,Dataset/Coconut Tree Disease Dataset/Leaf Rot/LeafRot185.jpg,leafrot,2_foliar_disease,,,,3,,,,,
LeafRot186,coconut-tree-disease,Dataset/Coconut Tree Disease Dataset/Leaf Rot/LeafRot186.jpg,leafrot,2_foliar_disease,,,,3,,,,,
LeafRot187,coconut-tree-disease,Dataset/Coconut Tree Disease Dataset/Leaf Rot/LeafRot187.jpg,leafrot,2_foliar_disease,,,,2,,,,,
LeafRot188,coconut-tree-disease,Dataset/Coconut Tree Disease Dataset/Leaf Rot/LeafRot188.jpg,leafrot,2_foliar_disease,,,,2,,,,,
LeafRot189,coconut-tree-disease,Dataset/Coconut Tree Disease Dataset/Leaf Rot/LeafRot189.jpg,leafrot,2_foliar_disease,,,,0,,,,,
LeafRot190,coconut-tree-disease,Dataset/Coconut Tree Disease Dataset/Leaf Rot/LeafRot190.jpg,leafrot,2_foliar_disease,,,,3,,,,,
LeafRot191,coconut-tree-disease,Dataset/Coconut Tree Disease Dataset/Leaf Rot/LeafRot191.jpg,leafrot,2_foliar_disease,,,,3,,,,,
LeafRot192,coconut-tree-disease,Dataset/Coconut Tree Disease Dataset/Leaf Rot/LeafRot192.jpg,leafrot,2_foliar_disease,,,,1,,,,,
LeafRot193,coconut-tree-disease,Dataset/Coconut Tree Disease Dataset/Leaf Rot/LeafRot193.jpg,leafrot,2_foliar_disease,,,,3,,,,,
LeafRot194,coconut-tree-disease,Dataset/Coconut Tree Disease Dataset/Leaf Rot/LeafRot194.jpg,leafrot,2_foliar_disease,,,,1,,,,,
LeafRot195,coconut-tree-disease,Dataset/Coconut Tree Disease Dataset/Leaf Rot/LeafRot195.jpg,leafrot,2_foliar_disease,,,,3,,,,,
LeafRot196,coconut-tree-disease,Dataset/Coconut Tree Disease Dataset/Leaf Rot/LeafRot196.jpg,leafrot,2_foliar_disease,,,,1,,,,,
LeafRot197,coconut-tree-disease,Dataset/Coconut Tree Disease Dataset/Leaf Rot/LeafRot197.jpg,leafrot,2_foliar_disease,,,,0,,,,,
LeafRot198,coconut-tree-disease,Dataset/Coconut Tree Disease Dataset/Leaf Rot/LeafRot198.jpg,leafrot,2_foliar_disease,,,,3,,,,,
LeafRot199,coconut-tree-disease,Dataset/Coconut Tree Disease Dataset/Leaf Rot/LeafRot199.jpg,leafrot,2_foliar_disease,,,,2,,,,,
LeafRot200,coconut-tree-disease,Dataset/Coconut Tree Disease Dataset/Leaf Rot/LeafRot200.jpg,leafrot,2_foliar_disease,,,,2,,,,,
LeafRot201,coconut-tree-disease,Dataset/Coconut Tree Disease Dataset/Leaf Rot/LeafRot201.jpg,leafrot,2_foliar_disease,,,,2,,,,,
LeafRot202,coconut-tree-disease,Dataset/Coconut Tree Disease Dataset/Leaf Rot/LeafRot202.jpg,leafrot,2_foliar_disease,,,,2,,,,,
LeafRot203,coconut-tree-disease,Dataset/Coconut Tree Disease Dataset/Leaf Rot/LeafRot203.jpg,leafrot,2_foliar_disease,,,,0,,,,,
LeafRot204,coconut-tree-disease,Dataset/Coconut Tree Disease Dataset/Leaf Rot/LeafRot204.jpg,leafrot,2_foliar_disease,,,,3,,,,,
LeafRot205,coconut-tree-disease,Dataset/Coconut Tree Disease Dataset/Leaf Rot/LeafRot205.jpg,leafrot,2_foliar_disease,,,,3,,,,,
LeafRot206,coconut-tree-disease,Dataset/Coconut Tree Disease Dataset/Leaf Rot/LeafRot206.jpg,leafrot,2_foliar_disease,,,,2,,,,,
LeafRot207,coconut-tree-disease,Dataset/Coconut Tree Disease Dataset/Leaf Rot/LeafRot207.jpg,leafrot,2_foliar_disease,,,,1,,,,,
LeafRot208,coconut-tree-disease,Dataset/Coconut Tree Disease Dataset/Leaf Rot/LeafRot208.jpg,leafrot,2_foliar_disease,,,,3,,,,,
LeafRot209,coconut-tree-disease,Dataset/Coconut Tree Disease Dataset/Leaf Rot/LeafRot209.jpg,leafrot,2_foliar_disease,,,,3,,,,,
LeafRot210,coconut-tree-disease,Dataset/Coconut Tree Disease Dataset/Leaf Rot/LeafRot210.jpg,leafrot,2_foliar_disease,,,,0,,,,,
LeafRot211,coconut-tree-disease,Dataset/Coconut Tree Disease Dataset/Leaf Rot/LeafRot211.jpg,leafrot,2_foliar_disease,,,,0,,,,,
LeafRot212,coconut-tree-disease,Dataset/Coconut Tree Disease Dataset/Leaf Rot/LeafRot212.jpg,leafrot,2_foliar_disease,,,,1,,,,,
LeafRot213,coconut-tree-disease,Dataset/Coconut Tree Disease Dataset/Leaf Rot/LeafRot213.jpg,leafrot,2_foliar_disease,,,,1,,,,,
LeafRot214,coconut-tree-disease,Dataset/Coconut Tree Disease Dataset/Leaf Rot/LeafRot214.jpg,leafrot,2_foliar_disease,,,,3,,,,,
LeafRot215,coconut-tree-disease,Dataset/Coconut Tree Disease Dataset/Leaf Rot/LeafRot215.jpg,leafrot,2_foliar_disease,,,,0,,,,,
LeafRot216,coconut-tree-disease,Dataset/Coconut Tree Disease Dataset/Leaf Rot/LeafRot216.jpg,leafrot,2_foliar_disease,,,,0,,,,,
LeafRot217,coconut-tree-disease,Dataset/Coconut Tree Disease Dataset/Leaf Rot/LeafRot217.jpg,leafrot,2_foliar_disease,,,,4,,,,,
LeafRot218,coconut-tree-disease,Dataset/Coconut Tree Disease Dataset/Leaf Rot/LeafRot218.jpg,leafrot,2_foliar_disease,,,,0,,,,,
LeafRot219,coconut-tree-disease,Dataset/Coconut Tree Disease Dataset/Leaf Rot/LeafRot219.jpg,leafrot,2_foliar_disease,,,,1,,,,,
LeafRot220,coconut-tree-disease,Dataset/Coconut Tree Disease Dataset/Leaf Rot/LeafRot220.jpg,leafrot,2_foliar_disease,,,,0,,,,,
LeafRot221,coconut-tree-disease,Dataset/Coconut Tree Disease Dataset/Leaf Rot/LeafRot221.jpg,leafrot,2_foliar_disease,,,,0,,,,,
LeafRot222,coconut-tree-disease,Dataset/Coconut Tree Disease Dataset/Leaf Rot/LeafRot222.jpg,leafrot,2_foliar_disease,,,,1,,,,,
LeafRot223,coconut-tree-disease,Dataset/Coconut Tree Disease Dataset/Leaf Rot/LeafRot223.jpg,leafrot,2_foliar_disease,,,,3,,,,,
LeafRot224,coconut-tree-disease,Dataset/Coconut Tree Disease Dataset/Leaf Rot/LeafRot224.jpg,leafrot,2_foliar_disease,,,,1,,,,,
LeafRot225,coconut-tree-disease,Dataset/Coconut Tree Disease Dataset/Leaf Rot/LeafRot225.jpg,leafrot,2_foliar_disease,,,,0,,,,,
LeafRot226,coconut-tree-disease,Dataset/Coconut Tree Disease Dataset/Leaf Rot/LeafRot226.jpg,leafrot,2_foliar_disease,,,,3,,,,,
LeafRot227,coconut-tree-disease,Dataset/Coconut Tree Disease Dataset/Leaf Rot/LeafRot227.jpg,leafrot,2_foliar_disease,,,,2,,,,,
LeafRot228,coconut-tree-disease,Dataset/Coconut Tree Disease Dataset/Leaf Rot/LeafRot228.jpg,leafrot,2_foliar_disease,,,,0,,,,,
LeafRot229,coconut-tree-disease,Dataset/Coconut Tree Disease Dataset/Leaf Rot/LeafRot229.jpg,leafrot,2_foliar_disease,,,,1,,,,,
LeafRot230,coconut-tree-disease,Dataset/Coconut Tree Disease Dataset/Leaf Rot/LeafRot230.jpg,leafrot,2_foliar_disease,,,,1,,,,,
LeafRot231,coconut-tree-disease,Dataset/Coconut Tree Disease Dataset/Leaf Rot/LeafRot231.jpg,leafrot,2_foliar_disease,,,,4,,,,,
LeafRot232,coconut-tree-disease,Dataset/Coconut Tree Disease Dataset/Leaf Rot/LeafRot232.jpg,leafrot,2_foliar_disease,,,,0,,,,,
LeafRot233,coconut-tree-disease,Dataset/Coconut Tree Disease Dataset/Leaf Rot/LeafRot233.jpg,leafrot,2_foliar_disease,,,,4,,,,,
LeafRot234,coconut-tree-disease,Dataset/Coconut Tree Disease Dataset/Leaf Rot/LeafRot234.jpg,leafrot,2_foliar_disease,,,,2,,,,,
LeafRot235,coconut-tree-disease,Dataset/Coconut Tree Disease Dataset/Leaf Rot/LeafRot235.jpg,leafrot,2_foliar_disease,,,,2,,,,,
LeafRot236,coconut-tree-disease,Dataset/Coconut Tree Disease Dataset/Leaf Rot/LeafRot236.jpg,leafrot,2_foliar_disease,,,,4,,,,,
LeafRot237,coconut-tree-disease,Dataset/Coconut Tree Disease Dataset/Leaf Rot/LeafRot237.jpg,leafrot,2_foliar_disease,,,,1,,,,,
LeafRot238,coconut-tree-disease,Dataset/Coconut Tree Disease Dataset/Leaf Rot/LeafRot238.jpg,leafrot,2_foliar_disease,,,,3,,,,,
LeafRot239,coconut-tree-disease,Dataset/Coconut Tree Disease Dataset/Leaf Rot/LeafRot239.jpg,leafrot,2_foliar_disease,,,,4,,,,,
LeafRot240,coconut-tree-disease,Dataset/Coconut Tree Disease Dataset/Leaf Rot/LeafRot240.jpg,leafrot,2_foliar_disease,,,,2,,,,,
LeafRot241,coconut-tree-disease,Dataset/Coconut Tree Disease Dataset/Leaf Rot/LeafRot241.jpg,leafrot,2_foliar_disease,,,,0,,,,,
LeafRot242,coconut-tree-disease,Dataset/Coconut Tree Disease Dataset/Leaf Rot/LeafRot242.jpg,leafrot,2_foliar_disease,,,,1,,,,,
LeafRot243,coconut-tree-disease,Dataset/Coconut Tree Disease Dataset/Leaf Rot/LeafRot243.jpg,leafrot,2_foliar_disease,,,,0,,,,,
LeafRot244,coconut-tree-disease,Dataset/Coconut Tree Disease Dataset/Leaf Rot/LeafRot244.jpg,leafrot,2_foliar_disease,,,,3,,,,,
LeafRot245,coconut-tree-disease,Dataset/Coconut Tree Disease Dataset/Leaf Rot/LeafRot245.jpg,leafrot,2_foliar_disease,,,,0,,,,,
LeafRot246,coconut-tree-disease,Dataset/Coconut Tree Disease Dataset/Leaf Rot/LeafRot246.jpg,leafrot,2_foliar_disease,,,,2,,,,,
LeafRot247,coconut-tree-disease,Dataset/Coconut Tree Disease Dataset/Leaf Rot/LeafRot247.jpg,leafrot,2_foliar_disease,,,,2,,,,,
LeafRot248,coconut-tree-disease,Dataset/Coconut Tree Disease Dataset/Leaf Rot/LeafRot248.jpg,leafrot,2_foliar_disease,,,,4,,,,,
LeafRot249,coconut-tree-disease,Dataset/Coconut Tree Disease Dataset/Leaf Rot/LeafRot249.jpg,leafrot,2_foliar_disease,,,,0,,,,,
LeafRot250,coconut-tree-disease,Dataset/Coconut Tree Disease Dataset/Leaf Rot/LeafRot250.jpg,leafrot,2_foliar_disease,,,,4,,,,,
LeafRot251,coconut-tree-disease,Dataset/Coconut Tree Disease Dataset/Leaf Rot/LeafRot251.jpg,leafrot,2_foliar_disease,,,,0,,,,,
LeafRot252,coconut-tree-disease,Dataset/Coconut Tree Disease Dataset/Leaf Rot/LeafRot252.jpg,leafrot,2_foliar_disease,,,,3,,,,,
LeafRot253,coconut-tree-disease,Dataset/Coconut Tree Disease Dataset/Leaf Rot/LeafRot253.jpg,leafrot,2_foliar_disease,,,,2,,,,,
LeafRot254,coconut-tree-disease,Dataset/Coconut Tree Disease Dataset/Leaf Rot/LeafRot254.jpg,leafrot,2_foliar_disease,,,,3,,,,,
LeafRot255,coconut-tree-disease,Dataset/Coconut Tree Disease Dataset/Leaf Rot/LeafRot255.jpg,leafrot,2_foliar_disease,,,,2,,,,,
LeafRot256,coconut-tree-disease,Dataset/Coconut Tree Disease Dataset/Leaf Rot/LeafRot256.jpg,leafrot,2_foliar_disease,,,,3,,,,,
LeafRot257,coconut-tree-disease,Dataset/Coconut Tree Disease Dataset/Leaf Rot/LeafRot257.jpg,leafrot,2_foliar_disease,,,,2,,,,,
LeafRot258,coconut-tree-disease,Dataset/Coconut Tree Disease Dataset/Leaf Rot/LeafRot258.jpg,leafrot,2_foliar_disease,,,,3,,,,,
LeafRot259,coconut-tree-disease,Dataset/Coconut Tree Disease Dataset/Leaf Rot/LeafRot259.jpg,leafrot,2_foliar_disease,,,,1,,,,,
LeafRot260,coconut-tree-disease,Dataset/Coconut Tree Disease Dataset/Leaf Rot/LeafRot260.jpg,leafrot,2_foliar_disease,,,,1,,,,,
LeafRot261,coconut-tree-disease,Dataset/Coconut Tree Disease Dataset/Leaf Rot/LeafRot261.jpg,leafrot,2_foliar_disease,,,,3,,,,,
LeafRot262,coconut-tree-disease,Dataset/Coconut Tree Disease Dataset/Leaf Rot/LeafRot262.jpg,leafrot,2_foliar_disease,,,,1,,,,,
LeafRot263,coconut-tree-disease,Dataset/Coconut Tree Disease Dataset/Leaf Rot/LeafRot263.jpg,leafrot,2_foliar_disease,,,,3,,,,,
LeafRot264,coconut-tree-disease,Dataset/Coconut Tree Disease Dataset/Leaf Rot/LeafRot264.jpg,leafrot,2_foliar_disease,,,,3,,,,,
LeafRot265,coconut-tree-disease,Dataset/Coconut Tree Disease Dataset/Leaf Rot/LeafRot265.jpg,leafrot,2_foliar_disease,,,,0,,,,,
LeafRot266,coconut-tree-disease,Dataset/Coconut Tree Disease Dataset/Leaf Rot/LeafRot266.jpg,leafrot,2_foliar_disease,,,,0,,,,,
LeafRot267,coconut-tree-disease,Dataset/Coconut Tree Disease Dataset/Leaf Rot/LeafRot267.jpg,leafrot,2_foliar_disease,,,,0,,,,,
LeafRot268,coconut-tree-disease,Dataset/Coconut Tree Disease Dataset/Leaf Rot/LeafRot268.jpg,leafrot,2_foliar_disease,,,,0,,,,,
LeafRot269,coconut-tree-disease,Dataset/Coconut Tree Disease Dataset/Leaf Rot/LeafRot269.jpg,leafrot,2_foliar_disease,,,,2,,,,,
LeafRot270,coconut-tree-disease,Dataset/Coconut Tree Disease Dataset/Leaf Rot/LeafRot270.jpg,leafrot,2_foliar_disease,,,,0,,,,,
LeafRot271,coconut-tree-disease,Dataset/Coconut Tree Disease Dataset/Leaf Rot/LeafRot271.jpg,leafrot,2_foliar_disease,,,,3,,,,,
LeafRot272,coconut-tree-disease,Dataset/Coconut Tree Disease Dataset/Leaf Rot/LeafRot272.jpg,leafrot,2_foliar_disease,,,,3,,,,,
LeafRot273,coconut-tree-disease,Dataset/Coconut Tree Disease Dataset/Leaf Rot/LeafRot273.jpg,leafrot,2_foliar_disease,,,,0,,,,,
LeafRot274,coconut-tree-disease,Dataset/Coconut Tree Disease Dataset/Leaf Rot/LeafRot274.jpg,leafrot,2_foliar_disease,,,,1,,,,,
LeafRot275,coconut-tree-disease,Dataset/Coconut Tree Disease Dataset/Leaf Rot/LeafRot275.jpg,leafrot,2_foliar_disease,,,,3,,,,,
LeafRot276,coconut-tree-disease,Dataset/Coconut Tree Disease Dataset/Leaf Rot/LeafRot276.jpg,leafrot,2_foliar_disease,,,,2,,,,,
LeafRot277,coconut-tree-disease,Dataset/Coconut Tree Disease Dataset/Leaf Rot/LeafRot277.jpg,leafrot,2_foliar_disease,,,,4,,,,,
LeafRot278,coconut-tree-disease,Dataset/Coconut Tree Disease Dataset/Leaf Rot/LeafRot278.jpg,leafrot,2_foliar_disease,,,,1,,,,,
LeafRot279,coconut-tree-disease,Dataset/Coconut Tree Disease Dataset/Leaf Rot/LeafRot279.jpg,leafrot,2_foliar_disease,,,,4,,,,,
LeafRot280,coconut-tree-disease,Dataset/Coconut Tree Disease Dataset/Leaf Rot/LeafRot280.jpg,leafrot,2_foliar_disease,,,,2,,,,,
LeafRot281,coconut-tree-disease,Dataset/Coconut Tree Disease Dataset/Leaf Rot/LeafRot281.jpg,leafrot,2_foliar_disease,,,,3,,,,,
LeafRot282,coconut-tree-disease,Dataset/Coconut Tree Disease Dataset/Leaf Rot/LeafRot282.jpg,leafrot,2_foliar_disease,,,,0,,,,,
LeafRot283,coconut-tree-disease,Dataset/Coconut Tree Disease Dataset/Leaf Rot/LeafRot283.jpg,leafrot,2_foliar_disease,,,,4,,,,,
LeafRot284,coconut-tree-disease,Dataset/Coconut Tree Disease Dataset/Leaf Rot/LeafRot284.jpg,leafrot,2_foliar_disease,,,,1,,,,,
LeafRot285,coconut-tree-disease,Dataset/Coconut Tree Disease Dataset/Leaf Rot/LeafRot285.jpg,leafrot,2_foliar_disease,,,,1,,,,,
LeafRot286,coconut-tree-disease,Dataset/Coconut Tree Disease Dataset/Leaf Rot/LeafRot286.jpg,leafrot,2_foliar_disease,,,,0,,,,,
LeafRot287,coconut-tree-disease,Dataset/Coconut Tree Disease Dataset/Leaf Rot/LeafRot287.jpg,leafrot,2_foliar_disease,,,,4,,,,,
LeafRot288,coconut-tree-disease,Dataset/Coconut Tree Disease Dataset/Leaf Rot/LeafRot288.jpg,leafrot,2_foliar_disease,,,,2,,,,,
LeafRot289,coconut-tree-disease,Dataset/Coconut Tree Disease Dataset/Leaf Rot/LeafRot289.jpg,leafrot,2_foliar_disease,,,,4,,,,,
LeafRot290,coconut-tree-disease,Dataset/Coconut Tree Disease Dataset/Leaf Rot/LeafRot290.jpg,leafrot,2_foliar_disease,,,,0,,,,,
LeafRot291,coconut-tree-disease,Dataset/Coconut Tree Disease Dataset/Leaf Rot/LeafRot291.jpg,leafrot,2_foliar_disease,,,,0,,,,,
LeafRot292,coconut-tree-disease,Dataset/Coconut Tree Disease Dataset/Leaf Rot/LeafRot292.jpg,leafrot,2_foliar_disease,,,,0,,,,,
LeafRot293,coconut-tree-disease,Dataset/Coconut Tree Disease Dataset/Leaf Rot/LeafRot293.jpg,leafrot,2_foliar_disease,,,,2,,,,,
LeafRot294,coconut-tree-disease,Dataset/Coconut Tree Disease Dataset/Leaf Rot/LeafRot294.jpg,leafrot,2_foliar_disease,,,,4,,,,,
LeafRot295,coconut-tree-disease,Dataset/Coconut Tree Disease Dataset/Leaf Rot/LeafRot295.jpg,leafrot,2_foliar_disease,,,,4,,,,,
LeafRot296,coconut-tree-disease,Dataset/Coconut Tree Disease Dataset/Leaf Rot/LeafRot296.jpg,leafrot,2_foliar_disease,,,,0,,,,,
LeafRot297,coconut-tree-disease,Dataset/Coconut Tree Disease Dataset/Leaf Rot/LeafRot297.jpg,leafrot,2_foliar_disease,,,,0,,,,,
LeafRot298,coconut-tree-disease,Dataset/Coconut Tree Disease Dataset/Leaf Rot/LeafRot298.jpg,leafrot,2_foliar_disease,,,,1,,,,,
LeafRot299,coconut-tree-disease,Dataset/Coconut Tree Disease Dataset/Leaf Rot/LeafRot299.jpg,leafrot,2_foliar_disease,,,,4,,,,,
LeafRot300,coconut-tree-disease,Dataset/Coconut Tree Disease Dataset/Leaf Rot/LeafRot300.jpg,leafrot,2_foliar_disease,,,,0,,,,,
LeafRot301,coconut-tree-disease,Dataset/Coconut Tree Disease Dataset/Leaf Rot/LeafRot301.jpg,leafrot,2_foliar_disease,,,,3,,,,,
LeafRot302,coconut-tree-disease,Dataset/Coconut Tree Disease Dataset/Leaf Rot/LeafRot302.jpg,leafrot,2_foliar_disease,,,,1,,,,,
LeafRot303,coconut-tree-disease,Dataset/Coconut Tree Disease Dataset/Leaf Rot/LeafRot303.jpg,leafrot,2_foliar_disease,,,,2,,,,,
LeafRot304,coconut-tree-disease,Dataset/Coconut Tree Disease Dataset/Leaf Rot/LeafRot304.jpg,leafrot,2_foliar_disease,,,,4,,,,,
LeafRot305,coconut-tree-disease,Dataset/Coconut Tree Disease Dataset/Leaf Rot/LeafRot305.jpg,leafrot,2_foliar_disease,,,,3,,,,,
LeafRot306,coconut-tree-disease,Dataset/Coconut Tree Disease Dataset/Leaf Rot/LeafRot306.jpg,leafrot,2_foliar_disease,,,,3,,,,,
LeafRot307,coconut-tree-disease,Dataset/Coconut Tree Disease Dataset/Leaf Rot/LeafRot307.jpg,leafrot,2_foliar_disease,,,,0,,,,,
LeafRot308,coconut-tree-disease,Dataset/Coconut Tree Disease Dataset/Leaf Rot/LeafRot308.jpg,leafrot,2_foliar_disease,,,,4,,,,,
LeafRot309,coconut-tree-disease,Dataset/Coconut Tree Disease Dataset/Leaf Rot/LeafRot309.jpg,leafrot,2_foliar_disease,,,,3,,,,,
LeafRot310,coconut-tree-disease,Dataset/Coconut Tree Disease Dataset/Leaf Rot/LeafRot310.jpg,leafrot,2_foliar_disease,,,,3,,,,,
LeafRot311,coconut-tree-disease,Dataset/Coconut Tree Disease Dataset/Leaf Rot/LeafRot311.jpg,leafrot,2_foliar_disease,,,,1,,,,,
LeafRot312,coconut-tree-disease,Dataset/Coconut Tree Disease Dataset/Leaf Rot/LeafRot312.jpg,leafrot,2_foliar_disease,,,,1,,,,,
LeafRot313,coconut-tree-disease,Dataset/Coconut Tree Disease Dataset/Leaf Rot/LeafRot313.jpg,leafrot,2_foliar_disease,,,,1,,,,,
LeafRot314,coconut-tree-disease,Dataset/Coconut Tree Disease Dataset/Leaf Rot/LeafRot314.jpg,leafrot,2_foliar_disease,,,,3,,,,,
LeafRot315,coconut-tree-disease,Dataset/Coconut Tree Disease Dataset/Leaf Rot/LeafRot315.jpg,leafrot,2_foliar_disease,,,,0,,,,,
LeafRot316,coconut-tree-disease,Dataset/Coconut Tree Disease Dataset/Leaf Rot/LeafRot316.jpg,leafrot,2_foliar_disease,,,,2,,,,,
LeafRot317,coconut-tree-disease,Dataset/Coconut Tree Disease Dataset/Leaf Rot/LeafRot317.jpg,leafrot,2_foliar_disease,,,,0,,,,,
LeafRot318,coconut-tree-disease,Dataset/Coconut Tree Disease Dataset/Leaf Rot/LeafRot318.jpg,leafrot,2_foliar_disease,,,,0,,,,,
LeafRot319,coconut-tree-disease,Dataset/Coconut Tree Disease Dataset/Leaf Rot/LeafRot319.jpg,leafrot,2_foliar_disease,,,,1,,,,,
LeafRot320,coconut-tree-disease,Dataset/Coconut Tree Disease Dataset/Leaf Rot/LeafRot320.jpg,leafrot,2_foliar_disease,,,,1,,,,,
LeafRot321,coconut-tree-disease,Dataset/Coconut Tree Disease Dataset/Leaf Rot/LeafRot321.jpg,leafrot,2_foliar_disease,,,,4,,,,,
LeafRot322,coconut-tree-disease,Dataset/Coconut Tree Disease Dataset/Leaf Rot/LeafRot322.jpg,leafrot,2_foliar_disease,,,,4,,,,,
LeafRot323,coconut-tree-disease,Dataset/Coconut Tree Disease Dataset/Leaf Rot/LeafRot323.jpg,leafrot,2_foliar_disease,,,,1,,,,,
LeafRot324,coconut-tree-disease,Dataset/Coconut Tree Disease Dataset/Leaf Rot/LeafRot324.jpg,leafrot,2_foliar_disease,,,,1,,,,,
LeafRot325,coconut-tree-disease,Dataset/Coconut Tree Disease Dataset/Leaf Rot/LeafRot325.jpg,leafrot,2_foliar_disease,,,,1,,,,,
LeafRot326,coconut-tree-disease,Dataset/Coconut Tree Disease Dataset/Leaf Rot/LeafRot326.jpg,leafrot,2_foliar_disease,,,,4,,,,,
LeafRot327,coconut-tree-disease,Dataset/Coconut Tree Disease Dataset/Leaf Rot/LeafRot327.jpg,leafrot,2_foliar_disease,,,,0,,,,,
LeafRot328,coconut-tree-disease,Dataset/Coconut Tree Disease Dataset/Leaf Rot/LeafRot328.jpg,leafrot,2_foliar_disease,,,,2,,,,,
LeafRot329,coconut-tree-disease,Dataset/Coconut Tree Disease Dataset/Leaf Rot/LeafRot329.jpg,leafrot,2_foliar_disease,,,,1,,,,,
LeafRot330,coconut-tree-disease,Dataset/Coconut Tree Disease Dataset/Leaf Rot/LeafRot330.jpg,leafrot,2_foliar_disease,,,,1,,,,,
LeafRot331,coconut-tree-disease,Dataset/Coconut Tree Disease Dataset/Leaf Rot/LeafRot331.jpg,leafrot,2_foliar_disease,,,,1,,,,,
LeafRot332,coconut-tree-disease,Dataset/Coconut Tree Disease Dataset/Leaf Rot/LeafRot332.jpg,leafrot,2_foliar_disease,,,,0,,,,,
LeafRot333,coconut-tree-disease,Dataset/Coconut Tree Disease Dataset/Leaf Rot/LeafRot333.jpg,leafrot,2_foliar_disease,,,,1,,,,,
LeafRot334,coconut-tree-disease,Dataset/Coconut Tree Disease Dataset/Leaf Rot/LeafRot334.jpg,leafrot,2_foliar_disease,,,,3,,,,,
LeafRot335,coconut-tree-disease,Dataset/Coconut Tree Disease Dataset/Leaf Rot/LeafRot335.jpg,leafrot,2_foliar_disease,,,,4,,,,,
LeafRot336,coconut-tree-disease,Dataset/Coconut Tree Disease Dataset/Leaf Rot/LeafRot336.jpg,leafrot,2_foliar_disease,,,,0,,,,,
LeafRot337,coconut-tree-disease,Dataset/Coconut Tree Disease Dataset/Leaf Rot/LeafRot337.jpg,leafrot,2_foliar_disease,,,,3,,,,,
LeafRot338,coconut-tree-disease,Dataset/Coconut Tree Disease Dataset/Leaf Rot/LeafRot338.jpg,leafrot,2_foliar_disease,,,,0,,,,,
LeafRot339,coconut-tree-disease,Dataset/Coconut Tree Disease Dataset/Leaf Rot/LeafRot339.jpg,leafrot,2_foliar_disease,,,,0,,,,,
LeafRot340,coconut-tree-disease,Dataset/Coconut Tree Disease Dataset/Leaf Rot/LeafRot340.jpg,leafrot,2_foliar_disease,,,,1,,,,,
LeafRot341,coconut-tree-disease,Dataset/Coconut Tree Disease Dataset/Leaf Rot/LeafRot341.jpg,leafrot,2_foliar_disease,,,,0,,,,,
LeafRot342,coconut-tree-disease,Dataset/Coconut Tree Disease Dataset/Leaf Rot/LeafRot342.jpg,leafrot,2_foliar_disease,,,,3,,,,,
LeafRot343,coconut-tree-disease,Dataset/Coconut Tree Disease Dataset/Leaf Rot/LeafRot343.jpg,leafrot,2_foliar_disease,,,,3,,,,,
LeafRot344,coconut-tree-disease,Dataset/Coconut Tree Disease Dataset/Leaf Rot/LeafRot344.jpg,leafrot,2_foliar_disease,,,,1,,,,,
LeafRot345,coconut-tree-disease,Dataset/Coconut Tree Disease Dataset/Leaf Rot/LeafRot345.jpg,leafrot,2_foliar_disease,,,,2,,,,,
LeafRot346,coconut-tree-disease,Dataset/Coconut Tree Disease Dataset/Leaf Rot/LeafRot346.jpg,leafrot,2_foliar_disease,,,,4,,,,,
LeafRot347,coconut-tree-disease,Dataset/Coconut Tree Disease Dataset/Leaf Rot/LeafRot347.jpg,leafrot,2_foliar_disease,,,,4,,,,,
LeafRot348,coconut-tree-disease,Dataset/Coconut Tree Disease Dataset/Leaf Rot/LeafRot348.jpg,leafrot,2_foliar_disease,,,,2,,,,,
LeafRot349,coconut-tree-disease,Dataset/Coconut Tree Disease Dataset/Leaf Rot/LeafRot349.jpg,leafrot,2_foliar_disease,,,,4,,,,,
LeafRot350,coconut-tree-disease,Dataset/Coconut Tree Disease Dataset/Leaf Rot/LeafRot350.jpg,leafrot,2_foliar_disease,,,,4,,,,,
LeafRot351,coconut-tree-disease,Dataset/Coconut Tree Disease Dataset/Leaf Rot/LeafRot351.jpg,leafrot,2_foliar_disease,,,,4,,,,,
LeafRot352,coconut-tree-disease,Dataset/Coconut Tree Disease Dataset/Leaf Rot/LeafRot352.jpg,leafrot,2_foliar_disease,,,,2,,,,,
LeafRot353,coconut-tree-disease,Dataset/Coconut Tree Disease Dataset/Leaf Rot/LeafRot353.jpg,leafrot,2_foliar_disease,,,,1,,,,,
LeafRot354,coconut-tree-disease,Dataset/Coconut Tree Disease Dataset/Leaf Rot/LeafRot354.jpg,leafrot,2_foliar_disease,,,,0,,,,,
LeafRot355,coconut-tree-disease,Dataset/Coconut Tree Disease Dataset/Leaf Rot/LeafRot355.jpg,leafrot,2_foliar_disease,,,,4,,,,,
LeafRot356,coconut-tree-disease,Dataset/Coconut Tree Disease Dataset/Leaf Rot/LeafRot356.jpg,leafrot,2_foliar_disease,,,,0,,,,,
LeafRot357,coconut-tree-disease,Dataset/Coconut Tree Disease Dataset/Leaf Rot/LeafRot357.jpg,leafrot,2_foliar_disease,,,,4,,,,,
LeafRot358,coconut-tree-disease,Dataset/Coconut Tree Disease Dataset/Leaf Rot/LeafRot358.jpg,leafrot,2_foliar_disease,,,,1,,,,,
LeafRot359,coconut-tree-disease,Dataset/Coconut Tree Disease Dataset/Leaf Rot/LeafRot359.jpg,leafrot,2_foliar_disease,,,,3,,,,,
LeafRot360,coconut-tree-disease,Dataset/Coconut Tree Disease Dataset/Leaf Rot/LeafRot360.jpg,leafrot,2_foliar_disease,,,,4,,,,,
LeafRot361,coconut-tree-disease,Dataset/Coconut Tree Disease Dataset/Leaf Rot/LeafRot361.jpg,leafrot,2_foliar_disease,,,,3,,,,,
LeafRot362,coconut-tree-disease,Dataset/Coconut Tree Disease Dataset/Leaf Rot/LeafRot362.jpg,leafrot,2_foliar_disease,,,,2,,,,,
LeafRot363,coconut-tree-disease,Dataset/Coconut Tree Disease Dataset/Leaf Rot/LeafRot363.jpg,leafrot,2_foliar_disease,,,,3,,,,,
LeafRot364,coconut-tree-disease,Dataset/Coconut Tree Disease Dataset/Leaf Rot/LeafRot364.jpg,leafrot,2_foliar_disease,,,,1,,,,,
LeafRot365,coconut-tree-disease,Dataset/Coconut Tree Disease Dataset/Leaf Rot/LeafRot365.jpg,leafrot,2_foliar_disease,,,,3,,,,,
LeafRot366,coconut-tree-disease,Dataset/Coconut Tree Disease Dataset/Leaf Rot/LeafRot366.jpg,leafrot,2_foliar_disease,,,,4,,,,,
LeafRot367,coconut-tree-disease,Dataset/Coconut Tree Disease Dataset/Leaf Rot/LeafRot367.jpg,leafrot,2_foliar_disease,,,,1,,,,,
LeafRot368,coconut-tree-disease,Dataset/Coconut Tree Disease Dataset/Leaf Rot/LeafRot368.jpg,leafrot,2_foliar_disease,,,,2,,,,,
LeafRot369,coconut-tree-disease,Dataset/Coconut Tree Disease Dataset/Leaf Rot/LeafRot369.jpg,leafrot,2_foliar_disease,,,,4,,,,,
LeafRot370,coconut-tree-disease,Dataset/Coconut Tree Disease Dataset/Leaf Rot/LeafRot370.jpg,leafrot,2_foliar_disease,,,,2,,,,,
LeafRot371,coconut-tree-disease,Dataset/Coconut Tree Disease Dataset/Leaf Rot/LeafRot371.jpg,leafrot,2_foliar_disease,,,,2,,,,,
LeafRot372,coconut-tree-disease,Dataset/Coconut Tree Disease Dataset/Leaf Rot/LeafRot372.jpg,leafrot,2_foliar_disease,,,,2,,,,,
LeafRot373,coconut-tree-disease,Dataset/Coconut Tree Disease Dataset/Leaf Rot/LeafRot373.jpg,leafrot,2_foliar_disease,,,,2,,,,,
LeafRot374,coconut-tree-disease,Dataset/Coconut Tree Disease Dataset/Leaf Rot/LeafRot374.jpg,leafrot,2_foliar_disease,,,,2,,,,,
LeafRot375,coconut-tree-disease,Dataset/Coconut Tree Disease Dataset/Leaf Rot/LeafRot375.jpg,leafrot,2_foliar_disease,,,,2,,,,,
LeafRot376,coconut-tree-disease,Dataset/Coconut Tree Disease Dataset/Leaf Rot/LeafRot376.jpg,leafrot,2_foliar_disease,,,,2,,,,,
LeafRot377,coconut-tree-disease,Dataset/Coconut Tree Disease Dataset/Leaf Rot/LeafRot377.jpg,leafrot,2_foliar_disease,,,,1,,,,,
LeafRot378,coconut-tree-disease,Dataset/Coconut Tree Disease Dataset/Leaf Rot/LeafRot378.jpg,leafrot,2_foliar_disease,,,,2,,,,,
LeafRot379,coconut-tree-disease,Dataset/Coconut Tree Disease Dataset/Leaf Rot/LeafRot379.jpg,leafrot,2_foliar_disease,,,,4,,,,,
LeafRot380,coconut-tree-disease,Dataset/Coconut Tree Disease Dataset/Leaf Rot/LeafRot380.jpg,leafrot,2_foliar_disease,,,,2,,,,,
LeafRot381,coconut-tree-disease,Dataset/Coconut Tree Disease Dataset/Leaf Rot/LeafRot381.jpg,leafrot,2_foliar_disease,,,,4,,,,,
LeafRot382,coconut-tree-disease,Dataset/Coconut Tree Disease Dataset/Leaf Rot/LeafRot382.jpg,leafrot,2_foliar_disease,,,,4,,,,,
LeafRot383,coconut-tree-disease,Dataset/Coconut Tree Disease Dataset/Leaf Rot/LeafRot383.jpg,leafrot,2_foliar_disease,,,,2,,,,,
LeafRot384,coconut-tree-disease,Dataset/Coconut Tree Disease Dataset/Leaf Rot/LeafRot384.jpg,leafrot,2_foliar_disease,,,,4,,,,,
LeafRot385,coconut-tree-disease,Dataset/Coconut Tree Disease Dataset/Leaf Rot/LeafRot385.jpg,leafrot,2_foliar_disease,,,,1,,,,,
LeafRot386,coconut-tree-disease,Dataset/Coconut Tree Disease Dataset/Leaf Rot/LeafRot386.jpg,leafrot,2_foliar_disease,,,,0,,,,,
LeafRot387,coconut-tree-disease,Dataset/Coconut Tree Disease Dataset/Leaf Rot/LeafRot387.jpg,leafrot,2_foliar_disease,,,,0,,,,,
LeafRot388,coconut-tree-disease,Dataset/Coconut Tree Disease Dataset/Leaf Rot/LeafRot388.jpg,leafrot,2_foliar_disease,,,,4,,,,,
LeafRot389,coconut-tree-disease,Dataset/Coconut Tree Disease Dataset/Leaf Rot/LeafRot389.jpg,leafrot,2_foliar_disease,,,,2,,,,,
LeafRot390,coconut-tree-disease,Dataset/Coconut Tree Disease Dataset/Leaf Rot/LeafRot390.jpg,leafrot,2_foliar_disease,,,,2,,,,,
LeafRot391,coconut-tree-disease,Dataset/Coconut Tree Disease Dataset/Leaf Rot/LeafRot391.jpg,leafrot,2_foliar_disease,,,,3,,,,,
LeafRot392,coconut-tree-disease,Dataset/Coconut Tree Disease Dataset/Leaf Rot/LeafRot392.jpg,leafrot,2_foliar_disease,,,,0,,,,,
LeafRot393,coconut-tree-disease,Dataset/Coconut Tree Disease Dataset/Leaf Rot/LeafRot393.jpg,leafrot,2_foliar_disease,,,,1,,,,,
LeafRot394,coconut-tree-disease,Dataset/Coconut Tree Disease Dataset/Leaf Rot/LeafRot394.jpg,leafrot,2_foliar_disease,,,,3,,,,,
LeafRot395,coconut-tree-disease,Dataset/Coconut Tree Disease Dataset/Leaf Rot/LeafRot395.jpg,leafrot,2_foliar_disease,,,,3,,,,,
LeafRot396,coconut-tree-disease,Dataset/Coconut Tree Disease Dataset/Leaf Rot/LeafRot396.jpg,leafrot,2_foliar_disease,,,,0,,,,,
LeafRot397,coconut-tree-disease,Dataset/Coconut Tree Disease Dataset/Leaf Rot/LeafRot397.jpg,leafrot,2_foliar_disease,,,,4,,,,,
LeafRot398,coconut-tree-disease,Dataset/Coconut Tree Disease Dataset/Leaf Rot/LeafRot398.jpg,leafrot,2_foliar_disease,,,,0,,,,,
LeafRot399,coconut-tree-disease,Dataset/Coconut Tree Disease Dataset/Leaf Rot/LeafRot399.jpg,leafrot,2_foliar_disease,,,,0,,,,,
LeafRot400,coconut-tree-disease,Dataset/Coconut Tree Disease Dataset/Leaf Rot/LeafRot400.jpg,leafrot,2_foliar_disease,,,,3,,,,,
LeafRot401,coconut-tree-disease,Dataset/Coconut Tree Disease Dataset/Leaf Rot/LeafRot401.jpg,leafrot,2_foliar_disease,,,,0,,,,,
LeafRot402,coconut-tree-disease,Dataset/Coconut Tree Disease Dataset/Leaf Rot/LeafRot402.jpg,leafrot,2_foliar_disease,,,,1,,,,,
LeafRot403,coconut-tree-disease,Dataset/Coconut Tree Disease Dataset/Leaf Rot/LeafRot403.jpg,leafrot,2_foliar_disease,,,,0,,,,,
LeafRot404,coconut-tree-disease,Dataset/Coconut Tree Disease Dataset/Leaf Rot/LeafRot404.jpg,leafrot,2_foliar_disease,,,,0,,,,,
LeafRot405,coconut-tree-disease,Dataset/Coconut Tree Disease Dataset/Leaf Rot/LeafRot405.jpg,leafrot,2_foliar_disease,,,,0,,,,,
LeafRot406,coconut-tree-disease,Dataset/Coconut Tree Disease Dataset/Leaf Rot/LeafRot406.jpg,leafrot,2_foliar_disease,,,,2,,,,,
LeafRot407,coconut-tree-disease,Dataset/Coconut Tree Disease Dataset/Leaf Rot/LeafRot407.jpg,leafrot,2_foliar_disease,,,,0,,,,,
LeafRot408,coconut-tree-disease,Dataset/Coconut Tree Disease Dataset/Leaf Rot/LeafRot408.jpg,leafrot,2_foliar_disease,,,,0,,,,,
LeafRot409,coconut-tree-disease,Dataset/Coconut Tree Disease Dataset/Leaf Rot/LeafRot409.jpg,leafrot,2_foliar_disease,,,,4,,,,,
LeafRot410,coconut-tree-disease,Dataset/Coconut Tree Disease Dataset/Leaf Rot/LeafRot410.jpg,leafrot,2_foliar_disease,,,,3,,,,,
LeafRot411,coconut-tree-disease,Dataset/Coconut Tree Disease Dataset/Leaf Rot/LeafRot411.jpg,leafrot,2_foliar_disease,,,,1,,,,,
LeafRot412,coconut-tree-disease,Dataset/Coconut Tree Disease Dataset/Leaf Rot/LeafRot412.jpg,leafrot,2_foliar_disease,,,,2,,,,,
LeafRot413,coconut-tree-disease,Dataset/Coconut Tree Disease Dataset/Leaf Rot/LeafRot413.jpg,leafrot,2_foliar_disease,,,,2,,,,,
LeafRot414,coconut-tree-disease,Dataset/Coconut Tree Disease Dataset/Leaf Rot/LeafRot414.jpg,leafrot,2_foliar_disease,,,,1,,,,,
LeafRot415,coconut-tree-disease,Dataset/Coconut Tree Disease Dataset/Leaf Rot/LeafRot415.jpg,leafrot,2_foliar_disease,,,,1,,,,,
LeafRot416,coconut-tree-disease,Dataset/Coconut Tree Disease Dataset/Leaf Rot/LeafRot416.jpg,leafrot,2_foliar_disease,,,,2,,,,,
LeafRot417,coconut-tree-disease,Dataset/Coconut Tree Disease Dataset/Leaf Rot/LeafRot417.jpg,leafrot,2_foliar_disease,,,,4,,,,,
LeafRot418,coconut-tree-disease,Dataset/Coconut Tree Disease Dataset/Leaf Rot/LeafRot418.jpg,leafrot,2_foliar_disease,,,,2,,,,,
LeafRot419,coconut-tree-disease,Dataset/Coconut Tree Disease Dataset/Leaf Rot/LeafRot419.jpg,leafrot,2_foliar_disease,,,,2,,,,,
LeafRot420,coconut-tree-disease,Dataset/Coconut Tree Disease Dataset/Leaf Rot/LeafRot420.jpg,leafrot,2_foliar_disease,,,,1,,,,,
LeafRot421,coconut-tree-disease,Dataset/Coconut Tree Disease Dataset/Leaf Rot/LeafRot421.jpg,leafrot,2_foliar_disease,,,,2,,,,,
LeafRot422,coconut-tree-disease,Dataset/Coconut Tree Disease Dataset/Leaf Rot/LeafRot422.jpg,leafrot,2_foliar_disease,,,,0,,,,,
LeafRot423,coconut-tree-disease,Dataset/Coconut Tree Disease Dataset/Leaf Rot/LeafRot423.jpg,leafrot,2_foliar_disease,,,,1,,,,,
LeafRot424,coconut-tree-disease,Dataset/Coconut Tree Disease Dataset/Leaf Rot/LeafRot424.jpg,leafrot,2_foliar_disease,,,,1,,,,,
LeafRot425,coconut-tree-disease,Dataset/Coconut Tree Disease Dataset/Leaf Rot/LeafRot425.jpg,leafrot,2_foliar_disease,,,,3,,,,,
LeafRot426,coconut-tree-disease,Dataset/Coconut Tree Disease Dataset/Leaf Rot/LeafRot426.jpg,leafrot,2_foliar_disease,,,,3,,,,,
LeafRot427,coconut-tree-disease,Dataset/Coconut Tree Disease Dataset/Leaf Rot/LeafRot427.jpg,leafrot,2_foliar_disease,,,,3,,,,,
LeafRot428,coconut-tree-disease,Dataset/Coconut Tree Disease Dataset/Leaf Rot/LeafRot428.jpg,leafrot,2_foliar_disease,,,,4,,,,,
LeafRot429,coconut-tree-disease,Dataset/Coconut Tree Disease Dataset/Leaf Rot/LeafRot429.jpg,leafrot,2_foliar_disease,,,,1,,,,,
LeafRot430,coconut-tree-disease,Dataset/Coconut Tree Disease Dataset/Leaf Rot/LeafRot430.jpg,leafrot,2_foliar_disease,,,,2,,,,,
LeafRot431,coconut-tree-disease,Dataset/Coconut Tree Disease Dataset/Leaf Rot/LeafRot431.jpg,leafrot,2_foliar_disease,,,,4,,,,,
LeafRot432,coconut-tree-disease,Dataset/Coconut Tree Disease Dataset/Leaf Rot/LeafRot432.jpg,leafrot,2_foliar_disease,,,,2,,,,,
LeafRot433,coconut-tree-disease,Dataset/Coconut Tree Disease Dataset/Leaf Rot/LeafRot433.jpg,leafrot,2_foliar_disease,,,,1,,,,,
LeafRot434,coconut-tree-disease,Dataset/Coconut Tree Disease Dataset/Leaf Rot/LeafRot434.jpg,leafrot,2_foliar_disease,,,,3,,,,,
LeafRot435,coconut-tree-disease,Dataset/Coconut Tree Disease Dataset/Leaf Rot/LeafRot435.jpg,leafrot,2_foliar_disease,,,,0,,,,,
LeafRot436,coconut-tree-disease,Dataset/Coconut Tree Disease Dataset/Leaf Rot/LeafRot436.jpg,leafrot,2_foliar_disease,,,,4,,,,,
LeafRot437,coconut-tree-disease,Dataset/Coconut Tree Disease Dataset/Leaf Rot/LeafRot437.jpg,leafrot,2_foliar_disease,,,,1,,,,,
LeafRot438,coconut-tree-disease,Dataset/Coconut Tree Disease Dataset/Leaf Rot/LeafRot438.jpg,leafrot,2_foliar_disease,,,,1,,,,,
LeafRot439,coconut-tree-disease,Dataset/Coconut Tree Disease Dataset/Leaf Rot/LeafRot439.jpg,leafrot,2_foliar_disease,,,,4,,,,,
LeafRot440,coconut-tree-disease,Dataset/Coconut Tree Disease Dataset/Leaf Rot/LeafRot440.jpg,leafrot,2_foliar_disease,,,,3,,,,,
LeafRot441,coconut-tree-disease,Dataset/Coconut Tree Disease Dataset/Leaf Rot/LeafRot441.jpg,leafrot,2_foliar_disease,,,,1,,,,,
LeafRot442,coconut-tree-disease,Dataset/Coconut Tree Disease Dataset/Leaf Rot/LeafRot442.jpg,leafrot,2_foliar_disease,,,,2,,,,,
LeafRot443,coconut-tree-disease,Dataset/Coconut Tree Disease Dataset/Leaf Rot/LeafRot443.jpg,leafrot,2_foliar_disease,,,,0,,,,,
LeafRot444,coconut-tree-disease,Dataset/Coconut Tree Disease Dataset/Leaf Rot/LeafRot444.jpg,leafrot,2_foliar_disease,,,,2,,,,,
LeafRot445,coconut-tree-disease,Dataset/Coconut Tree Disease Dataset/Leaf Rot/LeafRot445.jpg,leafrot,2_foliar_disease,,,,1,,,,,
LeafRot446,coconut-tree-disease,Dataset/Coconut Tree Disease Dataset/Leaf Rot/LeafRot446.jpg,leafrot,2_foliar_disease,,,,1,,,,,
LeafRot447,coconut-tree-disease,Dataset/Coconut Tree Disease Dataset/Leaf Rot/LeafRot447.jpg,leafrot,2_foliar_disease,,,,3,,,,,
LeafRot448,coconut-tree-disease,Dataset/Coconut Tree Disease Dataset/Leaf Rot/LeafRot448.jpg,leafrot,2_foliar_disease,,,,1,,,,,
LeafRot449,coconut-tree-disease,Dataset/Coconut Tree Disease Dataset/Leaf Rot/LeafRot449.jpg,leafrot,2_foliar_disease,,,,1,,,,,
LeafRot450,coconut-tree-disease,Dataset/Coconut Tree Disease Dataset/Leaf Rot/LeafRot450.jpg,leafrot,2_foliar_disease,,,,2,,,,,
LeafRot451,coconut-tree-disease,Dataset/Coconut Tree Disease Dataset/Leaf Rot/LeafRot451.jpg,leafrot,2_foliar_disease,,,,4,,,,,
LeafRot452,coconut-tree-disease,Dataset/Coconut Tree Disease Dataset/Leaf Rot/LeafRot452.jpg,leafrot,2_foliar_disease,,,,4,,,,,
LeafRot453,coconut-tree-disease,Dataset/Coconut Tree Disease Dataset/Leaf Rot/LeafRot453.jpg,leafrot,2_foliar_disease,,,,3,,,,,
LeafRot454,coconut-tree-disease,Dataset/Coconut Tree Disease Dataset/Leaf Rot/LeafRot454.jpg,leafrot,2_foliar_disease,,,,2,,,,,
LeafRot455,coconut-tree-disease,Dataset/Coconut Tree Disease Dataset/Leaf Rot/LeafRot455.jpg,leafrot,2_foliar_disease,,,,2,,,,,
LeafRot456,coconut-tree-disease,Dataset/Coconut Tree Disease Dataset/Leaf Rot/LeafRot456.jpg,leafrot,2_foliar_disease,,,,1,,,,,
LeafRot457,coconut-tree-disease,Dataset/Coconut Tree Disease Dataset/Leaf Rot/LeafRot457.jpg,leafrot,2_foliar_disease,,,,1,,,,,
LeafRot458,coconut-tree-disease,Dataset/Coconut Tree Disease Dataset/Leaf Rot/LeafRot458.jpg,leafrot,2_foliar_disease,,,,1,,,,,
LeafRot459,coconut-tree-disease,Dataset/Coconut Tree Disease Dataset/Leaf Rot/LeafRot459.jpg,leafrot,2_foliar_disease,,,,3,,,,,
LeafRot460,coconut-tree-disease,Dataset/Coconut Tree Disease Dataset/Leaf Rot/LeafRot460.jpg,leafrot,2_foliar_disease,,,,1,,,,,
LeafRot461,coconut-tree-disease,Dataset/Coconut Tree Disease Dataset/Leaf Rot/LeafRot461.jpg,leafrot,2_foliar_disease,,,,0,,,,,
LeafRot462,coconut-tree-disease,Dataset/Coconut Tree Disease Dataset/Leaf Rot/LeafRot462.jpg,leafrot,2_foliar_disease,,,,3,,,,,
LeafRot463,coconut-tree-disease,Dataset/Coconut Tree Disease Dataset/Leaf Rot/LeafRot463.jpg,leafrot,2_foliar_disease,,,,1,,,,,
LeafRot464,coconut-tree-disease,Dataset/Coconut Tree Disease Dataset/Leaf Rot/LeafRot464.jpg,leafrot,2_foliar_disease,,,,0,,,,,
LeafRot465,coconut-tree-disease,Dataset/Coconut Tree Disease Dataset/Leaf Rot/LeafRot465.jpg,leafrot,2_foliar_disease,,,,1,,,,,
LeafRot466,coconut-tree-disease,Dataset/Coconut Tree Disease Dataset/Leaf Rot/LeafRot466.jpg,leafrot,2_foliar_disease,,,,2,,,,,
LeafRot467,coconut-tree-disease,Dataset/Coconut Tree Disease Dataset/Leaf Rot/LeafRot467.jpg,leafrot,2_foliar_disease,,,,3,,,,,
LeafRot468,coconut-tree-disease,Dataset/Coconut Tree Disease Dataset/Leaf Rot/LeafRot468.jpg,leafrot,2_foliar_disease,,,,0,,,,,
LeafRot469,coconut-tree-disease,Dataset/Coconut Tree Disease Dataset/Leaf Rot/LeafRot469.jpg,leafrot,2_foliar_disease,,,,3,,,,,
LeafRot470,coconut-tree-disease,Dataset/Coconut Tree Disease Dataset/Leaf Rot/LeafRot470.jpg,leafrot,2_foliar_disease,,,,1,,,,,
LeafRot471,coconut-tree-disease,Dataset/Coconut Tree Disease Dataset/Leaf Rot/LeafRot471.jpg,leafrot,2_foliar_disease,,,,4,,,,,
LeafRot472,coconut-tree-disease,Dataset/Coconut Tree Disease Dataset/Leaf Rot/LeafRot472.jpg,leafrot,2_foliar_disease,,,,2,,,,,
LeafRot473,coconut-tree-disease,Dataset/Coconut Tree Disease Dataset/Leaf Rot/LeafRot473.jpg,leafrot,2_foliar_disease,,,,0,,,,,
LeafRot474,coconut-tree-disease,Dataset/Coconut Tree Disease Dataset/Leaf Rot/LeafRot474.jpg,leafrot,2_foliar_disease,,,,0,,,,,
LeafRot475,coconut-tree-disease,Dataset/Coconut Tree Disease Dataset/Leaf Rot/LeafRot475.jpg,leafrot,2_foliar_disease,,,,2,,,,,
LeafRot476,coconut-tree-disease,Dataset/Coconut Tree Disease Dataset/Leaf Rot/LeafRot476.jpg,leafrot,2_foliar_disease,,,,1,,,,,
LeafRot477,coconut-tree-disease,Dataset/Coconut Tree Disease Dataset/Leaf Rot/LeafRot477.jpg,leafrot,2_foliar_disease,,,,0,,,,,
LeafRot478,coconut-tree-disease,Dataset/Coconut Tree Disease Dataset/Leaf Rot/LeafRot478.jpg,leafrot,2_foliar_disease,,,,0,,,,,
LeafRot479,coconut-tree-disease,Dataset/Coconut Tree Disease Dataset/Leaf Rot/LeafRot479.jpg,leafrot,2_foliar_disease,,,,2,,,,,
LeafRot480,coconut-tree-disease,Dataset/Coconut Tree Disease Dataset/Leaf Rot/LeafRot480.jpg,leafrot,2_foliar_disease,,,,3,,,,,
LeafRot481,coconut-tree-disease,Dataset/Coconut Tree Disease Dataset/Leaf Rot/LeafRot481.jpg,leafrot,2_foliar_disease,,,,4,,,,,
LeafRot482,coconut-tree-disease,Dataset/Coconut Tree Disease Dataset/Leaf Rot/LeafRot482.jpg,leafrot,2_foliar_disease,,,,3,,,,,
LeafRot483,coconut-tree-disease,Dataset/Coconut Tree Disease Dataset/Leaf Rot/LeafRot483.jpg,leafrot,2_foliar_disease,,,,0,,,,,
LeafRot484,coconut-tree-disease,Dataset/Coconut Tree Disease Dataset/Leaf Rot/LeafRot484.jpg,leafrot,2_foliar_disease,,,,2,,,,,
LeafRot485,coconut-tree-disease,Dataset/Coconut Tree Disease Dataset/Leaf Rot/LeafRot485.jpg,leafrot,2_foliar_disease,,,,4,,,,,
LeafRot486,coconut-tree-disease,Dataset/Coconut Tree Disease Dataset/Leaf Rot/LeafRot486.jpg,leafrot,2_foliar_disease,,,,4,,,,,
LeafRot487,coconut-tree-disease,Dataset/Coconut Tree Disease Dataset/Leaf Rot/LeafRot487.jpg,leafrot,2_foliar_disease,,,,0,,,,,
LeafRot488,coconut-tree-disease,Dataset/Coconut Tree Disease Dataset/Leaf Rot/LeafRot488.jpg,leafrot,2_foliar_disease,,,,3,,,,,
LeafRot489,coconut-tree-disease,Dataset/Coconut Tree Disease Dataset/Leaf Rot/LeafRot489.jpg,leafrot,2_foliar_disease,,,,0,,,,,
LeafRot490,coconut-tree-disease,Dataset/Coconut Tree Disease Dataset/Leaf Rot/LeafRot490.jpg,leafrot,2_foliar_disease,,,,0,,,,,
LeafRot491,coconut-tree-disease,Dataset/Coconut Tree Disease Dataset/Leaf Rot/LeafRot491.jpg,leafrot,2_foliar_disease,,,,2,,,,,
LeafRot492,coconut-tree-disease,Dataset/Coconut Tree Disease Dataset/Leaf Rot/LeafRot492.jpg,leafrot,2_foliar_disease,,,,4,,,,,
LeafRot493,coconut-tree-disease,Dataset/Coconut Tree Disease Dataset/Leaf Rot/LeafRot493.jpg,leafrot,2_foliar_disease,,,,3,,,,,
LeafRot494,coconut-tree-disease,Dataset/Coconut Tree Disease Dataset/Leaf Rot/LeafRot494.jpg,leafrot,2_foliar_disease,,,,2,,,,,
LeafRot495,coconut-tree-disease,Dataset/Coconut Tree Disease Dataset/Leaf Rot/LeafRot495.jpg,leafrot,2_foliar_disease,,,,1,,,,,
LeafRot496,coconut-tree-disease,Dataset/Coconut Tree Disease Dataset/Leaf Rot/LeafRot496.jpg,leafrot,2_foliar_disease,,,,4,,,,,
LeafRot497,coconut-tree-disease,Dataset/Coconut Tree Disease Dataset/Leaf Rot/LeafRot497.jpg,leafrot,2_foliar_disease,,,,3,,,,,
LeafRot498,coconut-tree-disease,Dataset/Coconut Tree Disease Dataset/Leaf Rot/LeafRot498.jpg,leafrot,2_foliar_disease,,,,1,,,,,
LeafRot499,coconut-tree-disease,Dataset/Coconut Tree Disease Dataset/Leaf Rot/LeafRot499.jpg,leafrot,2_foliar_disease,,,,3,,,,,
LeafRot500,coconut-tree-disease,Dataset/Coconut Tree Disease Dataset/Leaf Rot/LeafRot500.jpg,leafrot,2_foliar_disease,,,,4,,,,,
LeafRot501,coconut-tree-disease,Dataset/Coconut Tree Disease Dataset/Leaf Rot/LeafRot501.jpg,leafrot,2_foliar_disease,,,,0,,,,,
LeafRot502,coconut-tree-disease,Dataset/Coconut Tree Disease Dataset/Leaf Rot/LeafRot502.jpg,leafrot,2_foliar_disease,,,,1,,,,,
LeafRot503,coconut-tree-disease,Dataset/Coconut Tree Disease Dataset/Leaf Rot/LeafRot503.jpg,leafrot,2_foliar_disease,,,,0,,,,,
LeafRot504,coconut-tree-disease,Dataset/Coconut Tree Disease Dataset/Leaf Rot/LeafRot504.jpg,leafrot,2_foliar_disease,,,,1,,,,,
LeafRot505,coconut-tree-disease,Dataset/Coconut Tree Disease Dataset/Leaf Rot/LeafRot505.jpg,leafrot,2_foliar_disease,,,,1,,,,,
LeafRot506,coconut-tree-disease,Dataset/Coconut Tree Disease Dataset/Leaf Rot/LeafRot506.jpg,leafrot,2_foliar_disease,,,,3,,,,,
LeafRot507,coconut-tree-disease,Dataset/Coconut Tree Disease Dataset/Leaf Rot/LeafRot507.jpg,leafrot,2_foliar_disease,,,,4,,,,,
LeafRot508,coconut-tree-disease,Dataset/Coconut Tree Disease Dataset/Leaf Rot/LeafRot508.jpg,leafrot,2_foliar_disease,,,,3,,,,,
LeafRot509,coconut-tree-disease,Dataset/Coconut Tree Disease Dataset/Leaf Rot/LeafRot509.jpg,leafrot,2_foliar_disease,,,,1,,,,,
LeafRot510,coconut-tree-disease,Dataset/Coconut Tree Disease Dataset/Leaf Rot/LeafRot510.jpg,leafrot,2_foliar_disease,,,,3,,,,,
LeafRot511,coconut-tree-disease,Dataset/Coconut Tree Disease Dataset/Leaf Rot/LeafRot511.jpg,leafrot,2_foliar_disease,,,,0,,,,,
LeafRot512,coconut-tree-disease,Dataset/Coconut Tree Disease Dataset/Leaf Rot/LeafRot512.jpg,leafrot,2_foliar_disease,,,,3,,,,,
LeafRot513,coconut-tree-disease,Dataset/Coconut Tree Disease Dataset/Leaf Rot/LeafRot513.jpg,leafrot,2_foliar_disease,,,,0,,,,,
LeafRot514,coconut-tree-disease,Dataset/Coconut Tree Disease Dataset/Leaf Rot/LeafRot514.jpg,leafrot,2_foliar_disease,,,,1,,,,,
LeafRot515,coconut-tree-disease,Dataset/Coconut Tree Disease Dataset/Leaf Rot/LeafRot515.jpg,leafrot,2_foliar_disease,,,,0,,,,,
LeafRot516,coconut-tree-disease,Dataset/Coconut Tree Disease Dataset/Leaf Rot/LeafRot516.jpg,leafrot,2_foliar_disease,,,,3,,,,,
LeafRot517,coconut-tree-disease,Dataset/Coconut Tree Disease Dataset/Leaf Rot/LeafRot517.jpg,leafrot,2_foliar_disease,,,,2,,,,,
LeafRot518,coconut-tree-disease,Dataset/Coconut Tree Disease Dataset/Leaf Rot/LeafRot518.jpg,leafrot,2_foliar_disease,,,,1,,,,,
LeafRot519,coconut-tree-disease,Dataset/Coconut Tree Disease Dataset/Leaf Rot/LeafRot519.jpg,leafrot,2_foliar_disease,,,,1,,,,,
LeafRot520,coconut-tree-disease,Dataset/Coconut Tree Disease Dataset/Leaf Rot/LeafRot520.jpg,leafrot,2_foliar_disease,,,,0,,,,,
LeafRot521,coconut-tree-disease,Dataset/Coconut Tree Disease Dataset/Leaf Rot/LeafRot521.jpg,leafrot,2_foliar_disease,,,,3,,,,,
LeafRot522,coconut-tree-disease,Dataset/Coconut Tree Disease Dataset/Leaf Rot/LeafRot522.jpg,leafrot,2_foliar_disease,,,,2,,,,,
LeafRot523,coconut-tree-disease,Dataset/Coconut Tree Disease Dataset/Leaf Rot/LeafRot523.jpg,leafrot,2_foliar_disease,,,,0,,,,,
LeafRot524,coconut-tree-disease,Dataset/Coconut Tree Disease Dataset/Leaf Rot/LeafRot524.jpg,leafrot,2_foliar_disease,,,,3,,,,,
LeafRot525,coconut-tree-disease,Dataset/Coconut Tree Disease Dataset/Leaf Rot/LeafRot525.jpg,leafrot,2_foliar_disease,,,,2,,,,,
LeafRot526,coconut-tree-disease,Dataset/Coconut Tree Disease Dataset/Leaf Rot/LeafRot526.jpg,leafrot,2_foliar_disease,,,,3,,,,,
LeafRot527,coconut-tree-disease,Dataset/Coconut Tree Disease Dataset/Leaf Rot/LeafRot527.jpg,leafrot,2_foliar_disease,,,,3,,,,,
LeafRot528,coconut-tree-disease,Dataset/Coconut Tree Disease Dataset/Leaf Rot/LeafRot528.jpg,leafrot,2_foliar_disease,,,,2,,,,,
LeafRot529,coconut-tree-disease,Dataset/Coconut Tree Disease Dataset/Leaf Rot/LeafRot529.jpg,leafrot,2_foliar_disease,,,,1,,,,,
LeafRot530,coconut-tree-disease,Dataset/Coconut Tree Disease Dataset/Leaf Rot/LeafRot530.jpg,leafrot,2_foliar_disease,,,,4,,,,,
LeafRot531,coconut-tree-disease,Dataset/Coconut Tree Disease Dataset/Leaf Rot/LeafRot531.jpg,leafrot,2_foliar_disease,,,,3,,,,,
LeafRot532,coconut-tree-disease,Dataset/Coconut Tree Disease Dataset/Leaf Rot/LeafRot532.jpg,leafrot,2_foliar_disease,,,,4,,,,,
LeafRot533,coconut-tree-disease,Dataset/Coconut Tree Disease Dataset/Leaf Rot/LeafRot533.jpg,leafrot,2_foliar_disease,,,,2,,,,,
LeafRot534,coconut-tree-disease,Dataset/Coconut Tree Disease Dataset/Leaf Rot/LeafRot534.jpg,leafrot,2_foliar_disease,,,,2,,,,,
LeafRot535,coconut-tree-disease,Dataset/Coconut Tree Disease Dataset/Leaf Rot/LeafRot535.jpg,leafrot,2_foliar_disease,,,,1,,,,,
LeafRot536,coconut-tree-disease,Dataset/Coconut Tree Disease Dataset/Leaf Rot/LeafRot536.jpg,leafrot,2_foliar_disease,,,,0,,,,,
LeafRot537,coconut-tree-disease,Dataset/Coconut Tree Disease Dataset/Leaf Rot/LeafRot537.jpg,leafrot,2_foliar_disease,,,,1,,,,,
LeafRot538,coconut-tree-disease,Dataset/Coconut Tree Disease Dataset/Leaf Rot/LeafRot538.jpg,leafrot,2_foliar_disease,,,,1,,,,,
LeafRot539,coconut-tree-disease,Dataset/Coconut Tree Disease Dataset/Leaf Rot/LeafRot539.jpg,leafrot,2_foliar_disease,,,,1,,,,,
LeafRot540,coconut-tree-disease,Dataset/Coconut Tree Disease Dataset/Leaf Rot/LeafRot540.jpg,leafrot,2_foliar_disease,,,,4,,,,,
LeafRot541,coconut-tree-disease,Dataset/Coconut Tree Disease Dataset/Leaf Rot/LeafRot541.jpg,leafrot,2_foliar_disease,,,,1,,,,,
LeafRot542,coconut-tree-disease,Dataset/Coconut Tree Disease Dataset/Leaf Rot/LeafRot542.jpg,leafrot,2_foliar_disease,,,,3,,,,,
LeafRot543,coconut-tree-disease,Dataset/Coconut Tree Disease Dataset/Leaf Rot/LeafRot543.jpg,leafrot,2_foliar_disease,,,,3,,,,,
LeafRot544,coconut-tree-disease,Dataset/Coconut Tree Disease Dataset/Leaf Rot/LeafRot544.jpg,leafrot,2_foliar_disease,,,,0,,,,,
LeafRot545,coconut-tree-disease,Dataset/Coconut Tree Disease Dataset/Leaf Rot/LeafRot545.jpg,leafrot,2_foliar_disease,,,,3,,,,,
LeafRot546,coconut-tree-disease,Dataset/Coconut Tree Disease Dataset/Leaf Rot/LeafRot546.jpg,leafrot,2_foliar_disease,,,,2,,,,,
LeafRot547,coconut-tree-disease,Dataset/Coconut Tree Disease Dataset/Leaf Rot/LeafRot547.jpg,leafrot,2_foliar_disease,,,,1,,,,,
LeafRot548,coconut-tree-disease,Dataset/Coconut Tree Disease Dataset/Leaf Rot/LeafRot548.jpg,leafrot,2_foliar_disease,,,,0,,,,,
LeafRot549,coconut-tree-disease,Dataset/Coconut Tree Disease Dataset/Leaf Rot/LeafRot549.jpg,leafrot,2_foliar_disease,,,,2,,,,,
LeafRot550,coconut-tree-disease,Dataset/Coconut Tree Disease Dataset/Leaf Rot/LeafRot550.jpg,leafrot,2_foliar_disease,,,,4,,,,,
LeafRot551,coconut-tree-disease,Dataset/Coconut Tree Disease Dataset/Leaf Rot/LeafRot551.jpg,leafrot,2_foliar_disease,,,,4,,,,,
LeafRot552,coconut-tree-disease,Dataset/Coconut Tree Disease Dataset/Leaf Rot/LeafRot552.jpg,leafrot,2_foliar_disease,,,,1,,,,,
LeafRot553,coconut-tree-disease,Dataset/Coconut Tree Disease Dataset/Leaf Rot/LeafRot553.jpg,leafrot,2_foliar_disease,,,,4,,,,,
LeafRot554,coconut-tree-disease,Dataset/Coconut Tree Disease Dataset/Leaf Rot/LeafRot554.jpg,leafrot,2_foliar_disease,,,,0,,,,,
LeafRot555,coconut-tree-disease,Dataset/Coconut Tree Disease Dataset/Leaf Rot/LeafRot555.jpg,leafrot,2_foliar_disease,,,,4,,,,,
LeafRot556,coconut-tree-disease,Dataset/Coconut Tree Disease Dataset/Leaf Rot/LeafRot556.jpg,leafrot,2_foliar_disease,,,,2,,,,,
LeafRot557,coconut-tree-disease,Dataset/Coconut Tree Disease Dataset/Leaf Rot/LeafRot557.jpg,leafrot,2_foliar_disease,,,,3,,,,,
LeafRot558,coconut-tree-disease,Dataset/Coconut Tree Disease Dataset/Leaf Rot/LeafRot558.jpg,leafrot,2_foliar_disease,,,,0,,,,,
LeafRot559,coconut-tree-disease,Dataset/Coconut Tree Disease Dataset/Leaf Rot/LeafRot559.jpg,leafrot,2_foliar_disease,,,,3,,,,,
LeafRot560,coconut-tree-disease,Dataset/Coconut Tree Disease Dataset/Leaf Rot/LeafRot560.jpg,leafrot,2_foliar_disease,,,,3,,,,,
LeafRot561,coconut-tree-disease,Dataset/Coconut Tree Disease Dataset/Leaf Rot/LeafRot561.jpg,leafrot,2_foliar_disease,,,,4,,,,,
LeafRot562,coconut-tree-disease,Dataset/Coconut Tree Disease Dataset/Leaf Rot/LeafRot562.jpg,leafrot,2_foliar_disease,,,,1,,,,,
LeafRot563,coconut-tree-disease,Dataset/Coconut Tree Disease Dataset/Leaf Rot/LeafRot563.jpg,leafrot,2_foliar_disease,,,,2,,,,,
LeafRot564,coconut-tree-disease,Dataset/Coconut Tree Disease Dataset/Leaf Rot/LeafRot564.jpg,leafrot,2_foliar_disease,,,,1,,,,,
LeafRot565,coconut-tree-disease,Dataset/Coconut Tree Disease Dataset/Leaf Rot/LeafRot565.jpg,leafrot,2_foliar_disease,,,,3,,,,,
LeafRot566,coconut-tree-disease,Dataset/Coconut Tree Disease Dataset/Leaf Rot/LeafRot566.jpg,leafrot,2_foliar_disease,,,,1,,,,,
LeafRot567,coconut-tree-disease,Dataset/Coconut Tree Disease Dataset/Leaf Rot/LeafRot567.jpg,leafrot,2_foliar_disease,,,,1,,,,,
LeafRot568,coconut-tree-disease,Dataset/Coconut Tree Disease Dataset/Leaf Rot/LeafRot568.jpg,leafrot,2_foliar_disease,,,,0,,,,,
LeafRot569,coconut-tree-disease,Dataset/Coconut Tree Disease Dataset/Leaf Rot/LeafRot569.jpg,leafrot,2_foliar_disease,,,,3,,,,,
LeafRot570,coconut-tree-disease,Dataset/Coconut Tree Disease Dataset/Leaf Rot/LeafRot570.jpg,leafrot,2_foliar_disease,,,,2,,,,,
LeafRot571,coconut-tree-disease,Dataset/Coconut Tree Disease Dataset/Leaf Rot/LeafRot571.jpg,leafrot,2_foliar_disease,,,,1,,,,,
LeafRot572,coconut-tree-disease,Dataset/Coconut Tree Disease Dataset/Leaf Rot/LeafRot572.jpg,leafrot,2_foliar_disease,,,,0,,,,,
LeafRot573,coconut-tree-disease,Dataset/Coconut Tree Disease Dataset/Leaf Rot/LeafRot573.jpg,leafrot,2_foliar_disease,,,,1,,,,,
LeafRot574,coconut-tree-disease,Dataset/Coconut Tree Disease Dataset/Leaf Rot/LeafRot574.jpg,leafrot,2_foliar_disease,,,,3,,,,,
LeafRot575,coconut-tree-disease,Dataset/Coconut Tree Disease Dataset/Leaf Rot/LeafRot575.jpg,leafrot,2_foliar_disease,,,,4,,,,,
LeafRot576,coconut-tree-disease,Dataset/Coconut Tree Disease Dataset/Leaf Rot/LeafRot576.jpg,leafrot,2_foliar_disease,,,,3,,,,,
LeafRot577,coconut-tree-disease,Dataset/Coconut Tree Disease Dataset/Leaf Rot/LeafRot577.jpg,leafrot,2_foliar_disease,,,,0,,,,,
LeafRot578,coconut-tree-disease,Dataset/Coconut Tree Disease Dataset/Leaf Rot/LeafRot578.jpg,leafrot,2_foliar_disease,,,,4,,,,,
LeafRot579,coconut-tree-disease,Dataset/Coconut Tree Disease Dataset/Leaf Rot/LeafRot579.jpg,leafrot,2_foliar_disease,,,,3,,,,,
LeafRot580,coconut-tree-disease,Dataset/Coconut Tree Disease Dataset/Leaf Rot/LeafRot580.jpg,leafrot,2_foliar_disease,,,,4,,,,,
LeafRot581,coconut-tree-disease,Dataset/Coconut Tree Disease Dataset/Leaf Rot/LeafRot581.jpg,leafrot,2_foliar_disease,,,,2,,,,,
LeafRot582,coconut-tree-disease,Dataset/Coconut Tree Disease Dataset/Leaf Rot/LeafRot582.jpg,leafrot,2_foliar_disease,,,,0,,,,,
LeafRot583,coconut-tree-disease,Dataset/Coconut Tree Disease Dataset/Leaf Rot/LeafRot583.jpg,leafrot,2_foliar_disease,,,,3,,,,,
LeafRot584,coconut-tree-disease,Dataset/Coconut Tree Disease Dataset/Leaf Rot/LeafRot584.jpg,leafrot,2_foliar_disease,,,,1,,,,,
LeafRot585,coconut-tree-disease,Dataset/Coconut Tree Disease Dataset/Leaf Rot/LeafRot585.jpg,leafrot,2_foliar_disease,,,,2,,,,,
LeafRot586,coconut-tree-disease,Dataset/Coconut Tree Disease Dataset/Leaf Rot/LeafRot586.jpg,leafrot,2_foliar_disease,,,,1,,,,,
LeafRot587,coconut-tree-disease,Dataset/Coconut Tree Disease Dataset/Leaf Rot/LeafRot587.jpg,leafrot,2_foliar_disease,,,,1,,,,,
LeafRot588,coconut-tree-disease,Dataset/Coconut Tree Disease Dataset/Leaf Rot/LeafRot588.jpg,leafrot,2_foliar_disease,,,,3,,,,,
LeafRot589,coconut-tree-disease,Dataset/Coconut Tree Disease Dataset/Leaf Rot/LeafRot589.jpg,leafrot,2_foliar_disease,,,,2,,,,,
LeafRot590,coconut-tree-disease,Dataset/Coconut Tree Disease Dataset/Leaf Rot/LeafRot590.jpg,leafrot,2_foliar_disease,,,,3,,,,,
LeafRot591,coconut-tree-disease,Dataset/Coconut Tree Disease Dataset/Leaf Rot/LeafRot591.jpg,leafrot,2_foliar_disease,,,,4,,,,,
LeafRot592,coconut-tree-disease,Dataset/Coconut Tree Disease Dataset/Leaf Rot/LeafRot592.jpg,leafrot,2_foliar_disease,,,,0,,,,,
LeafRot593,coconut-tree-disease,Dataset/Coconut Tree Disease Dataset/Leaf Rot/LeafRot593.jpg,leafrot,2_foliar_disease,,,,2,,,,,
LeafRot594,coconut-tree-disease,Dataset/Coconut Tree Disease Dataset/Leaf Rot/LeafRot594.jpg,leafrot,2_foliar_disease,,,,3,,,,,
LeafRot595,coconut-tree-disease,Dataset/Coconut Tree Disease Dataset/Leaf Rot/LeafRot595.jpg,leafrot,2_foliar_disease,,,,2,,,,,
LeafRot596,coconut-tree-disease,Dataset/Coconut Tree Disease Dataset/Leaf Rot/LeafRot596.jpg,leafrot,2_foliar_disease,,,,3,,,,,
LeafRot597,coconut-tree-disease,Dataset/Coconut Tree Disease Dataset/Leaf Rot/LeafRot597.jpg,leafrot,2_foliar_disease,,,,4,,,,,
LeafRot598,coconut-tree-disease,Dataset/Coconut Tree Disease Dataset/Leaf Rot/LeafRot598.jpg,leafrot,2_foliar_disease,,,,4,,,,,
LeafRot599,coconut-tree-disease,Dataset/Coconut Tree Disease Dataset/Leaf Rot/LeafRot599.jpg,leafrot,2_foliar_disease,,,,2,,,,,
LeafRot600,coconut-tree-disease,Dataset/Coconut Tree Disease Dataset/Leaf Rot/LeafRot600.jpg,leafrot,2_foliar_disease,,,,0,,,,,
LeafRot601,coconut-tree-disease,Dataset/Coconut Tree Disease Dataset/Leaf Rot/LeafRot601.jpg,leafrot,2_foliar_disease,,,,3,,,,,
LeafRot602,coconut-tree-disease,Dataset/Coconut Tree Disease Dataset/Leaf Rot/LeafRot602.jpg,leafrot,2_foliar_disease,,,,2,,,,,
LeafRot603,coconut-tree-disease,Dataset/Coconut Tree Disease Dataset/Leaf Rot/LeafRot603.jpg,leafrot,2_foliar_disease,,,,0,,,,,
LeafRot604,coconut-tree-disease,Dataset/Coconut Tree Disease Dataset/Leaf Rot/LeafRot604.jpg,leafrot,2_foliar_disease,,,,0,,,,,
LeafRot605,coconut-tree-disease,Dataset/Coconut Tree Disease Dataset/Leaf Rot/LeafRot605.jpg,leafrot,2_foliar_disease,,,,0,,,,,
LeafRot606,coconut-tree-disease,Dataset/Coconut Tree Disease Dataset/Leaf Rot/LeafRot606.jpg,leafrot,2_foliar_disease,,,,1,,,,,
LeafRot607,coconut-tree-disease,Dataset/Coconut Tree Disease Dataset/Leaf Rot/LeafRot607.jpg,leafrot,2_foliar_disease,,,,3,,,,,
LeafRot608,coconut-tree-disease,Dataset/Coconut Tree Disease Dataset/Leaf Rot/LeafRot608.jpg,leafrot,2_foliar_disease,,,,2,,,,,
LeafRot609,coconut-tree-disease,Dataset/Coconut Tree Disease Dataset/Leaf Rot/LeafRot609.jpg,leafrot,2_foliar_disease,,,,4,,,,,
LeafRot610,coconut-tree-disease,Dataset/Coconut Tree Disease Dataset/Leaf Rot/LeafRot610.jpg,leafrot,2_foliar_disease,,,,2,,,,,
LeafRot611,coconut-tree-disease,Dataset/Coconut Tree Disease Dataset/Leaf Rot/LeafRot611.jpg,leafrot,2_foliar_disease,,,,0,,,,,
LeafRot612,coconut-tree-disease,Dataset/Coconut Tree Disease Dataset/Leaf Rot/LeafRot612.jpg,leafrot,2_foliar_disease,,,,0,,,,,
LeafRot613,coconut-tree-disease,Dataset/Coconut Tree Disease Dataset/Leaf Rot/LeafRot613.jpg,leafrot,2_foliar_disease,,,,3,,,,,
LeafRot614,coconut-tree-disease,Dataset/Coconut Tree Disease Dataset/Leaf Rot/LeafRot614.jpg,leafrot,2_foliar_disease,,,,2,,,,,
LeafRot615,coconut-tree-disease,Dataset/Coconut Tree Disease Dataset/Leaf Rot/LeafRot615.jpg,leafrot,2_foliar_disease,,,,2,,,,,
LeafRot616,coconut-tree-disease,Dataset/Coconut Tree Disease Dataset/Leaf Rot/LeafRot616.jpg,leafrot,2_foliar_disease,,,,0,,,,,
LeafRot617,coconut-tree-disease,Dataset/Coconut Tree Disease Dataset/Leaf Rot/LeafRot617.jpg,leafrot,2_foliar_disease,,,,3,,,,,
LeafRot618,coconut-tree-disease,Dataset/Coconut Tree Disease Dataset/Leaf Rot/LeafRot618.jpg,leafrot,2_foliar_disease,,,,1,,,,,
LeafRot619,coconut-tree-disease,Dataset/Coconut Tree Disease Dataset/Leaf Rot/LeafRot619.jpg,leafrot,2_foliar_disease,,,,1,,,,,
LeafRot620,coconut-tree-disease,Dataset/Coconut Tree Disease Dataset/Leaf Rot/LeafRot620.jpg,leafrot,2_foliar_disease,,,,1,,,,,
LeafRot621,coconut-tree-disease,Dataset/Coconut Tree Disease Dataset/Leaf Rot/LeafRot621.jpg,leafrot,2_foliar_disease,,,,1,,,,,
LeafRot622,coconut-tree-disease,Dataset/Coconut Tree Disease Dataset/Leaf Rot/LeafRot622.jpg,leafrot,2_foliar_disease,,,,2,,,,,
LeafRot623,coconut-tree-disease,Dataset/Coconut Tree Disease Dataset/Leaf Rot/LeafRot623.jpg,leafrot,2_foliar_disease,,,,0,,,,,
LeafRot624,coconut-tree-disease,Dataset/Coconut Tree Disease Dataset/Leaf Rot/LeafRot624.jpg,leafrot,2_foliar_disease,,,,2,,,,,
LeafRot625,coconut-tree-disease,Dataset/Coconut Tree Disease Dataset/Leaf Rot/LeafRot625.jpg,leafrot,2_foliar_disease,,,,2,,,,,
LeafRot626,coconut-tree-disease,Dataset/Coconut Tree Disease Dataset/Leaf Rot/LeafRot626.jpg,leafrot,2_foliar_disease,,,,2,,,,,
LeafRot627,coconut-tree-disease,Dataset/Coconut Tree Disease Dataset/Leaf Rot/LeafRot627.jpg,leafrot,2_foliar_disease,,,,4,,,,,
LeafRot628,coconut-tree-disease,Dataset/Coconut Tree Disease Dataset/Leaf Rot/LeafRot628.jpg,leafrot,2_foliar_disease,,,,4,,,,,
LeafRot629,coconut-tree-disease,Dataset/Coconut Tree Disease Dataset/Leaf Rot/LeafRot629.jpg,leafrot,2_foliar_disease,,,,4,,,,,
LeafRot630,coconut-tree-disease,Dataset/Coconut Tree Disease Dataset/Leaf Rot/LeafRot630.jpg,leafrot,2_foliar_disease,,,,0,,,,,
LeafRot631,coconut-tree-disease,Dataset/Coconut Tree Disease Dataset/Leaf Rot/LeafRot631.jpg,leafrot,2_foliar_disease,,,,1,,,,,
LeafRot632,coconut-tree-disease,Dataset/Coconut Tree Disease Dataset/Leaf Rot/LeafRot632.jpg,leafrot,2_foliar_disease,,,,1,,,,,
LeafRot633,coconut-tree-disease,Dataset/Coconut Tree Disease Dataset/Leaf Rot/LeafRot633.jpg,leafrot,2_foliar_disease,,,,0,,,,,
LeafRot634,coconut-tree-disease,Dataset/Coconut Tree Disease Dataset/Leaf Rot/LeafRot634.jpg,leafrot,2_foliar_disease,,,,0,,,,,
LeafRot635,coconut-tree-disease,Dataset/Coconut Tree Disease Dataset/Leaf Rot/LeafRot635.jpg,leafrot,2_foliar_disease,,,,4,,,,,
LeafRot636,coconut-tree-disease,Dataset/Coconut Tree Disease Dataset/Leaf Rot/LeafRot636.jpg,leafrot,2_foliar_disease,,,,4,,,,,
LeafRot637,coconut-tree-disease,Dataset/Coconut Tree Disease Dataset/Leaf Rot/LeafRot637.jpg,leafrot,2_foliar_disease,,,,3,,,,,
LeafRot638,coconut-tree-disease,Dataset/Coconut Tree Disease Dataset/Leaf Rot/LeafRot638.jpg,leafrot,2_foliar_disease,,,,3,,,,,
LeafRot639,coconut-tree-disease,Dataset/Coconut Tree Disease Dataset/Leaf Rot/LeafRot639.jpg,leafrot,2_foliar_disease,,,,1,,,,,
LeafRot640,coconut-tree-disease,Dataset/Coconut Tree Disease Dataset/Leaf Rot/LeafRot640.jpg,leafrot,2_foliar_disease,,,,1,,,,,
LeafRot641,coconut-tree-disease,Dataset/Coconut Tree Disease Dataset/Leaf Rot/LeafRot641.jpg,leafrot,2_foliar_disease,,,,2,,,,,
LeafRot642,coconut-tree-disease,Dataset/Coconut Tree Disease Dataset/Leaf Rot/LeafRot642.jpg,leafrot,2_foliar_disease,,,,4,,,,,
LeafRot643,coconut-tree-disease,Dataset/Coconut Tree Disease Dataset/Leaf Rot/LeafRot643.jpg,leafrot,2_foliar_disease,,,,0,,,,,
LeafRot644,coconut-tree-disease,Dataset/Coconut Tree Disease Dataset/Leaf Rot/LeafRot644.jpg,leafrot,2_foliar_disease,,,,0,,,,,
LeafRot645,coconut-tree-disease,Dataset/Coconut Tree Disease Dataset/Leaf Rot/LeafRot645.jpg,leafrot,2_foliar_disease,,,,2,,,,,
LeafRot646,coconut-tree-disease,Dataset/Coconut Tree Disease Dataset/Leaf Rot/LeafRot646.jpg,leafrot,2_foliar_disease,,,,1,,,,,
LeafRot647,coconut-tree-disease,Dataset/Coconut Tree Disease Dataset/Leaf Rot/LeafRot647.jpg,leafrot,2_foliar_disease,,,,1,,,,,
LeafRot648,coconut-tree-disease,Dataset/Coconut Tree Disease Dataset/Leaf Rot/LeafRot648.jpg,leafrot,2_foliar_disease,,,,2,,,,,
LeafRot649,coconut-tree-disease,Dataset/Coconut Tree Disease Dataset/Leaf Rot/LeafRot649.jpg,leafrot,2_foliar_disease,,,,4,,,,,
LeafRot650,coconut-tree-disease,Dataset/Coconut Tree Disease Dataset/Leaf Rot/LeafRot650.jpg,leafrot,2_foliar_disease,,,,0,,,,,
LeafRot651,coconut-tree-disease,Dataset/Coconut Tree Disease Dataset/Leaf Rot/LeafRot651.jpg,leafrot,2_foliar_disease,,,,3,,,,,
LeafRot652,coconut-tree-disease,Dataset/Coconut Tree Disease Dataset/Leaf Rot/LeafRot652.jpg,leafrot,2_foliar_disease,,,,2,,,,,
LeafRot653,coconut-tree-disease,Dataset/Coconut Tree Disease Dataset/Leaf Rot/LeafRot653.jpg,leafrot,2_foliar_disease,,,,3,,,,,
LeafRot654,coconut-tree-disease,Dataset/Coconut Tree Disease Dataset/Leaf Rot/LeafRot654.jpg,leafrot,2_foliar_disease,,,,2,,,,,
LeafRot655,coconut-tree-disease,Dataset/Coconut Tree Disease Dataset/Leaf Rot/LeafRot655.jpg,leafrot,2_foliar_disease,,,,0,,,,,
LeafRot656,coconut-tree-disease,Dataset/Coconut Tree Disease Dataset/Leaf Rot/LeafRot656.jpg,leafrot,2_foliar_disease,,,,3,,,,,
LeafRot657,coconut-tree-disease,Dataset/Coconut Tree Disease Dataset/Leaf Rot/LeafRot657.jpg,leafrot,2_foliar_disease,,,,2,,,,,
LeafRot658,coconut-tree-disease,Dataset/Coconut Tree Disease Dataset/Leaf Rot/LeafRot658.jpg,leafrot,2_foliar_disease,,,,3,,,,,
LeafRot659,coconut-tree-disease,Dataset/Coconut Tree Disease Dataset/Leaf Rot/LeafRot659.jpg,leafrot,2_foliar_disease,,,,0,,,,,
LeafRot660,coconut-tree-disease,Dataset/Coconut Tree Disease Dataset/Leaf Rot/LeafRot660.jpg,leafrot,2_foliar_disease,,,,4,,,,,
LeafRot661,coconut-tree-disease,Dataset/Coconut Tree Disease Dataset/Leaf Rot/LeafRot661.jpg,leafrot,2_foliar_disease,,,,4,,,,,
LeafRot662,coconut-tree-disease,Dataset/Coconut Tree Disease Dataset/Leaf Rot/LeafRot662.jpg,leafrot,2_foliar_disease,,,,2,,,,,
LeafRot663,coconut-tree-disease,Dataset/Coconut Tree Disease Dataset/Leaf Rot/LeafRot663.jpg,leafrot,2_foliar_disease,,,,1,,,,,
LeafRot664,coconut-tree-disease,Dataset/Coconut Tree Disease Dataset/Leaf Rot/LeafRot664.jpg,leafrot,2_foliar_disease,,,,2,,,,,
LeafRot665,coconut-tree-disease,Dataset/Coconut Tree Disease Dataset/Leaf Rot/LeafRot665.jpg,leafrot,2_foliar_disease,,,,4,,,,,
LeafRot666,coconut-tree-disease,Dataset/Coconut Tree Disease Dataset/Leaf Rot/LeafRot666.jpg,leafrot,2_foliar_disease,,,,0,,,,,
LeafRot667,coconut-tree-disease,Dataset/Coconut Tree Disease Dataset/Leaf Rot/LeafRot667.jpg,leafrot,2_foliar_disease,,,,2,,,,,
LeafRot668,coconut-tree-disease,Dataset/Coconut Tree Disease Dataset/Leaf Rot/LeafRot668.jpg,leafrot,2_foliar_disease,,,,0,,,,,
LeafRot669,coconut-tree-disease,Dataset/Coconut Tree Disease Dataset/Leaf Rot/LeafRot669.jpg,leafrot,2_foliar_disease,,,,1,,,,,
LeafRot670,coconut-tree-disease,Dataset/Coconut Tree Disease Dataset/Leaf Rot/LeafRot670.jpg,leafrot,2_foliar_disease,,,,0,,,,,
LeafRot671,coconut-tree-disease,Dataset/Coconut Tree Disease Dataset/Leaf Rot/LeafRot671.jpg,leafrot,2_foliar_disease,,,,0,,,,,
LeafRot672,coconut-tree-disease,Dataset/Coconut Tree Disease Dataset/Leaf Rot/LeafRot672.jpg,leafrot,2_foliar_disease,,,,3,,,,,
LeafRot673,coconut-tree-disease,Dataset/Coconut Tree Disease Dataset/Leaf Rot/LeafRot673.jpg,leafrot,2_foliar_disease,,,,0,,,,,
LeafRot674,coconut-tree-disease,Dataset/Coconut Tree Disease Dataset/Leaf Rot/LeafRot674.jpg,leafrot,2_foliar_disease,,,,1,,,,,
LeafRot675,coconut-tree-disease,Dataset/Coconut Tree Disease Dataset/Leaf Rot/LeafRot675.jpg,leafrot,2_foliar_disease,,,,3,,,,,
LeafRot676,coconut-tree-disease,Dataset/Coconut Tree Disease Dataset/Leaf Rot/LeafRot676.jpg,leafrot,2_foliar_disease,,,,0,,,,,
LeafRot677,coconut-tree-disease,Dataset/Coconut Tree Disease Dataset/Leaf Rot/LeafRot677.jpg,leafrot,2_foliar_disease,,,,0,,,,,
LeafRot678,coconut-tree-disease,Dataset/Coconut Tree Disease Dataset/Leaf Rot/LeafRot678.jpg,leafrot,2_foliar_disease,,,,4,,,,,
LeafRot679,coconut-tree-disease,Dataset/Coconut Tree Disease Dataset/Leaf Rot/LeafRot679.jpg,leafrot,2_foliar_disease,,,,0,,,,,
LeafRot680,coconut-tree-disease,Dataset/Coconut Tree Disease Dataset/Leaf Rot/LeafRot680.jpg,leafrot,2_foliar_disease,,,,3,,,,,
LeafRot681,coconut-tree-disease,Dataset/Coconut Tree Disease Dataset/Leaf Rot/LeafRot681.jpg,leafrot,2_foliar_disease,,,,2,,,,,
LeafRot682,coconut-tree-disease,Dataset/Coconut Tree Disease Dataset/Leaf Rot/LeafRot682.jpg,leafrot,2_foliar_disease,,,,3,,,,,
LeafRot683,coconut-tree-disease,Dataset/Coconut Tree Disease Dataset/Leaf Rot/LeafRot683.jpg,leafrot,2_foliar_disease,,,,0,,,,,
LeafRot684,coconut-tree-disease,Dataset/Coconut Tree Disease Dataset/Leaf Rot/LeafRot684.jpg,leafrot,2_foliar_disease,,,,4,,,,,
LeafRot685,coconut-tree-disease,Dataset/Coconut Tree Disease Dataset/Leaf Rot/LeafRot685.jpg,leafrot,2_foliar_disease,,,,0,,,,,
LeafRot686,coconut-tree-disease,Dataset/Coconut Tree Disease Dataset/Leaf Rot/LeafRot686.jpg,leafrot,2_foliar_disease,,,,4,,,,,
LeafRot687,coconut-tree-disease,Dataset/Coconut Tree Disease Dataset/Leaf Rot/LeafRot687.jpg,leafrot,2_foliar_disease,,,,3,,,,,
LeafRot688,coconut-tree-disease,Dataset/Coconut Tree Disease Dataset/Leaf Rot/LeafRot688.jpg,leafrot,2_foliar_disease,,,,4,,,,,
LeafRot689,coconut-tree-disease,Dataset/Coconut Tree Disease Dataset/Leaf Rot/LeafRot689.jpg,leafrot,2_foliar_disease,,,,3,,,,,
LeafRot690,coconut-tree-disease,Dataset/Coconut Tree Disease Dataset/Leaf Rot/LeafRot690.jpg,leafrot,2_foliar_disease,,,,3,,,,,
LeafRot691,coconut-tree-disease,Dataset/Coconut Tree Disease Dataset/Leaf Rot/LeafRot691.jpg,leafrot,2_foliar_disease,,,,1,,,,,
LeafRot692,coconut-tree-disease,Dataset/Coconut Tree Disease Dataset/Leaf Rot/LeafRot692.jpg,leafrot,2_foliar_disease,,,,1,,,,,
LeafRot693,coconut-tree-disease,Dataset/Coconut Tree Disease Dataset/Leaf Rot/LeafRot693.jpg,leafrot,2_foliar_disease,,,,1,,,,,
LeafRot694,coconut-tree-disease,Dataset/Coconut Tree Disease Dataset/Leaf Rot/LeafRot694.jpg,leafrot,2_foliar_disease,,,,1,,,,,
LeafRot695,coconut-tree-disease,Dataset/Coconut Tree Disease Dataset/Leaf Rot/LeafRot695.jpg,leafrot,2_foliar_disease,,,,3,,,,,
LeafRot696,coconut-tree-disease,Dataset/Coconut Tree Disease Dataset/Leaf Rot/LeafRot696.jpg,leafrot,2_foliar_disease,,,,3,,,,,
LeafRot697,coconut-tree-disease,Dataset/Coconut Tree Disease Dataset/Leaf Rot/LeafRot697.jpg,leafrot,2_foliar_disease,,,,4,,,,,
LeafRot698,coconut-tree-disease,Dataset/Coconut Tree Disease Dataset/Leaf Rot/LeafRot698.jpg,leafrot,2_foliar_disease,,,,4,,,,,
LeafRot699,coconut-tree-disease,Dataset/Coconut Tree Disease Dataset/Leaf Rot/LeafRot699.jpg,leafrot,2_foliar_disease,,,,3,,,,,
LeafRot700,coconut-tree-disease,Dataset/Coconut Tree Disease Dataset/Leaf Rot/LeafRot700.jpg,leafrot,2_foliar_disease,,,,2,,,,,
LeafRot701,coconut-tree-disease,Dataset/Coconut Tree Disease Dataset/Leaf Rot/LeafRot701.jpg,leafrot,2_foliar_disease,,,,0,,,,,
LeafRot702,coconut-tree-disease,Dataset/Coconut Tree Disease Dataset/Leaf Rot/LeafRot702.jpg,leafrot,2_foliar_disease,,,,1,,,,,
LeafRot703,coconut-tree-disease,Dataset/Coconut Tree Disease Dataset/Leaf Rot/LeafRot703.jpg,leafrot,2_foliar_disease,,,,2,,,,,
LeafRot704,coconut-tree-disease,Dataset/Coconut Tree Disease Dataset/Leaf Rot/LeafRot704.jpg,leafrot,2_foliar_disease,,,,2,,,,,
LeafRot705,coconut-tree-disease,Dataset/Coconut Tree Disease Dataset/Leaf Rot/LeafRot705.jpg,leafrot,2_foliar_disease,,,,0,,,,,
LeafRot706,coconut-tree-disease,Dataset/Coconut Tree Disease Dataset/Leaf Rot/LeafRot706.jpg,leafrot,2_foliar_disease,,,,4,,,,,
LeafRot707,coconut-tree-disease,Dataset/Coconut Tree Disease Dataset/Leaf Rot/LeafRot707.jpg,leafrot,2_foliar_disease,,,,3,,,,,
LeafRot708,coconut-tree-disease,Dataset/Coconut Tree Disease Dataset/Leaf Rot/LeafRot708.jpg,leafrot,2_foliar_disease,,,,0,,,,,
LeafRot709,coconut-tree-disease,Dataset/Coconut Tree Disease Dataset/Leaf Rot/LeafRot709.jpg,leafrot,2_foliar_disease,,,,4,,,,,
LeafRot710,coconut-tree-disease,Dataset/Coconut Tree Disease Dataset/Leaf Rot/LeafRot710.jpg,leafrot,2_foliar_disease,,,,0,,,,,
LeafRot711,coconut-tree-disease,Dataset/Coconut Tree Disease Dataset/Leaf Rot/LeafRot711.jpg,leafrot,2_foliar_disease,,,,2,,,,,
LeafRot712,coconut-tree-disease,Dataset/Coconut Tree Disease Dataset/Leaf Rot/LeafRot712.jpg,leafrot,2_foliar_disease,,,,4,,,,,
LeafRot713,coconut-tree-disease,Dataset/Coconut Tree Disease Dataset/Leaf Rot/LeafRot713.jpg,leafrot,2_foliar_disease,,,,4,,,,,
LeafRot714,coconut-tree-disease,Dataset/Coconut Tree Disease Dataset/Leaf Rot/LeafRot714.jpg,leafrot,2_foliar_disease,,,,3,,,,,
LeafRot715,coconut-tree-disease,Dataset/Coconut Tree Disease Dataset/Leaf Rot/LeafRot715.jpg,leafrot,2_foliar_disease,,,,1,,,,,
LeafRot716,coconut-tree-disease,Dataset/Coconut Tree Disease Dataset/Leaf Rot/LeafRot716.jpg,leafrot,2_foliar_disease,,,,4,,,,,
LeafRot717,coconut-tree-disease,Dataset/Coconut Tree Disease Dataset/Leaf Rot/LeafRot717.jpg,leafrot,2_foliar_disease,,,,0,,,,,
LeafRot718,coconut-tree-disease,Dataset/Coconut Tree Disease Dataset/Leaf Rot/LeafRot718.jpg,leafrot,2_foliar_disease,,,,4,,,,,
LeafRot719,coconut-tree-disease,Dataset/Coconut Tree Disease Dataset/Leaf Rot/LeafRot719.jpg,leafrot,2_foliar_disease,,,,2,,,,,
LeafRot720,coconut-tree-disease,Dataset/Coconut Tree Disease Dataset/Leaf Rot/LeafRot720.jpg,leafrot,2_foliar_disease,,,,1,,,,,
LeafRot721,coconut-tree-disease,Dataset/Coconut Tree Disease Dataset/Leaf Rot/LeafRot721.jpg,leafrot,2_foliar_disease,,,,1,,,,,
LeafRot722,coconut-tree-disease,Dataset/Coconut Tree Disease Dataset/Leaf Rot/LeafRot722.jpg,leafrot,2_foliar_disease,,,,0,,,,,
LeafRot723,coconut-tree-disease,Dataset/Coconut Tree Disease Dataset/Leaf Rot/LeafRot723.jpg,leafrot,2_foliar_disease,,,,3,,,,,
LeafRot724,coconut-tree-disease,Dataset/Coconut Tree Disease Dataset/Leaf Rot/LeafRot724.jpg,leafrot,2_foliar_disease,,,,4,,,,,
LeafRot725,coconut-tree-disease,Dataset/Coconut Tree Disease Dataset/Leaf Rot/LeafRot725.jpg,leafrot,2_foliar_disease,,,,3,,,,,
LeafRot726,coconut-tree-disease,Dataset/Coconut Tree Disease Dataset/Leaf Rot/LeafRot726.jpg,leafrot,2_foliar_disease,,,,2,,,,,
LeafRot727,coconut-tree-disease,Dataset/Coconut Tree Disease Dataset/Leaf Rot/LeafRot727.jpg,leafrot,2_foliar_disease,,,,3,,,,,
LeafRot728,coconut-tree-disease,Dataset/Coconut Tree Disease Dataset/Leaf Rot/LeafRot728.jpg,leafrot,2_foliar_disease,,,,4,,,,,
LeafRot729,coconut-tree-disease,Dataset/Coconut Tree Disease Dataset/Leaf Rot/LeafRot729.jpg,leafrot,2_foliar_disease,,,,4,,,,,
LeafRot730,coconut-tree-disease,Dataset/Coconut Tree Disease Dataset/Leaf Rot/LeafRot730.jpg,leafrot,2_foliar_disease,,,,0,,,,,
LeafRot731,coconut-tree-disease,Dataset/Coconut Tree Disease Dataset/Leaf Rot/LeafRot731.jpg,leafrot,2_foliar_disease,,,,2,,,,,
LeafRot732,coconut-tree-disease,Dataset/Coconut Tree Disease Dataset/Leaf Rot/LeafRot732.jpg,leafrot,2_foliar_disease,,,,2,,,,,
LeafRot733,coconut-tree-disease,Dataset/Coconut Tree Disease Dataset/Leaf Rot/LeafRot733.jpg,leafrot,2_foliar_disease,,,,4,,,,,
LeafRot734,coconut-tree-disease,Dataset/Coconut Tree Disease Dataset/Leaf Rot/LeafRot734.jpg,leafrot,2_foliar_disease,,,,1,,,,,
LeafRot735,coconut-tree-disease,Dataset/Coconut Tree Disease Dataset/Leaf Rot/LeafRot735.jpg,leafrot,2_foliar_disease,,,,1,,,,,
LeafRot736,coconut-tree-disease,Dataset/Coconut Tree Disease Dataset/Leaf Rot/LeafRot736.jpg,leafrot,2_foliar_disease,,,,2,,,,,
LeafRot737,coconut-tree-disease,Dataset/Coconut Tree Disease Dataset/Leaf Rot/LeafRot737.jpg,leafrot,2_foliar_disease,,,,1,,,,,
LeafRot738,coconut-tree-disease,Dataset/Coconut Tree Disease Dataset/Leaf Rot/LeafRot738.jpg,leafrot,2_foliar_disease,,,,4,,,,,
LeafRot739,coconut-tree-disease,Dataset/Coconut Tree Disease Dataset/Leaf Rot/LeafRot739.jpg,leafrot,2_foliar_disease,,,,4,,,,,
LeafRot740,coconut-tree-disease,Dataset/Coconut Tree Disease Dataset/Leaf Rot/LeafRot740.jpg,leafrot,2_foliar_disease,,,,4,,,,,
LeafRot741,coconut-tree-disease,Dataset/Coconut Tree Disease Dataset/Leaf Rot/LeafRot741.jpg,leafrot,2_foliar_disease,,,,0,,,,,
LeafRot742,coconut-tree-disease,Dataset/Coconut Tree Disease Dataset/Leaf Rot/LeafRot742.jpg,leafrot,2_foliar_disease,,,,4,,,,,
LeafRot743,coconut-tree-disease,Dataset/Coconut Tree Disease Dataset/Leaf Rot/LeafRot743.jpg,leafrot,2_foliar_disease,,,,1,,,,,
LeafRot744,coconut-tree-disease,Dataset/Coconut Tree Disease Dataset/Leaf Rot/LeafRot744.jpg,leafrot,2_foliar_disease,,,,2,,,,,
LeafRot745,coconut-tree-disease,Dataset/Coconut Tree Disease Dataset/Leaf Rot/LeafRot745.jpg,leafrot,2_foliar_disease,,,,2,,,,,
LeafRot746,coconut-tree-disease,Dataset/Coconut Tree Disease Dataset/Leaf Rot/LeafRot746.jpg,leafrot,2_foliar_disease,,,,0,,,,,
LeafRot747,coconut-tree-disease,Dataset/Coconut Tree Disease Dataset/Leaf Rot/LeafRot747.jpg,leafrot,2_foliar_disease,,,,1,,,,,
LeafRot748,coconut-tree-disease,Dataset/Coconut Tree Disease Dataset/Leaf Rot/LeafRot748.jpg,leafrot,2_foliar_disease,,,,1,,,,,
LeafRot749,coconut-tree-disease,Dataset/Coconut Tree Disease Dataset/Leaf Rot/LeafRot749.jpg,leafrot,2_foliar_disease,,,,3,,,,,
LeafRot750,coconut-tree-disease,Dataset/Coconut Tree Disease Dataset/Leaf Rot/LeafRot750.jpg,leafrot,2_foliar_disease,,,,0,,,,,
LeafRot751,coconut-tree-disease,Dataset/Coconut Tree Disease Dataset/Leaf Rot/LeafRot751.jpg,leafrot,2_foliar_disease,,,,1,,,,,
LeafRot752,coconut-tree-disease,Dataset/Coconut Tree Disease Dataset/Leaf Rot/LeafRot752.jpg,leafrot,2_foliar_disease,,,,2,,,,,
LeafRot753,coconut-tree-disease,Dataset/Coconut Tree Disease Dataset/Leaf Rot/LeafRot753.jpg,leafrot,2_foliar_disease,,,,3,,,,,
LeafRot754,coconut-tree-disease,Dataset/Coconut Tree Disease Dataset/Leaf Rot/LeafRot754.jpg,leafrot,2_foliar_disease,,,,0,,,,,
LeafRot755,coconut-tree-disease,Dataset/Coconut Tree Disease Dataset/Leaf Rot/LeafRot755.jpg,leafrot,2_foliar_disease,,,,2,,,,,
LeafRot756,coconut-tree-disease,Dataset/Coconut Tree Disease Dataset/Leaf Rot/LeafRot756.jpg,leafrot,2_foliar_disease,,,,0,,,,,
LeafRot757,coconut-tree-disease,Dataset/Coconut Tree Disease Dataset/Leaf Rot/LeafRot757.jpg,leafrot,2_foliar_disease,,,,1,,,,,
LeafRot758,coconut-tree-disease,Dataset/Coconut Tree Disease Dataset/Leaf Rot/LeafRot758.jpg,leafrot,2_foliar_disease,,,,3,,,,,
LeafRot759,coconut-tree-disease,Dataset/Coconut Tree Disease Dataset/Leaf Rot/LeafRot759.jpg,leafrot,2_foliar_disease,,,,0,,,,,
LeafRot760,coconut-tree-disease,Dataset/Coconut Tree Disease Dataset/Leaf Rot/LeafRot760.jpg,leafrot,2_foliar_disease,,,,4,,,,,
LeafRot761,coconut-tree-disease,Dataset/Coconut Tree Disease Dataset/Leaf Rot/LeafRot761.jpg,leafrot,2_foliar_disease,,,,1,,,,,
LeafRot762,coconut-tree-disease,Dataset/Coconut Tree Disease Dataset/Leaf Rot/LeafRot762.jpg,leafrot,2_foliar_disease,,,,1,,,,,
LeafRot763,coconut-tree-disease,Dataset/Coconut Tree Disease Dataset/Leaf Rot/LeafRot763.jpg,leafrot,2_foliar_disease,,,,2,,,,,
LeafRot764,coconut-tree-disease,Dataset/Coconut Tree Disease Dataset/Leaf Rot/LeafRot764.jpg,leafrot,2_foliar_disease,,,,4,,,,,
LeafRot765,coconut-tree-disease,Dataset/Coconut Tree Disease Dataset/Leaf Rot/LeafRot765.jpg,leafrot,2_foliar_disease,,,,4,,,,,
LeafRot766,coconut-tree-disease,Dataset/Coconut Tree Disease Dataset/Leaf Rot/LeafRot766.jpg,leafrot,2_foliar_disease,,,,2,,,,,
LeafRot767,coconut-tree-disease,Dataset/Coconut Tree Disease Dataset/Leaf Rot/LeafRot767.jpg,leafrot,2_foliar_disease,,,,2,,,,,
LeafRot768,coconut-tree-disease,Dataset/Coconut Tree Disease Dataset/Leaf Rot/LeafRot768.jpg,leafrot,2_foliar_disease,,,,2,,,,,
LeafRot769,coconut-tree-disease,Dataset/Coconut Tree Disease Dataset/Leaf Rot/LeafRot769.jpg,leafrot,2_foliar_disease,,,,1,,,,,
LeafRot770,coconut-tree-disease,Dataset/Coconut Tree Disease Dataset/Leaf Rot/LeafRot770.jpg,leafrot,2_foliar_disease,,,,1,,,,,
LeafRot771,coconut-tree-disease,Dataset/Coconut Tree Disease Dataset/Leaf Rot/LeafRot771.jpg,leafrot,2_foliar_disease,,,,0,,,,,
LeafRot772,coconut-tree-disease,Dataset/Coconut Tree Disease Dataset/Leaf Rot/LeafRot772.jpg,leafrot,2_foliar_disease,,,,4,,,,,
LeafRot773,coconut-tree-disease,Dataset/Coconut Tree Disease Dataset/Leaf Rot/LeafRot773.jpg,leafrot,2_foliar_disease,,,,1,,,,,
LeafRot774,coconut-tree-disease,Dataset/Coconut Tree Disease Dataset/Leaf Rot/LeafRot774.jpg,leafrot,2_foliar_disease,,,,4,,,,,
LeafRot775,coconut-tree-disease,Dataset/Coconut Tree Disease Dataset/Leaf Rot/LeafRot775.jpg,leafrot,2_foliar_disease,,,,3,,,,,
LeafRot776,coconut-tree-disease,Dataset/Coconut Tree Disease Dataset/Leaf Rot/LeafRot776.jpg,leafrot,2_foliar_disease,,,,0,,,,,
LeafRot777,coconut-tree-disease,Dataset/Coconut Tree Disease Dataset/Leaf Rot/LeafRot777.jpg,leafrot,2_foliar_disease,,,,1,,,,,
LeafRot778,coconut-tree-disease,Dataset/Coconut Tree Disease Dataset/Leaf Rot/LeafRot778.jpg,leafrot,2_foliar_disease,,,,2,,,,,
LeafRot779,coconut-tree-disease,Dataset/Coconut Tree Disease Dataset/Leaf Rot/LeafRot779.jpg,leafrot,2_foliar_disease,,,,0,,,,,
LeafRot780,coconut-tree-disease,Dataset/Coconut Tree Disease Dataset/Leaf Rot/LeafRot780.jpg,leafrot,2_foliar_disease,,,,4,,,,,
LeafRot781,coconut-tree-disease,Dataset/Coconut Tree Disease Dataset/Leaf Rot/LeafRot781.jpg,leafrot,2_foliar_disease,,,,0,,,,,
LeafRot782,coconut-tree-disease,Dataset/Coconut Tree Disease Dataset/Leaf Rot/LeafRot782.jpg,leafrot,2_foliar_disease,,,,0,,,,,
LeafRot783,coconut-tree-disease,Dataset/Coconut Tree Disease Dataset/Leaf Rot/LeafRot783.jpg,leafrot,2_foliar_disease,,,,4,,,,,
LeafRot784,coconut-tree-disease,Dataset/Coconut Tree Disease Dataset/Leaf Rot/LeafRot784.jpg,leafrot,2_foliar_disease,,,,2,,,,,
LeafRot785,coconut-tree-disease,Dataset/Coconut Tree Disease Dataset/Leaf Rot/LeafRot785.jpg,leafrot,2_foliar_disease,,,,3,,,,,
LeafRot786,coconut-tree-disease,Dataset/Coconut Tree Disease Dataset/Leaf Rot/LeafRot786.jpg,leafrot,2_foliar_disease,,,,3,,,,,
LeafRot787,coconut-tree-disease,Dataset/Coconut Tree Disease Dataset/Leaf Rot/LeafRot787.jpg,leafrot,2_foliar_disease,,,,3,,,,,
LeafRot788,coconut-tree-disease,Dataset/Coconut Tree Disease Dataset/Leaf Rot/LeafRot788.jpg,leafrot,2_foliar_disease,,,,0,,,,,
LeafRot789,coconut-tree-disease,Dataset/Coconut Tree Disease Dataset/Leaf Rot/LeafRot789.jpg,leafrot,2_foliar_disease,,,,3,,,,,
LeafRot790,coconut-tree-disease,Dataset/Coconut Tree Disease Dataset/Leaf Rot/LeafRot790.jpg,leafrot,2_foliar_disease,,,,3,,,,,
LeafRot791,coconut-tree-disease,Dataset/Coconut Tree Disease Dataset/Leaf Rot/LeafRot791.jpg,leafrot,2_foliar_disease,,,,1,,,,,
LeafRot792,coconut-tree-disease,Dataset/Coconut Tree Disease Dataset/Leaf Rot/LeafRot792.jpg,leafrot,2_foliar_disease,,,,0,,,,,
LeafRot793,coconut-tree-disease,Dataset/Coconut Tree Disease Dataset/Leaf Rot/LeafRot793.jpg,leafrot,2_foliar_disease,,,,4,,,,,
LeafRot794,coconut-tree-disease,Dataset/Coconut Tree Disease Dataset/Leaf Rot/LeafRot794.jpg,leafrot,2_foliar_disease,,,,3,,,,,
LeafRot795,coconut-tree-disease,Dataset/Coconut Tree Disease Dataset/Leaf Rot/LeafRot795.jpg,leafrot,2_foliar_disease,,,,0,,,,,
LeafRot796,coconut-tree-disease,Dataset/Coconut Tree Disease Dataset/Leaf Rot/LeafRot796.jpg,leafrot,2_foliar_disease,,,,4,,,,,
LeafRot797,coconut-tree-disease,Dataset/Coconut Tree Disease Dataset/Leaf Rot/LeafRot797.jpg,leafrot,2_foliar_disease,,,,2,,,,,
LeafRot798,coconut-tree-disease,Dataset/Coconut Tree Disease Dataset/Leaf Rot/LeafRot798.jpg,leafrot,2_foliar_disease,,,,4,,,,,
LeafRot799,coconut-tree-disease,Dataset/Coconut Tree Disease Dataset/Leaf Rot/LeafRot799.jpg,leafrot,2_foliar_disease,,,,2,,,,,
LeafRot800,coconut-tree-disease,Dataset/Coconut Tree Disease Dataset/Leaf Rot/LeafRot800.jpg,leafrot,2_foliar_disease,,,,4,,,,,
LeafRot801,coconut-tree-disease,Dataset/Coconut Tree Disease Dataset/Leaf Rot/LeafRot801.jpg,leafrot,2_foliar_disease,,,,1,,,,,
LeafRot802,coconut-tree-disease,Dataset/Coconut Tree Disease Dataset/Leaf Rot/LeafRot802.jpg,leafrot,2_foliar_disease,,,,1,,,,,
LeafRot803,coconut-tree-disease,Dataset/Coconut Tree Disease Dataset/Leaf Rot/LeafRot803.jpg,leafrot,2_foliar_disease,,,,3,,,,,
LeafRot804,coconut-tree-disease,Dataset/Coconut Tree Disease Dataset/Leaf Rot/LeafRot804.jpg,leafrot,2_foliar_disease,,,,0,,,,,
LeafRot805,coconut-tree-disease,Dataset/Coconut Tree Disease Dataset/Leaf Rot/LeafRot805.jpg,leafrot,2_foliar_disease,,,,0,,,,,
LeafRot806,coconut-tree-disease,Dataset/Coconut Tree Disease Dataset/Leaf Rot/LeafRot806.jpg,leafrot,2_foliar_disease,,,,0,,,,,
LeafRot807,coconut-tree-disease,Dataset/Coconut Tree Disease Dataset/Leaf Rot/LeafRot807.jpg,leafrot,2_foliar_disease,,,,0,,,,,
LeafRot808,coconut-tree-disease,Dataset/Coconut Tree Disease Dataset/Leaf Rot/LeafRot808.jpg,leafrot,2_foliar_disease,,,,3,,,,,
LeafRot809,coconut-tree-disease,Dataset/Coconut Tree Disease Dataset/Leaf Rot/LeafRot809.jpg,leafrot,2_foliar_disease,,,,2,,,,,
LeafRot810,coconut-tree-disease,Dataset/Coconut Tree Disease Dataset/Leaf Rot/LeafRot810.jpg,leafrot,2_foliar_disease,,,,1,,,,,
LeafRot811,coconut-tree-disease,Dataset/Coconut Tree Disease Dataset/Leaf Rot/LeafRot811.jpg,leafrot,2_foliar_disease,,,,3,,,,,
LeafRot812,coconut-tree-disease,Dataset/Coconut Tree Disease Dataset/Leaf Rot/LeafRot812.jpg,leafrot,2_foliar_disease,,,,4,,,,,
LeafRot813,coconut-tree-disease,Dataset/Coconut Tree Disease Dataset/Leaf Rot/LeafRot813.jpg,leafrot,2_foliar_disease,,,,1,,,,,
LeafRot814,coconut-tree-disease,Dataset/Coconut Tree Disease Dataset/Leaf Rot/LeafRot814.jpg,leafrot,2_foliar_disease,,,,4,,,,,
LeafRot815,coconut-tree-disease,Dataset/Coconut Tree Disease Dataset/Leaf Rot/LeafRot815.jpg,leafrot,2_foliar_disease,,,,4,,,,,
LeafRot816,coconut-tree-disease,Dataset/Coconut Tree Disease Dataset/Leaf Rot/LeafRot816.jpg,leafrot,2_foliar_disease,,,,1,,,,,
LeafRot817,coconut-tree-disease,Dataset/Coconut Tree Disease Dataset/Leaf Rot/LeafRot817.jpg,leafrot,2_foliar_disease,,,,1,,,,,
LeafRot818,coconut-tree-disease,Dataset/Coconut Tree Disease Dataset/Leaf Rot/LeafRot818.jpg,leafrot,2_foliar_disease,,,,4,,,,,
LeafRot819,coconut-tree-disease,Dataset/Coconut Tree Disease Dataset/Leaf Rot/LeafRot819.jpg,leafrot,2_foliar_disease,,,,3,,,,,
LeafRot820,coconut-tree-disease,Dataset/Coconut Tree Disease Dataset/Leaf Rot/LeafRot820.jpg,leafrot,2_foliar_disease,,,,1,,,,,
LeafRot821,coconut-tree-disease,Dataset/Coconut Tree Disease Dataset/Leaf Rot/LeafRot821.jpg,leafrot,2_foliar_disease,,,,2,,,,,
LeafRot822,coconut-tree-disease,Dataset/Coconut Tree Disease Dataset/Leaf Rot/LeafRot822.jpg,leafrot,2_foliar_disease,,,,3,,,,,
LeafRot823,coconut-tree-disease,Dataset/Coconut Tree Disease Dataset/Leaf Rot/LeafRot823.jpg,leafrot,2_foliar_disease,,,,4,,,,,
LeafRot824,coconut-tree-disease,Dataset/Coconut Tree Disease Dataset/Leaf Rot/LeafRot824.jpg,leafrot,2_foliar_disease,,,,2,,,,,
LeafRot825,coconut-tree-disease,Dataset/Coconut Tree Disease Dataset/Leaf Rot/LeafRot825.jpg,leafrot,2_foliar_disease,,,,2,,,,,
LeafRot826,coconut-tree-disease,Dataset/Coconut Tree Disease Dataset/Leaf Rot/LeafRot826.jpg,leafrot,2_foliar_disease,,,,3,,,,,
LeafRot827,coconut-tree-disease,Dataset/Coconut Tree Disease Dataset/Leaf Rot/LeafRot827.jpg,leafrot,2_foliar_disease,,,,3,,,,,
LeafRot828,coconut-tree-disease,Dataset/Coconut Tree Disease Dataset/Leaf Rot/LeafRot828.jpg,leafrot,2_foliar_disease,,,,2,,,,,
LeafRot829,coconut-tree-disease,Dataset/Coconut Tree Disease Dataset/Leaf Rot/LeafRot829.jpg,leafrot,2_foliar_disease,,,,3,,,,,
LeafRot830,coconut-tree-disease,Dataset/Coconut Tree Disease Dataset/Leaf Rot/LeafRot830.jpg,leafrot,2_foliar_disease,,,,1,,,,,
LeafRot831,coconut-tree-disease,Dataset/Coconut Tree Disease Dataset/Leaf Rot/LeafRot831.jpg,leafrot,2_foliar_disease,,,,2,,,,,
LeafRot832,coconut-tree-disease,Dataset/Coconut Tree Disease Dataset/Leaf Rot/LeafRot832.jpg,leafrot,2_foliar_disease,,,,3,,,,,
LeafRot833,coconut-tree-disease,Dataset/Coconut Tree Disease Dataset/Leaf Rot/LeafRot833.jpg,leafrot,2_foliar_disease,,,,1,,,,,
LeafRot834,coconut-tree-disease,Dataset/Coconut Tree Disease Dataset/Leaf Rot/LeafRot834.jpg,leafrot,2_foliar_disease,,,,2,,,,,
LeafRot835,coconut-tree-disease,Dataset/Coconut Tree Disease Dataset/Leaf Rot/LeafRot835.jpg,leafrot,2_foliar_disease,,,,3,,,,,
LeafRot836,coconut-tree-disease,Dataset/Coconut Tree Disease Dataset/Leaf Rot/LeafRot836.jpg,leafrot,2_foliar_disease,,,,3,,,,,
LeafRot837,coconut-tree-disease,Dataset/Coconut Tree Disease Dataset/Leaf Rot/LeafRot837.jpg,leafrot,2_foliar_disease,,,,1,,,,,
LeafRot838,coconut-tree-disease,Dataset/Coconut Tree Disease Dataset/Leaf Rot/LeafRot838.jpg,leafrot,2_foliar_disease,,,,4,,,,,
LeafRot839,coconut-tree-disease,Dataset/Coconut Tree Disease Dataset/Leaf Rot/LeafRot839.jpg,leafrot,2_foliar_disease,,,,4,,,,,
LeafRot840,coconut-tree-disease,Dataset/Coconut Tree Disease Dataset/Leaf Rot/LeafRot840.jpg,leafrot,2_foliar_disease,,,,2,,,,,
LeafRot841,coconut-tree-disease,Dataset/Coconut Tree Disease Dataset/Leaf Rot/LeafRot841.jpg,leafrot,2_foliar_disease,,,,1,,,,,
LeafRot842,coconut-tree-disease,Dataset/Coconut Tree Disease Dataset/Leaf Rot/LeafRot842.jpg,leafrot,2_foliar_disease,,,,3,,,,,
LeafRot843,coconut-tree-disease,Dataset/Coconut Tree Disease Dataset/Leaf Rot/LeafRot843.jpg,leafrot,2_foliar_disease,,,,1,,,,,
LeafRot844,coconut-tree-disease,Dataset/Coconut Tree Disease Dataset/Leaf Rot/LeafRot844.jpg,leafrot,2_foliar_disease,,,,2,,,,,
LeafRot845,coconut-tree-disease,Dataset/Coconut Tree Disease Dataset/Leaf Rot/LeafRot845.jpg,leafrot,2_foliar_disease,,,,1,,,,,
LeafRot846,coconut-tree-disease,Dataset/Coconut Tree Disease Dataset/Leaf Rot/LeafRot846.jpg,leafrot,2_foliar_disease,,,,3,,,,,
LeafRot847,coconut-tree-disease,Dataset/Coconut Tree Disease Dataset/Leaf Rot/LeafRot847.jpg,leafrot,2_foliar_disease,,,,2,,,,,
LeafRot848,coconut-tree-disease,Dataset/Coconut Tree Disease Dataset/Leaf Rot/LeafRot848.jpg,leafrot,2_foliar_disease,,,,4,,,,,
LeafRot849,coconut-tree-disease,Dataset/Coconut Tree Disease Dataset/Leaf Rot/LeafRot849.jpg,leafrot,2_foliar_disease,,,,4,,,,,
LeafRot850,coconut-tree-disease,Dataset/Coconut Tree Disease Dataset/Leaf Rot/LeafRot850.jpg,leafrot,2_foliar_disease,,,,3,,,,,
LeafRot851,coconut-tree-disease,Dataset/Coconut Tree Disease Dataset/Leaf Rot/LeafRot851.jpg,leafrot,2_foliar_disease,,,,4,,,,,
LeafRot852,coconut-tree-disease,Dataset/Coconut Tree Disease Dataset/Leaf Rot/LeafRot852.jpg,leafrot,2_foliar_disease,,,,4,,,,,
LeafRot853,coconut-tree-disease,Dataset/Coconut Tree Disease Dataset/Leaf Rot/LeafRot853.jpg,leafrot,2_foliar_disease,,,,1,,,,,
LeafRot854,coconut-tree-disease,Dataset/Coconut Tree Disease Dataset/Leaf Rot/LeafRot854.jpg,leafrot,2_foliar_disease,,,,2,,,,,
LeafRot855,coconut-tree-disease,Dataset/Coconut Tree Disease Dataset/Leaf Rot/LeafRot855.jpg,leafrot,2_foliar_disease,,,,2,,,,,
LeafRot856,coconut-tree-disease,Dataset/Coconut Tree Disease Dataset/Leaf Rot/LeafRot856.jpg,leafrot,2_foliar_disease,,,,3,,,,,
LeafRot857,coconut-tree-disease,Dataset/Coconut Tree Disease Dataset/Leaf Rot/LeafRot857.jpg,leafrot,2_foliar_disease,,,,0,,,,,
LeafRot858,coconut-tree-disease,Dataset/Coconut Tree Disease Dataset/Leaf Rot/LeafRot858.jpg,leafrot,2_foliar_disease,,,,4,,,,,
LeafRot859,coconut-tree-disease,Dataset/Coconut Tree Disease Dataset/Leaf Rot/LeafRot859.jpg,leafrot,2_foliar_disease,,,,1,,,,,
LeafRot860,coconut-tree-disease,Dataset/Coconut Tree Disease Dataset/Leaf Rot/LeafRot860.jpg,leafrot,2_foliar_disease,,,,0,,,,,
LeafRot861,coconut-tree-disease,Dataset/Coconut Tree Disease Dataset/Leaf Rot/LeafRot861.jpg,leafrot,2_foliar_disease,,,,0,,,,,
LeafRot862,coconut-tree-disease,Dataset/Coconut Tree Disease Dataset/Leaf Rot/LeafRot862.jpg,leafrot,2_foliar_disease,,,,4,,,,,
LeafRot863,coconut-tree-disease,Dataset/Coconut Tree Disease Dataset/Leaf Rot/LeafRot863.jpg,leafrot,2_foliar_disease,,,,4,,,,,
LeafRot864,coconut-tree-disease,Dataset/Coconut Tree Disease Dataset/Leaf Rot/LeafRot864.jpg,leafrot,2_foliar_disease,,,,0,,,,,
LeafRot865,coconut-tree-disease,Dataset/Coconut Tree Disease Dataset/Leaf Rot/LeafRot865.jpg,leafrot,2_foliar_disease,,,,0,,,,,
LeafRot866,coconut-tree-disease,Dataset/Coconut Tree Disease Dataset/Leaf Rot/LeafRot866.jpg,leafrot,2_foliar_disease,,,,3,,,,,
LeafRot867,coconut-tree-disease,Dataset/Coconut Tree Disease Dataset/Leaf Rot/LeafRot867.jpg,leafrot,2_foliar_disease,,,,1,,,,,
LeafRot868,coconut-tree-disease,Dataset/Coconut Tree Disease Dataset/Leaf Rot/LeafRot868.jpg,leafrot,2_foliar_disease,,,,1,,,,,
LeafRot869,coconut-tree-disease,Dataset/Coconut Tree Disease Dataset/Leaf Rot/LeafRot869.jpg,leafrot,2_foliar_disease,,,,2,,,,,
LeafRot870,coconut-tree-disease,Dataset/Coconut Tree Disease Dataset/Leaf Rot/LeafRot870.jpg,leafrot,2_foliar_disease,,,,2,,,,,
LeafRot871,coconut-tree-disease,Dataset/Coconut Tree Disease Dataset/Leaf Rot/LeafRot871.jpg,leafrot,2_foliar_disease,,,,2,,,,,
LeafRot872,coconut-tree-disease,Dataset/Coconut Tree Disease Dataset/Leaf Rot/LeafRot872.jpg,leafrot,2_foliar_disease,,,,1,,,,,
LeafRot873,coconut-tree-disease,Dataset/Coconut Tree Disease Dataset/Leaf Rot/LeafRot873.jpg,leafrot,2_foliar_disease,,,,0,,,,,
LeafRot874,coconut-tree-disease,Dataset/Coconut Tree Disease Dataset/Leaf Rot/LeafRot874.jpg,leafrot,2_foliar_disease,,,,0,,,,,
LeafRot875,coconut-tree-disease,Dataset/Coconut Tree Disease Dataset/Leaf Rot/LeafRot875.jpg,leafrot,2_foliar_disease,,,,4,,,,,
LeafRot876,coconut-tree-disease,Dataset/Coconut Tree Disease Dataset/Leaf Rot/LeafRot876.jpg,leafrot,2_foliar_disease,,,,1,,,,,
LeafRot877,coconut-tree-disease,Dataset/Coconut Tree Disease Dataset/Leaf Rot/LeafRot877.jpg,leafrot,2_foliar_disease,,,,1,,,,,
LeafRot878,coconut-tree-disease,Dataset/Coconut Tree Disease Dataset/Leaf Rot/LeafRot878.jpg,leafrot,2_foliar_disease,,,,4,,,,,
LeafRot879,coconut-tree-disease,Dataset/Coconut Tree Disease Dataset/Leaf Rot/LeafRot879.jpg,leafrot,2_foliar_disease,,,,3,,,,,
LeafRot880,coconut-tree-disease,Dataset/Coconut Tree Disease Dataset/Leaf Rot/LeafRot880.jpg,leafrot,2_foliar_disease,,,,0,,,,,
LeafRot881,coconut-tree-disease,Dataset/Coconut Tree Disease Dataset/Leaf Rot/LeafRot881.jpg,leafrot,2_foliar_disease,,,,3,,,,,
LeafRot882,coconut-tree-disease,Dataset/Coconut Tree Disease Dataset/Leaf Rot/LeafRot882.jpg,leafrot,2_foliar_disease,,,,2,,,,,
LeafRot883,coconut-tree-disease,Dataset/Coconut Tree Disease Dataset/Leaf Rot/LeafRot883.jpg,leafrot,2_foliar_disease,,,,0,,,,,
LeafRot884,coconut-tree-disease,Dataset/Coconut Tree Disease Dataset/Leaf Rot/LeafRot884.jpg,leafrot,2_foliar_disease,,,,0,,,,,
LeafRot885,coconut-tree-disease,Dataset/Coconut Tree Disease Dataset/Leaf Rot/LeafRot885.jpg,leafrot,2_foliar_disease,,,,1,,,,,
LeafRot886,coconut-tree-disease,Dataset/Coconut Tree Disease Dataset/Leaf Rot/LeafRot886.jpg,leafrot,2_foliar_disease,,,,2,,,,,
LeafRot887,coconut-tree-disease,Dataset/Coconut Tree Disease Dataset/Leaf Rot/LeafRot887.jpg,leafrot,2_foliar_disease,,,,4,,,,,
LeafRot888,coconut-tree-disease,Dataset/Coconut Tree Disease Dataset/Leaf Rot/LeafRot888.jpg,leafrot,2_foliar_disease,,,,4,,,,,
LeafRot889,coconut-tree-disease,Dataset/Coconut Tree Disease Dataset/Leaf Rot/LeafRot889.jpg,leafrot,2_foliar_disease,,,,2,,,,,
LeafRot890,coconut-tree-disease,Dataset/Coconut Tree Disease Dataset/Leaf Rot/LeafRot890.jpg,leafrot,2_foliar_disease,,,,1,,,,,
LeafRot891,coconut-tree-disease,Dataset/Coconut Tree Disease Dataset/Leaf Rot/LeafRot891.jpg,leafrot,2_foliar_disease,,,,3,,,,,
LeafRot892,coconut-tree-disease,Dataset/Coconut Tree Disease Dataset/Leaf Rot/LeafRot892.jpg,leafrot,2_foliar_disease,,,,0,,,,,
LeafRot893,coconut-tree-disease,Dataset/Coconut Tree Disease Dataset/Leaf Rot/LeafRot893.jpg,leafrot,2_foliar_disease,,,,4,,,,,
LeafRot894,coconut-tree-disease,Dataset/Coconut Tree Disease Dataset/Leaf Rot/LeafRot894.jpg,leafrot,2_foliar_disease,,,,4,,,,,
LeafRot895,coconut-tree-disease,Dataset/Coconut Tree Disease Dataset/Leaf Rot/LeafRot895.jpg,leafrot,2_foliar_disease,,,,2,,,,,
LeafRot896,coconut-tree-disease,Dataset/Coconut Tree Disease Dataset/Leaf Rot/LeafRot896.jpg,leafrot,2_foliar_disease,,,,0,,,,,
LeafRot897,coconut-tree-disease,Dataset/Coconut Tree Disease Dataset/Leaf Rot/LeafRot897.jpg,leafrot,2_foliar_disease,,,,2,,,,,
LeafRot898,coconut-tree-disease,Dataset/Coconut Tree Disease Dataset/Leaf Rot/LeafRot898.jpg,leafrot,2_foliar_disease,,,,3,,,,,
LeafRot899,coconut-tree-disease,Dataset/Coconut Tree Disease Dataset/Leaf Rot/LeafRot899.jpg,leafrot,2_foliar_disease,,,,2,,,,,
LeafRot900,coconut-tree-disease,Dataset/Coconut Tree Disease Dataset/Leaf Rot/LeafRot900.jpg,leafrot,2_foliar_disease,,,,2,,,,,
LeafRot901,coconut-tree-disease,Dataset/Coconut Tree Disease Dataset/Leaf Rot/LeafRot901.jpg,leafrot,2_foliar_disease,,,,0,,,,,
LeafRot902,coconut-tree-disease,Dataset/Coconut Tree Disease Dataset/Leaf Rot/LeafRot902.jpg,leafrot,2_foliar_disease,,,,1,,,,,
LeafRot903,coconut-tree-disease,Dataset/Coconut Tree Disease Dataset/Leaf Rot/LeafRot903.jpg,leafrot,2_foliar_disease,,,,2,,,,,
LeafRot904,coconut-tree-disease,Dataset/Coconut Tree Disease Dataset/Leaf Rot/LeafRot904.jpg,leafrot,2_foliar_disease,,,,2,,,,,
LeafRot905,coconut-tree-disease,Dataset/Coconut Tree Disease Dataset/Leaf Rot/LeafRot905.jpg,leafrot,2_foliar_disease,,,,4,,,,,
LeafRot906,coconut-tree-disease,Dataset/Coconut Tree Disease Dataset/Leaf Rot/LeafRot906.jpg,leafrot,2_foliar_disease,,,,2,,,,,
LeafRot907,coconut-tree-disease,Dataset/Coconut Tree Disease Dataset/Leaf Rot/LeafRot907.jpg,leafrot,2_foliar_disease,,,,4,,,,,
LeafRot908,coconut-tree-disease,Dataset/Coconut Tree Disease Dataset/Leaf Rot/LeafRot908.jpg,leafrot,2_foliar_disease,,,,3,,,,,
LeafRot909,coconut-tree-disease,Dataset/Coconut Tree Disease Dataset/Leaf Rot/LeafRot909.jpg,leafrot,2_foliar_disease,,,,3,,,,,
LeafRot910,coconut-tree-disease,Dataset/Coconut Tree Disease Dataset/Leaf Rot/LeafRot910.jpg,leafrot,2_foliar_disease,,,,2,,,,,
LeafRot911,coconut-tree-disease,Dataset/Coconut Tree Disease Dataset/Leaf Rot/LeafRot911.jpg,leafrot,2_foliar_disease,,,,4,,,,,
LeafRot912,coconut-tree-disease,Dataset/Coconut Tree Disease Dataset/Leaf Rot/LeafRot912.jpg,leafrot,2_foliar_disease,,,,4,,,,,
LeafRot913,coconut-tree-disease,Dataset/Coconut Tree Disease Dataset/Leaf Rot/LeafRot913.jpg,leafrot,2_foliar_disease,,,,1,,,,,
LeafRot914,coconut-tree-disease,Dataset/Coconut Tree Disease Dataset/Leaf Rot/LeafRot914.jpg,leafrot,2_foliar_disease,,,,1,,,,,
LeafRot915,coconut-tree-disease,Dataset/Coconut Tree Disease Dataset/Leaf Rot/LeafRot915.jpg,leafrot,2_foliar_disease,,,,1,,,,,
LeafRot916,coconut-tree-disease,Dataset/Coconut Tree Disease Dataset/Leaf Rot/LeafRot916.jpg,leafrot,2_foliar_disease,,,,2,,,,,
LeafRot917,coconut-tree-disease,Dataset/Coconut Tree Disease Dataset/Leaf Rot/LeafRot917.jpg,leafrot,2_foliar_disease,,,,3,,,,,
LeafRot918,coconut-tree-disease,Dataset/Coconut Tree Disease Dataset/Leaf Rot/LeafRot918.jpg,leafrot,2_foliar_disease,,,,0,,,,,
LeafRot919,coconut-tree-disease,Dataset/Coconut Tree Disease Dataset/Leaf Rot/LeafRot919.jpg,leafrot,2_foliar_disease,,,,4,,,,,
LeafRot920,coconut-tree-disease,Dataset/Coconut Tree Disease Dataset/Leaf Rot/LeafRot920.jpg,leafrot,2_foliar_disease,,,,4,,,,,
LeafRot921,coconut-tree-disease,Dataset/Coconut Tree Disease Dataset/Leaf Rot/LeafRot921.jpg,leafrot,2_foliar_disease,,,,3,,,,,
LeafRot922,coconut-tree-disease,Dataset/Coconut Tree Disease Dataset/Leaf Rot/LeafRot922.jpg,leafrot,2_foliar_disease,,,,3,,,,,
LeafRot923,coconut-tree-disease,Dataset/Coconut Tree Disease Dataset/Leaf Rot/LeafRot923.jpg,leafrot,2_foliar_disease,,,,0,,,,,
LeafRot924,coconut-tree-disease,Dataset/Coconut Tree Disease Dataset/Leaf Rot/LeafRot924.jpg,leafrot,2_foliar_disease,,,,2,,,,,
LeafRot925,coconut-tree-disease,Dataset/Coconut Tree Disease Dataset/Leaf Rot/LeafRot925.jpg,leafrot,2_foliar_disease,,,,0,,,,,
LeafRot926,coconut-tree-disease,Dataset/Coconut Tree Disease Dataset/Leaf Rot/LeafRot926.jpg,leafrot,2_foliar_disease,,,,0,,,,,
LeafRot927,coconut-tree-disease,Dataset/Coconut Tree Disease Dataset/Leaf Rot/LeafRot927.jpg,leafrot,2_foliar_disease,,,,2,,,,,
LeafRot928,coconut-tree-disease,Dataset/Coconut Tree Disease Dataset/Leaf Rot/LeafRot928.jpg,leafrot,2_foliar_disease,,,,3,,,,,
LeafRot929,coconut-tree-disease,Dataset/Coconut Tree Disease Dataset/Leaf Rot/LeafRot929.jpg,leafrot,2_foliar_disease,,,,2,,,,,
LeafRot930,coconut-tree-disease,Dataset/Coconut Tree Disease Dataset/Leaf Rot/LeafRot930.jpg,leafrot,2_foliar_disease,,,,3,,,,,
LeafRot931,coconut-tree-disease,Dataset/Coconut Tree Disease Dataset/Leaf Rot/LeafRot931.jpg,leafrot,2_foliar_disease,,,,2,,,,,
LeafRot932,coconut-tree-disease,Dataset/Coconut Tree Disease Dataset/Leaf Rot/LeafRot932.jpg,leafrot,2_foliar_disease,,,,1,,,,,
LeafRot933,coconut-tree-disease,Dataset/Coconut Tree Disease Dataset/Leaf Rot/LeafRot933.jpg,leafrot,2_foliar_disease,,,,0,,,,,
LeafRot934,coconut-tree-disease,Dataset/Coconut Tree Disease Dataset/Leaf Rot/LeafRot934.jpg,leafrot,2_foliar_disease,,,,4,,,,,
LeafRot935,coconut-tree-disease,Dataset/Coconut Tree Disease Dataset/Leaf Rot/LeafRot935.jpg,leafrot,2_foliar_disease,,,,3,,,,,
LeafRot936,coconut-tree-disease,Dataset/Coconut Tree Disease Dataset/Leaf Rot/LeafRot936.jpg,leafrot,2_foliar_disease,,,,2,,,,,
LeafRot937,coconut-tree-disease,Dataset/Coconut Tree Disease Dataset/Leaf Rot/LeafRot937.jpg,leafrot,2_foliar_disease,,,,0,,,,,
LeafRot938,coconut-tree-disease,Dataset/Coconut Tree Disease Dataset/Leaf Rot/LeafRot938.jpg,leafrot,2_foliar_disease,,,,1,,,,,
LeafRot939,coconut-tree-disease,Dataset/Coconut Tree Disease Dataset/Leaf Rot/LeafRot939.jpg,leafrot,2_foliar_disease,,,,0,,,,,
LeafRot940,coconut-tree-disease,Dataset/Coconut Tree Disease Dataset/Leaf Rot/LeafRot940.jpg,leafrot,2_foliar_disease,,,,4,,,,,
LeafRot941,coconut-tree-disease,Dataset/Coconut Tree Disease Dataset/Leaf Rot/LeafRot941.jpg,leafrot,2_foliar_disease,,,,4,,,,,
LeafRot942,coconut-tree-disease,Dataset/Coconut Tree Disease Dataset/Leaf Rot/LeafRot942.jpg,leafrot,2_foliar_disease,,,,2,,,,,
LeafRot943,coconut-tree-disease,Dataset/Coconut Tree Disease Dataset/Leaf Rot/LeafRot943.jpg,leafrot,2_foliar_disease,,,,4,,,,,
LeafRot944,coconut-tree-disease,Dataset/Coconut Tree Disease Dataset/Leaf Rot/LeafRot944.jpg,leafrot,2_foliar_disease,,,,2,,,,,
LeafRot945,coconut-tree-disease,Dataset/Coconut Tree Disease Dataset/Leaf Rot/LeafRot945.jpg,leafrot,2_foliar_disease,,,,4,,,,,
LeafRot946,coconut-tree-disease,Dataset/Coconut Tree Disease Dataset/Leaf Rot/LeafRot946.jpg,leafrot,2_foliar_disease,,,,4,,,,,
LeafRot947,coconut-tree-disease,Dataset/Coconut Tree Disease Dataset/Leaf Rot/LeafRot947.jpg,leafrot,2_foliar_disease,,,,3,,,,,
LeafRot948,coconut-tree-disease,Dataset/Coconut Tree Disease Dataset/Leaf Rot/LeafRot948.jpg,leafrot,2_foliar_disease,,,,4,,,,,
LeafRot949,coconut-tree-disease,Dataset/Coconut Tree Disease Dataset/Leaf Rot/LeafRot949.jpg,leafrot,2_foliar_disease,,,,4,,,,,
LeafRot950,coconut-tree-disease,Dataset/Coconut Tree Disease Dataset/Leaf Rot/LeafRot950.jpg,leafrot,2_foliar_disease,,,,3,,,,,
LeafRot951,coconut-tree-disease,Dataset/Coconut Tree Disease Dataset/Leaf Rot/LeafRot951.jpg,leafrot,2_foliar_disease,,,,0,,,,,
LeafRot952,coconut-tree-disease,Dataset/Coconut Tree Disease Dataset/Leaf Rot/LeafRot952.jpg,leafrot,2_foliar_disease,,,,1,,,,,
LeafRot953,coconut-tree-disease,Dataset/Coconut Tree Disease Dataset/Leaf Rot/LeafRot953.jpg,leafrot,2_foliar_disease,,,,3,,,,,
LeafRot954,coconut-tree-disease,Dataset/Coconut Tree Disease Dataset/Leaf Rot/LeafRot954.jpg,leafrot,2_foliar_disease,,,,1,,,,,
LeafRot955,coconut-tree-disease,Dataset/Coconut Tree Disease Dataset/Leaf Rot/LeafRot955.jpg,leafrot,2_foliar_disease,,,,1,,,,,
LeafRot956,coconut-tree-disease,Dataset/Coconut Tree Disease Dataset/Leaf Rot/LeafRot956.jpg,leafrot,2_foliar_disease,,,,2,,,,,
LeafRot957,coconut-tree-disease,Dataset/Coconut Tree Disease Dataset/Leaf Rot/LeafRot957.jpg,leafrot,2_foliar_disease,,,,1,,,,,
LeafRot958,coconut-tree-disease,Dataset/Coconut Tree Disease Dataset/Leaf Rot/LeafRot958.jpg,leafrot,2_foliar_disease,,,,1,,,,,
LeafRot959,coconut-tree-disease,Dataset/Coconut Tree Disease Dataset/Leaf Rot/LeafRot959.jpg,leafrot,2_foliar_disease,,,,4,,,,,
LeafRot960,coconut-tree-disease,Dataset/Coconut Tree Disease Dataset/Leaf Rot/LeafRot960.jpg,leafrot,2_foliar_disease,,,,1,,,,,
LeafRot961,coconut-tree-disease,Dataset/Coconut Tree Disease Dataset/Leaf Rot/LeafRot961.jpg,leafrot,2_foliar_disease,,,,2,,,,,
LeafRot962,coconut-tree-disease,Dataset/Coconut Tree Disease Dataset/Leaf Rot/LeafRot962.jpg,leafrot,2_foliar_disease,,,,1,,,,,
LeafRot963,coconut-tree-disease,Dataset/Coconut Tree Disease Dataset/Leaf Rot/LeafRot963.jpg,leafrot,2_foliar_disease,,,,2,,,,,
LeafRot964,coconut-tree-disease,Dataset/Coconut Tree Disease Dataset/Leaf Rot/LeafRot964.jpg,leafrot,2_foliar_disease,,,,4,,,,,
LeafRot965,coconut-tree-disease,Dataset/Coconut Tree Disease Dataset/Leaf Rot/LeafRot965.jpg,leafrot,2_foliar_disease,,,,3,,,,,
LeafRot966,coconut-tree-disease,Dataset/Coconut Tree Disease Dataset/Leaf Rot/LeafRot966.jpg,leafrot,2_foliar_disease,,,,2,,,,,
LeafRot967,coconut-tree-disease,Dataset/Coconut Tree Disease Dataset/Leaf Rot/LeafRot967.jpg,leafrot,2_foliar_disease,,,,1,,,,,
LeafRot968,coconut-tree-disease,Dataset/Coconut Tree Disease Dataset/Leaf Rot/LeafRot968.jpg,leafrot,2_foliar_disease,,,,2,,,,,
LeafRot969,coconut-tree-disease,Dataset/Coconut Tree Disease Dataset/Leaf Rot/LeafRot969.jpg,leafrot,2_foliar_disease,,,,4,,,,,
LeafRot970,coconut-tree-disease,Dataset/Coconut Tree Disease Dataset/Leaf Rot/LeafRot970.jpg,leafrot,2_foliar_disease,,,,1,,,,,
LeafRot971,coconut-tree-disease,Dataset/Coconut Tree Disease Dataset/Leaf Rot/LeafRot971.jpg,leafrot,2_foliar_disease,,,,3,,,,,
LeafRot972,coconut-tree-disease,Dataset/Coconut Tree Disease Dataset/Leaf Rot/LeafRot972.jpg,leafrot,2_foliar_disease,,,,3,,,,,
LeafRot973,coconut-tree-disease,Dataset/Coconut Tree Disease Dataset/Leaf Rot/LeafRot973.jpg,leafrot,2_foliar_disease,,,,4,,,,,
LeafRot974,coconut-tree-disease,Dataset/Coconut Tree Disease Dataset/Leaf Rot/LeafRot974.jpg,leafrot,2_foliar_disease,,,,1,,,,,
LeafRot975,coconut-tree-disease,Dataset/Coconut Tree Disease Dataset/Leaf Rot/LeafRot975.jpg,leafrot,2_foliar_disease,,,,2,,,,,
LeafRot976,coconut-tree-disease,Dataset/Coconut Tree Disease Dataset/Leaf Rot/LeafRot976.jpg,leafrot,2_foliar_disease,,,,4,,,,,
LeafRot977,coconut-tree-disease,Dataset/Coconut Tree Disease Dataset/Leaf Rot/LeafRot977.jpg,leafrot,2_foliar_disease,,,,0,,,,,
LeafRot978,coconut-tree-disease,Dataset/Coconut Tree Disease Dataset/Leaf Rot/LeafRot978.jpg,leafrot,2_foliar_disease,,,,4,,,,,
LeafRot979,coconut-tree-disease,Dataset/Coconut Tree Disease Dataset/Leaf Rot/LeafRot979.jpg,leafrot,2_foliar_disease,,,,3,,,,,
LeafRot980,coconut-tree-disease,Dataset/Coconut Tree Disease Dataset/Leaf Rot/LeafRot980.jpg,leafrot,2_foliar_disease,,,,3,,,,,
LeafRot981,coconut-tree-disease,Dataset/Coconut Tree Disease Dataset/Leaf Rot/LeafRot981.jpg,leafrot,2_foliar_disease,,,,4,,,,,
LeafRot982,coconut-tree-disease,Dataset/Coconut Tree Disease Dataset/Leaf Rot/LeafRot982.jpg,leafrot,2_foliar_disease,,,,3,,,,,
LeafRot983,coconut-tree-disease,Dataset/Coconut Tree Disease Dataset/Leaf Rot/LeafRot983.jpg,leafrot,2_foliar_disease,,,,3,,,,,
LeafRot984,coconut-tree-disease,Dataset/Coconut Tree Disease Dataset/Leaf Rot/LeafRot984.jpg,leafrot,2_foliar_disease,,,,1,,,,,
LeafRot985,coconut-tree-disease,Dataset/Coconut Tree Disease Dataset/Leaf Rot/LeafRot985.jpg,leafrot,2_foliar_disease,,,,3,,,,,
LeafRot986,coconut-tree-disease,Dataset/Coconut Tree Disease Dataset/Leaf Rot/LeafRot986.jpg,leafrot,2_foliar_disease,,,,2,,,,,
LeafRot987,coconut-tree-disease,Dataset/Coconut Tree Disease Dataset/Leaf Rot/LeafRot987.jpg,leafrot,2_foliar_disease,,,,0,,,,,
LeafRot988,coconut-tree-disease,Dataset/Coconut Tree Disease Dataset/Leaf Rot/LeafRot988.jpg,leafrot,2_foliar_disease,,,,0,,,,,
LeafRot989,coconut-tree-disease,Dataset/Coconut Tree Disease Dataset/Leaf Rot/LeafRot989.jpg,leafrot,2_foliar_disease,,,,1,,,,,
LeafRot990,coconut-tree-disease,Dataset/Coconut Tree Disease Dataset/Leaf Rot/LeafRot990.jpg,leafrot,2_foliar_disease,,,,0,,,,,
LeafRot991,coconut-tree-disease,Dataset/Coconut Tree Disease Dataset/Leaf Rot/LeafRot991.jpg,leafrot,2_foliar_disease,,,,1,,,,,
LeafRot992,coconut-tree-disease,Dataset/Coconut Tree Disease Dataset/Leaf Rot/LeafRot992.jpg,leafrot,2_foliar_disease,,,,2,,,,,
LeafRot993,coconut-tree-disease,Dataset/Coconut Tree Disease Dataset/Leaf Rot/LeafRot993.jpg,leafrot,2_foliar_disease,,,,0,,,,,
LeafRot994,coconut-tree-disease,Dataset/Coconut Tree Disease Dataset/Leaf Rot/LeafRot994.jpg,leafrot,2_foliar_disease,,,,3,,,,,
LeafRot995,coconut-tree-disease,Dataset/Coconut Tree Disease Dataset/Leaf Rot/LeafRot995.jpg,leafrot,2_foliar_disease,,,,3,,,,,
LeafRot996,coconut-tree-disease,Dataset/Coconut Tree Disease Dataset/Leaf Rot/LeafRot996.jpg,leafrot,2_foliar_disease,,,,3,,,,,
LeafRot997,coconut-tree-disease,Dataset/Coconut Tree Disease Dataset/Leaf Rot/LeafRot997.jpg,leafrot,2_foliar_disease,,,,4,,,,,
LeafRot998,coconut-tree-disease,Dataset/Coconut Tree Disease Dataset/Leaf Rot/LeafRot998.jpg,leafrot,2_foliar_disease,,,,0,,,,,
LeafRot999,coconut-tree-disease,Dataset/Coconut Tree Disease Dataset/Leaf Rot/LeafRot999.jpg,leafrot,2_foliar_disease,,,,1,,,,,
StemBleeding001,coconut-tree-disease,Dataset/Coconut Tree Disease Dataset/Stem Bleeding/StemBleeding001.jpg,stembleed,3_trunk_disease,,,,4,,,,,
StemBleeding002,coconut-tree-disease,Dataset/Coconut Tree Disease Dataset/Stem Bleeding/StemBleeding002.jpg,stembleed,3_trunk_disease,,,,1,,,,,
StemBleeding003,coconut-tree-disease,Dataset/Coconut Tree Disease Dataset/Stem Bleeding/StemBleeding003.jpg,stembleed,3_trunk_disease,,,,1,,,,,
StemBleeding004,coconut-tree-disease,Dataset/Coconut Tree Disease Dataset/Stem Bleeding/StemBleeding004.jpg,stembleed,3_trunk_disease,,,,0,,,,,
StemBleeding005,coconut-tree-disease,Dataset/Coconut Tree Disease Dataset/Stem Bleeding/StemBleeding005.jpg,stembleed,3_trunk_disease,,,,3,,,,,
StemBleeding006,coconut-tree-disease,Dataset/Coconut Tree Disease Dataset/Stem Bleeding/StemBleeding006.jpg,stembleed,3_trunk_disease,,,,0,,,,,
StemBleeding007,coconut-tree-disease,Dataset/Coconut Tree Disease Dataset/Stem Bleeding/StemBleeding007.jpg,stembleed,3_trunk_disease,,,,1,,,,,
StemBleeding008,coconut-tree-disease,Dataset/Coconut Tree Disease Dataset/Stem Bleeding/StemBleeding008.jpg,stembleed,3_trunk_disease,,,,0,,,,,
StemBleeding009,coconut-tree-disease,Dataset/Coconut Tree Disease Dataset/Stem Bleeding/StemBleeding009.jpg,stembleed,3_trunk_disease,,,,2,,,,,
StemBleeding010,coconut-tree-disease,Dataset/Coconut Tree Disease Dataset/Stem Bleeding/StemBleeding010.jpg,stembleed,3_trunk_disease,,,,3,,,,,
StemBleeding011,coconut-tree-disease,Dataset/Coconut Tree Disease Dataset/Stem Bleeding/StemBleeding011.jpg,stembleed,3_trunk_disease,,,,0,,,,,
StemBleeding012,coconut-tree-disease,Dataset/Coconut Tree Disease Dataset/Stem Bleeding/StemBleeding012.jpg,stembleed,3_trunk_disease,,,,4,,,,,
StemBleeding013,coconut-tree-disease,Dataset/Coconut Tree Disease Dataset/Stem Bleeding/StemBleeding013.jpg,stembleed,3_trunk_disease,,,,0,,,,,
StemBleeding014,coconut-tree-disease,Dataset/Coconut Tree Disease Dataset/Stem Bleeding/StemBleeding014.jpg,stembleed,3_trunk_disease,,,,1,,,,,
StemBleeding015,coconut-tree-disease,Dataset/Coconut Tree Disease Dataset/Stem Bleeding/StemBleeding015.jpg,stembleed,3_trunk_disease,,,,2,,,,,
StemBleeding016,coconut-tree-disease,Dataset/Coconut Tree Disease Dataset/Stem Bleeding/StemBleeding016.jpg,stembleed,3_trunk_disease,,,,4,,,,,
StemBleeding017,coconut-tree-disease,Dataset/Coconut Tree Disease Dataset/Stem Bleeding/StemBleeding017.jpg,stembleed,3_trunk_disease,,,,4,,,,,
StemBleeding018,coconut-tree-disease,Dataset/Coconut Tree Disease Dataset/Stem Bleeding/StemBleeding018.jpg,stembleed,3_trunk_disease,,,,4,,,,,
StemBleeding019,coconut-tree-disease,Dataset/Coconut Tree Disease Dataset/Stem Bleeding/StemBleeding019.jpg,stembleed,3_trunk_disease,,,,4,,,,,
StemBleeding020,coconut-tree-disease,Dataset/Coconut Tree Disease Dataset/Stem Bleeding/StemBleeding020.jpg,stembleed,3_trunk_disease,,,,1,,,,,
StemBleeding021,coconut-tree-disease,Dataset/Coconut Tree Disease Dataset/Stem Bleeding/StemBleeding021.jpg,stembleed,3_trunk_disease,,,,4,,,,,
StemBleeding022,coconut-tree-disease,Dataset/Coconut Tree Disease Dataset/Stem Bleeding/StemBleeding022.jpg,stembleed,3_trunk_disease,,,,3,,,,,
StemBleeding023,coconut-tree-disease,Dataset/Coconut Tree Disease Dataset/Stem Bleeding/StemBleeding023.jpg,stembleed,3_trunk_disease,,,,0,,,,,
StemBleeding024,coconut-tree-disease,Dataset/Coconut Tree Disease Dataset/Stem Bleeding/StemBleeding024.jpg,stembleed,3_trunk_disease,,,,0,,,,,
StemBleeding025,coconut-tree-disease,Dataset/Coconut Tree Disease Dataset/Stem Bleeding/StemBleeding025.jpg,stembleed,3_trunk_disease,,,,0,,,,,
StemBleeding026,coconut-tree-disease,Dataset/Coconut Tree Disease Dataset/Stem Bleeding/StemBleeding026.jpg,stembleed,3_trunk_disease,,,,2,,,,,
StemBleeding027,coconut-tree-disease,Dataset/Coconut Tree Disease Dataset/Stem Bleeding/StemBleeding027.jpg,stembleed,3_trunk_disease,,,,2,,,,,
StemBleeding028,coconut-tree-disease,Dataset/Coconut Tree Disease Dataset/Stem Bleeding/StemBleeding028.jpg,stembleed,3_trunk_disease,,,,1,,,,,
StemBleeding029,coconut-tree-disease,Dataset/Coconut Tree Disease Dataset/Stem Bleeding/StemBleeding029.jpg,stembleed,3_trunk_disease,,,,4,,,,,
StemBleeding030,coconut-tree-disease,Dataset/Coconut Tree Disease Dataset/Stem Bleeding/StemBleeding030.jpg,stembleed,3_trunk_disease,,,,3,,,,,
StemBleeding031,coconut-tree-disease,Dataset/Coconut Tree Disease Dataset/Stem Bleeding/StemBleeding031.jpg,stembleed,3_trunk_disease,,,,3,,,,,
StemBleeding032,coconut-tree-disease,Dataset/Coconut Tree Disease Dataset/Stem Bleeding/StemBleeding032.jpg,stembleed,3_trunk_disease,,,,3,,,,,
StemBleeding033,coconut-tree-disease,Dataset/Coconut Tree Disease Dataset/Stem Bleeding/StemBleeding033.jpg,stembleed,3_trunk_disease,,,,2,,,,,
StemBleeding034,coconut-tree-disease,Dataset/Coconut Tree Disease Dataset/Stem Bleeding/StemBleeding034.jpg,stembleed,3_trunk_disease,,,,3,,,,,
StemBleeding035,coconut-tree-disease,Dataset/Coconut Tree Disease Dataset/Stem Bleeding/StemBleeding035.jpg,stembleed,3_trunk_disease,,,,2,,,,,
StemBleeding036,coconut-tree-disease,Dataset/Coconut Tree Disease Dataset/Stem Bleeding/StemBleeding036.jpg,stembleed,3_trunk_disease,,,,3,,,,,
StemBleeding037,coconut-tree-disease,Dataset/Coconut Tree Disease Dataset/Stem Bleeding/StemBleeding037.jpg,stembleed,3_trunk_disease,,,,3,,,,,
StemBleeding038,coconut-tree-disease,Dataset/Coconut Tree Disease Dataset/Stem Bleeding/StemBleeding038.jpg,stembleed,3_trunk_disease,,,,0,,,,,
StemBleeding039,coconut-tree-disease,Dataset/Coconut Tree Disease Dataset/Stem Bleeding/StemBleeding039.jpg,stembleed,3_trunk_disease,,,,3,,,,,
StemBleeding040,coconut-tree-disease,Dataset/Coconut Tree Disease Dataset/Stem Bleeding/StemBleeding040.jpg,stembleed,3_trunk_disease,,,,3,,,,,
StemBleeding041,coconut-tree-disease,Dataset/Coconut Tree Disease Dataset/Stem Bleeding/StemBleeding041.jpg,stembleed,3_trunk_disease,,,,1,,,,,
StemBleeding042,coconut-tree-disease,Dataset/Coconut Tree Disease Dataset/Stem Bleeding/StemBleeding042.jpg,stembleed,3_trunk_disease,,,,0,,,,,
StemBleeding043,coconut-tree-disease,Dataset/Coconut Tree Disease Dataset/Stem Bleeding/StemBleeding043.jpg,stembleed,3_trunk_disease,,,,1,,,,,
StemBleeding044,coconut-tree-disease,Dataset/Coconut Tree Disease Dataset/Stem Bleeding/StemBleeding044.jpg,stembleed,3_trunk_disease,,,,3,,,,,
StemBleeding045,coconut-tree-disease,Dataset/Coconut Tree Disease Dataset/Stem Bleeding/StemBleeding045.jpg,stembleed,3_trunk_disease,,,,0,,,,,
StemBleeding046,coconut-tree-disease,Dataset/Coconut Tree Disease Dataset/Stem Bleeding/StemBleeding046.jpg,stembleed,3_trunk_disease,,,,1,,,,,
StemBleeding047,coconut-tree-disease,Dataset/Coconut Tree Disease Dataset/Stem Bleeding/StemBleeding047.jpg,stembleed,3_trunk_disease,,,,0,,,,,
StemBleeding048,coconut-tree-disease,Dataset/Coconut Tree Disease Dataset/Stem Bleeding/StemBleeding048.jpg,stembleed,3_trunk_disease,,,,1,,,,,
StemBleeding049,coconut-tree-disease,Dataset/Coconut Tree Disease Dataset/Stem Bleeding/StemBleeding049.jpg,stembleed,3_trunk_disease,,,,0,,,,,
StemBleeding050,coconut-tree-disease,Dataset/Coconut Tree Disease Dataset/Stem Bleeding/StemBleeding050.jpg,stembleed,3_trunk_disease,,,,1,,,,,
StemBleeding051,coconut-tree-disease,Dataset/Coconut Tree Disease Dataset/Stem Bleeding/StemBleeding051.jpg,stembleed,3_trunk_disease,,,,2,,,,,
StemBleeding052,coconut-tree-disease,Dataset/Coconut Tree Disease Dataset/Stem Bleeding/StemBleeding052.jpg,stembleed,3_trunk_disease,,,,0,,,,,
StemBleeding053,coconut-tree-disease,Dataset/Coconut Tree Disease Dataset/Stem Bleeding/StemBleeding053.jpg,stembleed,3_trunk_disease,,,,4,,,,,
StemBleeding054,coconut-tree-disease,Dataset/Coconut Tree Disease Dataset/Stem Bleeding/StemBleeding054.jpg,stembleed,3_trunk_disease,,,,1,,,,,
StemBleeding055,coconut-tree-disease,Dataset/Coconut Tree Disease Dataset/Stem Bleeding/StemBleeding055.jpg,stembleed,3_trunk_disease,,,,2,,,,,
StemBleeding056,coconut-tree-disease,Dataset/Coconut Tree Disease Dataset/Stem Bleeding/StemBleeding056.jpg,stembleed,3_trunk_disease,,,,0,,,,,
StemBleeding057,coconut-tree-disease,Dataset/Coconut Tree Disease Dataset/Stem Bleeding/StemBleeding057.jpg,stembleed,3_trunk_disease,,,,2,,,,,
StemBleeding058,coconut-tree-disease,Dataset/Coconut Tree Disease Dataset/Stem Bleeding/StemBleeding058.jpg,stembleed,3_trunk_disease,,,,4,,,,,
StemBleeding059,coconut-tree-disease,Dataset/Coconut Tree Disease Dataset/Stem Bleeding/StemBleeding059.jpg,stembleed,3_trunk_disease,,,,3,,,,,
StemBleeding060,coconut-tree-disease,Dataset/Coconut Tree Disease Dataset/Stem Bleeding/StemBleeding060.jpg,stembleed,3_trunk_disease,,,,3,,,,,
StemBleeding061,coconut-tree-disease,Dataset/Coconut Tree Disease Dataset/Stem Bleeding/StemBleeding061.jpg,stembleed,3_trunk_disease,,,,4,,,,,
StemBleeding062,coconut-tree-disease,Dataset/Coconut Tree Disease Dataset/Stem Bleeding/StemBleeding062.jpg,stembleed,3_trunk_disease,,,,1,,,,,
StemBleeding063,coconut-tree-disease,Dataset/Coconut Tree Disease Dataset/Stem Bleeding/StemBleeding063.jpg,stembleed,3_trunk_disease,,,,4,,,,,
StemBleeding064,coconut-tree-disease,Dataset/Coconut Tree Disease Dataset/Stem Bleeding/StemBleeding064.jpg,stembleed,3_trunk_disease,,,,3,,,,,
StemBleeding065,coconut-tree-disease,Dataset/Coconut Tree Disease Dataset/Stem Bleeding/StemBleeding065.jpg,stembleed,3_trunk_disease,,,,4,,,,,
StemBleeding066,coconut-tree-disease,Dataset/Coconut Tree Disease Dataset/Stem Bleeding/StemBleeding066.jpg,stembleed,3_trunk_disease,,,,3,,,,,
StemBleeding067,coconut-tree-disease,Dataset/Coconut Tree Disease Dataset/Stem Bleeding/StemBleeding067.jpg,stembleed,3_trunk_disease,,,,4,,,,,
StemBleeding068,coconut-tree-disease,Dataset/Coconut Tree Disease Dataset/Stem Bleeding/StemBleeding068.jpg,stembleed,3_trunk_disease,,,,0,,,,,
StemBleeding069,coconut-tree-disease,Dataset/Coconut Tree Disease Dataset/Stem Bleeding/StemBleeding069.jpg,stembleed,3_trunk_disease,,,,0,,,,,
StemBleeding070,coconut-tree-disease,Dataset/Coconut Tree Disease Dataset/Stem Bleeding/StemBleeding070.jpg,stembleed,3_trunk_disease,,,,3,,,,,
StemBleeding071,coconut-tree-disease,Dataset/Coconut Tree Disease Dataset/Stem Bleeding/StemBleeding071.jpg,stembleed,3_trunk_disease,,,,0,,,,,
StemBleeding072,coconut-tree-disease,Dataset/Coconut Tree Disease Dataset/Stem Bleeding/StemBleeding072.jpg,stembleed,3_trunk_disease,,,,4,,,,,
StemBleeding073,coconut-tree-disease,Dataset/Coconut Tree Disease Dataset/Stem Bleeding/StemBleeding073.jpg,stembleed,3_trunk_disease,,,,0,,,,,
StemBleeding074,coconut-tree-disease,Dataset/Coconut Tree Disease Dataset/Stem Bleeding/StemBleeding074.jpg,stembleed,3_trunk_disease,,,,1,,,,,
StemBleeding075,coconut-tree-disease,Dataset/Coconut Tree Disease Dataset/Stem Bleeding/StemBleeding075.jpg,stembleed,3_trunk_disease,,,,0,,,,,
StemBleeding076,coconut-tree-disease,Dataset/Coconut Tree Disease Dataset/Stem Bleeding/StemBleeding076.jpg,stembleed,3_trunk_disease,,,,4,,,,,
StemBleeding077,coconut-tree-disease,Dataset/Coconut Tree Disease Dataset/Stem Bleeding/StemBleeding077.jpg,stembleed,3_trunk_disease,,,,0,,,,,
StemBleeding078,coconut-tree-disease,Dataset/Coconut Tree Disease Dataset/Stem Bleeding/StemBleeding078.jpg,stembleed,3_trunk_disease,,,,4,,,,,
StemBleeding079,coconut-tree-disease,Dataset/Coconut Tree Disease Dataset/Stem Bleeding/StemBleeding079.jpg,stembleed,3_trunk_disease,,,,4,,,,,
StemBleeding080,coconut-tree-disease,Dataset/Coconut Tree Disease Dataset/Stem Bleeding/StemBleeding080.jpg,stembleed,3_trunk_disease,,,,1,,,,,
StemBleeding081,coconut-tree-disease,Dataset/Coconut Tree Disease Dataset/Stem Bleeding/StemBleeding081.jpg,stembleed,3_trunk_disease,,,,0,,,,,
StemBleeding082,coconut-tree-disease,Dataset/Coconut Tree Disease Dataset/Stem Bleeding/StemBleeding082.jpg,stembleed,3_trunk_disease,,,,0,,,,,
StemBleeding083,coconut-tree-disease,Dataset/Coconut Tree Disease Dataset/Stem Bleeding/StemBleeding083.jpg,stembleed,3_trunk_disease,,,,1,,,,,
StemBleeding084,coconut-tree-disease,Dataset/Coconut Tree Disease Dataset/Stem Bleeding/StemBleeding084.jpg,stembleed,3_trunk_disease,,,,2,,,,,
StemBleeding085,coconut-tree-disease,Dataset/Coconut Tree Disease Dataset/Stem Bleeding/StemBleeding085.jpg,stembleed,3_trunk_disease,,,,0,,,,,
StemBleeding086,coconut-tree-disease,Dataset/Coconut Tree Disease Dataset/Stem Bleeding/StemBleeding086.jpg,stembleed,3_trunk_disease,,,,0,,,,,
StemBleeding087,coconut-tree-disease,Dataset/Coconut Tree Disease Dataset/Stem Bleeding/StemBleeding087.jpg,stembleed,3_trunk_disease,,,,2,,,,,
StemBleeding088,coconut-tree-disease,Dataset/Coconut Tree Disease Dataset/Stem Bleeding/StemBleeding088.jpg,stembleed,3_trunk_disease,,,,2,,,,,
StemBleeding089,coconut-tree-disease,Dataset/Coconut Tree Disease Dataset/Stem Bleeding/StemBleeding089.jpg,stembleed,3_trunk_disease,,,,3,,,,,
StemBleeding090,coconut-tree-disease,Dataset/Coconut Tree Disease Dataset/Stem Bleeding/StemBleeding090.jpg,stembleed,3_trunk_disease,,,,4,,,,,
StemBleeding091,coconut-tree-disease,Dataset/Coconut Tree Disease Dataset/Stem Bleeding/StemBleeding091.jpg,stembleed,3_trunk_disease,,,,2,,,,,
StemBleeding092,coconut-tree-disease,Dataset/Coconut Tree Disease Dataset/Stem Bleeding/StemBleeding092.jpg,stembleed,3_trunk_disease,,,,3,,,,,
StemBleeding093,coconut-tree-disease,Dataset/Coconut Tree Disease Dataset/Stem Bleeding/StemBleeding093.jpg,stembleed,3_trunk_disease,,,,0,,,,,
StemBleeding094,coconut-tree-disease,Dataset/Coconut Tree Disease Dataset/Stem Bleeding/StemBleeding094.jpg,stembleed,3_trunk_disease,,,,1,,,,,
StemBleeding095,coconut-tree-disease,Dataset/Coconut Tree Disease Dataset/Stem Bleeding/StemBleeding095.jpg,stembleed,3_trunk_disease,,,,4,,,,,
StemBleeding096,coconut-tree-disease,Dataset/Coconut Tree Disease Dataset/Stem Bleeding/StemBleeding096.jpg,stembleed,3_trunk_disease,,,,1,,,,,
StemBleeding097,coconut-tree-disease,Dataset/Coconut Tree Disease Dataset/Stem Bleeding/StemBleeding097.jpg,stembleed,3_trunk_disease,,,,4,,,,,
StemBleeding098,coconut-tree-disease,Dataset/Coconut Tree Disease Dataset/Stem Bleeding/StemBleeding098.jpg,stembleed,3_trunk_disease,,,,4,,,,,
StemBleeding099,coconut-tree-disease,Dataset/Coconut Tree Disease Dataset/Stem Bleeding/StemBleeding099.jpg,stembleed,3_trunk_disease,,,,4,,,,,
StemBleeding100,coconut-tree-disease,Dataset/Coconut Tree Disease Dataset/Stem Bleeding/StemBleeding100.jpg,stembleed,3_trunk_disease,,,,4,,,,,
StemBleeding1000,coconut-tree-disease,Dataset/Coconut Tree Disease Dataset/Stem Bleeding/StemBleeding1000.jpg,stembleed,3_trunk_disease,,,,4,,,,,
StemBleeding1001,coconut-tree-disease,Dataset/Coconut Tree Disease Dataset/Stem Bleeding/StemBleeding1001.jpg,stembleed,3_trunk_disease,,,,3,,,,,
StemBleeding1002,coconut-tree-disease,Dataset/Coconut Tree Disease Dataset/Stem Bleeding/StemBleeding1002.jpg,stembleed,3_trunk_disease,,,,1,,,,,
StemBleeding1003,coconut-tree-disease,Dataset/Coconut Tree Disease Dataset/Stem Bleeding/StemBleeding1003.jpg,stembleed,3_trunk_disease,,,,0,,,,,
StemBleeding1004,coconut-tree-disease,Dataset/Coconut Tree Disease Dataset/Stem Bleeding/StemBleeding1004.jpg,stembleed,3_trunk_disease,,,,4,,,,,
StemBleeding1005,coconut-tree-disease,Dataset/Coconut Tree Disease Dataset/Stem Bleeding/StemBleeding1005.jpg,stembleed,3_trunk_disease,,,,2,,,,,
StemBleeding1006,coconut-tree-disease,Dataset/Coconut Tree Disease Dataset/Stem Bleeding/StemBleeding1006.jpg,stembleed,3_trunk_disease,,,,1,,,,,
StemBleeding101,coconut-tree-disease,Dataset/Coconut Tree Disease Dataset/Stem Bleeding/StemBleeding101.jpg,stembleed,3_trunk_disease,,,,3,,,,,
StemBleeding102,coconut-tree-disease,Dataset/Coconut Tree Disease Dataset/Stem Bleeding/StemBleeding102.jpg,stembleed,3_trunk_disease,,,,4,,,,,
StemBleeding103,coconut-tree-disease,Dataset/Coconut Tree Disease Dataset/Stem Bleeding/StemBleeding103.jpg,stembleed,3_trunk_disease,,,,4,,,,,
StemBleeding104,coconut-tree-disease,Dataset/Coconut Tree Disease Dataset/Stem Bleeding/StemBleeding104.jpg,stembleed,3_trunk_disease,,,,0,,,,,
StemBleeding105,coconut-tree-disease,Dataset/Coconut Tree Disease Dataset/Stem Bleeding/StemBleeding105.jpg,stembleed,3_trunk_disease,,,,1,,,,,
StemBleeding106,coconut-tree-disease,Dataset/Coconut Tree Disease Dataset/Stem Bleeding/StemBleeding106.jpg,stembleed,3_trunk_disease,,,,1,,,,,
StemBleeding107,coconut-tree-disease,Dataset/Coconut Tree Disease Dataset/Stem Bleeding/StemBleeding107.jpg,stembleed,3_trunk_disease,,,,1,,,,,
StemBleeding108,coconut-tree-disease,Dataset/Coconut Tree Disease Dataset/Stem Bleeding/StemBleeding108.jpg,stembleed,3_trunk_disease,,,,0,,,,,
StemBleeding109,coconut-tree-disease,Dataset/Coconut Tree Disease Dataset/Stem Bleeding/StemBleeding109.jpg,stembleed,3_trunk_disease,,,,2,,,,,
StemBleeding110,coconut-tree-disease,Dataset/Coconut Tree Disease Dataset/Stem Bleeding/StemBleeding110.jpg,stembleed,3_trunk_disease,,,,4,,,,,
StemBleeding111,coconut-tree-disease,Dataset/Coconut Tree Disease Dataset/Stem Bleeding/StemBleeding111.jpg,stembleed,3_trunk_disease,,,,4,,,,,
StemBleeding112,coconut-tree-disease,Dataset/Coconut Tree Disease Dataset/Stem Bleeding/StemBleeding112.jpg,stembleed,3_trunk_disease,,,,0,,,,,
StemBleeding113,coconut-tree-disease,Dataset/Coconut Tree Disease Dataset/Stem Bleeding/StemBleeding113.jpg,stembleed,3_trunk_disease,,,,1,,,,,
StemBleeding114,coconut-tree-disease,Dataset/Coconut Tree Disease Dataset/Stem Bleeding/StemBleeding114.jpg,stembleed,3_trunk_disease,,,,2,,,,,
StemBleeding115,coconut-tree-disease,Dataset/Coconut Tree Disease Dataset/Stem Bleeding/StemBleeding115.jpg,stembleed,3_trunk_disease,,,,0,,,,,
StemBleeding116,coconut-tree-disease,Dataset/Coconut Tree Disease Dataset/Stem Bleeding/StemBleeding116.jpg,stembleed,3_trunk_disease,,,,0,,,,,
StemBleeding117,coconut-tree-disease,Dataset/Coconut Tree Disease Dataset/Stem Bleeding/StemBleeding117.jpg,stembleed,3_trunk_disease,,,,3,,,,,
StemBleeding118,coconut-tree-disease,Dataset/Coconut Tree Disease Dataset/Stem Bleeding/StemBleeding118.jpg,stembleed,3_trunk_disease,,,,2,,,,,
StemBleeding119,coconut-tree-disease,Dataset/Coconut Tree Disease Dataset/Stem Bleeding/StemBleeding119.jpg,stembleed,3_trunk_disease,,,,2,,,,,
StemBleeding120,coconut-tree-disease,Dataset/Coconut Tree Disease Dataset/Stem Bleeding/StemBleeding120.jpg,stembleed,3_trunk_disease,,,,1,,,,,
StemBleeding121,coconut-tree-disease,Dataset/Coconut Tree Disease Dataset/Stem Bleeding/StemBleeding121.jpg,stembleed,3_trunk_disease,,,,0,,,,,
StemBleeding122,coconut-tree-disease,Dataset/Coconut Tree Disease Dataset/Stem Bleeding/StemBleeding122.jpg,stembleed,3_trunk_disease,,,,0,,,,,
StemBleeding123,coconut-tree-disease,Dataset/Coconut Tree Disease Dataset/Stem Bleeding/StemBleeding123.jpg,stembleed,3_trunk_disease,,,,0,,,,,
StemBleeding124,coconut-tree-disease,Dataset/Coconut Tree Disease Dataset/Stem Bleeding/StemBleeding124.jpg,stembleed,3_trunk_disease,,,,2,,,,,
StemBleeding125,coconut-tree-disease,Dataset/Coconut Tree Disease Dataset/Stem Bleeding/StemBleeding125.jpg,stembleed,3_trunk_disease,,,,3,,,,,
StemBleeding126,coconut-tree-disease,Dataset/Coconut Tree Disease Dataset/Stem Bleeding/StemBleeding126.jpg,stembleed,3_trunk_disease,,,,3,,,,,
StemBleeding127,coconut-tree-disease,Dataset/Coconut Tree Disease Dataset/Stem Bleeding/StemBleeding127.jpg,stembleed,3_trunk_disease,,,,4,,,,,
StemBleeding128,coconut-tree-disease,Dataset/Coconut Tree Disease Dataset/Stem Bleeding/StemBleeding128.jpg,stembleed,3_trunk_disease,,,,2,,,,,
StemBleeding129,coconut-tree-disease,Dataset/Coconut Tree Disease Dataset/Stem Bleeding/StemBleeding129.jpg,stembleed,3_trunk_disease,,,,0,,,,,
StemBleeding130,coconut-tree-disease,Dataset/Coconut Tree Disease Dataset/Stem Bleeding/StemBleeding130.jpg,stembleed,3_trunk_disease,,,,2,,,,,
StemBleeding131,coconut-tree-disease,Dataset/Coconut Tree Disease Dataset/Stem Bleeding/StemBleeding131.jpg,stembleed,3_trunk_disease,,,,2,,,,,
StemBleeding132,coconut-tree-disease,Dataset/Coconut Tree Disease Dataset/Stem Bleeding/StemBleeding132.jpg,stembleed,3_trunk_disease,,,,0,,,,,
StemBleeding133,coconut-tree-disease,Dataset/Coconut Tree Disease Dataset/Stem Bleeding/StemBleeding133.jpg,stembleed,3_trunk_disease,,,,4,,,,,
StemBleeding134,coconut-tree-disease,Dataset/Coconut Tree Disease Dataset/Stem Bleeding/StemBleeding134.jpg,stembleed,3_trunk_disease,,,,2,,,,,
StemBleeding135,coconut-tree-disease,Dataset/Coconut Tree Disease Dataset/Stem Bleeding/StemBleeding135.jpg,stembleed,3_trunk_disease,,,,3,,,,,
StemBleeding136,coconut-tree-disease,Dataset/Coconut Tree Disease Dataset/Stem Bleeding/StemBleeding136.jpg,stembleed,3_trunk_disease,,,,0,,,,,
StemBleeding137,coconut-tree-disease,Dataset/Coconut Tree Disease Dataset/Stem Bleeding/StemBleeding137.jpg,stembleed,3_trunk_disease,,,,1,,,,,
StemBleeding138,coconut-tree-disease,Dataset/Coconut Tree Disease Dataset/Stem Bleeding/StemBleeding138.jpg,stembleed,3_trunk_disease,,,,2,,,,,
StemBleeding139,coconut-tree-disease,Dataset/Coconut Tree Disease Dataset/Stem Bleeding/StemBleeding139.jpg,stembleed,3_trunk_disease,,,,2,,,,,
StemBleeding140,coconut-tree-disease,Dataset/Coconut Tree Disease Dataset/Stem Bleeding/StemBleeding140.jpg,stembleed,3_trunk_disease,,,,3,,,,,
StemBleeding141,coconut-tree-disease,Dataset/Coconut Tree Disease Dataset/Stem Bleeding/StemBleeding141.jpg,stembleed,3_trunk_disease,,,,4,,,,,
StemBleeding142,coconut-tree-disease,Dataset/Coconut Tree Disease Dataset/Stem Bleeding/StemBleeding142.jpg,stembleed,3_trunk_disease,,,,3,,,,,
StemBleeding143,coconut-tree-disease,Dataset/Coconut Tree Disease Dataset/Stem Bleeding/StemBleeding143.jpg,stembleed,3_trunk_disease,,,,1,,,,,
StemBleeding144,coconut-tree-disease,Dataset/Coconut Tree Disease Dataset/Stem Bleeding/StemBleeding144.jpg,stembleed,3_trunk_disease,,,,0,,,,,
StemBleeding145,coconut-tree-disease,Dataset/Coconut Tree Disease Dataset/Stem Bleeding/StemBleeding145.jpg,stembleed,3_trunk_disease,,,,0,,,,,
StemBleeding146,coconut-tree-disease,Dataset/Coconut Tree Disease Dataset/Stem Bleeding/StemBleeding146.jpg,stembleed,3_trunk_disease,,,,0,,,,,
StemBleeding147,coconut-tree-disease,Dataset/Coconut Tree Disease Dataset/Stem Bleeding/StemBleeding147.jpg,stembleed,3_trunk_disease,,,,3,,,,,
StemBleeding148,coconut-tree-disease,Dataset/Coconut Tree Disease Dataset/Stem Bleeding/StemBleeding148.jpg,stembleed,3_trunk_disease,,,,2,,,,,
StemBleeding149,coconut-tree-disease,Dataset/Coconut Tree Disease Dataset/Stem Bleeding/StemBleeding149.jpg,stembleed,3_trunk_disease,,,,4,,,,,
StemBleeding150,coconut-tree-disease,Dataset/Coconut Tree Disease Dataset/Stem Bleeding/StemBleeding150.jpg,stembleed,3_trunk_disease,,,,3,,,,,
StemBleeding151,coconut-tree-disease,Dataset/Coconut Tree Disease Dataset/Stem Bleeding/StemBleeding151.jpg,stembleed,3_trunk_disease,,,,3,,,,,
StemBleeding152,coconut-tree-disease,Dataset/Coconut Tree Disease Dataset/Stem Bleeding/StemBleeding152.jpg,stembleed,3_trunk_disease,,,,0,,,,,
StemBleeding153,coconut-tree-disease,Dataset/Coconut Tree Disease Dataset/Stem Bleeding/StemBleeding153.jpg,stembleed,3_trunk_disease,,,,4,,,,,
StemBleeding154,coconut-tree-disease,Dataset/Coconut Tree Disease Dataset/Stem Bleeding/StemBleeding154.jpg,stembleed,3_trunk_disease,,,,4,,,,,
StemBleeding155,coconut-tree-disease,Dataset/Coconut Tree Disease Dataset/Stem Bleeding/StemBleeding155.jpg,stembleed,3_trunk_disease,,,,1,,,,,
StemBleeding156,coconut-tree-disease,Dataset/Coconut Tree Disease Dataset/Stem Bleeding/StemBleeding156.jpg,stembleed,3_trunk_disease,,,,2,,,,,
StemBleeding157,coconut-tree-disease,Dataset/Coconut Tree Disease Dataset/Stem Bleeding/StemBleeding157.jpg,stembleed,3_trunk_disease,,,,2,,,,,
StemBleeding158,coconut-tree-disease,Dataset/Coconut Tree Disease Dataset/Stem Bleeding/StemBleeding158.jpg,stembleed,3_trunk_disease,,,,3,,,,,
StemBleeding159,coconut-tree-disease,Dataset/Coconut Tree Disease Dataset/Stem Bleeding/StemBleeding159.jpg,stembleed,3_trunk_disease,,,,2,,,,,
StemBleeding160,coconut-tree-disease,Dataset/Coconut Tree Disease Dataset/Stem Bleeding/StemBleeding160.jpg,stembleed,3_trunk_disease,,,,1,,,,,
StemBleeding161,coconut-tree-disease,Dataset/Coconut Tree Disease Dataset/Stem Bleeding/StemBleeding161.jpg,stembleed,3_trunk_disease,,,,1,,,,,
StemBleeding162,coconut-tree-disease,Dataset/Coconut Tree Disease Dataset/Stem Bleeding/StemBleeding162.jpg,stembleed,3_trunk_disease,,,,1,,,,,
StemBleeding163,coconut-tree-disease,Dataset/Coconut Tree Disease Dataset/Stem Bleeding/StemBleeding163.jpg,stembleed,3_trunk_disease,,,,1,,,,,
StemBleeding164,coconut-tree-disease,Dataset/Coconut Tree Disease Dataset/Stem Bleeding/StemBleeding164.jpg,stembleed,3_trunk_disease,,,,1,,,,,
StemBleeding165,coconut-tree-disease,Dataset/Coconut Tree Disease Dataset/Stem Bleeding/StemBleeding165.jpg,stembleed,3_trunk_disease,,,,1,,,,,
StemBleeding166,coconut-tree-disease,Dataset/Coconut Tree Disease Dataset/Stem Bleeding/StemBleeding166.jpg,stembleed,3_trunk_disease,,,,3,,,,,
StemBleeding167,coconut-tree-disease,Dataset/Coconut Tree Disease Dataset/Stem Bleeding/StemBleeding167.jpg,stembleed,3_trunk_disease,,,,0,,,,,
StemBleeding168,coconut-tree-disease,Dataset/Coconut Tree Disease Dataset/Stem Bleeding/StemBleeding168.jpg,stembleed,3_trunk_disease,,,,4,,,,,
StemBleeding169,coconut-tree-disease,Dataset/Coconut Tree Disease Dataset/Stem Bleeding/StemBleeding169.jpg,stembleed,3_trunk_disease,,,,3,,,,,
StemBleeding170,coconut-tree-disease,Dataset/Coconut Tree Disease Dataset/Stem Bleeding/StemBleeding170.jpg,stembleed,3_trunk_disease,,,,2,,,,,
StemBleeding171,coconut-tree-disease,Dataset/Coconut Tree Disease Dataset/Stem Bleeding/StemBleeding171.jpg,stembleed,3_trunk_disease,,,,0,,,,,
StemBleeding172,coconut-tree-disease,Dataset/Coconut Tree Disease Dataset/Stem Bleeding/StemBleeding172.jpg,stembleed,3_trunk_disease,,,,2,,,,,
StemBleeding173,coconut-tree-disease,Dataset/Coconut Tree Disease Dataset/Stem Bleeding/StemBleeding173.jpg,stembleed,3_trunk_disease,,,,1,,,,,
StemBleeding174,coconut-tree-disease,Dataset/Coconut Tree Disease Dataset/Stem Bleeding/StemBleeding174.jpg,stembleed,3_trunk_disease,,,,3,,,,,
StemBleeding175,coconut-tree-disease,Dataset/Coconut Tree Disease Dataset/Stem Bleeding/StemBleeding175.jpg,stembleed,3_trunk_disease,,,,1,,,,,
StemBleeding176,coconut-tree-disease,Dataset/Coconut Tree Disease Dataset/Stem Bleeding/StemBleeding176.jpg,stembleed,3_trunk_disease,,,,1,,,,,
StemBleeding177,coconut-tree-disease,Dataset/Coconut Tree Disease Dataset/Stem Bleeding/StemBleeding177.jpg,stembleed,3_trunk_disease,,,,3,,,,,
StemBleeding178,coconut-tree-disease,Dataset/Coconut Tree Disease Dataset/Stem Bleeding/StemBleeding178.jpg,stembleed,3_trunk_disease,,,,1,,,,,
StemBleeding179,coconut-tree-disease,Dataset/Coconut Tree Disease Dataset/Stem Bleeding/StemBleeding179.jpg,stembleed,3_trunk_disease,,,,1,,,,,
StemBleeding180,coconut-tree-disease,Dataset/Coconut Tree Disease Dataset/Stem Bleeding/StemBleeding180.jpg,stembleed,3_trunk_disease,,,,0,,,,,
StemBleeding181,coconut-tree-disease,Dataset/Coconut Tree Disease Dataset/Stem Bleeding/StemBleeding181.jpg,stembleed,3_trunk_disease,,,,3,,,,,
StemBleeding182,coconut-tree-disease,Dataset/Coconut Tree Disease Dataset/Stem Bleeding/StemBleeding182.jpg,stembleed,3_trunk_disease,,,,3,,,,,
StemBleeding183,coconut-tree-disease,Dataset/Coconut Tree Disease Dataset/Stem Bleeding/StemBleeding183.jpg,stembleed,3_trunk_disease,,,,3,,,,,
StemBleeding184,coconut-tree-disease,Dataset/Coconut Tree Disease Dataset/Stem Bleeding/StemBleeding184.jpg,stembleed,3_trunk_disease,,,,2,,,,,
StemBleeding185,coconut-tree-disease,Dataset/Coconut Tree Disease Dataset/Stem Bleeding/StemBleeding185.jpg,stembleed,3_trunk_disease,,,,4,,,,,
StemBleeding186,coconut-tree-disease,Dataset/Coconut Tree Disease Dataset/Stem Bleeding/StemBleeding186.jpg,stembleed,3_trunk_disease,,,,0,,,,,
StemBleeding187,coconut-tree-disease,Dataset/Coconut Tree Disease Dataset/Stem Bleeding/StemBleeding187.jpg,stembleed,3_trunk_disease,,,,1,,,,,
StemBleeding188,coconut-tree-disease,Dataset/Coconut Tree Disease Dataset/Stem Bleeding/StemBleeding188.jpg,stembleed,3_trunk_disease,,,,2,,,,,
StemBleeding189,coconut-tree-disease,Dataset/Coconut Tree Disease Dataset/Stem Bleeding/StemBleeding189.jpg,stembleed,3_trunk_disease,,,,0,,,,,
StemBleeding190,coconut-tree-disease,Dataset/Coconut Tree Disease Dataset/Stem Bleeding/StemBleeding190.jpg,stembleed,3_trunk_disease,,,,4,,,,,
StemBleeding191,coconut-tree-disease,Dataset/Coconut Tree Disease Dataset/Stem Bleeding/StemBleeding191.jpg,stembleed,3_trunk_disease,,,,4,,,,,
StemBleeding192,coconut-tree-disease,Dataset/Coconut Tree Disease Dataset/Stem Bleeding/StemBleeding192.jpg,stembleed,3_trunk_disease,,,,3,,,,,
StemBleeding193,coconut-tree-disease,Dataset/Coconut Tree Disease Dataset/Stem Bleeding/StemBleeding193.jpg,stembleed,3_trunk_disease,,,,4,,,,,
StemBleeding194,coconut-tree-disease,Dataset/Coconut Tree Disease Dataset/Stem Bleeding/StemBleeding194.jpg,stembleed,3_trunk_disease,,,,3,,,,,
StemBleeding195,coconut-tree-disease,Dataset/Coconut Tree Disease Dataset/Stem Bleeding/StemBleeding195.jpg,stembleed,3_trunk_disease,,,,4,,,,,
StemBleeding196,coconut-tree-disease,Dataset/Coconut Tree Disease Dataset/Stem Bleeding/StemBleeding196.jpg,stembleed,3_trunk_disease,,,,2,,,,,
StemBleeding197,coconut-tree-disease,Dataset/Coconut Tree Disease Dataset/Stem Bleeding/StemBleeding197.jpg,stembleed,3_trunk_disease,,,,1,,,,,
StemBleeding198,coconut-tree-disease,Dataset/Coconut Tree Disease Dataset/Stem Bleeding/StemBleeding198.jpg,stembleed,3_trunk_disease,,,,3,,,,,
StemBleeding199,coconut-tree-disease,Dataset/Coconut Tree Disease Dataset/Stem Bleeding/StemBleeding199.jpg,stembleed,3_trunk_disease,,,,4,,,,,
StemBleeding200,coconut-tree-disease,Dataset/Coconut Tree Disease Dataset/Stem Bleeding/StemBleeding200.jpg,stembleed,3_trunk_disease,,,,4,,,,,
StemBleeding201,coconut-tree-disease,Dataset/Coconut Tree Disease Dataset/Stem Bleeding/StemBleeding201.jpg,stembleed,3_trunk_disease,,,,2,,,,,
StemBleeding202,coconut-tree-disease,Dataset/Coconut Tree Disease Dataset/Stem Bleeding/StemBleeding202.jpg,stembleed,3_trunk_disease,,,,3,,,,,
StemBleeding203,coconut-tree-disease,Dataset/Coconut Tree Disease Dataset/Stem Bleeding/StemBleeding203.jpg,stembleed,3_trunk_disease,,,,0,,,,,
StemBleeding204,coconut-tree-disease,Dataset/Coconut Tree Disease Dataset/Stem Bleeding/StemBleeding204.jpg,stembleed,3_trunk_disease,,,,3,,,,,
StemBleeding205,coconut-tree-disease,Dataset/Coconut Tree Disease Dataset/Stem Bleeding/StemBleeding205.jpg,stembleed,3_trunk_disease,,,,1,,,,,
StemBleeding206,coconut-tree-disease,Dataset/Coconut Tree Disease Dataset/Stem Bleeding/StemBleeding206.jpg,stembleed,3_trunk_disease,,,,2,,,,,
StemBleeding207,coconut-tree-disease,Dataset/Coconut Tree Disease Dataset/Stem Bleeding/StemBleeding207.jpg,stembleed,3_trunk_disease,,,,2,,,,,
StemBleeding208,coconut-tree-disease,Dataset/Coconut Tree Disease Dataset/Stem Bleeding/StemBleeding208.jpg,stembleed,3_trunk_disease,,,,1,,,,,
StemBleeding209,coconut-tree-disease,Dataset/Coconut Tree Disease Dataset/Stem Bleeding/StemBleeding209.jpg,stembleed,3_trunk_disease,,,,1,,,,,
StemBleeding210,coconut-tree-disease,Dataset/Coconut Tree Disease Dataset/Stem Bleeding/StemBleeding210.jpg,stembleed,3_trunk_disease,,,,1,,,,,
StemBleeding211,coconut-tree-disease,Dataset/Coconut Tree Disease Dataset/Stem Bleeding/StemBleeding211.jpg,stembleed,3_trunk_disease,,,,2,,,,,
StemBleeding212,coconut-tree-disease,Dataset/Coconut Tree Disease Dataset/Stem Bleeding/StemBleeding212.jpg,stembleed,3_trunk_disease,,,,2,,,,,
StemBleeding213,coconut-tree-disease,Dataset/Coconut Tree Disease Dataset/Stem Bleeding/StemBleeding213.jpg,stembleed,3_trunk_disease,,,,2,,,,,
StemBleeding214,coconut-tree-disease,Dataset/Coconut Tree Disease Dataset/Stem Bleeding/StemBleeding214.jpg,stembleed,3_trunk_disease,,,,2,,,,,
StemBleeding215,coconut-tree-disease,Dataset/Coconut Tree Disease Dataset/Stem Bleeding/StemBleeding215.jpg,stembleed,3_trunk_disease,,,,1,,,,,
StemBleeding216,coconut-tree-disease,Dataset/Coconut Tree Disease Dataset/Stem Bleeding/StemBleeding216.jpg,stembleed,3_trunk_disease,,,,4,,,,,
StemBleeding217,coconut-tree-disease,Dataset/Coconut Tree Disease Dataset/Stem Bleeding/StemBleeding217.jpg,stembleed,3_trunk_disease,,,,4,,,,,
StemBleeding218,coconut-tree-disease,Dataset/Coconut Tree Disease Dataset/Stem Bleeding/StemBleeding218.jpg,stembleed,3_trunk_disease,,,,3,,,,,
StemBleeding219,coconut-tree-disease,Dataset/Coconut Tree Disease Dataset/Stem Bleeding/StemBleeding219.jpg,stembleed,3_trunk_disease,,,,0,,,,,
StemBleeding220,coconut-tree-disease,Dataset/Coconut Tree Disease Dataset/Stem Bleeding/StemBleeding220.jpg,stembleed,3_trunk_disease,,,,3,,,,,
StemBleeding221,coconut-tree-disease,Dataset/Coconut Tree Disease Dataset/Stem Bleeding/StemBleeding221.jpg,stembleed,3_trunk_disease,,,,3,,,,,
StemBleeding222,coconut-tree-disease,Dataset/Coconut Tree Disease Dataset/Stem Bleeding/StemBleeding222.jpg,stembleed,3_trunk_disease,,,,0,,,,,
StemBleeding223,coconut-tree-disease,Dataset/Coconut Tree Disease Dataset/Stem Bleeding/StemBleeding223.jpg,stembleed,3_trunk_disease,,,,4,,,,,
StemBleeding224,coconut-tree-disease,Dataset/Coconut Tree Disease Dataset/Stem Bleeding/StemBleeding224.jpg,stembleed,3_trunk_disease,,,,0,,,,,
StemBleeding225,coconut-tree-disease,Dataset/Coconut Tree Disease Dataset/Stem Bleeding/StemBleeding225.jpg,stembleed,3_trunk_disease,,,,4,,,,,
StemBleeding226,coconut-tree-disease,Dataset/Coconut Tree Disease Dataset/Stem Bleeding/StemBleeding226.jpg,stembleed,3_trunk_disease,,,,4,,,,,
StemBleeding227,coconut-tree-disease,Dataset/Coconut Tree Disease Dataset/Stem Bleeding/StemBleeding227.jpg,stembleed,3_trunk_disease,,,,2,,,,,
StemBleeding228,coconut-tree-disease,Dataset/Coconut Tree Disease Dataset/Stem Bleeding/StemBleeding228.jpg,stembleed,3_trunk_disease,,,,3,,,,,
StemBleeding229,coconut-tree-disease,Dataset/Coconut Tree Disease Dataset/Stem Bleeding/StemBleeding229.jpg,stembleed,3_trunk_disease,,,,0,,,,,
StemBleeding230,coconut-tree-disease,Dataset/Coconut Tree Disease Dataset/Stem Bleeding/StemBleeding230.jpg,stembleed,3_trunk_disease,,,,4,,,,,
StemBleeding231,coconut-tree-disease,Dataset/Coconut Tree Disease Dataset/Stem Bleeding/StemBleeding231.jpg,stembleed,3_trunk_disease,,,,1,,,,,
StemBleeding232,coconut-tree-disease,Dataset/Coconut Tree Disease Dataset/Stem Bleeding/StemBleeding232.jpg,stembleed,3_trunk_disease,,,,3,,,,,
StemBleeding233,coconut-tree-disease,Dataset/Coconut Tree Disease Dataset/Stem Bleeding/StemBleeding233.jpg,stembleed,3_trunk_disease,,,,0,,,,,
StemBleeding234,coconut-tree-disease,Dataset/Coconut Tree Disease Dataset/Stem Bleeding/StemBleeding234.jpg,stembleed,3_trunk_disease,,,,1,,,,,
StemBleeding235,coconut-tree-disease,Dataset/Coconut Tree Disease Dataset/Stem Bleeding/StemBleeding235.jpg,stembleed,3_trunk_disease,,,,0,,,,,
StemBleeding236,coconut-tree-disease,Dataset/Coconut Tree Disease Dataset/Stem Bleeding/StemBleeding236.jpg,stembleed,3_trunk_disease,,,,4,,,,,
StemBleeding237,coconut-tree-disease,Dataset/Coconut Tree Disease Dataset/Stem Bleeding/StemBleeding237.jpg,stembleed,3_trunk_disease,,,,2,,,,,
StemBleeding238,coconut-tree-disease,Dataset/Coconut Tree Disease Dataset/Stem Bleeding/StemBleeding238.jpg,stembleed,3_trunk_disease,,,,4,,,,,
StemBleeding239,coconut-tree-disease,Dataset/Coconut Tree Disease Dataset/Stem Bleeding/StemBleeding239.jpg,stembleed,3_trunk_disease,,,,1,,,,,
StemBleeding240,coconut-tree-disease,Dataset/Coconut Tree Disease Dataset/Stem Bleeding/StemBleeding240.jpg,stembleed,3_trunk_disease,,,,3,,,,,
StemBleeding241,coconut-tree-disease,Dataset/Coconut Tree Disease Dataset/Stem Bleeding/StemBleeding241.jpg,stembleed,3_trunk_disease,,,,4,,,,,
StemBleeding242,coconut-tree-disease,Dataset/Coconut Tree Disease Dataset/Stem Bleeding/StemBleeding242.jpg,stembleed,3_trunk_disease,,,,4,,,,,
StemBleeding243,coconut-tree-disease,Dataset/Coconut Tree Disease Dataset/Stem Bleeding/StemBleeding243.jpg,stembleed,3_trunk_disease,,,,0,,,,,
StemBleeding244,coconut-tree-disease,Dataset/Coconut Tree Disease Dataset/Stem Bleeding/StemBleeding244.jpg,stembleed,3_trunk_disease,,,,0,,,,,
StemBleeding245,coconut-tree-disease,Dataset/Coconut Tree Disease Dataset/Stem Bleeding/StemBleeding245.jpg,stembleed,3_trunk_disease,,,,1,,,,,
StemBleeding246,coconut-tree-disease,Dataset/Coconut Tree Disease Dataset/Stem Bleeding/StemBleeding246.jpg,stembleed,3_trunk_disease,,,,3,,,,,
StemBleeding247,coconut-tree-disease,Dataset/Coconut Tree Disease Dataset/Stem Bleeding/StemBleeding247.jpg,stembleed,3_trunk_disease,,,,3,,,,,
StemBleeding248,coconut-tree-disease,Dataset/Coconut Tree Disease Dataset/Stem Bleeding/StemBleeding248.jpg,stembleed,3_trunk_disease,,,,0,,,,,
StemBleeding249,coconut-tree-disease,Dataset/Coconut Tree Disease Dataset/Stem Bleeding/StemBleeding249.jpg,stembleed,3_trunk_disease,,,,0,,,,,
StemBleeding250,coconut-tree-disease,Dataset/Coconut Tree Disease Dataset/Stem Bleeding/StemBleeding250.jpg,stembleed,3_trunk_disease,,,,3,,,,,
StemBleeding251,coconut-tree-disease,Dataset/Coconut Tree Disease Dataset/Stem Bleeding/StemBleeding251.jpg,stembleed,3_trunk_disease,,,,4,,,,,
StemBleeding252,coconut-tree-disease,Dataset/Coconut Tree Disease Dataset/Stem Bleeding/StemBleeding252.jpg,stembleed,3_trunk_disease,,,,3,,,,,
StemBleeding253,coconut-tree-disease,Dataset/Coconut Tree Disease Dataset/Stem Bleeding/StemBleeding253.jpg,stembleed,3_trunk_disease,,,,1,,,,,
StemBleeding254,coconut-tree-disease,Dataset/Coconut Tree Disease Dataset/Stem Bleeding/StemBleeding254.jpg,stembleed,3_trunk_disease,,,,2,,,,,
StemBleeding255,coconut-tree-disease,Dataset/Coconut Tree Disease Dataset/Stem Bleeding/StemBleeding255.jpg,stembleed,3_trunk_disease,,,,2,,,,,
StemBleeding256,coconut-tree-disease,Dataset/Coconut Tree Disease Dataset/Stem Bleeding/StemBleeding256.jpg,stembleed,3_trunk_disease,,,,1,,,,,
StemBleeding257,coconut-tree-disease,Dataset/Coconut Tree Disease Dataset/Stem Bleeding/StemBleeding257.jpg,stembleed,3_trunk_disease,,,,2,,,,,
StemBleeding258,coconut-tree-disease,Dataset/Coconut Tree Disease Dataset/Stem Bleeding/StemBleeding258.jpg,stembleed,3_trunk_disease,,,,1,,,,,
StemBleeding259,coconut-tree-disease,Dataset/Coconut Tree Disease Dataset/Stem Bleeding/StemBleeding259.jpg,stembleed,3_trunk_disease,,,,1,,,,,
StemBleeding260,coconut-tree-disease,Dataset/Coconut Tree Disease Dataset/Stem Bleeding/StemBleeding260.jpg,stembleed,3_trunk_disease,,,,1,,,,,
StemBleeding261,coconut-tree-disease,Dataset/Coconut Tree Disease Dataset/Stem Bleeding/StemBleeding261.jpg,stembleed,3_trunk_disease,,,,4,,,,,
StemBleeding262,coconut-tree-disease,Dataset/Coconut Tree Disease Dataset/Stem Bleeding/StemBleeding262.jpg,stembleed,3_trunk_disease,,,,0,,,,,
StemBleeding263,coconut-tree-disease,Dataset/Coconut Tree Disease Dataset/Stem Bleeding/StemBleeding263.jpg,stembleed,3_trunk_disease,,,,4,,,,,
StemBleeding264,coconut-tree-disease,Dataset/Coconut Tree Disease Dataset/Stem Bleeding/StemBleeding264.jpg,stembleed,3_trunk_disease,,,,4,,,,,
StemBleeding265,coconut-tree-disease,Dataset/Coconut Tree Disease Dataset/Stem Bleeding/StemBleeding265.jpg,stembleed,3_trunk_disease,,,,4,,,,,
StemBleeding266,coconut-tree-disease,Dataset/Coconut Tree Disease Dataset/Stem Bleeding/StemBleeding266.jpg,stembleed,3_trunk_disease,,,,1,,,,,
StemBleeding267,coconut-tree-disease,Dataset/Coconut Tree Disease Dataset/Stem Bleeding/StemBleeding267.jpg,stembleed,3_trunk_disease,,,,0,,,,,
StemBleeding268,coconut-tree-disease,Dataset/Coconut Tree Disease Dataset/Stem Bleeding/StemBleeding268.jpg,stembleed,3_trunk_disease,,,,1,,,,,
StemBleeding269,coconut-tree-disease,Dataset/Coconut Tree Disease Dataset/Stem Bleeding/StemBleeding269.jpg,stembleed,3_trunk_disease,,,,0,,,,,
StemBleeding270,coconut-tree-disease,Dataset/Coconut Tree Disease Dataset/Stem Bleeding/StemBleeding270.jpg,stembleed,3_trunk_disease,,,,0,,,,,
StemBleeding271,coconut-tree-disease,Dataset/Coconut Tree Disease Dataset/Stem Bleeding/StemBleeding271.jpg,stembleed,3_trunk_disease,,,,2,,,,,
StemBleeding272,coconut-tree-disease,Dataset/Coconut Tree Disease Dataset/Stem Bleeding/StemBleeding272.jpg,stembleed,3_trunk_disease,,,,1,,,,,
StemBleeding273,coconut-tree-disease,Dataset/Coconut Tree Disease Dataset/Stem Bleeding/StemBleeding273.jpg,stembleed,3_trunk_disease,,,,4,,,,,
StemBleeding274,coconut-tree-disease,Dataset/Coconut Tree Disease Dataset/Stem Bleeding/StemBleeding274.jpg,stembleed,3_trunk_disease,,,,3,,,,,
StemBleeding275,coconut-tree-disease,Dataset/Coconut Tree Disease Dataset/Stem Bleeding/StemBleeding275.jpg,stembleed,3_trunk_disease,,,,1,,,,,
StemBleeding276,coconut-tree-disease,Dataset/Coconut Tree Disease Dataset/Stem Bleeding/StemBleeding276.jpg,stembleed,3_trunk_disease,,,,4,,,,,
StemBleeding277,coconut-tree-disease,Dataset/Coconut Tree Disease Dataset/Stem Bleeding/StemBleeding277.jpg,stembleed,3_trunk_disease,,,,3,,,,,
StemBleeding278,coconut-tree-disease,Dataset/Coconut Tree Disease Dataset/Stem Bleeding/StemBleeding278.jpg,stembleed,3_trunk_disease,,,,1,,,,,
StemBleeding279,coconut-tree-disease,Dataset/Coconut Tree Disease Dataset/Stem Bleeding/StemBleeding279.jpg,stembleed,3_trunk_disease,,,,1,,,,,
StemBleeding280,coconut-tree-disease,Dataset/Coconut Tree Disease Dataset/Stem Bleeding/StemBleeding280.jpg,stembleed,3_trunk_disease,,,,4,,,,,
StemBleeding281,coconut-tree-disease,Dataset/Coconut Tree Disease Dataset/Stem Bleeding/StemBleeding281.jpg,stembleed,3_trunk_disease,,,,2,,,,,
StemBleeding282,coconut-tree-disease,Dataset/Coconut Tree Disease Dataset/Stem Bleeding/StemBleeding282.jpg,stembleed,3_trunk_disease,,,,4,,,,,
StemBleeding283,coconut-tree-disease,Dataset/Coconut Tree Disease Dataset/Stem Bleeding/StemBleeding283.jpg,stembleed,3_trunk_disease,,,,3,,,,,
StemBleeding284,coconut-tree-disease,Dataset/Coconut Tree Disease Dataset/Stem Bleeding/StemBleeding284.jpg,stembleed,3_trunk_disease,,,,4,,,,,
StemBleeding285,coconut-tree-disease,Dataset/Coconut Tree Disease Dataset/Stem Bleeding/StemBleeding285.jpg,stembleed,3_trunk_disease,,,,1,,,,,
StemBleeding286,coconut-tree-disease,Dataset/Coconut Tree Disease Dataset/Stem Bleeding/StemBleeding286.jpg,stembleed,3_trunk_disease,,,,0,,,,,
StemBleeding287,coconut-tree-disease,Dataset/Coconut Tree Disease Dataset/Stem Bleeding/StemBleeding287.jpg,stembleed,3_trunk_disease,,,,4,,,,,
StemBleeding288,coconut-tree-disease,Dataset/Coconut Tree Disease Dataset/Stem Bleeding/StemBleeding288.jpg,stembleed,3_trunk_disease,,,,4,,,,,
StemBleeding289,coconut-tree-disease,Dataset/Coconut Tree Disease Dataset/Stem Bleeding/StemBleeding289.jpg,stembleed,3_trunk_disease,,,,0,,,,,
StemBleeding290,coconut-tree-disease,Dataset/Coconut Tree Disease Dataset/Stem Bleeding/StemBleeding290.jpg,stembleed,3_trunk_disease,,,,4,,,,,
StemBleeding291,coconut-tree-disease,Dataset/Coconut Tree Disease Dataset/Stem Bleeding/StemBleeding291.jpg,stembleed,3_trunk_disease,,,,3,,,,,
StemBleeding292,coconut-tree-disease,Dataset/Coconut Tree Disease Dataset/Stem Bleeding/StemBleeding292.jpg,stembleed,3_trunk_disease,,,,3,,,,,
StemBleeding293,coconut-tree-disease,Dataset/Coconut Tree Disease Dataset/Stem Bleeding/StemBleeding293.jpg,stembleed,3_trunk_disease,,,,3,,,,,
StemBleeding294,coconut-tree-disease,Dataset/Coconut Tree Disease Dataset/Stem Bleeding/StemBleeding294.jpg,stembleed,3_trunk_disease,,,,2,,,,,
StemBleeding295,coconut-tree-disease,Dataset/Coconut Tree Disease Dataset/Stem Bleeding/StemBleeding295.jpg,stembleed,3_trunk_disease,,,,4,,,,,
StemBleeding296,coconut-tree-disease,Dataset/Coconut Tree Disease Dataset/Stem Bleeding/StemBleeding296.jpg,stembleed,3_trunk_disease,,,,2,,,,,
StemBleeding297,coconut-tree-disease,Dataset/Coconut Tree Disease Dataset/Stem Bleeding/StemBleeding297.jpg,stembleed,3_trunk_disease,,,,4,,,,,
StemBleeding298,coconut-tree-disease,Dataset/Coconut Tree Disease Dataset/Stem Bleeding/StemBleeding298.jpg,stembleed,3_trunk_disease,,,,3,,,,,
StemBleeding299,coconut-tree-disease,Dataset/Coconut Tree Disease Dataset/Stem Bleeding/StemBleeding299.jpg,stembleed,3_trunk_disease,,,,1,,,,,
StemBleeding300,coconut-tree-disease,Dataset/Coconut Tree Disease Dataset/Stem Bleeding/StemBleeding300.jpg,stembleed,3_trunk_disease,,,,1,,,,,
StemBleeding301,coconut-tree-disease,Dataset/Coconut Tree Disease Dataset/Stem Bleeding/StemBleeding301.jpg,stembleed,3_trunk_disease,,,,0,,,,,
StemBleeding302,coconut-tree-disease,Dataset/Coconut Tree Disease Dataset/Stem Bleeding/StemBleeding302.jpg,stembleed,3_trunk_disease,,,,3,,,,,
StemBleeding303,coconut-tree-disease,Dataset/Coconut Tree Disease Dataset/Stem Bleeding/StemBleeding303.jpg,stembleed,3_trunk_disease,,,,4,,,,,
StemBleeding304,coconut-tree-disease,Dataset/Coconut Tree Disease Dataset/Stem Bleeding/StemBleeding304.jpg,stembleed,3_trunk_disease,,,,3,,,,,
StemBleeding305,coconut-tree-disease,Dataset/Coconut Tree Disease Dataset/Stem Bleeding/StemBleeding305.jpg,stembleed,3_trunk_disease,,,,2,,,,,
StemBleeding306,coconut-tree-disease,Dataset/Coconut Tree Disease Dataset/Stem Bleeding/StemBleeding306.jpg,stembleed,3_trunk_disease,,,,3,,,,,
StemBleeding307,coconut-tree-disease,Dataset/Coconut Tree Disease Dataset/Stem Bleeding/StemBleeding307.jpg,stembleed,3_trunk_disease,,,,0,,,,,
StemBleeding308,coconut-tree-disease,Dataset/Coconut Tree Disease Dataset/Stem Bleeding/StemBleeding308.jpg,stembleed,3_trunk_disease,,,,4,,,,,
StemBleeding309,coconut-tree-disease,Dataset/Coconut Tree Disease Dataset/Stem Bleeding/StemBleeding309.jpg,stembleed,3_trunk_disease,,,,0,,,,,
StemBleeding310,coconut-tree-disease,Dataset/Coconut Tree Disease Dataset/Stem Bleeding/StemBleeding310.jpg,stembleed,3_trunk_disease,,,,4,,,,,
StemBleeding311,coconut-tree-disease,Dataset/Coconut Tree Disease Dataset/Stem Bleeding/StemBleeding311.jpg,stembleed,3_trunk_disease,,,,2,,,,,
StemBleeding312,coconut-tree-disease,Dataset/Coconut Tree Disease Dataset/Stem Bleeding/StemBleeding312.jpg,stembleed,3_trunk_disease,,,,2,,,,,
StemBleeding313,coconut-tree-disease,Dataset/Coconut Tree Disease Dataset/Stem Bleeding/StemBleeding313.jpg,stembleed,3_trunk_disease,,,,0,,,,,
StemBleeding314,coconut-tree-disease,Dataset/Coconut Tree Disease Dataset/Stem Bleeding/StemBleeding314.jpg,stembleed,3_trunk_disease,,,,2,,,,,
StemBleeding315,coconut-tree-disease,Dataset/Coconut Tree Disease Dataset/Stem Bleeding/StemBleeding315.jpg,stembleed,3_trunk_disease,,,,3,,,,,
StemBleeding316,coconut-tree-disease,Dataset/Coconut Tree Disease Dataset/Stem Bleeding/StemBleeding316.jpg,stembleed,3_trunk_disease,,,,0,,,,,
StemBleeding317,coconut-tree-disease,Dataset/Coconut Tree Disease Dataset/Stem Bleeding/StemBleeding317.jpg,stembleed,3_trunk_disease,,,,2,,,,,
StemBleeding318,coconut-tree-disease,Dataset/Coconut Tree Disease Dataset/Stem Bleeding/StemBleeding318.jpg,stembleed,3_trunk_disease,,,,4,,,,,
StemBleeding319,coconut-tree-disease,Dataset/Coconut Tree Disease Dataset/Stem Bleeding/StemBleeding319.jpg,stembleed,3_trunk_disease,,,,4,,,,,
StemBleeding320,coconut-tree-disease,Dataset/Coconut Tree Disease Dataset/Stem Bleeding/StemBleeding320.jpg,stembleed,3_trunk_disease,,,,2,,,,,
StemBleeding321,coconut-tree-disease,Dataset/Coconut Tree Disease Dataset/Stem Bleeding/StemBleeding321.jpg,stembleed,3_trunk_disease,,,,1,,,,,
StemBleeding322,coconut-tree-disease,Dataset/Coconut Tree Disease Dataset/Stem Bleeding/StemBleeding322.jpg,stembleed,3_trunk_disease,,,,3,,,,,
StemBleeding323,coconut-tree-disease,Dataset/Coconut Tree Disease Dataset/Stem Bleeding/StemBleeding323.jpg,stembleed,3_trunk_disease,,,,2,,,,,
StemBleeding324,coconut-tree-disease,Dataset/Coconut Tree Disease Dataset/Stem Bleeding/StemBleeding324.jpg,stembleed,3_trunk_disease,,,,4,,,,,
StemBleeding325,coconut-tree-disease,Dataset/Coconut Tree Disease Dataset/Stem Bleeding/StemBleeding325.jpg,stembleed,3_trunk_disease,,,,3,,,,,
StemBleeding326,coconut-tree-disease,Dataset/Coconut Tree Disease Dataset/Stem Bleeding/StemBleeding326.jpg,stembleed,3_trunk_disease,,,,3,,,,,
StemBleeding327,coconut-tree-disease,Dataset/Coconut Tree Disease Dataset/Stem Bleeding/StemBleeding327.jpg,stembleed,3_trunk_disease,,,,4,,,,,
StemBleeding328,coconut-tree-disease,Dataset/Coconut Tree Disease Dataset/Stem Bleeding/StemBleeding328.jpg,stembleed,3_trunk_disease,,,,1,,,,,
StemBleeding329,coconut-tree-disease,Dataset/Coconut Tree Disease Dataset/Stem Bleeding/StemBleeding329.jpg,stembleed,3_trunk_disease,,,,1,,,,,
StemBleeding330,coconut-tree-disease,Dataset/Coconut Tree Disease Dataset/Stem Bleeding/StemBleeding330.jpg,stembleed,3_trunk_disease,,,,1,,,,,
StemBleeding331,coconut-tree-disease,Dataset/Coconut Tree Disease Dataset/Stem Bleeding/StemBleeding331.jpg,stembleed,3_trunk_disease,,,,0,,,,,
StemBleeding332,coconut-tree-disease,Dataset/Coconut Tree Disease Dataset/Stem Bleeding/StemBleeding332.jpg,stembleed,3_trunk_disease,,,,0,,,,,
StemBleeding333,coconut-tree-disease,Dataset/Coconut Tree Disease Dataset/Stem Bleeding/StemBleeding333.jpg,stembleed,3_trunk_disease,,,,0,,,,,
StemBleeding334,coconut-tree-disease,Dataset/Coconut Tree Disease Dataset/Stem Bleeding/StemBleeding334.jpg,stembleed,3_trunk_disease,,,,1,,,,,
StemBleeding335,coconut-tree-disease,Dataset/Coconut Tree Disease Dataset/Stem Bleeding/StemBleeding335.jpg,stembleed,3_trunk_disease,,,,3,,,,,
StemBleeding336,coconut-tree-disease,Dataset/Coconut Tree Disease Dataset/Stem Bleeding/StemBleeding336.jpg,stembleed,3_trunk_disease,,,,1,,,,,
StemBleeding337,coconut-tree-disease,Dataset/Coconut Tree Disease Dataset/Stem Bleeding/StemBleeding337.jpg,stembleed,3_trunk_disease,,,,4,,,,,
StemBleeding338,coconut-tree-disease,Dataset/Coconut Tree Disease Dataset/Stem Bleeding/StemBleeding338.jpg,stembleed,3_trunk_disease,,,,0,,,,,
StemBleeding339,coconut-tree-disease,Dataset/Coconut Tree Disease Dataset/Stem Bleeding/StemBleeding339.jpg,stembleed,3_trunk_disease,,,,4,,,,,
StemBleeding340,coconut-tree-disease,Dataset/Coconut Tree Disease Dataset/Stem Bleeding/StemBleeding340.jpg,stembleed,3_trunk_disease,,,,0,,,,,
StemBleeding341,coconut-tree-disease,Dataset/Coconut Tree Disease Dataset/Stem Bleeding/StemBleeding341.jpg,stembleed,3_trunk_disease,,,,4,,,,,
StemBleeding342,coconut-tree-disease,Dataset/Coconut Tree Disease Dataset/Stem Bleeding/StemBleeding342.jpg,stembleed,3_trunk_disease,,,,0,,,,,
StemBleeding343,coconut-tree-disease,Dataset/Coconut Tree Disease Dataset/Stem Bleeding/StemBleeding343.jpg,stembleed,3_trunk_disease,,,,4,,,,,
StemBleeding344,coconut-tree-disease,Dataset/Coconut Tree Disease Dataset/Stem Bleeding/StemBleeding344.jpg,stembleed,3_trunk_disease,,,,3,,,,,
StemBleeding345,coconut-tree-disease,Dataset/Coconut Tree Disease Dataset/Stem Bleeding/StemBleeding345.jpg,stembleed,3_trunk_disease,,,,4,,,,,
StemBleeding346,coconut-tree-disease,Dataset/Coconut Tree Disease Dataset/Stem Bleeding/StemBleeding346.jpg,stembleed,3_trunk_disease,,,,3,,,,,
StemBleeding347,coconut-tree-disease,Dataset/Coconut Tree Disease Dataset/Stem Bleeding/StemBleeding347.jpg,stembleed,3_trunk_disease,,,,2,,,,,
StemBleeding348,coconut-tree-disease,Dataset/Coconut Tree Disease Dataset/Stem Bleeding/StemBleeding348.jpg,stembleed,3_trunk_disease,,,,0,,,,,
StemBleeding349,coconut-tree-disease,Dataset/Coconut Tree Disease Dataset/Stem Bleeding/StemBleeding349.jpg,stembleed,3_trunk_disease,,,,0,,,,,
StemBleeding350,coconut-tree-disease,Dataset/Coconut Tree Disease Dataset/Stem Bleeding/StemBleeding350.jpg,stembleed,3_trunk_disease,,,,1,,,,,
StemBleeding351,coconut-tree-disease,Dataset/Coconut Tree Disease Dataset/Stem Bleeding/StemBleeding351.jpg,stembleed,3_trunk_disease,,,,3,,,,,
StemBleeding352,coconut-tree-disease,Dataset/Coconut Tree Disease Dataset/Stem Bleeding/StemBleeding352.jpg,stembleed,3_trunk_disease,,,,2,,,,,
StemBleeding353,coconut-tree-disease,Dataset/Coconut Tree Disease Dataset/Stem Bleeding/StemBleeding353.jpg,stembleed,3_trunk_disease,,,,2,,,,,
StemBleeding354,coconut-tree-disease,Dataset/Coconut Tree Disease Dataset/Stem Bleeding/StemBleeding354.jpg,stembleed,3_trunk_disease,,,,4,,,,,
StemBleeding355,coconut-tree-disease,Dataset/Coconut Tree Disease Dataset/Stem Bleeding/StemBleeding355.jpg,stembleed,3_trunk_disease,,,,3,,,,,
StemBleeding356,coconut-tree-disease,Dataset/Coconut Tree Disease Dataset/Stem Bleeding/StemBleeding356.jpg,stembleed,3_trunk_disease,,,,1,,,,,
StemBleeding357,coconut-tree-disease,Dataset/Coconut Tree Disease Dataset/Stem Bleeding/StemBleeding357.jpg,stembleed,3_trunk_disease,,,,4,,,,,
StemBleeding358,coconut-tree-disease,Dataset/Coconut Tree Disease Dataset/Stem Bleeding/StemBleeding358.jpg,stembleed,3_trunk_disease,,,,2,,,,,
StemBleeding359,coconut-tree-disease,Dataset/Coconut Tree Disease Dataset/Stem Bleeding/StemBleeding359.jpg,stembleed,3_trunk_disease,,,,2,,,,,
StemBleeding360,coconut-tree-disease,Dataset/Coconut Tree Disease Dataset/Stem Bleeding/StemBleeding360.jpg,stembleed,3_trunk_disease,,,,0,,,,,
StemBleeding361,coconut-tree-disease,Dataset/Coconut Tree Disease Dataset/Stem Bleeding/StemBleeding361.jpg,stembleed,3_trunk_disease,,,,1,,,,,
StemBleeding362,coconut-tree-disease,Dataset/Coconut Tree Disease Dataset/Stem Bleeding/StemBleeding362.jpg,stembleed,3_trunk_disease,,,,1,,,,,
StemBleeding363,coconut-tree-disease,Dataset/Coconut Tree Disease Dataset/Stem Bleeding/StemBleeding363.jpg,stembleed,3_trunk_disease,,,,1,,,,,
StemBleeding364,coconut-tree-disease,Dataset/Coconut Tree Disease Dataset/Stem Bleeding/StemBleeding364.jpg,stembleed,3_trunk_disease,,,,4,,,,,
StemBleeding365,coconut-tree-disease,Dataset/Coconut Tree Disease Dataset/Stem Bleeding/StemBleeding365.jpg,stembleed,3_trunk_disease,,,,2,,,,,
StemBleeding366,coconut-tree-disease,Dataset/Coconut Tree Disease Dataset/Stem Bleeding/StemBleeding366.jpg,stembleed,3_trunk_disease,,,,0,,,,,
StemBleeding367,coconut-tree-disease,Dataset/Coconut Tree Disease Dataset/Stem Bleeding/StemBleeding367.jpg,stembleed,3_trunk_disease,,,,3,,,,,
StemBleeding368,coconut-tree-disease,Dataset/Coconut Tree Disease Dataset/Stem Bleeding/StemBleeding368.jpg,stembleed,3_trunk_disease,,,,1,,,,,
StemBleeding369,coconut-tree-disease,Dataset/Coconut Tree Disease Dataset/Stem Bleeding/StemBleeding369.jpg,stembleed,3_trunk_disease,,,,3,,,,,
StemBleeding370,coconut-tree-disease,Dataset/Coconut Tree Disease Dataset/Stem Bleeding/StemBleeding370.jpg,stembleed,3_trunk_disease,,,,4,,,,,
StemBleeding371,coconut-tree-disease,Dataset/Coconut Tree Disease Dataset/Stem Bleeding/StemBleeding371.jpg,stembleed,3_trunk_disease,,,,4,,,,,
StemBleeding372,coconut-tree-disease,Dataset/Coconut Tree Disease Dataset/Stem Bleeding/StemBleeding372.jpg,stembleed,3_trunk_disease,,,,1,,,,,
StemBleeding373,coconut-tree-disease,Dataset/Coconut Tree Disease Dataset/Stem Bleeding/StemBleeding373.jpg,stembleed,3_trunk_disease,,,,4,,,,,
StemBleeding374,coconut-tree-disease,Dataset/Coconut Tree Disease Dataset/Stem Bleeding/StemBleeding374.jpg,stembleed,3_trunk_disease,,,,1,,,,,
StemBleeding375,coconut-tree-disease,Dataset/Coconut Tree Disease Dataset/Stem Bleeding/StemBleeding375.jpg,stembleed,3_trunk_disease,,,,3,,,,,
StemBleeding376,coconut-tree-disease,Dataset/Coconut Tree Disease Dataset/Stem Bleeding/StemBleeding376.jpg,stembleed,3_trunk_disease,,,,4,,,,,
StemBleeding377,coconut-tree-disease,Dataset/Coconut Tree Disease Dataset/Stem Bleeding/StemBleeding377.jpg,stembleed,3_trunk_disease,,,,2,,,,,
StemBleeding378,coconut-tree-disease,Dataset/Coconut Tree Disease Dataset/Stem Bleeding/StemBleeding378.jpg,stembleed,3_trunk_disease,,,,3,,,,,
StemBleeding379,coconut-tree-disease,Dataset/Coconut Tree Disease Dataset/Stem Bleeding/StemBleeding379.jpg,stembleed,3_trunk_disease,,,,1,,,,,
StemBleeding380,coconut-tree-disease,Dataset/Coconut Tree Disease Dataset/Stem Bleeding/StemBleeding380.jpg,stembleed,3_trunk_disease,,,,3,,,,,
StemBleeding381,coconut-tree-disease,Dataset/Coconut Tree Disease Dataset/Stem Bleeding/StemBleeding381.jpg,stembleed,3_trunk_disease,,,,2,,,,,
StemBleeding382,coconut-tree-disease,Dataset/Coconut Tree Disease Dataset/Stem Bleeding/StemBleeding382.jpg,stembleed,3_trunk_disease,,,,3,,,,,
StemBleeding383,coconut-tree-disease,Dataset/Coconut Tree Disease Dataset/Stem Bleeding/StemBleeding383.jpg,stembleed,3_trunk_disease,,,,2,,,,,
StemBleeding384,coconut-tree-disease,Dataset/Coconut Tree Disease Dataset/Stem Bleeding/StemBleeding384.jpg,stembleed,3_trunk_disease,,,,3,,,,,
StemBleeding385,coconut-tree-disease,Dataset/Coconut Tree Disease Dataset/Stem Bleeding/StemBleeding385.jpg,stembleed,3_trunk_disease,,,,0,,,,,
StemBleeding386,coconut-tree-disease,Dataset/Coconut Tree Disease Dataset/Stem Bleeding/StemBleeding386.jpg,stembleed,3_trunk_disease,,,,4,,,,,
StemBleeding387,coconut-tree-disease,Dataset/Coconut Tree Disease Dataset/Stem Bleeding/StemBleeding387.jpg,stembleed,3_trunk_disease,,,,3,,,,,
StemBleeding388,coconut-tree-disease,Dataset/Coconut Tree Disease Dataset/Stem Bleeding/StemBleeding388.jpg,stembleed,3_trunk_disease,,,,2,,,,,
StemBleeding389,coconut-tree-disease,Dataset/Coconut Tree Disease Dataset/Stem Bleeding/StemBleeding389.jpg,stembleed,3_trunk_disease,,,,0,,,,,
StemBleeding390,coconut-tree-disease,Dataset/Coconut Tree Disease Dataset/Stem Bleeding/StemBleeding390.jpg,stembleed,3_trunk_disease,,,,2,,,,,
StemBleeding391,coconut-tree-disease,Dataset/Coconut Tree Disease Dataset/Stem Bleeding/StemBleeding391.jpg,stembleed,3_trunk_disease,,,,4,,,,,
StemBleeding392,coconut-tree-disease,Dataset/Coconut Tree Disease Dataset/Stem Bleeding/StemBleeding392.jpg,stembleed,3_trunk_disease,,,,3,,,,,
StemBleeding393,coconut-tree-disease,Dataset/Coconut Tree Disease Dataset/Stem Bleeding/StemBleeding393.jpg,stembleed,3_trunk_disease,,,,3,,,,,
StemBleeding394,coconut-tree-disease,Dataset/Coconut Tree Disease Dataset/Stem Bleeding/StemBleeding394.jpg,stembleed,3_trunk_disease,,,,1,,,,,
StemBleeding395,coconut-tree-disease,Dataset/Coconut Tree Disease Dataset/Stem Bleeding/StemBleeding395.jpg,stembleed,3_trunk_disease,,,,4,,,,,
StemBleeding396,coconut-tree-disease,Dataset/Coconut Tree Disease Dataset/Stem Bleeding/StemBleeding396.jpg,stembleed,3_trunk_disease,,,,2,,,,,
StemBleeding397,coconut-tree-disease,Dataset/Coconut Tree Disease Dataset/Stem Bleeding/StemBleeding397.jpg,stembleed,3_trunk_disease,,,,0,,,,,
StemBleeding398,coconut-tree-disease,Dataset/Coconut Tree Disease Dataset/Stem Bleeding/StemBleeding398.jpg,stembleed,3_trunk_disease,,,,3,,,,,
StemBleeding399,coconut-tree-disease,Dataset/Coconut Tree Disease Dataset/Stem Bleeding/StemBleeding399.jpg,stembleed,3_trunk_disease,,,,0,,,,,
StemBleeding400,coconut-tree-disease,Dataset/Coconut Tree Disease Dataset/Stem Bleeding/StemBleeding400.jpg,stembleed,3_trunk_disease,,,,3,,,,,
StemBleeding401,coconut-tree-disease,Dataset/Coconut Tree Disease Dataset/Stem Bleeding/StemBleeding401.jpg,stembleed,3_trunk_disease,,,,0,,,,,
StemBleeding402,coconut-tree-disease,Dataset/Coconut Tree Disease Dataset/Stem Bleeding/StemBleeding402.jpg,stembleed,3_trunk_disease,,,,2,,,,,
StemBleeding403,coconut-tree-disease,Dataset/Coconut Tree Disease Dataset/Stem Bleeding/StemBleeding403.jpg,stembleed,3_trunk_disease,,,,0,,,,,
StemBleeding404,coconut-tree-disease,Dataset/Coconut Tree Disease Dataset/Stem Bleeding/StemBleeding404.jpg,stembleed,3_trunk_disease,,,,1,,,,,
StemBleeding405,coconut-tree-disease,Dataset/Coconut Tree Disease Dataset/Stem Bleeding/StemBleeding405.jpg,stembleed,3_trunk_disease,,,,3,,,,,
StemBleeding406,coconut-tree-disease,Dataset/Coconut Tree Disease Dataset/Stem Bleeding/StemBleeding406.jpg,stembleed,3_trunk_disease,,,,0,,,,,
StemBleeding407,coconut-tree-disease,Dataset/Coconut Tree Disease Dataset/Stem Bleeding/StemBleeding407.jpg,stembleed,3_trunk_disease,,,,1,,,,,
StemBleeding408,coconut-tree-disease,Dataset/Coconut Tree Disease Dataset/Stem Bleeding/StemBleeding408.jpg,stembleed,3_trunk_disease,,,,1,,,,,
StemBleeding409,coconut-tree-disease,Dataset/Coconut Tree Disease Dataset/Stem Bleeding/StemBleeding409.jpg,stembleed,3_trunk_disease,,,,0,,,,,
StemBleeding410,coconut-tree-disease,Dataset/Coconut Tree Disease Dataset/Stem Bleeding/StemBleeding410.jpg,stembleed,3_trunk_disease,,,,2,,,,,
StemBleeding411,coconut-tree-disease,Dataset/Coconut Tree Disease Dataset/Stem Bleeding/StemBleeding411.jpg,stembleed,3_trunk_disease,,,,2,,,,,
StemBleeding412,coconut-tree-disease,Dataset/Coconut Tree Disease Dataset/Stem Bleeding/StemBleeding412.jpg,stembleed,3_trunk_disease,,,,0,,,,,
StemBleeding413,coconut-tree-disease,Dataset/Coconut Tree Disease Dataset/Stem Bleeding/StemBleeding413.jpg,stembleed,3_trunk_disease,,,,3,,,,,
StemBleeding414,coconut-tree-disease,Dataset/Coconut Tree Disease Dataset/Stem Bleeding/StemBleeding414.jpg,stembleed,3_trunk_disease,,,,0,,,,,
StemBleeding415,coconut-tree-disease,Dataset/Coconut Tree Disease Dataset/Stem Bleeding/StemBleeding415.jpg,stembleed,3_trunk_disease,,,,2,,,,,
StemBleeding416,coconut-tree-disease,Dataset/Coconut Tree Disease Dataset/Stem Bleeding/StemBleeding416.jpg,stembleed,3_trunk_disease,,,,1,,,,,
StemBleeding417,coconut-tree-disease,Dataset/Coconut Tree Disease Dataset/Stem Bleeding/StemBleeding417.jpg,stembleed,3_trunk_disease,,,,3,,,,,
StemBleeding418,coconut-tree-disease,Dataset/Coconut Tree Disease Dataset/Stem Bleeding/StemBleeding418.jpg,stembleed,3_trunk_disease,,,,2,,,,,
StemBleeding419,coconut-tree-disease,Dataset/Coconut Tree Disease Dataset/Stem Bleeding/StemBleeding419.jpg,stembleed,3_trunk_disease,,,,1,,,,,
StemBleeding420,coconut-tree-disease,Dataset/Coconut Tree Disease Dataset/Stem Bleeding/StemBleeding420.jpg,stembleed,3_trunk_disease,,,,2,,,,,
StemBleeding421,coconut-tree-disease,Dataset/Coconut Tree Disease Dataset/Stem Bleeding/StemBleeding421.jpg,stembleed,3_trunk_disease,,,,3,,,,,
StemBleeding422,coconut-tree-disease,Dataset/Coconut Tree Disease Dataset/Stem Bleeding/StemBleeding422.jpg,stembleed,3_trunk_disease,,,,2,,,,,
StemBleeding423,coconut-tree-disease,Dataset/Coconut Tree Disease Dataset/Stem Bleeding/StemBleeding423.jpg,stembleed,3_trunk_disease,,,,3,,,,,
StemBleeding424,coconut-tree-disease,Dataset/Coconut Tree Disease Dataset/Stem Bleeding/StemBleeding424.jpg,stembleed,3_trunk_disease,,,,2,,,,,
StemBleeding425,coconut-tree-disease,Dataset/Coconut Tree Disease Dataset/Stem Bleeding/StemBleeding425.jpg,stembleed,3_trunk_disease,,,,0,,,,,
StemBleeding426,coconut-tree-disease,Dataset/Coconut Tree Disease Dataset/Stem Bleeding/StemBleeding426.jpg,stembleed,3_trunk_disease,,,,3,,,,,
StemBleeding427,coconut-tree-disease,Dataset/Coconut Tree Disease Dataset/Stem Bleeding/StemBleeding427.jpg,stembleed,3_trunk_disease,,,,0,,,,,
StemBleeding428,coconut-tree-disease,Dataset/Coconut Tree Disease Dataset/Stem Bleeding/StemBleeding428.jpg,stembleed,3_trunk_disease,,,,3,,,,,
StemBleeding429,coconut-tree-disease,Dataset/Coconut Tree Disease Dataset/Stem Bleeding/StemBleeding429.jpg,stembleed,3_trunk_disease,,,,2,,,,,
StemBleeding430,coconut-tree-disease,Dataset/Coconut Tree Disease Dataset/Stem Bleeding/StemBleeding430.jpg,stembleed,3_trunk_disease,,,,4,,,,,
StemBleeding431,coconut-tree-disease,Dataset/Coconut Tree Disease Dataset/Stem Bleeding/StemBleeding431.jpg,stembleed,3_trunk_disease,,,,3,,,,,
StemBleeding432,coconut-tree-disease,Dataset/Coconut Tree Disease Dataset/Stem Bleeding/StemBleeding432.jpg,stembleed,3_trunk_disease,,,,3,,,,,
StemBleeding433,coconut-tree-disease,Dataset/Coconut Tree Disease Dataset/Stem Bleeding/StemBleeding433.jpg,stembleed,3_trunk_disease,,,,4,,,,,
StemBleeding434,coconut-tree-disease,Dataset/Coconut Tree Disease Dataset/Stem Bleeding/StemBleeding434.jpg,stembleed,3_trunk_disease,,,,2,,,,,
StemBleeding435,coconut-tree-disease,Dataset/Coconut Tree Disease Dataset/Stem Bleeding/StemBleeding435.jpg,stembleed,3_trunk_disease,,,,3,,,,,
StemBleeding436,coconut-tree-disease,Dataset/Coconut Tree Disease Dataset/Stem Bleeding/StemBleeding436.jpg,stembleed,3_trunk_disease,,,,0,,,,,
StemBleeding437,coconut-tree-disease,Dataset/Coconut Tree Disease Dataset/Stem Bleeding/StemBleeding437.jpg,stembleed,3_trunk_disease,,,,2,,,,,
StemBleeding438,coconut-tree-disease,Dataset/Coconut Tree Disease Dataset/Stem Bleeding/StemBleeding438.jpg,stembleed,3_trunk_disease,,,,0,,,,,
StemBleeding439,coconut-tree-disease,Dataset/Coconut Tree Disease Dataset/Stem Bleeding/StemBleeding439.jpg,stembleed,3_trunk_disease,,,,4,,,,,
StemBleeding440,coconut-tree-disease,Dataset/Coconut Tree Disease Dataset/Stem Bleeding/StemBleeding440.jpg,stembleed,3_trunk_disease,,,,0,,,,,
StemBleeding441,coconut-tree-disease,Dataset/Coconut Tree Disease Dataset/Stem Bleeding/StemBleeding441.jpg,stembleed,3_trunk_disease,,,,3,,,,,
StemBleeding442,coconut-tree-disease,Dataset/Coconut Tree Disease Dataset/Stem Bleeding/StemBleeding442.jpg,stembleed,3_trunk_disease,,,,2,,,,,
StemBleeding443,coconut-tree-disease,Dataset/Coconut Tree Disease Dataset/Stem Bleeding/StemBleeding443.jpg,stembleed,3_trunk_disease,,,,2,,,,,
StemBleeding444,coconut-tree-disease,Dataset/Coconut Tree Disease Dataset/Stem Bleeding/StemBleeding444.jpg,stembleed,3_trunk_disease,,,,2,,,,,
StemBleeding445,coconut-tree-disease,Dataset/Coconut Tree Disease Dataset/Stem Bleeding/StemBleeding445.jpg,stembleed,3_trunk_disease,,,,2,,,,,
StemBleeding446,coconut-tree-disease,Dataset/Coconut Tree Disease Dataset/Stem Bleeding/StemBleeding446.jpg,stembleed,3_trunk_disease,,,,4,,,,,
StemBleeding447,coconut-tree-disease,Dataset/Coconut Tree Disease Dataset/Stem Bleeding/StemBleeding447.jpg,stembleed,3_trunk_disease,,,,2,,,,,
StemBleeding448,coconut-tree-disease,Dataset/Coconut Tree Disease Dataset/Stem Bleeding/StemBleeding448.jpg,stembleed,3_trunk_disease,,,,1,,,,,
StemBleeding449,coconut-tree-disease,Dataset/Coconut Tree Disease Dataset/Stem Bleeding/StemBleeding449.jpg,stembleed,3_trunk_disease,,,,3,,,,,
StemBleeding450,coconut-tree-disease,Dataset/Coconut Tree Disease Dataset/Stem Bleeding/StemBleeding450.jpg,stembleed,3_trunk_disease,,,,0,,,,,
StemBleeding451,coconut-tree-disease,Dataset/Coconut Tree Disease Dataset/Stem Bleeding/StemBleeding451.jpg,stembleed,3_trunk_disease,,,,0,,,,,
StemBleeding452,coconut-tree-disease,Dataset/Coconut Tree Disease Dataset/Stem Bleeding/StemBleeding452.jpg,stembleed,3_trunk_disease,,,,4,,,,,
StemBleeding453,coconut-tree-disease,Dataset/Coconut Tree Disease Dataset/Stem Bleeding/StemBleeding453.jpg,stembleed,3_trunk_disease,,,,2,,,,,
StemBleeding454,coconut-tree-disease,Dataset/Coconut Tree Disease Dataset/Stem Bleeding/StemBleeding454.jpg,stembleed,3_trunk_disease,,,,4,,,,,
StemBleeding455,coconut-tree-disease,Dataset/Coconut Tree Disease Dataset/Stem Bleeding/StemBleeding455.jpg,stembleed,3_trunk_disease,,,,0,,,,,
StemBleeding456,coconut-tree-disease,Dataset/Coconut Tree Disease Dataset/Stem Bleeding/StemBleeding456.jpg,stembleed,3_trunk_disease,,,,1,,,,,
StemBleeding457,coconut-tree-disease,Dataset/Coconut Tree Disease Dataset/Stem Bleeding/StemBleeding457.jpg,stembleed,3_trunk_disease,,,,3,,,,,
StemBleeding458,coconut-tree-disease,Dataset/Coconut Tree Disease Dataset/Stem Bleeding/StemBleeding458.jpg,stembleed,3_trunk_disease,,,,0,,,,,
StemBleeding459,coconut-tree-disease,Dataset/Coconut Tree Disease Dataset/Stem Bleeding/StemBleeding459.jpg,stembleed,3_trunk_disease,,,,1,,,,,
StemBleeding460,coconut-tree-disease,Dataset/Coconut Tree Disease Dataset/Stem Bleeding/StemBleeding460.jpg,stembleed,3_trunk_disease,,,,2,,,,,
StemBleeding461,coconut-tree-disease,Dataset/Coconut Tree Disease Dataset/Stem Bleeding/StemBleeding461.jpg,stembleed,3_trunk_disease,,,,1,,,,,
StemBleeding462,coconut-tree-disease,Dataset/Coconut Tree Disease Dataset/Stem Bleeding/StemBleeding462.jpg,stembleed,3_trunk_disease,,,,2,,,,,
StemBleeding463,coconut-tree-disease,Dataset/Coconut Tree Disease Dataset/Stem Bleeding/StemBleeding463.jpg,stembleed,3_trunk_disease,,,,2,,,,,
StemBleeding464,coconut-tree-disease,Dataset/Coconut Tree Disease Dataset/Stem Bleeding/StemBleeding464.jpg,stembleed,3_trunk_disease,,,,2,,,,,
StemBleeding465,coconut-tree-disease,Dataset/Coconut Tree Disease Dataset/Stem Bleeding/StemBleeding465.jpg,stembleed,3_trunk_disease,,,,4,,,,,
StemBleeding466,coconut-tree-disease,Dataset/Coconut Tree Disease Dataset/Stem Bleeding/StemBleeding466.jpg,stembleed,3_trunk_disease,,,,1,,,,,
StemBleeding467,coconut-tree-disease,Dataset/Coconut Tree Disease Dataset/Stem Bleeding/StemBleeding467.jpg,stembleed,3_trunk_disease,,,,4,,,,,
StemBleeding468,coconut-tree-disease,Dataset/Coconut Tree Disease Dataset/Stem Bleeding/StemBleeding468.jpg,stembleed,3_trunk_disease,,,,1,,,,,
StemBleeding469,coconut-tree-disease,Dataset/Coconut Tree Disease Dataset/Stem Bleeding/StemBleeding469.jpg,stembleed,3_trunk_disease,,,,4,,,,,
StemBleeding470,coconut-tree-disease,Dataset/Coconut Tree Disease Dataset/Stem Bleeding/StemBleeding470.jpg,stembleed,3_trunk_disease,,,,3,,,,,
StemBleeding471,coconut-tree-disease,Dataset/Coconut Tree Disease Dataset/Stem Bleeding/StemBleeding471.jpg,stembleed,3_trunk_disease,,,,1,,,,,
StemBleeding472,coconut-tree-disease,Dataset/Coconut Tree Disease Dataset/Stem Bleeding/StemBleeding472.jpg,stembleed,3_trunk_disease,,,,0,,,,,
StemBleeding473,coconut-tree-disease,Dataset/Coconut Tree Disease Dataset/Stem Bleeding/StemBleeding473.jpg,stembleed,3_trunk_disease,,,,2,,,,,
StemBleeding474,coconut-tree-disease,Dataset/Coconut Tree Disease Dataset/Stem Bleeding/StemBleeding474.jpg,stembleed,3_trunk_disease,,,,0,,,,,
StemBleeding475,coconut-tree-disease,Dataset/Coconut Tree Disease Dataset/Stem Bleeding/StemBleeding475.jpg,stembleed,3_trunk_disease,,,,3,,,,,
StemBleeding476,coconut-tree-disease,Dataset/Coconut Tree Disease Dataset/Stem Bleeding/StemBleeding476.jpg,stembleed,3_trunk_disease,,,,3,,,,,
StemBleeding477,coconut-tree-disease,Dataset/Coconut Tree Disease Dataset/Stem Bleeding/StemBleeding477.jpg,stembleed,3_trunk_disease,,,,4,,,,,
StemBleeding478,coconut-tree-disease,Dataset/Coconut Tree Disease Dataset/Stem Bleeding/StemBleeding478.jpg,stembleed,3_trunk_disease,,,,0,,,,,
StemBleeding479,coconut-tree-disease,Dataset/Coconut Tree Disease Dataset/Stem Bleeding/StemBleeding479.jpg,stembleed,3_trunk_disease,,,,4,,,,,
StemBleeding480,coconut-tree-disease,Dataset/Coconut Tree Disease Dataset/Stem Bleeding/StemBleeding480.jpg,stembleed,3_trunk_disease,,,,4,,,,,
StemBleeding481,coconut-tree-disease,Dataset/Coconut Tree Disease Dataset/Stem Bleeding/StemBleeding481.jpg,stembleed,3_trunk_disease,,,,0,,,,,
StemBleeding482,coconut-tree-disease,Dataset/Coconut Tree Disease Dataset/Stem Bleeding/StemBleeding482.jpg,stembleed,3_trunk_disease,,,,2,,,,,
StemBleeding483,coconut-tree-disease,Dataset/Coconut Tree Disease Dataset/Stem Bleeding/StemBleeding483.jpg,stembleed,3_trunk_disease,,,,3,,,,,
StemBleeding484,coconut-tree-disease,Dataset/Coconut Tree Disease Dataset/Stem Bleeding/StemBleeding484.jpg,stembleed,3_trunk_disease,,,,1,,,,,
StemBleeding485,coconut-tree-disease,Dataset/Coconut Tree Disease Dataset/Stem Bleeding/StemBleeding485.jpg,stembleed,3_trunk_disease,,,,4,,,,,
StemBleeding486,coconut-tree-disease,Dataset/Coconut Tree Disease Dataset/Stem Bleeding/StemBleeding486.jpg,stembleed,3_trunk_disease,,,,0,,,,,
StemBleeding487,coconut-tree-disease,Dataset/Coconut Tree Disease Dataset/Stem Bleeding/StemBleeding487.jpg,stembleed,3_trunk_disease,,,,0,,,,,
StemBleeding488,coconut-tree-disease,Dataset/Coconut Tree Disease Dataset/Stem Bleeding/StemBleeding488.jpg,stembleed,3_trunk_disease,,,,1,,,,,
StemBleeding489,coconut-tree-disease,Dataset/Coconut Tree Disease Dataset/Stem Bleeding/StemBleeding489.jpg,stembleed,3_trunk_disease,,,,2,,,,,
StemBleeding490,coconut-tree-disease,Dataset/Coconut Tree Disease Dataset/Stem Bleeding/StemBleeding490.jpg,stembleed,3_trunk_disease,,,,1,,,,,
StemBleeding491,coconut-tree-disease,Dataset/Coconut Tree Disease Dataset/Stem Bleeding/StemBleeding491.jpg,stembleed,3_trunk_disease,,,,0,,,,,
StemBleeding492,coconut-tree-disease,Dataset/Coconut Tree Disease Dataset/Stem Bleeding/StemBleeding492.jpg,stembleed,3_trunk_disease,,,,2,,,,,
StemBleeding493,coconut-tree-disease,Dataset/Coconut Tree Disease Dataset/Stem Bleeding/StemBleeding493.jpg,stembleed,3_trunk_disease,,,,4,,,,,
StemBleeding494,coconut-tree-disease,Dataset/Coconut Tree Disease Dataset/Stem Bleeding/StemBleeding494.jpg,stembleed,3_trunk_disease,,,,1,,,,,
StemBleeding495,coconut-tree-disease,Dataset/Coconut Tree Disease Dataset/Stem Bleeding/StemBleeding495.jpg,stembleed,3_trunk_disease,,,,4,,,,,
StemBleeding496,coconut-tree-disease,Dataset/Coconut Tree Disease Dataset/Stem Bleeding/StemBleeding496.jpg,stembleed,3_trunk_disease,,,,2,,,,,
StemBleeding497,coconut-tree-disease,Dataset/Coconut Tree Disease Dataset/Stem Bleeding/StemBleeding497.jpg,stembleed,3_trunk_disease,,,,0,,,,,
StemBleeding498,coconut-tree-disease,Dataset/Coconut Tree Disease Dataset/Stem Bleeding/StemBleeding498.jpg,stembleed,3_trunk_disease,,,,0,,,,,
StemBleeding499,coconut-tree-disease,Dataset/Coconut Tree Disease Dataset/Stem Bleeding/StemBleeding499.jpg,stembleed,3_trunk_disease,,,,3,,,,,
StemBleeding500,coconut-tree-disease,Dataset/Coconut Tree Disease Dataset/Stem Bleeding/StemBleeding500.jpg,stembleed,3_trunk_disease,,,,1,,,,,
StemBleeding501,coconut-tree-disease,Dataset/Coconut Tree Disease Dataset/Stem Bleeding/StemBleeding501.jpg,stembleed,3_trunk_disease,,,,1,,,,,
StemBleeding502,coconut-tree-disease,Dataset/Coconut Tree Disease Dataset/Stem Bleeding/StemBleeding502.jpg,stembleed,3_trunk_disease,,,,2,,,,,
StemBleeding503,coconut-tree-disease,Dataset/Coconut Tree Disease Dataset/Stem Bleeding/StemBleeding503.jpg,stembleed,3_trunk_disease,,,,0,,,,,
StemBleeding504,coconut-tree-disease,Dataset/Coconut Tree Disease Dataset/Stem Bleeding/StemBleeding504.jpg,stembleed,3_trunk_disease,,,,0,,,,,
StemBleeding505,coconut-tree-disease,Dataset/Coconut Tree Disease Dataset/Stem Bleeding/StemBleeding505.jpg,stembleed,3_trunk_disease,,,,3,,,,,
StemBleeding506,coconut-tree-disease,Dataset/Coconut Tree Disease Dataset/Stem Bleeding/StemBleeding506.jpg,stembleed,3_trunk_disease,,,,3,,,,,
StemBleeding507,coconut-tree-disease,Dataset/Coconut Tree Disease Dataset/Stem Bleeding/StemBleeding507.jpg,stembleed,3_trunk_disease,,,,0,,,,,
StemBleeding508,coconut-tree-disease,Dataset/Coconut Tree Disease Dataset/Stem Bleeding/StemBleeding508.jpg,stembleed,3_trunk_disease,,,,1,,,,,
StemBleeding509,coconut-tree-disease,Dataset/Coconut Tree Disease Dataset/Stem Bleeding/StemBleeding509.jpg,stembleed,3_trunk_disease,,,,1,,,,,
StemBleeding510,coconut-tree-disease,Dataset/Coconut Tree Disease Dataset/Stem Bleeding/StemBleeding510.jpg,stembleed,3_trunk_disease,,,,1,,,,,
StemBleeding511,coconut-tree-disease,Dataset/Coconut Tree Disease Dataset/Stem Bleeding/StemBleeding511.jpg,stembleed,3_trunk_disease,,,,0,,,,,
StemBleeding512,coconut-tree-disease,Dataset/Coconut Tree Disease Dataset/Stem Bleeding/StemBleeding512.jpg,stembleed,3_trunk_disease,,,,3,,,,,
StemBleeding513,coconut-tree-disease,Dataset/Coconut Tree Disease Dataset/Stem Bleeding/StemBleeding513.jpg,stembleed,3_trunk_disease,,,,0,,,,,
StemBleeding514,coconut-tree-disease,Dataset/Coconut Tree Disease Dataset/Stem Bleeding/StemBleeding514.jpg,stembleed,3_trunk_disease,,,,4,,,,,
StemBleeding515,coconut-tree-disease,Dataset/Coconut Tree Disease Dataset/Stem Bleeding/StemBleeding515.jpg,stembleed,3_trunk_disease,,,,0,,,,,
StemBleeding516,coconut-tree-disease,Dataset/Coconut Tree Disease Dataset/Stem Bleeding/StemBleeding516.jpg,stembleed,3_trunk_disease,,,,2,,,,,
StemBleeding517,coconut-tree-disease,Dataset/Coconut Tree Disease Dataset/Stem Bleeding/StemBleeding517.jpg,stembleed,3_trunk_disease,,,,0,,,,,
StemBleeding518,coconut-tree-disease,Dataset/Coconut Tree Disease Dataset/Stem Bleeding/StemBleeding518.jpg,stembleed,3_trunk_disease,,,,2,,,,,
StemBleeding519,coconut-tree-disease,Dataset/Coconut Tree Disease Dataset/Stem Bleeding/StemBleeding519.jpg,stembleed,3_trunk_disease,,,,1,,,,,
StemBleeding520,coconut-tree-disease,Dataset/Coconut Tree Disease Dataset/Stem Bleeding/StemBleeding520.jpg,stembleed,3_trunk_disease,,,,3,,,,,
StemBleeding521,coconut-tree-disease,Dataset/Coconut Tree Disease Dataset/Stem Bleeding/StemBleeding521.jpg,stembleed,3_trunk_disease,,,,2,,,,,
StemBleeding522,coconut-tree-disease,Dataset/Coconut Tree Disease Dataset/Stem Bleeding/StemBleeding522.jpg,stembleed,3_trunk_disease,,,,1,,,,,
StemBleeding523,coconut-tree-disease,Dataset/Coconut Tree Disease Dataset/Stem Bleeding/StemBleeding523.jpg,stembleed,3_trunk_disease,,,,1,,,,,
StemBleeding524,coconut-tree-disease,Dataset/Coconut Tree Disease Dataset/Stem Bleeding/StemBleeding524.jpg,stembleed,3_trunk_disease,,,,4,,,,,
StemBleeding525,coconut-tree-disease,Dataset/Coconut Tree Disease Dataset/Stem Bleeding/StemBleeding525.jpg,stembleed,3_trunk_disease,,,,4,,,,,
StemBleeding526,coconut-tree-disease,Dataset/Coconut Tree Disease Dataset/Stem Bleeding/StemBleeding526.jpg,stembleed,3_trunk_disease,,,,2,,,,,
StemBleeding527,coconut-tree-disease,Dataset/Coconut Tree Disease Dataset/Stem Bleeding/StemBleeding527.jpg,stembleed,3_trunk_disease,,,,1,,,,,
StemBleeding528,coconut-tree-disease,Dataset/Coconut Tree Disease Dataset/Stem Bleeding/StemBleeding528.jpg,stembleed,3_trunk_disease,,,,0,,,,,
StemBleeding529,coconut-tree-disease,Dataset/Coconut Tree Disease Dataset/Stem Bleeding/StemBleeding529.jpg,stembleed,3_trunk_disease,,,,3,,,,,
StemBleeding530,coconut-tree-disease,Dataset/Coconut Tree Disease Dataset/Stem Bleeding/StemBleeding530.jpg,stembleed,3_trunk_disease,,,,0,,,,,
StemBleeding531,coconut-tree-disease,Dataset/Coconut Tree Disease Dataset/Stem Bleeding/StemBleeding531.jpg,stembleed,3_trunk_disease,,,,1,,,,,
StemBleeding532,coconut-tree-disease,Dataset/Coconut Tree Disease Dataset/Stem Bleeding/StemBleeding532.jpg,stembleed,3_trunk_disease,,,,0,,,,,
StemBleeding533,coconut-tree-disease,Dataset/Coconut Tree Disease Dataset/Stem Bleeding/StemBleeding533.jpg,stembleed,3_trunk_disease,,,,0,,,,,
StemBleeding534,coconut-tree-disease,Dataset/Coconut Tree Disease Dataset/Stem Bleeding/StemBleeding534.jpg,stembleed,3_trunk_disease,,,,1,,,,,
StemBleeding535,coconut-tree-disease,Dataset/Coconut Tree Disease Dataset/Stem Bleeding/StemBleeding535.jpg,stembleed,3_trunk_disease,,,,0,,,,,
StemBleeding536,coconut-tree-disease,Dataset/Coconut Tree Disease Dataset/Stem Bleeding/StemBleeding536.jpg,stembleed,3_trunk_disease,,,,2,,,,,
StemBleeding537,coconut-tree-disease,Dataset/Coconut Tree Disease Dataset/Stem Bleeding/StemBleeding537.jpg,stembleed,3_trunk_disease,,,,2,,,,,
StemBleeding538,coconut-tree-disease,Dataset/Coconut Tree Disease Dataset/Stem Bleeding/StemBleeding538.jpg,stembleed,3_trunk_disease,,,,0,,,,,
StemBleeding539,coconut-tree-disease,Dataset/Coconut Tree Disease Dataset/Stem Bleeding/StemBleeding539.jpg,stembleed,3_trunk_disease,,,,0,,,,,
StemBleeding540,coconut-tree-disease,Dataset/Coconut Tree Disease Dataset/Stem Bleeding/StemBleeding540.jpg,stembleed,3_trunk_disease,,,,1,,,,,
StemBleeding541,coconut-tree-disease,Dataset/Coconut Tree Disease Dataset/Stem Bleeding/StemBleeding541.jpg,stembleed,3_trunk_disease,,,,1,,,,,
StemBleeding542,coconut-tree-disease,Dataset/Coconut Tree Disease Dataset/Stem Bleeding/StemBleeding542.jpg,stembleed,3_trunk_disease,,,,1,,,,,
StemBleeding543,coconut-tree-disease,Dataset/Coconut Tree Disease Dataset/Stem Bleeding/StemBleeding543.jpg,stembleed,3_trunk_disease,,,,4,,,,,
StemBleeding544,coconut-tree-disease,Dataset/Coconut Tree Disease Dataset/Stem Bleeding/StemBleeding544.jpg,stembleed,3_trunk_disease,,,,2,,,,,
StemBleeding545,coconut-tree-disease,Dataset/Coconut Tree Disease Dataset/Stem Bleeding/StemBleeding545.jpg,stembleed,3_trunk_disease,,,,2,,,,,
StemBleeding546,coconut-tree-disease,Dataset/Coconut Tree Disease Dataset/Stem Bleeding/StemBleeding546.jpg,stembleed,3_trunk_disease,,,,1,,,,,
StemBleeding547,coconut-tree-disease,Dataset/Coconut Tree Disease Dataset/Stem Bleeding/StemBleeding547.jpg,stembleed,3_trunk_disease,,,,2,,,,,
StemBleeding548,coconut-tree-disease,Dataset/Coconut Tree Disease Dataset/Stem Bleeding/StemBleeding548.jpg,stembleed,3_trunk_disease,,,,1,,,,,
StemBleeding549,coconut-tree-disease,Dataset/Coconut Tree Disease Dataset/Stem Bleeding/StemBleeding549.jpg,stembleed,3_trunk_disease,,,,3,,,,,
StemBleeding550,coconut-tree-disease,Dataset/Coconut Tree Disease Dataset/Stem Bleeding/StemBleeding550.jpg,stembleed,3_trunk_disease,,,,1,,,,,
StemBleeding551,coconut-tree-disease,Dataset/Coconut Tree Disease Dataset/Stem Bleeding/StemBleeding551.jpg,stembleed,3_trunk_disease,,,,2,,,,,
StemBleeding552,coconut-tree-disease,Dataset/Coconut Tree Disease Dataset/Stem Bleeding/StemBleeding552.jpg,stembleed,3_trunk_disease,,,,0,,,,,
StemBleeding553,coconut-tree-disease,Dataset/Coconut Tree Disease Dataset/Stem Bleeding/StemBleeding553.jpg,stembleed,3_trunk_disease,,,,0,,,,,
StemBleeding554,coconut-tree-disease,Dataset/Coconut Tree Disease Dataset/Stem Bleeding/StemBleeding554.jpg,stembleed,3_trunk_disease,,,,4,,,,,
StemBleeding555,coconut-tree-disease,Dataset/Coconut Tree Disease Dataset/Stem Bleeding/StemBleeding555.jpg,stembleed,3_trunk_disease,,,,4,,,,,
StemBleeding556,coconut-tree-disease,Dataset/Coconut Tree Disease Dataset/Stem Bleeding/StemBleeding556.jpg,stembleed,3_trunk_disease,,,,2,,,,,
StemBleeding557,coconut-tree-disease,Dataset/Coconut Tree Disease Dataset/Stem Bleeding/StemBleeding557.jpg,stembleed,3_trunk_disease,,,,0,,,,,
StemBleeding558,coconut-tree-disease,Dataset/Coconut Tree Disease Dataset/Stem Bleeding/StemBleeding558.jpg,stembleed,3_trunk_disease,,,,0,,,,,
StemBleeding559,coconut-tree-disease,Dataset/Coconut Tree Disease Dataset/Stem Bleeding/StemBleeding559.jpg,stembleed,3_trunk_disease,,,,4,,,,,
StemBleeding560,coconut-tree-disease,Dataset/Coconut Tree Disease Dataset/Stem Bleeding/StemBleeding560.jpg,stembleed,3_trunk_disease,,,,0,,,,,
StemBleeding561,coconut-tree-disease,Dataset/Coconut Tree Disease Dataset/Stem Bleeding/StemBleeding561.jpg,stembleed,3_trunk_disease,,,,3,,,,,
StemBleeding562,coconut-tree-disease,Dataset/Coconut Tree Disease Dataset/Stem Bleeding/StemBleeding562.jpg,stembleed,3_trunk_disease,,,,1,,,,,
StemBleeding563,coconut-tree-disease,Dataset/Coconut Tree Disease Dataset/Stem Bleeding/StemBleeding563.jpg,stembleed,3_trunk_disease,,,,2,,,,,
StemBleeding564,coconut-tree-disease,Dataset/Coconut Tree Disease Dataset/Stem Bleeding/StemBleeding564.jpg,stembleed,3_trunk_disease,,,,1,,,,,
StemBleeding565,coconut-tree-disease,Dataset/Coconut Tree Disease Dataset/Stem Bleeding/StemBleeding565.jpg,stembleed,3_trunk_disease,,,,4,,,,,
StemBleeding566,coconut-tree-disease,Dataset/Coconut Tree Disease Dataset/Stem Bleeding/StemBleeding566.jpg,stembleed,3_trunk_disease,,,,3,,,,,
StemBleeding567,coconut-tree-disease,Dataset/Coconut Tree Disease Dataset/Stem Bleeding/StemBleeding567.jpg,stembleed,3_trunk_disease,,,,0,,,,,
StemBleeding568,coconut-tree-disease,Dataset/Coconut Tree Disease Dataset/Stem Bleeding/StemBleeding568.jpg,stembleed,3_trunk_disease,,,,2,,,,,
StemBleeding569,coconut-tree-disease,Dataset/Coconut Tree Disease Dataset/Stem Bleeding/StemBleeding569.jpg,stembleed,3_trunk_disease,,,,0,,,,,
StemBleeding570,coconut-tree-disease,Dataset/Coconut Tree Disease Dataset/Stem Bleeding/StemBleeding570.jpg,stembleed,3_trunk_disease,,,,4,,,,,
StemBleeding571,coconut-tree-disease,Dataset/Coconut Tree Disease Dataset/Stem Bleeding/StemBleeding571.jpg,stembleed,3_trunk_disease,,,,4,,,,,
StemBleeding572,coconut-tree-disease,Dataset/Coconut Tree Disease Dataset/Stem Bleeding/StemBleeding572.jpg,stembleed,3_trunk_disease,,,,0,,,,,
StemBleeding573,coconut-tree-disease,Dataset/Coconut Tree Disease Dataset/Stem Bleeding/StemBleeding573.jpg,stembleed,3_trunk_disease,,,,0,,,,,
StemBleeding574,coconut-tree-disease,Dataset/Coconut Tree Disease Dataset/Stem Bleeding/StemBleeding574.jpg,stembleed,3_trunk_disease,,,,0,,,,,
StemBleeding575,coconut-tree-disease,Dataset/Coconut Tree Disease Dataset/Stem Bleeding/StemBleeding575.jpg,stembleed,3_trunk_disease,,,,1,,,,,
StemBleeding576,coconut-tree-disease,Dataset/Coconut Tree Disease Dataset/Stem Bleeding/StemBleeding576.jpg,stembleed,3_trunk_disease,,,,1,,,,,
StemBleeding577,coconut-tree-disease,Dataset/Coconut Tree Disease Dataset/Stem Bleeding/StemBleeding577.jpg,stembleed,3_trunk_disease,,,,1,,,,,
StemBleeding578,coconut-tree-disease,Dataset/Coconut Tree Disease Dataset/Stem Bleeding/StemBleeding578.jpg,stembleed,3_trunk_disease,,,,1,,,,,
StemBleeding579,coconut-tree-disease,Dataset/Coconut Tree Disease Dataset/Stem Bleeding/StemBleeding579.jpg,stembleed,3_trunk_disease,,,,4,,,,,
StemBleeding580,coconut-tree-disease,Dataset/Coconut Tree Disease Dataset/Stem Bleeding/StemBleeding580.jpg,stembleed,3_trunk_disease,,,,3,,,,,
StemBleeding581,coconut-tree-disease,Dataset/Coconut Tree Disease Dataset/Stem Bleeding/StemBleeding581.jpg,stembleed,3_trunk_disease,,,,2,,,,,
StemBleeding582,coconut-tree-disease,Dataset/Coconut Tree Disease Dataset/Stem Bleeding/StemBleeding582.jpg,stembleed,3_trunk_disease,,,,4,,,,,
StemBleeding583,coconut-tree-disease,Dataset/Coconut Tree Disease Dataset/Stem Bleeding/StemBleeding583.jpg,stembleed,3_trunk_disease,,,,1,,,,,
StemBleeding584,coconut-tree-disease,Dataset/Coconut Tree Disease Dataset/Stem Bleeding/StemBleeding584.jpg,stembleed,3_trunk_disease,,,,4,,,,,
StemBleeding585,coconut-tree-disease,Dataset/Coconut Tree Disease Dataset/Stem Bleeding/StemBleeding585.jpg,stembleed,3_trunk_disease,,,,2,,,,,
StemBleeding586,coconut-tree-disease,Dataset/Coconut Tree Disease Dataset/Stem Bleeding/StemBleeding586.jpg,stembleed,3_trunk_disease,,,,2,,,,,
StemBleeding587,coconut-tree-disease,Dataset/Coconut Tree Disease Dataset/Stem Bleeding/StemBleeding587.jpg,stembleed,3_trunk_disease,,,,2,,,,,
StemBleeding588,coconut-tree-disease,Dataset/Coconut Tree Disease Dataset/Stem Bleeding/StemBleeding588.jpg,stembleed,3_trunk_disease,,,,2,,,,,
StemBleeding589,coconut-tree-disease,Dataset/Coconut Tree Disease Dataset/Stem Bleeding/StemBleeding589.jpg,stembleed,3_trunk_disease,,,,4,,,,,
StemBleeding590,coconut-tree-disease,Dataset/Coconut Tree Disease Dataset/Stem Bleeding/StemBleeding590.jpg,stembleed,3_trunk_disease,,,,1,,,,,
StemBleeding591,coconut-tree-disease,Dataset/Coconut Tree Disease Dataset/Stem Bleeding/StemBleeding591.jpg,stembleed,3_trunk_disease,,,,4,,,,,
StemBleeding592,coconut-tree-disease,Dataset/Coconut Tree Disease Dataset/Stem Bleeding/StemBleeding592.jpg,stembleed,3_trunk_disease,,,,3,,,,,
StemBleeding593,coconut-tree-disease,Dataset/Coconut Tree Disease Dataset/Stem Bleeding/StemBleeding593.jpg,stembleed,3_trunk_disease,,,,1,,,,,
StemBleeding594,coconut-tree-disease,Dataset/Coconut Tree Disease Dataset/Stem Bleeding/StemBleeding594.jpg,stembleed,3_trunk_disease,,,,2,,,,,
StemBleeding595,coconut-tree-disease,Dataset/Coconut Tree Disease Dataset/Stem Bleeding/StemBleeding595.jpg,stembleed,3_trunk_disease,,,,2,,,,,
StemBleeding596,coconut-tree-disease,Dataset/Coconut Tree Disease Dataset/Stem Bleeding/StemBleeding596.jpg,stembleed,3_trunk_disease,,,,1,,,,,
StemBleeding597,coconut-tree-disease,Dataset/Coconut Tree Disease Dataset/Stem Bleeding/StemBleeding597.jpg,stembleed,3_trunk_disease,,,,0,,,,,
StemBleeding598,coconut-tree-disease,Dataset/Coconut Tree Disease Dataset/Stem Bleeding/StemBleeding598.jpg,stembleed,3_trunk_disease,,,,1,,,,,
StemBleeding599,coconut-tree-disease,Dataset/Coconut Tree Disease Dataset/Stem Bleeding/StemBleeding599.jpg,stembleed,3_trunk_disease,,,,0,,,,,
StemBleeding600,coconut-tree-disease,Dataset/Coconut Tree Disease Dataset/Stem Bleeding/StemBleeding600.jpg,stembleed,3_trunk_disease,,,,4,,,,,
StemBleeding601,coconut-tree-disease,Dataset/Coconut Tree Disease Dataset/Stem Bleeding/StemBleeding601.jpg,stembleed,3_trunk_disease,,,,0,,,,,
StemBleeding602,coconut-tree-disease,Dataset/Coconut Tree Disease Dataset/Stem Bleeding/StemBleeding602.jpg,stembleed,3_trunk_disease,,,,2,,,,,
StemBleeding603,coconut-tree-disease,Dataset/Coconut Tree Disease Dataset/Stem Bleeding/StemBleeding603.jpg,stembleed,3_trunk_disease,,,,4,,,,,
StemBleeding604,coconut-tree-disease,Dataset/Coconut Tree Disease Dataset/Stem Bleeding/StemBleeding604.jpg,stembleed,3_trunk_disease,,,,4,,,,,
StemBleeding605,coconut-tree-disease,Dataset/Coconut Tree Disease Dataset/Stem Bleeding/StemBleeding605.jpg,stembleed,3_trunk_disease,,,,3,,,,,
StemBleeding606,coconut-tree-disease,Dataset/Coconut Tree Disease Dataset/Stem Bleeding/StemBleeding606.jpg,stembleed,3_trunk_disease,,,,4,,,,,
StemBleeding607,coconut-tree-disease,Dataset/Coconut Tree Disease Dataset/Stem Bleeding/StemBleeding607.jpg,stembleed,3_trunk_disease,,,,2,,,,,
StemBleeding608,coconut-tree-disease,Dataset/Coconut Tree Disease Dataset/Stem Bleeding/StemBleeding608.jpg,stembleed,3_trunk_disease,,,,1,,,,,
StemBleeding609,coconut-tree-disease,Dataset/Coconut Tree Disease Dataset/Stem Bleeding/StemBleeding609.jpg,stembleed,3_trunk_disease,,,,1,,,,,
StemBleeding610,coconut-tree-disease,Dataset/Coconut Tree Disease Dataset/Stem Bleeding/StemBleeding610.jpg,stembleed,3_trunk_disease,,,,1,,,,,
StemBleeding611,coconut-tree-disease,Dataset/Coconut Tree Disease Dataset/Stem Bleeding/StemBleeding611.jpg,stembleed,3_trunk_disease,,,,2,,,,,
StemBleeding612,coconut-tree-disease,Dataset/Coconut Tree Disease Dataset/Stem Bleeding/StemBleeding612.jpg,stembleed,3_trunk_disease,,,,2,,,,,
StemBleeding613,coconut-tree-disease,Dataset/Coconut Tree Disease Dataset/Stem Bleeding/StemBleeding613.jpg,stembleed,3_trunk_disease,,,,0,,,,,
StemBleeding614,coconut-tree-disease,Dataset/Coconut Tree Disease Dataset/Stem Bleeding/StemBleeding614.jpg,stembleed,3_trunk_disease,,,,3,,,,,
StemBleeding615,coconut-tree-disease,Dataset/Coconut Tree Disease Dataset/Stem Bleeding/StemBleeding615.jpg,stembleed,3_trunk_disease,,,,4,,,,,
StemBleeding616,coconut-tree-disease,Dataset/Coconut Tree Disease Dataset/Stem Bleeding/StemBleeding616.jpg,stembleed,3_trunk_disease,,,,3,,,,,
StemBleeding617,coconut-tree-disease,Dataset/Coconut Tree Disease Dataset/Stem Bleeding/StemBleeding617.jpg,stembleed,3_trunk_disease,,,,3,,,,,
StemBleeding618,coconut-tree-disease,Dataset/Coconut Tree Disease Dataset/Stem Bleeding/StemBleeding618.jpg,stembleed,3_trunk_disease,,,,3,,,,,
StemBleeding619,coconut-tree-disease,Dataset/Coconut Tree Disease Dataset/Stem Bleeding/StemBleeding619.jpg,stembleed,3_trunk_disease,,,,1,,,,,
StemBleeding620,coconut-tree-disease,Dataset/Coconut Tree Disease Dataset/Stem Bleeding/StemBleeding620.jpg,stembleed,3_trunk_disease,,,,2,,,,,
StemBleeding621,coconut-tree-disease,Dataset/Coconut Tree Disease Dataset/Stem Bleeding/StemBleeding621.jpg,stembleed,3_trunk_disease,,,,2,,,,,
StemBleeding622,coconut-tree-disease,Dataset/Coconut Tree Disease Dataset/Stem Bleeding/StemBleeding622.jpg,stembleed,3_trunk_disease,,,,2,,,,,
StemBleeding623,coconut-tree-disease,Dataset/Coconut Tree Disease Dataset/Stem Bleeding/StemBleeding623.jpg,stembleed,3_trunk_disease,,,,1,,,,,
StemBleeding624,coconut-tree-disease,Dataset/Coconut Tree Disease Dataset/Stem Bleeding/StemBleeding624.jpg,stembleed,3_trunk_disease,,,,3,,,,,
StemBleeding625,coconut-tree-disease,Dataset/Coconut Tree Disease Dataset/Stem Bleeding/StemBleeding625.jpg,stembleed,3_trunk_disease,,,,4,,,,,
StemBleeding626,coconut-tree-disease,Dataset/Coconut Tree Disease Dataset/Stem Bleeding/StemBleeding626.jpg,stembleed,3_trunk_disease,,,,4,,,,,
StemBleeding627,coconut-tree-disease,Dataset/Coconut Tree Disease Dataset/Stem Bleeding/StemBleeding627.jpg,stembleed,3_trunk_disease,,,,1,,,,,
StemBleeding628,coconut-tree-disease,Dataset/Coconut Tree Disease Dataset/Stem Bleeding/StemBleeding628.jpg,stembleed,3_trunk_disease,,,,2,,,,,
StemBleeding629,coconut-tree-disease,Dataset/Coconut Tree Disease Dataset/Stem Bleeding/StemBleeding629.jpg,stembleed,3_trunk_disease,,,,3,,,,,
StemBleeding630,coconut-tree-disease,Dataset/Coconut Tree Disease Dataset/Stem Bleeding/StemBleeding630.jpg,stembleed,3_trunk_disease,,,,1,,,,,
StemBleeding631,coconut-tree-disease,Dataset/Coconut Tree Disease Dataset/Stem Bleeding/StemBleeding631.jpg,stembleed,3_trunk_disease,,,,2,,,,,
StemBleeding632,coconut-tree-disease,Dataset/Coconut Tree Disease Dataset/Stem Bleeding/StemBleeding632.jpg,stembleed,3_trunk_disease,,,,3,,,,,
StemBleeding633,coconut-tree-disease,Dataset/Coconut Tree Disease Dataset/Stem Bleeding/StemBleeding633.jpg,stembleed,3_trunk_disease,,,,4,,,,,
StemBleeding634,coconut-tree-disease,Dataset/Coconut Tree Disease Dataset/Stem Bleeding/StemBleeding634.jpg,stembleed,3_trunk_disease,,,,4,,,,,
StemBleeding635,coconut-tree-disease,Dataset/Coconut Tree Disease Dataset/Stem Bleeding/StemBleeding635.jpg,stembleed,3_trunk_disease,,,,1,,,,,
StemBleeding636,coconut-tree-disease,Dataset/Coconut Tree Disease Dataset/Stem Bleeding/StemBleeding636.jpg,stembleed,3_trunk_disease,,,,4,,,,,
StemBleeding637,coconut-tree-disease,Dataset/Coconut Tree Disease Dataset/Stem Bleeding/StemBleeding637.jpg,stembleed,3_trunk_disease,,,,2,,,,,
StemBleeding638,coconut-tree-disease,Dataset/Coconut Tree Disease Dataset/Stem Bleeding/StemBleeding638.jpg,stembleed,3_trunk_disease,,,,0,,,,,
StemBleeding639,coconut-tree-disease,Dataset/Coconut Tree Disease Dataset/Stem Bleeding/StemBleeding639.jpg,stembleed,3_trunk_disease,,,,1,,,,,
StemBleeding640,coconut-tree-disease,Dataset/Coconut Tree Disease Dataset/Stem Bleeding/StemBleeding640.jpg,stembleed,3_trunk_disease,,,,0,,,,,
StemBleeding641,coconut-tree-disease,Dataset/Coconut Tree Disease Dataset/Stem Bleeding/StemBleeding641.jpg,stembleed,3_trunk_disease,,,,0,,,,,
StemBleeding642,coconut-tree-disease,Dataset/Coconut Tree Disease Dataset/Stem Bleeding/StemBleeding642.jpg,stembleed,3_trunk_disease,,,,1,,,,,
StemBleeding643,coconut-tree-disease,Dataset/Coconut Tree Disease Dataset/Stem Bleeding/StemBleeding643.jpg,stembleed,3_trunk_disease,,,,2,,,,,
StemBleeding644,coconut-tree-disease,Dataset/Coconut Tree Disease Dataset/Stem Bleeding/StemBleeding644.jpg,stembleed,3_trunk_disease,,,,3,,,,,
StemBleeding645,coconut-tree-disease,Dataset/Coconut Tree Disease Dataset/Stem Bleeding/StemBleeding645.jpg,stembleed,3_trunk_disease,,,,2,,,,,
StemBleeding646,coconut-tree-disease,Dataset/Coconut Tree Disease Dataset/Stem Bleeding/StemBleeding646.jpg,stembleed,3_trunk_disease,,,,4,,,,,
StemBleeding647,coconut-tree-disease,Dataset/Coconut Tree Disease Dataset/Stem Bleeding/StemBleeding647.jpg,stembleed,3_trunk_disease,,,,2,,,,,
StemBleeding648,coconut-tree-disease,Dataset/Coconut Tree Disease Dataset/Stem Bleeding/StemBleeding648.jpg,stembleed,3_trunk_disease,,,,3,,,,,
StemBleeding649,coconut-tree-disease,Dataset/Coconut Tree Disease Dataset/Stem Bleeding/StemBleeding649.jpg,stembleed,3_trunk_disease,,,,4,,,,,
StemBleeding650,coconut-tree-disease,Dataset/Coconut Tree Disease Dataset/Stem Bleeding/StemBleeding650.jpg,stembleed,3_trunk_disease,,,,0,,,,,
StemBleeding651,coconut-tree-disease,Dataset/Coconut Tree Disease Dataset/Stem Bleeding/StemBleeding651.jpg,stembleed,3_trunk_disease,,,,0,,,,,
StemBleeding652,coconut-tree-disease,Dataset/Coconut Tree Disease Dataset/Stem Bleeding/StemBleeding652.jpg,stembleed,3_trunk_disease,,,,0,,,,,
StemBleeding653,coconut-tree-disease,Dataset/Coconut Tree Disease Dataset/Stem Bleeding/StemBleeding653.jpg,stembleed,3_trunk_disease,,,,0,,,,,
StemBleeding654,coconut-tree-disease,Dataset/Coconut Tree Disease Dataset/Stem Bleeding/StemBleeding654.jpg,stembleed,3_trunk_disease,,,,0,,,,,
StemBleeding655,coconut-tree-disease,Dataset/Coconut Tree Disease Dataset/Stem Bleeding/StemBleeding655.jpg,stembleed,3_trunk_disease,,,,3,,,,,
StemBleeding656,coconut-tree-disease,Dataset/Coconut Tree Disease Dataset/Stem Bleeding/StemBleeding656.jpg,stembleed,3_trunk_disease,,,,1,,,,,
StemBleeding657,coconut-tree-disease,Dataset/Coconut Tree Disease Dataset/Stem Bleeding/StemBleeding657.jpg,stembleed,3_trunk_disease,,,,1,,,,,
StemBleeding658,coconut-tree-disease,Dataset/Coconut Tree Disease Dataset/Stem Bleeding/StemBleeding658.jpg,stembleed,3_trunk_disease,,,,4,,,,,
StemBleeding659,coconut-tree-disease,Dataset/Coconut Tree Disease Dataset/Stem Bleeding/StemBleeding659.jpg,stembleed,3_trunk_disease,,,,2,,,,,
StemBleeding660,coconut-tree-disease,Dataset/Coconut Tree Disease Dataset/Stem Bleeding/StemBleeding660.jpg,stembleed,3_trunk_disease,,,,1,,,,,
StemBleeding661,coconut-tree-disease,Dataset/Coconut Tree Disease Dataset/Stem Bleeding/StemBleeding661.jpg,stembleed,3_trunk_disease,,,,4,,,,,
StemBleeding662,coconut-tree-disease,Dataset/Coconut Tree Disease Dataset/Stem Bleeding/StemBleeding662.jpg,stembleed,3_trunk_disease,,,,2,,,,,
StemBleeding663,coconut-tree-disease,Dataset/Coconut Tree Disease Dataset/Stem Bleeding/StemBleeding663.jpg,stembleed,3_trunk_disease,,,,4,,,,,
StemBleeding664,coconut-tree-disease,Dataset/Coconut Tree Disease Dataset/Stem Bleeding/StemBleeding664.jpg,stembleed,3_trunk_disease,,,,3,,,,,
StemBleeding665,coconut-tree-disease,Dataset/Coconut Tree Disease Dataset/Stem Bleeding/StemBleeding665.jpg,stembleed,3_trunk_disease,,,,1,,,,,
StemBleeding666,coconut-tree-disease,Dataset/Coconut Tree Disease Dataset/Stem Bleeding/StemBleeding666.jpg,stembleed,3_trunk_disease,,,,4,,,,,
StemBleeding667,coconut-tree-disease,Dataset/Coconut Tree Disease Dataset/Stem Bleeding/StemBleeding667.jpg,stembleed,3_trunk_disease,,,,0,,,,,
StemBleeding668,coconut-tree-disease,Dataset/Coconut Tree Disease Dataset/Stem Bleeding/StemBleeding668.jpg,stembleed,3_trunk_disease,,,,4,,,,,
StemBleeding669,coconut-tree-disease,Dataset/Coconut Tree Disease Dataset/Stem Bleeding/StemBleeding669.jpg,stembleed,3_trunk_disease,,,,2,,,,,
StemBleeding670,coconut-tree-disease,Dataset/Coconut Tree Disease Dataset/Stem Bleeding/StemBleeding670.jpg,stembleed,3_trunk_disease,,,,4,,,,,
StemBleeding671,coconut-tree-disease,Dataset/Coconut Tree Disease Dataset/Stem Bleeding/StemBleeding671.jpg,stembleed,3_trunk_disease,,,,4,,,,,
StemBleeding672,coconut-tree-disease,Dataset/Coconut Tree Disease Dataset/Stem Bleeding/StemBleeding672.jpg,stembleed,3_trunk_disease,,,,4,,,,,
StemBleeding673,coconut-tree-disease,Dataset/Coconut Tree Disease Dataset/Stem Bleeding/StemBleeding673.jpg,stembleed,3_trunk_disease,,,,1,,,,,
StemBleeding674,coconut-tree-disease,Dataset/Coconut Tree Disease Dataset/Stem Bleeding/StemBleeding674.jpg,stembleed,3_trunk_disease,,,,4,,,,,
StemBleeding675,coconut-tree-disease,Dataset/Coconut Tree Disease Dataset/Stem Bleeding/StemBleeding675.jpg,stembleed,3_trunk_disease,,,,0,,,,,
StemBleeding676,coconut-tree-disease,Dataset/Coconut Tree Disease Dataset/Stem Bleeding/StemBleeding676.jpg,stembleed,3_trunk_disease,,,,4,,,,,
StemBleeding677,coconut-tree-disease,Dataset/Coconut Tree Disease Dataset/Stem Bleeding/StemBleeding677.jpg,stembleed,3_trunk_disease,,,,0,,,,,
StemBleeding678,coconut-tree-disease,Dataset/Coconut Tree Disease Dataset/Stem Bleeding/StemBleeding678.jpg,stembleed,3_trunk_disease,,,,1,,,,,
StemBleeding679,coconut-tree-disease,Dataset/Coconut Tree Disease Dataset/Stem Bleeding/StemBleeding679.jpg,stembleed,3_trunk_disease,,,,0,,,,,
StemBleeding680,coconut-tree-disease,Dataset/Coconut Tree Disease Dataset/Stem Bleeding/StemBleeding680.jpg,stembleed,3_trunk_disease,,,,1,,,,,
StemBleeding681,coconut-tree-disease,Dataset/Coconut Tree Disease Dataset/Stem Bleeding/StemBleeding681.jpg,stembleed,3_trunk_disease,,,,3,,,,,
StemBleeding682,coconut-tree-disease,Dataset/Coconut Tree Disease Dataset/Stem Bleeding/StemBleeding682.jpg,stembleed,3_trunk_disease,,,,0,,,,,
StemBleeding683,coconut-tree-disease,Dataset/Coconut Tree Disease Dataset/Stem Bleeding/StemBleeding683.jpg,stembleed,3_trunk_disease,,,,2,,,,,
StemBleeding684,coconut-tree-disease,Dataset/Coconut Tree Disease Dataset/Stem Bleeding/StemBleeding684.jpg,stembleed,3_trunk_disease,,,,3,,,,,
StemBleeding685,coconut-tree-disease,Dataset/Coconut Tree Disease Dataset/Stem Bleeding/StemBleeding685.jpg,stembleed,3_trunk_disease,,,,4,,,,,
StemBleeding686,coconut-tree-disease,Dataset/Coconut Tree Disease Dataset/Stem Bleeding/StemBleeding686.jpg,stembleed,3_trunk_disease,,,,3,,,,,
StemBleeding687,coconut-tree-disease,Dataset/Coconut Tree Disease Dataset/Stem Bleeding/StemBleeding687.jpg,stembleed,3_trunk_disease,,,,3,,,,,
StemBleeding688,coconut-tree-disease,Dataset/Coconut Tree Disease Dataset/Stem Bleeding/StemBleeding688.jpg,stembleed,3_trunk_disease,,,,2,,,,,
StemBleeding689,coconut-tree-disease,Dataset/Coconut Tree Disease Dataset/Stem Bleeding/StemBleeding689.jpg,stembleed,3_trunk_disease,,,,2,,,,,
StemBleeding690,coconut-tree-disease,Dataset/Coconut Tree Disease Dataset/Stem Bleeding/StemBleeding690.jpg,stembleed,3_trunk_disease,,,,2,,,,,
StemBleeding691,coconut-tree-disease,Dataset/Coconut Tree Disease Dataset/Stem Bleeding/StemBleeding691.jpg,stembleed,3_trunk_disease,,,,0,,,,,
StemBleeding692,coconut-tree-disease,Dataset/Coconut Tree Disease Dataset/Stem Bleeding/StemBleeding692.jpg,stembleed,3_trunk_disease,,,,2,,,,,
StemBleeding693,coconut-tree-disease,Dataset/Coconut Tree Disease Dataset/Stem Bleeding/StemBleeding693.jpg,stembleed,3_trunk_disease,,,,3,,,,,
StemBleeding694,coconut-tree-disease,Dataset/Coconut Tree Disease Dataset/Stem Bleeding/StemBleeding694.jpg,stembleed,3_trunk_disease,,,,1,,,,,
StemBleeding695,coconut-tree-disease,Dataset/Coconut Tree Disease Dataset/Stem Bleeding/StemBleeding695.jpg,stembleed,3_trunk_disease,,,,3,,,,,
StemBleeding696,coconut-tree-disease,Dataset/Coconut Tree Disease Dataset/Stem Bleeding/StemBleeding696.jpg,stembleed,3_trunk_disease,,,,0,,,,,
StemBleeding697,coconut-tree-disease,Dataset/Coconut Tree Disease Dataset/Stem Bleeding/StemBleeding697.jpg,stembleed,3_trunk_disease,,,,4,,,,,
StemBleeding698,coconut-tree-disease,Dataset/Coconut Tree Disease Dataset/Stem Bleeding/StemBleeding698.jpg,stembleed,3_trunk_disease,,,,2,,,,,
StemBleeding699,coconut-tree-disease,Dataset/Coconut Tree Disease Dataset/Stem Bleeding/StemBleeding699.jpg,stembleed,3_trunk_disease,,,,1,,,,,
StemBleeding700,coconut-tree-disease,Dataset/Coconut Tree Disease Dataset/Stem Bleeding/StemBleeding700.jpg,stembleed,3_trunk_disease,,,,2,,,,,
StemBleeding701,coconut-tree-disease,Dataset/Coconut Tree Disease Dataset/Stem Bleeding/StemBleeding701.jpg,stembleed,3_trunk_disease,,,,1,,,,,
StemBleeding702,coconut-tree-disease,Dataset/Coconut Tree Disease Dataset/Stem Bleeding/StemBleeding702.jpg,stembleed,3_trunk_disease,,,,0,,,,,
StemBleeding703,coconut-tree-disease,Dataset/Coconut Tree Disease Dataset/Stem Bleeding/StemBleeding703.jpg,stembleed,3_trunk_disease,,,,2,,,,,
StemBleeding704,coconut-tree-disease,Dataset/Coconut Tree Disease Dataset/Stem Bleeding/StemBleeding704.jpg,stembleed,3_trunk_disease,,,,1,,,,,
StemBleeding705,coconut-tree-disease,Dataset/Coconut Tree Disease Dataset/Stem Bleeding/StemBleeding705.jpg,stembleed,3_trunk_disease,,,,1,,,,,
StemBleeding706,coconut-tree-disease,Dataset/Coconut Tree Disease Dataset/Stem Bleeding/StemBleeding706.jpg,stembleed,3_trunk_disease,,,,2,,,,,
StemBleeding707,coconut-tree-disease,Dataset/Coconut Tree Disease Dataset/Stem Bleeding/StemBleeding707.jpg,stembleed,3_trunk_disease,,,,3,,,,,
StemBleeding708,coconut-tree-disease,Dataset/Coconut Tree Disease Dataset/Stem Bleeding/StemBleeding708.jpg,stembleed,3_trunk_disease,,,,0,,,,,
StemBleeding709,coconut-tree-disease,Dataset/Coconut Tree Disease Dataset/Stem Bleeding/StemBleeding709.jpg,stembleed,3_trunk_disease,,,,2,,,,,
StemBleeding710,coconut-tree-disease,Dataset/Coconut Tree Disease Dataset/Stem Bleeding/StemBleeding710.jpg,stembleed,3_trunk_disease,,,,2,,,,,
StemBleeding711,coconut-tree-disease,Dataset/Coconut Tree Disease Dataset/Stem Bleeding/StemBleeding711.jpg,stembleed,3_trunk_disease,,,,0,,,,,
StemBleeding712,coconut-tree-disease,Dataset/Coconut Tree Disease Dataset/Stem Bleeding/StemBleeding712.jpg,stembleed,3_trunk_disease,,,,0,,,,,
StemBleeding713,coconut-tree-disease,Dataset/Coconut Tree Disease Dataset/Stem Bleeding/StemBleeding713.jpg,stembleed,3_trunk_disease,,,,0,,,,,
StemBleeding714,coconut-tree-disease,Dataset/Coconut Tree Disease Dataset/Stem Bleeding/StemBleeding714.jpg,stembleed,3_trunk_disease,,,,3,,,,,
StemBleeding715,coconut-tree-disease,Dataset/Coconut Tree Disease Dataset/Stem Bleeding/StemBleeding715.jpg,stembleed,3_trunk_disease,,,,0,,,,,
StemBleeding716,coconut-tree-disease,Dataset/Coconut Tree Disease Dataset/Stem Bleeding/StemBleeding716.jpg,stembleed,3_trunk_disease,,,,0,,,,,
StemBleeding717,coconut-tree-disease,Dataset/Coconut Tree Disease Dataset/Stem Bleeding/StemBleeding717.jpg,stembleed,3_trunk_disease,,,,4,,,,,
StemBleeding718,coconut-tree-disease,Dataset/Coconut Tree Disease Dataset/Stem Bleeding/StemBleeding718.jpg,stembleed,3_trunk_disease,,,,0,,,,,
StemBleeding719,coconut-tree-disease,Dataset/Coconut Tree Disease Dataset/Stem Bleeding/StemBleeding719.jpg,stembleed,3_trunk_disease,,,,0,,,,,
StemBleeding720,coconut-tree-disease,Dataset/Coconut Tree Disease Dataset/Stem Bleeding/StemBleeding720.jpg,stembleed,3_trunk_disease,,,,3,,,,,
StemBleeding721,coconut-tree-disease,Dataset/Coconut Tree Disease Dataset/Stem Bleeding/StemBleeding721.jpg,stembleed,3_trunk_disease,,,,3,,,,,
StemBleeding722,coconut-tree-disease,Dataset/Coconut Tree Disease Dataset/Stem Bleeding/StemBleeding722.jpg,stembleed,3_trunk_disease,,,,2,,,,,
StemBleeding723,coconut-tree-disease,Dataset/Coconut Tree Disease Dataset/Stem Bleeding/StemBleeding723.jpg,stembleed,3_trunk_disease,,,,4,,,,,
StemBleeding724,coconut-tree-disease,Dataset/Coconut Tree Disease Dataset/Stem Bleeding/StemBleeding724.jpg,stembleed,3_trunk_disease,,,,3,,,,,
StemBleeding725,coconut-tree-disease,Dataset/Coconut Tree Disease Dataset/Stem Bleeding/StemBleeding725.jpg,stembleed,3_trunk_disease,,,,0,,,,,
StemBleeding726,coconut-tree-disease,Dataset/Coconut Tree Disease Dataset/Stem Bleeding/StemBleeding726.jpg,stembleed,3_trunk_disease,,,,2,,,,,
StemBleeding727,coconut-tree-disease,Dataset/Coconut Tree Disease Dataset/Stem Bleeding/StemBleeding727.jpg,stembleed,3_trunk_disease,,,,3,,,,,
StemBleeding728,coconut-tree-disease,Dataset/Coconut Tree Disease Dataset/Stem Bleeding/StemBleeding728.jpg,stembleed,3_trunk_disease,,,,1,,,,,
StemBleeding729,coconut-tree-disease,Dataset/Coconut Tree Disease Dataset/Stem Bleeding/StemBleeding729.jpg,stembleed,3_trunk_disease,,,,1,,,,,
StemBleeding730,coconut-tree-disease,Dataset/Coconut Tree Disease Dataset/Stem Bleeding/StemBleeding730.jpg,stembleed,3_trunk_disease,,,,4,,,,,
StemBleeding731,coconut-tree-disease,Dataset/Coconut Tree Disease Dataset/Stem Bleeding/StemBleeding731.jpg,stembleed,3_trunk_disease,,,,1,,,,,
StemBleeding732,coconut-tree-disease,Dataset/Coconut Tree Disease Dataset/Stem Bleeding/StemBleeding732.jpg,stembleed,3_trunk_disease,,,,4,,,,,
StemBleeding733,coconut-tree-disease,Dataset/Coconut Tree Disease Dataset/Stem Bleeding/StemBleeding733.jpg,stembleed,3_trunk_disease,,,,4,,,,,
StemBleeding734,coconut-tree-disease,Dataset/Coconut Tree Disease Dataset/Stem Bleeding/StemBleeding734.jpg,stembleed,3_trunk_disease,,,,2,,,,,
StemBleeding735,coconut-tree-disease,Dataset/Coconut Tree Disease Dataset/Stem Bleeding/StemBleeding735.jpg,stembleed,3_trunk_disease,,,,0,,,,,
StemBleeding736,coconut-tree-disease,Dataset/Coconut Tree Disease Dataset/Stem Bleeding/StemBleeding736.jpg,stembleed,3_trunk_disease,,,,1,,,,,
StemBleeding737,coconut-tree-disease,Dataset/Coconut Tree Disease Dataset/Stem Bleeding/StemBleeding737.jpg,stembleed,3_trunk_disease,,,,0,,,,,
StemBleeding738,coconut-tree-disease,Dataset/Coconut Tree Disease Dataset/Stem Bleeding/StemBleeding738.jpg,stembleed,3_trunk_disease,,,,3,,,,,
StemBleeding739,coconut-tree-disease,Dataset/Coconut Tree Disease Dataset/Stem Bleeding/StemBleeding739.jpg,stembleed,3_trunk_disease,,,,3,,,,,
StemBleeding740,coconut-tree-disease,Dataset/Coconut Tree Disease Dataset/Stem Bleeding/StemBleeding740.jpg,stembleed,3_trunk_disease,,,,0,,,,,
StemBleeding741,coconut-tree-disease,Dataset/Coconut Tree Disease Dataset/Stem Bleeding/StemBleeding741.jpg,stembleed,3_trunk_disease,,,,0,,,,,
StemBleeding742,coconut-tree-disease,Dataset/Coconut Tree Disease Dataset/Stem Bleeding/StemBleeding742.jpg,stembleed,3_trunk_disease,,,,3,,,,,
StemBleeding743,coconut-tree-disease,Dataset/Coconut Tree Disease Dataset/Stem Bleeding/StemBleeding743.jpg,stembleed,3_trunk_disease,,,,3,,,,,
StemBleeding744,coconut-tree-disease,Dataset/Coconut Tree Disease Dataset/Stem Bleeding/StemBleeding744.jpg,stembleed,3_trunk_disease,,,,3,,,,,
StemBleeding745,coconut-tree-disease,Dataset/Coconut Tree Disease Dataset/Stem Bleeding/StemBleeding745.jpg,stembleed,3_trunk_disease,,,,2,,,,,
StemBleeding746,coconut-tree-disease,Dataset/Coconut Tree Disease Dataset/Stem Bleeding/StemBleeding746.jpg,stembleed,3_trunk_disease,,,,4,,,,,
StemBleeding747,coconut-tree-disease,Dataset/Coconut Tree Disease Dataset/Stem Bleeding/StemBleeding747.jpg,stembleed,3_trunk_disease,,,,0,,,,,
StemBleeding748,coconut-tree-disease,Dataset/Coconut Tree Disease Dataset/Stem Bleeding/StemBleeding748.jpg,stembleed,3_trunk_disease,,,,3,,,,,
StemBleeding749,coconut-tree-disease,Dataset/Coconut Tree Disease Dataset/Stem Bleeding/StemBleeding749.jpg,stembleed,3_trunk_disease,,,,0,,,,,
StemBleeding750,coconut-tree-disease,Dataset/Coconut Tree Disease Dataset/Stem Bleeding/StemBleeding750.jpg,stembleed,3_trunk_disease,,,,1,,,,,
StemBleeding751,coconut-tree-disease,Dataset/Coconut Tree Disease Dataset/Stem Bleeding/StemBleeding751.jpg,stembleed,3_trunk_disease,,,,1,,,,,
StemBleeding752,coconut-tree-disease,Dataset/Coconut Tree Disease Dataset/Stem Bleeding/StemBleeding752.jpg,stembleed,3_trunk_disease,,,,4,,,,,
StemBleeding753,coconut-tree-disease,Dataset/Coconut Tree Disease Dataset/Stem Bleeding/StemBleeding753.jpg,stembleed,3_trunk_disease,,,,1,,,,,
StemBleeding754,coconut-tree-disease,Dataset/Coconut Tree Disease Dataset/Stem Bleeding/StemBleeding754.jpg,stembleed,3_trunk_disease,,,,0,,,,,
StemBleeding755,coconut-tree-disease,Dataset/Coconut Tree Disease Dataset/Stem Bleeding/StemBleeding755.jpg,stembleed,3_trunk_disease,,,,2,,,,,
StemBleeding756,coconut-tree-disease,Dataset/Coconut Tree Disease Dataset/Stem Bleeding/StemBleeding756.jpg,stembleed,3_trunk_disease,,,,2,,,,,
StemBleeding757,coconut-tree-disease,Dataset/Coconut Tree Disease Dataset/Stem Bleeding/StemBleeding757.jpg,stembleed,3_trunk_disease,,,,0,,,,,
StemBleeding758,coconut-tree-disease,Dataset/Coconut Tree Disease Dataset/Stem Bleeding/StemBleeding758.jpg,stembleed,3_trunk_disease,,,,1,,,,,
StemBleeding759,coconut-tree-disease,Dataset/Coconut Tree Disease Dataset/Stem Bleeding/StemBleeding759.jpg,stembleed,3_trunk_disease,,,,4,,,,,
StemBleeding760,coconut-tree-disease,Dataset/Coconut Tree Disease Dataset/Stem Bleeding/StemBleeding760.jpg,stembleed,3_trunk_disease,,,,1,,,,,
StemBleeding761,coconut-tree-disease,Dataset/Coconut Tree Disease Dataset/Stem Bleeding/StemBleeding761.jpg,stembleed,3_trunk_disease,,,,0,,,,,
StemBleeding762,coconut-tree-disease,Dataset/Coconut Tree Disease Dataset/Stem Bleeding/StemBleeding762.jpg,stembleed,3_trunk_disease,,,,4,,,,,
StemBleeding763,coconut-tree-disease,Dataset/Coconut Tree Disease Dataset/Stem Bleeding/StemBleeding763.jpg,stembleed,3_trunk_disease,,,,3,,,,,
StemBleeding764,coconut-tree-disease,Dataset/Coconut Tree Disease Dataset/Stem Bleeding/StemBleeding764.jpg,stembleed,3_trunk_disease,,,,4,,,,,
StemBleeding765,coconut-tree-disease,Dataset/Coconut Tree Disease Dataset/Stem Bleeding/StemBleeding765.jpg,stembleed,3_trunk_disease,,,,2,,,,,
StemBleeding766,coconut-tree-disease,Dataset/Coconut Tree Disease Dataset/Stem Bleeding/StemBleeding766.jpg,stembleed,3_trunk_disease,,,,0,,,,,
StemBleeding767,coconut-tree-disease,Dataset/Coconut Tree Disease Dataset/Stem Bleeding/StemBleeding767.jpg,stembleed,3_trunk_disease,,,,1,,,,,
StemBleeding768,coconut-tree-disease,Dataset/Coconut Tree Disease Dataset/Stem Bleeding/StemBleeding768.jpg,stembleed,3_trunk_disease,,,,4,,,,,
StemBleeding769,coconut-tree-disease,Dataset/Coconut Tree Disease Dataset/Stem Bleeding/StemBleeding769.jpg,stembleed,3_trunk_disease,,,,3,,,,,
StemBleeding770,coconut-tree-disease,Dataset/Coconut Tree Disease Dataset/Stem Bleeding/StemBleeding770.jpg,stembleed,3_trunk_disease,,,,2,,,,,
StemBleeding771,coconut-tree-disease,Dataset/Coconut Tree Disease Dataset/Stem Bleeding/StemBleeding771.jpg,stembleed,3_trunk_disease,,,,1,,,,,
StemBleeding772,coconut-tree-disease,Dataset/Coconut Tree Disease Dataset/Stem Bleeding/StemBleeding772.jpg,stembleed,3_trunk_disease,,,,0,,,,,
StemBleeding773,coconut-tree-disease,Dataset/Coconut Tree Disease Dataset/Stem Bleeding/StemBleeding773.jpg,stembleed,3_trunk_disease,,,,3,,,,,
StemBleeding774,coconut-tree-disease,Dataset/Coconut Tree Disease Dataset/Stem Bleeding/StemBleeding774.jpg,stembleed,3_trunk_disease,,,,4,,,,,
StemBleeding775,coconut-tree-disease,Dataset/Coconut Tree Disease Dataset/Stem Bleeding/StemBleeding775.jpg,stembleed,3_trunk_disease,,,,3,,,,,
StemBleeding776,coconut-tree-disease,Dataset/Coconut Tree Disease Dataset/Stem Bleeding/StemBleeding776.jpg,stembleed,3_trunk_disease,,,,4,,,,,
StemBleeding777,coconut-tree-disease,Dataset/Coconut Tree Disease Dataset/Stem Bleeding/StemBleeding777.jpg,stembleed,3_trunk_disease,,,,0,,,,,
StemBleeding778,coconut-tree-disease,Dataset/Coconut Tree Disease Dataset/Stem Bleeding/StemBleeding778.jpg,stembleed,3_trunk_disease,,,,1,,,,,
StemBleeding779,coconut-tree-disease,Dataset/Coconut Tree Disease Dataset/Stem Bleeding/StemBleeding779.jpg,stembleed,3_trunk_disease,,,,2,,,,,
StemBleeding780,coconut-tree-disease,Dataset/Coconut Tree Disease Dataset/Stem Bleeding/StemBleeding780.jpg,stembleed,3_trunk_disease,,,,0,,,,,
StemBleeding781,coconut-tree-disease,Dataset/Coconut Tree Disease Dataset/Stem Bleeding/StemBleeding781.jpg,stembleed,3_trunk_disease,,,,2,,,,,
StemBleeding782,coconut-tree-disease,Dataset/Coconut Tree Disease Dataset/Stem Bleeding/StemBleeding782.jpg,stembleed,3_trunk_disease,,,,2,,,,,
StemBleeding783,coconut-tree-disease,Dataset/Coconut Tree Disease Dataset/Stem Bleeding/StemBleeding783.jpg,stembleed,3_trunk_disease,,,,2,,,,,
StemBleeding784,coconut-tree-disease,Dataset/Coconut Tree Disease Dataset/Stem Bleeding/StemBleeding784.jpg,stembleed,3_trunk_disease,,,,4,,,,,
StemBleeding785,coconut-tree-disease,Dataset/Coconut Tree Disease Dataset/Stem Bleeding/StemBleeding785.jpg,stembleed,3_trunk_disease,,,,2,,,,,
StemBleeding786,coconut-tree-disease,Dataset/Coconut Tree Disease Dataset/Stem Bleeding/StemBleeding786.jpg,stembleed,3_trunk_disease,,,,1,,,,,
StemBleeding787,coconut-tree-disease,Dataset/Coconut Tree Disease Dataset/Stem Bleeding/StemBleeding787.jpg,stembleed,3_trunk_disease,,,,2,,,,,
StemBleeding788,coconut-tree-disease,Dataset/Coconut Tree Disease Dataset/Stem Bleeding/StemBleeding788.jpg,stembleed,3_trunk_disease,,,,3,,,,,
StemBleeding789,coconut-tree-disease,Dataset/Coconut Tree Disease Dataset/Stem Bleeding/StemBleeding789.jpg,stembleed,3_trunk_disease,,,,2,,,,,
StemBleeding790,coconut-tree-disease,Dataset/Coconut Tree Disease Dataset/Stem Bleeding/StemBleeding790.jpg,stembleed,3_trunk_disease,,,,3,,,,,
StemBleeding791,coconut-tree-disease,Dataset/Coconut Tree Disease Dataset/Stem Bleeding/StemBleeding791.jpg,stembleed,3_trunk_disease,,,,2,,,,,
StemBleeding792,coconut-tree-disease,Dataset/Coconut Tree Disease Dataset/Stem Bleeding/StemBleeding792.jpg,stembleed,3_trunk_disease,,,,0,,,,,
StemBleeding793,coconut-tree-disease,Dataset/Coconut Tree Disease Dataset/Stem Bleeding/StemBleeding793.jpg,stembleed,3_trunk_disease,,,,0,,,,,
StemBleeding794,coconut-tree-disease,Dataset/Coconut Tree Disease Dataset/Stem Bleeding/StemBleeding794.jpg,stembleed,3_trunk_disease,,,,0,,,,,
StemBleeding795,coconut-tree-disease,Dataset/Coconut Tree Disease Dataset/Stem Bleeding/StemBleeding795.jpg,stembleed,3_trunk_disease,,,,1,,,,,
StemBleeding796,coconut-tree-disease,Dataset/Coconut Tree Disease Dataset/Stem Bleeding/StemBleeding796.jpg,stembleed,3_trunk_disease,,,,2,,,,,
StemBleeding797,coconut-tree-disease,Dataset/Coconut Tree Disease Dataset/Stem Bleeding/StemBleeding797.jpg,stembleed,3_trunk_disease,,,,4,,,,,
StemBleeding798,coconut-tree-disease,Dataset/Coconut Tree Disease Dataset/Stem Bleeding/StemBleeding798.jpg,stembleed,3_trunk_disease,,,,3,,,,,
StemBleeding799,coconut-tree-disease,Dataset/Coconut Tree Disease Dataset/Stem Bleeding/StemBleeding799.jpg,stembleed,3_trunk_disease,,,,0,,,,,
StemBleeding800,coconut-tree-disease,Dataset/Coconut Tree Disease Dataset/Stem Bleeding/StemBleeding800.jpg,stembleed,3_trunk_disease,,,,1,,,,,
StemBleeding801,coconut-tree-disease,Dataset/Coconut Tree Disease Dataset/Stem Bleeding/StemBleeding801.jpg,stembleed,3_trunk_disease,,,,4,,,,,
StemBleeding802,coconut-tree-disease,Dataset/Coconut Tree Disease Dataset/Stem Bleeding/StemBleeding802.jpg,stembleed,3_trunk_disease,,,,0,,,,,
StemBleeding803,coconut-tree-disease,Dataset/Coconut Tree Disease Dataset/Stem Bleeding/StemBleeding803.jpg,stembleed,3_trunk_disease,,,,2,,,,,
StemBleeding804,coconut-tree-disease,Dataset/Coconut Tree Disease Dataset/Stem Bleeding/StemBleeding804.jpg,stembleed,3_trunk_disease,,,,3,,,,,
StemBleeding805,coconut-tree-disease,Dataset/Coconut Tree Disease Dataset/Stem Bleeding/StemBleeding805.jpg,stembleed,3_trunk_disease,,,,2,,,,,
StemBleeding806,coconut-tree-disease,Dataset/Coconut Tree Disease Dataset/Stem Bleeding/StemBleeding806.jpg,stembleed,3_trunk_disease,,,,2,,,,,
StemBleeding807,coconut-tree-disease,Dataset/Coconut Tree Disease Dataset/Stem Bleeding/StemBleeding807.jpg,stembleed,3_trunk_disease,,,,1,,,,,
StemBleeding808,coconut-tree-disease,Dataset/Coconut Tree Disease Dataset/Stem Bleeding/StemBleeding808.jpg,stembleed,3_trunk_disease,,,,0,,,,,
StemBleeding809,coconut-tree-disease,Dataset/Coconut Tree Disease Dataset/Stem Bleeding/StemBleeding809.jpg,stembleed,3_trunk_disease,,,,4,,,,,
StemBleeding810,coconut-tree-disease,Dataset/Coconut Tree Disease Dataset/Stem Bleeding/StemBleeding810.jpg,stembleed,3_trunk_disease,,,,4,,,,,
StemBleeding811,coconut-tree-disease,Dataset/Coconut Tree Disease Dataset/Stem Bleeding/StemBleeding811.jpg,stembleed,3_trunk_disease,,,,0,,,,,
StemBleeding812,coconut-tree-disease,Dataset/Coconut Tree Disease Dataset/Stem Bleeding/StemBleeding812.jpg,stembleed,3_trunk_disease,,,,0,,,,,
StemBleeding813,coconut-tree-disease,Dataset/Coconut Tree Disease Dataset/Stem Bleeding/StemBleeding813.jpg,stembleed,3_trunk_disease,,,,4,,,,,
StemBleeding814,coconut-tree-disease,Dataset/Coconut Tree Disease Dataset/Stem Bleeding/StemBleeding814.jpg,stembleed,3_trunk_disease,,,,1,,,,,
StemBleeding815,coconut-tree-disease,Dataset/Coconut Tree Disease Dataset/Stem Bleeding/StemBleeding815.jpg,stembleed,3_trunk_disease,,,,0,,,,,
StemBleeding816,coconut-tree-disease,Dataset/Coconut Tree Disease Dataset/Stem Bleeding/StemBleeding816.jpg,stembleed,3_trunk_disease,,,,1,,,,,
StemBleeding817,coconut-tree-disease,Dataset/Coconut Tree Disease Dataset/Stem Bleeding/StemBleeding817.jpg,stembleed,3_trunk_disease,,,,4,,,,,
StemBleeding818,coconut-tree-disease,Dataset/Coconut Tree Disease Dataset/Stem Bleeding/StemBleeding818.jpg,stembleed,3_trunk_disease,,,,0,,,,,
StemBleeding819,coconut-tree-disease,Dataset/Coconut Tree Disease Dataset/Stem Bleeding/StemBleeding819.jpg,stembleed,3_trunk_disease,,,,4,,,,,
StemBleeding820,coconut-tree-disease,Dataset/Coconut Tree Disease Dataset/Stem Bleeding/StemBleeding820.jpg,stembleed,3_trunk_disease,,,,2,,,,,
StemBleeding821,coconut-tree-disease,Dataset/Coconut Tree Disease Dataset/Stem Bleeding/StemBleeding821.jpg,stembleed,3_trunk_disease,,,,2,,,,,
StemBleeding822,coconut-tree-disease,Dataset/Coconut Tree Disease Dataset/Stem Bleeding/StemBleeding822.jpg,stembleed,3_trunk_disease,,,,2,,,,,
StemBleeding823,coconut-tree-disease,Dataset/Coconut Tree Disease Dataset/Stem Bleeding/StemBleeding823.jpg,stembleed,3_trunk_disease,,,,4,,,,,
StemBleeding824,coconut-tree-disease,Dataset/Coconut Tree Disease Dataset/Stem Bleeding/StemBleeding824.jpg,stembleed,3_trunk_disease,,,,1,,,,,
StemBleeding825,coconut-tree-disease,Dataset/Coconut Tree Disease Dataset/Stem Bleeding/StemBleeding825.jpg,stembleed,3_trunk_disease,,,,0,,,,,
StemBleeding826,coconut-tree-disease,Dataset/Coconut Tree Disease Dataset/Stem Bleeding/StemBleeding826.jpg,stembleed,3_trunk_disease,,,,0,,,,,
StemBleeding827,coconut-tree-disease,Dataset/Coconut Tree Disease Dataset/Stem Bleeding/StemBleeding827.jpg,stembleed,3_trunk_disease,,,,0,,,,,
StemBleeding828,coconut-tree-disease,Dataset/Coconut Tree Disease Dataset/Stem Bleeding/StemBleeding828.jpg,stembleed,3_trunk_disease,,,,3,,,,,
StemBleeding829,coconut-tree-disease,Dataset/Coconut Tree Disease Dataset/Stem Bleeding/StemBleeding829.jpg,stembleed,3_trunk_disease,,,,4,,,,,
StemBleeding830,coconut-tree-disease,Dataset/Coconut Tree Disease Dataset/Stem Bleeding/StemBleeding830.jpg,stembleed,3_trunk_disease,,,,0,,,,,
StemBleeding831,coconut-tree-disease,Dataset/Coconut Tree Disease Dataset/Stem Bleeding/StemBleeding831.jpg,stembleed,3_trunk_disease,,,,2,,,,,
StemBleeding832,coconut-tree-disease,Dataset/Coconut Tree Disease Dataset/Stem Bleeding/StemBleeding832.jpg,stembleed,3_trunk_disease,,,,0,,,,,
StemBleeding833,coconut-tree-disease,Dataset/Coconut Tree Disease Dataset/Stem Bleeding/StemBleeding833.jpg,stembleed,3_trunk_disease,,,,3,,,,,
StemBleeding834,coconut-tree-disease,Dataset/Coconut Tree Disease Dataset/Stem Bleeding/StemBleeding834.jpg,stembleed,3_trunk_disease,,,,0,,,,,
StemBleeding835,coconut-tree-disease,Dataset/Coconut Tree Disease Dataset/Stem Bleeding/StemBleeding835.jpg,stembleed,3_trunk_disease,,,,2,,,,,
StemBleeding836,coconut-tree-disease,Dataset/Coconut Tree Disease Dataset/Stem Bleeding/StemBleeding836.jpg,stembleed,3_trunk_disease,,,,3,,,,,
StemBleeding837,coconut-tree-disease,Dataset/Coconut Tree Disease Dataset/Stem Bleeding/StemBleeding837.jpg,stembleed,3_trunk_disease,,,,0,,,,,
StemBleeding838,coconut-tree-disease,Dataset/Coconut Tree Disease Dataset/Stem Bleeding/StemBleeding838.jpg,stembleed,3_trunk_disease,,,,4,,,,,
StemBleeding839,coconut-tree-disease,Dataset/Coconut Tree Disease Dataset/Stem Bleeding/StemBleeding839.jpg,stembleed,3_trunk_disease,,,,1,,,,,
StemBleeding840,coconut-tree-disease,Dataset/Coconut Tree Disease Dataset/Stem Bleeding/StemBleeding840.jpg,stembleed,3_trunk_disease,,,,0,,,,,
StemBleeding841,coconut-tree-disease,Dataset/Coconut Tree Disease Dataset/Stem Bleeding/StemBleeding841.jpg,stembleed,3_trunk_disease,,,,4,,,,,
StemBleeding842,coconut-tree-disease,Dataset/Coconut Tree Disease Dataset/Stem Bleeding/StemBleeding842.jpg,stembleed,3_trunk_disease,,,,1,,,,,
StemBleeding843,coconut-tree-disease,Dataset/Coconut Tree Disease Dataset/Stem Bleeding/StemBleeding843.jpg,stembleed,3_trunk_disease,,,,4,,,,,
StemBleeding844,coconut-tree-disease,Dataset/Coconut Tree Disease Dataset/Stem Bleeding/StemBleeding844.jpg,stembleed,3_trunk_disease,,,,1,,,,,
StemBleeding845,coconut-tree-disease,Dataset/Coconut Tree Disease Dataset/Stem Bleeding/StemBleeding845.jpg,stembleed,3_trunk_disease,,,,2,,,,,
StemBleeding846,coconut-tree-disease,Dataset/Coconut Tree Disease Dataset/Stem Bleeding/StemBleeding846.jpg,stembleed,3_trunk_disease,,,,0,,,,,
StemBleeding847,coconut-tree-disease,Dataset/Coconut Tree Disease Dataset/Stem Bleeding/StemBleeding847.jpg,stembleed,3_trunk_disease,,,,3,,,,,
StemBleeding848,coconut-tree-disease,Dataset/Coconut Tree Disease Dataset/Stem Bleeding/StemBleeding848.jpg,stembleed,3_trunk_disease,,,,3,,,,,
StemBleeding849,coconut-tree-disease,Dataset/Coconut Tree Disease Dataset/Stem Bleeding/StemBleeding849.jpg,stembleed,3_trunk_disease,,,,1,,,,,
StemBleeding850,coconut-tree-disease,Dataset/Coconut Tree Disease Dataset/Stem Bleeding/StemBleeding850.jpg,stembleed,3_trunk_disease,,,,1,,,,,
StemBleeding851,coconut-tree-disease,Dataset/Coconut Tree Disease Dataset/Stem Bleeding/StemBleeding851.jpg,stembleed,3_trunk_disease,,,,2,,,,,
StemBleeding852,coconut-tree-disease,Dataset/Coconut Tree Disease Dataset/Stem Bleeding/StemBleeding852.jpg,stembleed,3_trunk_disease,,,,2,,,,,
StemBleeding853,coconut-tree-disease,Dataset/Coconut Tree Disease Dataset/Stem Bleeding/StemBleeding853.jpg,stembleed,3_trunk_disease,,,,0,,,,,
StemBleeding854,coconut-tree-disease,Dataset/Coconut Tree Disease Dataset/Stem Bleeding/StemBleeding854.jpg,stembleed,3_trunk_disease,,,,1,,,,,
StemBleeding855,coconut-tree-disease,Dataset/Coconut Tree Disease Dataset/Stem Bleeding/StemBleeding855.jpg,stembleed,3_trunk_disease,,,,0,,,,,
StemBleeding856,coconut-tree-disease,Dataset/Coconut Tree Disease Dataset/Stem Bleeding/StemBleeding856.jpg,stembleed,3_trunk_disease,,,,4,,,,,
StemBleeding857,coconut-tree-disease,Dataset/Coconut Tree Disease Dataset/Stem Bleeding/StemBleeding857.jpg,stembleed,3_trunk_disease,,,,3,,,,,
StemBleeding858,coconut-tree-disease,Dataset/Coconut Tree Disease Dataset/Stem Bleeding/StemBleeding858.jpg,stembleed,3_trunk_disease,,,,2,,,,,
StemBleeding859,coconut-tree-disease,Dataset/Coconut Tree Disease Dataset/Stem Bleeding/StemBleeding859.jpg,stembleed,3_trunk_disease,,,,1,,,,,
StemBleeding860,coconut-tree-disease,Dataset/Coconut Tree Disease Dataset/Stem Bleeding/StemBleeding860.jpg,stembleed,3_trunk_disease,,,,1,,,,,
StemBleeding861,coconut-tree-disease,Dataset/Coconut Tree Disease Dataset/Stem Bleeding/StemBleeding861.jpg,stembleed,3_trunk_disease,,,,1,,,,,
StemBleeding862,coconut-tree-disease,Dataset/Coconut Tree Disease Dataset/Stem Bleeding/StemBleeding862.jpg,stembleed,3_trunk_disease,,,,4,,,,,
StemBleeding863,coconut-tree-disease,Dataset/Coconut Tree Disease Dataset/Stem Bleeding/StemBleeding863.jpg,stembleed,3_trunk_disease,,,,2,,,,,
StemBleeding864,coconut-tree-disease,Dataset/Coconut Tree Disease Dataset/Stem Bleeding/StemBleeding864.jpg,stembleed,3_trunk_disease,,,,3,,,,,
StemBleeding865,coconut-tree-disease,Dataset/Coconut Tree Disease Dataset/Stem Bleeding/StemBleeding865.jpg,stembleed,3_trunk_disease,,,,3,,,,,
StemBleeding866,coconut-tree-disease,Dataset/Coconut Tree Disease Dataset/Stem Bleeding/StemBleeding866.jpg,stembleed,3_trunk_disease,,,,4,,,,,
StemBleeding867,coconut-tree-disease,Dataset/Coconut Tree Disease Dataset/Stem Bleeding/StemBleeding867.jpg,stembleed,3_trunk_disease,,,,0,,,,,
StemBleeding868,coconut-tree-disease,Dataset/Coconut Tree Disease Dataset/Stem Bleeding/StemBleeding868.jpg,stembleed,3_trunk_disease,,,,1,,,,,
StemBleeding869,coconut-tree-disease,Dataset/Coconut Tree Disease Dataset/Stem Bleeding/StemBleeding869.jpg,stembleed,3_trunk_disease,,,,0,,,,,
StemBleeding870,coconut-tree-disease,Dataset/Coconut Tree Disease Dataset/Stem Bleeding/StemBleeding870.jpg,stembleed,3_trunk_disease,,,,2,,,,,
StemBleeding871,coconut-tree-disease,Dataset/Coconut Tree Disease Dataset/Stem Bleeding/StemBleeding871.jpg,stembleed,3_trunk_disease,,,,4,,,,,
StemBleeding872,coconut-tree-disease,Dataset/Coconut Tree Disease Dataset/Stem Bleeding/StemBleeding872.jpg,stembleed,3_trunk_disease,,,,0,,,,,
StemBleeding873,coconut-tree-disease,Dataset/Coconut Tree Disease Dataset/Stem Bleeding/StemBleeding873.jpg,stembleed,3_trunk_disease,,,,4,,,,,
StemBleeding874,coconut-tree-disease,Dataset/Coconut Tree Disease Dataset/Stem Bleeding/StemBleeding874.jpg,stembleed,3_trunk_disease,,,,4,,,,,
StemBleeding875,coconut-tree-disease,Dataset/Coconut Tree Disease Dataset/Stem Bleeding/StemBleeding875.jpg,stembleed,3_trunk_disease,,,,0,,,,,
StemBleeding876,coconut-tree-disease,Dataset/Coconut Tree Disease Dataset/Stem Bleeding/StemBleeding876.jpg,stembleed,3_trunk_disease,,,,2,,,,,
StemBleeding877,coconut-tree-disease,Dataset/Coconut Tree Disease Dataset/Stem Bleeding/StemBleeding877.jpg,stembleed,3_trunk_disease,,,,4,,,,,
StemBleeding878,coconut-tree-disease,Dataset/Coconut Tree Disease Dataset/Stem Bleeding/StemBleeding878.jpg,stembleed,3_trunk_disease,,,,0,,,,,
StemBleeding879,coconut-tree-disease,Dataset/Coconut Tree Disease Dataset/Stem Bleeding/StemBleeding879.jpg,stembleed,3_trunk_disease,,,,3,,,,,
StemBleeding880,coconut-tree-disease,Dataset/Coconut Tree Disease Dataset/Stem Bleeding/StemBleeding880.jpg,stembleed,3_trunk_disease,,,,3,,,,,
StemBleeding881,coconut-tree-disease,Dataset/Coconut Tree Disease Dataset/Stem Bleeding/StemBleeding881.jpg,stembleed,3_trunk_disease,,,,1,,,,,
StemBleeding882,coconut-tree-disease,Dataset/Coconut Tree Disease Dataset/Stem Bleeding/StemBleeding882.jpg,stembleed,3_trunk_disease,,,,2,,,,,
StemBleeding883,coconut-tree-disease,Dataset/Coconut Tree Disease Dataset/Stem Bleeding/StemBleeding883.jpg,stembleed,3_trunk_disease,,,,4,,,,,
StemBleeding884,coconut-tree-disease,Dataset/Coconut Tree Disease Dataset/Stem Bleeding/StemBleeding884.jpg,stembleed,3_trunk_disease,,,,0,,,,,
StemBleeding885,coconut-tree-disease,Dataset/Coconut Tree Disease Dataset/Stem Bleeding/StemBleeding885.jpg,stembleed,3_trunk_disease,,,,2,,,,,
StemBleeding886,coconut-tree-disease,Dataset/Coconut Tree Disease Dataset/Stem Bleeding/StemBleeding886.jpg,stembleed,3_trunk_disease,,,,0,,,,,
StemBleeding887,coconut-tree-disease,Dataset/Coconut Tree Disease Dataset/Stem Bleeding/StemBleeding887.jpg,stembleed,3_trunk_disease,,,,0,,,,,
StemBleeding888,coconut-tree-disease,Dataset/Coconut Tree Disease Dataset/Stem Bleeding/StemBleeding888.jpg,stembleed,3_trunk_disease,,,,4,,,,,
StemBleeding889,coconut-tree-disease,Dataset/Coconut Tree Disease Dataset/Stem Bleeding/StemBleeding889.jpg,stembleed,3_trunk_disease,,,,4,,,,,
StemBleeding890,coconut-tree-disease,Dataset/Coconut Tree Disease Dataset/Stem Bleeding/StemBleeding890.jpg,stembleed,3_trunk_disease,,,,1,,,,,
StemBleeding891,coconut-tree-disease,Dataset/Coconut Tree Disease Dataset/Stem Bleeding/StemBleeding891.jpg,stembleed,3_trunk_disease,,,,2,,,,,
StemBleeding892,coconut-tree-disease,Dataset/Coconut Tree Disease Dataset/Stem Bleeding/StemBleeding892.jpg,stembleed,3_trunk_disease,,,,1,,,,,
StemBleeding893,coconut-tree-disease,Dataset/Coconut Tree Disease Dataset/Stem Bleeding/StemBleeding893.jpg,stembleed,3_trunk_disease,,,,0,,,,,
StemBleeding894,coconut-tree-disease,Dataset/Coconut Tree Disease Dataset/Stem Bleeding/StemBleeding894.jpg,stembleed,3_trunk_disease,,,,2,,,,,
StemBleeding895,coconut-tree-disease,Dataset/Coconut Tree Disease Dataset/Stem Bleeding/StemBleeding895.jpg,stembleed,3_trunk_disease,,,,2,,,,,
StemBleeding896,coconut-tree-disease,Dataset/Coconut Tree Disease Dataset/Stem Bleeding/StemBleeding896.jpg,stembleed,3_trunk_disease,,,,2,,,,,
StemBleeding897,coconut-tree-disease,Dataset/Coconut Tree Disease Dataset/Stem Bleeding/StemBleeding897.jpg,stembleed,3_trunk_disease,,,,3,,,,,
StemBleeding898,coconut-tree-disease,Dataset/Coconut Tree Disease Dataset/Stem Bleeding/StemBleeding898.jpg,stembleed,3_trunk_disease,,,,4,,,,,
StemBleeding899,coconut-tree-disease,Dataset/Coconut Tree Disease Dataset/Stem Bleeding/StemBleeding899.jpg,stembleed,3_trunk_disease,,,,2,,,,,
StemBleeding900,coconut-tree-disease,Dataset/Coconut Tree Disease Dataset/Stem Bleeding/StemBleeding900.jpg,stembleed,3_trunk_disease,,,,0,,,,,
StemBleeding901,coconut-tree-disease,Dataset/Coconut Tree Disease Dataset/Stem Bleeding/StemBleeding901.jpg,stembleed,3_trunk_disease,,,,3,,,,,
StemBleeding902,coconut-tree-disease,Dataset/Coconut Tree Disease Dataset/Stem Bleeding/StemBleeding902.jpg,stembleed,3_trunk_disease,,,,2,,,,,
StemBleeding903,coconut-tree-disease,Dataset/Coconut Tree Disease Dataset/Stem Bleeding/StemBleeding903.jpg,stembleed,3_trunk_disease,,,,0,,,,,
StemBleeding904,coconut-tree-disease,Dataset/Coconut Tree Disease Dataset/Stem Bleeding/StemBleeding904.jpg,stembleed,3_trunk_disease,,,,4,,,,,
StemBleeding905,coconut-tree-disease,Dataset/Coconut Tree Disease Dataset/Stem Bleeding/StemBleeding905.jpg,stembleed,3_trunk_disease,,,,3,,,,,
StemBleeding906,coconut-tree-disease,Dataset/Coconut Tree Disease Dataset/Stem Bleeding/StemBleeding906.jpg,stembleed,3_trunk_disease,,,,2,,,,,
StemBleeding907,coconut-tree-disease,Dataset/Coconut Tree Disease Dataset/Stem Bleeding/StemBleeding907.jpg,stembleed,3_trunk_disease,,,,1,,,,,
StemBleeding908,coconut-tree-disease,Dataset/Coconut Tree Disease Dataset/Stem Bleeding/StemBleeding908.jpg,stembleed,3_trunk_disease,,,,0,,,,,
StemBleeding909,coconut-tree-disease,Dataset/Coconut Tree Disease Dataset/Stem Bleeding/StemBleeding909.jpg,stembleed,3_trunk_disease,,,,4,,,,,
StemBleeding910,coconut-tree-disease,Dataset/Coconut Tree Disease Dataset/Stem Bleeding/StemBleeding910.jpg,stembleed,3_trunk_disease,,,,2,,,,,
StemBleeding911,coconut-tree-disease,Dataset/Coconut Tree Disease Dataset/Stem Bleeding/StemBleeding911.jpg,stembleed,3_trunk_disease,,,,3,,,,,
StemBleeding912,coconut-tree-disease,Dataset/Coconut Tree Disease Dataset/Stem Bleeding/StemBleeding912.jpg,stembleed,3_trunk_disease,,,,1,,,,,
StemBleeding913,coconut-tree-disease,Dataset/Coconut Tree Disease Dataset/Stem Bleeding/StemBleeding913.jpg,stembleed,3_trunk_disease,,,,1,,,,,
StemBleeding914,coconut-tree-disease,Dataset/Coconut Tree Disease Dataset/Stem Bleeding/StemBleeding914.jpg,stembleed,3_trunk_disease,,,,3,,,,,
StemBleeding915,coconut-tree-disease,Dataset/Coconut Tree Disease Dataset/Stem Bleeding/StemBleeding915.jpg,stembleed,3_trunk_disease,,,,0,,,,,
StemBleeding916,coconut-tree-disease,Dataset/Coconut Tree Disease Dataset/Stem Bleeding/StemBleeding916.jpg,stembleed,3_trunk_disease,,,,3,,,,,
StemBleeding917,coconut-tree-disease,Dataset/Coconut Tree Disease Dataset/Stem Bleeding/StemBleeding917.jpg,stembleed,3_trunk_disease,,,,2,,,,,
StemBleeding918,coconut-tree-disease,Dataset/Coconut Tree Disease Dataset/Stem Bleeding/StemBleeding918.jpg,stembleed,3_trunk_disease,,,,0,,,,,
StemBleeding919,coconut-tree-disease,Dataset/Coconut Tree Disease Dataset/Stem Bleeding/StemBleeding919.jpg,stembleed,3_trunk_disease,,,,1,,,,,
StemBleeding920,coconut-tree-disease,Dataset/Coconut Tree Disease Dataset/Stem Bleeding/StemBleeding920.jpg,stembleed,3_trunk_disease,,,,1,,,,,
StemBleeding921,coconut-tree-disease,Dataset/Coconut Tree Disease Dataset/Stem Bleeding/StemBleeding921.jpg,stembleed,3_trunk_disease,,,,2,,,,,
StemBleeding922,coconut-tree-disease,Dataset/Coconut Tree Disease Dataset/Stem Bleeding/StemBleeding922.jpg,stembleed,3_trunk_disease,,,,3,,,,,
StemBleeding923,coconut-tree-disease,Dataset/Coconut Tree Disease Dataset/Stem Bleeding/StemBleeding923.jpg,stembleed,3_trunk_disease,,,,2,,,,,
StemBleeding924,coconut-tree-disease,Dataset/Coconut Tree Disease Dataset/Stem Bleeding/StemBleeding924.jpg,stembleed,3_trunk_disease,,,,2,,,,,
StemBleeding925,coconut-tree-disease,Dataset/Coconut Tree Disease Dataset/Stem Bleeding/StemBleeding925.jpg,stembleed,3_trunk_disease,,,,4,,,,,
StemBleeding926,coconut-tree-disease,Dataset/Coconut Tree Disease Dataset/Stem Bleeding/StemBleeding926.jpg,stembleed,3_trunk_disease,,,,1,,,,,
StemBleeding927,coconut-tree-disease,Dataset/Coconut Tree Disease Dataset/Stem Bleeding/StemBleeding927.jpg,stembleed,3_trunk_disease,,,,0,,,,,
StemBleeding928,coconut-tree-disease,Dataset/Coconut Tree Disease Dataset/Stem Bleeding/StemBleeding928.jpg,stembleed,3_trunk_disease,,,,2,,,,,
StemBleeding929,coconut-tree-disease,Dataset/Coconut Tree Disease Dataset/Stem Bleeding/StemBleeding929.jpg,stembleed,3_trunk_disease,,,,4,,,,,
StemBleeding930,coconut-tree-disease,Dataset/Coconut Tree Disease Dataset/Stem Bleeding/StemBleeding930.jpg,stembleed,3_trunk_disease,,,,0,,,,,
StemBleeding931,coconut-tree-disease,Dataset/Coconut Tree Disease Dataset/Stem Bleeding/StemBleeding931.jpg,stembleed,3_trunk_disease,,,,4,,,,,
StemBleeding932,coconut-tree-disease,Dataset/Coconut Tree Disease Dataset/Stem Bleeding/StemBleeding932.jpg,stembleed,3_trunk_disease,,,,0,,,,,
StemBleeding933,coconut-tree-disease,Dataset/Coconut Tree Disease Dataset/Stem Bleeding/StemBleeding933.jpg,stembleed,3_trunk_disease,,,,2,,,,,
StemBleeding934,coconut-tree-disease,Dataset/Coconut Tree Disease Dataset/Stem Bleeding/StemBleeding934.jpg,stembleed,3_trunk_disease,,,,0,,,,,
StemBleeding935,coconut-tree-disease,Dataset/Coconut Tree Disease Dataset/Stem Bleeding/StemBleeding935.jpg,stembleed,3_trunk_disease,,,,3,,,,,
StemBleeding936,coconut-tree-disease,Dataset/Coconut Tree Disease Dataset/Stem Bleeding/StemBleeding936.jpg,stembleed,3_trunk_disease,,,,3,,,,,
StemBleeding937,coconut-tree-disease,Dataset/Coconut Tree Disease Dataset/Stem Bleeding/StemBleeding937.jpg,stembleed,3_trunk_disease,,,,1,,,,,
StemBleeding938,coconut-tree-disease,Dataset/Coconut Tree Disease Dataset/Stem Bleeding/StemBleeding938.jpg,stembleed,3_trunk_disease,,,,0,,,,,
StemBleeding939,coconut-tree-disease,Dataset/Coconut Tree Disease Dataset/Stem Bleeding/StemBleeding939.jpg,stembleed,3_trunk_disease,,,,3,,,,,
StemBleeding940,coconut-tree-disease,Dataset/Coconut Tree Disease Dataset/Stem Bleeding/StemBleeding940.jpg,stembleed,3_trunk_disease,,,,3,,,,,
StemBleeding941,coconut-tree-disease,Dataset/Coconut Tree Disease Dataset/Stem Bleeding/StemBleeding941.jpg,stembleed,3_trunk_disease,,,,0,,,,,
StemBleeding942,coconut-tree-disease,Dataset/Coconut Tree Disease Dataset/Stem Bleeding/StemBleeding942.jpg,stembleed,3_trunk_disease,,,,4,,,,,
StemBleeding943,coconut-tree-disease,Dataset/Coconut Tree Disease Dataset/Stem Bleeding/StemBleeding943.jpg,stembleed,3_trunk_disease,,,,2,,,,,
StemBleeding944,coconut-tree-disease,Dataset/Coconut Tree Disease Dataset/Stem Bleeding/StemBleeding944.jpg,stembleed,3_trunk_disease,,,,3,,,,,
StemBleeding945,coconut-tree-disease,Dataset/Coconut Tree Disease Dataset/Stem Bleeding/StemBleeding945.jpg,stembleed,3_trunk_disease,,,,4,,,,,
StemBleeding946,coconut-tree-disease,Dataset/Coconut Tree Disease Dataset/Stem Bleeding/StemBleeding946.jpg,stembleed,3_trunk_disease,,,,1,,,,,
StemBleeding947,coconut-tree-disease,Dataset/Coconut Tree Disease Dataset/Stem Bleeding/StemBleeding947.jpg,stembleed,3_trunk_disease,,,,1,,,,,
StemBleeding948,coconut-tree-disease,Dataset/Coconut Tree Disease Dataset/Stem Bleeding/StemBleeding948.jpg,stembleed,3_trunk_disease,,,,2,,,,,
StemBleeding949,coconut-tree-disease,Dataset/Coconut Tree Disease Dataset/Stem Bleeding/StemBleeding949.jpg,stembleed,3_trunk_disease,,,,4,,,,,
StemBleeding950,coconut-tree-disease,Dataset/Coconut Tree Disease Dataset/Stem Bleeding/StemBleeding950.jpg,stembleed,3_trunk_disease,,,,3,,,,,
StemBleeding951,coconut-tree-disease,Dataset/Coconut Tree Disease Dataset/Stem Bleeding/StemBleeding951.jpg,stembleed,3_trunk_disease,,,,2,,,,,
StemBleeding952,coconut-tree-disease,Dataset/Coconut Tree Disease Dataset/Stem Bleeding/StemBleeding952.jpg,stembleed,3_trunk_disease,,,,1,,,,,
StemBleeding953,coconut-tree-disease,Dataset/Coconut Tree Disease Dataset/Stem Bleeding/StemBleeding953.jpg,stembleed,3_trunk_disease,,,,0,,,,,
StemBleeding954,coconut-tree-disease,Dataset/Coconut Tree Disease Dataset/Stem Bleeding/StemBleeding954.jpg,stembleed,3_trunk_disease,,,,1,,,,,
StemBleeding955,coconut-tree-disease,Dataset/Coconut Tree Disease Dataset/Stem Bleeding/StemBleeding955.jpg,stembleed,3_trunk_disease,,,,4,,,,,
StemBleeding956,coconut-tree-disease,Dataset/Coconut Tree Disease Dataset/Stem Bleeding/StemBleeding956.jpg,stembleed,3_trunk_disease,,,,3,,,,,
StemBleeding957,coconut-tree-disease,Dataset/Coconut Tree Disease Dataset/Stem Bleeding/StemBleeding957.jpg,stembleed,3_trunk_disease,,,,3,,,,,
StemBleeding958,coconut-tree-disease,Dataset/Coconut Tree Disease Dataset/Stem Bleeding/StemBleeding958.jpg,stembleed,3_trunk_disease,,,,0,,,,,
StemBleeding959,coconut-tree-disease,Dataset/Coconut Tree Disease Dataset/Stem Bleeding/StemBleeding959.jpg,stembleed,3_trunk_disease,,,,3,,,,,
StemBleeding960,coconut-tree-disease,Dataset/Coconut Tree Disease Dataset/Stem Bleeding/StemBleeding960.jpg,stembleed,3_trunk_disease,,,,1,,,,,
StemBleeding961,coconut-tree-disease,Dataset/Coconut Tree Disease Dataset/Stem Bleeding/StemBleeding961.jpg,stembleed,3_trunk_disease,,,,3,,,,,
StemBleeding962,coconut-tree-disease,Dataset/Coconut Tree Disease Dataset/Stem Bleeding/StemBleeding962.jpg,stembleed,3_trunk_disease,,,,0,,,,,
StemBleeding963,coconut-tree-disease,Dataset/Coconut Tree Disease Dataset/Stem Bleeding/StemBleeding963.jpg,stembleed,3_trunk_disease,,,,2,,,,,
StemBleeding964,coconut-tree-disease,Dataset/Coconut Tree Disease Dataset/Stem Bleeding/StemBleeding964.jpg,stembleed,3_trunk_disease,,,,0,,,,,
StemBleeding965,coconut-tree-disease,Dataset/Coconut Tree Disease Dataset/Stem Bleeding/StemBleeding965.jpg,stembleed,3_trunk_disease,,,,0,,,,,
StemBleeding966,coconut-tree-disease,Dataset/Coconut Tree Disease Dataset/Stem Bleeding/StemBleeding966.jpg,stembleed,3_trunk_disease,,,,4,,,,,
StemBleeding967,coconut-tree-disease,Dataset/Coconut Tree Disease Dataset/Stem Bleeding/StemBleeding967.jpg,stembleed,3_trunk_disease,,,,0,,,,,
StemBleeding968,coconut-tree-disease,Dataset/Coconut Tree Disease Dataset/Stem Bleeding/StemBleeding968.jpg,stembleed,3_trunk_disease,,,,2,,,,,
StemBleeding969,coconut-tree-disease,Dataset/Coconut Tree Disease Dataset/Stem Bleeding/StemBleeding969.jpg,stembleed,3_trunk_disease,,,,2,,,,,
StemBleeding970,coconut-tree-disease,Dataset/Coconut Tree Disease Dataset/Stem Bleeding/StemBleeding970.jpg,stembleed,3_trunk_disease,,,,4,,,,,
StemBleeding971,coconut-tree-disease,Dataset/Coconut Tree Disease Dataset/Stem Bleeding/StemBleeding971.jpg,stembleed,3_trunk_disease,,,,0,,,,,
StemBleeding972,coconut-tree-disease,Dataset/Coconut Tree Disease Dataset/Stem Bleeding/StemBleeding972.jpg,stembleed,3_trunk_disease,,,,1,,,,,
StemBleeding973,coconut-tree-disease,Dataset/Coconut Tree Disease Dataset/Stem Bleeding/StemBleeding973.jpg,stembleed,3_trunk_disease,,,,0,,,,,
StemBleeding974,coconut-tree-disease,Dataset/Coconut Tree Disease Dataset/Stem Bleeding/StemBleeding974.jpg,stembleed,3_trunk_disease,,,,0,,,,,
StemBleeding975,coconut-tree-disease,Dataset/Coconut Tree Disease Dataset/Stem Bleeding/StemBleeding975.jpg,stembleed,3_trunk_disease,,,,3,,,,,
StemBleeding976,coconut-tree-disease,Dataset/Coconut Tree Disease Dataset/Stem Bleeding/StemBleeding976.jpg,stembleed,3_trunk_disease,,,,1,,,,,
StemBleeding977,coconut-tree-disease,Dataset/Coconut Tree Disease Dataset/Stem Bleeding/StemBleeding977.jpg,stembleed,3_trunk_disease,,,,0,,,,,
StemBleeding978,coconut-tree-disease,Dataset/Coconut Tree Disease Dataset/Stem Bleeding/StemBleeding978.jpg,stembleed,3_trunk_disease,,,,0,,,,,
StemBleeding979,coconut-tree-disease,Dataset/Coconut Tree Disease Dataset/Stem Bleeding/StemBleeding979.jpg,stembleed,3_trunk_disease,,,,0,,,,,
StemBleeding980,coconut-tree-disease,Dataset/Coconut Tree Disease Dataset/Stem Bleeding/StemBleeding980.jpg,stembleed,3_trunk_disease,,,,0,,,,,
StemBleeding981,coconut-tree-disease,Dataset/Coconut Tree Disease Dataset/Stem Bleeding/StemBleeding981.jpg,stembleed,3_trunk_disease,,,,4,,,,,
StemBleeding982,coconut-tree-disease,Dataset/Coconut Tree Disease Dataset/Stem Bleeding/StemBleeding982.jpg,stembleed,3_trunk_disease,,,,4,,,,,
StemBleeding983,coconut-tree-disease,Dataset/Coconut Tree Disease Dataset/Stem Bleeding/StemBleeding983.jpg,stembleed,3_trunk_disease,,,,4,,,,,
StemBleeding984,coconut-tree-disease,Dataset/Coconut Tree Disease Dataset/Stem Bleeding/StemBleeding984.jpg,stembleed,3_trunk_disease,,,,0,,,,,
StemBleeding985,coconut-tree-disease,Dataset/Coconut Tree Disease Dataset/Stem Bleeding/StemBleeding985.jpg,stembleed,3_trunk_disease,,,,2,,,,,
StemBleeding986,coconut-tree-disease,Dataset/Coconut Tree Disease Dataset/Stem Bleeding/StemBleeding986.jpg,stembleed,3_trunk_disease,,,,1,,,,,
StemBleeding987,coconut-tree-disease,Dataset/Coconut Tree Disease Dataset/Stem Bleeding/StemBleeding987.jpg,stembleed,3_trunk_disease,,,,0,,,,,
StemBleeding988,coconut-tree-disease,Dataset/Coconut Tree Disease Dataset/Stem Bleeding/StemBleeding988.jpg,stembleed,3_trunk_disease,,,,2,,,,,
StemBleeding989,coconut-tree-disease,Dataset/Coconut Tree Disease Dataset/Stem Bleeding/StemBleeding989.jpg,stembleed,3_trunk_disease,,,,3,,,,,
StemBleeding990,coconut-tree-disease,Dataset/Coconut Tree Disease Dataset/Stem Bleeding/StemBleeding990.jpg,stembleed,3_trunk_disease,,,,0,,,,,
StemBleeding991,coconut-tree-disease,Dataset/Coconut Tree Disease Dataset/Stem Bleeding/StemBleeding991.jpg,stembleed,3_trunk_disease,,,,3,,,,,
StemBleeding992,coconut-tree-disease,Dataset/Coconut Tree Disease Dataset/Stem Bleeding/StemBleeding992.jpg,stembleed,3_trunk_disease,,,,0,,,,,
StemBleeding993,coconut-tree-disease,Dataset/Coconut Tree Disease Dataset/Stem Bleeding/StemBleeding993.jpg,stembleed,3_trunk_disease,,,,0,,,,,
StemBleeding994,coconut-tree-disease,Dataset/Coconut Tree Disease Dataset/Stem Bleeding/StemBleeding994.jpg,stembleed,3_trunk_disease,,,,1,,,,,
StemBleeding995,coconut-tree-disease,Dataset/Coconut Tree Disease Dataset/Stem Bleeding/StemBleeding995.jpg,stembleed,3_trunk_disease,,,,1,,,,,
StemBleeding996,coconut-tree-disease,Dataset/Coconut Tree Disease Dataset/Stem Bleeding/StemBleeding996.jpg,stembleed,3_trunk_disease,,,,2,,,,,
StemBleeding997,coconut-tree-disease,Dataset/Coconut Tree Disease Dataset/Stem Bleeding/StemBleeding997.jpg,stembleed,3_trunk_disease,,,,1,,,,,
StemBleeding998,coconut-tree-disease,Dataset/Coconut Tree Disease Dataset/Stem Bleeding/StemBleeding998.jpg,stembleed,3_trunk_disease,,,,4,,,,,
StemBleeding999,coconut-tree-disease,Dataset/Coconut Tree Disease Dataset/Stem Bleeding/StemBleeding999.jpg,stembleed,3_trunk_disease,,,,4,,,,,
BudRot001,coconut-tree-disease,Dataset/Coconut Tree Disease Dataset/Bud Rot/BudRot001.jpg,budrot,4_crown_disease,,,,4,,,,,
BudRot002,coconut-tree-disease,Dataset/Coconut Tree Disease Dataset/Bud Rot/BudRot002.jpg,budrot,4_crown_disease,,,,4,,,,,
BudRot003,coconut-tree-disease,Dataset/Coconut Tree Disease Dataset/Bud Rot/BudRot003.jpg,budrot,4_crown_disease,,,,3,,,,,
BudRot004,coconut-tree-disease,Dataset/Coconut Tree Disease Dataset/Bud Rot/BudRot004.jpg,budrot,4_crown_disease,,,,1,,,,,
BudRot005,coconut-tree-disease,Dataset/Coconut Tree Disease Dataset/Bud Rot/BudRot005.jpg,budrot,4_crown_disease,,,,1,,,,,
BudRot006,coconut-tree-disease,Dataset/Coconut Tree Disease Dataset/Bud Rot/BudRot006.jpg,budrot,4_crown_disease,,,,0,,,,,
BudRot007,coconut-tree-disease,Dataset/Coconut Tree Disease Dataset/Bud Rot/BudRot007.jpg,budrot,4_crown_disease,,,,4,,,,,
BudRot008,coconut-tree-disease,Dataset/Coconut Tree Disease Dataset/Bud Rot/BudRot008.jpg,budrot,4_crown_disease,,,,3,,,,,
BudRot009,coconut-tree-disease,Dataset/Coconut Tree Disease Dataset/Bud Rot/BudRot009.jpg,budrot,4_crown_disease,,,,0,,,,,
BudRot010,coconut-tree-disease,Dataset/Coconut Tree Disease Dataset/Bud Rot/BudRot010.jpg,budrot,4_crown_disease,,,,1,,,,,
BudRot011,coconut-tree-disease,Dataset/Coconut Tree Disease Dataset/Bud Rot/BudRot011.jpg,budrot,4_crown_disease,,,,3,,,,,
BudRot012,coconut-tree-disease,Dataset/Coconut Tree Disease Dataset/Bud Rot/BudRot012.jpg,budrot,4_crown_disease,,,,1,,,,,
BudRot013,coconut-tree-disease,Dataset/Coconut Tree Disease Dataset/Bud Rot/BudRot013.jpg,budrot,4_crown_disease,,,,0,,,,,
BudRot014,coconut-tree-disease,Dataset/Coconut Tree Disease Dataset/Bud Rot/BudRot014.jpg,budrot,4_crown_disease,,,,4,,,,,
BudRot015,coconut-tree-disease,Dataset/Coconut Tree Disease Dataset/Bud Rot/BudRot015.jpg,budrot,4_crown_disease,,,,4,,,,,
BudRot016,coconut-tree-disease,Dataset/Coconut Tree Disease Dataset/Bud Rot/BudRot016.jpg,budrot,4_crown_disease,,,,2,,,,,
BudRot017,coconut-tree-disease,Dataset/Coconut Tree Disease Dataset/Bud Rot/BudRot017.jpg,budrot,4_crown_disease,,,,2,,,,,
BudRot018,coconut-tree-disease,Dataset/Coconut Tree Disease Dataset/Bud Rot/BudRot018.jpg,budrot,4_crown_disease,,,,2,,,,,
BudRot019,coconut-tree-disease,Dataset/Coconut Tree Disease Dataset/Bud Rot/BudRot019.jpg,budrot,4_crown_disease,,,,4,,,,,
BudRot020,coconut-tree-disease,Dataset/Coconut Tree Disease Dataset/Bud Rot/BudRot020.jpg,budrot,4_crown_disease,,,,3,,,,,
BudRot021,coconut-tree-disease,Dataset/Coconut Tree Disease Dataset/Bud Rot/BudRot021.jpg,budrot,4_crown_disease,,,,1,,,,,
BudRot022,coconut-tree-disease,Dataset/Coconut Tree Disease Dataset/Bud Rot/BudRot022.jpg,budrot,4_crown_disease,,,,2,,,,,
BudRot023,coconut-tree-disease,Dataset/Coconut Tree Disease Dataset/Bud Rot/BudRot023.jpg,budrot,4_crown_disease,,,,3,,,,,
BudRot024,coconut-tree-disease,Dataset/Coconut Tree Disease Dataset/Bud Rot/BudRot024.jpg,budrot,4_crown_disease,,,,2,,,,,
BudRot025,coconut-tree-disease,Dataset/Coconut Tree Disease Dataset/Bud Rot/BudRot025.jpg,budrot,4_crown_disease,,,,1,,,,,
BudRot026,coconut-tree-disease,Dataset/Coconut Tree Disease Dataset/Bud Rot/BudRot026.jpg,budrot,4_crown_disease,,,,2,,,,,
BudRot027,coconut-tree-disease,Dataset/Coconut Tree Disease Dataset/Bud Rot/BudRot027.jpg,budrot,4_crown_disease,,,,2,,,,,
BudRot028,coconut-tree-disease,Dataset/Coconut Tree Disease Dataset/Bud Rot/BudRot028.jpg,budrot,4_crown_disease,,,,0,,,,,
BudRot029,coconut-tree-disease,Dataset/Coconut Tree Disease Dataset/Bud Rot/BudRot029.jpg,budrot,4_crown_disease,,,,1,,,,,
BudRot030,coconut-tree-disease,Dataset/Coconut Tree Disease Dataset/Bud Rot/BudRot030.jpg,budrot,4_crown_disease,,,,2,,,,,
BudRot031,coconut-tree-disease,Dataset/Coconut Tree Disease Dataset/Bud Rot/BudRot031.jpg,budrot,4_crown_disease,,,,2,,,,,
BudRot032,coconut-tree-disease,Dataset/Coconut Tree Disease Dataset/Bud Rot/BudRot032.jpg,budrot,4_crown_disease,,,,4,,,,,
BudRot033,coconut-tree-disease,Dataset/Coconut Tree Disease Dataset/Bud Rot/BudRot033.jpg,budrot,4_crown_disease,,,,0,,,,,
BudRot034,coconut-tree-disease,Dataset/Coconut Tree Disease Dataset/Bud Rot/BudRot034.jpg,budrot,4_crown_disease,,,,3,,,,,
BudRot035,coconut-tree-disease,Dataset/Coconut Tree Disease Dataset/Bud Rot/BudRot035.jpg,budrot,4_crown_disease,,,,2,,,,,
BudRot036,coconut-tree-disease,Dataset/Coconut Tree Disease Dataset/Bud Rot/BudRot036.jpg,budrot,4_crown_disease,,,,4,,,,,
BudRot037,coconut-tree-disease,Dataset/Coconut Tree Disease Dataset/Bud Rot/BudRot037.jpg,budrot,4_crown_disease,,,,3,,,,,
BudRot038,coconut-tree-disease,Dataset/Coconut Tree Disease Dataset/Bud Rot/BudRot038.jpg,budrot,4_crown_disease,,,,1,,,,,
BudRot039,coconut-tree-disease,Dataset/Coconut Tree Disease Dataset/Bud Rot/BudRot039.jpg,budrot,4_crown_disease,,,,0,,,,,
BudRot040,coconut-tree-disease,Dataset/Coconut Tree Disease Dataset/Bud Rot/BudRot040.jpg,budrot,4_crown_disease,,,,4,,,,,
BudRot041,coconut-tree-disease,Dataset/Coconut Tree Disease Dataset/Bud Rot/BudRot041.jpg,budrot,4_crown_disease,,,,0,,,,,
BudRot042,coconut-tree-disease,Dataset/Coconut Tree Disease Dataset/Bud Rot/BudRot042.jpg,budrot,4_crown_disease,,,,3,,,,,
BudRot043,coconut-tree-disease,Dataset/Coconut Tree Disease Dataset/Bud Rot/BudRot043.jpg,budrot,4_crown_disease,,,,0,,,,,
BudRot044,coconut-tree-disease,Dataset/Coconut Tree Disease Dataset/Bud Rot/BudRot044.jpg,budrot,4_crown_disease,,,,3,,,,,
BudRot045,coconut-tree-disease,Dataset/Coconut Tree Disease Dataset/Bud Rot/BudRot045.jpg,budrot,4_crown_disease,,,,3,,,,,
BudRot046,coconut-tree-disease,Dataset/Coconut Tree Disease Dataset/Bud Rot/BudRot046.jpg,budrot,4_crown_disease,,,,1,,,,,
BudRot047,coconut-tree-disease,Dataset/Coconut Tree Disease Dataset/Bud Rot/BudRot047.jpg,budrot,4_crown_disease,,,,0,,,,,
BudRot048,coconut-tree-disease,Dataset/Coconut Tree Disease Dataset/Bud Rot/BudRot048.jpg,budrot,4_crown_disease,,,,0,,,,,
BudRot049,coconut-tree-disease,Dataset/Coconut Tree Disease Dataset/Bud Rot/BudRot049.jpg,budrot,4_crown_disease,,,,0,,,,,
BudRot050,coconut-tree-disease,Dataset/Coconut Tree Disease Dataset/Bud Rot/BudRot050.jpg,budrot,4_crown_disease,,,,4,,,,,
BudRot051,coconut-tree-disease,Dataset/Coconut Tree Disease Dataset/Bud Rot/BudRot051.jpg,budrot,4_crown_disease,,,,4,,,,,
BudRot052,coconut-tree-disease,Dataset/Coconut Tree Disease Dataset/Bud Rot/BudRot052.jpg,budrot,4_crown_disease,,,,4,,,,,
BudRot053,coconut-tree-disease,Dataset/Coconut Tree Disease Dataset/Bud Rot/BudRot053.jpg,budrot,4_crown_disease,,,,2,,,,,
BudRot054,coconut-tree-disease,Dataset/Coconut Tree Disease Dataset/Bud Rot/BudRot054.jpg,budrot,4_crown_disease,,,,2,,,,,
BudRot055,coconut-tree-disease,Dataset/Coconut Tree Disease Dataset/Bud Rot/BudRot055.jpg,budrot,4_crown_disease,,,,3,,,,,
BudRot056,coconut-tree-disease,Dataset/Coconut Tree Disease Dataset/Bud Rot/BudRot056.jpg,budrot,4_crown_disease,,,,1,,,,,
BudRot057,coconut-tree-disease,Dataset/Coconut Tree Disease Dataset/Bud Rot/BudRot057.jpg,budrot,4_crown_disease,,,,1,,,,,
BudRot058,coconut-tree-disease,Dataset/Coconut Tree Disease Dataset/Bud Rot/BudRot058.jpg,budrot,4_crown_disease,,,,3,,,,,
BudRot059,coconut-tree-disease,Dataset/Coconut Tree Disease Dataset/Bud Rot/BudRot059.jpg,budrot,4_crown_disease,,,,1,,,,,
BudRot060,coconut-tree-disease,Dataset/Coconut Tree Disease Dataset/Bud Rot/BudRot060.jpg,budrot,4_crown_disease,,,,2,,,,,
BudRot061,coconut-tree-disease,Dataset/Coconut Tree Disease Dataset/Bud Rot/BudRot061.jpg,budrot,4_crown_disease,,,,2,,,,,
BudRot062,coconut-tree-disease,Dataset/Coconut Tree Disease Dataset/Bud Rot/BudRot062.jpg,budrot,4_crown_disease,,,,4,,,,,
BudRot063,coconut-tree-disease,Dataset/Coconut Tree Disease Dataset/Bud Rot/BudRot063.jpg,budrot,4_crown_disease,,,,0,,,,,
BudRot064,coconut-tree-disease,Dataset/Coconut Tree Disease Dataset/Bud Rot/BudRot064.jpg,budrot,4_crown_disease,,,,2,,,,,
BudRot065,coconut-tree-disease,Dataset/Coconut Tree Disease Dataset/Bud Rot/BudRot065.jpg,budrot,4_crown_disease,,,,1,,,,,
BudRot066,coconut-tree-disease,Dataset/Coconut Tree Disease Dataset/Bud Rot/BudRot066.jpg,budrot,4_crown_disease,,,,2,,,,,
BudRot067,coconut-tree-disease,Dataset/Coconut Tree Disease Dataset/Bud Rot/BudRot067.jpg,budrot,4_crown_disease,,,,0,,,,,
BudRot068,coconut-tree-disease,Dataset/Coconut Tree Disease Dataset/Bud Rot/BudRot068.jpg,budrot,4_crown_disease,,,,0,,,,,
BudRot069,coconut-tree-disease,Dataset/Coconut Tree Disease Dataset/Bud Rot/BudRot069.jpg,budrot,4_crown_disease,,,,0,,,,,
BudRot070,coconut-tree-disease,Dataset/Coconut Tree Disease Dataset/Bud Rot/BudRot070.jpg,budrot,4_crown_disease,,,,0,,,,,
BudRot071,coconut-tree-disease,Dataset/Coconut Tree Disease Dataset/Bud Rot/BudRot071.jpg,budrot,4_crown_disease,,,,4,,,,,
BudRot072,coconut-tree-disease,Dataset/Coconut Tree Disease Dataset/Bud Rot/BudRot072.jpg,budrot,4_crown_disease,,,,1,,,,,
BudRot073,coconut-tree-disease,Dataset/Coconut Tree Disease Dataset/Bud Rot/BudRot073.jpg,budrot,4_crown_disease,,,,1,,,,,
BudRot074,coconut-tree-disease,Dataset/Coconut Tree Disease Dataset/Bud Rot/BudRot074.jpg,budrot,4_crown_disease,,,,1,,,,,
BudRot075,coconut-tree-disease,Dataset/Coconut Tree Disease Dataset/Bud Rot/BudRot075.jpg,budrot,4_crown_disease,,,,4,,,,,
BudRot076,coconut-tree-disease,Dataset/Coconut Tree Disease Dataset/Bud Rot/BudRot076.jpg,budrot,4_crown_disease,,,,1,,,,,
BudRot077,coconut-tree-disease,Dataset/Coconut Tree Disease Dataset/Bud Rot/BudRot077.jpg,budrot,4_crown_disease,,,,3,,,,,
BudRot078,coconut-tree-disease,Dataset/Coconut Tree Disease Dataset/Bud Rot/BudRot078.jpg,budrot,4_crown_disease,,,,3,,,,,
BudRot079,coconut-tree-disease,Dataset/Coconut Tree Disease Dataset/Bud Rot/BudRot079.jpg,budrot,4_crown_disease,,,,2,,,,,
BudRot080,coconut-tree-disease,Dataset/Coconut Tree Disease Dataset/Bud Rot/BudRot080.jpg,budrot,4_crown_disease,,,,3,,,,,
BudRot081,coconut-tree-disease,Dataset/Coconut Tree Disease Dataset/Bud Rot/BudRot081.jpg,budrot,4_crown_disease,,,,0,,,,,
BudRot082,coconut-tree-disease,Dataset/Coconut Tree Disease Dataset/Bud Rot/BudRot082.jpg,budrot,4_crown_disease,,,,2,,,,,
BudRot083,coconut-tree-disease,Dataset/Coconut Tree Disease Dataset/Bud Rot/BudRot083.jpg,budrot,4_crown_disease,,,,4,,,,,
BudRot084,coconut-tree-disease,Dataset/Coconut Tree Disease Dataset/Bud Rot/BudRot084.jpg,budrot,4_crown_disease,,,,1,,,,,
BudRot085,coconut-tree-disease,Dataset/Coconut Tree Disease Dataset/Bud Rot/BudRot085.jpg,budrot,4_crown_disease,,,,4,,,,,
BudRot086,coconut-tree-disease,Dataset/Coconut Tree Disease Dataset/Bud Rot/BudRot086.jpg,budrot,4_crown_disease,,,,1,,,,,
BudRot087,coconut-tree-disease,Dataset/Coconut Tree Disease Dataset/Bud Rot/BudRot087.jpg,budrot,4_crown_disease,,,,1,,,,,
BudRot088,coconut-tree-disease,Dataset/Coconut Tree Disease Dataset/Bud Rot/BudRot088.jpg,budrot,4_crown_disease,,,,0,,,,,
BudRot089,coconut-tree-disease,Dataset/Coconut Tree Disease Dataset/Bud Rot/BudRot089.jpg,budrot,4_crown_disease,,,,4,,,,,
BudRot090,coconut-tree-disease,Dataset/Coconut Tree Disease Dataset/Bud Rot/BudRot090.jpg,budrot,4_crown_disease,,,,4,,,,,
BudRot091,coconut-tree-disease,Dataset/Coconut Tree Disease Dataset/Bud Rot/BudRot091.jpg,budrot,4_crown_disease,,,,2,,,,,
BudRot092,coconut-tree-disease,Dataset/Coconut Tree Disease Dataset/Bud Rot/BudRot092.jpg,budrot,4_crown_disease,,,,4,,,,,
BudRot093,coconut-tree-disease,Dataset/Coconut Tree Disease Dataset/Bud Rot/BudRot093.jpg,budrot,4_crown_disease,,,,1,,,,,
BudRot094,coconut-tree-disease,Dataset/Coconut Tree Disease Dataset/Bud Rot/BudRot094.jpg,budrot,4_crown_disease,,,,3,,,,,
BudRot095,coconut-tree-disease,Dataset/Coconut Tree Disease Dataset/Bud Rot/BudRot095.jpg,budrot,4_crown_disease,,,,2,,,,,
BudRot096,coconut-tree-disease,Dataset/Coconut Tree Disease Dataset/Bud Rot/BudRot096.jpg,budrot,4_crown_disease,,,,0,,,,,
BudRot097,coconut-tree-disease,Dataset/Coconut Tree Disease Dataset/Bud Rot/BudRot097.jpg,budrot,4_crown_disease,,,,1,,,,,
BudRot098,coconut-tree-disease,Dataset/Coconut Tree Disease Dataset/Bud Rot/BudRot098.jpg,budrot,4_crown_disease,,,,4,,,,,
BudRot099,coconut-tree-disease,Dataset/Coconut Tree Disease Dataset/Bud Rot/BudRot099.jpg,budrot,4_crown_disease,,,,0,,,,,
BudRot100,coconut-tree-disease,Dataset/Coconut Tree Disease Dataset/Bud Rot/BudRot100.jpg,budrot,4_crown_disease,,,,2,,,,,
BudRot101,coconut-tree-disease,Dataset/Coconut Tree Disease Dataset/Bud Rot/BudRot101.jpg,budrot,4_crown_disease,,,,3,,,,,
BudRot102,coconut-tree-disease,Dataset/Coconut Tree Disease Dataset/Bud Rot/BudRot102.jpg,budrot,4_crown_disease,,,,3,,,,,
BudRot103,coconut-tree-disease,Dataset/Coconut Tree Disease Dataset/Bud Rot/BudRot103.jpg,budrot,4_crown_disease,,,,2,,,,,
BudRot104,coconut-tree-disease,Dataset/Coconut Tree Disease Dataset/Bud Rot/BudRot104.jpg,budrot,4_crown_disease,,,,1,,,,,
BudRot105,coconut-tree-disease,Dataset/Coconut Tree Disease Dataset/Bud Rot/BudRot105.jpg,budrot,4_crown_disease,,,,3,,,,,
BudRot106,coconut-tree-disease,Dataset/Coconut Tree Disease Dataset/Bud Rot/BudRot106.jpg,budrot,4_crown_disease,,,,3,,,,,
BudRot107,coconut-tree-disease,Dataset/Coconut Tree Disease Dataset/Bud Rot/BudRot107.jpg,budrot,4_crown_disease,,,,0,,,,,
BudRot108,coconut-tree-disease,Dataset/Coconut Tree Disease Dataset/Bud Rot/BudRot108.jpg,budrot,4_crown_disease,,,,1,,,,,
BudRot109,coconut-tree-disease,Dataset/Coconut Tree Disease Dataset/Bud Rot/BudRot109.jpg,budrot,4_crown_disease,,,,3,,,,,
BudRot110,coconut-tree-disease,Dataset/Coconut Tree Disease Dataset/Bud Rot/BudRot110.jpg,budrot,4_crown_disease,,,,4,,,,,
BudRot111,coconut-tree-disease,Dataset/Coconut Tree Disease Dataset/Bud Rot/BudRot111.jpg,budrot,4_crown_disease,,,,1,,,,,
BudRot112,coconut-tree-disease,Dataset/Coconut Tree Disease Dataset/Bud Rot/BudRot112.jpg,budrot,4_crown_disease,,,,3,,,,,
BudRot113,coconut-tree-disease,Dataset/Coconut Tree Disease Dataset/Bud Rot/BudRot113.jpg,budrot,4_crown_disease,,,,1,,,,,
BudRot114,coconut-tree-disease,Dataset/Coconut Tree Disease Dataset/Bud Rot/BudRot114.jpg,budrot,4_crown_disease,,,,0,,,,,
BudRot115,coconut-tree-disease,Dataset/Coconut Tree Disease Dataset/Bud Rot/BudRot115.jpg,budrot,4_crown_disease,,,,2,,,,,
BudRot116,coconut-tree-disease,Dataset/Coconut Tree Disease Dataset/Bud Rot/BudRot116.jpg,budrot,4_crown_disease,,,,2,,,,,
BudRot117,coconut-tree-disease,Dataset/Coconut Tree Disease Dataset/Bud Rot/BudRot117.jpg,budrot,4_crown_disease,,,,1,,,,,
BudRot118,coconut-tree-disease,Dataset/Coconut Tree Disease Dataset/Bud Rot/BudRot118.jpg,budrot,4_crown_disease,,,,3,,,,,
BudRot119,coconut-tree-disease,Dataset/Coconut Tree Disease Dataset/Bud Rot/BudRot119.jpg,budrot,4_crown_disease,,,,0,,,,,
BudRot120,coconut-tree-disease,Dataset/Coconut Tree Disease Dataset/Bud Rot/BudRot120.jpg,budrot,4_crown_disease,,,,3,,,,,
BudRot121,coconut-tree-disease,Dataset/Coconut Tree Disease Dataset/Bud Rot/BudRot121.jpg,budrot,4_crown_disease,,,,3,,,,,
BudRot122,coconut-tree-disease,Dataset/Coconut Tree Disease Dataset/Bud Rot/BudRot122.jpg,budrot,4_crown_disease,,,,0,,,,,
BudRot123,coconut-tree-disease,Dataset/Coconut Tree Disease Dataset/Bud Rot/BudRot123.jpg,budrot,4_crown_disease,,,,4,,,,,
BudRot124,coconut-tree-disease,Dataset/Coconut Tree Disease Dataset/Bud Rot/BudRot124.jpg,budrot,4_crown_disease,,,,1,,,,,
BudRot125,coconut-tree-disease,Dataset/Coconut Tree Disease Dataset/Bud Rot/BudRot125.jpg,budrot,4_crown_disease,,,,1,,,,,
BudRot126,coconut-tree-disease,Dataset/Coconut Tree Disease Dataset/Bud Rot/BudRot126.jpg,budrot,4_crown_disease,,,,2,,,,,
BudRot127,coconut-tree-disease,Dataset/Coconut Tree Disease Dataset/Bud Rot/BudRot127.jpg,budrot,4_crown_disease,,,,4,,,,,
BudRot128,coconut-tree-disease,Dataset/Coconut Tree Disease Dataset/Bud Rot/BudRot128.jpg,budrot,4_crown_disease,,,,4,,,,,
BudRot129,coconut-tree-disease,Dataset/Coconut Tree Disease Dataset/Bud Rot/BudRot129.jpg,budrot,4_crown_disease,,,,2,,,,,
BudRot130,coconut-tree-disease,Dataset/Coconut Tree Disease Dataset/Bud Rot/BudRot130.jpg,budrot,4_crown_disease,,,,3,,,,,
BudRot131,coconut-tree-disease,Dataset/Coconut Tree Disease Dataset/Bud Rot/BudRot131.jpg,budrot,4_crown_disease,,,,3,,,,,
BudRot132,coconut-tree-disease,Dataset/Coconut Tree Disease Dataset/Bud Rot/BudRot132.jpg,budrot,4_crown_disease,,,,3,,,,,
BudRot133,coconut-tree-disease,Dataset/Coconut Tree Disease Dataset/Bud Rot/BudRot133.jpg,budrot,4_crown_disease,,,,1,,,,,
BudRot134,coconut-tree-disease,Dataset/Coconut Tree Disease Dataset/Bud Rot/BudRot134.jpg,budrot,4_crown_disease,,,,0,,,,,
BudRot135,coconut-tree-disease,Dataset/Coconut Tree Disease Dataset/Bud Rot/BudRot135.jpg,budrot,4_crown_disease,,,,2,,,,,
BudRot136,coconut-tree-disease,Dataset/Coconut Tree Disease Dataset/Bud Rot/BudRot136.jpg,budrot,4_crown_disease,,,,3,,,,,
BudRot137,coconut-tree-disease,Dataset/Coconut Tree Disease Dataset/Bud Rot/BudRot137.jpg,budrot,4_crown_disease,,,,2,,,,,
BudRot138,coconut-tree-disease,Dataset/Coconut Tree Disease Dataset/Bud Rot/BudRot138.jpg,budrot,4_crown_disease,,,,2,,,,,
BudRot139,coconut-tree-disease,Dataset/Coconut Tree Disease Dataset/Bud Rot/BudRot139.jpg,budrot,4_crown_disease,,,,1,,,,,
BudRot140,coconut-tree-disease,Dataset/Coconut Tree Disease Dataset/Bud Rot/BudRot140.jpg,budrot,4_crown_disease,,,,1,,,,,
BudRot141,coconut-tree-disease,Dataset/Coconut Tree Disease Dataset/Bud Rot/BudRot141.jpg,budrot,4_crown_disease,,,,0,,,,,
BudRot142,coconut-tree-disease,Dataset/Coconut Tree Disease Dataset/Bud Rot/BudRot142.jpg,budrot,4_crown_disease,,,,4,,,,,
BudRot143,coconut-tree-disease,Dataset/Coconut Tree Disease Dataset/Bud Rot/BudRot143.jpg,budrot,4_crown_disease,,,,4,,,,,
BudRot144,coconut-tree-disease,Dataset/Coconut Tree Disease Dataset/Bud Rot/BudRot144.jpg,budrot,4_crown_disease,,,,0,,,,,
BudRot145,coconut-tree-disease,Dataset/Coconut Tree Disease Dataset/Bud Rot/BudRot145.jpg,budrot,4_crown_disease,,,,0,,,,,
BudRot146,coconut-tree-disease,Dataset/Coconut Tree Disease Dataset/Bud Rot/BudRot146.jpg,budrot,4_crown_disease,,,,3,,,,,
BudRot147,coconut-tree-disease,Dataset/Coconut Tree Disease Dataset/Bud Rot/BudRot147.jpg,budrot,4_crown_disease,,,,3,,,,,
BudRot148,coconut-tree-disease,Dataset/Coconut Tree Disease Dataset/Bud Rot/BudRot148.jpg,budrot,4_crown_disease,,,,2,,,,,
BudRot149,coconut-tree-disease,Dataset/Coconut Tree Disease Dataset/Bud Rot/BudRot149.jpg,budrot,4_crown_disease,,,,3,,,,,
BudRot150,coconut-tree-disease,Dataset/Coconut Tree Disease Dataset/Bud Rot/BudRot150.jpg,budrot,4_crown_disease,,,,3,,,,,
BudRot151,coconut-tree-disease,Dataset/Coconut Tree Disease Dataset/Bud Rot/BudRot151.jpg,budrot,4_crown_disease,,,,0,,,,,
BudRot152,coconut-tree-disease,Dataset/Coconut Tree Disease Dataset/Bud Rot/BudRot152.jpg,budrot,4_crown_disease,,,,0,,,,,
BudRot153,coconut-tree-disease,Dataset/Coconut Tree Disease Dataset/Bud Rot/BudRot153.jpg,budrot,4_crown_disease,,,,3,,,,,
BudRot154,coconut-tree-disease,Dataset/Coconut Tree Disease Dataset/Bud Rot/BudRot154.jpg,budrot,4_crown_disease,,,,1,,,,,
BudRot155,coconut-tree-disease,Dataset/Coconut Tree Disease Dataset/Bud Rot/BudRot155.jpg,budrot,4_crown_disease,,,,2,,,,,
BudRot156,coconut-tree-disease,Dataset/Coconut Tree Disease Dataset/Bud Rot/BudRot156.jpg,budrot,4_crown_disease,,,,1,,,,,
BudRot157,coconut-tree-disease,Dataset/Coconut Tree Disease Dataset/Bud Rot/BudRot157.jpg,budrot,4_crown_disease,,,,3,,,,,
BudRot158,coconut-tree-disease,Dataset/Coconut Tree Disease Dataset/Bud Rot/BudRot158.jpg,budrot,4_crown_disease,,,,3,,,,,
BudRot159,coconut-tree-disease,Dataset/Coconut Tree Disease Dataset/Bud Rot/BudRot159.jpg,budrot,4_crown_disease,,,,3,,,,,
BudRot160,coconut-tree-disease,Dataset/Coconut Tree Disease Dataset/Bud Rot/BudRot160.jpg,budrot,4_crown_disease,,,,2,,,,,
BudRot161,coconut-tree-disease,Dataset/Coconut Tree Disease Dataset/Bud Rot/BudRot161.jpg,budrot,4_crown_disease,,,,0,,,,,
BudRot162,coconut-tree-disease,Dataset/Coconut Tree Disease Dataset/Bud Rot/BudRot162.jpg,budrot,4_crown_disease,,,,0,,,,,
BudRot163,coconut-tree-disease,Dataset/Coconut Tree Disease Dataset/Bud Rot/BudRot163.jpg,budrot,4_crown_disease,,,,1,,,,,
BudRot164,coconut-tree-disease,Dataset/Coconut Tree Disease Dataset/Bud Rot/BudRot164.jpg,budrot,4_crown_disease,,,,1,,,,,
BudRot165,coconut-tree-disease,Dataset/Coconut Tree Disease Dataset/Bud Rot/BudRot165.jpg,budrot,4_crown_disease,,,,3,,,,,
BudRot166,coconut-tree-disease,Dataset/Coconut Tree Disease Dataset/Bud Rot/BudRot166.jpg,budrot,4_crown_disease,,,,3,,,,,
BudRot167,coconut-tree-disease,Dataset/Coconut Tree Disease Dataset/Bud Rot/BudRot167.jpg,budrot,4_crown_disease,,,,3,,,,,
BudRot168,coconut-tree-disease,Dataset/Coconut Tree Disease Dataset/Bud Rot/BudRot168.jpg,budrot,4_crown_disease,,,,4,,,,,
BudRot169,coconut-tree-disease,Dataset/Coconut Tree Disease Dataset/Bud Rot/BudRot169.jpg,budrot,4_crown_disease,,,,2,,,,,
BudRot170,coconut-tree-disease,Dataset/Coconut Tree Disease Dataset/Bud Rot/BudRot170.jpg,budrot,4_crown_disease,,,,4,,,,,
BudRot171,coconut-tree-disease,Dataset/Coconut Tree Disease Dataset/Bud Rot/BudRot171.jpg,budrot,4_crown_disease,,,,2,,,,,
BudRot172,coconut-tree-disease,Dataset/Coconut Tree Disease Dataset/Bud Rot/BudRot172.jpg,budrot,4_crown_disease,,,,1,,,,,
BudRot173,coconut-tree-disease,Dataset/Coconut Tree Disease Dataset/Bud Rot/BudRot173.jpg,budrot,4_crown_disease,,,,4,,,,,
BudRot174,coconut-tree-disease,Dataset/Coconut Tree Disease Dataset/Bud Rot/BudRot174.jpg,budrot,4_crown_disease,,,,0,,,,,
BudRot175,coconut-tree-disease,Dataset/Coconut Tree Disease Dataset/Bud Rot/BudRot175.jpg,budrot,4_crown_disease,,,,3,,,,,
BudRot176,coconut-tree-disease,Dataset/Coconut Tree Disease Dataset/Bud Rot/BudRot176.jpg,budrot,4_crown_disease,,,,2,,,,,
BudRot177,coconut-tree-disease,Dataset/Coconut Tree Disease Dataset/Bud Rot/BudRot177.jpg,budrot,4_crown_disease,,,,3,,,,,
BudRot178,coconut-tree-disease,Dataset/Coconut Tree Disease Dataset/Bud Rot/BudRot178.jpg,budrot,4_crown_disease,,,,3,,,,,
BudRot179,coconut-tree-disease,Dataset/Coconut Tree Disease Dataset/Bud Rot/BudRot179.jpg,budrot,4_crown_disease,,,,3,,,,,
BudRot180,coconut-tree-disease,Dataset/Coconut Tree Disease Dataset/Bud Rot/BudRot180.jpg,budrot,4_crown_disease,,,,4,,,,,
BudRot181,coconut-tree-disease,Dataset/Coconut Tree Disease Dataset/Bud Rot/BudRot181.jpg,budrot,4_crown_disease,,,,3,,,,,
BudRot182,coconut-tree-disease,Dataset/Coconut Tree Disease Dataset/Bud Rot/BudRot182.jpg,budrot,4_crown_disease,,,,4,,,,,
BudRot183,coconut-tree-disease,Dataset/Coconut Tree Disease Dataset/Bud Rot/BudRot183.jpg,budrot,4_crown_disease,,,,1,,,,,
BudRot184,coconut-tree-disease,Dataset/Coconut Tree Disease Dataset/Bud Rot/BudRot184.jpg,budrot,4_crown_disease,,,,3,,,,,
BudRot185,coconut-tree-disease,Dataset/Coconut Tree Disease Dataset/Bud Rot/BudRot185.jpg,budrot,4_crown_disease,,,,2,,,,,
BudRot186,coconut-tree-disease,Dataset/Coconut Tree Disease Dataset/Bud Rot/BudRot186.jpg,budrot,4_crown_disease,,,,0,,,,,
BudRot187,coconut-tree-disease,Dataset/Coconut Tree Disease Dataset/Bud Rot/BudRot187.jpg,budrot,4_crown_disease,,,,2,,,,,
BudRot188,coconut-tree-disease,Dataset/Coconut Tree Disease Dataset/Bud Rot/BudRot188.jpg,budrot,4_crown_disease,,,,2,,,,,
BudRot189,coconut-tree-disease,Dataset/Coconut Tree Disease Dataset/Bud Rot/BudRot189.jpg,budrot,4_crown_disease,,,,1,,,,,
BudRot190,coconut-tree-disease,Dataset/Coconut Tree Disease Dataset/Bud Rot/BudRot190.jpg,budrot,4_crown_disease,,,,3,,,,,
BudRot191,coconut-tree-disease,Dataset/Coconut Tree Disease Dataset/Bud Rot/BudRot191.jpg,budrot,4_crown_disease,,,,3,,,,,
BudRot192,coconut-tree-disease,Dataset/Coconut Tree Disease Dataset/Bud Rot/BudRot192.jpg,budrot,4_crown_disease,,,,2,,,,,
BudRot193,coconut-tree-disease,Dataset/Coconut Tree Disease Dataset/Bud Rot/BudRot193.jpg,budrot,4_crown_disease,,,,4,,,,,
BudRot194,coconut-tree-disease,Dataset/Coconut Tree Disease Dataset/Bud Rot/BudRot194.jpg,budrot,4_crown_disease,,,,0,,,,,
BudRot195,coconut-tree-disease,Dataset/Coconut Tree Disease Dataset/Bud Rot/BudRot195.jpg,budrot,4_crown_disease,,,,3,,,,,
BudRot196,coconut-tree-disease,Dataset/Coconut Tree Disease Dataset/Bud Rot/BudRot196.jpg,budrot,4_crown_disease,,,,1,,,,,
BudRot197,coconut-tree-disease,Dataset/Coconut Tree Disease Dataset/Bud Rot/BudRot197.jpg,budrot,4_crown_disease,,,,0,,,,,
BudRot198,coconut-tree-disease,Dataset/Coconut Tree Disease Dataset/Bud Rot/BudRot198.jpg,budrot,4_crown_disease,,,,0,,,,,
BudRot199,coconut-tree-disease,Dataset/Coconut Tree Disease Dataset/Bud Rot/BudRot199.jpg,budrot,4_crown_disease,,,,2,,,,,
BudRot200,coconut-tree-disease,Dataset/Coconut Tree Disease Dataset/Bud Rot/BudRot200.jpg,budrot,4_crown_disease,,,,2,,,,,
BudRot201,coconut-tree-disease,Dataset/Coconut Tree Disease Dataset/Bud Rot/BudRot201.jpg,budrot,4_crown_disease,,,,1,,,,,
BudRot202,coconut-tree-disease,Dataset/Coconut Tree Disease Dataset/Bud Rot/BudRot202.jpg,budrot,4_crown_disease,,,,1,,,,,
BudRot203,coconut-tree-disease,Dataset/Coconut Tree Disease Dataset/Bud Rot/BudRot203.jpg,budrot,4_crown_disease,,,,4,,,,,
BudRot204,coconut-tree-disease,Dataset/Coconut Tree Disease Dataset/Bud Rot/BudRot204.jpg,budrot,4_crown_disease,,,,3,,,,,
BudRot205,coconut-tree-disease,Dataset/Coconut Tree Disease Dataset/Bud Rot/BudRot205.jpg,budrot,4_crown_disease,,,,1,,,,,
BudRot206,coconut-tree-disease,Dataset/Coconut Tree Disease Dataset/Bud Rot/BudRot206.jpg,budrot,4_crown_disease,,,,3,,,,,
BudRot207,coconut-tree-disease,Dataset/Coconut Tree Disease Dataset/Bud Rot/BudRot207.jpg,budrot,4_crown_disease,,,,0,,,,,
BudRot208,coconut-tree-disease,Dataset/Coconut Tree Disease Dataset/Bud Rot/BudRot208.jpg,budrot,4_crown_disease,,,,4,,,,,
BudRot209,coconut-tree-disease,Dataset/Coconut Tree Disease Dataset/Bud Rot/BudRot209.jpg,budrot,4_crown_disease,,,,0,,,,,
BudRot210,coconut-tree-disease,Dataset/Coconut Tree Disease Dataset/Bud Rot/BudRot210.jpg,budrot,4_crown_disease,,,,4,,,,,
BudRot211,coconut-tree-disease,Dataset/Coconut Tree Disease Dataset/Bud Rot/BudRot211.jpg,budrot,4_crown_disease,,,,1,,,,,
BudRot212,coconut-tree-disease,Dataset/Coconut Tree Disease Dataset/Bud Rot/BudRot212.jpg,budrot,4_crown_disease,,,,1,,,,,
BudRot213,coconut-tree-disease,Dataset/Coconut Tree Disease Dataset/Bud Rot/BudRot213.jpg,budrot,4_crown_disease,,,,3,,,,,
BudRot214,coconut-tree-disease,Dataset/Coconut Tree Disease Dataset/Bud Rot/BudRot214.jpg,budrot,4_crown_disease,,,,0,,,,,
BudRot215,coconut-tree-disease,Dataset/Coconut Tree Disease Dataset/Bud Rot/BudRot215.jpg,budrot,4_crown_disease,,,,0,,,,,
BudRot216,coconut-tree-disease,Dataset/Coconut Tree Disease Dataset/Bud Rot/BudRot216.jpg,budrot,4_crown_disease,,,,3,,,,,
BudRot217,coconut-tree-disease,Dataset/Coconut Tree Disease Dataset/Bud Rot/BudRot217.jpg,budrot,4_crown_disease,,,,0,,,,,
BudRot218,coconut-tree-disease,Dataset/Coconut Tree Disease Dataset/Bud Rot/BudRot218.jpg,budrot,4_crown_disease,,,,4,,,,,
BudRot219,coconut-tree-disease,Dataset/Coconut Tree Disease Dataset/Bud Rot/BudRot219.jpg,budrot,4_crown_disease,,,,1,,,,,
BudRot220,coconut-tree-disease,Dataset/Coconut Tree Disease Dataset/Bud Rot/BudRot220.jpg,budrot,4_crown_disease,,,,3,,,,,
BudRot221,coconut-tree-disease,Dataset/Coconut Tree Disease Dataset/Bud Rot/BudRot221.jpg,budrot,4_crown_disease,,,,2,,,,,
BudRot222,coconut-tree-disease,Dataset/Coconut Tree Disease Dataset/Bud Rot/BudRot222.jpg,budrot,4_crown_disease,,,,3,,,,,
BudRot223,coconut-tree-disease,Dataset/Coconut Tree Disease Dataset/Bud Rot/BudRot223.jpg,budrot,4_crown_disease,,,,3,,,,,
BudRot224,coconut-tree-disease,Dataset/Coconut Tree Disease Dataset/Bud Rot/BudRot224.jpg,budrot,4_crown_disease,,,,2,,,,,
BudRot225,coconut-tree-disease,Dataset/Coconut Tree Disease Dataset/Bud Rot/BudRot225.jpg,budrot,4_crown_disease,,,,4,,,,,
BudRot226,coconut-tree-disease,Dataset/Coconut Tree Disease Dataset/Bud Rot/BudRot226.jpg,budrot,4_crown_disease,,,,2,,,,,
BudRot227,coconut-tree-disease,Dataset/Coconut Tree Disease Dataset/Bud Rot/BudRot227.jpg,budrot,4_crown_disease,,,,1,,,,,
BudRot228,coconut-tree-disease,Dataset/Coconut Tree Disease Dataset/Bud Rot/BudRot228.jpg,budrot,4_crown_disease,,,,3,,,,,
BudRot229,coconut-tree-disease,Dataset/Coconut Tree Disease Dataset/Bud Rot/BudRot229.jpg,budrot,4_crown_disease,,,,4,,,,,
BudRot230,coconut-tree-disease,Dataset/Coconut Tree Disease Dataset/Bud Rot/BudRot230.jpg,budrot,4_crown_disease,,,,3,,,,,
BudRot231,coconut-tree-disease,Dataset/Coconut Tree Disease Dataset/Bud Rot/BudRot231.jpg,budrot,4_crown_disease,,,,3,,,,,
BudRot232,coconut-tree-disease,Dataset/Coconut Tree Disease Dataset/Bud Rot/BudRot232.jpg,budrot,4_crown_disease,,,,3,,,,,
BudRot233,coconut-tree-disease,Dataset/Coconut Tree Disease Dataset/Bud Rot/BudRot233.jpg,budrot,4_crown_disease,,,,0,,,,,
BudRot234,coconut-tree-disease,Dataset/Coconut Tree Disease Dataset/Bud Rot/BudRot234.jpg,budrot,4_crown_disease,,,,0,,,,,
BudRot235,coconut-tree-disease,Dataset/Coconut Tree Disease Dataset/Bud Rot/BudRot235.jpg,budrot,4_crown_disease,,,,3,,,,,
BudRot236,coconut-tree-disease,Dataset/Coconut Tree Disease Dataset/Bud Rot/BudRot236.jpg,budrot,4_crown_disease,,,,0,,,,,
BudRot237,coconut-tree-disease,Dataset/Coconut Tree Disease Dataset/Bud Rot/BudRot237.jpg,budrot,4_crown_disease,,,,0,,,,,
BudRot238,coconut-tree-disease,Dataset/Coconut Tree Disease Dataset/Bud Rot/BudRot238.jpg,budrot,4_crown_disease,,,,2,,,,,
BudRot239,coconut-tree-disease,Dataset/Coconut Tree Disease Dataset/Bud Rot/BudRot239.jpg,budrot,4_crown_disease,,,,4,,,,,
BudRot240,coconut-tree-disease,Dataset/Coconut Tree Disease Dataset/Bud Rot/BudRot240.jpg,budrot,4_crown_disease,,,,3,,,,,
BudRot241,coconut-tree-disease,Dataset/Coconut Tree Disease Dataset/Bud Rot/BudRot241.jpg,budrot,4_crown_disease,,,,4,,,,,
BudRot242,coconut-tree-disease,Dataset/Coconut Tree Disease Dataset/Bud Rot/BudRot242.jpg,budrot,4_crown_disease,,,,3,,,,,
BudRot243,coconut-tree-disease,Dataset/Coconut Tree Disease Dataset/Bud Rot/BudRot243.jpg,budrot,4_crown_disease,,,,4,,,,,
BudRot244,coconut-tree-disease,Dataset/Coconut Tree Disease Dataset/Bud Rot/BudRot244.jpg,budrot,4_crown_disease,,,,3,,,,,
BudRot245,coconut-tree-disease,Dataset/Coconut Tree Disease Dataset/Bud Rot/BudRot245.jpg,budrot,4_crown_disease,,,,1,,,,,
BudRot246,coconut-tree-disease,Dataset/Coconut Tree Disease Dataset/Bud Rot/BudRot246.jpg,budrot,4_crown_disease,,,,3,,,,,
BudRot247,coconut-tree-disease,Dataset/Coconut Tree Disease Dataset/Bud Rot/BudRot247.jpg,budrot,4_crown_disease,,,,3,,,,,
BudRot248,coconut-tree-disease,Dataset/Coconut Tree Disease Dataset/Bud Rot/BudRot248.jpg,budrot,4_crown_disease,,,,1,,,,,
BudRot249,coconut-tree-disease,Dataset/Coconut Tree Disease Dataset/Bud Rot/BudRot249.jpg,budrot,4_crown_disease,,,,1,,,,,
BudRot250,coconut-tree-disease,Dataset/Coconut Tree Disease Dataset/Bud Rot/BudRot250.jpg,budrot,4_crown_disease,,,,4,,,,,
BudRot251,coconut-tree-disease,Dataset/Coconut Tree Disease Dataset/Bud Rot/BudRot251.jpg,budrot,4_crown_disease,,,,3,,,,,
BudRot252,coconut-tree-disease,Dataset/Coconut Tree Disease Dataset/Bud Rot/BudRot252.jpg,budrot,4_crown_disease,,,,3,,,,,
BudRot253,coconut-tree-disease,Dataset/Coconut Tree Disease Dataset/Bud Rot/BudRot253.jpg,budrot,4_crown_disease,,,,4,,,,,
BudRot254,coconut-tree-disease,Dataset/Coconut Tree Disease Dataset/Bud Rot/BudRot254.jpg,budrot,4_crown_disease,,,,1,,,,,
BudRot255,coconut-tree-disease,Dataset/Coconut Tree Disease Dataset/Bud Rot/BudRot255.jpg,budrot,4_crown_disease,,,,0,,,,,
BudRot256,coconut-tree-disease,Dataset/Coconut Tree Disease Dataset/Bud Rot/BudRot256.jpg,budrot,4_crown_disease,,,,4,,,,,
BudRot257,coconut-tree-disease,Dataset/Coconut Tree Disease Dataset/Bud Rot/BudRot257.jpg,budrot,4_crown_disease,,,,3,,,,,
BudRot258,coconut-tree-disease,Dataset/Coconut Tree Disease Dataset/Bud Rot/BudRot258.jpg,budrot,4_crown_disease,,,,2,,,,,
BudRot259,coconut-tree-disease,Dataset/Coconut Tree Disease Dataset/Bud Rot/BudRot259.jpg,budrot,4_crown_disease,,,,1,,,,,
BudRot260,coconut-tree-disease,Dataset/Coconut Tree Disease Dataset/Bud Rot/BudRot260.jpg,budrot,4_crown_disease,,,,3,,,,,
BudRot261,coconut-tree-disease,Dataset/Coconut Tree Disease Dataset/Bud Rot/BudRot261.jpg,budrot,4_crown_disease,,,,0,,,,,
BudRot262,coconut-tree-disease,Dataset/Coconut Tree Disease Dataset/Bud Rot/BudRot262.jpg,budrot,4_crown_disease,,,,0,,,,,
BudRot263,coconut-tree-disease,Dataset/Coconut Tree Disease Dataset/Bud Rot/BudRot263.jpg,budrot,4_crown_disease,,,,1,,,,,
BudRot264,coconut-tree-disease,Dataset/Coconut Tree Disease Dataset/Bud Rot/BudRot264.jpg,budrot,4_crown_disease,,,,1,,,,,
BudRot265,coconut-tree-disease,Dataset/Coconut Tree Disease Dataset/Bud Rot/BudRot265.jpg,budrot,4_crown_disease,,,,2,,,,,
BudRot266,coconut-tree-disease,Dataset/Coconut Tree Disease Dataset/Bud Rot/BudRot266.jpg,budrot,4_crown_disease,,,,2,,,,,
BudRot267,coconut-tree-disease,Dataset/Coconut Tree Disease Dataset/Bud Rot/BudRot267.jpg,budrot,4_crown_disease,,,,1,,,,,
BudRot268,coconut-tree-disease,Dataset/Coconut Tree Disease Dataset/Bud Rot/BudRot268.jpg,budrot,4_crown_disease,,,,3,,,,,
BudRot269,coconut-tree-disease,Dataset/Coconut Tree Disease Dataset/Bud Rot/BudRot269.jpg,budrot,4_crown_disease,,,,2,,,,,
BudRot270,coconut-tree-disease,Dataset/Coconut Tree Disease Dataset/Bud Rot/BudRot270.jpg,budrot,4_crown_disease,,,,3,,,,,
BudRot271,coconut-tree-disease,Dataset/Coconut Tree Disease Dataset/Bud Rot/BudRot271.jpg,budrot,4_crown_disease,,,,3,,,,,
BudRot272,coconut-tree-disease,Dataset/Coconut Tree Disease Dataset/Bud Rot/BudRot272.jpg,budrot,4_crown_disease,,,,3,,,,,
BudRot273,coconut-tree-disease,Dataset/Coconut Tree Disease Dataset/Bud Rot/BudRot273.jpg,budrot,4_crown_disease,,,,2,,,,,
BudRot274,coconut-tree-disease,Dataset/Coconut Tree Disease Dataset/Bud Rot/BudRot274.jpg,budrot,4_crown_disease,,,,3,,,,,
BudRot275,coconut-tree-disease,Dataset/Coconut Tree Disease Dataset/Bud Rot/BudRot275.jpg,budrot,4_crown_disease,,,,0,,,,,
BudRot276,coconut-tree-disease,Dataset/Coconut Tree Disease Dataset/Bud Rot/BudRot276.jpg,budrot,4_crown_disease,,,,1,,,,,
BudRot277,coconut-tree-disease,Dataset/Coconut Tree Disease Dataset/Bud Rot/BudRot277.jpg,budrot,4_crown_disease,,,,1,,,,,
BudRot278,coconut-tree-disease,Dataset/Coconut Tree Disease Dataset/Bud Rot/BudRot278.jpg,budrot,4_crown_disease,,,,0,,,,,
BudRot279,coconut-tree-disease,Dataset/Coconut Tree Disease Dataset/Bud Rot/BudRot279.jpg,budrot,4_crown_disease,,,,2,,,,,
BudRot280,coconut-tree-disease,Dataset/Coconut Tree Disease Dataset/Bud Rot/BudRot280.jpg,budrot,4_crown_disease,,,,1,,,,,
BudRot281,coconut-tree-disease,Dataset/Coconut Tree Disease Dataset/Bud Rot/BudRot281.jpg,budrot,4_crown_disease,,,,1,,,,,
BudRot282,coconut-tree-disease,Dataset/Coconut Tree Disease Dataset/Bud Rot/BudRot282.jpg,budrot,4_crown_disease,,,,1,,,,,
BudRot283,coconut-tree-disease,Dataset/Coconut Tree Disease Dataset/Bud Rot/BudRot283.jpg,budrot,4_crown_disease,,,,3,,,,,
BudRot284,coconut-tree-disease,Dataset/Coconut Tree Disease Dataset/Bud Rot/BudRot284.jpg,budrot,4_crown_disease,,,,0,,,,,
BudRot285,coconut-tree-disease,Dataset/Coconut Tree Disease Dataset/Bud Rot/BudRot285.jpg,budrot,4_crown_disease,,,,2,,,,,
BudRot286,coconut-tree-disease,Dataset/Coconut Tree Disease Dataset/Bud Rot/BudRot286.jpg,budrot,4_crown_disease,,,,2,,,,,
BudRot287,coconut-tree-disease,Dataset/Coconut Tree Disease Dataset/Bud Rot/BudRot287.jpg,budrot,4_crown_disease,,,,2,,,,,
BudRot288,coconut-tree-disease,Dataset/Coconut Tree Disease Dataset/Bud Rot/BudRot288.jpg,budrot,4_crown_disease,,,,4,,,,,
BudRot289,coconut-tree-disease,Dataset/Coconut Tree Disease Dataset/Bud Rot/BudRot289.jpg,budrot,4_crown_disease,,,,3,,,,,
BudRot290,coconut-tree-disease,Dataset/Coconut Tree Disease Dataset/Bud Rot/BudRot290.jpg,budrot,4_crown_disease,,,,1,,,,,
BudRot291,coconut-tree-disease,Dataset/Coconut Tree Disease Dataset/Bud Rot/BudRot291.jpg,budrot,4_crown_disease,,,,1,,,,,
BudRot292,coconut-tree-disease,Dataset/Coconut Tree Disease Dataset/Bud Rot/BudRot292.jpg,budrot,4_crown_disease,,,,1,,,,,
BudRot293,coconut-tree-disease,Dataset/Coconut Tree Disease Dataset/Bud Rot/BudRot293.jpg,budrot,4_crown_disease,,,,2,,,,,
BudRot294,coconut-tree-disease,Dataset/Coconut Tree Disease Dataset/Bud Rot/BudRot294.jpg,budrot,4_crown_disease,,,,0,,,,,
BudRot295,coconut-tree-disease,Dataset/Coconut Tree Disease Dataset/Bud Rot/BudRot295.jpg,budrot,4_crown_disease,,,,2,,,,,
BudRot296,coconut-tree-disease,Dataset/Coconut Tree Disease Dataset/Bud Rot/BudRot296.jpg,budrot,4_crown_disease,,,,1,,,,,
BudRot297,coconut-tree-disease,Dataset/Coconut Tree Disease Dataset/Bud Rot/BudRot297.jpg,budrot,4_crown_disease,,,,0,,,,,
BudRot298,coconut-tree-disease,Dataset/Coconut Tree Disease Dataset/Bud Rot/BudRot298.jpg,budrot,4_crown_disease,,,,2,,,,,
BudRot299,coconut-tree-disease,Dataset/Coconut Tree Disease Dataset/Bud Rot/BudRot299.jpg,budrot,4_crown_disease,,,,3,,,,,
BudRot300,coconut-tree-disease,Dataset/Coconut Tree Disease Dataset/Bud Rot/BudRot300.jpg,budrot,4_crown_disease,,,,0,,,,,
BudRot301,coconut-tree-disease,Dataset/Coconut Tree Disease Dataset/Bud Rot/BudRot301.jpg,budrot,4_crown_disease,,,,4,,,,,
BudRot302,coconut-tree-disease,Dataset/Coconut Tree Disease Dataset/Bud Rot/BudRot302.jpg,budrot,4_crown_disease,,,,2,,,,,
BudRot303,coconut-tree-disease,Dataset/Coconut Tree Disease Dataset/Bud Rot/BudRot303.jpg,budrot,4_crown_disease,,,,0,,,,,
BudRot304,coconut-tree-disease,Dataset/Coconut Tree Disease Dataset/Bud Rot/BudRot304.jpg,budrot,4_crown_disease,,,,0,,,,,
BudRot305,coconut-tree-disease,Dataset/Coconut Tree Disease Dataset/Bud Rot/BudRot305.jpg,budrot,4_crown_disease,,,,2,,,,,
BudRot306,coconut-tree-disease,Dataset/Coconut Tree Disease Dataset/Bud Rot/BudRot306.jpg,budrot,4_crown_disease,,,,1,,,,,
BudRot307,coconut-tree-disease,Dataset/Coconut Tree Disease Dataset/Bud Rot/BudRot307.jpg,budrot,4_crown_disease,,,,0,,,,,
BudRot308,coconut-tree-disease,Dataset/Coconut Tree Disease Dataset/Bud Rot/BudRot308.jpg,budrot,4_crown_disease,,,,3,,,,,
BudRot309,coconut-tree-disease,Dataset/Coconut Tree Disease Dataset/Bud Rot/BudRot309.jpg,budrot,4_crown_disease,,,,0,,,,,
BudRot310,coconut-tree-disease,Dataset/Coconut Tree Disease Dataset/Bud Rot/BudRot310.jpg,budrot,4_crown_disease,,,,2,,,,,
BudRot311,coconut-tree-disease,Dataset/Coconut Tree Disease Dataset/Bud Rot/BudRot311.jpg,budrot,4_crown_disease,,,,2,,,,,
BudRot312,coconut-tree-disease,Dataset/Coconut Tree Disease Dataset/Bud Rot/BudRot312.jpg,budrot,4_crown_disease,,,,4,,,,,
BudRot313,coconut-tree-disease,Dataset/Coconut Tree Disease Dataset/Bud Rot/BudRot313.jpg,budrot,4_crown_disease,,,,3,,,,,
BudRot314,coconut-tree-disease,Dataset/Coconut Tree Disease Dataset/Bud Rot/BudRot314.jpg,budrot,4_crown_disease,,,,0,,,,,
BudRot315,coconut-tree-disease,Dataset/Coconut Tree Disease Dataset/Bud Rot/BudRot315.jpg,budrot,4_crown_disease,,,,3,,,,,
BudRot316,coconut-tree-disease,Dataset/Coconut Tree Disease Dataset/Bud Rot/BudRot316.jpg,budrot,4_crown_disease,,,,0,,,,,
BudRot317,coconut-tree-disease,Dataset/Coconut Tree Disease Dataset/Bud Rot/BudRot317.jpg,budrot,4_crown_disease,,,,3,,,,,
BudRot318,coconut-tree-disease,Dataset/Coconut Tree Disease Dataset/Bud Rot/BudRot318.jpg,budrot,4_crown_disease,,,,0,,,,,
BudRot319,coconut-tree-disease,Dataset/Coconut Tree Disease Dataset/Bud Rot/BudRot319.jpg,budrot,4_crown_disease,,,,3,,,,,
BudRot320,coconut-tree-disease,Dataset/Coconut Tree Disease Dataset/Bud Rot/BudRot320.jpg,budrot,4_crown_disease,,,,4,,,,,
BudRot321,coconut-tree-disease,Dataset/Coconut Tree Disease Dataset/Bud Rot/BudRot321.jpg,budrot,4_crown_disease,,,,1,,,,,
BudRot322,coconut-tree-disease,Dataset/Coconut Tree Disease Dataset/Bud Rot/BudRot322.jpg,budrot,4_crown_disease,,,,1,,,,,
BudRot323,coconut-tree-disease,Dataset/Coconut Tree Disease Dataset/Bud Rot/BudRot323.jpg,budrot,4_crown_disease,,,,4,,,,,
BudRot324,coconut-tree-disease,Dataset/Coconut Tree Disease Dataset/Bud Rot/BudRot324.jpg,budrot,4_crown_disease,,,,0,,,,,
BudRot325,coconut-tree-disease,Dataset/Coconut Tree Disease Dataset/Bud Rot/BudRot325.jpg,budrot,4_crown_disease,,,,3,,,,,
BudRot326,coconut-tree-disease,Dataset/Coconut Tree Disease Dataset/Bud Rot/BudRot326.jpg,budrot,4_crown_disease,,,,2,,,,,
BudRot327,coconut-tree-disease,Dataset/Coconut Tree Disease Dataset/Bud Rot/BudRot327.jpg,budrot,4_crown_disease,,,,2,,,,,
BudRot328,coconut-tree-disease,Dataset/Coconut Tree Disease Dataset/Bud Rot/BudRot328.jpg,budrot,4_crown_disease,,,,3,,,,,
BudRot329,coconut-tree-disease,Dataset/Coconut Tree Disease Dataset/Bud Rot/BudRot329.jpg,budrot,4_crown_disease,,,,4,,,,,
BudRot330,coconut-tree-disease,Dataset/Coconut Tree Disease Dataset/Bud Rot/BudRot330.jpg,budrot,4_crown_disease,,,,0,,,,,
BudRot331,coconut-tree-disease,Dataset/Coconut Tree Disease Dataset/Bud Rot/BudRot331.jpg,budrot,4_crown_disease,,,,0,,,,,
BudRot332,coconut-tree-disease,Dataset/Coconut Tree Disease Dataset/Bud Rot/BudRot332.jpg,budrot,4_crown_disease,,,,1,,,,,
BudRot333,coconut-tree-disease,Dataset/Coconut Tree Disease Dataset/Bud Rot/BudRot333.jpg,budrot,4_crown_disease,,,,0,,,,,
BudRot334,coconut-tree-disease,Dataset/Coconut Tree Disease Dataset/Bud Rot/BudRot334.jpg,budrot,4_crown_disease,,,,2,,,,,
BudRot335,coconut-tree-disease,Dataset/Coconut Tree Disease Dataset/Bud Rot/BudRot335.jpg,budrot,4_crown_disease,,,,3,,,,,
BudRot336,coconut-tree-disease,Dataset/Coconut Tree Disease Dataset/Bud Rot/BudRot336.jpg,budrot,4_crown_disease,,,,0,,,,,
BudRot337,coconut-tree-disease,Dataset/Coconut Tree Disease Dataset/Bud Rot/BudRot337.jpg,budrot,4_crown_disease,,,,4,,,,,
BudRot338,coconut-tree-disease,Dataset/Coconut Tree Disease Dataset/Bud Rot/BudRot338.jpg,budrot,4_crown_disease,,,,3,,,,,
BudRot339,coconut-tree-disease,Dataset/Coconut Tree Disease Dataset/Bud Rot/BudRot339.jpg,budrot,4_crown_disease,,,,0,,,,,
BudRot340,coconut-tree-disease,Dataset/Coconut Tree Disease Dataset/Bud Rot/BudRot340.jpg,budrot,4_crown_disease,,,,4,,,,,
BudRot341,coconut-tree-disease,Dataset/Coconut Tree Disease Dataset/Bud Rot/BudRot341.jpg,budrot,4_crown_disease,,,,0,,,,,
BudRot342,coconut-tree-disease,Dataset/Coconut Tree Disease Dataset/Bud Rot/BudRot342.jpg,budrot,4_crown_disease,,,,3,,,,,
BudRot343,coconut-tree-disease,Dataset/Coconut Tree Disease Dataset/Bud Rot/BudRot343.jpg,budrot,4_crown_disease,,,,4,,,,,
BudRot344,coconut-tree-disease,Dataset/Coconut Tree Disease Dataset/Bud Rot/BudRot344.jpg,budrot,4_crown_disease,,,,1,,,,,
BudRot345,coconut-tree-disease,Dataset/Coconut Tree Disease Dataset/Bud Rot/BudRot345.jpg,budrot,4_crown_disease,,,,2,,,,,
BudRot346,coconut-tree-disease,Dataset/Coconut Tree Disease Dataset/Bud Rot/BudRot346.jpg,budrot,4_crown_disease,,,,1,,,,,
BudRot347,coconut-tree-disease,Dataset/Coconut Tree Disease Dataset/Bud Rot/BudRot347.jpg,budrot,4_crown_disease,,,,2,,,,,
BudRot348,coconut-tree-disease,Dataset/Coconut Tree Disease Dataset/Bud Rot/BudRot348.jpg,budrot,4_crown_disease,,,,4,,,,,
BudRot349,coconut-tree-disease,Dataset/Coconut Tree Disease Dataset/Bud Rot/BudRot349.jpg,budrot,4_crown_disease,,,,2,,,,,
BudRot350,coconut-tree-disease,Dataset/Coconut Tree Disease Dataset/Bud Rot/BudRot350.jpg,budrot,4_crown_disease,,,,1,,,,,
BudRot351,coconut-tree-disease,Dataset/Coconut Tree Disease Dataset/Bud Rot/BudRot351.jpg,budrot,4_crown_disease,,,,1,,,,,
BudRot352,coconut-tree-disease,Dataset/Coconut Tree Disease Dataset/Bud Rot/BudRot352.jpg,budrot,4_crown_disease,,,,3,,,,,
BudRot353,coconut-tree-disease,Dataset/Coconut Tree Disease Dataset/Bud Rot/BudRot353.jpg,budrot,4_crown_disease,,,,3,,,,,
BudRot354,coconut-tree-disease,Dataset/Coconut Tree Disease Dataset/Bud Rot/BudRot354.jpg,budrot,4_crown_disease,,,,3,,,,,
BudRot355,coconut-tree-disease,Dataset/Coconut Tree Disease Dataset/Bud Rot/BudRot355.jpg,budrot,4_crown_disease,,,,4,,,,,
BudRot356,coconut-tree-disease,Dataset/Coconut Tree Disease Dataset/Bud Rot/BudRot356.jpg,budrot,4_crown_disease,,,,4,,,,,
BudRot357,coconut-tree-disease,Dataset/Coconut Tree Disease Dataset/Bud Rot/BudRot357.jpg,budrot,4_crown_disease,,,,4,,,,,
BudRot358,coconut-tree-disease,Dataset/Coconut Tree Disease Dataset/Bud Rot/BudRot358.jpg,budrot,4_crown_disease,,,,0,,,,,
BudRot359,coconut-tree-disease,Dataset/Coconut Tree Disease Dataset/Bud Rot/BudRot359.jpg,budrot,4_crown_disease,,,,3,,,,,
BudRot360,coconut-tree-disease,Dataset/Coconut Tree Disease Dataset/Bud Rot/BudRot360.jpg,budrot,4_crown_disease,,,,2,,,,,
BudRot361,coconut-tree-disease,Dataset/Coconut Tree Disease Dataset/Bud Rot/BudRot361.jpg,budrot,4_crown_disease,,,,4,,,,,
BudRot362,coconut-tree-disease,Dataset/Coconut Tree Disease Dataset/Bud Rot/BudRot362.jpg,budrot,4_crown_disease,,,,1,,,,,
BudRot363,coconut-tree-disease,Dataset/Coconut Tree Disease Dataset/Bud Rot/BudRot363.jpg,budrot,4_crown_disease,,,,4,,,,,
BudRot364,coconut-tree-disease,Dataset/Coconut Tree Disease Dataset/Bud Rot/BudRot364.jpg,budrot,4_crown_disease,,,,4,,,,,
BudRot365,coconut-tree-disease,Dataset/Coconut Tree Disease Dataset/Bud Rot/BudRot365.jpg,budrot,4_crown_disease,,,,2,,,,,
BudRot366,coconut-tree-disease,Dataset/Coconut Tree Disease Dataset/Bud Rot/BudRot366.jpg,budrot,4_crown_disease,,,,0,,,,,
BudRot367,coconut-tree-disease,Dataset/Coconut Tree Disease Dataset/Bud Rot/BudRot367.jpg,budrot,4_crown_disease,,,,0,,,,,
BudRot368,coconut-tree-disease,Dataset/Coconut Tree Disease Dataset/Bud Rot/BudRot368.jpg,budrot,4_crown_disease,,,,1,,,,,
BudRot369,coconut-tree-disease,Dataset/Coconut Tree Disease Dataset/Bud Rot/BudRot369.jpg,budrot,4_crown_disease,,,,4,,,,,
BudRot370,coconut-tree-disease,Dataset/Coconut Tree Disease Dataset/Bud Rot/BudRot370.jpg,budrot,4_crown_disease,,,,2,,,,,
BudRot371,coconut-tree-disease,Dataset/Coconut Tree Disease Dataset/Bud Rot/BudRot371.jpg,budrot,4_crown_disease,,,,1,,,,,
BudRot372,coconut-tree-disease,Dataset/Coconut Tree Disease Dataset/Bud Rot/BudRot372.jpg,budrot,4_crown_disease,,,,4,,,,,
BudRot373,coconut-tree-disease,Dataset/Coconut Tree Disease Dataset/Bud Rot/BudRot373.jpg,budrot,4_crown_disease,,,,0,,,,,
BudRot374,coconut-tree-disease,Dataset/Coconut Tree Disease Dataset/Bud Rot/BudRot374.jpg,budrot,4_crown_disease,,,,1,,,,,
BudRot375,coconut-tree-disease,Dataset/Coconut Tree Disease Dataset/Bud Rot/BudRot375.jpg,budrot,4_crown_disease,,,,1,,,,,
BudRot376,coconut-tree-disease,Dataset/Coconut Tree Disease Dataset/Bud Rot/BudRot376.jpg,budrot,4_crown_disease,,,,3,,,,,
BudRot377,coconut-tree-disease,Dataset/Coconut Tree Disease Dataset/Bud Rot/BudRot377.jpg,budrot,4_crown_disease,,,,0,,,,,
BudRot378,coconut-tree-disease,Dataset/Coconut Tree Disease Dataset/Bud Rot/BudRot378.jpg,budrot,4_crown_disease,,,,4,,,,,
BudRot379,coconut-tree-disease,Dataset/Coconut Tree Disease Dataset/Bud Rot/BudRot379.jpg,budrot,4_crown_disease,,,,0,,,,,
BudRot380,coconut-tree-disease,Dataset/Coconut Tree Disease Dataset/Bud Rot/BudRot380.jpg,budrot,4_crown_disease,,,,1,,,,,
BudRot381,coconut-tree-disease,Dataset/Coconut Tree Disease Dataset/Bud Rot/BudRot381.jpg,budrot,4_crown_disease,,,,2,,,,,
BudRot382,coconut-tree-disease,Dataset/Coconut Tree Disease Dataset/Bud Rot/BudRot382.jpg,budrot,4_crown_disease,,,,3,,,,,
BudRot383,coconut-tree-disease,Dataset/Coconut Tree Disease Dataset/Bud Rot/BudRot383.jpg,budrot,4_crown_disease,,,,2,,,,,
BudRot384,coconut-tree-disease,Dataset/Coconut Tree Disease Dataset/Bud Rot/BudRot384.jpg,budrot,4_crown_disease,,,,2,,,,,
BudRot385,coconut-tree-disease,Dataset/Coconut Tree Disease Dataset/Bud Rot/BudRot385.jpg,budrot,4_crown_disease,,,,4,,,,,
BudRot386,coconut-tree-disease,Dataset/Coconut Tree Disease Dataset/Bud Rot/BudRot386.jpg,budrot,4_crown_disease,,,,4,,,,,
BudRot387,coconut-tree-disease,Dataset/Coconut Tree Disease Dataset/Bud Rot/BudRot387.jpg,budrot,4_crown_disease,,,,3,,,,,
BudRot388,coconut-tree-disease,Dataset/Coconut Tree Disease Dataset/Bud Rot/BudRot388.jpg,budrot,4_crown_disease,,,,2,,,,,
BudRot389,coconut-tree-disease,Dataset/Coconut Tree Disease Dataset/Bud Rot/BudRot389.jpg,budrot,4_crown_disease,,,,1,,,,,
BudRot390,coconut-tree-disease,Dataset/Coconut Tree Disease Dataset/Bud Rot/BudRot390.jpg,budrot,4_crown_disease,,,,3,,,,,
BudRot391,coconut-tree-disease,Dataset/Coconut Tree Disease Dataset/Bud Rot/BudRot391.jpg,budrot,4_crown_disease,,,,3,,,,,
BudRot392,coconut-tree-disease,Dataset/Coconut Tree Disease Dataset/Bud Rot/BudRot392.jpg,budrot,4_crown_disease,,,,2,,,,,
BudRot393,coconut-tree-disease,Dataset/Coconut Tree Disease Dataset/Bud Rot/BudRot393.jpg,budrot,4_crown_disease,,,,3,,,,,
BudRot394,coconut-tree-disease,Dataset/Coconut Tree Disease Dataset/Bud Rot/BudRot394.jpg,budrot,4_crown_disease,,,,1,,,,,
BudRot395,coconut-tree-disease,Dataset/Coconut Tree Disease Dataset/Bud Rot/BudRot395.jpg,budrot,4_crown_disease,,,,4,,,,,
BudRot396,coconut-tree-disease,Dataset/Coconut Tree Disease Dataset/Bud Rot/BudRot396.jpg,budrot,4_crown_disease,,,,1,,,,,
BudRot397,coconut-tree-disease,Dataset/Coconut Tree Disease Dataset/Bud Rot/BudRot397.jpg,budrot,4_crown_disease,,,,1,,,,,
BudRot398,coconut-tree-disease,Dataset/Coconut Tree Disease Dataset/Bud Rot/BudRot398.jpg,budrot,4_crown_disease,,,,4,,,,,
BudRot399,coconut-tree-disease,Dataset/Coconut Tree Disease Dataset/Bud Rot/BudRot399.jpg,budrot,4_crown_disease,,,,1,,,,,
BudRot400,coconut-tree-disease,Dataset/Coconut Tree Disease Dataset/Bud Rot/BudRot400.jpg,budrot,4_crown_disease,,,,4,,,,,
BudRot401,coconut-tree-disease,Dataset/Coconut Tree Disease Dataset/Bud Rot/BudRot401.jpg,budrot,4_crown_disease,,,,4,,,,,
BudRot402,coconut-tree-disease,Dataset/Coconut Tree Disease Dataset/Bud Rot/BudRot402.jpg,budrot,4_crown_disease,,,,4,,,,,
BudRot403,coconut-tree-disease,Dataset/Coconut Tree Disease Dataset/Bud Rot/BudRot403.jpg,budrot,4_crown_disease,,,,0,,,,,
BudRot404,coconut-tree-disease,Dataset/Coconut Tree Disease Dataset/Bud Rot/BudRot404.jpg,budrot,4_crown_disease,,,,1,,,,,
BudRot405,coconut-tree-disease,Dataset/Coconut Tree Disease Dataset/Bud Rot/BudRot405.jpg,budrot,4_crown_disease,,,,0,,,,,
BudRot406,coconut-tree-disease,Dataset/Coconut Tree Disease Dataset/Bud Rot/BudRot406.jpg,budrot,4_crown_disease,,,,2,,,,,
BudRot407,coconut-tree-disease,Dataset/Coconut Tree Disease Dataset/Bud Rot/BudRot407.jpg,budrot,4_crown_disease,,,,0,,,,,
BudRot408,coconut-tree-disease,Dataset/Coconut Tree Disease Dataset/Bud Rot/BudRot408.jpg,budrot,4_crown_disease,,,,3,,,,,
BudRot409,coconut-tree-disease,Dataset/Coconut Tree Disease Dataset/Bud Rot/BudRot409.jpg,budrot,4_crown_disease,,,,0,,,,,
BudRot410,coconut-tree-disease,Dataset/Coconut Tree Disease Dataset/Bud Rot/BudRot410.jpg,budrot,4_crown_disease,,,,1,,,,,
BudRot411,coconut-tree-disease,Dataset/Coconut Tree Disease Dataset/Bud Rot/BudRot411.jpg,budrot,4_crown_disease,,,,1,,,,,
BudRot412,coconut-tree-disease,Dataset/Coconut Tree Disease Dataset/Bud Rot/BudRot412.jpg,budrot,4_crown_disease,,,,0,,,,,
BudRot413,coconut-tree-disease,Dataset/Coconut Tree Disease Dataset/Bud Rot/BudRot413.jpg,budrot,4_crown_disease,,,,2,,,,,
BudRot414,coconut-tree-disease,Dataset/Coconut Tree Disease Dataset/Bud Rot/BudRot414.jpg,budrot,4_crown_disease,,,,3,,,,,
BudRot415,coconut-tree-disease,Dataset/Coconut Tree Disease Dataset/Bud Rot/BudRot415.jpg,budrot,4_crown_disease,,,,0,,,,,
BudRot416,coconut-tree-disease,Dataset/Coconut Tree Disease Dataset/Bud Rot/BudRot416.jpg,budrot,4_crown_disease,,,,4,,,,,
BudRot417,coconut-tree-disease,Dataset/Coconut Tree Disease Dataset/Bud Rot/BudRot417.jpg,budrot,4_crown_disease,,,,4,,,,,
BudRot418,coconut-tree-disease,Dataset/Coconut Tree Disease Dataset/Bud Rot/BudRot418.jpg,budrot,4_crown_disease,,,,2,,,,,
BudRot419,coconut-tree-disease,Dataset/Coconut Tree Disease Dataset/Bud Rot/BudRot419.jpg,budrot,4_crown_disease,,,,1,,,,,
BudRot420,coconut-tree-disease,Dataset/Coconut Tree Disease Dataset/Bud Rot/BudRot420.jpg,budrot,4_crown_disease,,,,0,,,,,
BudRot421,coconut-tree-disease,Dataset/Coconut Tree Disease Dataset/Bud Rot/BudRot421.jpg,budrot,4_crown_disease,,,,1,,,,,
BudRot422,coconut-tree-disease,Dataset/Coconut Tree Disease Dataset/Bud Rot/BudRot422.jpg,budrot,4_crown_disease,,,,4,,,,,
BudRot423,coconut-tree-disease,Dataset/Coconut Tree Disease Dataset/Bud Rot/BudRot423.jpg,budrot,4_crown_disease,,,,1,,,,,
BudRot424,coconut-tree-disease,Dataset/Coconut Tree Disease Dataset/Bud Rot/BudRot424.jpg,budrot,4_crown_disease,,,,3,,,,,
BudRot425,coconut-tree-disease,Dataset/Coconut Tree Disease Dataset/Bud Rot/BudRot425.jpg,budrot,4_crown_disease,,,,4,,,,,
BudRot426,coconut-tree-disease,Dataset/Coconut Tree Disease Dataset/Bud Rot/BudRot426.jpg,budrot,4_crown_disease,,,,3,,,,,
BudRot427,coconut-tree-disease,Dataset/Coconut Tree Disease Dataset/Bud Rot/BudRot427.jpg,budrot,4_crown_disease,,,,3,,,,,
BudRot428,coconut-tree-disease,Dataset/Coconut Tree Disease Dataset/Bud Rot/BudRot428.jpg,budrot,4_crown_disease,,,,2,,,,,
BudRot429,coconut-tree-disease,Dataset/Coconut Tree Disease Dataset/Bud Rot/BudRot429.jpg,budrot,4_crown_disease,,,,1,,,,,
BudRot430,coconut-tree-disease,Dataset/Coconut Tree Disease Dataset/Bud Rot/BudRot430.jpg,budrot,4_crown_disease,,,,1,,,,,
BudRot431,coconut-tree-disease,Dataset/Coconut Tree Disease Dataset/Bud Rot/BudRot431.jpg,budrot,4_crown_disease,,,,2,,,,,
BudRot432,coconut-tree-disease,Dataset/Coconut Tree Disease Dataset/Bud Rot/BudRot432.jpg,budrot,4_crown_disease,,,,0,,,,,
BudRot433,coconut-tree-disease,Dataset/Coconut Tree Disease Dataset/Bud Rot/BudRot433.jpg,budrot,4_crown_disease,,,,2,,,,,
BudRot434,coconut-tree-disease,Dataset/Coconut Tree Disease Dataset/Bud Rot/BudRot434.jpg,budrot,4_crown_disease,,,,0,,,,,
BudRot435,coconut-tree-disease,Dataset/Coconut Tree Disease Dataset/Bud Rot/BudRot435.jpg,budrot,4_crown_disease,,,,4,,,,,
BudRot436,coconut-tree-disease,Dataset/Coconut Tree Disease Dataset/Bud Rot/BudRot436.jpg,budrot,4_crown_disease,,,,4,,,,,
BudRot437,coconut-tree-disease,Dataset/Coconut Tree Disease Dataset/Bud Rot/BudRot437.jpg,budrot,4_crown_disease,,,,0,,,,,
BudRot438,coconut-tree-disease,Dataset/Coconut Tree Disease Dataset/Bud Rot/BudRot438.jpg,budrot,4_crown_disease,,,,0,,,,,
BudRot439,coconut-tree-disease,Dataset/Coconut Tree Disease Dataset/Bud Rot/BudRot439.jpg,budrot,4_crown_disease,,,,2,,,,,
BudRot440,coconut-tree-disease,Dataset/Coconut Tree Disease Dataset/Bud Rot/BudRot440.jpg,budrot,4_crown_disease,,,,0,,,,,
BudRot441,coconut-tree-disease,Dataset/Coconut Tree Disease Dataset/Bud Rot/BudRot441.jpg,budrot,4_crown_disease,,,,4,,,,,
BudRot442,coconut-tree-disease,Dataset/Coconut Tree Disease Dataset/Bud Rot/BudRot442.jpg,budrot,4_crown_disease,,,,1,,,,,
BudRot443,coconut-tree-disease,Dataset/Coconut Tree Disease Dataset/Bud Rot/BudRot443.jpg,budrot,4_crown_disease,,,,0,,,,,
BudRot444,coconut-tree-disease,Dataset/Coconut Tree Disease Dataset/Bud Rot/BudRot444.jpg,budrot,4_crown_disease,,,,3,,,,,
BudRot445,coconut-tree-disease,Dataset/Coconut Tree Disease Dataset/Bud Rot/BudRot445.jpg,budrot,4_crown_disease,,,,2,,,,,
BudRot446,coconut-tree-disease,Dataset/Coconut Tree Disease Dataset/Bud Rot/BudRot446.jpg,budrot,4_crown_disease,,,,4,,,,,
BudRot447,coconut-tree-disease,Dataset/Coconut Tree Disease Dataset/Bud Rot/BudRot447.jpg,budrot,4_crown_disease,,,,2,,,,,
BudRot448,coconut-tree-disease,Dataset/Coconut Tree Disease Dataset/Bud Rot/BudRot448.jpg,budrot,4_crown_disease,,,,0,,,,,
BudRot449,coconut-tree-disease,Dataset/Coconut Tree Disease Dataset/Bud Rot/BudRot449.jpg,budrot,4_crown_disease,,,,2,,,,,
BudRot450,coconut-tree-disease,Dataset/Coconut Tree Disease Dataset/Bud Rot/BudRot450.jpg,budrot,4_crown_disease,,,,2,,,,,
BudRot451,coconut-tree-disease,Dataset/Coconut Tree Disease Dataset/Bud Rot/BudRot451.jpg,budrot,4_crown_disease,,,,4,,,,,
BudRot452,coconut-tree-disease,Dataset/Coconut Tree Disease Dataset/Bud Rot/BudRot452.jpg,budrot,4_crown_disease,,,,2,,,,,
BudRot453,coconut-tree-disease,Dataset/Coconut Tree Disease Dataset/Bud Rot/BudRot453.jpg,budrot,4_crown_disease,,,,2,,,,,
BudRot454,coconut-tree-disease,Dataset/Coconut Tree Disease Dataset/Bud Rot/BudRot454.jpg,budrot,4_crown_disease,,,,3,,,,,
BudRot455,coconut-tree-disease,Dataset/Coconut Tree Disease Dataset/Bud Rot/BudRot455.jpg,budrot,4_crown_disease,,,,1,,,,,
BudRot456,coconut-tree-disease,Dataset/Coconut Tree Disease Dataset/Bud Rot/BudRot456.jpg,budrot,4_crown_disease,,,,0,,,,,
BudRot457,coconut-tree-disease,Dataset/Coconut Tree Disease Dataset/Bud Rot/BudRot457.jpg,budrot,4_crown_disease,,,,1,,,,,
BudRot458,coconut-tree-disease,Dataset/Coconut Tree Disease Dataset/Bud Rot/BudRot458.jpg,budrot,4_crown_disease,,,,4,,,,,
BudRot459,coconut-tree-disease,Dataset/Coconut Tree Disease Dataset/Bud Rot/BudRot459.jpg,budrot,4_crown_disease,,,,2,,,,,
BudRot460,coconut-tree-disease,Dataset/Coconut Tree Disease Dataset/Bud Rot/BudRot460.jpg,budrot,4_crown_disease,,,,0,,,,,
BudRot461,coconut-tree-disease,Dataset/Coconut Tree Disease Dataset/Bud Rot/BudRot461.jpg,budrot,4_crown_disease,,,,2,,,,,
BudRot462,coconut-tree-disease,Dataset/Coconut Tree Disease Dataset/Bud Rot/BudRot462.jpg,budrot,4_crown_disease,,,,0,,,,,
BudRot463,coconut-tree-disease,Dataset/Coconut Tree Disease Dataset/Bud Rot/BudRot463.jpg,budrot,4_crown_disease,,,,3,,,,,
BudRot464,coconut-tree-disease,Dataset/Coconut Tree Disease Dataset/Bud Rot/BudRot464.jpg,budrot,4_crown_disease,,,,1,,,,,
BudRot465,coconut-tree-disease,Dataset/Coconut Tree Disease Dataset/Bud Rot/BudRot465.jpg,budrot,4_crown_disease,,,,4,,,,,
BudRot466,coconut-tree-disease,Dataset/Coconut Tree Disease Dataset/Bud Rot/BudRot466.jpg,budrot,4_crown_disease,,,,3,,,,,
BudRot467,coconut-tree-disease,Dataset/Coconut Tree Disease Dataset/Bud Rot/BudRot467.jpg,budrot,4_crown_disease,,,,0,,,,,
BudRot468,coconut-tree-disease,Dataset/Coconut Tree Disease Dataset/Bud Rot/BudRot468.jpg,budrot,4_crown_disease,,,,4,,,,,
BudRot469,coconut-tree-disease,Dataset/Coconut Tree Disease Dataset/Bud Rot/BudRot469.jpg,budrot,4_crown_disease,,,,4,,,,,
BudRot470,coconut-tree-disease,Dataset/Coconut Tree Disease Dataset/Bud Rot/BudRot470.jpg,budrot,4_crown_disease,,,,0,,,,,
BudRootDropping001,coconut-tree-disease,Dataset/Coconut Tree Disease Dataset/Bud Root Dropping/BudRootDropping001.jpg,budroot,5_petiole,,,,0,,,,,
BudRootDropping002,coconut-tree-disease,Dataset/Coconut Tree Disease Dataset/Bud Root Dropping/BudRootDropping002.jpg,budroot,5_petiole,,,,4,,,,,
BudRootDropping003,coconut-tree-disease,Dataset/Coconut Tree Disease Dataset/Bud Root Dropping/BudRootDropping003.jpg,budroot,5_petiole,,,,1,,,,,
BudRootDropping004,coconut-tree-disease,Dataset/Coconut Tree Disease Dataset/Bud Root Dropping/BudRootDropping004.jpg,budroot,5_petiole,,,,3,,,,,
BudRootDropping005,coconut-tree-disease,Dataset/Coconut Tree Disease Dataset/Bud Root Dropping/BudRootDropping005.jpg,budroot,5_petiole,,,,4,,,,,
BudRootDropping006,coconut-tree-disease,Dataset/Coconut Tree Disease Dataset/Bud Root Dropping/BudRootDropping006.jpg,budroot,5_petiole,,,,3,,,,,
BudRootDropping007,coconut-tree-disease,Dataset/Coconut Tree Disease Dataset/Bud Root Dropping/BudRootDropping007.jpg,budroot,5_petiole,,,,2,,,,,
BudRootDropping008,coconut-tree-disease,Dataset/Coconut Tree Disease Dataset/Bud Root Dropping/BudRootDropping008.jpg,budroot,5_petiole,,,,1,,,,,
BudRootDropping009,coconut-tree-disease,Dataset/Coconut Tree Disease Dataset/Bud Root Dropping/BudRootDropping009.jpg,budroot,5_petiole,,,,2,,,,,
BudRootDropping010,coconut-tree-disease,Dataset/Coconut Tree Disease Dataset/Bud Root Dropping/BudRootDropping010.jpg,budroot,5_petiole,,,,3,,,,,
BudRootDropping011,coconut-tree-disease,Dataset/Coconut Tree Disease Dataset/Bud Root Dropping/BudRootDropping011.jpg,budroot,5_petiole,,,,2,,,,,
BudRootDropping012,coconut-tree-disease,Dataset/Coconut Tree Disease Dataset/Bud Root Dropping/BudRootDropping012.jpg,budroot,5_petiole,,,,4,,,,,
BudRootDropping013,coconut-tree-disease,Dataset/Coconut Tree Disease Dataset/Bud Root Dropping/BudRootDropping013.jpg,budroot,5_petiole,,,,1,,,,,
BudRootDropping014,coconut-tree-disease,Dataset/Coconut Tree Disease Dataset/Bud Root Dropping/BudRootDropping014.jpg,budroot,5_petiole,,,,0,,,,,
BudRootDropping015,coconut-tree-disease,Dataset/Coconut Tree Disease Dataset/Bud Root Dropping/BudRootDropping015.jpg,budroot,5_petiole,,,,3,,,,,
BudRootDropping016,coconut-tree-disease,Dataset/Coconut Tree Disease Dataset/Bud Root Dropping/BudRootDropping016.jpg,budroot,5_petiole,,,,3,,,,,
BudRootDropping017,coconut-tree-disease,Dataset/Coconut Tree Disease Dataset/Bud Root Dropping/BudRootDropping017.jpg,budroot,5_petiole,,,,1,,,,,
BudRootDropping018,coconut-tree-disease,Dataset/Coconut Tree Disease Dataset/Bud Root Dropping/BudRootDropping018.jpg,budroot,5_petiole,,,,2,,,,,
BudRootDropping019,coconut-tree-disease,Dataset/Coconut Tree Disease Dataset/Bud Root Dropping/BudRootDropping019.jpg,budroot,5_petiole,,,,2,,,,,
BudRootDropping020,coconut-tree-disease,Dataset/Coconut Tree Disease Dataset/Bud Root Dropping/BudRootDropping020.jpg,budroot,5_petiole,,,,0,,,,,
BudRootDropping021,coconut-tree-disease,Dataset/Coconut Tree Disease Dataset/Bud Root Dropping/BudRootDropping021.jpg,budroot,5_petiole,,,,2,,,,,
BudRootDropping022,coconut-tree-disease,Dataset/Coconut Tree Disease Dataset/Bud Root Dropping/BudRootDropping022.jpg,budroot,5_petiole,,,,0,,,,,
BudRootDropping023,coconut-tree-disease,Dataset/Coconut Tree Disease Dataset/Bud Root Dropping/BudRootDropping023.jpg,budroot,5_petiole,,,,1,,,,,
BudRootDropping024,coconut-tree-disease,Dataset/Coconut Tree Disease Dataset/Bud Root Dropping/BudRootDropping024.jpg,budroot,5_petiole,,,,1,,,,,
BudRootDropping025,coconut-tree-disease,Dataset/Coconut Tree Disease Dataset/Bud Root Dropping/BudRootDropping025.jpg,budroot,5_petiole,,,,2,,,,,
BudRootDropping026,coconut-tree-disease,Dataset/Coconut Tree Disease Dataset/Bud Root Dropping/BudRootDropping026.jpg,budroot,5_petiole,,,,3,,,,,
BudRootDropping027,coconut-tree-disease,Dataset/Coconut Tree Disease Dataset/Bud Root Dropping/BudRootDropping027.jpg,budroot,5_petiole,,,,2,,,,,
BudRootDropping028,coconut-tree-disease,Dataset/Coconut Tree Disease Dataset/Bud Root Dropping/BudRootDropping028.jpg,budroot,5_petiole,,,,2,,,,,
BudRootDropping029,coconut-tree-disease,Dataset/Coconut Tree Disease Dataset/Bud Root Dropping/BudRootDropping029.jpg,budroot,5_petiole,,,,2,,,,,
BudRootDropping030,coconut-tree-disease,Dataset/Coconut Tree Disease Dataset/Bud Root Dropping/BudRootDropping030.jpg,budroot,5_petiole,,,,2,,,,,
BudRootDropping031,coconut-tree-disease,Dataset/Coconut Tree Disease Dataset/Bud Root Dropping/BudRootDropping031.jpg,budroot,5_petiole,,,,1,,,,,
BudRootDropping032,coconut-tree-disease,Dataset/Coconut Tree Disease Dataset/Bud Root Dropping/BudRootDropping032.jpg,budroot,5_petiole,,,,1,,,,,
BudRootDropping033,coconut-tree-disease,Dataset/Coconut Tree Disease Dataset/Bud Root Dropping/BudRootDropping033.jpg,budroot,5_petiole,,,,3,,,,,
BudRootDropping034,coconut-tree-disease,Dataset/Coconut Tree Disease Dataset/Bud Root Dropping/BudRootDropping034.jpg,budroot,5_petiole,,,,4,,,,,
BudRootDropping035,coconut-tree-disease,Dataset/Coconut Tree Disease Dataset/Bud Root Dropping/BudRootDropping035.jpg,budroot,5_petiole,,,,4,,,,,
BudRootDropping036,coconut-tree-disease,Dataset/Coconut Tree Disease Dataset/Bud Root Dropping/BudRootDropping036.jpg,budroot,5_petiole,,,,1,,,,,
BudRootDropping037,coconut-tree-disease,Dataset/Coconut Tree Disease Dataset/Bud Root Dropping/BudRootDropping037.jpg,budroot,5_petiole,,,,3,,,,,
BudRootDropping038,coconut-tree-disease,Dataset/Coconut Tree Disease Dataset/Bud Root Dropping/BudRootDropping038.jpg,budroot,5_petiole,,,,4,,,,,
BudRootDropping039,coconut-tree-disease,Dataset/Coconut Tree Disease Dataset/Bud Root Dropping/BudRootDropping039.jpg,budroot,5_petiole,,,,2,,,,,
BudRootDropping040,coconut-tree-disease,Dataset/Coconut Tree Disease Dataset/Bud Root Dropping/BudRootDropping040.jpg,budroot,5_petiole,,,,2,,,,,
BudRootDropping041,coconut-tree-disease,Dataset/Coconut Tree Disease Dataset/Bud Root Dropping/BudRootDropping041.jpg,budroot,5_petiole,,,,1,,,,,
BudRootDropping042,coconut-tree-disease,Dataset/Coconut Tree Disease Dataset/Bud Root Dropping/BudRootDropping042.jpg,budroot,5_petiole,,,,2,,,,,
BudRootDropping043,coconut-tree-disease,Dataset/Coconut Tree Disease Dataset/Bud Root Dropping/BudRootDropping043.jpg,budroot,5_petiole,,,,2,,,,,
BudRootDropping044,coconut-tree-disease,Dataset/Coconut Tree Disease Dataset/Bud Root Dropping/BudRootDropping044.jpg,budroot,5_petiole,,,,4,,,,,
BudRootDropping045,coconut-tree-disease,Dataset/Coconut Tree Disease Dataset/Bud Root Dropping/BudRootDropping045.jpg,budroot,5_petiole,,,,0,,,,,
BudRootDropping046,coconut-tree-disease,Dataset/Coconut Tree Disease Dataset/Bud Root Dropping/BudRootDropping046.jpg,budroot,5_petiole,,,,2,,,,,
BudRootDropping047,coconut-tree-disease,Dataset/Coconut Tree Disease Dataset/Bud Root Dropping/BudRootDropping047.jpg,budroot,5_petiole,,,,3,,,,,
BudRootDropping048,coconut-tree-disease,Dataset/Coconut Tree Disease Dataset/Bud Root Dropping/BudRootDropping048.jpg,budroot,5_petiole,,,,2,,,,,
BudRootDropping049,coconut-tree-disease,Dataset/Coconut Tree Disease Dataset/Bud Root Dropping/BudRootDropping049.jpg,budroot,5_petiole,,,,2,,,,,
BudRootDropping050,coconut-tree-disease,Dataset/Coconut Tree Disease Dataset/Bud Root Dropping/BudRootDropping050.jpg,budroot,5_petiole,,,,2,,,,,
BudRootDropping051,coconut-tree-disease,Dataset/Coconut Tree Disease Dataset/Bud Root Dropping/BudRootDropping051.jpg,budroot,5_petiole,,,,0,,,,,
BudRootDropping052,coconut-tree-disease,Dataset/Coconut Tree Disease Dataset/Bud Root Dropping/BudRootDropping052.jpg,budroot,5_petiole,,,,4,,,,,
BudRootDropping053,coconut-tree-disease,Dataset/Coconut Tree Disease Dataset/Bud Root Dropping/BudRootDropping053.jpg,budroot,5_petiole,,,,0,,,,,
BudRootDropping054,coconut-tree-disease,Dataset/Coconut Tree Disease Dataset/Bud Root Dropping/BudRootDropping054.jpg,budroot,5_petiole,,,,2,,,,,
BudRootDropping055,coconut-tree-disease,Dataset/Coconut Tree Disease Dataset/Bud Root Dropping/BudRootDropping055.jpg,budroot,5_petiole,,,,3,,,,,
BudRootDropping056,coconut-tree-disease,Dataset/Coconut Tree Disease Dataset/Bud Root Dropping/BudRootDropping056.jpg,budroot,5_petiole,,,,3,,,,,
BudRootDropping057,coconut-tree-disease,Dataset/Coconut Tree Disease Dataset/Bud Root Dropping/BudRootDropping057.jpg,budroot,5_petiole,,,,1,,,,,
BudRootDropping058,coconut-tree-disease,Dataset/Coconut Tree Disease Dataset/Bud Root Dropping/BudRootDropping058.jpg,budroot,5_petiole,,,,4,,,,,
BudRootDropping059,coconut-tree-disease,Dataset/Coconut Tree Disease Dataset/Bud Root Dropping/BudRootDropping059.jpg,budroot,5_petiole,,,,3,,,,,
BudRootDropping060,coconut-tree-disease,Dataset/Coconut Tree Disease Dataset/Bud Root Dropping/BudRootDropping060.jpg,budroot,5_petiole,,,,2,,,,,
BudRootDropping061,coconut-tree-disease,Dataset/Coconut Tree Disease Dataset/Bud Root Dropping/BudRootDropping061.jpg,budroot,5_petiole,,,,0,,,,,
BudRootDropping062,coconut-tree-disease,Dataset/Coconut Tree Disease Dataset/Bud Root Dropping/BudRootDropping062.jpg,budroot,5_petiole,,,,1,,,,,
BudRootDropping063,coconut-tree-disease,Dataset/Coconut Tree Disease Dataset/Bud Root Dropping/BudRootDropping063.jpg,budroot,5_petiole,,,,1,,,,,
BudRootDropping064,coconut-tree-disease,Dataset/Coconut Tree Disease Dataset/Bud Root Dropping/BudRootDropping064.jpg,budroot,5_petiole,,,,2,,,,,
BudRootDropping065,coconut-tree-disease,Dataset/Coconut Tree Disease Dataset/Bud Root Dropping/BudRootDropping065.jpg,budroot,5_petiole,,,,3,,,,,
BudRootDropping066,coconut-tree-disease,Dataset/Coconut Tree Disease Dataset/Bud Root Dropping/BudRootDropping066.jpg,budroot,5_petiole,,,,3,,,,,
BudRootDropping067,coconut-tree-disease,Dataset/Coconut Tree Disease Dataset/Bud Root Dropping/BudRootDropping067.jpg,budroot,5_petiole,,,,0,,,,,
BudRootDropping068,coconut-tree-disease,Dataset/Coconut Tree Disease Dataset/Bud Root Dropping/BudRootDropping068.jpg,budroot,5_petiole,,,,4,,,,,
BudRootDropping069,coconut-tree-disease,Dataset/Coconut Tree Disease Dataset/Bud Root Dropping/BudRootDropping069.jpg,budroot,5_petiole,,,,2,,,,,
BudRootDropping070,coconut-tree-disease,Dataset/Coconut Tree Disease Dataset/Bud Root Dropping/BudRootDropping070.jpg,budroot,5_petiole,,,,1,,,,,
BudRootDropping071,coconut-tree-disease,Dataset/Coconut Tree Disease Dataset/Bud Root Dropping/BudRootDropping071.jpg,budroot,5_petiole,,,,4,,,,,
BudRootDropping072,coconut-tree-disease,Dataset/Coconut Tree Disease Dataset/Bud Root Dropping/BudRootDropping072.jpg,budroot,5_petiole,,,,1,,,,,
BudRootDropping073,coconut-tree-disease,Dataset/Coconut Tree Disease Dataset/Bud Root Dropping/BudRootDropping073.jpg,budroot,5_petiole,,,,1,,,,,
BudRootDropping074,coconut-tree-disease,Dataset/Coconut Tree Disease Dataset/Bud Root Dropping/BudRootDropping074.jpg,budroot,5_petiole,,,,2,,,,,
BudRootDropping075,coconut-tree-disease,Dataset/Coconut Tree Disease Dataset/Bud Root Dropping/BudRootDropping075.jpg,budroot,5_petiole,,,,3,,,,,
BudRootDropping076,coconut-tree-disease,Dataset/Coconut Tree Disease Dataset/Bud Root Dropping/BudRootDropping076.jpg,budroot,5_petiole,,,,3,,,,,
BudRootDropping077,coconut-tree-disease,Dataset/Coconut Tree Disease Dataset/Bud Root Dropping/BudRootDropping077.jpg,budroot,5_petiole,,,,3,,,,,
BudRootDropping078,coconut-tree-disease,Dataset/Coconut Tree Disease Dataset/Bud Root Dropping/BudRootDropping078.jpg,budroot,5_petiole,,,,2,,,,,
BudRootDropping079,coconut-tree-disease,Dataset/Coconut Tree Disease Dataset/Bud Root Dropping/BudRootDropping079.jpg,budroot,5_petiole,,,,3,,,,,
BudRootDropping080,coconut-tree-disease,Dataset/Coconut Tree Disease Dataset/Bud Root Dropping/BudRootDropping080.jpg,budroot,5_petiole,,,,0,,,,,
BudRootDropping081,coconut-tree-disease,Dataset/Coconut Tree Disease Dataset/Bud Root Dropping/BudRootDropping081.jpg,budroot,5_petiole,,,,1,,,,,
BudRootDropping082,coconut-tree-disease,Dataset/Coconut Tree Disease Dataset/Bud Root Dropping/BudRootDropping082.jpg,budroot,5_petiole,,,,1,,,,,
BudRootDropping083,coconut-tree-disease,Dataset/Coconut Tree Disease Dataset/Bud Root Dropping/BudRootDropping083.jpg,budroot,5_petiole,,,,1,,,,,
BudRootDropping084,coconut-tree-disease,Dataset/Coconut Tree Disease Dataset/Bud Root Dropping/BudRootDropping084.jpg,budroot,5_petiole,,,,4,,,,,
BudRootDropping085,coconut-tree-disease,Dataset/Coconut Tree Disease Dataset/Bud Root Dropping/BudRootDropping085.jpg,budroot,5_petiole,,,,2,,,,,
BudRootDropping086,coconut-tree-disease,Dataset/Coconut Tree Disease Dataset/Bud Root Dropping/BudRootDropping086.jpg,budroot,5_petiole,,,,0,,,,,
BudRootDropping087,coconut-tree-disease,Dataset/Coconut Tree Disease Dataset/Bud Root Dropping/BudRootDropping087.jpg,budroot,5_petiole,,,,2,,,,,
BudRootDropping088,coconut-tree-disease,Dataset/Coconut Tree Disease Dataset/Bud Root Dropping/BudRootDropping088.jpg,budroot,5_petiole,,,,0,,,,,
BudRootDropping089,coconut-tree-disease,Dataset/Coconut Tree Disease Dataset/Bud Root Dropping/BudRootDropping089.jpg,budroot,5_petiole,,,,4,,,,,
BudRootDropping090,coconut-tree-disease,Dataset/Coconut Tree Disease Dataset/Bud Root Dropping/BudRootDropping090.jpg,budroot,5_petiole,,,,4,,,,,
BudRootDropping091,coconut-tree-disease,Dataset/Coconut Tree Disease Dataset/Bud Root Dropping/BudRootDropping091.jpg,budroot,5_petiole,,,,4,,,,,
BudRootDropping092,coconut-tree-disease,Dataset/Coconut Tree Disease Dataset/Bud Root Dropping/BudRootDropping092.jpg,budroot,5_petiole,,,,2,,,,,
BudRootDropping093,coconut-tree-disease,Dataset/Coconut Tree Disease Dataset/Bud Root Dropping/BudRootDropping093.jpg,budroot,5_petiole,,,,2,,,,,
BudRootDropping094,coconut-tree-disease,Dataset/Coconut Tree Disease Dataset/Bud Root Dropping/BudRootDropping094.jpg,budroot,5_petiole,,,,2,,,,,
BudRootDropping095,coconut-tree-disease,Dataset/Coconut Tree Disease Dataset/Bud Root Dropping/BudRootDropping095.jpg,budroot,5_petiole,,,,1,,,,,
BudRootDropping096,coconut-tree-disease,Dataset/Coconut Tree Disease Dataset/Bud Root Dropping/BudRootDropping096.jpg,budroot,5_petiole,,,,0,,,,,
BudRootDropping097,coconut-tree-disease,Dataset/Coconut Tree Disease Dataset/Bud Root Dropping/BudRootDropping097.jpg,budroot,5_petiole,,,,3,,,,,
BudRootDropping098,coconut-tree-disease,Dataset/Coconut Tree Disease Dataset/Bud Root Dropping/BudRootDropping098.jpg,budroot,5_petiole,,,,0,,,,,
BudRootDropping099,coconut-tree-disease,Dataset/Coconut Tree Disease Dataset/Bud Root Dropping/BudRootDropping099.jpg,budroot,5_petiole,,,,3,,,,,
BudRootDropping100,coconut-tree-disease,Dataset/Coconut Tree Disease Dataset/Bud Root Dropping/BudRootDropping100.jpg,budroot,5_petiole,,,,0,,,,,
BudRootDropping101,coconut-tree-disease,Dataset/Coconut Tree Disease Dataset/Bud Root Dropping/BudRootDropping101.jpg,budroot,5_petiole,,,,4,,,,,
BudRootDropping102,coconut-tree-disease,Dataset/Coconut Tree Disease Dataset/Bud Root Dropping/BudRootDropping102.jpg,budroot,5_petiole,,,,1,,,,,
BudRootDropping103,coconut-tree-disease,Dataset/Coconut Tree Disease Dataset/Bud Root Dropping/BudRootDropping103.jpg,budroot,5_petiole,,,,2,,,,,
BudRootDropping104,coconut-tree-disease,Dataset/Coconut Tree Disease Dataset/Bud Root Dropping/BudRootDropping104.jpg,budroot,5_petiole,,,,2,,,,,
BudRootDropping105,coconut-tree-disease,Dataset/Coconut Tree Disease Dataset/Bud Root Dropping/BudRootDropping105.jpg,budroot,5_petiole,,,,4,,,,,
BudRootDropping106,coconut-tree-disease,Dataset/Coconut Tree Disease Dataset/Bud Root Dropping/BudRootDropping106.jpg,budroot,5_petiole,,,,1,,,,,
BudRootDropping107,coconut-tree-disease,Dataset/Coconut Tree Disease Dataset/Bud Root Dropping/BudRootDropping107.jpg,budroot,5_petiole,,,,1,,,,,
BudRootDropping108,coconut-tree-disease,Dataset/Coconut Tree Disease Dataset/Bud Root Dropping/BudRootDropping108.jpg,budroot,5_petiole,,,,4,,,,,
BudRootDropping109,coconut-tree-disease,Dataset/Coconut Tree Disease Dataset/Bud Root Dropping/BudRootDropping109.jpg,budroot,5_petiole,,,,0,,,,,
BudRootDropping110,coconut-tree-disease,Dataset/Coconut Tree Disease Dataset/Bud Root Dropping/BudRootDropping110.jpg,budroot,5_petiole,,,,0,,,,,
BudRootDropping111,coconut-tree-disease,Dataset/Coconut Tree Disease Dataset/Bud Root Dropping/BudRootDropping111.jpg,budroot,5_petiole,,,,0,,,,,
BudRootDropping112,coconut-tree-disease,Dataset/Coconut Tree Disease Dataset/Bud Root Dropping/BudRootDropping112.jpg,budroot,5_petiole,,,,3,,,,,
BudRootDropping113,coconut-tree-disease,Dataset/Coconut Tree Disease Dataset/Bud Root Dropping/BudRootDropping113.jpg,budroot,5_petiole,,,,0,,,,,
BudRootDropping114,coconut-tree-disease,Dataset/Coconut Tree Disease Dataset/Bud Root Dropping/BudRootDropping114.jpg,budroot,5_petiole,,,,0,,,,,
BudRootDropping115,coconut-tree-disease,Dataset/Coconut Tree Disease Dataset/Bud Root Dropping/BudRootDropping115.jpg,budroot,5_petiole,,,,0,,,,,
BudRootDropping116,coconut-tree-disease,Dataset/Coconut Tree Disease Dataset/Bud Root Dropping/BudRootDropping116.jpg,budroot,5_petiole,,,,2,,,,,
BudRootDropping117,coconut-tree-disease,Dataset/Coconut Tree Disease Dataset/Bud Root Dropping/BudRootDropping117.jpg,budroot,5_petiole,,,,1,,,,,
BudRootDropping118,coconut-tree-disease,Dataset/Coconut Tree Disease Dataset/Bud Root Dropping/BudRootDropping118.jpg,budroot,5_petiole,,,,2,,,,,
BudRootDropping119,coconut-tree-disease,Dataset/Coconut Tree Disease Dataset/Bud Root Dropping/BudRootDropping119.jpg,budroot,5_petiole,,,,1,,,,,
BudRootDropping120,coconut-tree-disease,Dataset/Coconut Tree Disease Dataset/Bud Root Dropping/BudRootDropping120.jpg,budroot,5_petiole,,,,2,,,,,
BudRootDropping121,coconut-tree-disease,Dataset/Coconut Tree Disease Dataset/Bud Root Dropping/BudRootDropping121.jpg,budroot,5_petiole,,,,0,,,,,
BudRootDropping122,coconut-tree-disease,Dataset/Coconut Tree Disease Dataset/Bud Root Dropping/BudRootDropping122.jpg,budroot,5_petiole,,,,0,,,,,
BudRootDropping123,coconut-tree-disease,Dataset/Coconut Tree Disease Dataset/Bud Root Dropping/BudRootDropping123.jpg,budroot,5_petiole,,,,2,,,,,
BudRootDropping124,coconut-tree-disease,Dataset/Coconut Tree Disease Dataset/Bud Root Dropping/BudRootDropping124.jpg,budroot,5_petiole,,,,0,,,,,
BudRootDropping125,coconut-tree-disease,Dataset/Coconut Tree Disease Dataset/Bud Root Dropping/BudRootDropping125.jpg,budroot,5_petiole,,,,0,,,,,
BudRootDropping126,coconut-tree-disease,Dataset/Coconut Tree Disease Dataset/Bud Root Dropping/BudRootDropping126.jpg,budroot,5_petiole,,,,0,,,,,
BudRootDropping127,coconut-tree-disease,Dataset/Coconut Tree Disease Dataset/Bud Root Dropping/BudRootDropping127.jpg,budroot,5_petiole,,,,3,,,,,
BudRootDropping128,coconut-tree-disease,Dataset/Coconut Tree Disease Dataset/Bud Root Dropping/BudRootDropping128.jpg,budroot,5_petiole,,,,1,,,,,
BudRootDropping129,coconut-tree-disease,Dataset/Coconut Tree Disease Dataset/Bud Root Dropping/BudRootDropping129.jpg,budroot,5_petiole,,,,3,,,,,
BudRootDropping130,coconut-tree-disease,Dataset/Coconut Tree Disease Dataset/Bud Root Dropping/BudRootDropping130.jpg,budroot,5_petiole,,,,2,,,,,
BudRootDropping131,coconut-tree-disease,Dataset/Coconut Tree Disease Dataset/Bud Root Dropping/BudRootDropping131.jpg,budroot,5_petiole,,,,3,,,,,
BudRootDropping132,coconut-tree-disease,Dataset/Coconut Tree Disease Dataset/Bud Root Dropping/BudRootDropping132.jpg,budroot,5_petiole,,,,3,,,,,
BudRootDropping133,coconut-tree-disease,Dataset/Coconut Tree Disease Dataset/Bud Root Dropping/BudRootDropping133.jpg,budroot,5_petiole,,,,4,,,,,
BudRootDropping134,coconut-tree-disease,Dataset/Coconut Tree Disease Dataset/Bud Root Dropping/BudRootDropping134.jpg,budroot,5_petiole,,,,4,,,,,
BudRootDropping135,coconut-tree-disease,Dataset/Coconut Tree Disease Dataset/Bud Root Dropping/BudRootDropping135.jpg,budroot,5_petiole,,,,1,,,,,
BudRootDropping136,coconut-tree-disease,Dataset/Coconut Tree Disease Dataset/Bud Root Dropping/BudRootDropping136.jpg,budroot,5_petiole,,,,1,,,,,
BudRootDropping137,coconut-tree-disease,Dataset/Coconut Tree Disease Dataset/Bud Root Dropping/BudRootDropping137.jpg,budroot,5_petiole,,,,0,,,,,
BudRootDropping138,coconut-tree-disease,Dataset/Coconut Tree Disease Dataset/Bud Root Dropping/BudRootDropping138.jpg,budroot,5_petiole,,,,1,,,,,
BudRootDropping139,coconut-tree-disease,Dataset/Coconut Tree Disease Dataset/Bud Root Dropping/BudRootDropping139.jpg,budroot,5_petiole,,,,2,,,,,
BudRootDropping140,coconut-tree-disease,Dataset/Coconut Tree Disease Dataset/Bud Root Dropping/BudRootDropping140.jpg,budroot,5_petiole,,,,4,,,,,
BudRootDropping141,coconut-tree-disease,Dataset/Coconut Tree Disease Dataset/Bud Root Dropping/BudRootDropping141.jpg,budroot,5_petiole,,,,4,,,,,
BudRootDropping142,coconut-tree-disease,Dataset/Coconut Tree Disease Dataset/Bud Root Dropping/BudRootDropping142.jpg,budroot,5_petiole,,,,0,,,,,
BudRootDropping143,coconut-tree-disease,Dataset/Coconut Tree Disease Dataset/Bud Root Dropping/BudRootDropping143.jpg,budroot,5_petiole,,,,0,,,,,
BudRootDropping144,coconut-tree-disease,Dataset/Coconut Tree Disease Dataset/Bud Root Dropping/BudRootDropping144.jpg,budroot,5_petiole,,,,4,,,,,
BudRootDropping145,coconut-tree-disease,Dataset/Coconut Tree Disease Dataset/Bud Root Dropping/BudRootDropping145.jpg,budroot,5_petiole,,,,0,,,,,
BudRootDropping146,coconut-tree-disease,Dataset/Coconut Tree Disease Dataset/Bud Root Dropping/BudRootDropping146.jpg,budroot,5_petiole,,,,0,,,,,
BudRootDropping147,coconut-tree-disease,Dataset/Coconut Tree Disease Dataset/Bud Root Dropping/BudRootDropping147.jpg,budroot,5_petiole,,,,3,,,,,
BudRootDropping148,coconut-tree-disease,Dataset/Coconut Tree Disease Dataset/Bud Root Dropping/BudRootDropping148.jpg,budroot,5_petiole,,,,4,,,,,
BudRootDropping149,coconut-tree-disease,Dataset/Coconut Tree Disease Dataset/Bud Root Dropping/BudRootDropping149.jpg,budroot,5_petiole,,,,1,,,,,
BudRootDropping150,coconut-tree-disease,Dataset/Coconut Tree Disease Dataset/Bud Root Dropping/BudRootDropping150.jpg,budroot,5_petiole,,,,4,,,,,
BudRootDropping151,coconut-tree-disease,Dataset/Coconut Tree Disease Dataset/Bud Root Dropping/BudRootDropping151.jpg,budroot,5_petiole,,,,2,,,,,
BudRootDropping152,coconut-tree-disease,Dataset/Coconut Tree Disease Dataset/Bud Root Dropping/BudRootDropping152.jpg,budroot,5_petiole,,,,2,,,,,
BudRootDropping153,coconut-tree-disease,Dataset/Coconut Tree Disease Dataset/Bud Root Dropping/BudRootDropping153.jpg,budroot,5_petiole,,,,0,,,,,
BudRootDropping154,coconut-tree-disease,Dataset/Coconut Tree Disease Dataset/Bud Root Dropping/BudRootDropping154.jpg,budroot,5_petiole,,,,3,,,,,
BudRootDropping155,coconut-tree-disease,Dataset/Coconut Tree Disease Dataset/Bud Root Dropping/BudRootDropping155.jpg,budroot,5_petiole,,,,0,,,,,
BudRootDropping156,coconut-tree-disease,Dataset/Coconut Tree Disease Dataset/Bud Root Dropping/BudRootDropping156.jpg,budroot,5_petiole,,,,2,,,,,
BudRootDropping157,coconut-tree-disease,Dataset/Coconut Tree Disease Dataset/Bud Root Dropping/BudRootDropping157.jpg,budroot,5_petiole,,,,3,,,,,
BudRootDropping158,coconut-tree-disease,Dataset/Coconut Tree Disease Dataset/Bud Root Dropping/BudRootDropping158.jpg,budroot,5_petiole,,,,0,,,,,
BudRootDropping159,coconut-tree-disease,Dataset/Coconut Tree Disease Dataset/Bud Root Dropping/BudRootDropping159.jpg,budroot,5_petiole,,,,1,,,,,
BudRootDropping160,coconut-tree-disease,Dataset/Coconut Tree Disease Dataset/Bud Root Dropping/BudRootDropping160.jpg,budroot,5_petiole,,,,2,,,,,
BudRootDropping161,coconut-tree-disease,Dataset/Coconut Tree Disease Dataset/Bud Root Dropping/BudRootDropping161.jpg,budroot,5_petiole,,,,2,,,,,
BudRootDropping162,coconut-tree-disease,Dataset/Coconut Tree Disease Dataset/Bud Root Dropping/BudRootDropping162.jpg,budroot,5_petiole,,,,0,,,,,
BudRootDropping163,coconut-tree-disease,Dataset/Coconut Tree Disease Dataset/Bud Root Dropping/BudRootDropping163.jpg,budroot,5_petiole,,,,4,,,,,
BudRootDropping164,coconut-tree-disease,Dataset/Coconut Tree Disease Dataset/Bud Root Dropping/BudRootDropping164.jpg,budroot,5_petiole,,,,4,,,,,
BudRootDropping165,coconut-tree-disease,Dataset/Coconut Tree Disease Dataset/Bud Root Dropping/BudRootDropping165.jpg,budroot,5_petiole,,,,4,,,,,
BudRootDropping166,coconut-tree-disease,Dataset/Coconut Tree Disease Dataset/Bud Root Dropping/BudRootDropping166.jpg,budroot,5_petiole,,,,1,,,,,
BudRootDropping167,coconut-tree-disease,Dataset/Coconut Tree Disease Dataset/Bud Root Dropping/BudRootDropping167.jpg,budroot,5_petiole,,,,0,,,,,
BudRootDropping168,coconut-tree-disease,Dataset/Coconut Tree Disease Dataset/Bud Root Dropping/BudRootDropping168.jpg,budroot,5_petiole,,,,1,,,,,
BudRootDropping169,coconut-tree-disease,Dataset/Coconut Tree Disease Dataset/Bud Root Dropping/BudRootDropping169.jpg,budroot,5_petiole,,,,4,,,,,
BudRootDropping170,coconut-tree-disease,Dataset/Coconut Tree Disease Dataset/Bud Root Dropping/BudRootDropping170.jpg,budroot,5_petiole,,,,3,,,,,
BudRootDropping171,coconut-tree-disease,Dataset/Coconut Tree Disease Dataset/Bud Root Dropping/BudRootDropping171.jpg,budroot,5_petiole,,,,1,,,,,
BudRootDropping172,coconut-tree-disease,Dataset/Coconut Tree Disease Dataset/Bud Root Dropping/BudRootDropping172.jpg,budroot,5_petiole,,,,1,,,,,
BudRootDropping173,coconut-tree-disease,Dataset/Coconut Tree Disease Dataset/Bud Root Dropping/BudRootDropping173.jpg,budroot,5_petiole,,,,2,,,,,
BudRootDropping174,coconut-tree-disease,Dataset/Coconut Tree Disease Dataset/Bud Root Dropping/BudRootDropping174.jpg,budroot,5_petiole,,,,4,,,,,
BudRootDropping175,coconut-tree-disease,Dataset/Coconut Tree Disease Dataset/Bud Root Dropping/BudRootDropping175.jpg,budroot,5_petiole,,,,1,,,,,
BudRootDropping176,coconut-tree-disease,Dataset/Coconut Tree Disease Dataset/Bud Root Dropping/BudRootDropping176.jpg,budroot,5_petiole,,,,2,,,,,
BudRootDropping177,coconut-tree-disease,Dataset/Coconut Tree Disease Dataset/Bud Root Dropping/BudRootDropping177.jpg,budroot,5_petiole,,,,2,,,,,
BudRootDropping178,coconut-tree-disease,Dataset/Coconut Tree Disease Dataset/Bud Root Dropping/BudRootDropping178.jpg,budroot,5_petiole,,,,4,,,,,
BudRootDropping179,coconut-tree-disease,Dataset/Coconut Tree Disease Dataset/Bud Root Dropping/BudRootDropping179.jpg,budroot,5_petiole,,,,4,,,,,
BudRootDropping180,coconut-tree-disease,Dataset/Coconut Tree Disease Dataset/Bud Root Dropping/BudRootDropping180.jpg,budroot,5_petiole,,,,1,,,,,
BudRootDropping181,coconut-tree-disease,Dataset/Coconut Tree Disease Dataset/Bud Root Dropping/BudRootDropping181.jpg,budroot,5_petiole,,,,0,,,,,
BudRootDropping182,coconut-tree-disease,Dataset/Coconut Tree Disease Dataset/Bud Root Dropping/BudRootDropping182.jpg,budroot,5_petiole,,,,4,,,,,
BudRootDropping183,coconut-tree-disease,Dataset/Coconut Tree Disease Dataset/Bud Root Dropping/BudRootDropping183.jpg,budroot,5_petiole,,,,0,,,,,
BudRootDropping184,coconut-tree-disease,Dataset/Coconut Tree Disease Dataset/Bud Root Dropping/BudRootDropping184.jpg,budroot,5_petiole,,,,4,,,,,
BudRootDropping185,coconut-tree-disease,Dataset/Coconut Tree Disease Dataset/Bud Root Dropping/BudRootDropping185.jpg,budroot,5_petiole,,,,1,,,,,
BudRootDropping186,coconut-tree-disease,Dataset/Coconut Tree Disease Dataset/Bud Root Dropping/BudRootDropping186.jpg,budroot,5_petiole,,,,0,,,,,
BudRootDropping187,coconut-tree-disease,Dataset/Coconut Tree Disease Dataset/Bud Root Dropping/BudRootDropping187.jpg,budroot,5_petiole,,,,4,,,,,
BudRootDropping188,coconut-tree-disease,Dataset/Coconut Tree Disease Dataset/Bud Root Dropping/BudRootDropping188.jpg,budroot,5_petiole,,,,2,,,,,
BudRootDropping189,coconut-tree-disease,Dataset/Coconut Tree Disease Dataset/Bud Root Dropping/BudRootDropping189.jpg,budroot,5_petiole,,,,0,,,,,
BudRootDropping190,coconut-tree-disease,Dataset/Coconut Tree Disease Dataset/Bud Root Dropping/BudRootDropping190.jpg,budroot,5_petiole,,,,2,,,,,
BudRootDropping191,coconut-tree-disease,Dataset/Coconut Tree Disease Dataset/Bud Root Dropping/BudRootDropping191.jpg,budroot,5_petiole,,,,1,,,,,
BudRootDropping192,coconut-tree-disease,Dataset/Coconut Tree Disease Dataset/Bud Root Dropping/BudRootDropping192.jpg,budroot,5_petiole,,,,4,,,,,
BudRootDropping193,coconut-tree-disease,Dataset/Coconut Tree Disease Dataset/Bud Root Dropping/BudRootDropping193.jpg,budroot,5_petiole,,,,3,,,,,
BudRootDropping194,coconut-tree-disease,Dataset/Coconut Tree Disease Dataset/Bud Root Dropping/BudRootDropping194.jpg,budroot,5_petiole,,,,2,,,,,
BudRootDropping195,coconut-tree-disease,Dataset/Coconut Tree Disease Dataset/Bud Root Dropping/BudRootDropping195.jpg,budroot,5_petiole,,,,3,,,,,
BudRootDropping196,coconut-tree-disease,Dataset/Coconut Tree Disease Dataset/Bud Root Dropping/BudRootDropping196.jpg,budroot,5_petiole,,,,1,,,,,
BudRootDropping197,coconut-tree-disease,Dataset/Coconut Tree Disease Dataset/Bud Root Dropping/BudRootDropping197.jpg,budroot,5_petiole,,,,1,,,,,
BudRootDropping198,coconut-tree-disease,Dataset/Coconut Tree Disease Dataset/Bud Root Dropping/BudRootDropping198.jpg,budroot,5_petiole,,,,1,,,,,
BudRootDropping199,coconut-tree-disease,Dataset/Coconut Tree Disease Dataset/Bud Root Dropping/BudRootDropping199.jpg,budroot,5_petiole,,,,0,,,,,
BudRootDropping200,coconut-tree-disease,Dataset/Coconut Tree Disease Dataset/Bud Root Dropping/BudRootDropping200.jpg,budroot,5_petiole,,,,0,,,,,
BudRootDropping201,coconut-tree-disease,Dataset/Coconut Tree Disease Dataset/Bud Root Dropping/BudRootDropping201.jpg,budroot,5_petiole,,,,4,,,,,
BudRootDropping202,coconut-tree-disease,Dataset/Coconut Tree Disease Dataset/Bud Root Dropping/BudRootDropping202.jpg,budroot,5_petiole,,,,0,,,,,
BudRootDropping203,coconut-tree-disease,Dataset/Coconut Tree Disease Dataset/Bud Root Dropping/BudRootDropping203.jpg,budroot,5_petiole,,,,0,,,,,
BudRootDropping204,coconut-tree-disease,Dataset/Coconut Tree Disease Dataset/Bud Root Dropping/BudRootDropping204.jpg,budroot,5_petiole,,,,2,,,,,
BudRootDropping205,coconut-tree-disease,Dataset/Coconut Tree Disease Dataset/Bud Root Dropping/BudRootDropping205.jpg,budroot,5_petiole,,,,0,,,,,
BudRootDropping206,coconut-tree-disease,Dataset/Coconut Tree Disease Dataset/Bud Root Dropping/BudRootDropping206.jpg,budroot,5_petiole,,,,4,,,,,
BudRootDropping207,coconut-tree-disease,Dataset/Coconut Tree Disease Dataset/Bud Root Dropping/BudRootDropping207.jpg,budroot,5_petiole,,,,3,,,,,
BudRootDropping208,coconut-tree-disease,Dataset/Coconut Tree Disease Dataset/Bud Root Dropping/BudRootDropping208.jpg,budroot,5_petiole,,,,3,,,,,
BudRootDropping209,coconut-tree-disease,Dataset/Coconut Tree Disease Dataset/Bud Root Dropping/BudRootDropping209.jpg,budroot,5_petiole,,,,3,,,,,
BudRootDropping210,coconut-tree-disease,Dataset/Coconut Tree Disease Dataset/Bud Root Dropping/BudRootDropping210.jpg,budroot,5_petiole,,,,2,,,,,
BudRootDropping211,coconut-tree-disease,Dataset/Coconut Tree Disease Dataset/Bud Root Dropping/BudRootDropping211.jpg,budroot,5_petiole,,,,1,,,,,
BudRootDropping212,coconut-tree-disease,Dataset/Coconut Tree Disease Dataset/Bud Root Dropping/BudRootDropping212.jpg,budroot,5_petiole,,,,3,,,,,
BudRootDropping213,coconut-tree-disease,Dataset/Coconut Tree Disease Dataset/Bud Root Dropping/BudRootDropping213.jpg,budroot,5_petiole,,,,3,,,,,
BudRootDropping214,coconut-tree-disease,Dataset/Coconut Tree Disease Dataset/Bud Root Dropping/BudRootDropping214.jpg,budroot,5_petiole,,,,2,,,,,
BudRootDropping215,coconut-tree-disease,Dataset/Coconut Tree Disease Dataset/Bud Root Dropping/BudRootDropping215.jpg,budroot,5_petiole,,,,4,,,,,
BudRootDropping216,coconut-tree-disease,Dataset/Coconut Tree Disease Dataset/Bud Root Dropping/BudRootDropping216.jpg,budroot,5_petiole,,,,2,,,,,
BudRootDropping217,coconut-tree-disease,Dataset/Coconut Tree Disease Dataset/Bud Root Dropping/BudRootDropping217.jpg,budroot,5_petiole,,,,0,,,,,
BudRootDropping218,coconut-tree-disease,Dataset/Coconut Tree Disease Dataset/Bud Root Dropping/BudRootDropping218.jpg,budroot,5_petiole,,,,1,,,,,
BudRootDropping219,coconut-tree-disease,Dataset/Coconut Tree Disease Dataset/Bud Root Dropping/BudRootDropping219.jpg,budroot,5_petiole,,,,2,,,,,
BudRootDropping220,coconut-tree-disease,Dataset/Coconut Tree Disease Dataset/Bud Root Dropping/BudRootDropping220.jpg,budroot,5_petiole,,,,3,,,,,
BudRootDropping221,coconut-tree-disease,Dataset/Coconut Tree Disease Dataset/Bud Root Dropping/BudRootDropping221.jpg,budroot,5_petiole,,,,1,,,,,
BudRootDropping222,coconut-tree-disease,Dataset/Coconut Tree Disease Dataset/Bud Root Dropping/BudRootDropping222.jpg,budroot,5_petiole,,,,3,,,,,
BudRootDropping223,coconut-tree-disease,Dataset/Coconut Tree Disease Dataset/Bud Root Dropping/BudRootDropping223.jpg,budroot,5_petiole,,,,0,,,,,
BudRootDropping224,coconut-tree-disease,Dataset/Coconut Tree Disease Dataset/Bud Root Dropping/BudRootDropping224.jpg,budroot,5_petiole,,,,2,,,,,
BudRootDropping225,coconut-tree-disease,Dataset/Coconut Tree Disease Dataset/Bud Root Dropping/BudRootDropping225.jpg,budroot,5_petiole,,,,2,,,,,
BudRootDropping226,coconut-tree-disease,Dataset/Coconut Tree Disease Dataset/Bud Root Dropping/BudRootDropping226.jpg,budroot,5_petiole,,,,3,,,,,
BudRootDropping227,coconut-tree-disease,Dataset/Coconut Tree Disease Dataset/Bud Root Dropping/BudRootDropping227.jpg,budroot,5_petiole,,,,3,,,,,
BudRootDropping228,coconut-tree-disease,Dataset/Coconut Tree Disease Dataset/Bud Root Dropping/BudRootDropping228.jpg,budroot,5_petiole,,,,1,,,,,
BudRootDropping229,coconut-tree-disease,Dataset/Coconut Tree Disease Dataset/Bud Root Dropping/BudRootDropping229.jpg,budroot,5_petiole,,,,1,,,,,
BudRootDropping230,coconut-tree-disease,Dataset/Coconut Tree Disease Dataset/Bud Root Dropping/BudRootDropping230.jpg,budroot,5_petiole,,,,3,,,,,
BudRootDropping231,coconut-tree-disease,Dataset/Coconut Tree Disease Dataset/Bud Root Dropping/BudRootDropping231.jpg,budroot,5_petiole,,,,4,,,,,
BudRootDropping232,coconut-tree-disease,Dataset/Coconut Tree Disease Dataset/Bud Root Dropping/BudRootDropping232.jpg,budroot,5_petiole,,,,0,,,,,
BudRootDropping233,coconut-tree-disease,Dataset/Coconut Tree Disease Dataset/Bud Root Dropping/BudRootDropping233.jpg,budroot,5_petiole,,,,0,,,,,
BudRootDropping234,coconut-tree-disease,Dataset/Coconut Tree Disease Dataset/Bud Root Dropping/BudRootDropping234.jpg,budroot,5_petiole,,,,3,,,,,
BudRootDropping235,coconut-tree-disease,Dataset/Coconut Tree Disease Dataset/Bud Root Dropping/BudRootDropping235.jpg,budroot,5_petiole,,,,4,,,,,
BudRootDropping236,coconut-tree-disease,Dataset/Coconut Tree Disease Dataset/Bud Root Dropping/BudRootDropping236.jpg,budroot,5_petiole,,,,2,,,,,
BudRootDropping237,coconut-tree-disease,Dataset/Coconut Tree Disease Dataset/Bud Root Dropping/BudRootDropping237.jpg,budroot,5_petiole,,,,0,,,,,
BudRootDropping238,coconut-tree-disease,Dataset/Coconut Tree Disease Dataset/Bud Root Dropping/BudRootDropping238.jpg,budroot,5_petiole,,,,1,,,,,
BudRootDropping239,coconut-tree-disease,Dataset/Coconut Tree Disease Dataset/Bud Root Dropping/BudRootDropping239.jpg,budroot,5_petiole,,,,1,,,,,
BudRootDropping240,coconut-tree-disease,Dataset/Coconut Tree Disease Dataset/Bud Root Dropping/BudRootDropping240.jpg,budroot,5_petiole,,,,2,,,,,
BudRootDropping241,coconut-tree-disease,Dataset/Coconut Tree Disease Dataset/Bud Root Dropping/BudRootDropping241.jpg,budroot,5_petiole,,,,0,,,,,
BudRootDropping242,coconut-tree-disease,Dataset/Coconut Tree Disease Dataset/Bud Root Dropping/BudRootDropping242.jpg,budroot,5_petiole,,,,2,,,,,
BudRootDropping243,coconut-tree-disease,Dataset/Coconut Tree Disease Dataset/Bud Root Dropping/BudRootDropping243.jpg,budroot,5_petiole,,,,3,,,,,
BudRootDropping244,coconut-tree-disease,Dataset/Coconut Tree Disease Dataset/Bud Root Dropping/BudRootDropping244.jpg,budroot,5_petiole,,,,1,,,,,
BudRootDropping245,coconut-tree-disease,Dataset/Coconut Tree Disease Dataset/Bud Root Dropping/BudRootDropping245.jpg,budroot,5_petiole,,,,1,,,,,
BudRootDropping246,coconut-tree-disease,Dataset/Coconut Tree Disease Dataset/Bud Root Dropping/BudRootDropping246.jpg,budroot,5_petiole,,,,4,,,,,
BudRootDropping247,coconut-tree-disease,Dataset/Coconut Tree Disease Dataset/Bud Root Dropping/BudRootDropping247.jpg,budroot,5_petiole,,,,3,,,,,
BudRootDropping248,coconut-tree-disease,Dataset/Coconut Tree Disease Dataset/Bud Root Dropping/BudRootDropping248.jpg,budroot,5_petiole,,,,0,,,,,
BudRootDropping249,coconut-tree-disease,Dataset/Coconut Tree Disease Dataset/Bud Root Dropping/BudRootDropping249.jpg,budroot,5_petiole,,,,0,,,,,
BudRootDropping250,coconut-tree-disease,Dataset/Coconut Tree Disease Dataset/Bud Root Dropping/BudRootDropping250.jpg,budroot,5_petiole,,,,4,,,,,
BudRootDropping251,coconut-tree-disease,Dataset/Coconut Tree Disease Dataset/Bud Root Dropping/BudRootDropping251.jpg,budroot,5_petiole,,,,4,,,,,
BudRootDropping252,coconut-tree-disease,Dataset/Coconut Tree Disease Dataset/Bud Root Dropping/BudRootDropping252.jpg,budroot,5_petiole,,,,3,,,,,
BudRootDropping253,coconut-tree-disease,Dataset/Coconut Tree Disease Dataset/Bud Root Dropping/BudRootDropping253.jpg,budroot,5_petiole,,,,0,,,,,
BudRootDropping254,coconut-tree-disease,Dataset/Coconut Tree Disease Dataset/Bud Root Dropping/BudRootDropping254.jpg,budroot,5_petiole,,,,3,,,,,
BudRootDropping255,coconut-tree-disease,Dataset/Coconut Tree Disease Dataset/Bud Root Dropping/BudRootDropping255.jpg,budroot,5_petiole,,,,2,,,,,
BudRootDropping256,coconut-tree-disease,Dataset/Coconut Tree Disease Dataset/Bud Root Dropping/BudRootDropping256.jpg,budroot,5_petiole,,,,3,,,,,
BudRootDropping257,coconut-tree-disease,Dataset/Coconut Tree Disease Dataset/Bud Root Dropping/BudRootDropping257.jpg,budroot,5_petiole,,,,0,,,,,
BudRootDropping258,coconut-tree-disease,Dataset/Coconut Tree Disease Dataset/Bud Root Dropping/BudRootDropping258.jpg,budroot,5_petiole,,,,2,,,,,
BudRootDropping259,coconut-tree-disease,Dataset/Coconut Tree Disease Dataset/Bud Root Dropping/BudRootDropping259.jpg,budroot,5_petiole,,,,4,,,,,
BudRootDropping260,coconut-tree-disease,Dataset/Coconut Tree Disease Dataset/Bud Root Dropping/BudRootDropping260.jpg,budroot,5_petiole,,,,1,,,,,
BudRootDropping261,coconut-tree-disease,Dataset/Coconut Tree Disease Dataset/Bud Root Dropping/BudRootDropping261.jpg,budroot,5_petiole,,,,4,,,,,
BudRootDropping262,coconut-tree-disease,Dataset/Coconut Tree Disease Dataset/Bud Root Dropping/BudRootDropping262.jpg,budroot,5_petiole,,,,0,,,,,
BudRootDropping263,coconut-tree-disease,Dataset/Coconut Tree Disease Dataset/Bud Root Dropping/BudRootDropping263.jpg,budroot,5_petiole,,,,3,,,,,
BudRootDropping264,coconut-tree-disease,Dataset/Coconut Tree Disease Dataset/Bud Root Dropping/BudRootDropping264.jpg,budroot,5_petiole,,,,3,,,,,
BudRootDropping265,coconut-tree-disease,Dataset/Coconut Tree Disease Dataset/Bud Root Dropping/BudRootDropping265.jpg,budroot,5_petiole,,,,0,,,,,
BudRootDropping266,coconut-tree-disease,Dataset/Coconut Tree Disease Dataset/Bud Root Dropping/BudRootDropping266.jpg,budroot,5_petiole,,,,3,,,,,
BudRootDropping267,coconut-tree-disease,Dataset/Coconut Tree Disease Dataset/Bud Root Dropping/BudRootDropping267.jpg,budroot,5_petiole,,,,2,,,,,
BudRootDropping268,coconut-tree-disease,Dataset/Coconut Tree Disease Dataset/Bud Root Dropping/BudRootDropping268.jpg,budroot,5_petiole,,,,3,,,,,
BudRootDropping269,coconut-tree-disease,Dataset/Coconut Tree Disease Dataset/Bud Root Dropping/BudRootDropping269.jpg,budroot,5_petiole,,,,0,,,,,
BudRootDropping270,coconut-tree-disease,Dataset/Coconut Tree Disease Dataset/Bud Root Dropping/BudRootDropping270.jpg,budroot,5_petiole,,,,0,,,,,
BudRootDropping271,coconut-tree-disease,Dataset/Coconut Tree Disease Dataset/Bud Root Dropping/BudRootDropping271.jpg,budroot,5_petiole,,,,2,,,,,
BudRootDropping272,coconut-tree-disease,Dataset/Coconut Tree Disease Dataset/Bud Root Dropping/BudRootDropping272.jpg,budroot,5_petiole,,,,3,,,,,
BudRootDropping273,coconut-tree-disease,Dataset/Coconut Tree Disease Dataset/Bud Root Dropping/BudRootDropping273.jpg,budroot,5_petiole,,,,4,,,,,
BudRootDropping274,coconut-tree-disease,Dataset/Coconut Tree Disease Dataset/Bud Root Dropping/BudRootDropping274.jpg,budroot,5_petiole,,,,2,,,,,
BudRootDropping275,coconut-tree-disease,Dataset/Coconut Tree Disease Dataset/Bud Root Dropping/BudRootDropping275.jpg,budroot,5_petiole,,,,1,,,,,
BudRootDropping276,coconut-tree-disease,Dataset/Coconut Tree Disease Dataset/Bud Root Dropping/BudRootDropping276.jpg,budroot,5_petiole,,,,1,,,,,
BudRootDropping277,coconut-tree-disease,Dataset/Coconut Tree Disease Dataset/Bud Root Dropping/BudRootDropping277.jpg,budroot,5_petiole,,,,3,,,,,
BudRootDropping278,coconut-tree-disease,Dataset/Coconut Tree Disease Dataset/Bud Root Dropping/BudRootDropping278.jpg,budroot,5_petiole,,,,1,,,,,
BudRootDropping279,coconut-tree-disease,Dataset/Coconut Tree Disease Dataset/Bud Root Dropping/BudRootDropping279.jpg,budroot,5_petiole,,,,3,,,,,
BudRootDropping280,coconut-tree-disease,Dataset/Coconut Tree Disease Dataset/Bud Root Dropping/BudRootDropping280.jpg,budroot,5_petiole,,,,0,,,,,
BudRootDropping281,coconut-tree-disease,Dataset/Coconut Tree Disease Dataset/Bud Root Dropping/BudRootDropping281.jpg,budroot,5_petiole,,,,1,,,,,
BudRootDropping282,coconut-tree-disease,Dataset/Coconut Tree Disease Dataset/Bud Root Dropping/BudRootDropping282.jpg,budroot,5_petiole,,,,3,,,,,
BudRootDropping283,coconut-tree-disease,Dataset/Coconut Tree Disease Dataset/Bud Root Dropping/BudRootDropping283.jpg,budroot,5_petiole,,,,2,,,,,
BudRootDropping284,coconut-tree-disease,Dataset/Coconut Tree Disease Dataset/Bud Root Dropping/BudRootDropping284.jpg,budroot,5_petiole,,,,1,,,,,
BudRootDropping285,coconut-tree-disease,Dataset/Coconut Tree Disease Dataset/Bud Root Dropping/BudRootDropping285.jpg,budroot,5_petiole,,,,3,,,,,
BudRootDropping286,coconut-tree-disease,Dataset/Coconut Tree Disease Dataset/Bud Root Dropping/BudRootDropping286.jpg,budroot,5_petiole,,,,2,,,,,
BudRootDropping287,coconut-tree-disease,Dataset/Coconut Tree Disease Dataset/Bud Root Dropping/BudRootDropping287.jpg,budroot,5_petiole,,,,3,,,,,
BudRootDropping288,coconut-tree-disease,Dataset/Coconut Tree Disease Dataset/Bud Root Dropping/BudRootDropping288.jpg,budroot,5_petiole,,,,1,,,,,
BudRootDropping289,coconut-tree-disease,Dataset/Coconut Tree Disease Dataset/Bud Root Dropping/BudRootDropping289.jpg,budroot,5_petiole,,,,1,,,,,
BudRootDropping290,coconut-tree-disease,Dataset/Coconut Tree Disease Dataset/Bud Root Dropping/BudRootDropping290.jpg,budroot,5_petiole,,,,3,,,,,
BudRootDropping291,coconut-tree-disease,Dataset/Coconut Tree Disease Dataset/Bud Root Dropping/BudRootDropping291.jpg,budroot,5_petiole,,,,4,,,,,
BudRootDropping292,coconut-tree-disease,Dataset/Coconut Tree Disease Dataset/Bud Root Dropping/BudRootDropping292.jpg,budroot,5_petiole,,,,4,,,,,
BudRootDropping293,coconut-tree-disease,Dataset/Coconut Tree Disease Dataset/Bud Root Dropping/BudRootDropping293.jpg,budroot,5_petiole,,,,4,,,,,
BudRootDropping294,coconut-tree-disease,Dataset/Coconut Tree Disease Dataset/Bud Root Dropping/BudRootDropping294.jpg,budroot,5_petiole,,,,1,,,,,
BudRootDropping295,coconut-tree-disease,Dataset/Coconut Tree Disease Dataset/Bud Root Dropping/BudRootDropping295.jpg,budroot,5_petiole,,,,3,,,,,
BudRootDropping296,coconut-tree-disease,Dataset/Coconut Tree Disease Dataset/Bud Root Dropping/BudRootDropping296.jpg,budroot,5_petiole,,,,0,,,,,
BudRootDropping297,coconut-tree-disease,Dataset/Coconut Tree Disease Dataset/Bud Root Dropping/BudRootDropping297.jpg,budroot,5_petiole,,,,4,,,,,
BudRootDropping298,coconut-tree-disease,Dataset/Coconut Tree Disease Dataset/Bud Root Dropping/BudRootDropping298.jpg,budroot,5_petiole,,,,4,,,,,
BudRootDropping299,coconut-tree-disease,Dataset/Coconut Tree Disease Dataset/Bud Root Dropping/BudRootDropping299.jpg,budroot,5_petiole,,,,4,,,,,
BudRootDropping300,coconut-tree-disease,Dataset/Coconut Tree Disease Dataset/Bud Root Dropping/BudRootDropping300.jpg,budroot,5_petiole,,,,3,,,,,
BudRootDropping301,coconut-tree-disease,Dataset/Coconut Tree Disease Dataset/Bud Root Dropping/BudRootDropping301.jpg,budroot,5_petiole,,,,2,,,,,
BudRootDropping302,coconut-tree-disease,Dataset/Coconut Tree Disease Dataset/Bud Root Dropping/BudRootDropping302.jpg,budroot,5_petiole,,,,0,,,,,
BudRootDropping303,coconut-tree-disease,Dataset/Coconut Tree Disease Dataset/Bud Root Dropping/BudRootDropping303.jpg,budroot,5_petiole,,,,3,,,,,
BudRootDropping304,coconut-tree-disease,Dataset/Coconut Tree Disease Dataset/Bud Root Dropping/BudRootDropping304.jpg,budroot,5_petiole,,,,3,,,,,
BudRootDropping305,coconut-tree-disease,Dataset/Coconut Tree Disease Dataset/Bud Root Dropping/BudRootDropping305.jpg,budroot,5_petiole,,,,4,,,,,
BudRootDropping306,coconut-tree-disease,Dataset/Coconut Tree Disease Dataset/Bud Root Dropping/BudRootDropping306.jpg,budroot,5_petiole,,,,0,,,,,
BudRootDropping307,coconut-tree-disease,Dataset/Coconut Tree Disease Dataset/Bud Root Dropping/BudRootDropping307.jpg,budroot,5_petiole,,,,4,,,,,
BudRootDropping308,coconut-tree-disease,Dataset/Coconut Tree Disease Dataset/Bud Root Dropping/BudRootDropping308.jpg,budroot,5_petiole,,,,0,,,,,
BudRootDropping309,coconut-tree-disease,Dataset/Coconut Tree Disease Dataset/Bud Root Dropping/BudRootDropping309.jpg,budroot,5_petiole,,,,0,,,,,
BudRootDropping310,coconut-tree-disease,Dataset/Coconut Tree Disease Dataset/Bud Root Dropping/BudRootDropping310.jpg,budroot,5_petiole,,,,2,,,,,
BudRootDropping311,coconut-tree-disease,Dataset/Coconut Tree Disease Dataset/Bud Root Dropping/BudRootDropping311.jpg,budroot,5_petiole,,,,1,,,,,
BudRootDropping312,coconut-tree-disease,Dataset/Coconut Tree Disease Dataset/Bud Root Dropping/BudRootDropping312.jpg,budroot,5_petiole,,,,2,,,,,
BudRootDropping313,coconut-tree-disease,Dataset/Coconut Tree Disease Dataset/Bud Root Dropping/BudRootDropping313.jpg,budroot,5_petiole,,,,1,,,,,
BudRootDropping314,coconut-tree-disease,Dataset/Coconut Tree Disease Dataset/Bud Root Dropping/BudRootDropping314.jpg,budroot,5_petiole,,,,0,,,,,
BudRootDropping315,coconut-tree-disease,Dataset/Coconut Tree Disease Dataset/Bud Root Dropping/BudRootDropping315.jpg,budroot,5_petiole,,,,3,,,,,
BudRootDropping316,coconut-tree-disease,Dataset/Coconut Tree Disease Dataset/Bud Root Dropping/BudRootDropping316.jpg,budroot,5_petiole,,,,2,,,,,
BudRootDropping317,coconut-tree-disease,Dataset/Coconut Tree Disease Dataset/Bud Root Dropping/BudRootDropping317.jpg,budroot,5_petiole,,,,3,,,,,
BudRootDropping318,coconut-tree-disease,Dataset/Coconut Tree Disease Dataset/Bud Root Dropping/BudRootDropping318.jpg,budroot,5_petiole,,,,3,,,,,
BudRootDropping319,coconut-tree-disease,Dataset/Coconut Tree Disease Dataset/Bud Root Dropping/BudRootDropping319.jpg,budroot,5_petiole,,,,3,,,,,
BudRootDropping320,coconut-tree-disease,Dataset/Coconut Tree Disease Dataset/Bud Root Dropping/BudRootDropping320.jpg,budroot,5_petiole,,,,4,,,,,
BudRootDropping321,coconut-tree-disease,Dataset/Coconut Tree Disease Dataset/Bud Root Dropping/BudRootDropping321.jpg,budroot,5_petiole,,,,1,,,,,
BudRootDropping322,coconut-tree-disease,Dataset/Coconut Tree Disease Dataset/Bud Root Dropping/BudRootDropping322.jpg,budroot,5_petiole,,,,2,,,,,
BudRootDropping323,coconut-tree-disease,Dataset/Coconut Tree Disease Dataset/Bud Root Dropping/BudRootDropping323.jpg,budroot,5_petiole,,,,0,,,,,
BudRootDropping324,coconut-tree-disease,Dataset/Coconut Tree Disease Dataset/Bud Root Dropping/BudRootDropping324.jpg,budroot,5_petiole,,,,0,,,,,
BudRootDropping325,coconut-tree-disease,Dataset/Coconut Tree Disease Dataset/Bud Root Dropping/BudRootDropping325.jpg,budroot,5_petiole,,,,2,,,,,
BudRootDropping326,coconut-tree-disease,Dataset/Coconut Tree Disease Dataset/Bud Root Dropping/BudRootDropping326.jpg,budroot,5_petiole,,,,0,,,,,
BudRootDropping327,coconut-tree-disease,Dataset/Coconut Tree Disease Dataset/Bud Root Dropping/BudRootDropping327.jpg,budroot,5_petiole,,,,2,,,,,
BudRootDropping328,coconut-tree-disease,Dataset/Coconut Tree Disease Dataset/Bud Root Dropping/BudRootDropping328.jpg,budroot,5_petiole,,,,2,,,,,
BudRootDropping329,coconut-tree-disease,Dataset/Coconut Tree Disease Dataset/Bud Root Dropping/BudRootDropping329.jpg,budroot,5_petiole,,,,0,,,,,
BudRootDropping330,coconut-tree-disease,Dataset/Coconut Tree Disease Dataset/Bud Root Dropping/BudRootDropping330.jpg,budroot,5_petiole,,,,2,,,,,
BudRootDropping331,coconut-tree-disease,Dataset/Coconut Tree Disease Dataset/Bud Root Dropping/BudRootDropping331.jpg,budroot,5_petiole,,,,1,,,,,
BudRootDropping332,coconut-tree-disease,Dataset/Coconut Tree Disease Dataset/Bud Root Dropping/BudRootDropping332.jpg,budroot,5_petiole,,,,0,,,,,
BudRootDropping333,coconut-tree-disease,Dataset/Coconut Tree Disease Dataset/Bud Root Dropping/BudRootDropping333.jpg,budroot,5_petiole,,,,4,,,,,
BudRootDropping334,coconut-tree-disease,Dataset/Coconut Tree Disease Dataset/Bud Root Dropping/BudRootDropping334.jpg,budroot,5_petiole,,,,1,,,,,
BudRootDropping335,coconut-tree-disease,Dataset/Coconut Tree Disease Dataset/Bud Root Dropping/BudRootDropping335.jpg,budroot,5_petiole,,,,1,,,,,
BudRootDropping336,coconut-tree-disease,Dataset/Coconut Tree Disease Dataset/Bud Root Dropping/BudRootDropping336.jpg,budroot,5_petiole,,,,4,,,,,
BudRootDropping337,coconut-tree-disease,Dataset/Coconut Tree Disease Dataset/Bud Root Dropping/BudRootDropping337.jpg,budroot,5_petiole,,,,4,,,,,
BudRootDropping338,coconut-tree-disease,Dataset/Coconut Tree Disease Dataset/Bud Root Dropping/BudRootDropping338.jpg,budroot,5_petiole,,,,4,,,,,
BudRootDropping339,coconut-tree-disease,Dataset/Coconut Tree Disease Dataset/Bud Root Dropping/BudRootDropping339.jpg,budroot,5_petiole,,,,2,,,,,
BudRootDropping340,coconut-tree-disease,Dataset/Coconut Tree Disease Dataset/Bud Root Dropping/BudRootDropping340.jpg,budroot,5_petiole,,,,3,,,,,
BudRootDropping341,coconut-tree-disease,Dataset/Coconut Tree Disease Dataset/Bud Root Dropping/BudRootDropping341.jpg,budroot,5_petiole,,,,1,,,,,
BudRootDropping342,coconut-tree-disease,Dataset/Coconut Tree Disease Dataset/Bud Root Dropping/BudRootDropping342.jpg,budroot,5_petiole,,,,1,,,,,
BudRootDropping343,coconut-tree-disease,Dataset/Coconut Tree Disease Dataset/Bud Root Dropping/BudRootDropping343.jpg,budroot,5_petiole,,,,3,,,,,
BudRootDropping344,coconut-tree-disease,Dataset/Coconut Tree Disease Dataset/Bud Root Dropping/BudRootDropping344.jpg,budroot,5_petiole,,,,2,,,,,
BudRootDropping345,coconut-tree-disease,Dataset/Coconut Tree Disease Dataset/Bud Root Dropping/BudRootDropping345.jpg,budroot,5_petiole,,,,4,,,,,
BudRootDropping346,coconut-tree-disease,Dataset/Coconut Tree Disease Dataset/Bud Root Dropping/BudRootDropping346.jpg,budroot,5_petiole,,,,0,,,,,
BudRootDropping347,coconut-tree-disease,Dataset/Coconut Tree Disease Dataset/Bud Root Dropping/BudRootDropping347.jpg,budroot,5_petiole,,,,1,,,,,
BudRootDropping348,coconut-tree-disease,Dataset/Coconut Tree Disease Dataset/Bud Root Dropping/BudRootDropping348.jpg,budroot,5_petiole,,,,1,,,,,
BudRootDropping349,coconut-tree-disease,Dataset/Coconut Tree Disease Dataset/Bud Root Dropping/BudRootDropping349.jpg,budroot,5_petiole,,,,2,,,,,
BudRootDropping350,coconut-tree-disease,Dataset/Coconut Tree Disease Dataset/Bud Root Dropping/BudRootDropping350.jpg,budroot,5_petiole,,,,4,,,,,
BudRootDropping351,coconut-tree-disease,Dataset/Coconut Tree Disease Dataset/Bud Root Dropping/BudRootDropping351.jpg,budroot,5_petiole,,,,0,,,,,
BudRootDropping352,coconut-tree-disease,Dataset/Coconut Tree Disease Dataset/Bud Root Dropping/BudRootDropping352.jpg,budroot,5_petiole,,,,0,,,,,
BudRootDropping353,coconut-tree-disease,Dataset/Coconut Tree Disease Dataset/Bud Root Dropping/BudRootDropping353.jpg,budroot,5_petiole,,,,4,,,,,
BudRootDropping354,coconut-tree-disease,Dataset/Coconut Tree Disease Dataset/Bud Root Dropping/BudRootDropping354.jpg,budroot,5_petiole,,,,3,,,,,
BudRootDropping355,coconut-tree-disease,Dataset/Coconut Tree Disease Dataset/Bud Root Dropping/BudRootDropping355.jpg,budroot,5_petiole,,,,3,,,,,
BudRootDropping356,coconut-tree-disease,Dataset/Coconut Tree Disease Dataset/Bud Root Dropping/BudRootDropping356.jpg,budroot,5_petiole,,,,1,,,,,
BudRootDropping357,coconut-tree-disease,Dataset/Coconut Tree Disease Dataset/Bud Root Dropping/BudRootDropping357.jpg,budroot,5_petiole,,,,0,,,,,
BudRootDropping358,coconut-tree-disease,Dataset/Coconut Tree Disease Dataset/Bud Root Dropping/BudRootDropping358.jpg,budroot,5_petiole,,,,4,,,,,
BudRootDropping359,coconut-tree-disease,Dataset/Coconut Tree Disease Dataset/Bud Root Dropping/BudRootDropping359.jpg,budroot,5_petiole,,,,4,,,,,
BudRootDropping360,coconut-tree-disease,Dataset/Coconut Tree Disease Dataset/Bud Root Dropping/BudRootDropping360.jpg,budroot,5_petiole,,,,1,,,,,
BudRootDropping361,coconut-tree-disease,Dataset/Coconut Tree Disease Dataset/Bud Root Dropping/BudRootDropping361.jpg,budroot,5_petiole,,,,2,,,,,
BudRootDropping362,coconut-tree-disease,Dataset/Coconut Tree Disease Dataset/Bud Root Dropping/BudRootDropping362.jpg,budroot,5_petiole,,,,1,,,,,
BudRootDropping363,coconut-tree-disease,Dataset/Coconut Tree Disease Dataset/Bud Root Dropping/BudRootDropping363.jpg,budroot,5_petiole,,,,3,,,,,
BudRootDropping364,coconut-tree-disease,Dataset/Coconut Tree Disease Dataset/Bud Root Dropping/BudRootDropping364.jpg,budroot,5_petiole,,,,0,,,,,
BudRootDropping365,coconut-tree-disease,Dataset/Coconut Tree Disease Dataset/Bud Root Dropping/BudRootDropping365.jpg,budroot,5_petiole,,,,0,,,,,
BudRootDropping366,coconut-tree-disease,Dataset/Coconut Tree Disease Dataset/Bud Root Dropping/BudRootDropping366.jpg,budroot,5_petiole,,,,1,,,,,
BudRootDropping367,coconut-tree-disease,Dataset/Coconut Tree Disease Dataset/Bud Root Dropping/BudRootDropping367.jpg,budroot,5_petiole,,,,4,,,,,
BudRootDropping368,coconut-tree-disease,Dataset/Coconut Tree Disease Dataset/Bud Root Dropping/BudRootDropping368.jpg,budroot,5_petiole,,,,3,,,,,
BudRootDropping369,coconut-tree-disease,Dataset/Coconut Tree Disease Dataset/Bud Root Dropping/BudRootDropping369.jpg,budroot,5_petiole,,,,2,,,,,
BudRootDropping370,coconut-tree-disease,Dataset/Coconut Tree Disease Dataset/Bud Root Dropping/BudRootDropping370.jpg,budroot,5_petiole,,,,2,,,,,
BudRootDropping371,coconut-tree-disease,Dataset/Coconut Tree Disease Dataset/Bud Root Dropping/BudRootDropping371.jpg,budroot,5_petiole,,,,3,,,,,
BudRootDropping372,coconut-tree-disease,Dataset/Coconut Tree Disease Dataset/Bud Root Dropping/BudRootDropping372.jpg,budroot,5_petiole,,,,2,,,,,
BudRootDropping373,coconut-tree-disease,Dataset/Coconut Tree Disease Dataset/Bud Root Dropping/BudRootDropping373.jpg,budroot,5_petiole,,,,0,,,,,
BudRootDropping374,coconut-tree-disease,Dataset/Coconut Tree Disease Dataset/Bud Root Dropping/BudRootDropping374.jpg,budroot,5_petiole,,,,3,,,,,
BudRootDropping375,coconut-tree-disease,Dataset/Coconut Tree Disease Dataset/Bud Root Dropping/BudRootDropping375.jpg,budroot,5_petiole,,,,2,,,,,
BudRootDropping376,coconut-tree-disease,Dataset/Coconut Tree Disease Dataset/Bud Root Dropping/BudRootDropping376.jpg,budroot,5_petiole,,,,2,,,,,
BudRootDropping377,coconut-tree-disease,Dataset/Coconut Tree Disease Dataset/Bud Root Dropping/BudRootDropping377.jpg,budroot,5_petiole,,,,3,,,,,
BudRootDropping378,coconut-tree-disease,Dataset/Coconut Tree Disease Dataset/Bud Root Dropping/BudRootDropping378.jpg,budroot,5_petiole,,,,2,,,,,
BudRootDropping379,coconut-tree-disease,Dataset/Coconut Tree Disease Dataset/Bud Root Dropping/BudRootDropping379.jpg,budroot,5_petiole,,,,4,,,,,
BudRootDropping380,coconut-tree-disease,Dataset/Coconut Tree Disease Dataset/Bud Root Dropping/BudRootDropping380.jpg,budroot,5_petiole,,,,4,,,,,
BudRootDropping381,coconut-tree-disease,Dataset/Coconut Tree Disease Dataset/Bud Root Dropping/BudRootDropping381.jpg,budroot,5_petiole,,,,4,,,,,
BudRootDropping382,coconut-tree-disease,Dataset/Coconut Tree Disease Dataset/Bud Root Dropping/BudRootDropping382.jpg,budroot,5_petiole,,,,4,,,,,
BudRootDropping383,coconut-tree-disease,Dataset/Coconut Tree Disease Dataset/Bud Root Dropping/BudRootDropping383.jpg,budroot,5_petiole,,,,0,,,,,
BudRootDropping384,coconut-tree-disease,Dataset/Coconut Tree Disease Dataset/Bud Root Dropping/BudRootDropping384.jpg,budroot,5_petiole,,,,3,,,,,
BudRootDropping385,coconut-tree-disease,Dataset/Coconut Tree Disease Dataset/Bud Root Dropping/BudRootDropping385.jpg,budroot,5_petiole,,,,0,,,,,
BudRootDropping386,coconut-tree-disease,Dataset/Coconut Tree Disease Dataset/Bud Root Dropping/BudRootDropping386.jpg,budroot,5_petiole,,,,2,,,,,
BudRootDropping387,coconut-tree-disease,Dataset/Coconut Tree Disease Dataset/Bud Root Dropping/BudRootDropping387.jpg,budroot,5_petiole,,,,4,,,,,
BudRootDropping388,coconut-tree-disease,Dataset/Coconut Tree Disease Dataset/Bud Root Dropping/BudRootDropping388.jpg,budroot,5_petiole,,,,4,,,,,
BudRootDropping389,coconut-tree-disease,Dataset/Coconut Tree Disease Dataset/Bud Root Dropping/BudRootDropping389.jpg,budroot,5_petiole,,,,1,,,,,
BudRootDropping390,coconut-tree-disease,Dataset/Coconut Tree Disease Dataset/Bud Root Dropping/BudRootDropping390.jpg,budroot,5_petiole,,,,2,,,,,
BudRootDropping391,coconut-tree-disease,Dataset/Coconut Tree Disease Dataset/Bud Root Dropping/BudRootDropping391.jpg,budroot,5_petiole,,,,0,,,,,
BudRootDropping392,coconut-tree-disease,Dataset/Coconut Tree Disease Dataset/Bud Root Dropping/BudRootDropping392.jpg,budroot,5_petiole,,,,0,,,,,
BudRootDropping393,coconut-tree-disease,Dataset/Coconut Tree Disease Dataset/Bud Root Dropping/BudRootDropping393.jpg,budroot,5_petiole,,,,3,,,,,
BudRootDropping394,coconut-tree-disease,Dataset/Coconut Tree Disease Dataset/Bud Root Dropping/BudRootDropping394.jpg,budroot,5_petiole,,,,1,,,,,
BudRootDropping395,coconut-tree-disease,Dataset/Coconut Tree Disease Dataset/Bud Root Dropping/BudRootDropping395.jpg,budroot,5_petiole,,,,4,,,,,
BudRootDropping396,coconut-tree-disease,Dataset/Coconut Tree Disease Dataset/Bud Root Dropping/BudRootDropping396.jpg,budroot,5_petiole,,,,0,,,,,
BudRootDropping397,coconut-tree-disease,Dataset/Coconut Tree Disease Dataset/Bud Root Dropping/BudRootDropping397.jpg,budroot,5_petiole,,,,0,,,,,
BudRootDropping398,coconut-tree-disease,Dataset/Coconut Tree Disease Dataset/Bud Root Dropping/BudRootDropping398.jpg,budroot,5_petiole,,,,0,,,,,
BudRootDropping399,coconut-tree-disease,Dataset/Coconut Tree Disease Dataset/Bud Root Dropping/BudRootDropping399.jpg,budroot,5_petiole,,,,0,,,,,
BudRootDropping400,coconut-tree-disease,Dataset/Coconut Tree Disease Dataset/Bud Root Dropping/BudRootDropping400.jpg,budroot,5_petiole,,,,2,,,,,
BudRootDropping401,coconut-tree-disease,Dataset/Coconut Tree Disease Dataset/Bud Root Dropping/BudRootDropping401.jpg,budroot,5_petiole,,,,4,,,,,
BudRootDropping402,coconut-tree-disease,Dataset/Coconut Tree Disease Dataset/Bud Root Dropping/BudRootDropping402.jpg,budroot,5_petiole,,,,1,,,,,
BudRootDropping403,coconut-tree-disease,Dataset/Coconut Tree Disease Dataset/Bud Root Dropping/BudRootDropping403.jpg,budroot,5_petiole,,,,0,,,,,
BudRootDropping404,coconut-tree-disease,Dataset/Coconut Tree Disease Dataset/Bud Root Dropping/BudRootDropping404.jpg,budroot,5_petiole,,,,0,,,,,
BudRootDropping405,coconut-tree-disease,Dataset/Coconut Tree Disease Dataset/Bud Root Dropping/BudRootDropping405.jpg,budroot,5_petiole,,,,4,,,,,
BudRootDropping406,coconut-tree-disease,Dataset/Coconut Tree Disease Dataset/Bud Root Dropping/BudRootDropping406.jpg,budroot,5_petiole,,,,0,,,,,
BudRootDropping407,coconut-tree-disease,Dataset/Coconut Tree Disease Dataset/Bud Root Dropping/BudRootDropping407.jpg,budroot,5_petiole,,,,3,,,,,
BudRootDropping408,coconut-tree-disease,Dataset/Coconut Tree Disease Dataset/Bud Root Dropping/BudRootDropping408.jpg,budroot,5_petiole,,,,2,,,,,
BudRootDropping409,coconut-tree-disease,Dataset/Coconut Tree Disease Dataset/Bud Root Dropping/BudRootDropping409.jpg,budroot,5_petiole,,,,2,,,,,
BudRootDropping410,coconut-tree-disease,Dataset/Coconut Tree Disease Dataset/Bud Root Dropping/BudRootDropping410.jpg,budroot,5_petiole,,,,2,,,,,
BudRootDropping411,coconut-tree-disease,Dataset/Coconut Tree Disease Dataset/Bud Root Dropping/BudRootDropping411.jpg,budroot,5_petiole,,,,2,,,,,
BudRootDropping412,coconut-tree-disease,Dataset/Coconut Tree Disease Dataset/Bud Root Dropping/BudRootDropping412.jpg,budroot,5_petiole,,,,1,,,,,
BudRootDropping413,coconut-tree-disease,Dataset/Coconut Tree Disease Dataset/Bud Root Dropping/BudRootDropping413.jpg,budroot,5_petiole,,,,1,,,,,
BudRootDropping414,coconut-tree-disease,Dataset/Coconut Tree Disease Dataset/Bud Root Dropping/BudRootDropping414.jpg,budroot,5_petiole,,,,2,,,,,
BudRootDropping415,coconut-tree-disease,Dataset/Coconut Tree Disease Dataset/Bud Root Dropping/BudRootDropping415.jpg,budroot,5_petiole,,,,0,,,,,
BudRootDropping416,coconut-tree-disease,Dataset/Coconut Tree Disease Dataset/Bud Root Dropping/BudRootDropping416.jpg,budroot,5_petiole,,,,1,,,,,
BudRootDropping417,coconut-tree-disease,Dataset/Coconut Tree Disease Dataset/Bud Root Dropping/BudRootDropping417.jpg,budroot,5_petiole,,,,1,,,,,
BudRootDropping418,coconut-tree-disease,Dataset/Coconut Tree Disease Dataset/Bud Root Dropping/BudRootDropping418.jpg,budroot,5_petiole,,,,3,,,,,
BudRootDropping419,coconut-tree-disease,Dataset/Coconut Tree Disease Dataset/Bud Root Dropping/BudRootDropping419.jpg,budroot,5_petiole,,,,1,,,,,
BudRootDropping420,coconut-tree-disease,Dataset/Coconut Tree Disease Dataset/Bud Root Dropping/BudRootDropping420.jpg,budroot,5_petiole,,,,0,,,,,
BudRootDropping421,coconut-tree-disease,Dataset/Coconut Tree Disease Dataset/Bud Root Dropping/BudRootDropping421.jpg,budroot,5_petiole,,,,3,,,,,
BudRootDropping422,coconut-tree-disease,Dataset/Coconut Tree Disease Dataset/Bud Root Dropping/BudRootDropping422.jpg,budroot,5_petiole,,,,1,,,,,
BudRootDropping423,coconut-tree-disease,Dataset/Coconut Tree Disease Dataset/Bud Root Dropping/BudRootDropping423.jpg,budroot,5_petiole,,,,4,,,,,
BudRootDropping424,coconut-tree-disease,Dataset/Coconut Tree Disease Dataset/Bud Root Dropping/BudRootDropping424.jpg,budroot,5_petiole,,,,4,,,,,
BudRootDropping425,coconut-tree-disease,Dataset/Coconut Tree Disease Dataset/Bud Root Dropping/BudRootDropping425.jpg,budroot,5_petiole,,,,2,,,,,
BudRootDropping426,coconut-tree-disease,Dataset/Coconut Tree Disease Dataset/Bud Root Dropping/BudRootDropping426.jpg,budroot,5_petiole,,,,1,,,,,
BudRootDropping427,coconut-tree-disease,Dataset/Coconut Tree Disease Dataset/Bud Root Dropping/BudRootDropping427.jpg,budroot,5_petiole,,,,4,,,,,
BudRootDropping428,coconut-tree-disease,Dataset/Coconut Tree Disease Dataset/Bud Root Dropping/BudRootDropping428.jpg,budroot,5_petiole,,,,1,,,,,
BudRootDropping429,coconut-tree-disease,Dataset/Coconut Tree Disease Dataset/Bud Root Dropping/BudRootDropping429.jpg,budroot,5_petiole,,,,0,,,,,
BudRootDropping430,coconut-tree-disease,Dataset/Coconut Tree Disease Dataset/Bud Root Dropping/BudRootDropping430.jpg,budroot,5_petiole,,,,1,,,,,
BudRootDropping431,coconut-tree-disease,Dataset/Coconut Tree Disease Dataset/Bud Root Dropping/BudRootDropping431.jpg,budroot,5_petiole,,,,2,,,,,
BudRootDropping432,coconut-tree-disease,Dataset/Coconut Tree Disease Dataset/Bud Root Dropping/BudRootDropping432.jpg,budroot,5_petiole,,,,1,,,,,
BudRootDropping433,coconut-tree-disease,Dataset/Coconut Tree Disease Dataset/Bud Root Dropping/BudRootDropping433.jpg,budroot,5_petiole,,,,1,,,,,
BudRootDropping434,coconut-tree-disease,Dataset/Coconut Tree Disease Dataset/Bud Root Dropping/BudRootDropping434.jpg,budroot,5_petiole,,,,1,,,,,
BudRootDropping435,coconut-tree-disease,Dataset/Coconut Tree Disease Dataset/Bud Root Dropping/BudRootDropping435.jpg,budroot,5_petiole,,,,1,,,,,
BudRootDropping436,coconut-tree-disease,Dataset/Coconut Tree Disease Dataset/Bud Root Dropping/BudRootDropping436.jpg,budroot,5_petiole,,,,1,,,,,
BudRootDropping437,coconut-tree-disease,Dataset/Coconut Tree Disease Dataset/Bud Root Dropping/BudRootDropping437.jpg,budroot,5_petiole,,,,1,,,,,
BudRootDropping438,coconut-tree-disease,Dataset/Coconut Tree Disease Dataset/Bud Root Dropping/BudRootDropping438.jpg,budroot,5_petiole,,,,3,,,,,
BudRootDropping439,coconut-tree-disease,Dataset/Coconut Tree Disease Dataset/Bud Root Dropping/BudRootDropping439.jpg,budroot,5_petiole,,,,4,,,,,
BudRootDropping440,coconut-tree-disease,Dataset/Coconut Tree Disease Dataset/Bud Root Dropping/BudRootDropping440.jpg,budroot,5_petiole,,,,1,,,,,
BudRootDropping441,coconut-tree-disease,Dataset/Coconut Tree Disease Dataset/Bud Root Dropping/BudRootDropping441.jpg,budroot,5_petiole,,,,0,,,,,
BudRootDropping442,coconut-tree-disease,Dataset/Coconut Tree Disease Dataset/Bud Root Dropping/BudRootDropping442.jpg,budroot,5_petiole,,,,2,,,,,
BudRootDropping443,coconut-tree-disease,Dataset/Coconut Tree Disease Dataset/Bud Root Dropping/BudRootDropping443.jpg,budroot,5_petiole,,,,4,,,,,
BudRootDropping444,coconut-tree-disease,Dataset/Coconut Tree Disease Dataset/Bud Root Dropping/BudRootDropping444.jpg,budroot,5_petiole,,,,2,,,,,
BudRootDropping445,coconut-tree-disease,Dataset/Coconut Tree Disease Dataset/Bud Root Dropping/BudRootDropping445.jpg,budroot,5_petiole,,,,0,,,,,
BudRootDropping446,coconut-tree-disease,Dataset/Coconut Tree Disease Dataset/Bud Root Dropping/BudRootDropping446.jpg,budroot,5_petiole,,,,2,,,,,
BudRootDropping447,coconut-tree-disease,Dataset/Coconut Tree Disease Dataset/Bud Root Dropping/BudRootDropping447.jpg,budroot,5_petiole,,,,4,,,,,
BudRootDropping448,coconut-tree-disease,Dataset/Coconut Tree Disease Dataset/Bud Root Dropping/BudRootDropping448.jpg,budroot,5_petiole,,,,0,,,,,
BudRootDropping449,coconut-tree-disease,Dataset/Coconut Tree Disease Dataset/Bud Root Dropping/BudRootDropping449.jpg,budroot,5_petiole,,,,4,,,,,
BudRootDropping450,coconut-tree-disease,Dataset/Coconut Tree Disease Dataset/Bud Root Dropping/BudRootDropping450.jpg,budroot,5_petiole,,,,2,,,,,
BudRootDropping451,coconut-tree-disease,Dataset/Coconut Tree Disease Dataset/Bud Root Dropping/BudRootDropping451.jpg,budroot,5_petiole,,,,2,,,,,
BudRootDropping452,coconut-tree-disease,Dataset/Coconut Tree Disease Dataset/Bud Root Dropping/BudRootDropping452.jpg,budroot,5_petiole,,,,3,,,,,
BudRootDropping453,coconut-tree-disease,Dataset/Coconut Tree Disease Dataset/Bud Root Dropping/BudRootDropping453.jpg,budroot,5_petiole,,,,0,,,,,
BudRootDropping454,coconut-tree-disease,Dataset/Coconut Tree Disease Dataset/Bud Root Dropping/BudRootDropping454.jpg,budroot,5_petiole,,,,3,,,,,
BudRootDropping455,coconut-tree-disease,Dataset/Coconut Tree Disease Dataset/Bud Root Dropping/BudRootDropping455.jpg,budroot,5_petiole,,,,1,,,,,
BudRootDropping456,coconut-tree-disease,Dataset/Coconut Tree Disease Dataset/Bud Root Dropping/BudRootDropping456.jpg,budroot,5_petiole,,,,0,,,,,
BudRootDropping457,coconut-tree-disease,Dataset/Coconut Tree Disease Dataset/Bud Root Dropping/BudRootDropping457.jpg,budroot,5_petiole,,,,3,,,,,
BudRootDropping458,coconut-tree-disease,Dataset/Coconut Tree Disease Dataset/Bud Root Dropping/BudRootDropping458.jpg,budroot,5_petiole,,,,4,,,,,
BudRootDropping459,coconut-tree-disease,Dataset/Coconut Tree Disease Dataset/Bud Root Dropping/BudRootDropping459.jpg,budroot,5_petiole,,,,4,,,,,
BudRootDropping460,coconut-tree-disease,Dataset/Coconut Tree Disease Dataset/Bud Root Dropping/BudRootDropping460.jpg,budroot,5_petiole,,,,2,,,,,
BudRootDropping461,coconut-tree-disease,Dataset/Coconut Tree Disease Dataset/Bud Root Dropping/BudRootDropping461.jpg,budroot,5_petiole,,,,1,,,,,
BudRootDropping462,coconut-tree-disease,Dataset/Coconut Tree Disease Dataset/Bud Root Dropping/BudRootDropping462.jpg,budroot,5_petiole,,,,1,,,,,
BudRootDropping463,coconut-tree-disease,Dataset/Coconut Tree Disease Dataset/Bud Root Dropping/BudRootDropping463.jpg,budroot,5_petiole,,,,4,,,,,
BudRootDropping464,coconut-tree-disease,Dataset/Coconut Tree Disease Dataset/Bud Root Dropping/BudRootDropping464.jpg,budroot,5_petiole,,,,1,,,,,
BudRootDropping465,coconut-tree-disease,Dataset/Coconut Tree Disease Dataset/Bud Root Dropping/BudRootDropping465.jpg,budroot,5_petiole,,,,2,,,,,
BudRootDropping466,coconut-tree-disease,Dataset/Coconut Tree Disease Dataset/Bud Root Dropping/BudRootDropping466.jpg,budroot,5_petiole,,,,2,,,,,
BudRootDropping467,coconut-tree-disease,Dataset/Coconut Tree Disease Dataset/Bud Root Dropping/BudRootDropping467.jpg,budroot,5_petiole,,,,3,,,,,
BudRootDropping468,coconut-tree-disease,Dataset/Coconut Tree Disease Dataset/Bud Root Dropping/BudRootDropping468.jpg,budroot,5_petiole,,,,0,,,,,
BudRootDropping469,coconut-tree-disease,Dataset/Coconut Tree Disease Dataset/Bud Root Dropping/BudRootDropping469.jpg,budroot,5_petiole,,,,0,,,,,
BudRootDropping470,coconut-tree-disease,Dataset/Coconut Tree Disease Dataset/Bud Root Dropping/BudRootDropping470.jpg,budroot,5_petiole,,,,2,,,,,
BudRootDropping471,coconut-tree-disease,Dataset/Coconut Tree Disease Dataset/Bud Root Dropping/BudRootDropping471.jpg,budroot,5_petiole,,,,2,,,,,
BudRootDropping472,coconut-tree-disease,Dataset/Coconut Tree Disease Dataset/Bud Root Dropping/BudRootDropping472.jpg,budroot,5_petiole,,,,1,,,,,
BudRootDropping473,coconut-tree-disease,Dataset/Coconut Tree Disease Dataset/Bud Root Dropping/BudRootDropping473.jpg,budroot,5_petiole,,,,0,,,,,
BudRootDropping474,coconut-tree-disease,Dataset/Coconut Tree Disease Dataset/Bud Root Dropping/BudRootDropping474.jpg,budroot,5_petiole,,,,4,,,,,
BudRootDropping475,coconut-tree-disease,Dataset/Coconut Tree Disease Dataset/Bud Root Dropping/BudRootDropping475.jpg,budroot,5_petiole,,,,0,,,,,
BudRootDropping476,coconut-tree-disease,Dataset/Coconut Tree Disease Dataset/Bud Root Dropping/BudRootDropping476.jpg,budroot,5_petiole,,,,4,,,,,
BudRootDropping477,coconut-tree-disease,Dataset/Coconut Tree Disease Dataset/Bud Root Dropping/BudRootDropping477.jpg,budroot,5_petiole,,,,4,,,,,
BudRootDropping478,coconut-tree-disease,Dataset/Coconut Tree Disease Dataset/Bud Root Dropping/BudRootDropping478.jpg,budroot,5_petiole,,,,1,,,,,
BudRootDropping479,coconut-tree-disease,Dataset/Coconut Tree Disease Dataset/Bud Root Dropping/BudRootDropping479.jpg,budroot,5_petiole,,,,0,,,,,
BudRootDropping480,coconut-tree-disease,Dataset/Coconut Tree Disease Dataset/Bud Root Dropping/BudRootDropping480.jpg,budroot,5_petiole,,,,2,,,,,
BudRootDropping481,coconut-tree-disease,Dataset/Coconut Tree Disease Dataset/Bud Root Dropping/BudRootDropping481.jpg,budroot,5_petiole,,,,1,,,,,
BudRootDropping482,coconut-tree-disease,Dataset/Coconut Tree Disease Dataset/Bud Root Dropping/BudRootDropping482.jpg,budroot,5_petiole,,,,4,,,,,
BudRootDropping483,coconut-tree-disease,Dataset/Coconut Tree Disease Dataset/Bud Root Dropping/BudRootDropping483.jpg,budroot,5_petiole,,,,1,,,,,
BudRootDropping484,coconut-tree-disease,Dataset/Coconut Tree Disease Dataset/Bud Root Dropping/BudRootDropping484.jpg,budroot,5_petiole,,,,0,,,,,
BudRootDropping485,coconut-tree-disease,Dataset/Coconut Tree Disease Dataset/Bud Root Dropping/BudRootDropping485.jpg,budroot,5_petiole,,,,2,,,,,
BudRootDropping486,coconut-tree-disease,Dataset/Coconut Tree Disease Dataset/Bud Root Dropping/BudRootDropping486.jpg,budroot,5_petiole,,,,4,,,,,
BudRootDropping487,coconut-tree-disease,Dataset/Coconut Tree Disease Dataset/Bud Root Dropping/BudRootDropping487.jpg,budroot,5_petiole,,,,0,,,,,
BudRootDropping488,coconut-tree-disease,Dataset/Coconut Tree Disease Dataset/Bud Root Dropping/BudRootDropping488.jpg,budroot,5_petiole,,,,4,,,,,
BudRootDropping489,coconut-tree-disease,Dataset/Coconut Tree Disease Dataset/Bud Root Dropping/BudRootDropping489.jpg,budroot,5_petiole,,,,2,,,,,
BudRootDropping490,coconut-tree-disease,Dataset/Coconut Tree Disease Dataset/Bud Root Dropping/BudRootDropping490.jpg,budroot,5_petiole,,,,0,,,,,
BudRootDropping491,coconut-tree-disease,Dataset/Coconut Tree Disease Dataset/Bud Root Dropping/BudRootDropping491.jpg,budroot,5_petiole,,,,3,,,,,
BudRootDropping492,coconut-tree-disease,Dataset/Coconut Tree Disease Dataset/Bud Root Dropping/BudRootDropping492.jpg,budroot,5_petiole,,,,4,,,,,
BudRootDropping493,coconut-tree-disease,Dataset/Coconut Tree Disease Dataset/Bud Root Dropping/BudRootDropping493.jpg,budroot,5_petiole,,,,2,,,,,
BudRootDropping494,coconut-tree-disease,Dataset/Coconut Tree Disease Dataset/Bud Root Dropping/BudRootDropping494.jpg,budroot,5_petiole,,,,2,,,,,
BudRootDropping495,coconut-tree-disease,Dataset/Coconut Tree Disease Dataset/Bud Root Dropping/BudRootDropping495.jpg,budroot,5_petiole,,,,3,,,,,
BudRootDropping496,coconut-tree-disease,Dataset/Coconut Tree Disease Dataset/Bud Root Dropping/BudRootDropping496.jpg,budroot,5_petiole,,,,3,,,,,
BudRootDropping497,coconut-tree-disease,Dataset/Coconut Tree Disease Dataset/Bud Root Dropping/BudRootDropping497.jpg,budroot,5_petiole,,,,2,,,,,
BudRootDropping498,coconut-tree-disease,Dataset/Coconut Tree Disease Dataset/Bud Root Dropping/BudRootDropping498.jpg,budroot,5_petiole,,,,3,,,,,
BudRootDropping499,coconut-tree-disease,Dataset/Coconut Tree Disease Dataset/Bud Root Dropping/BudRootDropping499.jpg,budroot,5_petiole,,,,2,,,,,
BudRootDropping500,coconut-tree-disease,Dataset/Coconut Tree Disease Dataset/Bud Root Dropping/BudRootDropping500.jpg,budroot,5_petiole,,,,1,,,,,
BudRootDropping501,coconut-tree-disease,Dataset/Coconut Tree Disease Dataset/Bud Root Dropping/BudRootDropping501.jpg,budroot,5_petiole,,,,2,,,,,
BudRootDropping502,coconut-tree-disease,Dataset/Coconut Tree Disease Dataset/Bud Root Dropping/BudRootDropping502.jpg,budroot,5_petiole,,,,4,,,,,
BudRootDropping503,coconut-tree-disease,Dataset/Coconut Tree Disease Dataset/Bud Root Dropping/BudRootDropping503.jpg,budroot,5_petiole,,,,1,,,,,
BudRootDropping504,coconut-tree-disease,Dataset/Coconut Tree Disease Dataset/Bud Root Dropping/BudRootDropping504.jpg,budroot,5_petiole,,,,4,,,,,
BudRootDropping505,coconut-tree-disease,Dataset/Coconut Tree Disease Dataset/Bud Root Dropping/BudRootDropping505.jpg,budroot,5_petiole,,,,4,,,,,
BudRootDropping506,coconut-tree-disease,Dataset/Coconut Tree Disease Dataset/Bud Root Dropping/BudRootDropping506.jpg,budroot,5_petiole,,,,2,,,,,
BudRootDropping507,coconut-tree-disease,Dataset/Coconut Tree Disease Dataset/Bud Root Dropping/BudRootDropping507.jpg,budroot,5_petiole,,,,2,,,,,
BudRootDropping508,coconut-tree-disease,Dataset/Coconut Tree Disease Dataset/Bud Root Dropping/BudRootDropping508.jpg,budroot,5_petiole,,,,1,,,,,
BudRootDropping509,coconut-tree-disease,Dataset/Coconut Tree Disease Dataset/Bud Root Dropping/BudRootDropping509.jpg,budroot,5_petiole,,,,0,,,,,
BudRootDropping510,coconut-tree-disease,Dataset/Coconut Tree Disease Dataset/Bud Root Dropping/BudRootDropping510.jpg,budroot,5_petiole,,,,1,,,,,
BudRootDropping511,coconut-tree-disease,Dataset/Coconut Tree Disease Dataset/Bud Root Dropping/BudRootDropping511.jpg,budroot,5_petiole,,,,2,,,,,
BudRootDropping512,coconut-tree-disease,Dataset/Coconut Tree Disease Dataset/Bud Root Dropping/BudRootDropping512.jpg,budroot,5_petiole,,,,4,,,,,
BudRootDropping513,coconut-tree-disease,Dataset/Coconut Tree Disease Dataset/Bud Root Dropping/BudRootDropping513.jpg,budroot,5_petiole,,,,1,,,,,
BudRootDropping514,coconut-tree-disease,Dataset/Coconut Tree Disease Dataset/Bud Root Dropping/BudRootDropping514.jpg,budroot,5_petiole,,,,3,,,,,
